_id,deviceId,ts,sampleCount,temp.avg,temp.min,temp.max,temp.last,humidity.avg,humidity.min,humidity.max,humidity.last,sound.avg,sound.max,sound.last,sound.event,comfort.avg,comfort.last,motion.samplesActive,motion.durationMs,light.avg,light.last,soundHist.QUIET,soundHist.LIGHT_ACTIVITY,soundHist.RESTLESS,soundHist.CRYING,lastRaw.temperature,lastRaw.humidity,lastRaw.sound_level,lastRaw.sound_event,lastRaw.motion,lastRaw.motion_duration,lastRaw.light,lastRaw.comfort
69eaffe9899ce378bc9d3f47,ESP32_GREENHOUSE_01,2026-04-24T05:30:17.789Z,14,30.62,30,30.9,30,66,66,66,66,62.6,122,55,CRYING,57.9,60,0,0,443.8,445,0,0,0,9,30,66,55,Light Activity,0,0,445,60
69eb0007899ce378bc9d3f52,ESP32_GREENHOUSE_01,2026-04-24T05:30:47.803Z,15,30.36,30,30.9,30.4,66,66,66,66,91.3,566,25,Quiet,57.5,60,0,0,446.3,448,0,0,0,3,30.4,66,25,Quiet,0,0,448,60
69eb0025899ce378bc9d3f56,ESP32_GREENHOUSE_01,2026-04-24T05:31:17.816Z,15,30.38,30,30.9,30.9,66,66,66,66,64.1,241,100,Quiet,58.4,56,0,0,449.8,451,0,0,0,6,30.9,66,100,CRYING,0,0,451,56
69eb0043899ce378bc9d3f57,ESP32_GREENHOUSE_01,2026-04-24T05:31:47.827Z,15,30.31,30,30.7,30.3,66,66,66,66,165.3,342,295,CRYING,54.7,50,0,0,452.5,452,0,0,0,15,30.3,66,295,CRYING,0,0,452,50
69eb0061899ce378bc9d3f58,ESP32_GREENHOUSE_01,2026-04-24T05:32:17.835Z,15,30.64,30,30.9,30.9,66,66,66,66,116.7,230,170,CRYING,55.6,53,0,0,453.6,454,0,0,0,15,30.9,66,170,CRYING,0,0,454,53
69eb007f899ce378bc9d3f59,ESP32_GREENHOUSE_01,2026-04-24T05:32:47.842Z,15,30.49,30.1,30.9,30.5,66,66,66,66,80.3,168,18,CRYING,57.5,60,0,0,454.6,455,0,0,0,15,30.5,66,18,CRYING,0,0,455,60
69eb009d899ce378bc9d3f5b,ESP32_GREENHOUSE_01,2026-04-24T05:33:17.857Z,15,30.58,30.1,30.9,30.9,66,66,66,66,21.7,30,30,Quiet,59.5,58,0,0,455.5,456,0,0,0,5,30.9,66,30,Quiet,0,0,456,58
69eb00bb899ce378bc9d3f5e,ESP32_GREENHOUSE_01,2026-04-24T05:33:47.857Z,15,30.49,30,30.9,30.5,66,66,66,66,37.1,212,29,Quiet,59.1,59,0,0,456.4,457,0,0,0,0,30.5,66,29,Quiet,0,0,457,59
69eb00d9899ce378bc9d3f64,ESP32_GREENHOUSE_01,2026-04-24T05:34:17.864Z,15,30.31,30,30.9,30.4,66,66,66,66,52.8,218,78,Quiet,59.1,58,0,0,457.5,458,0,0,0,0,30.4,66,78,Restless,0,0,458,58
69eb00f7899ce378bc9d3f69,ESP32_GREENHOUSE_01,2026-04-24T05:34:47.872Z,14,30.53,30,30.9,30.8,66,66,66,66,38.4,85,20,Quiet,59.1,59,0,0,457.9,458,0,0,0,0,30.8,66,20,Quiet,0,0,458,59
69eb0115899ce378bc9d3f6a,ESP32_GREENHOUSE_01,2026-04-24T05:35:17.884Z,15,30.47,30,30.9,30.2,66,66,66,66,26.8,41,17,Quiet,59.7,61,0,0,457.9,458,0,0,0,0,30.2,66,17,Quiet,0,0,458,61
69eb0133899ce378bc9d3f6b,ESP32_GREENHOUSE_01,2026-04-24T05:35:47.885Z,15,30.64,30,30.9,30.7,66,66,66,66,26.5,54,54,Quiet,59.1,58,0,0,457.1,457,0,0,0,0,30.7,66,54,Quiet,0,0,457,58
69eb0151899ce378bc9d3f6e,ESP32_GREENHOUSE_01,2026-04-24T05:36:17.890Z,15,30.55,30,30.9,30.9,66,66,66,66,34.1,231,25,Quiet,59.2,59,0,0,456.7,456,0,0,0,0,30.9,66,25,Quiet,0,0,456,59
69eb016f899ce378bc9d3f71,ESP32_GREENHOUSE_01,2026-04-24T05:36:47.900Z,15,30.38,30,30.9,30.5,66,66,66,66,35.8,63,26,Quiet,59.7,60,0,0,455.8,455,0,0,0,0,30.5,66,26,Quiet,0,0,455,60
69eb018d899ce378bc9d3f74,ESP32_GREENHOUSE_01,2026-04-24T05:37:17.900Z,15,30.39,30,30.9,30.1,66,66,66,66,36.7,82,52,Quiet,59.5,60,0,0,454.8,454,0,0,0,1,30.1,66,52,Quiet,0,0,454,60
69eb01ab899ce378bc9d3f7a,ESP32_GREENHOUSE_01,2026-04-24T05:37:47.910Z,15,30.34,30,30.8,30,66,66,66,66,46.5,77,46,Quiet,59.2,60,0,0,454.3,455,0,0,0,1,30,66,46,Quiet,0,0,455,60
69eb01c9899ce378bc9d3f83,ESP32_GREENHOUSE_01,2026-04-24T05:38:17.912Z,15,30.38,30,30.8,30.1,66,66,66,66,88,208,19,CRYING,57.5,61,0,0,454.4,454,0,0,0,9,30.1,66,19,Quiet,0,0,454,61
69eb01e7899ce378bc9d3f8a,ESP32_GREENHOUSE_01,2026-04-24T05:38:47.927Z,14,30.25,30,30.8,30.7,66,66,66,66,61.1,192,21,Quiet,58.9,59,0,0,452.5,452,0,0,0,5,30.7,66,21,Quiet,0,0,452,59
69eb0205899ce378bc9d3f95,ESP32_GREENHOUSE_01,2026-04-24T05:39:17.932Z,15,30.53,30,30.9,30.3,66,66,66,66,81.5,268,58,Quiet,57.2,59,0,0,450.6,450,0,0,0,3,30.3,66,58,CRYING,0,0,450,59
69eb0223899ce378bc9d3f9d,ESP32_GREENHOUSE_01,2026-04-24T05:39:47.935Z,15,30.49,30,30.9,30.9,66,66,66,66,69.5,179,163,Quiet,58,53,0,0,449.4,449,0,0,0,5,30.9,66,163,CRYING,0,0,449,53
69eb0241899ce378bc9d3f9e,ESP32_GREENHOUSE_01,2026-04-24T05:40:17.941Z,15,30.38,30.1,30.9,30.7,66,66,66,66,112.5,307,30,CRYING,56.5,59,0,0,450,451,0,0,0,15,30.7,66,30,CRYING,0,0,451,59
69eb025f899ce378bc9d3fa3,ESP32_GREENHOUSE_01,2026-04-24T05:40:47.952Z,15,30.42,30,30.9,30.1,66,66,66,66,99,197,84,CRYING,57,58,0,0,451.7,452,0,0,0,11,30.1,66,84,CRYING,0,0,452,58
69eb027d899ce378bc9d3fb0,ESP32_GREENHOUSE_01,2026-04-24T05:41:17.954Z,15,30.65,30.1,30.9,30.6,66,66,66,66,82.5,192,47,Restless,57,58,0,0,452.5,455,0,0,0,3,30.6,66,47,Quiet,0,0,455,58
69eb029b899ce378bc9d3fbd,ESP32_GREENHOUSE_01,2026-04-24T05:41:47.956Z,15,30.51,30,30.9,30.7,65.73,65,66,66,85.5,167,129,Quiet,57.3,55,0,0,455.3,456,0,0,0,4,30.7,66,129,CRYING,0,0,456,55
69eb02b9899ce378bc9d3fc8,ESP32_GREENHOUSE_01,2026-04-24T05:42:17.960Z,14,30.41,30,30.9,30.4,65.93,65,66,66,58.1,131,32,CRYING,58.9,60,0,0,455.8,457,0,0,0,6,30.4,66,32,Quiet,0,0,457,60
69eb02d7899ce378bc9d3fd2,ESP32_GREENHOUSE_01,2026-04-24T05:42:47.970Z,15,30.45,30,30.9,30.1,66,66,66,66,107.1,338,237,CRYING,56.5,52,0,0,457.5,458,0,0,0,8,30.1,66,237,CRYING,0,0,458,52
69eb02f5899ce378bc9d3fd3,ESP32_GREENHOUSE_01,2026-04-24T05:43:17.981Z,15,30.47,30,30.9,30.9,65.8,65,66,66,79.9,335,335,CRYING,57.6,46,0,0,459.1,461,0,0,0,15,30.9,66,335,CRYING,0,0,461,46
69eb0313899ce378bc9d3fd4,ESP32_GREENHOUSE_01,2026-04-24T05:43:47.982Z,15,30.49,30.2,30.9,30.9,66,66,66,66,142.3,310,58,CRYING,54.9,57,0,0,461.9,463,0,0,0,15,30.9,66,58,CRYING,0,0,463,57
69eb0331899ce378bc9d3fd5,ESP32_GREENHOUSE_01,2026-04-24T05:44:17.996Z,15,30.64,30.1,30.9,30.4,65.73,65,66,65,146.1,404,149,CRYING,54.7,56,0,0,463.7,465,0,0,0,15,30.4,65,149,CRYING,0,0,465,56
69eb034f899ce378bc9d3fd6,ESP32_GREENHOUSE_01,2026-04-24T05:44:47.997Z,15,30.5,30,30.9,30.4,65.4,65,66,65,172.1,464,369,CRYING,54.2,47,0,0,465.9,467,0,0,0,15,30.4,65,369,CRYING,0,0,467,47
69eb036e899ce378bc9d3fd7,ESP32_GREENHOUSE_01,2026-04-24T05:45:18.004Z,15,30.29,30,30.7,30.2,65,65,65,65,112.4,475,81,CRYING,57.5,59,0,0,467.9,469,0,0,0,15,30.2,65,81,CRYING,0,0,469,59
69eb038c899ce378bc9d3fd9,ESP32_GREENHOUSE_01,2026-04-24T05:45:48.011Z,15,30.51,30.1,30.9,30.4,65,65,65,65,38.5,176,24,CRYING,59.7,61,0,0,471,473,0,0,0,12,30.4,65,24,Quiet,0,0,473,61
69eb03aa899ce378bc9d3fdc,ESP32_GREENHOUSE_01,2026-04-24T05:46:18.016Z,14,30.45,30,30.9,30.9,65,65,65,65,102.1,200,145,CRYING,57.3,54,0,0,473,474,0,0,0,11,30.9,65,145,CRYING,0,0,474,54
69eb03c8899ce378bc9d3fdd,ESP32_GREENHOUSE_01,2026-04-24T05:46:48.021Z,15,30.32,30,30.9,30.3,65,65,65,65,118.3,238,202,CRYING,57.1,54,0,0,475,476,0,0,0,15,30.3,65,202,CRYING,0,0,476,54
69eb03e6899ce378bc9d3fde,ESP32_GREENHOUSE_01,2026-04-24T05:47:18.023Z,15,30.43,30.1,30.9,30.4,65,65,65,65,102.1,243,55,CRYING,57.4,59,0,0,477.3,478,0,0,0,15,30.4,65,55,CRYING,0,0,478,59
69eb0404899ce378bc9d3fdf,ESP32_GREENHOUSE_01,2026-04-24T05:47:48.030Z,15,30.51,30.1,30.9,30.4,65,65,65,65,124.5,332,23,CRYING,56.3,61,0,0,478.3,478,0,0,0,15,30.4,65,23,CRYING,0,0,478,61
69eb0422899ce378bc9d3fe0,ESP32_GREENHOUSE_01,2026-04-24T05:48:18.037Z,15,30.37,30,30.9,30.4,65,65,65,65,82.7,245,150,CRYING,58.4,56,0,0,477.9,478,0,0,0,15,30.4,65,150,CRYING,0,0,478,56
69eb0440899ce378bc9d3fe8,ESP32_GREENHOUSE_01,2026-04-24T05:48:48.037Z,15,30.45,30,30.9,30.8,65,65,65,65,108.1,430,47,CRYING,57.2,59,0,0,478,477,0,0,0,10,30.8,65,47,Quiet,0,0,477,59
69eb045e899ce378bc9d3ff1,ESP32_GREENHOUSE_01,2026-04-24T05:49:18.039Z,15,30.43,30,30.9,30.6,65,65,65,65,112.1,286,38,CRYING,57.1,59,0,0,477.3,477,0,0,0,11,30.6,65,38,CRYING,0,0,477,59
69eb047c899ce378bc9d3ffc,ESP32_GREENHOUSE_01,2026-04-24T05:49:48.042Z,15,30.57,30,30.9,30.9,65,65,65,65,106.6,272,74,CRYING,57,57,0,0,476.5,476,0,0,0,9,30.9,65,74,Restless,0,0,476,57
69eb049a899ce378bc9d4003,ESP32_GREENHOUSE_01,2026-04-24T05:50:18.052Z,14,30.36,30,30.8,30.2,65,65,65,65,96.1,368,55,CRYING,57.8,60,0,0,475.6,476,0,0,0,9,30.2,65,55,CRYING,0,0,476,60
69eb04b8899ce378bc9d4006,ESP32_GREENHOUSE_01,2026-04-24T05:50:48.057Z,15,30.6,30.1,30.9,30.7,65,65,65,65,151,258,148,CRYING,54.9,55,0,0,475.9,476,0,0,0,14,30.7,65,148,CRYING,0,0,476,55
69eb04d6899ce378bc9d4008,ESP32_GREENHOUSE_01,2026-04-24T05:51:18.071Z,15,30.42,30,30.8,30.6,65,65,65,65,36.1,52,16,CRYING,60.1,60,0,0,476.2,477,0,0,0,11,30.6,65,16,Quiet,0,0,477,60
69eb04f4899ce378bc9d400b,ESP32_GREENHOUSE_01,2026-04-24T05:51:48.071Z,15,30.39,30,30.7,30.6,65,65,65,65,96.3,445,34,Quiet,57.7,60,0,0,475.4,475,0,0,0,6,30.6,65,34,Quiet,0,0,475,60
69eb0512899ce378bc9d4012,ESP32_GREENHOUSE_01,2026-04-24T05:52:18.073Z,15,30.45,30,30.9,30.4,65,65,65,65,112.3,810,24,Quiet,57,61,0,0,475.1,476,0,0,0,7,30.4,65,24,Quiet,0,0,476,61
69eb0530899ce378bc9d4016,ESP32_GREENHOUSE_01,2026-04-24T05:52:48.087Z,15,30.5,30.1,30.9,30.1,65,65,65,65,270.3,889,371,CRYING,50.7,48,0,0,476,476,0,0,0,10,30.1,65,371,CRYING,0,0,476,48
69eb054e899ce378bc9d401c,ESP32_GREENHOUSE_01,2026-04-24T05:53:18.090Z,15,30.42,30,30.7,30,65,65,65,65,37.1,83,19,CRYING,60,62,0,0,476.6,477,0,0,0,9,30,65,19,Quiet,0,0,477,62
69eb056c899ce378bc9d4022,ESP32_GREENHOUSE_01,2026-04-24T05:53:48.095Z,14,30.43,30,30.9,30.8,65,65,65,65,144.4,713,182,Quiet,55.8,53,0,0,477.6,479,0,0,0,7,30.8,65,182,CRYING,0,0,479,53
69eb058a899ce378bc9d4029,ESP32_GREENHOUSE_01,2026-04-24T05:54:18.098Z,15,30.54,30,30.9,30.4,65,65,65,65,91.1,364,321,Quiet,57.6,49,0,0,479.7,481,0,0,0,5,30.4,65,321,CRYING,0,0,481,49
69eb05a8899ce378bc9d4031,ESP32_GREENHOUSE_01,2026-04-24T05:54:48.104Z,15,30.47,30,30.9,30.1,65,65,65,65,163.9,618,84,CRYING,55,59,0,0,481.9,483,0,0,0,10,30.1,65,84,CRYING,0,0,483,59
69eb05c6899ce378bc9d4039,ESP32_GREENHOUSE_01,2026-04-24T05:55:18.110Z,15,30.41,30,30.8,30.5,65,65,65,65,34.2,78,64,Quiet,60.1,59,0,0,483.7,484,0,0,0,4,30.5,65,64,Light Activity,0,0,484,59
69eb05e4899ce378bc9d403d,ESP32_GREENHOUSE_01,2026-04-24T05:55:48.122Z,15,30.47,30,30.9,30.8,65,65,65,65,170.1,626,73,CRYING,54.7,58,0,0,484,484,0,0,0,14,30.8,65,73,CRYING,0,0,484,58
69eb0602899ce378bc9d4044,ESP32_GREENHOUSE_01,2026-04-24T05:56:18.134Z,15,30.4,30,30.9,30.9,65,65,65,65,175.5,827,607,CRYING,54.6,36,0,0,484.9,486,0,0,0,11,30.9,65,607,CRYING,0,0,486,36
69eb0620899ce378bc9d4047,ESP32_GREENHOUSE_01,2026-04-24T05:56:48.147Z,15,30.48,30,30.9,30.6,65,65,65,65,244.4,749,749,CRYING,51.8,32,0,0,486.1,486,0,0,0,14,30.6,65,749,CRYING,0,0,486,32
69eb063e899ce378bc9d4049,ESP32_GREENHOUSE_01,2026-04-24T05:57:18.147Z,15,30.47,30,30.9,30.7,65,65,65,65,169.3,762,20,CRYING,54.7,60,0,0,486,486,0,0,0,14,30.7,65,20,Quiet,0,0,486,60
69eb065c899ce378bc9d404b,ESP32_GREENHOUSE_01,2026-04-24T05:57:48.150Z,14,30.42,30,30.9,30.1,65,65,65,65,300.4,1023,24,CRYING,49.7,61,0,0,485.9,486,0,0,0,10,30.1,65,24,CRYING,0,0,486,61
69eb067a899ce378bc9d4052,ESP32_GREENHOUSE_01,2026-04-24T05:58:18.152Z,15,30.4,30,30.9,30.2,65,65,65,65,125.6,544,38,Quiet,56.6,61,0,0,486.1,487,0,0,0,5,30.2,65,38,CRYING,0,0,487,61
69eb0698899ce378bc9d4059,ESP32_GREENHOUSE_01,2026-04-24T05:58:48.165Z,15,30.48,30,30.9,30.7,65,65,65,65,223.2,1023,215,CRYING,52.6,52,0,0,487,487,0,0,0,11,30.7,65,215,Restless,0,0,487,52
69eb06b6899ce378bc9d405b,ESP32_GREENHOUSE_01,2026-04-24T05:59:18.177Z,15,30.57,30,30.7,30,65,65,65,65,189.4,612,23,CRYING,53.7,62,0,0,487,487,0,0,0,15,30,65,23,CRYING,0,0,487,62
69eb06d4899ce378bc9d4061,ESP32_GREENHOUSE_01,2026-04-24T05:59:48.183Z,15,30.54,30,30.9,30.8,65,65,65,65,135.1,586,51,CRYING,55.8,58,0,0,486.9,487,0,0,0,12,30.8,65,51,CRYING,0,0,487,58
69eb06f2899ce378bc9d4066,ESP32_GREENHOUSE_01,2026-04-24T06:00:18.191Z,15,30.31,30,30.9,30.2,65,65,65,65,121.6,669,32,CRYING,56.9,61,0,0,487.1,487,0,0,0,8,30.2,65,32,Quiet,0,0,487,61
69eb0710899ce378bc9d406c,ESP32_GREENHOUSE_01,2026-04-24T06:00:48.201Z,15,30.27,30,30.9,30.3,65,65,65,65,74.5,289,27,CRYING,59,61,0,0,486,484,0,0,0,9,30.3,65,27,Quiet,0,0,484,61
69eb072e899ce378bc9d406f,ESP32_GREENHOUSE_01,2026-04-24T06:01:18.206Z,15,30.37,30,30.8,30.6,65,65,65,65,24.9,70,16,Quiet,60.7,60,0,0,484.7,486,0,0,0,0,30.6,65,16,Quiet,0,0,486,60
69eb074c899ce378bc9d4070,ESP32_GREENHOUSE_01,2026-04-24T06:01:48.211Z,14,30.52,30,30.9,30.4,65,65,65,65,22,38,15,Quiet,60.4,61,0,0,485.3,483,0,0,0,0,30.4,65,15,Quiet,0,0,483,61
69eb076a899ce378bc9d4071,ESP32_GREENHOUSE_01,2026-04-24T06:02:18.213Z,15,30.43,30,30.8,30.6,65,65,65,65,27.9,53,53,Quiet,60.5,59,0,0,480.9,480,0,0,0,0,30.6,65,53,Quiet,0,0,480,59
69eb0788899ce378bc9d407e,ESP32_GREENHOUSE_01,2026-04-24T06:02:48.227Z,15,30.42,30,30.9,30.5,64.93,64,65,65,60.5,173,22,Quiet,58.9,60,0,0,481.4,483,0,0,0,3,30.5,65,22,Quiet,0,0,483,60
69eb07a6899ce378bc9d4084,ESP32_GREENHOUSE_01,2026-04-24T06:03:18.241Z,15,30.43,30,30.9,30.2,65,65,65,65,41.5,166,29,Quiet,59.8,61,0,0,484.9,485,0,0,0,2,30.2,65,29,Quiet,0,0,485,61
69eb07c4899ce378bc9d4087,ESP32_GREENHOUSE_01,2026-04-24T06:03:48.253Z,15,30.42,30,30.8,30.3,65,65,65,65,29.5,65,30,Quiet,60.2,61,0,0,484.5,484,0,0,0,0,30.3,65,30,Quiet,0,0,484,61
69eb07e2899ce378bc9d4088,ESP32_GREENHOUSE_01,2026-04-24T06:04:18.264Z,15,30.39,30,30.8,30.7,65,65,65,65,27,38,21,Quiet,60.6,60,0,0,483,482,0,0,0,0,30.7,65,21,Quiet,0,0,482,60
69eb0800899ce378bc9d4089,ESP32_GREENHOUSE_01,2026-04-24T06:04:48.269Z,15,30.43,30,30.8,30.2,65,65,65,65,26.8,44,27,Quiet,60.4,61,0,0,481.3,480,0,0,0,0,30.2,65,27,Quiet,0,0,480,61
69eb081e899ce378bc9d408a,ESP32_GREENHOUSE_01,2026-04-24T06:05:18.271Z,14,30.54,30,30.9,30.9,65,65,65,65,24.6,39,24,Quiet,60.2,59,0,0,479.6,480,0,0,0,0,30.9,65,24,Quiet,0,0,480,59
69eb083c899ce378bc9d408b,ESP32_GREENHOUSE_01,2026-04-24T06:05:48.274Z,15,30.39,30,30.9,30.1,65,65,65,65,28.3,39,30,Quiet,60.4,61,0,0,480.9,481,0,0,0,0,30.1,65,30,Quiet,0,0,481,61
69eb085a899ce378bc9d408c,ESP32_GREENHOUSE_01,2026-04-24T06:06:18.282Z,15,30.47,30,30.8,30.8,65,65,65,65,27.9,41,19,Quiet,60.3,60,0,0,482,482,0,0,0,0,30.8,65,19,Quiet,0,0,482,60
69eb0878899ce378bc9d408d,ESP32_GREENHOUSE_01,2026-04-24T06:06:48.284Z,15,30.62,30,30.9,30,65,65,65,65,24.3,47,47,Quiet,59.9,61,0,0,482.3,482,0,0,0,0,30,65,47,Quiet,0,0,482,61
69eb0896899ce378bc9d408e,ESP32_GREENHOUSE_01,2026-04-24T06:07:18.293Z,15,30.34,30,30.7,30.4,65,65,65,65,22.9,39,25,Quiet,60.7,61,0,0,482.1,482,0,0,0,0,30.4,65,25,Quiet,0,0,482,61
69eb08b4899ce378bc9d408f,ESP32_GREENHOUSE_01,2026-04-24T06:07:48.300Z,15,30.45,30.1,30.9,30.6,65,65,65,65,25,36,27,Quiet,60.3,60,0,0,481.1,481,0,0,0,0,30.6,65,27,Quiet,0,0,481,60
69eb08d2899ce378bc9d4090,ESP32_GREENHOUSE_01,2026-04-24T06:08:18.302Z,15,30.34,30,30.8,30.4,65,65,65,65,24.8,43,41,Quiet,60.7,60,0,0,479.5,479,0,0,0,0,30.4,65,41,Quiet,0,0,479,60
69eb08f0899ce378bc9d4091,ESP32_GREENHOUSE_01,2026-04-24T06:08:48.303Z,15,30.53,30,30.9,30.8,65,65,65,65,22.1,44,16,Quiet,60.4,60,0,0,478.3,478,0,0,0,0,30.8,65,16,Quiet,0,0,478,60
69eb090e899ce378bc9d4092,ESP32_GREENHOUSE_01,2026-04-24T06:09:18.305Z,14,30.34,30,30.9,30.7,64.57,64,65,64,22.4,36,18,Quiet,61.1,61,0,0,477.4,477,0,0,0,0,30.7,64,18,Quiet,0,0,477,61
69eb092c899ce378bc9d4093,ESP32_GREENHOUSE_01,2026-04-24T06:09:48.308Z,15,30.55,30,30.8,30,64,64,64,64,26.3,41,29,Quiet,60.6,62,0,0,476.1,476,0,0,0,0,30,64,29,Quiet,0,0,476,62
69eb094a899ce378bc9d4094,ESP32_GREENHOUSE_01,2026-04-24T06:10:18.321Z,15,30.57,30.1,30.8,30.4,64.07,64,65,64,25.7,39,22,Quiet,60.6,61,0,0,474.9,475,0,0,0,0,30.4,64,22,Quiet,0,0,475,61
69eb0968899ce378bc9d4095,ESP32_GREENHOUSE_01,2026-04-24T06:10:48.332Z,15,30.46,30.1,30.9,30.5,64,64,64,64,24.9,32,21,Quiet,61,61,0,0,474.5,475,0,0,0,0,30.5,64,21,Quiet,0,0,475,61
69eb0986899ce378bc9d409b,ESP32_GREENHOUSE_01,2026-04-24T06:11:18.344Z,15,30.38,30,30.9,30.9,64,64,64,64,36,81,56,Quiet,60.9,59,0,0,474.3,474,0,0,0,0,30.9,64,56,Light Activity,0,0,474,59
69eb09a4899ce378bc9d40a1,ESP32_GREENHOUSE_01,2026-04-24T06:11:48.349Z,15,30.39,30,30.8,30.7,64,64,64,64,37.9,71,30,Quiet,60.6,60,0,0,473.7,473,0,0,0,0,30.7,64,30,Quiet,0,0,473,60
69eb09c2899ce378bc9d40a4,ESP32_GREENHOUSE_01,2026-04-24T06:12:18.354Z,15,30.45,30,30.9,30.2,64,64,64,64,31.7,73,23,Quiet,60.8,62,0,0,473.1,473,0,0,0,0,30.2,64,23,Quiet,0,0,473,62
69eb09e0899ce378bc9d40a5,ESP32_GREENHOUSE_01,2026-04-24T06:12:48.355Z,15,30.45,30,30.9,30.9,64,64,64,64,26,39,22,Quiet,60.9,60,0,0,472,471,0,0,0,0,30.9,64,22,Quiet,0,0,471,60
69eb09fe899ce378bc9d40a6,ESP32_GREENHOUSE_01,2026-04-24T06:13:18.363Z,14,30.36,30,30.9,30.9,64,64,64,64,33.9,43,34,Quiet,60.9,59,0,0,471.4,471,0,0,0,0,30.9,64,34,Quiet,0,0,471,59
69eb0a1c899ce378bc9d40ac,ESP32_GREENHOUSE_01,2026-04-24T06:13:48.373Z,15,30.3,30,30.7,30.4,64,64,64,64,39.2,67,17,Quiet,60.9,61,0,0,470.9,471,0,0,0,1,30.4,64,17,Quiet,0,0,471,61
69eb0a3a899ce378bc9d40ad,ESP32_GREENHOUSE_01,2026-04-24T06:14:18.376Z,15,30.48,30.1,30.9,30.4,64,64,64,64,22.9,33,33,Quiet,61,61,0,0,470.3,470,0,0,0,0,30.4,64,33,Quiet,0,0,470,61
69eb0a58899ce378bc9d40ae,ESP32_GREENHOUSE_01,2026-04-24T06:14:48.377Z,15,30.43,30,30.9,30,64,64,64,64,25.7,40,18,Quiet,61,63,0,0,470,470,0,0,0,0,30,64,18,Quiet,0,0,470,63
69eb0a76899ce378bc9d40af,ESP32_GREENHOUSE_01,2026-04-24T06:15:18.389Z,15,30.47,30.1,30.9,30.5,64,64,64,64,26.1,35,25,Quiet,60.8,61,0,0,469.4,471,0,0,0,0,30.5,64,25,Quiet,0,0,471,61
69eb0a94899ce378bc9d40b0,ESP32_GREENHOUSE_01,2026-04-24T06:15:48.389Z,15,30.49,30,30.9,30.3,64,64,64,64,23.3,34,19,Quiet,60.9,62,0,0,468.7,468,0,0,0,0,30.3,64,19,Quiet,0,0,468,62
69eb0ab2899ce378bc9d40b1,ESP32_GREENHOUSE_01,2026-04-24T06:16:18.401Z,15,30.41,30,30.9,30.3,63.6,63,64,63,31.6,54,22,Quiet,61.1,62,0,0,467.2,466,0,0,0,0,30.3,63,22,Quiet,0,0,466,62
69eb0ad0899ce378bc9d40b4,ESP32_GREENHOUSE_01,2026-04-24T06:16:48.414Z,14,30.46,30,30.9,30.6,63,63,63,63,34.5,85,24,Quiet,61.2,61,0,0,466.1,465,0,0,0,0,30.6,63,24,Quiet,0,0,465,61
69eb0aee899ce378bc9d40b5,ESP32_GREENHOUSE_01,2026-04-24T06:17:18.422Z,15,30.37,30,30.9,30.1,63,63,63,63,27.7,36,36,Quiet,61.7,62,0,0,465.5,464,0,0,0,0,30.1,63,36,Quiet,0,0,464,62
69eb0b0c899ce378bc9d40b8,ESP32_GREENHOUSE_01,2026-04-24T06:17:48.437Z,15,30.41,30,30.8,30.8,63,63,63,63,36.3,55,19,Quiet,61.3,61,0,0,463.4,462,0,0,0,0,30.8,63,19,Quiet,0,0,462,61
69eb0b2a899ce378bc9d40ba,ESP32_GREENHOUSE_01,2026-04-24T06:18:18.448Z,15,30.35,30,30.8,30.3,63,63,63,63,82.5,261,89,Quiet,59.7,60,0,0,461.7,461,0,0,0,7,30.3,63,89,CRYING,0,0,461,60
69eb0b48899ce378bc9d40c0,ESP32_GREENHOUSE_01,2026-04-24T06:18:48.448Z,15,30.47,30.1,30.8,30.1,63,63,63,63,44.9,91,29,Quiet,60.8,62,0,0,460.2,460,0,0,0,4,30.1,63,29,Quiet,0,0,460,62
69eb0b66899ce378bc9d40c1,ESP32_GREENHOUSE_01,2026-04-24T06:19:18.449Z,15,30.47,30,30.9,30.8,63,63,63,63,26.7,35,32,Quiet,61.5,60,0,0,458.9,458,0,0,0,0,30.8,63,32,Quiet,0,0,458,60
69eb0b84899ce378bc9d40c2,ESP32_GREENHOUSE_01,2026-04-24T06:19:48.464Z,15,30.35,30,30.9,30.1,63,63,63,63,29.6,48,34,Quiet,61.8,62,0,0,457.6,457,0,0,0,0,30.1,63,34,Quiet,0,0,457,62
69eb0ba2899ce378bc9d40c5,ESP32_GREENHOUSE_01,2026-04-24T06:20:18.466Z,15,30.44,30.1,30.8,30.6,63,63,63,63,35.7,67,39,Quiet,61.4,61,0,0,457,457,0,0,0,0,30.6,63,39,Quiet,0,0,457,61
69eb0bc0899ce378bc9d40c6,ESP32_GREENHOUSE_01,2026-04-24T06:20:48.475Z,14,30.48,30,30.7,30.7,63,63,63,63,31.6,50,44,Quiet,61.3,60,0,0,457.6,457,0,0,0,0,30.7,63,44,Quiet,0,0,457,60
69eb0bde899ce378bc9d40cb,ESP32_GREENHOUSE_01,2026-04-24T06:21:18.475Z,15,30.53,30.1,30.9,30.3,63,63,63,63,75.1,789,14,Quiet,59.3,62,0,0,453.2,453,0,0,0,1,30.3,63,14,Quiet,0,0,453,62
69eb0bfc899ce378bc9d40cc,ESP32_GREENHOUSE_01,2026-04-24T06:21:48.483Z,15,30.37,30,30.9,30.9,63,63,63,63,25,45,30,Quiet,61.9,60,0,0,452.7,453,0,0,0,0,30.9,63,30,Quiet,0,0,453,60
69eb0c1a899ce378bc9d40d3,ESP32_GREENHOUSE_01,2026-04-24T06:22:18.487Z,15,30.38,30,30.8,30.5,63,63,63,63,42.1,86,28,Quiet,61.1,61,0,0,452.7,453,0,0,0,0,30.5,63,28,Quiet,0,0,453,61
69eb0c38899ce378bc9d40d4,ESP32_GREENHOUSE_01,2026-04-24T06:22:48.491Z,15,30.39,30.1,30.9,30.2,63,63,63,63,21.2,29,14,Quiet,61.9,63,0,0,452.9,453,0,0,0,0,30.2,63,14,Quiet,0,0,453,63
69eb0c56899ce378bc9d40d5,ESP32_GREENHOUSE_01,2026-04-24T06:23:18.493Z,15,30.35,30,30.9,30.7,63,63,63,63,25,47,19,Quiet,61.9,61,0,0,452.9,453,0,0,0,0,30.7,63,19,Quiet,0,0,453,61
69eb0c74899ce378bc9d40d6,ESP32_GREENHOUSE_01,2026-04-24T06:23:48.506Z,15,30.47,30,30.9,30.2,63,63,63,63,23.1,45,22,Quiet,61.6,62,0,0,452.5,453,0,0,0,0,30.2,63,22,Quiet,0,0,453,62
69eb0c92899ce378bc9d40d7,ESP32_GREENHOUSE_01,2026-04-24T06:24:18.509Z,14,30.34,30,30.8,30.4,63,63,63,63,30.1,47,42,Quiet,61.8,61,0,0,452,452,0,0,0,0,30.4,63,42,Quiet,0,0,452,61
69eb0cb0899ce378bc9d40d8,ESP32_GREENHOUSE_01,2026-04-24T06:24:48.509Z,15,30.44,30,30.9,30.4,63,63,63,63,29.5,44,37,Quiet,61.5,61,0,0,451.3,451,0,0,0,0,30.4,63,37,Quiet,0,0,451,61
69eb0cce899ce378bc9d40d9,ESP32_GREENHOUSE_01,2026-04-24T06:25:18.523Z,15,30.51,30.1,30.9,30.4,63,63,63,63,25.5,35,16,Quiet,61.4,62,0,0,450.9,450,0,0,0,0,30.4,63,16,Quiet,0,0,450,62
69eb0cec899ce378bc9d40da,ESP32_GREENHOUSE_01,2026-04-24T06:25:48.537Z,15,30.45,30.1,30.8,30.4,63,63,63,63,22.5,30,14,Quiet,61.7,62,0,0,450.3,450,0,0,0,0,30.4,63,14,Quiet,0,0,450,62
69eb0d0a899ce378bc9d40db,ESP32_GREENHOUSE_01,2026-04-24T06:26:18.550Z,15,30.46,30,30.9,30.9,63,63,63,63,23.6,40,27,Quiet,61.7,60,0,0,450.1,450,0,0,0,0,30.9,63,27,Quiet,0,0,450,60
69eb0d28899ce378bc9d40dc,ESP32_GREENHOUSE_01,2026-04-24T06:26:48.559Z,15,30.45,30,30.9,30.5,63,63,63,63,23.6,37,22,Quiet,61.7,62,0,0,450.2,450,0,0,0,0,30.5,63,22,Quiet,0,0,450,62
69eb0d46899ce378bc9d40dd,ESP32_GREENHOUSE_01,2026-04-24T06:27:18.564Z,15,30.46,30,30.9,30.3,63,63,63,63,21.9,29,29,Quiet,61.7,62,0,0,450.5,451,0,0,0,0,30.3,63,29,Quiet,0,0,451,62
69eb0d64899ce378bc9d40de,ESP32_GREENHOUSE_01,2026-04-24T06:27:48.566Z,15,30.45,30.1,30.9,30.2,63,63,63,63,23.8,55,17,Quiet,61.7,63,0,0,451.1,452,0,0,0,0,30.2,63,17,Quiet,0,0,452,63
69eb0d82899ce378bc9d40df,ESP32_GREENHOUSE_01,2026-04-24T06:28:18.577Z,14,30.61,30.2,30.9,30.8,63,63,63,63,18.9,23,17,Quiet,61.4,61,0,0,451.6,452,0,0,0,0,30.8,63,17,Quiet,0,0,452,61
69eb0da0899ce378bc9d40e0,ESP32_GREENHOUSE_01,2026-04-24T06:28:48.581Z,15,30.47,30,30.8,30.3,63,63,63,63,25.7,38,31,Quiet,61.7,62,0,0,451.8,452,0,0,0,0,30.3,63,31,Quiet,0,0,452,62
69eb0dbe899ce378bc9d40e1,ESP32_GREENHOUSE_01,2026-04-24T06:29:18.595Z,15,30.51,30,30.9,30.7,63,63,63,63,30.5,38,31,Quiet,61.3,61,0,0,451.2,451,0,0,0,0,30.7,63,31,Quiet,0,0,451,61
69eb0ddc899ce378bc9d40e4,ESP32_GREENHOUSE_01,2026-04-24T06:29:48.604Z,15,30.35,30.1,30.8,30.7,63,63,63,63,48.3,242,24,Quiet,61.1,61,0,0,450.9,451,0,0,0,2,30.7,63,24,Quiet,0,0,451,61
69eb0dfa899ce378bc9d40e5,ESP32_GREENHOUSE_01,2026-04-24T06:30:18.610Z,15,30.45,30,30.9,30.3,63,63,63,63,25.2,45,35,Quiet,61.7,62,0,0,450.5,450,0,0,0,0,30.3,63,35,Quiet,0,0,450,62
69eb0e18899ce378bc9d40e8,ESP32_GREENHOUSE_01,2026-04-24T06:30:48.612Z,15,30.35,30,30.8,30.5,63,63,63,63,30.2,69,29,Quiet,61.7,61,0,0,449.7,450,0,0,0,0,30.5,63,29,Quiet,0,0,450,61
69eb0e36899ce378bc9d40e9,ESP32_GREENHOUSE_01,2026-04-24T06:31:18.613Z,15,30.47,30,30.9,30,63,63,63,63,21.8,27,26,Quiet,61.6,63,0,0,448.7,448,0,0,0,0,30,63,26,Quiet,0,0,448,63
69eb0e54899ce378bc9d40ea,ESP32_GREENHOUSE_01,2026-04-24T06:31:48.621Z,14,30.44,30.1,30.8,30.5,63,63,63,63,21.2,31,17,Quiet,61.9,62,0,0,447.5,447,0,0,0,0,30.5,63,17,Quiet,0,0,447,62
69eb0e72899ce378bc9d40eb,ESP32_GREENHOUSE_01,2026-04-24T06:32:18.621Z,15,30.47,30,30.9,30.9,63,63,63,63,21.1,35,24,Quiet,61.6,60,0,0,447.1,447,0,0,0,0,30.9,63,24,Quiet,0,0,447,60
69eb0e90899ce378bc9d40ec,ESP32_GREENHOUSE_01,2026-04-24T06:32:48.629Z,15,30.47,30,30.9,30.4,63,63,63,63,23.3,27,20,Quiet,61.7,62,0,0,447,447,0,0,0,0,30.4,63,20,Quiet,0,0,447,62
69eb0eae899ce378bc9d40ed,ESP32_GREENHOUSE_01,2026-04-24T06:33:18.632Z,15,30.32,30,30.8,30.3,63,63,63,63,23.9,39,39,Quiet,62.1,62,0,0,446.4,446,0,0,0,0,30.3,63,39,Quiet,0,0,446,62
69eb0ecc899ce378bc9d40ee,ESP32_GREENHOUSE_01,2026-04-24T06:33:48.636Z,15,30.55,30,30.9,30.8,63,63,63,63,26.7,37,31,Quiet,61.1,60,0,0,446.3,446,0,0,0,0,30.8,63,31,Quiet,0,0,446,60
69eb0eea899ce378bc9d40ef,ESP32_GREENHOUSE_01,2026-04-24T06:34:18.640Z,15,30.35,30,30.9,30.3,63,63,63,63,28.6,46,36,Quiet,61.8,62,0,0,446.3,446,0,0,0,0,30.3,63,36,Quiet,0,0,446,62
69eb0f08899ce378bc9d40f4,ESP32_GREENHOUSE_01,2026-04-24T06:34:48.652Z,15,30.47,30.1,30.9,30.3,63,63,63,63,40.6,82,21,Quiet,60.9,62,0,0,446.2,447,0,0,0,0,30.3,63,21,Quiet,0,0,447,62
69eb0f26899ce378bc9d40f5,ESP32_GREENHOUSE_01,2026-04-24T06:35:18.659Z,15,30.42,30,30.9,30,63,63,63,63,25.1,40,19,Quiet,61.7,63,0,0,445.7,446,0,0,0,0,30,63,19,Quiet,0,0,446,63
69eb0f44899ce378bc9d40f6,ESP32_GREENHOUSE_01,2026-04-24T06:35:48.672Z,14,30.46,30,30.9,30.9,63,63,63,63,27.1,44,19,Quiet,61.5,61,0,0,445.4,445,0,0,0,0,30.9,63,19,Quiet,0,0,445,61
69eb0f62899ce378bc9d40f7,ESP32_GREENHOUSE_01,2026-04-24T06:36:18.674Z,15,30.51,30,30.9,30.7,63,63,63,63,27.8,37,34,Quiet,61.4,61,0,0,445.3,446,0,0,0,0,30.7,63,34,Quiet,0,0,446,61
69eb0f80899ce378bc9d40ff,ESP32_GREENHOUSE_01,2026-04-24T06:36:48.687Z,15,30.42,30,30.8,30.3,63,63,63,63,50.1,72,23,Quiet,60.7,62,0,0,445.1,445,0,0,0,3,30.3,63,23,Quiet,0,0,445,62
69eb0f9e899ce378bc9d4100,ESP32_GREENHOUSE_01,2026-04-24T06:37:18.698Z,15,30.51,30.1,30.9,30.6,63,63,63,63,24.9,34,33,Quiet,61.5,61,0,0,445.3,446,0,0,0,0,30.6,63,33,Quiet,0,0,446,61
69eb0fbc899ce378bc9d4101,ESP32_GREENHOUSE_01,2026-04-24T06:37:48.706Z,15,30.35,30,30.9,30.8,63,63,63,63,31.1,48,21,Quiet,61.7,61,0,0,445.3,445,0,0,0,0,30.8,63,21,Quiet,0,0,445,61
69eb0fda899ce378bc9d4104,ESP32_GREENHOUSE_01,2026-04-24T06:38:18.712Z,15,30.61,30,30.9,30.6,63,63,63,63,32.9,60,43,Quiet,60.9,61,0,0,444.9,443,0,0,0,0,30.6,63,43,Quiet,0,0,443,61
69eb0ff8899ce378bc9d4108,ESP32_GREENHOUSE_01,2026-04-24T06:38:48.718Z,15,30.43,30,30.9,30,63,63,63,63,35.2,64,57,Quiet,61.3,62,0,0,444.7,446,0,0,0,0,30,63,57,Light Activity,0,0,446,62
69eb1016899ce378bc9d410a,ESP32_GREENHOUSE_01,2026-04-24T06:39:18.722Z,15,30.45,30,30.8,30.6,63,63,63,63,25.3,49,13,Quiet,61.7,62,0,0,445.1,445,0,0,0,0,30.6,63,13,Quiet,0,0,445,62
69eb1034899ce378bc9d4110,ESP32_GREENHOUSE_01,2026-04-24T06:39:48.731Z,14,30.47,30.1,30.9,30.9,63,63,63,63,47.4,188,69,Quiet,60.8,59,0,0,442.9,443,0,0,0,3,30.9,63,69,Light Activity,0,0,443,59
69eb1052899ce378bc9d4118,ESP32_GREENHOUSE_01,2026-04-24T06:40:18.738Z,15,30.49,30,30.9,30.7,63,63,63,63,48.8,132,69,Quiet,60.6,59,0,0,445.1,446,0,0,0,1,30.7,63,69,Light Activity,0,0,446,59
69eb1070899ce378bc9d411c,ESP32_GREENHOUSE_01,2026-04-24T06:40:48.741Z,15,30.45,30,30.8,30.8,63,63,63,63,35.9,82,29,Quiet,61.4,61,0,0,444.5,444,0,0,0,0,30.8,63,29,Quiet,0,0,444,61
69eb108e899ce378bc9d4121,ESP32_GREENHOUSE_01,2026-04-24T06:41:18.756Z,15,30.42,30,30.7,30.3,63,63,63,63,52.6,181,33,Quiet,60.7,62,0,0,442.3,443,0,0,0,4,30.3,63,33,Quiet,0,0,443,62
69eb10ac899ce378bc9d4122,ESP32_GREENHOUSE_01,2026-04-24T06:41:48.765Z,15,30.57,30.1,30.9,30.7,63,63,63,63,26.9,38,25,Quiet,61.2,61,0,0,439.5,438,0,0,0,0,30.7,63,25,Quiet,0,0,438,61
69eb10ca899ce378bc9d4127,ESP32_GREENHOUSE_01,2026-04-24T06:42:18.766Z,15,30.53,30,30.9,30.7,63,63,63,63,41.8,159,40,Quiet,60.7,60,0,0,441.7,442,0,0,0,2,30.7,63,40,Quiet,0,0,442,60
69eb10e8899ce378bc9d412c,ESP32_GREENHOUSE_01,2026-04-24T06:42:48.776Z,15,30.49,30,30.9,30.8,63,63,63,63,37.4,122,34,Quiet,61,60,0,0,442,443,0,0,0,2,30.8,63,34,Quiet,0,0,443,60
69eb1106899ce378bc9d412f,ESP32_GREENHOUSE_01,2026-04-24T06:43:18.786Z,14,30.49,30,30.9,30.8,63,63,63,63,28.1,103,26,Quiet,61.5,61,0,0,445.1,446,0,0,0,1,30.8,63,26,Quiet,0,0,446,61
69eb1124899ce378bc9d4136,ESP32_GREENHOUSE_01,2026-04-24T06:43:48.793Z,15,30.47,30,30.9,30.1,63,63,63,63,44.2,109,23,Quiet,60.9,63,0,0,444.7,445,0,0,0,2,30.1,63,23,Quiet,0,0,445,63
69eb1142899ce378bc9d413e,ESP32_GREENHOUSE_01,2026-04-24T06:44:18.802Z,15,30.48,30.1,30.9,30.1,63,63,63,63,65.1,278,278,Quiet,59.9,53,0,0,444.4,444,0,0,0,3,30.1,63,278,CRYING,0,0,444,53
69eb1160899ce378bc9d4140,ESP32_GREENHOUSE_01,2026-04-24T06:44:48.808Z,15,30.44,30,30.9,30.9,63,63,63,63,29.1,49,26,Quiet,61.4,60,0,0,443.7,443,0,0,0,0,30.9,63,26,Quiet,0,0,443,60
69eb117e899ce378bc9d4142,ESP32_GREENHOUSE_01,2026-04-24T06:45:18.810Z,15,30.27,30,30.8,30.5,63,63,63,63,32.1,73,73,Quiet,61.9,60,0,0,443.1,443,0,0,0,0,30.5,63,73,Light Activity,0,0,443,60
69eb119c899ce378bc9d414b,ESP32_GREENHOUSE_01,2026-04-24T06:45:48.816Z,15,30.42,30,30.9,30.3,63,63,63,63,63.5,125,105,CRYING,60.1,59,0,0,444.2,445,0,0,0,8,30.3,63,105,CRYING,0,0,445,59
69eb11ba899ce378bc9d4151,ESP32_GREENHOUSE_01,2026-04-24T06:46:18.821Z,15,30.39,30,30.8,30.2,62.8,62,63,63,46.9,217,41,Quiet,61.1,62,0,0,446.1,446,0,0,0,1,30.2,63,41,Quiet,0,0,446,62
69eb11d8899ce378bc9d4154,ESP32_GREENHOUSE_01,2026-04-24T06:46:48.828Z,15,30.46,30.1,30.9,30.1,63,63,63,63,32.3,82,52,Quiet,61.3,62,0,0,447.1,447,0,0,0,0,30.1,63,52,Quiet,0,0,447,62
69eb11f6899ce378bc9d4156,ESP32_GREENHOUSE_01,2026-04-24T06:47:18.837Z,14,30.44,30.1,30.9,30.2,63,63,63,63,49.5,263,90,Quiet,60.8,60,0,0,447.4,443,0,0,0,3,30.2,63,90,CRYING,0,0,443,60
69eb1214899ce378bc9d415d,ESP32_GREENHOUSE_01,2026-04-24T06:47:48.850Z,15,30.49,30,30.8,30.6,63,63,63,63,75.6,241,50,CRYING,59.7,60,0,0,444.1,443,0,0,0,9,30.6,63,50,Quiet,0,0,443,60
69eb1232899ce378bc9d4165,ESP32_GREENHOUSE_01,2026-04-24T06:48:18.863Z,15,30.56,30.1,30.9,30.7,63,63,63,63,57.3,144,52,Quiet,60.1,60,0,0,447.8,450,0,0,0,5,30.7,63,52,Quiet,0,0,450,60
69eb1250899ce378bc9d416d,ESP32_GREENHOUSE_01,2026-04-24T06:48:48.864Z,15,30.39,30,30.9,30.7,63,63,63,63,111.4,764,25,Quiet,58.4,61,0,0,449.1,447,0,0,0,5,30.7,63,25,Quiet,0,0,447,61
69eb126e899ce378bc9d4176,ESP32_GREENHOUSE_01,2026-04-24T06:49:18.869Z,15,30.42,30,30.8,30.4,63,63,63,63,86.1,314,108,CRYING,59.4,59,5,0,433.8,423,0,0,0,9,30.4,63,108,CRYING,1,0,423,59
69eb128c899ce378bc9d417e,ESP32_GREENHOUSE_01,2026-04-24T06:49:48.882Z,15,30.43,30,30.9,30.2,63,63,63,63,64.3,147,89,CRYING,60.3,60,10,0,327.6,354,0,0,0,10,30.2,63,89,CRYING,0,0,354,60
69eb12aa899ce378bc9d4182,ESP32_GREENHOUSE_01,2026-04-24T06:50:18.888Z,15,30.83,30,31.9,31.8,62.6,62,63,62,95.4,281,15,CRYING,58.1,59,0,0,359.3,362,0,0,0,10,31.8,62,15,Quiet,0,0,362,59
69eb12c8899ce378bc9d4188,ESP32_GREENHOUSE_01,2026-04-24T06:50:48.901Z,14,31.51,31.1,31.9,31.5,62,62,62,62,81.7,403,47,Quiet,57,58,0,0,361.9,362,0,0,0,5,31.5,62,47,CRYING,0,0,362,58
69eb12e6899ce378bc9d4191,ESP32_GREENHOUSE_01,2026-04-24T06:51:18.908Z,15,31.25,30.3,31.8,30.3,62.07,62,63,62,63.3,186,22,Quiet,58.3,63,0,0,362.5,361,0,0,0,6,30.3,62,22,Quiet,0,0,361,63
69eb1304899ce378bc9d4192,ESP32_GREENHOUSE_01,2026-04-24T06:51:48.923Z,15,30.48,30,30.9,30.6,62.33,62,63,62,18.9,27,18,Quiet,62.3,62,0,0,361,361,0,0,0,0,30.6,62,18,Quiet,0,0,361,62
69eb1322899ce378bc9d4193,ESP32_GREENHOUSE_01,2026-04-24T06:52:18.924Z,15,30.41,30,30.8,30.4,62.8,62,63,63,24.1,40,31,Quiet,62,62,0,0,361.6,362,0,0,0,0,30.4,63,31,Quiet,0,0,362,62
69eb1340899ce378bc9d4194,ESP32_GREENHOUSE_01,2026-04-24T06:52:48.932Z,15,30.4,30,30.8,30.4,63,63,63,63,15.6,25,25,Quiet,62.2,62,0,0,363,363,0,0,0,0,30.4,63,25,Quiet,0,0,363,62
69eb135e899ce378bc9d4195,ESP32_GREENHOUSE_01,2026-04-24T06:53:18.938Z,15,30.51,30,30.9,30.4,63,63,63,63,17.2,24,12,Quiet,61.7,62,0,0,363.9,365,0,0,0,0,30.4,63,12,Quiet,0,0,365,62
69eb137c899ce378bc9d4196,ESP32_GREENHOUSE_01,2026-04-24T06:53:48.949Z,15,30.37,30,30.8,30.4,63,63,63,63,17.6,32,18,Quiet,62.1,62,0,0,365.2,366,0,0,0,0,30.4,63,18,Quiet,0,0,366,62
69eb139a899ce378bc9d4197,ESP32_GREENHOUSE_01,2026-04-24T06:54:18.956Z,15,30.51,30,30.9,30.6,63,63,63,63,14.7,21,17,Quiet,61.9,62,0,0,366,366,0,0,0,0,30.6,63,17,Quiet,0,0,366,62
69eb13b8899ce378bc9d4198,ESP32_GREENHOUSE_01,2026-04-24T06:54:48.965Z,14,30.27,30,30.7,30.4,63,63,63,63,17.2,26,25,Quiet,62.4,62,0,0,365.3,365,0,0,0,0,30.4,63,25,Quiet,0,0,365,62
69eb13d6899ce378bc9d4199,ESP32_GREENHOUSE_01,2026-04-24T06:55:18.966Z,15,30.45,30.1,30.8,30.5,63,63,63,63,20.5,36,17,Quiet,61.8,62,0,0,365,365,0,0,0,0,30.5,63,17,Quiet,0,0,365,62
69eb13f4899ce378bc9d419a,ESP32_GREENHOUSE_01,2026-04-24T06:55:48.980Z,15,30.52,30,30.9,30.9,63,63,63,63,30,49,48,Quiet,61.1,59,0,0,365,365,0,0,0,0,30.9,63,48,Quiet,0,0,365,59
69eb1412899ce378bc9d41a0,ESP32_GREENHOUSE_01,2026-04-24T06:56:18.981Z,15,30.33,30,30.8,30.5,63,63,63,63,45.7,100,36,Quiet,61.3,61,0,0,365.5,366,0,0,0,1,30.5,63,36,Quiet,0,0,366,61
69eb1430899ce378bc9d41a1,ESP32_GREENHOUSE_01,2026-04-24T06:56:48.983Z,15,30.39,30,30.9,30.3,63,63,63,63,22.1,34,24,Quiet,61.9,62,0,0,365.6,365,0,0,0,0,30.3,63,24,Quiet,0,0,365,62
69eb144e899ce378bc9d41a2,ESP32_GREENHOUSE_01,2026-04-24T06:57:18.983Z,15,30.68,30.2,30.9,30.6,63,63,63,63,24.8,53,15,Quiet,61.1,62,0,0,364.9,364,0,0,0,0,30.6,63,15,Quiet,0,0,364,62
69eb146c899ce378bc9d41a3,ESP32_GREENHOUSE_01,2026-04-24T06:57:48.993Z,15,30.37,30,30.9,30.8,63,63,63,63,18.1,38,38,Quiet,62.1,60,0,0,363.1,362,0,0,0,0,30.8,63,38,Quiet,0,0,362,60
69eb148b899ce378bc9d41a4,ESP32_GREENHOUSE_01,2026-04-24T06:58:19.002Z,14,30.39,30.1,30.9,30.1,63,63,63,63,23,38,14,Quiet,62,63,0,0,361.3,361,0,0,0,0,30.1,63,14,Quiet,0,0,361,63
69eb14a9899ce378bc9d41a5,ESP32_GREENHOUSE_01,2026-04-24T06:58:49.009Z,15,30.49,30,30.9,30.4,63,63,63,63,18.5,35,16,Quiet,61.7,62,0,0,359.9,359,0,0,0,0,30.4,63,16,Quiet,0,0,359,62
69eb14c7899ce378bc9d41a6,ESP32_GREENHOUSE_01,2026-04-24T06:59:19.010Z,15,30.43,30,30.8,30.2,63,63,63,63,23.9,43,15,Quiet,61.7,63,0,0,358.3,358,0,0,0,0,30.2,63,15,Quiet,0,0,358,63
69eb14e5899ce378bc9d41a7,ESP32_GREENHOUSE_01,2026-04-24T06:59:49.015Z,15,30.45,30,30.8,30.6,63,63,63,63,16.8,33,12,Quiet,62.1,62,0,0,357.3,357,0,0,0,0,30.6,63,12,Quiet,0,0,357,62
69eb1503899ce378bc9d41a8,ESP32_GREENHOUSE_01,2026-04-24T07:00:19.015Z,15,30.49,30,30.9,30.7,63,63,63,63,16.7,29,18,Quiet,61.9,61,0,0,356.9,357,0,0,0,0,30.7,63,18,Quiet,0,0,357,61
69eb1521899ce378bc9d41a9,ESP32_GREENHOUSE_01,2026-04-24T07:00:49.027Z,15,30.59,30.1,30.9,30.2,63,63,63,63,11.6,16,16,Quiet,61.8,63,0,0,356,355,0,0,0,0,30.2,63,16,Quiet,0,0,355,63
69eb153f899ce378bc9d41aa,ESP32_GREENHOUSE_01,2026-04-24T07:01:19.027Z,15,30.53,30,30.9,30.5,63,63,63,63,16.3,25,13,Quiet,61.9,62,0,0,355.3,355,0,0,0,0,30.5,63,13,Quiet,0,0,355,62
69eb155d899ce378bc9d41ad,ESP32_GREENHOUSE_01,2026-04-24T07:01:49.040Z,15,30.49,30.2,30.9,30.6,63,63,63,63,22.8,68,12,Quiet,61.7,62,0,0,355.3,356,0,0,0,0,30.6,63,12,Quiet,0,0,356,62
69eb157b899ce378bc9d41b3,ESP32_GREENHOUSE_01,2026-04-24T07:02:19.044Z,14,30.49,30,30.9,30,63,63,63,63,41.1,111,46,Quiet,60.9,62,0,0,356.8,357,0,0,0,1,30,63,46,Quiet,0,0,357,62
69eb1599899ce378bc9d41b4,ESP32_GREENHOUSE_01,2026-04-24T07:02:49.050Z,15,30.34,30,30.9,30.6,63,63,63,63,17.4,37,19,Quiet,62.2,61,0,0,356.7,356,0,0,0,0,30.6,63,19,Quiet,0,0,356,61
69eb15b7899ce378bc9d41b5,ESP32_GREENHOUSE_01,2026-04-24T07:03:19.051Z,15,30.43,30,30.9,30.3,63,63,63,63,15.9,25,15,Quiet,61.9,62,0,0,354.7,354,0,0,0,0,30.3,63,15,Quiet,0,0,354,62
69eb15d5899ce378bc9d41b6,ESP32_GREENHOUSE_01,2026-04-24T07:03:49.060Z,15,30.33,30,30.9,30.3,63,63,63,63,17.6,29,11,Quiet,62.3,63,0,0,352.7,352,0,0,0,0,30.3,63,11,Quiet,0,0,352,63
69eb15f3899ce378bc9d41b7,ESP32_GREENHOUSE_01,2026-04-24T07:04:19.076Z,15,30.37,30,30.9,30.1,63,63,63,63,22.4,51,23,Quiet,61.9,63,0,0,351.3,351,0,0,0,0,30.1,63,23,Quiet,0,0,351,63
69eb1611899ce378bc9d41b8,ESP32_GREENHOUSE_01,2026-04-24T07:04:49.082Z,15,30.55,30.1,30.9,30.8,63,63,63,63,18.5,39,29,Quiet,61.6,61,0,0,350.5,350,0,0,0,0,30.8,63,29,Quiet,0,0,350,61
69eb162f899ce378bc9d41bb,ESP32_GREENHOUSE_01,2026-04-24T07:05:19.097Z,15,30.37,30,30.8,30.3,63,63,63,63,43.3,86,29,Quiet,61.2,62,0,0,349,349,0,0,0,0,30.3,63,29,Quiet,0,0,349,62
69eb164d899ce378bc9d41bc,ESP32_GREENHOUSE_01,2026-04-24T07:05:49.098Z,15,30.52,30,30.9,30.7,63,63,63,63,22.9,40,21,Quiet,61.5,61,0,0,349,349,0,0,0,0,30.7,63,21,Quiet,0,0,349,61
69eb166b899ce378bc9d41bf,ESP32_GREENHOUSE_01,2026-04-24T07:06:19.107Z,14,30.37,30,30.9,30.5,63,63,63,63,22.5,55,20,Quiet,61.9,62,0,0,348.6,349,0,0,0,0,30.5,63,20,Quiet,0,0,349,62
69eb1689899ce378bc9d41c0,ESP32_GREENHOUSE_01,2026-04-24T07:06:49.114Z,15,30.39,30,30.9,30.1,63,63,63,63,24,45,16,Quiet,61.9,63,0,0,348.4,348,0,0,0,0,30.1,63,16,Quiet,0,0,348,63
69eb16a7899ce378bc9d41c1,ESP32_GREENHOUSE_01,2026-04-24T07:07:19.116Z,15,30.44,30,30.9,30.6,63,63,63,63,17.9,30,11,Quiet,62.1,62,0,0,348.5,349,0,0,0,0,30.6,63,11,Quiet,0,0,349,62
69eb16c5899ce378bc9d41c2,ESP32_GREENHOUSE_01,2026-04-24T07:07:49.116Z,15,30.45,30,30.8,30,63,63,63,63,19.1,47,9,Quiet,61.8,64,0,0,350.1,351,0,0,0,0,30,63,9,Quiet,0,0,351,64
69eb16e3899ce378bc9d41c3,ESP32_GREENHOUSE_01,2026-04-24T07:08:19.117Z,15,30.51,30,30.8,30.3,63,63,63,63,15.7,23,23,Quiet,61.7,62,0,0,350.5,350,0,0,0,0,30.3,63,23,Quiet,0,0,350,62
69eb1701899ce378bc9d41c4,ESP32_GREENHOUSE_01,2026-04-24T07:08:49.117Z,15,30.4,30,30.8,30.2,63,63,63,63,26.5,48,19,Quiet,61.9,63,0,0,350.2,350,0,0,0,0,30.2,63,19,Quiet,0,0,350,63
69eb171f899ce378bc9d41c5,ESP32_GREENHOUSE_01,2026-04-24T07:09:19.117Z,15,30.36,30,30.9,30.5,63,63,63,63,19.6,41,16,Quiet,62.1,62,0,0,350.5,351,0,0,0,0,30.5,63,16,Quiet,0,0,351,62
69eb173d899ce378bc9d41c6,ESP32_GREENHOUSE_01,2026-04-24T07:09:49.118Z,14,30.46,30.1,30.8,30.8,63,63,63,63,28.5,40,33,Quiet,61.4,60,0,0,351.4,352,0,0,0,0,30.8,63,33,Quiet,0,0,352,60
69eb175b899ce378bc9d41c7,ESP32_GREENHOUSE_01,2026-04-24T07:10:19.117Z,15,30.39,30,30.8,30.5,63,63,63,63,14.3,22,8,Quiet,62.2,62,0,0,351.5,351,0,0,0,0,30.5,63,8,Quiet,0,0,351,62
69eb1779899ce378bc9d41ca,ESP32_GREENHOUSE_01,2026-04-24T07:10:49.117Z,15,30.37,30.1,30.7,30.2,63,63,63,63,22.1,72,11,Quiet,62.1,63,0,0,350.7,350,0,0,0,0,30.2,63,11,Quiet,0,0,350,63
69eb1797899ce378bc9d41cb,ESP32_GREENHOUSE_01,2026-04-24T07:11:19.117Z,15,30.48,30.1,30.9,30.3,63,63,63,63,23.9,38,17,Quiet,61.7,62,0,0,349.9,350,0,0,0,0,30.3,63,17,Quiet,0,0,350,62
69eb17b5899ce378bc9d41cc,ESP32_GREENHOUSE_01,2026-04-24T07:11:49.117Z,15,30.63,30,30.9,30.9,63,63,63,63,14,22,13,Quiet,61.7,61,0,0,350,350,0,0,0,0,30.9,63,13,Quiet,0,0,350,61
69eb17d3899ce378bc9d41cd,ESP32_GREENHOUSE_01,2026-04-24T07:12:19.117Z,15,30.58,30.2,30.9,30.6,63,63,63,63,12.6,19,13,Quiet,61.7,62,0,0,351.7,353,0,0,0,0,30.6,63,13,Quiet,0,0,353,62
69eb17f1899ce378bc9d41ce,ESP32_GREENHOUSE_01,2026-04-24T07:12:49.118Z,15,30.42,30,30.9,30.5,63,63,63,63,20.9,40,24,Quiet,61.9,62,0,0,353.9,355,0,0,0,0,30.5,63,24,Quiet,0,0,355,62
69eb180f899ce378bc9d41cf,ESP32_GREENHOUSE_01,2026-04-24T07:13:19.128Z,14,30.41,30,30.9,30.9,63,63,63,63,13.3,22,19,Quiet,62.2,61,0,0,355.8,356,0,0,0,0,30.9,63,19,Quiet,0,0,356,61
69eb182d899ce378bc9d41d0,ESP32_GREENHOUSE_01,2026-04-24T07:13:49.130Z,15,30.57,30.2,30.9,30.6,63,63,63,63,23.3,40,23,Quiet,61.4,61,0,0,357.5,359,0,0,0,0,30.6,63,23,Quiet,0,0,359,61
69eb184b899ce378bc9d41d1,ESP32_GREENHOUSE_01,2026-04-24T07:14:19.138Z,15,30.43,30.1,30.9,30.3,63,63,63,63,12.1,17,13,Quiet,62.2,63,0,0,360.1,361,0,0,0,0,30.3,63,13,Quiet,0,0,361,63
69eb1869899ce378bc9d41d2,ESP32_GREENHOUSE_01,2026-04-24T07:14:49.143Z,15,30.37,30,30.9,30.8,62.93,62,63,62,16.2,27,15,Quiet,62.4,62,0,0,363.3,364,0,0,0,0,30.8,62,15,Quiet,0,0,364,62
69eb1887899ce378bc9d41d3,ESP32_GREENHOUSE_01,2026-04-24T07:15:19.144Z,15,30.45,30,30.9,30.3,62.47,62,63,62,18.7,28,14,Quiet,62.3,63,0,0,366.1,367,0,0,0,0,30.3,62,14,Quiet,0,0,367,63
69eb18a5899ce378bc9d41d4,ESP32_GREENHOUSE_01,2026-04-24T07:15:49.157Z,15,30.54,30,30.9,30.6,62.07,62,63,62,27.4,53,15,Quiet,61.9,62,0,0,368.4,370,0,0,0,0,30.6,62,15,Quiet,0,0,370,62
69eb18c3899ce378bc9d41d5,ESP32_GREENHOUSE_01,2026-04-24T07:16:19.165Z,15,30.33,30,30.9,30.4,62.07,62,63,63,14.9,21,20,Quiet,63.1,62,0,0,371.3,372,0,0,0,0,30.4,63,20,Quiet,0,0,372,62
69eb18e1899ce378bc9d41d6,ESP32_GREENHOUSE_01,2026-04-24T07:16:49.172Z,15,30.37,30,30.8,30,62.13,62,63,62,27.9,51,21,Quiet,62.5,64,0,0,373.7,375,0,0,0,0,30,62,21,Quiet,0,0,375,64
69eb18ff899ce378bc9d41d7,ESP32_GREENHOUSE_01,2026-04-24T07:17:19.175Z,14,30.44,30,30.9,30.3,62.07,62,63,62,23.4,48,19,Quiet,62.4,63,0,0,375.9,377,0,0,0,0,30.3,62,19,Quiet,0,0,377,63
69eb191d899ce378bc9d41d8,ESP32_GREENHOUSE_01,2026-04-24T07:17:49.184Z,15,30.47,30,31.7,31.7,62,62,62,62,30.1,51,25,Quiet,62,59,0,0,377.6,378,0,0,0,0,31.7,62,25,Quiet,0,0,378,59
69eb193b899ce378bc9d41db,ESP32_GREENHOUSE_01,2026-04-24T07:18:19.198Z,15,31.54,31,31.9,31,62,62,62,62,21.1,43,36,Quiet,59.4,60,0,0,379.6,381,0,0,0,1,31,62,36,Quiet,0,0,381,60
69eb1959899ce378bc9d41e5,ESP32_GREENHOUSE_01,2026-04-24T07:18:49.207Z,15,31.56,31.1,31.9,31.9,61.67,61,62,62,103.7,786,53,Quiet,56.2,57,0,0,382.1,410,0,0,0,5,31.9,62,53,CRYING,0,0,410,57
69eb1977899ce378bc9d41e9,ESP32_GREENHOUSE_01,2026-04-24T07:19:19.218Z,15,31.47,31,31.9,31.2,61.93,61,62,62,38.8,93,26,Quiet,59,60,0,0,411.5,416,0,0,0,2,31.2,62,26,Quiet,0,0,416,60
69eb1995899ce378bc9d41f0,ESP32_GREENHOUSE_01,2026-04-24T07:19:49.225Z,15,31.39,31,31.8,31,62,62,62,62,51.1,141,37,Quiet,58.5,60,0,0,416.3,420,0,0,0,3,31,62,37,Quiet,0,0,420,60
69eb19b3899ce378bc9d41fc,ESP32_GREENHOUSE_01,2026-04-24T07:20:19.240Z,15,31.57,31,31.9,31.3,62,62,62,62,88.1,290,212,Quiet,56.7,53,0,0,418.8,421,0,0,0,2,31.3,62,212,CRYING,0,0,421,53
69eb19d1899ce378bc9d4206,ESP32_GREENHOUSE_01,2026-04-24T07:20:49.253Z,15,31.42,31.1,31.9,31.6,61.93,61,62,61,82.4,275,38,CRYING,57.4,59,0,0,420.9,415,0,0,0,6,31.6,61,38,Quiet,0,0,415,59
69eb19ef899ce378bc9d4209,ESP32_GREENHOUSE_01,2026-04-24T07:21:19.255Z,14,31.59,31,31.9,31.9,62,62,62,62,35.4,144,13,Quiet,58.5,59,0,0,420.9,423,0,0,0,0,31.9,62,13,Quiet,0,0,423,59
69eb1a0d899ce378bc9d420d,ESP32_GREENHOUSE_01,2026-04-24T07:21:49.270Z,15,31.33,31,31.8,31.4,62,62,62,62,83.3,285,285,CRYING,57.5,49,0,0,423,423,0,0,0,9,31.4,62,285,CRYING,0,0,423,49
69eb1a2b899ce378bc9d420e,ESP32_GREENHOUSE_01,2026-04-24T07:22:19.270Z,15,31.54,31.1,31.9,31.8,62,62,62,62,149.3,518,450,CRYING,54.4,42,0,0,423.5,424,0,0,0,15,31.8,62,450,CRYING,0,0,424,42
69eb1a49899ce378bc9d420f,ESP32_GREENHOUSE_01,2026-04-24T07:22:49.277Z,15,31.55,31,31.9,31.7,62,62,62,62,268.3,630,66,CRYING,49.7,57,0,0,423.9,424,0,0,0,15,31.7,62,66,CRYING,0,0,424,57
69eb1a67899ce378bc9d4210,ESP32_GREENHOUSE_01,2026-04-24T07:23:19.287Z,15,31.46,31,31.9,31.8,62,62,62,62,158.5,494,494,CRYING,54.2,40,0,0,424,424,0,0,0,15,31.8,62,494,CRYING,0,0,424,40
69eb1a85899ce378bc9d4211,ESP32_GREENHOUSE_01,2026-04-24T07:23:49.295Z,15,31.39,31,31.9,31.4,62,62,62,62,220.5,659,167,CRYING,52.1,54,0,0,424.1,424,0,0,0,15,31.4,62,167,CRYING,0,0,424,54
69eb1aa3899ce378bc9d4212,ESP32_GREENHOUSE_01,2026-04-24T07:24:19.309Z,15,31.48,31,31.9,31.5,62,62,62,62,285.8,581,207,CRYING,49.2,52,0,0,424.4,425,0,0,0,15,31.5,62,207,CRYING,0,0,425,52
69eb1ac1899ce378bc9d4213,ESP32_GREENHOUSE_01,2026-04-24T07:24:49.316Z,14,31.52,31.1,31.8,31.6,62.29,62,63,62,154.9,478,76,CRYING,54.1,57,0,0,424.2,423,0,0,0,14,31.6,62,76,CRYING,0,0,423,57
69eb1adf899ce378bc9d4214,ESP32_GREENHOUSE_01,2026-04-24T07:25:19.331Z,15,31.41,31,31.9,31.1,62.6,62,63,63,155.1,397,273,CRYING,54.1,50,0,0,424,424,0,0,0,15,31.1,63,273,CRYING,0,0,424,50
69eb1afd899ce378bc9d4215,ESP32_GREENHOUSE_01,2026-04-24T07:25:49.338Z,15,31.44,31,31.8,31.2,62.93,62,63,62,203.6,626,67,CRYING,51.9,59,0,0,425.1,425,0,0,0,15,31.2,62,67,CRYING,0,0,425,59
69eb1b1b899ce378bc9d4216,ESP32_GREENHOUSE_01,2026-04-24T07:26:19.344Z,15,31.57,31.2,31.9,31.3,62.07,62,63,62,335.7,1023,163,CRYING,46.9,54,0,0,425.7,426,0,0,0,15,31.3,62,163,CRYING,0,0,426,54
69eb1b39899ce378bc9d4217,ESP32_GREENHOUSE_01,2026-04-24T07:26:49.357Z,15,31.36,31,31.7,31.6,62.13,62,63,63,160.4,304,114,CRYING,54.4,55,0,0,426.1,426,0,0,0,15,31.6,63,114,CRYING,0,0,426,55
69eb1b57899ce378bc9d4218,ESP32_GREENHOUSE_01,2026-04-24T07:27:19.369Z,15,31.42,31,31.7,31.7,62.87,62,63,62,168.6,253,139,CRYING,53.3,54,0,0,425.9,426,0,0,0,15,31.7,62,139,CRYING,0,0,426,54
69eb1b75899ce378bc9d4219,ESP32_GREENHOUSE_01,2026-04-24T07:27:49.371Z,15,31.39,31,31.9,31.4,62.07,62,63,63,199.9,416,292,CRYING,52.7,49,0,0,426.1,426,0,0,0,15,31.4,63,292,CRYING,0,0,426,49
69eb1b93899ce378bc9d421a,ESP32_GREENHOUSE_01,2026-04-24T07:28:19.385Z,15,31.45,31,31.9,31.4,62.47,62,63,63,202.1,552,47,CRYING,52.1,58,0,0,426,426,0,0,0,15,31.4,63,47,CRYING,0,0,426,58
69eb1bb1899ce378bc9d421b,ESP32_GREENHOUSE_01,2026-04-24T07:28:49.396Z,14,31.46,31,31.8,31.5,62.43,62,63,63,322.1,862,521,CRYING,47.5,39,0,0,426.1,426,0,0,0,14,31.5,63,521,CRYING,0,0,426,39
69eb1bcf899ce378bc9d421c,ESP32_GREENHOUSE_01,2026-04-24T07:29:19.404Z,15,31.52,31,31.9,31.8,62.47,62,63,62,114.1,235,146,CRYING,55.5,54,0,0,426,426,0,0,0,15,31.8,62,146,CRYING,0,0,426,54
69eb1bed899ce378bc9d421d,ESP32_GREENHOUSE_01,2026-04-24T07:29:49.412Z,15,31.34,31,31.9,31.9,62,62,62,62,142.5,534,88,CRYING,55.3,56,0,0,426,426,0,0,0,15,31.9,62,88,CRYING,0,0,426,56
69eb1c0b899ce378bc9d421e,ESP32_GREENHOUSE_01,2026-04-24T07:30:19.425Z,15,31.43,31,31.8,31.2,61.07,61,62,61,149.8,589,589,CRYING,55.3,39,0,0,426.1,426,0,0,0,15,31.2,61,589,CRYING,0,0,426,39
69eb1c29899ce378bc9d421f,ESP32_GREENHOUSE_01,2026-04-24T07:30:49.426Z,15,31.4,31,31.9,31.2,61,61,61,61,168.3,441,233,CRYING,54.6,53,0,0,425.9,425,0,0,0,15,31.2,61,233,CRYING,0,0,425,53
69eb1c47899ce378bc9d4220,ESP32_GREENHOUSE_01,2026-04-24T07:31:19.428Z,15,31.45,31,31.9,31,61.93,61,62,62,213.2,687,191,CRYING,52.3,54,0,0,425.8,425,0,0,0,15,31,62,191,CRYING,0,0,425,54
69eb1c65899ce378bc9d4221,ESP32_GREENHOUSE_01,2026-04-24T07:31:49.440Z,14,31.41,31,31.8,31,62,62,62,62,178.7,661,59,CRYING,53.5,59,0,0,425.3,425,0,0,0,14,31,62,59,CRYING,0,0,425,59
69eb1c83899ce378bc9d4222,ESP32_GREENHOUSE_01,2026-04-24T07:32:19.440Z,16,31.46,31,31.9,31.3,62,62,62,62,286.9,1023,181,CRYING,49.2,54,0,0,424.9,425,0,0,0,16,31.3,62,181,CRYING,0,0,425,54
69eb1ca1899ce378bc9d4223,ESP32_GREENHOUSE_01,2026-04-24T07:32:49.451Z,14,31.52,31.2,31.8,31.8,62,62,62,62,82.1,264,66,CRYING,57.1,57,0,0,424.9,425,0,0,0,14,31.8,62,66,CRYING,0,0,425,57
69eb1cbf899ce378bc9d4224,ESP32_GREENHOUSE_01,2026-04-24T07:33:19.463Z,15,31.45,31,31.9,31.5,62.2,62,63,62,217.8,491,491,CRYING,51.9,41,0,0,423.3,425,0,0,0,15,31.5,62,491,CRYING,0,0,425,41
69eb1cdd899ce378bc9d4225,ESP32_GREENHOUSE_01,2026-04-24T07:33:49.469Z,15,31.38,31,31.9,31.2,62,62,62,62,147.3,523,63,CRYING,54.9,59,0,0,422.4,416,0,0,0,15,31.2,62,63,CRYING,0,0,416,59
69eb1cfb899ce378bc9d4226,ESP32_GREENHOUSE_01,2026-04-24T07:34:19.471Z,15,31.51,31.1,31.9,31.6,62,62,62,62,46.8,74,36,CRYING,58.5,59,0,0,417.2,421,0,0,0,15,31.6,62,36,CRYING,0,0,421,59
69eb1d19899ce378bc9d4227,ESP32_GREENHOUSE_01,2026-04-24T07:34:49.477Z,14,31.46,31,31.9,31.3,62,62,62,62,34,51,27,CRYING,59,60,0,0,422.4,419,0,0,0,14,31.3,62,27,CRYING,0,0,419,60
69eb1d37899ce378bc9d4228,ESP32_GREENHOUSE_01,2026-04-24T07:35:19.486Z,16,31.44,31,31.9,31.2,62,62,62,62,124.5,679,72,CRYING,55.6,58,0,0,419.4,418,0,0,0,16,31.2,62,72,CRYING,0,0,418,58
69eb1d55899ce378bc9d4229,ESP32_GREENHOUSE_01,2026-04-24T07:35:49.497Z,15,31.47,31,31.9,31,62,62,62,62,51.5,125,32,CRYING,58.4,60,0,0,418.4,419,0,0,0,15,31,62,32,CRYING,0,0,419,60
69eb1d73899ce378bc9d422a,ESP32_GREENHOUSE_01,2026-04-24T07:36:19.507Z,14,31.45,31.1,31.9,31.2,62,62,62,62,55.1,179,37,CRYING,58.4,60,0,0,419.1,419,0,0,0,14,31.2,62,37,CRYING,0,0,419,60
69eb1d91899ce378bc9d422b,ESP32_GREENHOUSE_01,2026-04-24T07:36:49.519Z,15,31.41,31,31.8,31.2,62,62,62,62,137.6,524,413,CRYING,55.2,45,0,0,418.1,418,0,0,0,15,31.2,62,413,CRYING,0,0,418,45
69eb1daf899ce378bc9d422c,ESP32_GREENHOUSE_01,2026-04-24T07:37:19.520Z,15,31.44,31,31.9,31,61.67,61,62,61,40.1,64,38,CRYING,59.1,61,0,0,417.8,417,0,0,0,15,31,61,38,CRYING,0,0,417,61
69eb1dcd899ce378bc9d422d,ESP32_GREENHOUSE_01,2026-04-24T07:37:49.526Z,15,31.36,31,31.7,31.5,61.93,61,62,62,54.3,128,128,CRYING,58.6,55,0,0,417,416,0,0,0,15,31.5,62,128,CRYING,0,0,416,55
69eb1deb899ce378bc9d422e,ESP32_GREENHOUSE_01,2026-04-24T07:38:19.532Z,15,31.45,31,31.9,31.3,61.27,61,62,61,58.6,154,105,CRYING,58.7,57,0,0,416.1,416,0,0,0,15,31.3,61,105,CRYING,0,0,416,57
69eb1e09899ce378bc9d422f,ESP32_GREENHOUSE_01,2026-04-24T07:38:49.539Z,15,31.43,31,31.9,31.3,61.93,61,62,62,42.5,95,38,CRYING,58.9,59,0,0,416,416,0,0,0,15,31.3,62,38,CRYING,0,0,416,59
69eb1e27899ce378bc9d4230,ESP32_GREENHOUSE_01,2026-04-24T07:39:19.552Z,15,31.43,31,31.9,31.3,62,62,62,62,43.9,108,54,CRYING,58.8,59,0,0,415.9,416,0,0,0,15,31.3,62,54,CRYING,0,0,416,59
69eb1e45899ce378bc9d4238,ESP32_GREENHOUSE_01,2026-04-24T07:39:49.563Z,15,31.52,31,31.9,31.1,62,62,62,62,55.7,104,25,Quiet,58.1,60,0,0,415.3,415,0,0,0,4,31.1,62,25,Quiet,0,0,415,60
69eb1e63899ce378bc9d4243,ESP32_GREENHOUSE_01,2026-04-24T07:40:19.578Z,14,31.45,31,31.9,31.3,62,62,62,62,74.8,303,39,Quiet,57.5,59,0,0,414.9,415,0,0,0,3,31.3,62,39,Quiet,0,0,415,59
69eb1e81899ce378bc9d424c,ESP32_GREENHOUSE_01,2026-04-24T07:40:49.588Z,15,31.33,31.1,31.6,31.5,62,62,62,62,83.8,222,67,CRYING,57.6,58,0,0,414.3,414,0,0,0,8,31.5,62,67,CRYING,0,0,414,58
69eb1e9f899ce378bc9d4255,ESP32_GREENHOUSE_01,2026-04-24T07:41:19.596Z,15,31.45,31.1,31.8,31.4,62,62,62,62,62.4,117,41,Quiet,58.1,59,0,0,414,414,0,0,0,5,31.4,62,41,Quiet,0,0,414,59
69eb1ebd899ce378bc9d425a,ESP32_GREENHOUSE_01,2026-04-24T07:41:49.609Z,15,31.37,31,31.7,31.3,62,62,62,62,75.1,185,136,CRYING,57.7,56,0,0,413.1,413,0,0,0,8,31.3,62,136,CRYING,0,0,413,56
69eb1edb899ce378bc9d425b,ESP32_GREENHOUSE_01,2026-04-24T07:42:19.618Z,15,31.5,31,31.9,31,62,62,62,62,106.7,191,94,CRYING,56.1,58,0,0,413.1,413,0,0,0,15,31,62,94,CRYING,0,0,413,58
69eb1ef9899ce378bc9d425e,ESP32_GREENHOUSE_01,2026-04-24T07:42:49.633Z,15,31.49,31,31.9,31.5,62,62,62,62,79.7,126,102,CRYING,57.3,56,0,0,412.9,413,0,0,0,14,31.5,62,102,CRYING,0,0,413,56
69eb1f17899ce378bc9d4261,ESP32_GREENHOUSE_01,2026-04-24T07:43:19.634Z,15,31.45,31,31.9,31.4,62,62,62,62,96.2,159,87,CRYING,56.7,57,0,0,412.1,412,0,0,0,13,31.4,62,87,CRYING,0,0,412,57
69eb1f35899ce378bc9d4262,ESP32_GREENHOUSE_01,2026-04-24T07:43:49.636Z,14,31.45,31.2,31.9,31.9,62,62,62,62,106.2,150,65,CRYING,56.3,57,0,0,412,412,0,0,0,14,31.9,62,65,CRYING,0,0,412,57
69eb1f53899ce378bc9d4263,ESP32_GREENHOUSE_01,2026-04-24T07:44:19.637Z,15,31.47,31.2,31.9,31.2,62,62,62,62,87.9,228,48,CRYING,57,59,0,0,411.1,411,0,0,0,15,31.2,62,48,CRYING,0,0,411,59
69eb1f71899ce378bc9d4264,ESP32_GREENHOUSE_01,2026-04-24T07:44:49.647Z,15,31.46,31.1,31.9,31.3,62,62,62,62,106.3,215,150,CRYING,56.3,55,0,0,411,411,0,0,0,15,31.3,62,150,CRYING,0,0,411,55
69eb1f8f899ce378bc9d4265,ESP32_GREENHOUSE_01,2026-04-24T07:45:19.661Z,15,31.51,31,31.9,31,62,62,62,62,67.1,164,43,CRYING,57.7,60,0,0,410.7,411,0,0,0,15,31,62,43,CRYING,0,0,411,60
69eb1fad899ce378bc9d426e,ESP32_GREENHOUSE_01,2026-04-24T07:45:49.670Z,15,31.39,31,31.8,31.6,62,62,62,62,60.7,103,59,CRYING,58.3,58,0,0,410,410,0,0,0,6,31.6,62,59,Light Activity,0,0,410,58
69eb1fcb899ce378bc9d4278,ESP32_GREENHOUSE_01,2026-04-24T07:46:19.685Z,15,31.51,31,31.9,31.3,62,62,62,62,67.5,139,94,Quiet,57.5,57,0,0,409.9,410,0,0,0,2,31.3,62,94,CRYING,0,0,410,57
69eb1fe9899ce378bc9d427f,ESP32_GREENHOUSE_01,2026-04-24T07:46:49.696Z,15,31.6,31.1,31.9,31.7,62,62,62,62,97.7,170,108,CRYING,56.3,56,0,0,409.1,409,0,0,0,11,31.7,62,108,CRYING,0,0,409,56
69eb2007899ce378bc9d4284,ESP32_GREENHOUSE_01,2026-04-24T07:47:19.700Z,15,31.54,31,31.9,31.5,62,62,62,62,104.5,170,64,CRYING,56.1,58,0,0,409.1,410,0,0,0,13,31.5,62,64,CRYING,0,0,410,58
69eb2025899ce378bc9d4285,ESP32_GREENHOUSE_01,2026-04-24T07:47:49.709Z,14,31.4,31,31.9,31.4,62,62,62,62,101.9,156,60,CRYING,56.6,58,0,0,409.1,409,0,0,0,14,31.4,62,60,CRYING,0,0,409,58
69eb2043899ce378bc9d4288,ESP32_GREENHOUSE_01,2026-04-24T07:48:19.717Z,15,31.45,31,31.9,31.4,62,62,62,62,101.1,310,95,CRYING,56.5,57,0,0,408,408,0,0,0,13,31.4,62,95,CRYING,0,0,408,57
69eb2061899ce378bc9d4296,ESP32_GREENHOUSE_01,2026-04-24T07:48:49.723Z,15,31.42,31,31.8,31,62,62,62,62,78.4,145,138,CRYING,57.4,56,0,0,407.6,408,0,0,0,6,31,62,138,Restless,0,0,408,56
69eb207f899ce378bc9d4299,ESP32_GREENHOUSE_01,2026-04-24T07:49:19.734Z,15,31.48,31,31.9,31.2,62,62,62,62,101.1,145,76,CRYING,56.3,58,0,0,407.1,406,0,0,0,14,31.2,62,76,CRYING,0,0,406,58
69eb209d899ce378bc9d429a,ESP32_GREENHOUSE_01,2026-04-24T07:49:49.745Z,15,31.37,31,31.9,31.2,62,62,62,62,156.6,570,102,CRYING,54.6,57,0,0,403.9,407,0,0,0,15,31.2,62,102,CRYING,0,0,407,57
69eb20bb899ce378bc9d429b,ESP32_GREENHOUSE_01,2026-04-24T07:50:19.748Z,15,31.47,31,31.7,31.7,62,62,62,62,121.9,177,114,CRYING,55.5,55,0,0,407,409,0,0,0,15,31.7,62,114,CRYING,0,0,409,55
69eb20d9899ce378bc9d429c,ESP32_GREENHOUSE_01,2026-04-24T07:50:49.762Z,15,31.47,31.2,31.9,31.5,62,62,62,62,98.1,141,77,CRYING,56.5,57,0,0,408.6,409,0,0,0,15,31.5,62,77,CRYING,0,0,409,57
69eb20f7899ce378bc9d429d,ESP32_GREENHOUSE_01,2026-04-24T07:51:19.770Z,15,31.51,31,31.9,31.4,62,62,62,62,121.1,198,123,CRYING,55.5,56,0,0,409.1,409,0,0,0,15,31.4,62,123,CRYING,0,0,409,56
69eb2115899ce378bc9d429e,ESP32_GREENHOUSE_01,2026-04-24T07:51:49.784Z,14,31.39,31,31.7,31.7,62,62,62,62,117.8,204,97,CRYING,55.9,56,0,0,409.2,410,0,0,0,14,31.7,62,97,CRYING,0,0,410,56
69eb2133899ce378bc9d429f,ESP32_GREENHOUSE_01,2026-04-24T07:52:19.785Z,15,31.38,31,31.9,31.5,62,62,62,62,131,304,88,CRYING,55.6,57,0,0,410.2,410,0,0,0,15,31.5,62,88,CRYING,0,0,410,57
69eb2151899ce378bc9d42a0,ESP32_GREENHOUSE_01,2026-04-24T07:52:49.800Z,7,31.76,31.5,31.9,31.7,62,62,62,62,73.4,207,114,CRYING,56.6,55,0,0,411.1,412,0,0,0,7,31.7,62,114,CRYING,0,0,412,55
69eb216f899ce378bc9d42a1,ESP32_GREENHOUSE_01,2026-04-24T07:53:19.815Z,19,31.48,31,31.9,31.6,62,62,62,62,128.6,301,183,CRYING,55.3,53,0,0,411.4,412,0,0,0,19,31.6,62,183,CRYING,0,0,412,53
69eb218d899ce378bc9d42a2,ESP32_GREENHOUSE_01,2026-04-24T07:53:49.823Z,13,31.41,31,31.9,31.1,62,62,62,62,138.8,328,307,CRYING,54.9,49,0,0,412.5,413,0,0,0,13,31.1,62,307,CRYING,0,0,413,49
69eb21ab899ce378bc9d42a3,ESP32_GREENHOUSE_01,2026-04-24T07:54:19.829Z,15,31.45,31,31.9,31.8,62,62,62,62,114.4,402,39,CRYING,56.1,58,0,0,413.1,413,0,0,0,15,31.8,62,39,CRYING,0,0,413,58
69eb21c9899ce378bc9d42a4,ESP32_GREENHOUSE_01,2026-04-24T07:54:49.838Z,15,31.43,31,31.9,31.9,62,62,62,62,154.8,379,96,CRYING,54.5,55,0,0,413.7,414,0,0,0,15,31.9,62,96,CRYING,0,0,414,55
69eb21e7899ce378bc9d42a5,ESP32_GREENHOUSE_01,2026-04-24T07:55:19.845Z,15,31.39,31.1,31.8,31.6,62,62,62,62,126.6,423,60,CRYING,55.7,58,0,0,413,413,0,0,0,15,31.6,62,60,CRYING,0,0,413,58
69eb2205899ce378bc9d42a6,ESP32_GREENHOUSE_01,2026-04-24T07:55:49.855Z,15,31.48,31.1,31.8,31.6,62,62,62,62,82.4,160,36,CRYING,57.1,59,0,0,413.1,414,0,0,0,15,31.6,62,36,CRYING,0,0,414,59
69eb2223899ce378bc9d42a7,ESP32_GREENHOUSE_01,2026-04-24T07:56:19.867Z,15,31.45,31,31.9,31.3,62,62,62,62,72.9,245,54,CRYING,57.6,59,0,0,413.5,413,0,0,0,15,31.3,62,54,CRYING,0,0,413,59
69eb2241899ce378bc9d42a8,ESP32_GREENHOUSE_01,2026-04-24T07:56:49.874Z,15,31.41,31,31.9,31,62,62,62,62,127.1,400,41,CRYING,55.5,60,0,0,412.6,413,0,0,0,15,31,62,41,CRYING,0,0,413,60
69eb225f899ce378bc9d42a9,ESP32_GREENHOUSE_01,2026-04-24T07:57:19.882Z,15,31.53,31,31.9,31.4,62,62,62,62,44.5,69,50,CRYING,58.5,59,0,0,412.7,411,0,0,0,15,31.4,62,50,CRYING,0,0,411,59
69eb227d899ce378bc9d42aa,ESP32_GREENHOUSE_01,2026-04-24T07:57:49.888Z,15,31.45,31.1,31.9,31.1,62,62,62,62,40.4,74,43,CRYING,58.9,60,0,0,411.1,408,0,0,0,15,31.1,62,43,CRYING,0,0,408,60
69eb229b899ce378bc9d42ab,ESP32_GREENHOUSE_01,2026-04-24T07:58:19.896Z,14,31.56,31.1,31.9,31.7,62,62,62,62,63.9,142,21,CRYING,57.7,59,0,0,404,399,0,0,0,14,31.7,62,21,CRYING,0,0,399,59
69eb22b9899ce378bc9d42b2,ESP32_GREENHOUSE_01,2026-04-24T07:58:49.901Z,15,31.43,31,31.9,31.6,62,62,62,62,55.3,81,53,CRYING,58.4,58,0,0,403.3,406,0,0,0,4,31.6,62,53,CRYING,0,0,406,58
69eb22d7899ce378bc9d42bd,ESP32_GREENHOUSE_01,2026-04-24T07:59:19.912Z,15,31.32,31,31.8,31.4,62,62,62,62,65.3,203,32,Quiet,58.2,59,0,0,398.9,407,0,0,0,4,31.4,62,32,Quiet,0,0,407,59
69eb22f5899ce378bc9d42c5,ESP32_GREENHOUSE_01,2026-04-24T07:59:49.922Z,15,31.42,31,31.9,31,62.13,62,63,63,74,376,57,Quiet,57.5,59,0,0,405.1,406,0,0,0,1,31,63,57,Light Activity,0,0,406,59
69eb2313899ce378bc9d42c9,ESP32_GREENHOUSE_01,2026-04-24T08:00:19.923Z,15,31.42,31,31.9,31.5,62.27,62,63,62,37.9,157,25,Quiet,58.8,59,0,0,405.4,409,0,0,0,1,31.5,62,25,Quiet,0,0,409,59
69eb2331899ce378bc9d42ca,ESP32_GREENHOUSE_01,2026-04-24T08:00:49.926Z,15,31.44,31,31.9,31.2,62,62,62,62,24.2,35,24,Quiet,59.5,60,0,0,407.5,407,0,0,0,0,31.2,62,24,Quiet,0,0,407,60
69eb234f899ce378bc9d42cd,ESP32_GREENHOUSE_01,2026-04-24T08:01:19.937Z,15,31.53,31,31.9,31.6,62,62,62,62,31.9,64,25,Quiet,59.1,59,0,0,407.3,408,0,0,0,0,31.6,62,25,Quiet,0,0,408,59
69eb236d899ce378bc9d42ce,ESP32_GREENHOUSE_01,2026-04-24T08:01:49.952Z,15,31.35,31,31.8,31.3,62.47,62,63,62,29.5,53,53,Quiet,59.2,59,0,0,407,407,0,0,0,0,31.3,62,53,Quiet,0,0,407,59
69eb238b899ce378bc9d42d1,ESP32_GREENHOUSE_01,2026-04-24T08:02:19.962Z,14,31.43,31.1,31.9,31.7,62.29,62,63,63,38.5,82,39,Quiet,58.8,58,0,0,407.2,408,0,0,0,0,31.7,63,39,Quiet,0,0,408,58
69eb23a9899ce378bc9d42d6,ESP32_GREENHOUSE_01,2026-04-24T08:02:49.968Z,15,31.48,31,31.9,31.8,62.8,62,63,62,38,71,31,Quiet,58.3,58,0,0,407.6,408,0,0,0,0,31.8,62,31,Quiet,0,0,408,58
69eb23c7899ce378bc9d42db,ESP32_GREENHOUSE_01,2026-04-24T08:03:19.969Z,15,31.34,31,31.7,31.3,62,62,62,62,41.4,57,53,Quiet,59.2,59,0,0,407.9,408,0,0,0,0,31.3,62,53,Quiet,0,0,408,59
69eb23e5899ce378bc9d42dc,ESP32_GREENHOUSE_01,2026-04-24T08:03:49.973Z,15,31.5,31.1,31.9,31.4,62,62,62,62,32.8,51,29,Quiet,59,59,0,0,408.4,408,0,0,0,0,31.4,62,29,Quiet,0,0,408,59
69eb2403899ce378bc9d42df,ESP32_GREENHOUSE_01,2026-04-24T08:04:19.976Z,15,31.45,31,31.8,31.7,62,62,62,62,33.3,68,39,Quiet,59.1,58,0,0,408.7,410,0,0,0,0,31.7,62,39,Quiet,0,0,410,58
69eb2421899ce378bc9d42e4,ESP32_GREENHOUSE_01,2026-04-24T08:04:49.988Z,15,31.45,31,31.9,31.6,62,62,62,62,41.4,91,40,Quiet,58.8,58,0,0,409.5,409,0,0,0,0,31.6,62,40,Quiet,0,0,409,58
69eb243f899ce378bc9d42e5,ESP32_GREENHOUSE_01,2026-04-24T08:05:19.999Z,15,31.49,31,31.9,31.9,61.93,61,62,61,36.3,54,38,Quiet,59,58,0,0,409.7,410,0,0,0,0,31.9,61,38,Quiet,0,0,410,58
69eb245e899ce378bc9d42e6,ESP32_GREENHOUSE_01,2026-04-24T08:05:50.002Z,15,31.41,31,31.9,31.1,61.47,61,62,62,32,42,24,Quiet,59.5,60,0,0,409.8,410,0,0,0,0,31.1,62,24,Quiet,0,0,410,60
69eb247c899ce378bc9d42eb,ESP32_GREENHOUSE_01,2026-04-24T08:06:20.008Z,15,31.44,31,31.9,31.6,61.87,61,62,62,51.9,138,25,Quiet,58.5,59,0,0,410.5,410,0,0,0,3,31.6,62,25,Quiet,0,0,410,59
69eb249a899ce378bc9d42ee,ESP32_GREENHOUSE_01,2026-04-24T08:06:50.019Z,14,31.56,31.1,31.9,31.6,61.07,61,62,61,37.4,111,28,Quiet,59.3,60,0,0,408.9,408,0,0,0,1,31.6,61,28,Quiet,0,0,408,60
69eb24b8899ce378bc9d42f3,ESP32_GREENHOUSE_01,2026-04-24T08:07:20.030Z,15,31.39,31,31.9,31.4,61.13,61,62,61,45.3,128,46,Quiet,59.3,59,0,0,410.1,413,0,0,0,0,31.4,61,46,Quiet,0,0,413,59
69eb24d6899ce378bc9d42f8,ESP32_GREENHOUSE_01,2026-04-24T08:07:50.039Z,15,31.55,31.1,31.9,31.4,61.27,61,62,62,40.8,78,39,Quiet,59,59,0,0,413,414,0,0,0,0,31.4,62,39,Quiet,0,0,414,59
69eb24f4899ce378bc9d42f9,ESP32_GREENHOUSE_01,2026-04-24T08:08:20.054Z,15,31.39,31,31.9,31.5,62,62,62,62,33.3,51,32,Quiet,59.3,59,0,0,413.7,414,0,0,0,0,31.5,62,32,Quiet,0,0,414,59
69eb2512899ce378bc9d42fd,ESP32_GREENHOUSE_01,2026-04-24T08:08:50.059Z,15,31.39,31,31.9,31,61.73,61,62,61,44.2,95,40,Quiet,59.2,61,0,0,413.9,414,0,0,0,0,31,61,40,Quiet,0,0,414,61
69eb2530899ce378bc9d4302,ESP32_GREENHOUSE_01,2026-04-24T08:09:20.072Z,15,31.23,31,31.7,31.2,61.13,61,62,61,37.2,69,41,Quiet,60.1,60,0,0,414.1,414,0,0,0,0,31.2,61,41,Quiet,0,0,414,60
69eb254e899ce378bc9d4303,ESP32_GREENHOUSE_01,2026-04-24T08:09:50.076Z,15,31.4,31,31.9,31.2,61.8,61,62,62,35.1,49,39,Quiet,59.4,60,0,0,414.5,415,0,0,0,0,31.2,62,39,Quiet,0,0,415,60
69eb256c899ce378bc9d4306,ESP32_GREENHOUSE_01,2026-04-24T08:10:20.075Z,15,31.43,31,31.9,31.9,62,62,62,62,42.3,67,45,Quiet,58.9,57,0,0,414.6,415,0,0,0,0,31.9,62,45,Quiet,0,0,415,57
69eb258a899ce378bc9d4307,ESP32_GREENHOUSE_01,2026-04-24T08:10:50.081Z,14,31.46,31,31.9,31.8,62,62,62,62,32.7,43,35,Quiet,59.1,58,0,0,412.7,411,0,0,0,0,31.8,62,35,Quiet,0,0,411,58
69eb25a8899ce378bc9d430c,ESP32_GREENHOUSE_01,2026-04-24T08:11:20.085Z,15,31.33,31,31.8,31.7,62,62,62,62,39.6,64,37,Quiet,59.1,58,0,0,411,410,0,0,0,0,31.7,62,37,Quiet,0,0,410,58
69eb25c6899ce378bc9d4312,ESP32_GREENHOUSE_01,2026-04-24T08:11:50.092Z,15,31.43,31.1,31.9,31.4,62,62,62,62,45.8,86,86,Quiet,58.7,57,0,0,410.3,410,0,0,0,1,31.4,62,86,Restless,0,0,410,57
69eb25e4899ce378bc9d431e,ESP32_GREENHOUSE_01,2026-04-24T08:12:20.098Z,15,31.44,31,31.9,31,62,62,62,62,62.2,130,66,Quiet,58,59,0,0,408.8,408,0,0,0,0,31,62,66,Light Activity,0,0,408,59
69eb2602899ce378bc9d4322,ESP32_GREENHOUSE_01,2026-04-24T08:12:50.107Z,15,31.33,31,31.9,31.3,62,62,62,62,37,56,37,Quiet,59.3,59,0,0,407.4,406,0,0,0,0,31.3,62,37,Quiet,0,0,406,59
69eb2620899ce378bc9d4328,ESP32_GREENHOUSE_01,2026-04-24T08:13:20.112Z,15,31.38,31,31.9,31.3,62,62,62,62,47.7,102,102,Quiet,58.8,57,0,0,405.7,405,0,0,0,1,31.3,62,102,CRYING,0,0,405,57
69eb263e899ce378bc9d432b,ESP32_GREENHOUSE_01,2026-04-24T08:13:50.116Z,15,31.42,31,31.9,31.4,62,62,62,62,39,65,25,Quiet,59.1,60,0,0,403.7,405,0,0,0,1,31.4,62,25,Quiet,0,0,405,60
69eb265c899ce378bc9d4332,ESP32_GREENHOUSE_01,2026-04-24T08:14:20.125Z,14,31.34,31,31.7,31.3,62,62,62,62,42.2,71,37,Quiet,59.1,59,0,0,398.6,403,0,0,0,1,31.3,62,37,Quiet,0,0,403,59
69eb267a899ce378bc9d4337,ESP32_GREENHOUSE_01,2026-04-24T08:14:50.129Z,15,31.41,31.1,31.9,31.1,62,62,62,62,49.8,102,52,Quiet,58.7,59,0,0,403.1,402,0,0,0,0,31.1,62,52,Quiet,0,0,402,59
69eb2698899ce378bc9d433d,ESP32_GREENHOUSE_01,2026-04-24T08:15:20.141Z,15,31.44,31,31.9,31.6,62,62,62,62,93.6,165,111,CRYING,56.8,56,0,0,400.1,401,0,0,0,11,31.6,62,111,CRYING,0,0,401,56
69eb26b6899ce378bc9d4341,ESP32_GREENHOUSE_01,2026-04-24T08:15:50.153Z,15,31.39,31,31.7,31.5,62,62,62,62,58.1,157,41,Quiet,58.4,59,0,0,401.8,402,0,0,0,6,31.5,62,41,Quiet,0,0,402,59
69eb26d4899ce378bc9d4342,ESP32_GREENHOUSE_01,2026-04-24T08:16:20.161Z,15,31.44,31,31.9,31.3,62,62,62,62,31,46,33,Quiet,59.3,60,0,0,400.9,400,0,0,0,0,31.3,62,33,Quiet,0,0,400,60
69eb26f2899ce378bc9d4348,ESP32_GREENHOUSE_01,2026-04-24T08:16:50.166Z,15,31.36,31,31.8,31,62,62,62,62,60.8,301,301,Quiet,58.3,50,0,0,399.5,393,0,0,0,2,31,62,301,CRYING,0,0,393,50
69eb2710899ce378bc9d434b,ESP32_GREENHOUSE_01,2026-04-24T08:17:20.169Z,15,31.47,31,31.9,31,62,62,62,62,37.1,60,26,Quiet,58.9,61,0,0,397.9,400,0,0,0,2,31,62,26,Quiet,0,0,400,61
69eb272e899ce378bc9d434c,ESP32_GREENHOUSE_01,2026-04-24T08:17:50.181Z,15,31.48,31,31.8,31.4,62,62,62,62,35.7,53,21,Quiet,59.1,60,0,0,399.4,399,0,0,0,0,31.4,62,21,Quiet,0,0,399,60
69eb274c899ce378bc9d4350,ESP32_GREENHOUSE_01,2026-04-24T08:18:20.182Z,14,31.44,31,31.9,31.6,62,62,62,62,39.7,73,73,Quiet,58.9,57,0,0,398.2,397,0,0,0,0,31.6,62,73,Light Activity,0,0,397,57
69eb276a899ce378bc9d435c,ESP32_GREENHOUSE_01,2026-04-24T08:18:50.185Z,15,31.45,31,31.9,31.3,62,62,62,62,58,101,36,Quiet,58.3,59,0,0,392.5,397,0,0,0,2,31.3,62,36,Quiet,0,0,397,59
69eb2788899ce378bc9d4364,ESP32_GREENHOUSE_01,2026-04-24T08:19:20.194Z,15,31.39,31,31.9,31.9,62,62,62,62,50.2,106,60,Quiet,58.7,57,0,0,395.3,394,0,0,0,0,31.9,62,60,Light Activity,0,0,394,57
69eb27a6899ce378bc9d436f,ESP32_GREENHOUSE_01,2026-04-24T08:19:50.200Z,15,31.45,31,31.9,31.5,62.13,62,63,63,49.5,82,36,Quiet,58.4,58,0,0,392.9,393,0,0,0,2,31.5,63,36,Quiet,0,0,393,58
69eb27c4899ce378bc9d4374,ESP32_GREENHOUSE_01,2026-04-24T08:20:20.211Z,15,31.43,31.1,31.8,31.2,62.67,62,63,63,45,87,30,Quiet,58.3,59,0,0,388.3,387,0,0,0,0,31.2,63,30,Quiet,0,0,387,59
69eb27e2899ce378bc9d4378,ESP32_GREENHOUSE_01,2026-04-24T08:20:50.225Z,15,31.46,31,31.9,31.8,63,63,63,63,58.2,154,93,Quiet,57.6,55,0,0,383.3,380,0,0,0,4,31.8,63,93,CRYING,0,0,380,55
69eb2800899ce378bc9d4382,ESP32_GREENHOUSE_01,2026-04-24T08:21:20.237Z,15,31.45,31,31.9,31.5,62.93,62,63,63,58.6,146,46,Quiet,57.6,58,0,0,380.5,375,0,0,0,3,31.5,63,46,Quiet,0,0,375,58
69eb281e899ce378bc9d438c,ESP32_GREENHOUSE_01,2026-04-24T08:21:50.247Z,14,31.48,31,31.9,31.3,62.64,62,63,63,65.6,123,89,CRYING,57.4,57,0,0,384.3,389,0,0,0,5,31.3,63,89,Restless,0,0,389,57
69eb283c899ce378bc9d4391,ESP32_GREENHOUSE_01,2026-04-24T08:22:20.257Z,15,31.39,31,31.8,31.6,63,63,63,63,62.3,177,39,Quiet,57.4,58,0,0,385.5,391,0,0,0,6,31.6,63,39,Quiet,0,0,391,58
69eb285a899ce378bc9d4396,ESP32_GREENHOUSE_01,2026-04-24T08:22:50.270Z,15,31.48,31.1,31.8,31.3,63,63,63,63,43.9,87,47,Quiet,57.9,58,0,0,391.3,392,0,0,0,1,31.3,63,47,Quiet,0,0,392,58
69eb2878899ce378bc9d439b,ESP32_GREENHOUSE_01,2026-04-24T08:23:20.273Z,15,31.39,31,31.9,31.5,62,62,62,62,49,61,37,Quiet,58.7,59,0,0,392.8,393,0,0,0,0,31.5,62,37,Quiet,0,0,393,59
69eb2896899ce378bc9d43a6,ESP32_GREENHOUSE_01,2026-04-24T08:23:50.283Z,15,31.41,31,31.7,31.5,62,62,62,62,68.7,124,93,Quiet,57.9,57,0,0,391.6,393,0,0,0,4,31.5,62,93,Restless,0,0,393,57
69eb28b4899ce378bc9d43af,ESP32_GREENHOUSE_01,2026-04-24T08:24:20.283Z,15,31.56,31.1,31.9,31.7,62,62,62,62,71.7,177,71,Light Activity,57.4,57,0,0,390.4,393,0,0,0,5,31.7,62,71,Light Activity,0,0,393,57
69eb28d2899ce378bc9d43ba,ESP32_GREENHOUSE_01,2026-04-24T08:24:50.292Z,15,31.35,31,31.9,31.9,62,62,62,62,134.8,1023,76,CRYING,55.4,56,0,0,393.1,390,0,0,0,7,31.9,62,76,Restless,0,0,390,56
69eb28f0899ce378bc9d43bf,ESP32_GREENHOUSE_01,2026-04-24T08:25:20.301Z,15,31.33,31,31.8,31.4,62,62,62,62,38.3,68,24,Quiet,59.2,60,0,0,395.1,396,0,0,0,0,31.4,62,24,Quiet,0,0,396,60
69eb290e899ce378bc9d43c2,ESP32_GREENHOUSE_01,2026-04-24T08:25:50.310Z,14,31.42,31,31.9,31.5,62,62,62,62,27.2,66,23,Quiet,59.4,59,0,0,395.6,396,0,0,0,0,31.5,62,23,Quiet,0,0,396,59
69eb292c899ce378bc9d43c3,ESP32_GREENHOUSE_01,2026-04-24T08:26:20.309Z,15,31.47,31,31.9,31.5,62,62,62,62,28.2,52,25,Quiet,59.2,59,0,0,396,396,0,0,0,0,31.5,62,25,Quiet,0,0,396,59
69eb294a899ce378bc9d43c4,ESP32_GREENHOUSE_01,2026-04-24T08:26:50.325Z,15,31.42,31,31.9,31.7,62,62,62,62,27.7,51,32,Quiet,59.4,58,0,0,395.7,395,0,0,0,0,31.7,62,32,Quiet,0,0,395,58
69eb2968899ce378bc9d43c7,ESP32_GREENHOUSE_01,2026-04-24T08:27:20.326Z,15,31.47,31,31.7,31.6,62,62,62,62,34.5,56,22,Quiet,59.1,59,0,0,395.5,395,0,0,0,0,31.6,62,22,Quiet,0,0,395,59
69eb2986899ce378bc9d43c8,ESP32_GREENHOUSE_01,2026-04-24T08:27:50.334Z,15,31.5,31,31.9,31,62,62,62,62,21.1,42,22,Quiet,59.5,61,0,0,395,395,0,0,0,0,31,62,22,Quiet,0,0,395,61
69eb29a4899ce378bc9d43c9,ESP32_GREENHOUSE_01,2026-04-24T08:28:20.348Z,15,31.45,31.1,31.8,31.6,62,62,62,62,20.5,30,30,Quiet,59.6,59,0,0,393.7,393,0,0,0,0,31.6,62,30,Quiet,0,0,393,59
69eb29c2899ce378bc9d43d3,ESP32_GREENHOUSE_01,2026-04-24T08:28:50.355Z,15,31.38,31,31.8,31.3,62,62,62,62,49.2,86,43,Quiet,58.7,59,0,0,392.4,392,0,0,0,0,31.3,62,43,Quiet,0,0,392,59
69eb29e0899ce378bc9d43dd,ESP32_GREENHOUSE_01,2026-04-24T08:29:20.359Z,15,31.45,31.1,31.9,31.6,62,62,62,62,42.9,74,21,Quiet,58.7,59,0,0,391.1,390,0,0,0,0,31.6,62,21,Quiet,0,0,390,59
69eb29fe899ce378bc9d43de,ESP32_GREENHOUSE_01,2026-04-24T08:29:50.366Z,14,31.39,31,31.7,31.3,62,62,62,62,21.9,37,29,Quiet,59.8,60,0,0,389.6,389,0,0,0,0,31.3,62,29,Quiet,0,0,389,60
69eb2a1c899ce378bc9d43df,ESP32_GREENHOUSE_01,2026-04-24T08:30:20.376Z,15,31.32,31,31.7,31.2,62,62,62,62,20.4,27,24,Quiet,60.1,60,0,0,388.4,388,0,0,0,0,31.2,62,24,Quiet,0,0,388,60
69eb2a3a899ce378bc9d43e0,ESP32_GREENHOUSE_01,2026-04-24T08:30:50.388Z,15,31.43,31,31.9,31.2,62,62,62,62,22.7,38,19,Quiet,59.7,60,0,0,387.3,387,0,0,0,0,31.2,62,19,Quiet,0,0,387,60
69eb2a58899ce378bc9d43e1,ESP32_GREENHOUSE_01,2026-04-24T08:31:20.394Z,15,31.47,31,31.7,31.7,62,62,62,62,27.7,41,41,Quiet,59.3,58,0,0,386.7,386,0,0,0,0,31.7,62,41,Quiet,0,0,386,58
69eb2a76899ce378bc9d43e6,ESP32_GREENHOUSE_01,2026-04-24T08:31:50.406Z,15,31.49,31.1,31.9,31.5,62,62,62,62,33.6,67,30,Quiet,59.1,59,0,0,385.9,385,0,0,0,0,31.5,62,30,Quiet,0,0,385,59
69eb2a94899ce378bc9d43e7,ESP32_GREENHOUSE_01,2026-04-24T08:32:20.420Z,15,31.57,31.2,31.9,31.7,62,62,62,62,31.9,51,29,Quiet,58.9,59,0,0,385,385,0,0,0,0,31.7,62,29,Quiet,0,0,385,59
69eb2ab2899ce378bc9d43e8,ESP32_GREENHOUSE_01,2026-04-24T08:32:50.427Z,15,31.35,31,31.8,31.5,62,62,62,62,24.8,41,16,Quiet,59.7,60,0,0,384.6,384,0,0,0,0,31.5,62,16,Quiet,0,0,384,60
69eb2ad0899ce378bc9d43ea,ESP32_GREENHOUSE_01,2026-04-24T08:33:20.439Z,14,31.42,31,31.9,31.5,61.71,61,62,61,31.4,68,68,Quiet,59.4,58,0,0,383.6,384,0,0,0,0,31.5,61,68,Light Activity,0,0,384,58
69eb2aee899ce378bc9d43ee,ESP32_GREENHOUSE_01,2026-04-24T08:33:50.454Z,15,31.45,31,31.9,31.3,61,61,61,61,30.5,65,40,Quiet,60,60,0,0,383,383,0,0,0,0,31.3,61,40,Quiet,0,0,383,60
69eb2b0c899ce378bc9d43f3,ESP32_GREENHOUSE_01,2026-04-24T08:34:20.457Z,15,31.33,31,31.9,31.4,61,61,61,61,38.9,64,26,Quiet,59.8,60,0,0,382.7,382,0,0,0,0,31.4,61,26,Quiet,0,0,382,60
69eb2b2a899ce378bc9d43f4,ESP32_GREENHOUSE_01,2026-04-24T08:34:50.469Z,15,31.42,31,31.9,31.1,61,61,61,61,28.1,39,24,Quiet,60,61,0,0,382,382,0,0,0,0,31.1,61,24,Quiet,0,0,382,61
69eb2b48899ce378bc9d43f7,ESP32_GREENHOUSE_01,2026-04-24T08:35:20.476Z,15,31.39,31,31.9,31.7,61.47,61,62,62,41.5,70,36,Quiet,59.3,58,0,0,382,382,0,0,0,0,31.7,62,36,Quiet,0,0,382,58
69eb2b66899ce378bc9d43fc,ESP32_GREENHOUSE_01,2026-04-24T08:35:50.484Z,15,31.53,31.1,31.9,31.4,62,62,62,62,38.2,55,35,Quiet,58.7,59,0,0,381.1,381,0,0,0,0,31.4,62,35,Quiet,0,0,381,59
69eb2b84899ce378bc9d43ff,ESP32_GREENHOUSE_01,2026-04-24T08:36:20.495Z,15,31.46,31.2,31.9,31.4,62,62,62,62,34.3,58,20,Quiet,59.1,60,0,0,380.5,381,0,0,0,0,31.4,62,20,Quiet,0,0,381,60
69eb2ba2899ce378bc9d4401,ESP32_GREENHOUSE_01,2026-04-24T08:36:50.505Z,15,31.39,31,31.9,31.9,61.13,61,62,61,35.1,80,80,Quiet,59.8,57,0,0,379.9,380,0,0,0,0,31.9,61,80,Restless,0,0,380,57
69eb2bc0899ce378bc9d4405,ESP32_GREENHOUSE_01,2026-04-24T08:37:20.519Z,14,31.35,31,31.9,31.9,61,61,61,61,33.4,55,22,Quiet,60.1,59,0,0,379.3,379,0,0,0,0,31.9,61,22,Quiet,0,0,379,59
69eb2bde899ce378bc9d4406,ESP32_GREENHOUSE_01,2026-04-24T08:37:50.534Z,15,31.47,31,31.9,31.9,61,61,61,61,26.5,35,19,Quiet,59.9,59,0,0,379.6,380,0,0,0,0,31.9,61,19,Quiet,0,0,380,59
69eb2bfc899ce378bc9d4409,ESP32_GREENHOUSE_01,2026-04-24T08:38:20.549Z,15,31.44,31,31.9,31.8,61,61,61,61,32.3,114,40,Quiet,59.7,59,0,0,380,380,0,0,0,1,31.8,61,40,Quiet,0,0,380,59
69eb2c1a899ce378bc9d440a,ESP32_GREENHOUSE_01,2026-04-24T08:38:50.551Z,15,31.45,31,31.9,31.4,61,61,61,61,34.3,53,24,Quiet,59.7,60,0,0,379.9,380,0,0,0,0,31.4,61,24,Quiet,0,0,380,60
69eb2c38899ce378bc9d440c,ESP32_GREENHOUSE_01,2026-04-24T08:39:20.556Z,15,31.53,31.1,31.9,31.9,61,61,61,61,31.1,70,70,Quiet,59.7,57,0,0,381.3,382,0,0,0,0,31.9,61,70,Light Activity,0,0,382,57
69eb2c56899ce378bc9d4416,ESP32_GREENHOUSE_01,2026-04-24T08:39:50.563Z,15,31.51,31.1,31.9,31.7,61,61,61,61,115.2,1023,50,CRYING,56.4,58,0,0,380.5,381,0,0,0,6,31.7,61,50,CRYING,0,0,381,58
69eb2c74899ce378bc9d4417,ESP32_GREENHOUSE_01,2026-04-24T08:40:20.573Z,15,31.21,31,31.5,31,61.47,61,62,62,192.7,1023,138,CRYING,53.9,56,0,0,382.1,382,0,0,0,15,31,62,138,CRYING,0,0,382,56
69eb2c92899ce378bc9d4418,ESP32_GREENHOUSE_01,2026-04-24T08:40:50.583Z,14,31.44,31,31.7,31.6,62,62,62,62,133,249,98,CRYING,55.4,56,0,0,382.7,384,0,0,0,14,31.6,62,98,CRYING,0,0,384,56
69eb2cb0899ce378bc9d4419,ESP32_GREENHOUSE_01,2026-04-24T08:41:20.583Z,15,31.46,31,31.9,31.4,62,62,62,62,121,246,175,CRYING,55.6,54,0,0,384.7,385,0,0,0,15,31.4,62,175,CRYING,0,0,385,54
69eb2cce899ce378bc9d441a,ESP32_GREENHOUSE_01,2026-04-24T08:41:50.595Z,15,31.44,31,31.9,31.5,62,62,62,62,54.4,186,30,CRYING,58.5,59,0,0,385.2,386,0,0,0,15,31.5,62,30,CRYING,0,0,386,59
69eb2cec899ce378bc9d441d,ESP32_GREENHOUSE_01,2026-04-24T08:42:20.597Z,15,31.53,31.2,31.9,31.5,61.33,61,62,61,36.7,75,75,CRYING,59.3,58,0,0,386,386,0,0,0,11,31.5,61,75,CRYING,0,0,386,58
69eb2d0a899ce378bc9d4422,ESP32_GREENHOUSE_01,2026-04-24T08:42:50.604Z,15,31.58,31.1,31.9,31.5,61,61,61,61,43,73,57,Quiet,59,59,0,0,387.2,388,0,0,0,0,31.5,61,57,Light Activity,0,0,388,59
69eb2d28899ce378bc9d4426,ESP32_GREENHOUSE_01,2026-04-24T08:43:20.615Z,15,31.56,31,31.9,31.8,61,61,61,61,53.3,483,37,Quiet,58.7,59,0,0,373.2,365,0,0,0,1,31.8,61,37,Quiet,0,0,365,59
69eb2d46899ce378bc9d4427,ESP32_GREENHOUSE_01,2026-04-24T08:43:50.618Z,15,31.41,31,31.9,31.3,61,61,61,61,29.3,42,31,Quiet,59.9,60,0,0,365.9,367,0,0,0,0,31.3,61,31,Quiet,0,0,367,60
69eb2d64899ce378bc9d4428,ESP32_GREENHOUSE_01,2026-04-24T08:44:20.623Z,15,31.43,31,31.9,31.5,61,61,61,61,23.9,29,25,Quiet,60.2,60,0,0,367.8,369,0,0,0,0,31.5,61,25,Quiet,0,0,369,60
69eb2d82899ce378bc9d442d,ESP32_GREENHOUSE_01,2026-04-24T08:44:50.626Z,14,31.41,31,31.7,31.5,61,61,61,61,38.7,104,30,Quiet,59.6,60,0,0,369.9,371,0,0,0,0,31.5,61,30,Quiet,0,0,371,60
69eb2da0899ce378bc9d442e,ESP32_GREENHOUSE_01,2026-04-24T08:45:20.634Z,15,31.45,31.1,31.9,31.4,61,61,61,61,29.7,51,22,Quiet,59.9,60,0,0,372.1,373,0,0,0,0,31.4,61,22,Quiet,0,0,373,60
69eb2dbe899ce378bc9d4431,ESP32_GREENHOUSE_01,2026-04-24T08:45:50.649Z,15,31.41,31,31.8,31,61,61,61,61,28.9,66,40,Quiet,60.1,61,0,0,374.1,375,0,0,0,0,31,61,40,Quiet,0,0,375,61
69eb2ddc899ce378bc9d4438,ESP32_GREENHOUSE_01,2026-04-24T08:46:20.661Z,15,31.45,31,31.8,31.8,61,61,61,61,66.7,310,310,Quiet,58.4,48,0,0,376.2,377,0,0,0,1,31.8,61,310,Restless,0,0,377,48
69eb2dfa899ce378bc9d443c,ESP32_GREENHOUSE_01,2026-04-24T08:46:50.667Z,15,31.48,31,31.9,31.5,61,61,61,61,32.7,124,24,Quiet,59.6,60,0,0,377.7,378,0,0,0,1,31.5,61,24,Quiet,0,0,378,60
69eb2e18899ce378bc9d4441,ESP32_GREENHOUSE_01,2026-04-24T08:47:20.681Z,15,31.38,31,31.9,31.2,61,61,61,61,48.3,81,73,Quiet,59.5,59,0,0,378.1,378,0,0,0,1,31.2,61,73,Restless,0,0,378,59
69eb2e36899ce378bc9d4446,ESP32_GREENHOUSE_01,2026-04-24T08:47:50.696Z,15,31.45,31,31.9,31.2,61.47,61,62,62,100.5,254,82,CRYING,56.8,58,0,0,381.5,385,0,0,0,11,31.2,62,82,CRYING,0,0,385,58
69eb2e54899ce378bc9d4447,ESP32_GREENHOUSE_01,2026-04-24T08:48:20.710Z,15,31.37,31,31.9,31.4,61.93,61,62,62,119.3,232,59,CRYING,56,58,0,0,383.2,383,0,0,0,15,31.4,62,59,CRYING,0,0,383,58
69eb2e72899ce378bc9d4448,ESP32_GREENHOUSE_01,2026-04-24T08:48:50.716Z,14,31.34,31,31.8,31.3,61.93,61,62,62,125.6,267,200,CRYING,55.9,53,0,0,384.1,385,0,0,0,14,31.3,62,200,CRYING,0,0,385,53
69eb2e90899ce378bc9d4449,ESP32_GREENHOUSE_01,2026-04-24T08:49:20.721Z,15,31.46,31,31.9,31.6,61.4,61,62,61,133.3,284,235,CRYING,55.6,51,0,0,384.6,385,0,0,0,15,31.6,61,235,CRYING,0,0,385,51
69eb2eae899ce378bc9d444a,ESP32_GREENHOUSE_01,2026-04-24T08:49:50.728Z,15,31.36,31,31.7,31,61.27,61,62,61,141.1,227,53,CRYING,55.6,60,0,0,385.1,385,0,0,0,15,31,61,53,CRYING,0,0,385,60
69eb2ecc899ce378bc9d444b,ESP32_GREENHOUSE_01,2026-04-24T08:50:20.732Z,15,31.47,31,31.8,31.2,61.67,61,62,62,127.7,268,239,CRYING,55.6,52,0,0,383.9,384,0,0,0,15,31.2,62,239,CRYING,0,0,384,52
69eb2eea899ce378bc9d444c,ESP32_GREENHOUSE_01,2026-04-24T08:50:50.736Z,15,31.41,31.2,31.8,31.4,61.67,61,62,62,165.6,253,127,CRYING,54.2,56,0,0,385.1,383,0,0,0,15,31.4,62,127,CRYING,0,0,383,56
69eb2f08899ce378bc9d444d,ESP32_GREENHOUSE_01,2026-04-24T08:51:20.736Z,15,31.48,31,31.7,31.1,62,62,62,62,119.1,229,41,CRYING,55.8,60,0,0,385.1,386,0,0,0,15,31.1,62,41,CRYING,0,0,386,60
69eb2f26899ce378bc9d444e,ESP32_GREENHOUSE_01,2026-04-24T08:51:50.745Z,15,31.44,31,31.7,31.1,62,62,62,62,106.1,340,55,CRYING,56.3,59,0,0,384.7,385,0,0,0,15,31.1,62,55,CRYING,0,0,385,59
69eb2f44899ce378bc9d444f,ESP32_GREENHOUSE_01,2026-04-24T08:52:20.750Z,14,31.43,31,31.9,31.9,62,62,62,62,107.4,191,55,CRYING,56.2,57,0,0,385.4,385,0,0,0,14,31.9,62,55,CRYING,0,0,385,57
69eb2f62899ce378bc9d4450,ESP32_GREENHOUSE_01,2026-04-24T08:52:50.755Z,15,31.54,31,31.9,31.6,62,62,62,62,164.7,276,114,CRYING,53.8,56,0,0,381,379,0,0,0,15,31.6,62,114,CRYING,0,0,379,56
69eb2f80899ce378bc9d4451,ESP32_GREENHOUSE_01,2026-04-24T08:53:20.758Z,15,31.26,31,31.7,31.2,62,62,62,62,133.8,263,57,CRYING,55.7,59,0,0,381.9,382,0,0,0,15,31.2,62,57,CRYING,0,0,382,59
69eb2f9e899ce378bc9d4452,ESP32_GREENHOUSE_01,2026-04-24T08:53:50.769Z,15,31.54,31,31.9,31.9,62,62,62,62,122.1,221,57,CRYING,55.3,57,0,0,380.1,379,0,0,0,15,31.9,62,57,CRYING,0,0,379,57
69eb2fbc899ce378bc9d4453,ESP32_GREENHOUSE_01,2026-04-24T08:54:20.783Z,15,31.51,31,31.9,31.8,62,62,62,62,109.5,174,55,CRYING,56,57,0,0,379.1,379,0,0,0,15,31.8,62,55,CRYING,0,0,379,57
69eb2fda899ce378bc9d4454,ESP32_GREENHOUSE_01,2026-04-24T08:54:50.792Z,15,31.46,31.1,31.8,31.7,62,62,62,62,153.4,295,197,CRYING,54.5,52,0,0,378.4,379,0,0,0,15,31.7,62,197,CRYING,0,0,379,52
69eb2ff8899ce378bc9d4455,ESP32_GREENHOUSE_01,2026-04-24T08:55:20.797Z,15,31.48,31,31.9,31.1,61.93,61,62,61,180.3,306,120,CRYING,53.3,57,0,0,376.7,377,0,0,0,15,31.1,61,120,CRYING,0,0,377,57
69eb3016899ce378bc9d4456,ESP32_GREENHOUSE_01,2026-04-24T08:55:50.804Z,15,31.55,31,31.9,31.4,61.6,61,62,62,64.9,188,71,CRYING,57.9,58,0,0,377.3,377,0,0,0,15,31.4,62,71,CRYING,0,0,377,58
69eb3034899ce378bc9d4457,ESP32_GREENHOUSE_01,2026-04-24T08:56:20.810Z,14,31.38,31,31.9,31.4,61.64,61,62,61,62.1,79,51,CRYING,58.4,59,0,0,375.6,376,0,0,0,14,31.4,61,51,CRYING,0,0,376,59
69eb3052899ce378bc9d4458,ESP32_GREENHOUSE_01,2026-04-24T08:56:50.814Z,15,31.49,31,31.8,31.4,61.73,61,62,62,53.1,65,44,CRYING,58.5,59,0,0,373.9,373,0,0,0,15,31.4,62,44,CRYING,0,0,373,59
69eb3070899ce378bc9d4459,ESP32_GREENHOUSE_01,2026-04-24T08:57:20.815Z,15,31.3,31,31.8,31.1,61.33,61,62,61,46.6,56,49,CRYING,59.3,60,0,0,372.6,373,0,0,0,15,31.1,61,49,CRYING,0,0,373,60
69eb308e899ce378bc9d445a,ESP32_GREENHOUSE_01,2026-04-24T08:57:50.827Z,15,31.42,31,31.9,31.6,61.33,61,62,62,140.5,285,285,CRYING,55.5,49,0,0,372.5,369,0,0,0,15,31.6,62,285,CRYING,0,0,369,49
69eb30ac899ce378bc9d445b,ESP32_GREENHOUSE_01,2026-04-24T08:58:20.838Z,15,31.35,31,31.7,31.5,61.93,61,62,62,294.9,1023,71,CRYING,49.4,58,0,0,372.5,373,0,0,0,15,31.5,62,71,CRYING,0,0,373,58
69eb30ca899ce378bc9d445c,ESP32_GREENHOUSE_01,2026-04-24T08:58:50.845Z,15,31.39,31,31.9,31.8,62,62,62,62,290.5,916,169,CRYING,49.3,53,0,0,371.8,373,0,0,0,15,31.8,62,169,CRYING,0,0,373,53
69eb30e8899ce378bc9d445d,ESP32_GREENHOUSE_01,2026-04-24T08:59:20.847Z,15,31.38,31,31.8,31.2,62,62,62,62,175.1,531,60,CRYING,53.7,59,0,0,373.9,370,0,0,0,15,31.2,62,60,CRYING,0,0,370,59
69eb3106899ce378bc9d445e,ESP32_GREENHOUSE_01,2026-04-24T08:59:50.847Z,14,31.46,31,31.9,31.4,62,62,62,62,214.6,561,55,CRYING,51.9,58,0,0,375.3,375,0,0,0,14,31.4,62,55,CRYING,0,0,375,58
69eb3124899ce378bc9d445f,ESP32_GREENHOUSE_01,2026-04-24T09:00:20.848Z,15,31.49,31,31.9,31.6,62,62,62,62,333.5,929,441,CRYING,47.3,43,0,0,371.9,375,0,0,0,15,31.6,62,441,CRYING,0,0,375,43
69eb3142899ce378bc9d4460,ESP32_GREENHOUSE_01,2026-04-24T09:00:50.856Z,15,31.35,31,31.9,31.1,62,62,62,62,289.5,927,641,CRYING,49.3,36,0,0,374.4,377,0,0,0,15,31.1,62,641,CRYING,0,0,377,36
69eb3160899ce378bc9d4461,ESP32_GREENHOUSE_01,2026-04-24T09:01:20.864Z,15,31.48,31,31.9,31.3,62,62,62,62,153.9,367,58,CRYING,54.4,59,0,0,375.9,379,0,0,0,15,31.3,62,58,CRYING,0,0,379,59
69eb317e899ce378bc9d4462,ESP32_GREENHOUSE_01,2026-04-24T09:01:50.869Z,15,31.58,31.1,31.9,31.7,62,62,62,62,186.2,833,33,CRYING,52.7,58,0,0,377.3,378,0,0,0,15,31.7,62,33,CRYING,0,0,378,58
69eb319c899ce378bc9d4463,ESP32_GREENHOUSE_01,2026-04-24T09:02:20.877Z,15,31.39,31,31.9,31.2,62,62,62,62,199.5,597,32,CRYING,52.8,60,0,0,377.4,378,0,0,0,15,31.2,62,32,CRYING,0,0,378,60
69eb31ba899ce378bc9d4464,ESP32_GREENHOUSE_01,2026-04-24T09:02:50.878Z,15,31.42,31,31.9,31.3,62,62,62,62,198.2,1023,93,CRYING,52.6,57,0,0,379.5,378,0,0,0,15,31.3,62,93,CRYING,0,0,378,57
69eb31d8899ce378bc9d4465,ESP32_GREENHOUSE_01,2026-04-24T09:03:20.887Z,15,31.5,31,31.8,31.4,62,62,62,62,102,445,43,CRYING,56.4,59,0,0,377.6,381,0,0,0,15,31.4,62,43,CRYING,0,0,381,59
69eb31f6899ce378bc9d4466,ESP32_GREENHOUSE_01,2026-04-24T09:03:50.899Z,14,31.56,31,31.9,31.8,62,62,62,62,215,1023,170,CRYING,51.8,53,0,0,373.9,381,0,0,0,14,31.8,62,170,CRYING,0,0,381,53
69eb3214899ce378bc9d4467,ESP32_GREENHOUSE_01,2026-04-24T09:04:20.903Z,15,31.49,31,31.9,31.8,62,62,62,62,138.6,592,28,CRYING,54.9,58,0,0,380.3,380,0,0,0,15,31.8,62,28,CRYING,0,0,380,58
69eb3232899ce378bc9d4468,ESP32_GREENHOUSE_01,2026-04-24T09:04:50.912Z,15,31.42,31,31.9,31,62,62,62,62,147.3,480,33,CRYING,54.7,60,0,0,377.5,382,0,0,0,15,31,62,33,CRYING,0,0,382,60
69eb3250899ce378bc9d4469,ESP32_GREENHOUSE_01,2026-04-24T09:05:20.917Z,15,31.33,31,31.9,31.5,62.6,62,63,63,261,1023,331,CRYING,50.3,47,0,0,382.2,383,0,0,0,15,31.5,63,331,CRYING,0,0,383,47
69eb326e899ce378bc9d446a,ESP32_GREENHOUSE_01,2026-04-24T09:05:50.923Z,15,31.45,31,31.9,31.9,62.33,62,63,62,298.7,1023,60,CRYING,48.6,57,0,0,383.7,386,0,0,0,15,31.9,62,60,CRYING,0,0,386,57
69eb328c899ce378bc9d446b,ESP32_GREENHOUSE_01,2026-04-24T09:06:20.928Z,15,31.49,31,31.9,31.4,62,62,62,62,302.9,635,303,CRYING,48.5,49,0,0,381.9,381,0,0,0,15,31.4,62,303,CRYING,0,0,381,49
69eb32aa899ce378bc9d446c,ESP32_GREENHOUSE_01,2026-04-24T09:06:50.932Z,15,31.54,31,31.9,31.1,62,62,62,62,305.7,997,75,CRYING,48,58,0,0,381.9,384,0,0,0,15,31.1,62,75,CRYING,0,0,384,58
69eb32c8899ce378bc9d446d,ESP32_GREENHOUSE_01,2026-04-24T09:07:20.935Z,15,31.45,31,31.8,31.8,62,62,62,62,249.9,1023,78,CRYING,50.6,56,0,0,383.6,383,0,0,0,15,31.8,62,78,CRYING,0,0,383,56
69eb32e6899ce378bc9d446e,ESP32_GREENHOUSE_01,2026-04-24T09:07:50.942Z,14,31.44,31,31.9,31.3,62,62,62,62,147.7,327,98,CRYING,54.6,57,0,0,383.6,383,0,0,0,14,31.3,62,98,CRYING,0,0,383,57
69eb3304899ce378bc9d446f,ESP32_GREENHOUSE_01,2026-04-24T09:08:20.949Z,15,31.37,31,31.8,31.7,62,62,62,62,178.1,870,77,CRYING,53.7,57,0,0,383.7,384,0,0,0,15,31.7,62,77,CRYING,0,0,384,57
69eb3322899ce378bc9d4470,ESP32_GREENHOUSE_01,2026-04-24T09:08:50.952Z,15,31.46,31.2,31.8,31.2,62,62,62,62,239.2,828,73,CRYING,50.9,58,0,0,383.9,384,0,0,0,15,31.2,62,73,CRYING,0,0,384,58
69eb3340899ce378bc9d4471,ESP32_GREENHOUSE_01,2026-04-24T09:09:20.965Z,15,31.53,31,31.9,31.8,62,62,62,62,227.7,717,190,CRYING,51.3,52,0,0,384.1,384,0,0,0,15,31.8,62,190,CRYING,0,0,384,52
69eb335e899ce378bc9d4472,ESP32_GREENHOUSE_01,2026-04-24T09:09:50.974Z,15,31.46,31.1,31.8,31.3,61.13,61,62,61,227.8,862,129,CRYING,51.9,56,0,0,384.8,385,0,0,0,15,31.3,61,129,CRYING,0,0,385,56
69eb337c899ce378bc9d4473,ESP32_GREENHOUSE_01,2026-04-24T09:10:20.980Z,15,31.39,31,31.9,31.1,61,61,61,61,131.3,361,226,CRYING,56.1,53,0,0,384.7,385,0,0,0,15,31.1,61,226,CRYING,0,0,385,53
69eb339a899ce378bc9d4474,ESP32_GREENHOUSE_01,2026-04-24T09:10:50.983Z,15,31.39,31.1,31.9,31.3,61,61,61,61,165.2,416,87,CRYING,54.7,58,0,0,383.5,383,0,0,0,15,31.3,61,87,CRYING,0,0,383,58
69eb33b8899ce378bc9d4475,ESP32_GREENHOUSE_01,2026-04-24T09:11:20.984Z,14,31.42,31,31.8,31.7,61,61,61,61,101.5,308,62,CRYING,57.1,58,0,0,384,384,0,0,0,14,31.7,61,62,CRYING,0,0,384,58
69eb33d6899ce378bc9d4476,ESP32_GREENHOUSE_01,2026-04-24T09:11:50.985Z,15,31.47,31.1,31.9,31.6,60.93,60,61,61,83.5,115,90,CRYING,57.8,57,0,0,383.1,383,0,0,0,15,31.6,61,90,CRYING,0,0,383,57
69eb33f4899ce378bc9d4477,ESP32_GREENHOUSE_01,2026-04-24T09:12:20.999Z,15,31.43,31,31.9,31.9,60.6,60,61,61,128.7,230,82,CRYING,56.2,57,0,0,383.4,384,0,0,0,15,31.9,61,82,CRYING,0,0,384,57
69eb3413899ce378bc9d4478,ESP32_GREENHOUSE_01,2026-04-24T09:12:51.012Z,15,31.62,31.1,31.9,31.2,60.2,60,61,60,109.1,222,83,CRYING,56.8,59,0,0,384.8,385,0,0,0,15,31.2,60,83,CRYING,0,0,385,59
69eb3431899ce378bc9d4479,ESP32_GREENHOUSE_01,2026-04-24T09:13:21.016Z,15,31.49,31,31.8,31.7,60.13,60,61,60,99.1,132,100,CRYING,57.7,57,0,0,385.5,386,0,0,0,15,31.7,60,100,CRYING,0,0,386,57
69eb344f899ce378bc9d447a,ESP32_GREENHOUSE_01,2026-04-24T09:13:51.017Z,15,31.48,31.1,31.9,31.4,60.33,60,61,60,152.9,313,78,CRYING,55.4,59,0,0,385.8,387,0,0,0,15,31.4,60,78,CRYING,0,0,387,59
69eb346d899ce378bc9d447b,ESP32_GREENHOUSE_01,2026-04-24T09:14:21.028Z,15,31.35,31,31.9,31.8,60.33,60,61,60,105.8,187,129,CRYING,57.6,56,0,0,387.7,388,0,0,0,15,31.8,60,129,CRYING,0,0,388,56
69eb348b899ce378bc9d447c,ESP32_GREENHOUSE_01,2026-04-24T09:14:51.042Z,15,31.36,31.1,31.7,31.4,60.13,60,61,60,127.3,176,66,CRYING,56.9,59,0,0,388,388,0,0,0,15,31.4,60,66,CRYING,0,0,388,59
69eb34a9899ce378bc9d447d,ESP32_GREENHOUSE_01,2026-04-24T09:15:21.047Z,14,31.4,31,31.9,31.5,60,60,60,60,111.9,229,95,CRYING,57.4,58,0,0,388.7,389,0,0,0,14,31.5,60,95,CRYING,0,0,389,58
69eb34c7899ce378bc9d447e,ESP32_GREENHOUSE_01,2026-04-24T09:15:51.058Z,15,31.38,31.1,31.7,31.6,60,60,60,60,140.7,386,180,CRYING,56.3,54,0,0,389.1,390,0,0,0,15,31.6,60,180,CRYING,0,0,390,54
69eb34e5899ce378bc9d447f,ESP32_GREENHOUSE_01,2026-04-24T09:16:21.058Z,15,31.35,31,31.9,31.2,60,60,60,60,136,304,131,CRYING,56.7,57,0,0,390,389,0,0,0,15,31.2,60,131,CRYING,0,0,389,57
69eb3503899ce378bc9d4480,ESP32_GREENHOUSE_01,2026-04-24T09:16:51.064Z,15,31.4,31,31.8,31.4,60,60,60,60,283.5,664,543,CRYING,50.7,41,0,0,396.1,399,0,0,0,15,31.4,60,543,CRYING,0,0,399,41
69eb3521899ce378bc9d4481,ESP32_GREENHOUSE_01,2026-04-24T09:17:21.067Z,15,31.44,31,31.8,31.8,60,60,60,60,215.4,579,342,CRYING,53.3,47,0,0,396.2,396,0,0,0,15,31.8,60,342,CRYING,0,0,396,47
69eb353f899ce378bc9d4482,ESP32_GREENHOUSE_01,2026-04-24T09:17:51.079Z,15,31.45,31,31.9,31.5,60,60,60,60,263.8,607,298,CRYING,51.5,50,0,0,396.9,397,0,0,0,15,31.5,60,298,CRYING,0,0,397,50
69eb355d899ce378bc9d4483,ESP32_GREENHOUSE_01,2026-04-24T09:18:21.089Z,15,31.57,31,31.9,31.9,60,60,60,60,260.5,612,394,CRYING,51.3,45,0,0,397.8,398,0,0,0,15,31.9,60,394,CRYING,0,0,398,45
69eb357b899ce378bc9d4484,ESP32_GREENHOUSE_01,2026-04-24T09:18:51.099Z,14,31.56,31.1,31.9,31.2,60,60,60,60,239.6,563,210,CRYING,52,54,0,0,398.1,398,0,0,0,14,31.2,60,210,CRYING,0,0,398,54
69eb3599899ce378bc9d4485,ESP32_GREENHOUSE_01,2026-04-24T09:19:21.113Z,9,31.4,31,31.9,31.5,60,60,60,60,194.7,407,407,CRYING,54.3,46,0,0,398.2,399,0,0,0,9,31.5,60,407,CRYING,0,0,399,46
69eb35b7899ce378bc9d4486,ESP32_GREENHOUSE_01,2026-04-24T09:19:51.118Z,1,31.5,31.5,31.5,31.5,60,60,60,60,342,342,342,CRYING,48,48,0,0,399,399,0,0,0,1,31.5,60,342,CRYING,0,0,399,48
69eb35d5899ce378bc9d4487,ESP32_GREENHOUSE_01,2026-04-24T09:20:21.123Z,14,31.33,31,31.9,31.3,59.43,59,60,59,82.3,114,78,CRYING,59.3,60,0,0,400,400,0,0,0,14,31.3,59,78,CRYING,0,0,400,60
69eb35f3899ce378bc9d4488,ESP32_GREENHOUSE_01,2026-04-24T09:20:51.138Z,15,31.45,31,31.9,31.9,59.33,59,60,59,96.7,174,121,CRYING,58.3,56,0,0,400,400,0,0,0,15,31.9,59,121,CRYING,0,0,400,56
69eb3611899ce378bc9d4489,ESP32_GREENHOUSE_01,2026-04-24T09:21:21.140Z,15,31.41,31,31.8,31.8,59,59,59,59,96.1,173,90,CRYING,58.8,58,0,0,400.5,402,0,0,0,15,31.8,59,90,CRYING,0,0,402,58
69eb362f899ce378bc9d448a,ESP32_GREENHOUSE_01,2026-04-24T09:21:51.153Z,15,31.42,31,31.9,31.8,59,59,59,59,81.4,103,62,CRYING,59.3,59,0,0,402.2,403,0,0,0,15,31.8,59,62,CRYING,0,0,403,59
69eb364d899ce378bc9d448b,ESP32_GREENHOUSE_01,2026-04-24T09:22:21.167Z,14,31.41,31,31.9,31.3,59,59,59,59,88.4,105,77,CRYING,58.9,60,0,0,402.6,403,0,0,0,14,31.3,59,77,CRYING,0,0,403,60
69eb366b899ce378bc9d448c,ESP32_GREENHOUSE_01,2026-04-24T09:22:51.182Z,15,31.42,31,31.9,31.2,59,59,59,59,84.9,111,88,CRYING,59.1,60,0,0,403.5,404,0,0,0,15,31.2,59,88,CRYING,0,0,404,60
69eb3689899ce378bc9d448d,ESP32_GREENHOUSE_01,2026-04-24T09:23:21.190Z,15,31.41,31,31.9,31,59,59,59,59,82.9,101,95,CRYING,59.1,60,0,0,404.5,405,0,0,0,15,31,59,95,CRYING,0,0,405,60
69eb36a7899ce378bc9d448e,ESP32_GREENHOUSE_01,2026-04-24T09:23:51.200Z,15,31.37,31,31.9,31.9,59,59,59,59,89.3,105,92,CRYING,58.9,57,0,0,404.7,405,0,0,0,15,31.9,59,92,CRYING,0,0,405,57
69eb36c5899ce378bc9d448f,ESP32_GREENHOUSE_01,2026-04-24T09:24:21.207Z,15,31.45,31,31.9,31.7,59,59,59,59,84,105,79,CRYING,59.1,59,0,0,405.1,405,0,0,0,15,31.7,59,79,CRYING,0,0,405,59
69eb36e3899ce378bc9d4490,ESP32_GREENHOUSE_01,2026-04-24T09:24:51.212Z,15,31.47,31,31.9,31.8,59,59,59,59,84.1,107,69,CRYING,58.9,59,0,0,404.9,405,0,0,0,15,31.8,59,69,CRYING,0,0,405,59
69eb3701899ce378bc9d4491,ESP32_GREENHOUSE_01,2026-04-24T09:25:21.226Z,15,31.56,31,31.9,31.7,59,59,59,59,86.4,110,79,CRYING,58.6,59,0,0,404.5,404,0,0,0,15,31.7,59,79,CRYING,0,0,404,59
69eb371f899ce378bc9d4492,ESP32_GREENHOUSE_01,2026-04-24T09:25:51.241Z,15,31.57,31,31.9,31.6,59,59,59,59,86.6,115,77,CRYING,58.7,59,0,0,403.7,404,0,0,0,15,31.6,59,77,CRYING,0,0,404,59
69eb373d899ce378bc9d4493,ESP32_GREENHOUSE_01,2026-04-24T09:26:21.244Z,15,31.48,31,31.8,31.2,59,59,59,59,87.7,129,76,CRYING,58.9,60,0,0,404.1,405,0,0,0,15,31.2,59,76,CRYING,0,0,405,60
69eb375b899ce378bc9d4494,ESP32_GREENHOUSE_01,2026-04-24T09:26:51.251Z,14,31.26,31,31.8,31,59,59,59,59,90.1,110,91,CRYING,59.3,60,0,0,403.4,402,0,0,0,14,31,59,91,CRYING,0,0,402,60
69eb3779899ce378bc9d4495,ESP32_GREENHOUSE_01,2026-04-24T09:27:21.266Z,15,31.47,31,31.9,31.1,59,59,59,59,79.3,105,75,CRYING,59.2,60,0,0,402,402,0,0,0,15,31.1,59,75,CRYING,0,0,402,60
69eb3797899ce378bc9d4496,ESP32_GREENHOUSE_01,2026-04-24T09:27:51.270Z,15,31.59,31,31.9,31.7,59,59,59,59,80.7,101,74,CRYING,58.7,59,0,0,401.7,401,0,0,0,15,31.7,59,74,CRYING,0,0,401,59
69eb37b5899ce378bc9d4497,ESP32_GREENHOUSE_01,2026-04-24T09:28:21.270Z,15,31.58,31,31.9,31.6,59,59,59,59,97.4,134,118,CRYING,58.2,57,0,0,400.3,399,0,0,0,15,31.6,59,118,CRYING,0,0,399,57
69eb37d3899ce378bc9d4498,ESP32_GREENHOUSE_01,2026-04-24T09:28:51.280Z,15,31.57,31,31.9,31.8,59,59,59,59,78.9,100,81,CRYING,58.9,58,0,0,399,399,0,0,0,15,31.8,59,81,CRYING,0,0,399,58
69eb37f1899ce378bc9d4499,ESP32_GREENHOUSE_01,2026-04-24T09:29:21.295Z,15,31.64,31.1,31.9,31.7,59,59,59,59,73.5,96,82,CRYING,58.9,58,0,0,399,399,0,0,0,15,31.7,59,82,CRYING,0,0,399,58
69eb380f899ce378bc9d449a,ESP32_GREENHOUSE_01,2026-04-24T09:29:51.302Z,15,31.37,31,31.8,31.4,59,59,59,59,101.5,173,94,CRYING,58.7,59,0,0,399,399,0,0,0,15,31.4,59,94,CRYING,0,0,399,59
69eb382d899ce378bc9d449b,ESP32_GREENHOUSE_01,2026-04-24T09:30:21.306Z,14,31.41,31,31.9,31.3,59,59,59,59,81.5,127,55,CRYING,59.3,61,0,0,399.1,399,0,0,0,14,31.3,59,55,CRYING,0,0,399,61
69eb384b899ce378bc9d449c,ESP32_GREENHOUSE_01,2026-04-24T09:30:51.313Z,15,31.41,31,31.9,31,59,59,59,59,82.6,109,71,CRYING,59.2,61,0,0,398,397,0,0,0,15,31,59,71,CRYING,0,0,397,61
69eb3869899ce378bc9d449d,ESP32_GREENHOUSE_01,2026-04-24T09:31:21.314Z,15,31.52,31,31.9,31.8,59,59,59,59,77.9,107,77,CRYING,59,58,0,0,397.1,397,0,0,0,15,31.8,59,77,CRYING,0,0,397,58
69eb3887899ce378bc9d449e,ESP32_GREENHOUSE_01,2026-04-24T09:31:51.328Z,15,31.55,31,31.9,31.5,59,59,59,59,85.8,147,79,CRYING,58.5,59,0,0,397.3,397,0,0,0,15,31.5,59,79,CRYING,0,0,397,59
69eb38a5899ce378bc9d449f,ESP32_GREENHOUSE_01,2026-04-24T09:32:21.328Z,15,31.49,31,31.9,31.4,59,59,59,59,83.6,122,99,CRYING,58.9,59,0,0,397.1,397,0,0,0,15,31.4,59,99,CRYING,0,0,397,59
69eb38c3899ce378bc9d44a0,ESP32_GREENHOUSE_01,2026-04-24T09:32:51.333Z,15,31.47,31,31.9,31.1,59,59,59,59,85.3,122,120,CRYING,59,59,0,0,396,395,0,0,0,15,31.1,59,120,CRYING,0,0,395,59
69eb38e1899ce378bc9d44a1,ESP32_GREENHOUSE_01,2026-04-24T09:33:21.335Z,15,31.37,31,31.9,31.2,59,59,59,59,91.7,112,81,CRYING,58.9,60,0,0,395.2,395,0,0,0,15,31.2,59,81,CRYING,0,0,395,60
69eb38ff899ce378bc9d44a2,ESP32_GREENHOUSE_01,2026-04-24T09:33:51.337Z,15,31.27,31,31.6,31.1,59,59,59,59,86.3,108,93,CRYING,59.5,60,0,0,394.3,394,0,0,0,15,31.1,59,93,CRYING,0,0,394,60
69eb391d899ce378bc9d44a3,ESP32_GREENHOUSE_01,2026-04-24T09:34:21.341Z,14,31.54,31,31.9,31.5,59,59,59,59,92.9,112,82,CRYING,58.4,59,0,0,394,394,0,0,0,14,31.5,59,82,CRYING,0,0,394,59
69eb393b899ce378bc9d44a4,ESP32_GREENHOUSE_01,2026-04-24T09:34:51.355Z,15,31.43,31,31.9,31.3,59,59,59,59,93.2,180,70,CRYING,58.7,60,0,0,393.3,393,0,0,0,15,31.3,59,70,CRYING,0,0,393,60
69eb3959899ce378bc9d44a5,ESP32_GREENHOUSE_01,2026-04-24T09:35:21.368Z,15,31.34,31,31.9,31.4,59,59,59,59,77.1,115,75,CRYING,59.5,60,0,0,392.5,392,0,0,0,15,31.4,59,75,CRYING,0,0,392,60
69eb3977899ce378bc9d44a6,ESP32_GREENHOUSE_01,2026-04-24T09:35:51.378Z,15,31.34,31,31.8,31.1,59,59,59,59,79.3,105,66,CRYING,59.5,61,0,0,392,392,0,0,0,15,31.1,59,66,CRYING,0,0,392,61
69eb3995899ce378bc9d44a7,ESP32_GREENHOUSE_01,2026-04-24T09:36:21.385Z,15,31.51,31,31.9,31.9,59,59,59,59,81.4,127,80,CRYING,59,58,0,0,391.8,391,0,0,0,15,31.9,59,80,CRYING,0,0,391,58
69eb39b3899ce378bc9d44a8,ESP32_GREENHOUSE_01,2026-04-24T09:36:51.396Z,15,31.36,31,31.8,31.8,59,59,59,59,78.4,106,88,CRYING,59.3,58,0,0,391.2,391,0,0,0,15,31.8,59,88,CRYING,0,0,391,58
69eb39d1899ce378bc9d44a9,ESP32_GREENHOUSE_01,2026-04-24T09:37:21.400Z,15,31.27,31,31.6,31.1,59,59,59,59,75,98,96,CRYING,59.9,60,0,0,390.3,390,0,0,0,15,31.1,59,96,CRYING,0,0,390,60
69eb39ef899ce378bc9d44aa,ESP32_GREENHOUSE_01,2026-04-24T09:37:51.404Z,14,31.51,31.2,31.9,31.5,59,59,59,59,93.4,139,79,CRYING,58.5,59,0,0,390,390,0,0,0,14,31.5,59,79,CRYING,0,0,390,59
69eb3a0d899ce378bc9d44ab,ESP32_GREENHOUSE_01,2026-04-24T09:38:21.416Z,15,31.49,31,31.9,31.8,59,59,59,59,88.2,148,104,CRYING,58.8,57,0,0,389.5,389,0,0,0,15,31.8,59,104,CRYING,0,0,389,57
69eb3a2b899ce378bc9d44ac,ESP32_GREENHOUSE_01,2026-04-24T09:38:51.422Z,15,31.48,31,31.9,31.8,59,59,59,59,100.3,165,84,CRYING,58.3,58,0,0,389.3,389,0,0,0,15,31.8,59,84,CRYING,0,0,389,58
69eb3a49899ce378bc9d44ad,ESP32_GREENHOUSE_01,2026-04-24T09:39:21.427Z,15,31.57,31.1,31.9,31.8,58.6,58,59,59,83.3,101,85,CRYING,59.1,58,0,0,387.9,388,0,0,0,15,31.8,59,85,CRYING,0,0,388,58
69eb3a67899ce378bc9d44b3,ESP32_GREENHOUSE_01,2026-04-24T09:39:51.432Z,15,31.45,31,31.9,31.1,58.2,58,59,58,82.9,110,71,CRYING,59.7,61,0,0,387.1,387,0,0,0,6,31.1,58,71,Light Activity,0,0,387,61
69eb3a85899ce378bc9d44bb,ESP32_GREENHOUSE_01,2026-04-24T09:40:21.441Z,15,31.45,31,31.9,31.6,58,58,58,58,86.9,168,75,CRYING,59.6,60,0,0,386.3,386,0,0,0,8,31.6,58,75,Restless,0,0,386,60
69eb3aa3899ce378bc9d44c5,ESP32_GREENHOUSE_01,2026-04-24T09:40:51.443Z,15,31.31,31,31.7,31.1,58,58,58,58,83.1,131,83,Restless,60.1,61,0,0,385.8,385,0,0,0,5,31.1,58,83,CRYING,0,0,385,61
69eb3ac1899ce378bc9d44cd,ESP32_GREENHOUSE_01,2026-04-24T09:41:21.446Z,15,31.39,31,31.8,31.6,58,58,58,58,82.6,118,100,CRYING,60.1,59,0,0,385,385,0,0,0,7,31.6,58,100,CRYING,0,0,385,59
69eb3adf899ce378bc9d44cf,ESP32_GREENHOUSE_01,2026-04-24T09:41:51.460Z,14,31.39,31.1,31.9,31.9,58,58,58,58,96.9,142,99,CRYING,59.3,58,0,0,384.3,384,0,0,0,13,31.9,58,99,Restless,0,0,384,58
69eb3afd899ce378bc9d44d7,ESP32_GREENHOUSE_01,2026-04-24T09:42:21.471Z,15,31.37,31,31.9,31.6,58,58,58,58,78.8,90,87,Restless,60.1,59,0,0,383.9,384,0,0,0,3,31.6,58,87,Restless,0,0,384,59
69eb3b1b899ce378bc9d44e4,ESP32_GREENHOUSE_01,2026-04-24T09:42:51.472Z,15,31.36,31,31.9,31.9,58,58,58,58,71.5,96,88,Light Activity,60.4,58,0,0,383.1,383,0,0,0,0,31.9,58,88,Restless,0,0,383,58
69eb3b39899ce378bc9d44ef,ESP32_GREENHOUSE_01,2026-04-24T09:43:21.477Z,15,31.31,31,31.9,31.9,58,58,58,58,77.3,94,73,Restless,60.3,59,0,0,383,383,0,0,0,3,31.9,58,73,CRYING,0,0,383,59
69eb3b57899ce378bc9d44fa,ESP32_GREENHOUSE_01,2026-04-24T09:43:51.486Z,15,31.43,31,31.9,31.2,58,58,58,58,77.6,99,99,Restless,59.9,60,0,0,382.6,382,0,0,0,1,31.2,58,99,Restless,0,0,382,60
69eb3b75899ce378bc9d4500,ESP32_GREENHOUSE_01,2026-04-24T09:44:21.485Z,15,31.35,31,31.8,31.1,58,58,58,58,101.5,172,92,CRYING,59.3,60,0,0,382,382,0,0,0,8,31.1,58,92,CRYING,0,0,382,60
69eb3b93899ce378bc9d4502,ESP32_GREENHOUSE_01,2026-04-24T09:44:51.487Z,15,31.5,31.1,31.9,31.1,58,58,58,58,90.3,146,67,CRYING,59.2,61,0,0,381.5,381,0,0,0,14,31.1,58,67,Light Activity,0,0,381,61
69eb3bb1899ce378bc9d4509,ESP32_GREENHOUSE_01,2026-04-24T09:45:21.500Z,14,31.43,31,31.9,31.7,58,58,58,58,72.1,91,65,Light Activity,60.4,60,0,0,381.3,381,0,0,0,0,31.7,58,65,Light Activity,0,0,381,60
69eb3bcf899ce378bc9d4513,ESP32_GREENHOUSE_01,2026-04-24T09:45:51.514Z,15,31.38,31,31.8,31.1,58,58,58,58,82.8,101,82,Restless,59.9,61,0,0,381,381,0,0,0,3,31.1,58,82,Restless,0,0,381,61
69eb3bed899ce378bc9d4515,ESP32_GREENHOUSE_01,2026-04-24T09:46:21.527Z,15,31.38,31,31.9,31.4,58,58,58,58,96.1,129,92,CRYING,59.3,59,0,0,381,381,0,0,0,13,31.4,58,92,CRYING,0,0,381,59
69eb3c0b899ce378bc9d4518,ESP32_GREENHOUSE_01,2026-04-24T09:46:51.528Z,15,31.33,31,31.7,31.5,58,58,58,58,81.9,118,78,CRYING,60.1,60,0,0,381,381,0,0,0,10,31.5,58,78,Restless,0,0,381,60
69eb3c29899ce378bc9d451f,ESP32_GREENHOUSE_01,2026-04-24T09:47:21.530Z,15,31.36,31,31.9,31.5,58,58,58,58,73.2,90,81,Restless,60.5,60,0,0,381,381,0,0,0,0,31.5,58,81,Restless,0,0,381,60
69eb3c47899ce378bc9d4526,ESP32_GREENHOUSE_01,2026-04-24T09:47:51.531Z,15,31.49,31,31.9,31.6,58,58,58,58,96.3,347,92,Restless,59.1,59,0,0,381,381,0,0,0,4,31.6,58,92,CRYING,0,0,381,59
69eb3c65899ce378bc9d4530,ESP32_GREENHOUSE_01,2026-04-24T09:48:21.545Z,15,31.39,31,31.9,31.4,57.93,57,58,58,119.7,495,73,CRYING,58.5,60,0,0,379.1,380,0,0,0,8,31.4,58,73,Restless,0,0,380,60
69eb3c83899ce378bc9d4539,ESP32_GREENHOUSE_01,2026-04-24T09:48:51.551Z,15,31.33,31,31.7,31.7,57.87,57,58,57,82.7,230,74,Light Activity,60.1,60,0,0,381.7,382,0,0,0,5,31.7,57,74,Restless,0,0,382,60
69eb3ca1899ce378bc9d4544,ESP32_GREENHOUSE_01,2026-04-24T09:49:21.566Z,14,31.41,31,31.9,31.1,57.36,57,58,57,77.1,103,85,Restless,60.4,61,0,0,381.9,382,0,0,0,0,31.1,57,85,Restless,0,0,382,61
69eb3cbf899ce378bc9d454d,ESP32_GREENHOUSE_01,2026-04-24T09:49:51.573Z,15,31.64,31,31.9,31,57,57,57,57,75.3,121,58,CRYING,60.2,63,0,0,380.6,380,0,0,0,5,31,57,58,Light Activity,0,0,380,63
69eb3cdd899ce378bc9d4553,ESP32_GREENHOUSE_01,2026-04-24T09:50:21.585Z,15,31.53,31,31.9,31.3,57,57,57,57,84.8,122,101,Light Activity,60,60,0,0,380,380,0,0,0,6,31.3,57,101,Restless,0,0,380,60
69eb3cfb899ce378bc9d4559,ESP32_GREENHOUSE_01,2026-04-24T09:50:51.588Z,15,31.54,31,31.9,31.6,57.13,57,58,57,93.3,141,86,CRYING,59.5,60,0,0,379.9,381,0,0,0,10,31.6,57,86,Restless,0,0,381,60
69eb3d19899ce378bc9d455f,ESP32_GREENHOUSE_01,2026-04-24T09:51:21.597Z,15,31.67,31.3,31.9,31.6,57.13,57,58,57,106.2,313,69,Light Activity,58.7,60,0,0,381,381,0,0,0,2,31.6,57,69,Light Activity,0,0,381,60
69eb3d37899ce378bc9d4566,ESP32_GREENHOUSE_01,2026-04-24T09:51:51.611Z,15,31.54,31,31.9,31.8,57.47,57,58,57,70.3,97,64,Light Activity,60.3,60,0,0,380.8,380,0,0,0,0,31.8,57,64,Light Activity,0,0,380,60
69eb3d55899ce378bc9d4572,ESP32_GREENHOUSE_01,2026-04-24T09:52:21.611Z,15,31.41,31,31.9,31.2,57.13,57,58,57,76.9,99,99,Light Activity,60.6,60,0,0,380,380,0,0,0,2,31.2,57,99,Restless,0,0,380,60
69eb3d73899ce378bc9d457e,ESP32_GREENHOUSE_01,2026-04-24T09:52:51.615Z,15,31.35,31,31.9,31.9,57.53,57,58,58,70.2,107,65,Light Activity,60.7,59,0,0,379.5,379,0,0,0,1,31.9,58,65,Light Activity,0,0,379,59
69eb3d91899ce378bc9d4588,ESP32_GREENHOUSE_01,2026-04-24T09:53:21.618Z,14,31.61,31.2,31.9,31.5,57.79,57,58,57,82,191,80,Restless,59.5,60,0,0,379,379,0,0,0,1,31.5,57,80,Restless,0,0,379,60
69eb3daf899ce378bc9d4591,ESP32_GREENHOUSE_01,2026-04-24T09:53:51.625Z,15,31.34,31,31.7,31,57.27,57,58,57,73.2,94,79,Restless,60.9,62,0,0,379,379,0,0,0,0,31,57,79,Restless,0,0,379,62
69eb3dcd899ce378bc9d459b,ESP32_GREENHOUSE_01,2026-04-24T09:54:21.634Z,15,31.3,31,31.8,31.8,57.13,57,58,57,79,106,80,Restless,60.7,59,0,0,378.8,379,0,0,0,1,31.8,57,80,Restless,0,0,379,59
69eb3deb899ce378bc9d45a3,ESP32_GREENHOUSE_01,2026-04-24T09:54:51.640Z,15,31.53,31,31.9,31.9,57,57,57,57,73.1,107,80,Light Activity,60.4,59,0,0,378.2,378,0,0,0,1,31.9,57,80,Restless,0,0,378,59
69eb3e09899ce378bc9d45ae,ESP32_GREENHOUSE_01,2026-04-24T09:55:21.651Z,15,31.54,31,31.9,31.8,57,57,57,57,80.7,110,95,Restless,60.3,59,0,0,378,378,0,0,0,2,31.8,57,95,Restless,0,0,378,59
69eb3e27899ce378bc9d45b9,ESP32_GREENHOUSE_01,2026-04-24T09:55:51.666Z,15,31.27,31,31.9,31.1,57,57,57,57,77.4,114,77,Restless,61.1,62,0,0,377.3,377,0,0,0,4,31.1,57,77,Restless,0,0,377,62
69eb3e45899ce378bc9d45c4,ESP32_GREENHOUSE_01,2026-04-24T09:56:21.682Z,15,31.61,31,31.9,31.3,57,57,57,57,68.4,78,66,Light Activity,60.4,61,0,0,376.9,376,0,0,0,1,31.3,57,66,CRYING,0,0,376,61
69eb3e63899ce378bc9d45ca,ESP32_GREENHOUSE_01,2026-04-24T09:56:51.688Z,14,31.34,31,31.9,31.5,57,57,57,57,80.7,217,71,Light Activity,60.7,61,0,0,376,376,0,0,0,3,31.5,57,71,Light Activity,0,0,376,61
69eb3e81899ce378bc9d45d1,ESP32_GREENHOUSE_01,2026-04-24T09:57:21.688Z,15,31.42,31,31.9,31.8,57,57,57,57,70.1,84,67,Light Activity,61.1,60,0,0,375.8,375,0,0,0,0,31.8,57,67,Light Activity,0,0,375,60
69eb3e9f899ce378bc9d45da,ESP32_GREENHOUSE_01,2026-04-24T09:57:51.690Z,15,31.45,31,31.9,31.8,57,57,57,57,80.5,111,72,Restless,60.5,60,0,0,375.5,375,0,0,0,2,31.8,57,72,Light Activity,0,0,375,60
69eb3ebd899ce378bc9d45e3,ESP32_GREENHOUSE_01,2026-04-24T09:58:21.705Z,15,31.47,31,31.9,31.8,57,57,57,57,92.3,265,57,Restless,59.9,60,0,0,375.1,375,0,0,0,2,31.8,57,57,Light Activity,0,0,375,60
69eb3edb899ce378bc9d45f0,ESP32_GREENHOUSE_01,2026-04-24T09:58:51.709Z,15,31.38,31,31.9,31.6,57,57,57,57,86.3,124,84,CRYING,60.3,60,0,0,374.9,375,0,0,0,6,31.6,57,84,Restless,0,0,375,60
69eb3ef9899ce378bc9d45f7,ESP32_GREENHOUSE_01,2026-04-24T09:59:21.722Z,15,31.53,31,31.9,31,57,57,57,57,83.8,160,68,Restless,60.1,62,0,0,374.2,374,0,0,0,1,31,57,68,Light Activity,0,0,374,62
69eb3f17899ce378bc9d45fe,ESP32_GREENHOUSE_01,2026-04-24T09:59:51.736Z,15,31.53,31,31.9,31.4,57,57,57,57,70.6,91,64,Light Activity,60.6,61,0,0,374.5,375,0,0,0,0,31.4,57,64,Light Activity,0,0,375,61
69eb3f35899ce378bc9d4603,ESP32_GREENHOUSE_01,2026-04-24T10:00:21.740Z,15,31.59,31,31.9,31.3,57,57,57,57,65.7,92,66,Light Activity,60.3,61,0,0,374.5,375,0,0,0,0,31.3,57,66,Light Activity,0,0,375,61
69eb3f53899ce378bc9d460b,ESP32_GREENHOUSE_01,2026-04-24T10:00:51.751Z,14,31.46,31,31.9,31.6,57,57,57,57,79.1,98,69,Restless,60.4,60,0,0,375.2,376,0,0,0,2,31.6,57,69,Light Activity,0,0,376,60
69eb3f71899ce378bc9d4616,ESP32_GREENHOUSE_01,2026-04-24T10:01:21.764Z,15,31.3,31,31.9,31.3,57,57,57,57,75.7,99,67,Light Activity,61.1,61,0,0,376.7,376,0,0,0,3,31.3,57,67,Light Activity,0,0,376,61
69eb3f8f899ce378bc9d461e,ESP32_GREENHOUSE_01,2026-04-24T10:01:51.778Z,15,31.61,31.1,31.9,31.6,57,57,57,57,74.4,101,78,Light Activity,60.1,60,0,0,375.2,375,0,0,0,1,31.6,57,78,Restless,0,0,375,60
69eb3fad899ce378bc9d4628,ESP32_GREENHOUSE_01,2026-04-24T10:02:21.789Z,15,31.6,31,31.9,31.9,56.8,56,57,56,76.1,89,89,Restless,60.2,59,0,0,375,375,0,0,0,2,31.9,56,89,Restless,0,0,375,59
69eb3fcb899ce378bc9d4632,ESP32_GREENHOUSE_01,2026-04-24T10:02:51.798Z,15,31.4,31.1,31.9,31.5,56.07,56,57,56,88.5,147,132,CRYING,60.9,59,0,0,375.3,376,0,0,0,7,31.5,56,132,CRYING,0,0,376,59
69eb3fe9899ce378bc9d463a,ESP32_GREENHOUSE_01,2026-04-24T10:03:21.806Z,15,31.32,31,31.7,31.3,56,56,56,56,85.1,133,76,CRYING,61.2,62,0,0,376.5,377,0,0,0,8,31.3,56,76,Restless,0,0,377,62
69eb4007899ce378bc9d4645,ESP32_GREENHOUSE_01,2026-04-24T10:03:51.819Z,15,31.38,31,31.9,31.9,56,56,56,56,79.2,114,71,Light Activity,61.1,60,0,0,377.6,378,0,0,0,2,31.9,56,71,Light Activity,0,0,378,60
69eb4025899ce378bc9d464b,ESP32_GREENHOUSE_01,2026-04-24T10:04:21.822Z,14,31.42,31,31.9,31.4,56,56,56,56,82.7,105,68,Restless,61.1,62,0,0,378.1,379,0,0,0,1,31.4,56,68,Light Activity,0,0,379,62
69eb4043899ce378bc9d4654,ESP32_GREENHOUSE_01,2026-04-24T10:04:51.832Z,15,31.43,31,31.8,31.6,56,56,56,56,70.7,102,69,Light Activity,61.5,61,0,0,378,377,0,0,0,0,31.6,56,69,Light Activity,0,0,377,61
69eb4061899ce378bc9d465b,ESP32_GREENHOUSE_01,2026-04-24T10:05:21.839Z,15,31.53,31,31.9,31.2,56,56,56,56,77.3,104,66,Restless,60.8,62,0,0,377.2,378,0,0,0,1,31.2,56,66,Light Activity,0,0,378,62
69eb407f899ce378bc9d4665,ESP32_GREENHOUSE_01,2026-04-24T10:05:51.854Z,15,31.34,31,31.9,31.2,56,56,56,56,79,91,69,Restless,61.4,62,0,0,378.4,379,0,0,0,3,31.2,56,69,Light Activity,0,0,379,62
69eb409d899ce378bc9d4670,ESP32_GREENHOUSE_01,2026-04-24T10:06:21.860Z,15,31.41,31,31.9,31.9,56,56,56,56,76.2,99,99,Restless,61.4,59,0,0,381.2,382,0,0,0,1,31.9,56,99,Restless,0,0,382,59
69eb40bb899ce378bc9d4678,ESP32_GREENHOUSE_01,2026-04-24T10:06:51.867Z,15,31.45,31,31.9,31.2,56,56,56,56,80.9,260,61,Light Activity,61.1,63,0,0,382.7,384,0,0,0,0,31.2,56,61,Light Activity,0,0,384,63
69eb40d9899ce378bc9d4680,ESP32_GREENHOUSE_01,2026-04-24T10:07:21.877Z,15,31.58,31,31.9,31.8,56,56,56,56,78.9,99,86,Restless,60.6,60,0,0,383.2,383,0,0,0,0,31.8,56,86,Restless,0,0,383,60
69eb40f7899ce378bc9d468a,ESP32_GREENHOUSE_01,2026-04-24T10:07:51.881Z,15,31.55,31,31.9,31.8,56.73,56,57,57,81.8,148,59,Restless,60.2,60,0,0,382,383,0,0,0,1,31.8,57,59,Light Activity,0,0,383,60
69eb4115899ce378bc9d4694,ESP32_GREENHOUSE_01,2026-04-24T10:08:21.890Z,14,31.63,31,31.9,31.9,57,57,57,57,78.5,184,60,Light Activity,60.1,60,0,0,385.1,386,0,0,0,1,31.9,57,60,Light Activity,0,0,386,60
69eb4133899ce378bc9d469e,ESP32_GREENHOUSE_01,2026-04-24T10:08:51.906Z,15,31.39,31,31.7,31.7,56.4,56,57,56,83.2,154,110,Restless,60.7,59,0,0,386.8,386,0,0,0,2,31.7,56,110,Restless,0,0,386,59
69eb4151899ce378bc9d46a5,ESP32_GREENHOUSE_01,2026-04-24T10:09:21.914Z,15,31.29,31,31.9,31.1,56,56,56,56,89.3,136,103,CRYING,61.2,61,0,0,386.9,388,0,0,0,8,31.1,56,103,Restless,0,0,388,61
69eb416f899ce378bc9d46ae,ESP32_GREENHOUSE_01,2026-04-24T10:09:51.920Z,12,31.37,31,31.7,31.7,56,56,56,56,73.8,95,71,Light Activity,61.6,61,0,0,388,388,0,0,0,1,31.7,56,71,Light Activity,0,0,388,61
69eb418d899ce378bc9d46b7,ESP32_GREENHOUSE_01,2026-04-24T10:10:21.921Z,18,31.47,31,31.9,31.3,56,56,56,56,76.1,97,70,Restless,61.2,62,0,0,387.3,387,0,0,0,0,31.3,56,70,Light Activity,0,0,387,62
69eb41ab899ce378bc9d46c1,ESP32_GREENHOUSE_01,2026-04-24T10:10:51.921Z,15,31.41,31,31.9,31.6,56,56,56,56,78,94,78,Restless,61.3,61,0,0,387.4,388,0,0,0,1,31.6,56,78,Restless,0,0,388,61
69eb41c9899ce378bc9d46ca,ESP32_GREENHOUSE_01,2026-04-24T10:11:21.931Z,15,31.48,31,31.8,31.3,56.67,56,57,57,95.8,316,62,Restless,59.9,62,0,0,388.1,388,0,0,0,3,31.3,57,62,Light Activity,0,0,388,62
69eb41e7899ce378bc9d46d4,ESP32_GREENHOUSE_01,2026-04-24T10:11:51.941Z,15,31.39,31,31.9,31.4,56.67,56,57,56,75.1,103,103,Restless,61,60,0,0,388.4,388,0,0,0,0,31.4,56,103,Restless,0,0,388,60
69eb4205899ce378bc9d46da,ESP32_GREENHOUSE_01,2026-04-24T10:12:21.941Z,14,31.45,31.1,31.9,31.2,56,56,56,56,90.1,177,61,CRYING,60.7,63,0,0,389,389,0,0,0,9,31.2,56,61,Light Activity,0,0,389,63
69eb4223899ce378bc9d46df,ESP32_GREENHOUSE_01,2026-04-24T10:12:51.947Z,15,31.48,31,31.9,31.2,56,56,56,56,95.7,143,106,CRYING,60.5,61,0,0,388.7,388,0,0,0,10,31.2,56,106,CRYING,0,0,388,61
69eb4241899ce378bc9d46e7,ESP32_GREENHOUSE_01,2026-04-24T10:13:21.953Z,15,31.41,31,31.9,31.3,56,56,56,56,97.4,229,73,CRYING,60.5,62,0,0,388.4,389,0,0,0,11,31.3,56,73,CRYING,0,0,389,62
69eb425f899ce378bc9d46e8,ESP32_GREENHOUSE_01,2026-04-24T10:13:51.958Z,15,31.54,31.1,31.9,31.1,56,56,56,56,107.1,234,126,CRYING,59.7,60,0,0,388.1,388,0,0,0,15,31.1,56,126,CRYING,0,0,388,60
69eb427d899ce378bc9d46e9,ESP32_GREENHOUSE_01,2026-04-24T10:14:21.960Z,15,31.35,31,31.7,31.4,56,56,56,56,101.5,224,88,CRYING,60.6,61,0,0,386.3,386,0,0,0,15,31.4,56,88,CRYING,0,0,386,61
69eb429b899ce378bc9d46ea,ESP32_GREENHOUSE_01,2026-04-24T10:14:51.974Z,15,31.45,31,31.9,31.5,56,56,56,56,112.3,239,84,CRYING,59.8,61,0,0,390,393,0,0,0,15,31.5,56,84,CRYING,0,0,393,61
69eb42b9899ce378bc9d46eb,ESP32_GREENHOUSE_01,2026-04-24T10:15:21.986Z,15,31.44,31,31.9,31.7,56,56,56,56,135.7,489,73,CRYING,58.9,61,0,0,390.5,387,0,0,0,15,31.7,56,73,CRYING,0,0,387,61
69eb42d7899ce378bc9d46ec,ESP32_GREENHOUSE_01,2026-04-24T10:15:51.999Z,14,31.5,31.1,31.9,31.1,56,56,56,56,121.3,202,127,CRYING,59.2,60,0,0,385.5,385,0,0,0,14,31.1,56,127,CRYING,0,0,385,60
69eb42f6899ce378bc9d46ed,ESP32_GREENHOUSE_01,2026-04-24T10:16:22.003Z,15,31.46,31,31.9,31.9,56,56,56,56,124.5,258,139,CRYING,59.3,57,0,0,386,388,0,0,0,15,31.9,56,139,CRYING,0,0,388,57
69eb4314899ce378bc9d46ee,ESP32_GREENHOUSE_01,2026-04-24T10:16:52.005Z,15,31.42,31,31.8,31.1,56,56,56,56,261.9,1023,1023,CRYING,54.1,25,0,0,387.8,388,0,0,0,15,31.1,56,1023,CRYING,0,0,388,25
69eb4332899ce378bc9d46ef,ESP32_GREENHOUSE_01,2026-04-24T10:17:22.007Z,15,31.46,31,31.9,31,56,56,56,56,204.5,1023,156,CRYING,56.1,59,0,0,386.1,384,0,0,0,15,31,56,156,CRYING,0,0,384,59
69eb4350899ce378bc9d46f0,ESP32_GREENHOUSE_01,2026-04-24T10:17:52.016Z,15,31.54,31.1,31.9,31.5,56,56,56,56,111.3,206,74,CRYING,59.6,61,0,0,380.5,375,0,0,0,15,31.5,56,74,CRYING,0,0,375,61
69eb436e899ce378bc9d46f1,ESP32_GREENHOUSE_01,2026-04-24T10:18:22.027Z,15,31.35,31,31.7,31.5,56,56,56,56,84.7,113,81,CRYING,61.2,61,0,0,372.7,372,0,0,0,15,31.5,56,81,CRYING,0,0,372,61
69eb438c899ce378bc9d46f2,ESP32_GREENHOUSE_01,2026-04-24T10:18:52.037Z,15,31.39,31,31.9,31.7,56,56,56,56,100.3,150,76,CRYING,60.5,61,0,0,371,370,0,0,0,15,31.7,56,76,CRYING,0,0,370,61
69eb43aa899ce378bc9d46f3,ESP32_GREENHOUSE_01,2026-04-24T10:19:22.038Z,15,31.33,31,31.9,31,56,56,56,56,133.5,399,399,CRYING,59.3,50,0,0,369.3,369,0,0,0,15,31,56,399,CRYING,0,0,369,50
69eb43c8899ce378bc9d46f4,ESP32_GREENHOUSE_01,2026-04-24T10:19:52.050Z,14,31.4,31,31.9,31.9,56,56,56,56,111.6,233,117,CRYING,59.8,58,0,0,369.6,370,0,0,0,14,31.9,56,117,CRYING,0,0,370,58
69eb43e6899ce378bc9d46f5,ESP32_GREENHOUSE_01,2026-04-24T10:20:22.063Z,15,31.48,31,31.9,31.7,56,56,56,56,107.5,142,137,CRYING,59.9,58,0,0,369.5,369,0,0,0,15,31.7,56,137,CRYING,0,0,369,58
69eb4404899ce378bc9d46f6,ESP32_GREENHOUSE_01,2026-04-24T10:20:52.066Z,15,31.35,31,31.8,31.2,56,56,56,56,165.2,376,251,CRYING,58.1,55,0,0,368.6,368,0,0,0,15,31.2,56,251,CRYING,0,0,368,55
69eb4422899ce378bc9d46f7,ESP32_GREENHOUSE_01,2026-04-24T10:21:22.071Z,15,31.36,31,31.8,31,56,56,56,56,126.4,225,106,CRYING,59.5,61,0,0,365.8,365,0,0,0,15,31,56,106,CRYING,0,0,365,61
69eb4440899ce378bc9d46f8,ESP32_GREENHOUSE_01,2026-04-24T10:21:52.076Z,15,31.35,31,31.8,31.5,56,56,56,56,86.1,125,79,CRYING,61.1,61,0,0,364.3,363,0,0,0,15,31.5,56,79,CRYING,0,0,363,61
69eb445e899ce378bc9d46f9,ESP32_GREENHOUSE_01,2026-04-24T10:22:22.089Z,15,31.38,31.1,31.9,31.5,56,56,56,56,188,1023,192,CRYING,57.1,57,0,0,361.8,361,0,0,0,15,31.5,56,192,CRYING,0,0,361,57
69eb447c899ce378bc9d46fa,ESP32_GREENHOUSE_01,2026-04-24T10:22:52.096Z,15,31.49,31.1,31.9,31.8,56,56,56,56,90.4,218,88,CRYING,60.5,60,0,0,360.8,361,0,0,0,15,31.8,56,88,CRYING,0,0,361,60
69eb449a899ce378bc9d46fb,ESP32_GREENHOUSE_01,2026-04-24T10:23:22.102Z,15,31.48,31.1,31.9,31.3,56,56,56,56,139.4,250,196,CRYING,58.9,57,0,0,362.3,364,0,0,0,15,31.3,56,196,CRYING,0,0,364,57
69eb44b8899ce378bc9d46fc,ESP32_GREENHOUSE_01,2026-04-24T10:23:52.116Z,14,31.51,31,31.9,31.2,56,56,56,56,206,1023,144,CRYING,56,59,0,0,363.5,363,0,0,0,14,31.2,56,144,CRYING,0,0,363,59
69eb44d6899ce378bc9d46fd,ESP32_GREENHOUSE_01,2026-04-24T10:24:22.118Z,15,31.42,31,31.9,31.1,56,56,56,56,154.3,277,89,CRYING,58.3,62,0,0,361.1,351,0,0,0,15,31.1,56,89,CRYING,0,0,351,62
69eb44f4899ce378bc9d46fe,ESP32_GREENHOUSE_01,2026-04-24T10:24:52.132Z,15,31.45,31.1,31.9,31.5,56,56,56,56,162.1,510,70,CRYING,57.8,61,0,0,360.3,361,0,0,0,15,31.5,56,70,CRYING,0,0,361,61
69eb4512899ce378bc9d46ff,ESP32_GREENHOUSE_01,2026-04-24T10:25:22.143Z,15,31.47,31,31.8,31.7,56,56,56,56,72,101,73,CRYING,61.2,61,0,0,361.3,362,0,0,0,15,31.7,56,73,CRYING,0,0,362,61
69eb4530899ce378bc9d4700,ESP32_GREENHOUSE_01,2026-04-24T10:25:52.147Z,15,31.48,31.2,31.9,31.8,56,56,56,56,75.2,113,86,CRYING,61.1,60,0,0,363.5,364,0,0,0,15,31.8,56,86,CRYING,0,0,364,60
69eb454e899ce378bc9d4701,ESP32_GREENHOUSE_01,2026-04-24T10:26:22.154Z,14,31.53,31,31.9,31.9,56,56,56,56,77.3,99,99,CRYING,60.9,59,0,0,364.1,365,0,0,0,14,31.9,56,99,CRYING,0,0,365,59
69eb456c899ce378bc9d4702,ESP32_GREENHOUSE_01,2026-04-24T10:26:52.155Z,16,31.44,31,31.9,31,56,56,56,56,76.6,106,68,CRYING,61.3,63,0,0,366.5,368,0,0,0,16,31,56,68,CRYING,0,0,368,63
69eb458a899ce378bc9d4703,ESP32_GREENHOUSE_01,2026-04-24T10:27:22.163Z,14,31.46,31,31.9,31.8,56,56,56,56,79.1,109,81,CRYING,61.1,60,0,0,367.4,367,0,0,0,14,31.8,56,81,CRYING,0,0,367,60
69eb45a8899ce378bc9d4704,ESP32_GREENHOUSE_01,2026-04-24T10:27:52.178Z,14,31.46,31,31.9,31.5,56,56,56,56,76.1,91,58,CRYING,61.2,62,0,0,363.1,359,0,0,0,14,31.5,56,58,CRYING,0,0,359,62
69eb45c6899ce378bc9d4705,ESP32_GREENHOUSE_01,2026-04-24T10:28:22.177Z,15,31.43,31,31.8,31.6,56,56,56,56,70.9,101,55,CRYING,61.6,62,0,0,357.3,356,0,0,0,15,31.6,56,55,CRYING,0,0,356,62
69eb45e4899ce378bc9d470b,ESP32_GREENHOUSE_01,2026-04-24T10:28:52.193Z,16,31.44,31,31.9,31.8,56,56,56,56,71.3,83,71,Light Activity,61.4,60,0,0,356.3,356,0,0,0,0,31.8,56,71,Light Activity,0,0,356,60
69eb4602899ce378bc9d4713,ESP32_GREENHOUSE_01,2026-04-24T10:29:22.204Z,15,31.42,31,31.9,31.7,56,56,56,56,72.7,95,53,Restless,61.5,61,0,0,356.1,356,0,0,0,0,31.7,56,53,Quiet,0,0,356,61
69eb4620899ce378bc9d4719,ESP32_GREENHOUSE_01,2026-04-24T10:29:52.209Z,15,31.37,31.1,31.9,31.3,56,56,56,56,75.3,103,81,Light Activity,61.4,61,0,0,356.7,357,0,0,0,1,31.3,56,81,Restless,0,0,357,61
69eb463e899ce378bc9d4721,ESP32_GREENHOUSE_01,2026-04-24T10:30:22.219Z,15,31.42,31.2,31.9,31.4,56,56,56,56,89.5,197,66,CRYING,60.8,62,0,0,356.7,357,0,0,0,9,31.4,56,66,Light Activity,0,0,357,62
69eb465c899ce378bc9d472d,ESP32_GREENHOUSE_01,2026-04-24T10:30:52.222Z,15,31.47,31,31.9,31.1,56,56,56,56,145.7,474,388,CRYING,58.5,50,0,0,357.8,359,0,0,0,7,31.1,56,388,CRYING,0,0,359,50
69eb467a899ce378bc9d4731,ESP32_GREENHOUSE_01,2026-04-24T10:31:22.232Z,14,31.34,31,31.8,31.1,56,56,56,56,97.5,289,67,CRYING,60.6,63,0,0,357.4,356,0,0,0,10,31.1,56,67,Light Activity,0,0,356,63
69eb4698899ce378bc9d4739,ESP32_GREENHOUSE_01,2026-04-24T10:31:52.244Z,15,31.33,31,31.9,31,56,56,56,56,85,132,132,CRYING,61.1,60,0,0,353.1,350,0,0,0,6,31,56,132,CRYING,0,0,350,60
69eb46b6899ce378bc9d473a,ESP32_GREENHOUSE_01,2026-04-24T10:32:22.244Z,15,31.46,31.1,31.9,31.3,56,56,56,56,281.9,585,96,CRYING,53.1,61,0,0,346.8,346,0,0,0,15,31.3,56,96,CRYING,0,0,346,61
69eb46d4899ce378bc9d473b,ESP32_GREENHOUSE_01,2026-04-24T10:32:52.257Z,15,31.41,31.1,31.9,31.1,56,56,56,56,237.4,923,64,CRYING,55.1,63,0,0,341.7,343,0,0,0,15,31.1,56,64,CRYING,0,0,343,63
69eb46f2899ce378bc9d473c,ESP32_GREENHOUSE_01,2026-04-24T10:33:22.257Z,15,31.37,31,31.8,31.1,56.93,56,57,57,203.2,491,95,CRYING,55.9,61,0,0,339.8,345,0,0,0,15,31.1,57,95,CRYING,0,0,345,61
69eb4710899ce378bc9d473d,ESP32_GREENHOUSE_01,2026-04-24T10:33:52.264Z,15,31.57,31,31.9,31.1,57,57,57,57,219.6,458,141,CRYING,54.7,59,0,0,344.3,344,0,0,0,15,31.1,57,141,CRYING,0,0,344,59
69eb472e899ce378bc9d473e,ESP32_GREENHOUSE_01,2026-04-24T10:34:22.274Z,15,31.34,31,31.9,31.8,57,57,57,57,329.6,1023,234,CRYING,51,53,0,0,336.5,326,0,0,0,15,31.8,57,234,CRYING,0,0,326,53
69eb474c899ce378bc9d473f,ESP32_GREENHOUSE_01,2026-04-24T10:34:52.283Z,15,31.43,31,31.8,31.4,57,57,57,57,388.9,783,254,CRYING,48.5,54,0,0,336.9,340,0,0,0,15,31.4,57,254,CRYING,0,0,340,54
69eb476a899ce378bc9d4740,ESP32_GREENHOUSE_01,2026-04-24T10:35:22.284Z,14,31.33,31,31.9,31.4,57,57,57,57,219.6,621,179,CRYING,55.3,57,0,0,337.8,336,0,0,0,14,31.4,57,179,CRYING,0,0,336,57
69eb4788899ce378bc9d4741,ESP32_GREENHOUSE_01,2026-04-24T10:35:52.290Z,15,31.55,31.3,31.9,31.4,57,57,57,57,125.5,344,344,CRYING,58.4,50,0,0,336.3,336,0,0,0,15,31.4,57,344,CRYING,0,0,336,50
69eb47a6899ce378bc9d4742,ESP32_GREENHOUSE_01,2026-04-24T10:36:22.303Z,15,32.14,31.6,32.8,32,56.2,56,57,56,177.7,779,779,CRYING,55.1,32,0,0,335.9,335,0,0,0,15,32,56,779,CRYING,0,0,335,32
69eb47c4899ce378bc9d4743,ESP32_GREENHOUSE_01,2026-04-24T10:36:52.306Z,15,32.25,31.5,32.9,31.7,56.13,56,57,57,116.7,191,96,CRYING,57.5,59,0,0,334.7,334,0,0,0,15,31.7,57,96,CRYING,0,0,334,59
69eb47e2899ce378bc9d4744,ESP32_GREENHOUSE_01,2026-04-24T10:37:22.319Z,15,31.61,31,31.9,31.2,57,57,57,57,191.2,663,61,CRYING,55.7,62,0,0,334.1,334,0,0,0,15,31.2,57,61,CRYING,0,0,334,62
69eb4800899ce378bc9d4745,ESP32_GREENHOUSE_01,2026-04-24T10:37:52.321Z,15,31.49,31,31.8,31.3,57,57,57,57,334.2,1023,74,CRYING,50.5,61,0,0,329.6,330,0,0,0,15,31.3,57,74,CRYING,0,0,330,61
69eb481e899ce378bc9d4746,ESP32_GREENHOUSE_01,2026-04-24T10:38:22.327Z,15,31.51,31,31.9,31.2,57,57,57,57,238.1,1023,107,CRYING,54.1,60,0,0,328.4,327,0,0,0,15,31.2,57,107,CRYING,0,0,327,60
69eb483c899ce378bc9d4747,ESP32_GREENHOUSE_01,2026-04-24T10:38:52.329Z,14,31.39,31,31.9,31.9,57,57,57,57,297.6,806,119,CRYING,52.1,58,0,0,326,329,0,0,0,14,31.9,57,119,CRYING,0,0,329,58
69eb485a899ce378bc9d4748,ESP32_GREENHOUSE_01,2026-04-24T10:39:22.340Z,15,31.65,31.1,31.9,31.1,57,57,57,57,161.5,340,100,CRYING,56.6,61,0,0,324.1,328,0,0,0,15,31.1,57,100,CRYING,0,0,328,61
69eb4878899ce378bc9d4749,ESP32_GREENHOUSE_01,2026-04-24T10:39:52.351Z,15,31.45,31,31.9,31.4,57,57,57,57,271.7,631,142,CRYING,52.9,58,0,0,325.7,327,0,0,0,15,31.4,57,142,CRYING,0,0,327,58
69eb4896899ce378bc9d474a,ESP32_GREENHOUSE_01,2026-04-24T10:40:22.351Z,15,31.99,31.3,32.7,32.4,57.07,57,58,57,319,1023,1023,CRYING,49.3,21,0,0,326.3,316,0,0,0,15,32.4,57,1023,CRYING,0,0,316,21
69eb48b4899ce378bc9d474b,ESP32_GREENHOUSE_01,2026-04-24T10:40:52.366Z,15,32.34,32.1,32.7,32.7,57,57,57,57,305.2,636,171,CRYING,49.2,54,0,0,327.7,329,0,0,0,15,32.7,57,171,CRYING,0,0,329,54
69eb48d2899ce378bc9d474c,ESP32_GREENHOUSE_01,2026-04-24T10:41:22.374Z,15,32.35,32,32.8,32.2,57,57,57,57,280.9,819,584,CRYING,50.3,39,0,0,324.8,324,0,0,0,15,32.2,57,584,CRYING,0,0,324,39
69eb48f0899ce378bc9d474d,ESP32_GREENHOUSE_01,2026-04-24T10:41:52.377Z,15,32.33,32,32.9,32,57,57,57,57,295.1,733,383,CRYING,49.7,47,0,0,322.5,322,0,0,0,15,32,57,383,CRYING,0,0,322,47
69eb490e899ce378bc9d474e,ESP32_GREENHOUSE_01,2026-04-24T10:42:22.378Z,15,32.25,32,32.6,32.5,57,57,57,57,528.7,1023,446,CRYING,40.7,43,0,0,319.5,328,0,0,0,15,32.5,57,446,CRYING,0,0,328,43
69eb492c899ce378bc9d474f,ESP32_GREENHOUSE_01,2026-04-24T10:42:52.390Z,14,32.34,32,32.9,32.1,57,57,57,57,238,637,84,CRYING,51.9,58,0,0,324.8,326,0,0,0,14,32.1,57,84,CRYING,0,0,326,58
69eb494a899ce378bc9d4750,ESP32_GREENHOUSE_01,2026-04-24T10:43:22.398Z,15,32.33,32,32.7,32.2,57,57,57,57,271.1,793,793,CRYING,50.6,30,0,0,324.2,322,0,0,0,15,32.2,57,793,CRYING,0,0,322,30
69eb4968899ce378bc9d4751,ESP32_GREENHOUSE_01,2026-04-24T10:43:52.411Z,15,32.32,32,32.9,32.9,57,57,57,57,452.9,1023,317,CRYING,43.5,48,0,0,322.9,323,0,0,0,15,32.9,57,317,CRYING,0,0,323,48
69eb4986899ce378bc9d4752,ESP32_GREENHOUSE_01,2026-04-24T10:44:22.418Z,15,32.39,32,32.7,32.1,57,57,57,57,195.8,417,194,CRYING,53.5,54,0,0,323.1,323,0,0,0,15,32.1,57,194,CRYING,0,0,323,54
69eb49a4899ce378bc9d4753,ESP32_GREENHOUSE_01,2026-04-24T10:44:52.425Z,15,32.34,32.1,32.8,32.1,57,57,57,57,174.7,433,145,CRYING,54.3,56,0,0,322.6,322,0,0,0,15,32.1,57,145,CRYING,0,0,322,56
69eb49c2899ce378bc9d4754,ESP32_GREENHOUSE_01,2026-04-24T10:45:22.430Z,15,32.43,32.1,32.7,32.2,57,57,57,57,283.3,892,294,CRYING,49.9,50,0,0,321.9,321,0,0,0,15,32.2,57,294,CRYING,0,0,321,50
69eb49e0899ce378bc9d4755,ESP32_GREENHOUSE_01,2026-04-24T10:45:52.437Z,15,32.44,32.1,32.9,32.4,57,57,57,57,321.6,623,578,CRYING,48.6,38,0,0,320.7,321,0,0,0,15,32.4,57,578,CRYING,0,0,321,38
69eb49fe899ce378bc9d4756,ESP32_GREENHOUSE_01,2026-04-24T10:46:22.446Z,14,32.39,32,32.9,32.7,57,57,57,57,253.1,854,105,CRYING,51.5,57,0,0,320.2,320,0,0,0,14,32.7,57,105,CRYING,0,0,320,57
69eb4a1c899ce378bc9d4757,ESP32_GREENHOUSE_01,2026-04-24T10:46:52.455Z,15,32.6,32,32.9,32.8,57,57,57,57,244.9,711,91,CRYING,51.3,57,0,0,320.1,320,0,0,0,15,32.8,57,91,CRYING,0,0,320,57
69eb4a3a899ce378bc9d4758,ESP32_GREENHOUSE_01,2026-04-24T10:47:22.456Z,15,32.39,32.1,32.9,32.2,57,57,57,57,267.8,743,265,CRYING,50.6,51,0,0,320,320,0,0,0,15,32.2,57,265,CRYING,0,0,320,51
69eb4a58899ce378bc9d4759,ESP32_GREENHOUSE_01,2026-04-24T10:47:52.463Z,15,32.47,32.1,32.9,32.5,56.53,56,57,57,371.5,1023,126,CRYING,46.8,56,0,0,318.4,318,0,0,0,15,32.5,57,126,CRYING,0,0,318,56
69eb4a76899ce378bc9d475a,ESP32_GREENHOUSE_01,2026-04-24T10:48:22.475Z,15,32.37,32,32.9,32.4,56.07,56,57,56,249.1,979,74,CRYING,52.2,59,0,0,317.1,317,0,0,0,15,32.4,56,74,CRYING,0,0,317,59
69eb4a94899ce378bc9d475b,ESP32_GREENHOUSE_01,2026-04-24T10:48:52.490Z,15,32.35,32,32.8,32.5,56.07,56,57,56,133.9,359,81,CRYING,56.5,58,0,0,317.1,317,0,0,0,15,32.5,56,81,CRYING,0,0,317,58
69eb4ab2899ce378bc9d475c,ESP32_GREENHOUSE_01,2026-04-24T10:49:22.501Z,15,32.41,32,32.9,32.5,56.07,56,57,56,183.7,534,89,CRYING,54.5,58,0,0,316.5,316,0,0,0,15,32.5,56,89,CRYING,0,0,316,58
69eb4ad0899ce378bc9d475d,ESP32_GREENHOUSE_01,2026-04-24T10:49:52.507Z,15,32.33,32,32.9,32.7,56.47,56,57,56,278.9,1023,112,CRYING,50.7,57,0,0,316.6,317,0,0,0,15,32.7,56,112,CRYING,0,0,317,57
69eb4aee899ce378bc9d475e,ESP32_GREENHOUSE_01,2026-04-24T10:50:22.516Z,14,32.51,32,32.9,32,56.71,56,57,57,133.2,294,121,CRYING,55.9,57,0,0,317,317,0,0,0,14,32,57,121,CRYING,0,0,317,57
69eb4b0c899ce378bc9d475f,ESP32_GREENHOUSE_01,2026-04-24T10:50:52.525Z,15,32.31,32,32.7,32.5,56.33,56,57,56,152.7,574,179,CRYING,55.7,54,0,0,318.3,320,0,0,0,15,32.5,56,179,CRYING,0,0,320,54
69eb4b2a899ce378bc9d4760,ESP32_GREENHOUSE_01,2026-04-24T10:51:22.530Z,15,32.35,32,32.7,32.2,56.2,56,57,56,98.1,277,277,CRYING,57.7,51,0,0,318.5,318,0,0,0,15,32.2,56,277,CRYING,0,0,318,51
69eb4b48899ce378bc9d4761,ESP32_GREENHOUSE_01,2026-04-24T10:51:52.539Z,15,32.45,32.1,32.9,32.3,56.13,56,57,56,94.5,212,212,CRYING,57.7,54,0,0,318,318,0,0,0,15,32.3,56,212,CRYING,0,0,318,54
69eb4b66899ce378bc9d4762,ESP32_GREENHOUSE_01,2026-04-24T10:52:22.553Z,15,32.55,32,32.9,32.5,56,56,56,56,114.6,234,139,CRYING,56.9,56,0,0,317.9,317,0,0,0,15,32.5,56,139,CRYING,0,0,317,56
69eb4b84899ce378bc9d4763,ESP32_GREENHOUSE_01,2026-04-24T10:52:52.565Z,15,32.47,32.1,32.9,32.6,56,56,56,56,114.7,453,69,CRYING,57.1,59,0,0,316.9,317,0,0,0,15,32.6,56,69,CRYING,0,0,317,59
69eb4ba2899ce378bc9d4764,ESP32_GREENHOUSE_01,2026-04-24T10:53:22.568Z,15,32.5,32.2,32.7,32.6,56,56,56,56,219.1,468,117,CRYING,52.9,57,0,0,316.9,316,0,0,0,15,32.6,56,117,CRYING,0,0,316,57
69eb4bc0899ce378bc9d4765,ESP32_GREENHOUSE_01,2026-04-24T10:53:52.576Z,14,32.46,32.2,32.9,32.3,56,56,56,56,78.9,132,81,CRYING,58.5,59,0,0,317,317,0,0,0,14,32.3,56,81,CRYING,0,0,317,59
69eb4bde899ce378bc9d4766,ESP32_GREENHOUSE_01,2026-04-24T10:54:22.588Z,15,32.5,32.1,32.8,32.4,56,56,56,56,209.1,831,92,CRYING,53.3,58,0,0,316.9,317,0,0,0,15,32.4,56,92,CRYING,0,0,317,58
69eb4bfc899ce378bc9d4767,ESP32_GREENHOUSE_01,2026-04-24T10:54:52.594Z,15,32.43,32.1,32.8,32.4,56,56,56,56,136.3,606,98,CRYING,56.4,58,0,0,315.2,314,0,0,0,15,32.4,56,98,CRYING,0,0,314,58
69eb4c1a899ce378bc9d4768,ESP32_GREENHOUSE_01,2026-04-24T10:55:22.609Z,15,32.48,32.1,32.8,32.5,56,56,56,56,110.6,187,95,CRYING,57.3,58,0,0,313.5,313,0,0,0,15,32.5,56,95,CRYING,0,0,313,58
69eb4c38899ce378bc9d4769,ESP32_GREENHOUSE_01,2026-04-24T10:55:52.611Z,15,32.46,32.1,32.8,32.5,56,56,56,56,112.8,267,120,CRYING,57.1,57,0,0,311.1,310,0,0,0,15,32.5,56,120,CRYING,0,0,310,57
69eb4c56899ce378bc9d476a,ESP32_GREENHOUSE_01,2026-04-24T10:56:22.626Z,15,32.44,32,32.8,32.5,56,56,56,56,326.1,844,189,CRYING,48.8,54,0,0,308.5,308,0,0,0,15,32.5,56,189,CRYING,0,0,308,54
69eb4c74899ce378bc9d476b,ESP32_GREENHOUSE_01,2026-04-24T10:56:52.629Z,15,32.37,32.1,32.9,32.3,56,56,56,56,371,1023,294,CRYING,47.1,50,0,0,307.1,306,0,0,0,15,32.3,56,294,CRYING,0,0,306,50
69eb4c92899ce378bc9d476c,ESP32_GREENHOUSE_01,2026-04-24T10:57:22.631Z,15,32.48,32,32.7,32.7,56,56,56,56,141,349,103,CRYING,56,57,0,0,306,306,0,0,0,15,32.7,56,103,CRYING,0,0,306,57
69eb4cb0899ce378bc9d476d,ESP32_GREENHOUSE_01,2026-04-24T10:57:52.636Z,15,32.45,32.1,32.9,32.3,55.6,55,56,56,82.5,103,78,CRYING,58.7,59,0,0,305.2,305,0,0,0,15,32.3,56,78,CRYING,0,0,305,59
69eb4cce899ce378bc9d476e,ESP32_GREENHOUSE_01,2026-04-24T10:58:22.648Z,14,32.35,32.1,32.7,32.3,56,56,56,56,172,359,282,CRYING,54.9,51,0,0,304.1,304,0,0,0,14,32.3,56,282,CRYING,0,0,304,51
69eb4cec899ce378bc9d476f,ESP32_GREENHOUSE_01,2026-04-24T10:58:52.663Z,15,32.31,32.1,32.7,32.4,56,56,56,56,132.9,321,70,CRYING,56.6,59,0,0,304,304,0,0,0,15,32.4,56,70,CRYING,0,0,304,59
69eb4d0a899ce378bc9d4770,ESP32_GREENHOUSE_01,2026-04-24T10:59:22.665Z,15,32.39,32,32.9,32.3,56,56,56,56,70.1,83,61,CRYING,59,59,0,0,303.2,303,0,0,0,15,32.3,56,61,CRYING,0,0,303,59
69eb4d28899ce378bc9d4771,ESP32_GREENHOUSE_01,2026-04-24T10:59:52.668Z,15,32.35,32,32.8,32.8,56,56,56,56,79.1,113,76,CRYING,58.7,58,0,0,302.4,302,0,0,0,15,32.8,56,76,CRYING,0,0,302,58
69eb4d46899ce378bc9d4772,ESP32_GREENHOUSE_01,2026-04-24T11:00:22.671Z,15,32.47,32,32.9,32.6,56,56,56,56,100.1,274,76,CRYING,57.7,58,0,0,300.5,299,0,0,0,15,32.6,56,76,CRYING,0,0,299,58
69eb4d64899ce378bc9d4773,ESP32_GREENHOUSE_01,2026-04-24T11:00:52.679Z,15,32.47,32,32.9,32.6,55.67,55,56,55,155.6,313,120,CRYING,55.7,57,0,0,297.7,297,0,0,0,15,32.6,55,120,CRYING,0,0,297,57
69eb4d82899ce378bc9d4774,ESP32_GREENHOUSE_01,2026-04-24T11:01:22.689Z,15,32.45,32.3,32.8,32.4,55.67,55,56,55,270.5,1023,1023,CRYING,51.3,22,0,0,296.5,296,0,0,0,15,32.4,55,1023,CRYING,0,0,296,22
69eb4da0899ce378bc9d4775,ESP32_GREENHOUSE_01,2026-04-24T11:01:52.698Z,14,32.56,32.1,32.9,32.7,55.5,55,56,56,371.4,1023,112,CRYING,47.2,57,0,0,295.7,296,0,0,0,14,32.7,56,112,CRYING,0,0,296,57
69eb4dbe899ce378bc9d4776,ESP32_GREENHOUSE_01,2026-04-24T11:02:22.707Z,15,32.53,32.2,32.9,32.8,55.6,55,56,55,135.1,216,171,CRYING,56.4,55,0,0,295.5,295,0,0,0,15,32.8,55,171,CRYING,0,0,295,55
69eb4ddc899ce378bc9d4777,ESP32_GREENHOUSE_01,2026-04-24T11:02:52.723Z,15,32.45,32,32.9,32.1,55,55,55,55,120.5,162,69,CRYING,57.7,60,0,0,295,295,0,0,0,15,32.1,55,69,CRYING,0,0,295,60
69eb4dfa899ce378bc9d4778,ESP32_GREENHOUSE_01,2026-04-24T11:03:22.737Z,15,32.51,32.1,32.9,32.1,55,55,55,55,108.3,143,90,CRYING,58,59,0,0,294.3,294,0,0,0,15,32.1,55,90,CRYING,0,0,294,59
69eb4e18899ce378bc9d4779,ESP32_GREENHOUSE_01,2026-04-24T11:03:52.738Z,15,32.62,32.3,32.9,32.8,55,55,55,55,163.3,699,403,CRYING,55.5,46,0,0,293.9,293,0,0,0,15,32.8,55,403,CRYING,0,0,293,46
69eb4e36899ce378bc9d477a,ESP32_GREENHOUSE_01,2026-04-24T11:04:22.751Z,15,32.57,32.3,32.8,32.3,55,55,55,55,248.5,854,78,CRYING,52.3,59,0,0,292.5,292,0,0,0,15,32.3,55,78,CRYING,0,0,292,59
69eb4e54899ce378bc9d477b,ESP32_GREENHOUSE_01,2026-04-24T11:04:52.763Z,15,32.55,32.2,32.9,32.4,55,55,55,55,369.5,1023,96,CRYING,47.7,58,0,0,290.7,290,0,0,0,15,32.4,55,96,CRYING,0,0,290,58
69eb4e72899ce378bc9d477c,ESP32_GREENHOUSE_01,2026-04-24T11:05:22.775Z,15,32.47,32.1,32.9,32.7,55,55,55,55,168.8,638,65,CRYING,55.5,59,0,0,289.5,290,0,0,0,15,32.7,55,65,CRYING,0,0,290,59
69eb4e90899ce378bc9d477d,ESP32_GREENHOUSE_01,2026-04-24T11:05:52.780Z,14,32.39,32,32.8,32.1,55,55,55,55,71.1,135,80,CRYING,59.6,60,0,0,289.6,289,0,0,0,14,32.1,55,80,CRYING,0,0,289,60
69eb4eae899ce378bc9d477e,ESP32_GREENHOUSE_01,2026-04-24T11:06:22.785Z,15,32.38,32,32.9,32.6,55,55,55,55,77,146,55,CRYING,59.5,60,0,0,288.9,288,0,0,0,15,32.6,55,55,CRYING,0,0,288,60
69eb4ecc899ce378bc9d477f,ESP32_GREENHOUSE_01,2026-04-24T11:06:52.795Z,15,32.47,32.1,32.7,32.5,55,55,55,55,73.1,93,62,CRYING,59.2,59,0,0,288.1,288,0,0,0,15,32.5,55,62,CRYING,0,0,288,59
69eb4eea899ce378bc9d4780,ESP32_GREENHOUSE_01,2026-04-24T11:07:22.804Z,15,32.49,32,32.9,32.3,55,55,55,55,76.6,224,60,CRYING,59.3,60,0,0,287.5,287,0,0,0,15,32.3,55,60,CRYING,0,0,287,60
69eb4f08899ce378bc9d4781,ESP32_GREENHOUSE_01,2026-04-24T11:07:52.810Z,15,32.43,32,32.8,32.8,55,55,55,55,124.3,342,101,CRYING,57.4,58,0,0,286.9,287,0,0,0,15,32.8,55,101,CRYING,0,0,287,58
69eb4f26899ce378bc9d4782,ESP32_GREENHOUSE_01,2026-04-24T11:08:22.816Z,15,32.45,32,32.9,32,55,55,55,55,201.4,1023,91,CRYING,54.5,60,0,0,286.5,288,0,0,0,15,32,55,91,CRYING,0,0,288,60
69eb4f44899ce378bc9d4783,ESP32_GREENHOUSE_01,2026-04-24T11:08:52.823Z,15,32.38,32,32.9,32.6,55,55,55,55,144.1,406,65,CRYING,56.6,59,0,0,286.5,283,0,0,0,15,32.6,55,65,CRYING,0,0,283,59
69eb504fd60a2236063606ee,ESP32_GREENHOUSE_01,2026-04-24T11:13:19.439Z,14,32.48,32,32.9,32.5,55,55,55,55,258.5,1023,330,CRYING,52.1,49,0,0,276.6,287,0,0,0,12,32.5,55,330,CRYING,0,0,287,49
69eb506dd60a2236063606ef,ESP32_GREENHOUSE_01,2026-04-24T11:13:49.447Z,15,32.49,32,32.8,32.8,55.07,55,56,55,230.3,1023,86,CRYING,53.1,59,0,0,285,286,0,0,0,15,32.8,55,86,CRYING,0,0,286,59
69eb508bd60a2236063606f7,ESP32_GREENHOUSE_01,2026-04-24T11:14:19.452Z,15,32.46,32,32.8,32.6,55,55,55,55,125.9,203,120,CRYING,57.3,57,0,0,285.6,285,0,0,0,4,32.6,55,120,Light Activity,0,0,285,57
69eb50a9d60a223606360700,ESP32_GREENHOUSE_01,2026-04-24T11:14:49.465Z,14,32.34,32,32.8,32.2,55,55,55,55,128.9,206,72,Light Activity,57.4,60,0,0,284.9,284,0,0,0,2,32.2,55,72,Quiet,0,0,284,60
69eb50c7d60a223606360708,ESP32_GREENHOUSE_01,2026-04-24T11:15:19.476Z,15,32.43,32,32.9,32.9,55,55,55,55,160,366,134,CRYING,56.1,57,0,0,284.1,285,0,0,0,7,32.9,55,134,Light Activity,0,0,285,57
69eb50e5d60a223606360711,ESP32_GREENHOUSE_01,2026-04-24T11:15:49.486Z,15,32.35,32.1,32.6,32.6,55,55,55,55,142.3,349,84,Light Activity,56.8,59,0,0,285.4,286,0,0,0,3,32.6,55,84,Quiet,0,0,286,59
69eb5103d60a223606360718,ESP32_GREENHOUSE_01,2026-04-24T11:16:19.489Z,15,32.49,32,32.9,32.7,55,55,55,55,137.9,295,116,CRYING,56.8,57,0,0,286.1,286,0,0,0,9,32.7,55,116,Light Activity,0,0,286,57
69eb5121d60a22360636071f,ESP32_GREENHOUSE_01,2026-04-24T11:16:49.493Z,15,32.39,32,32.9,32.2,55,55,55,55,131.9,280,280,CRYING,57.3,52,0,0,286,286,0,0,0,7,32.2,55,280,Restless,0,0,286,52
69eb513fd60a223606360728,ESP32_GREENHOUSE_01,2026-04-24T11:17:19.504Z,15,32.35,32,32.9,32.3,55,55,55,55,87.8,142,67,Quiet,59.1,60,0,0,285.7,285,0,0,0,0,32.3,55,67,Quiet,0,0,285,60
69eb515dd60a22360636072f,ESP32_GREENHOUSE_01,2026-04-24T11:17:49.507Z,15,32.42,32,32.9,32,55,55,55,55,110.4,328,64,Quiet,57.9,61,0,0,284.7,284,0,0,0,3,32,55,64,Quiet,0,0,284,61
69eb517bd60a223606360738,ESP32_GREENHOUSE_01,2026-04-24T11:18:19.512Z,15,32.43,32.1,32.9,32.5,55.93,55,56,56,99.1,200,66,Quiet,57.8,59,0,0,284.3,284,0,0,0,6,32.5,56,66,Quiet,0,0,284,59
69eb5199d60a223606360744,ESP32_GREENHOUSE_01,2026-04-24T11:18:49.514Z,14,32.29,32,32.6,32,56,56,56,56,142.3,206,112,Restless,56.2,58,0,0,284.9,285,0,0,0,2,32,56,112,Light Activity,0,0,285,58
69eb51b7d60a223606360752,ESP32_GREENHOUSE_01,2026-04-24T11:19:19.520Z,15,32.29,32,32.9,32.3,56,56,56,56,143.8,290,84,Light Activity,56.4,59,0,0,285,285,0,0,0,3,32.3,56,84,Quiet,0,0,285,59
69eb51d5d60a22360636075a,ESP32_GREENHOUSE_01,2026-04-24T11:19:49.525Z,15,32.37,32.1,32.7,32.1,56,56,56,56,225.9,814,66,CRYING,52.8,60,0,0,285.1,285,0,0,0,7,32.1,56,66,CRYING,0,0,285,60
69eb51f3d60a223606360765,ESP32_GREENHOUSE_01,2026-04-24T11:20:19.525Z,15,32.31,32,32.9,32.9,56,56,56,56,126,379,379,Quiet,56.9,46,0,0,285,285,0,0,0,4,32.9,56,379,CRYING,0,0,285,46
69eb5211d60a22360636076e,ESP32_GREENHOUSE_01,2026-04-24T11:20:49.532Z,15,32.3,32.1,32.9,32.1,56,56,56,56,114.8,520,59,Quiet,57.5,60,0,0,284.5,284,0,0,0,3,32.1,56,59,Quiet,0,0,284,60
69eb522fd60a22360636077a,ESP32_GREENHOUSE_01,2026-04-24T11:21:19.547Z,15,32.29,32,32.9,32,56,56,56,56,136.1,340,102,Quiet,56.8,59,0,0,283.6,283,0,0,0,3,32,56,102,Light Activity,0,0,283,59
69eb524dd60a223606360785,ESP32_GREENHOUSE_01,2026-04-24T11:21:49.558Z,15,32.34,32,32.9,32.5,56,56,56,56,130.8,249,208,Quiet,56.7,53,0,0,282.4,282,0,0,0,1,32.5,56,208,Restless,0,0,282,53
69eb526bd60a223606360792,ESP32_GREENHOUSE_01,2026-04-24T11:22:19.571Z,15,32.23,32,32.6,32.1,56,56,56,56,112.2,174,83,Quiet,57.5,59,0,0,281.1,281,0,0,0,3,32.1,56,83,Quiet,0,0,281,59
69eb5289d60a223606360799,ESP32_GREENHOUSE_01,2026-04-24T11:22:49.570Z,14,32.39,32,32.9,32.1,56,56,56,56,151.6,866,82,Quiet,56,59,0,0,281,280,0,0,0,1,32.1,56,82,Quiet,0,0,280,59
69eb52a7d60a22360636079d,ESP32_GREENHOUSE_01,2026-04-24T11:23:19.570Z,15,32.33,32,32.8,32.5,56,56,56,56,355.2,897,92,CRYING,47.9,58,0,0,270.5,264,0,0,0,14,32.5,56,92,CRYING,0,0,264,58
69eb52c5d60a22360636079e,ESP32_GREENHOUSE_01,2026-04-24T11:23:49.579Z,15,32.3,32.1,32.9,32.4,56,56,56,56,296.7,1023,784,CRYING,50.4,31,0,0,277.3,289,0,0,0,15,32.4,56,784,CRYING,0,0,289,31
69eb52e3d60a22360636079f,ESP32_GREENHOUSE_01,2026-04-24T11:24:19.595Z,15,32.3,32,32.8,32.1,56,56,56,56,236.3,834,95,CRYING,52.6,59,0,0,286.5,285,0,0,0,15,32.1,56,95,CRYING,0,0,285,59
69eb5301d60a2236063607a0,ESP32_GREENHOUSE_01,2026-04-24T11:24:49.606Z,15,32.3,32,32.9,32.4,56,56,56,56,224.3,811,82,CRYING,53.1,58,0,0,284.3,285,0,0,0,15,32.4,56,82,CRYING,0,0,285,58
69eb531fd60a2236063607a2,ESP32_GREENHOUSE_01,2026-04-24T11:25:19.608Z,15,32.24,32,32.5,32,56,56,56,56,394.7,1023,911,CRYING,46.5,27,5,0,261.3,227,0,0,0,15,32,56,911,CRYING,1,0,227,27
69eb533dd60a2236063607a4,ESP32_GREENHOUSE_01,2026-04-24T11:25:49.609Z,15,32.35,32,32.9,32.3,56,56,56,56,188.3,562,156,CRYING,54.5,56,0,0,267,282,0,0,0,15,32.3,56,156,CRYING,0,0,282,56
69eb535bd60a2236063607a5,ESP32_GREENHOUSE_01,2026-04-24T11:26:19.611Z,14,32.25,32,32.9,32.2,56,56,56,56,79.6,102,95,CRYING,58.9,58,0,0,289.3,293,0,0,0,14,32.2,56,95,CRYING,0,0,293,58
69eb5379d60a2236063607aa,ESP32_GREENHOUSE_01,2026-04-24T11:26:49.618Z,15,32.35,32,32.9,32.5,56,56,56,56,143.1,899,77,Quiet,56.2,58,0,0,291.5,293,0,0,0,3,32.5,56,77,Quiet,0,0,293,58
69eb5397d60a2236063607af,ESP32_GREENHOUSE_01,2026-04-24T11:27:19.625Z,15,32.55,32,32.9,32,56,56,56,56,81.6,131,73,Quiet,58.5,60,0,0,292.1,292,0,0,0,0,32,56,73,Quiet,0,0,292,60
69eb53b5d60a2236063607b6,ESP32_GREENHOUSE_01,2026-04-24T11:27:49.635Z,15,32.36,32,32.9,32.7,56,56,56,56,79.3,109,69,Quiet,58.8,59,0,0,291.5,291,0,0,0,0,32.7,56,69,Quiet,0,0,291,59
69eb53d3d60a2236063607b7,ESP32_GREENHOUSE_01,2026-04-24T11:28:19.639Z,15,32.16,31,32.9,31.1,56,56,56,56,71.8,86,65,Quiet,59.7,63,0,0,289.6,289,0,0,0,0,31.1,56,65,Quiet,0,0,289,63
69eb53f1d60a2236063607b8,ESP32_GREENHOUSE_01,2026-04-24T11:28:49.641Z,15,31.35,31.1,31.9,31.4,56,56,56,56,68,96,67,Quiet,61.7,62,0,0,286.7,285,0,0,0,0,31.4,56,67,Quiet,0,0,285,62
69eb540fd60a2236063607ba,ESP32_GREENHOUSE_01,2026-04-24T11:29:19.646Z,15,31.45,31,31.9,31.2,56,56,56,56,80.8,151,151,Quiet,61,59,0,0,283.4,282,0,0,0,0,31.2,56,151,Restless,0,0,282,59
69eb542dd60a2236063607be,ESP32_GREENHOUSE_01,2026-04-24T11:29:49.653Z,15,31.4,31,31.7,31.6,56,56,56,56,84.3,115,71,Quiet,61,61,0,0,281.1,280,0,0,0,0,31.6,56,71,Quiet,0,0,280,61
69eb544bd60a2236063607c1,ESP32_GREENHOUSE_01,2026-04-24T11:30:19.653Z,14,31.38,31,31.9,31.9,56,56,56,56,83.1,110,87,Quiet,61.4,60,0,0,279.3,278,0,0,0,0,31.9,56,87,Quiet,0,0,278,60
69eb5469d60a2236063607c8,ESP32_GREENHOUSE_01,2026-04-24T11:30:49.654Z,15,31.39,31,31.8,31.3,56,56,56,56,88.1,118,76,Quiet,61,62,0,0,277.6,277,0,0,0,0,31.3,56,76,Quiet,0,0,277,62
69eb5487d60a2236063607c9,ESP32_GREENHOUSE_01,2026-04-24T11:31:19.655Z,15,31.37,31,31.8,31.2,56,56,56,56,77.1,92,78,Quiet,61.4,62,0,0,275.4,274,0,0,0,0,31.2,56,78,Quiet,0,0,274,62
69eb54a5d60a2236063607ce,ESP32_GREENHOUSE_01,2026-04-24T11:31:49.669Z,15,31.42,31,31.9,31.5,56,56,56,56,85.1,155,74,Quiet,60.9,61,0,0,273.2,270,0,0,0,2,31.5,56,74,CRYING,0,0,270,61
69eb54c3d60a2236063607d9,ESP32_GREENHOUSE_01,2026-04-24T11:32:19.676Z,15,31.45,31.1,31.9,31.8,56,56,56,56,159.7,1023,84,Quiet,58,60,0,0,270.7,270,0,0,0,2,31.8,56,84,Quiet,0,0,270,60
69eb54e1d60a2236063607e0,ESP32_GREENHOUSE_01,2026-04-24T11:32:49.682Z,15,31.51,31,31.9,31.7,56,56,56,56,84,110,69,Quiet,60.8,61,0,0,269.3,268,0,0,0,0,31.7,56,69,Quiet,0,0,268,61
69eb54ffd60a2236063607e1,ESP32_GREENHOUSE_01,2026-04-24T11:33:19.692Z,15,31.38,31.1,31.7,31.3,56,56,56,56,73.7,102,59,Quiet,61.5,62,0,0,267.6,267,0,0,0,0,31.3,56,59,Quiet,0,0,267,62
69eb551dd60a2236063607e2,ESP32_GREENHOUSE_01,2026-04-24T11:33:49.694Z,14,31.37,31,31.9,31.2,56,56,56,56,75.9,95,88,Quiet,61.4,61,0,0,265.9,265,0,0,0,0,31.2,56,88,Quiet,0,0,265,61
69eb553bd60a2236063607e7,ESP32_GREENHOUSE_01,2026-04-24T11:34:19.709Z,15,31.53,31,31.9,31.8,56,56,56,56,81.7,108,85,Quiet,60.8,60,0,0,264.3,264,0,0,0,0,31.8,56,85,Quiet,0,0,264,60
69eb5559d60a2236063607e8,ESP32_GREENHOUSE_01,2026-04-24T11:34:49.724Z,15,31.42,31.1,31.8,31.4,56,56,56,56,70.4,102,63,Quiet,61.6,62,0,0,262.7,262,0,0,0,0,31.4,56,63,Quiet,0,0,262,62
69eb5577d60a2236063607e9,ESP32_GREENHOUSE_01,2026-04-24T11:35:19.727Z,15,31.48,31,31.9,31.2,56,56,56,56,77.9,99,98,Quiet,61,61,0,0,261.6,261,0,0,0,0,31.2,56,98,Quiet,0,0,261,61
69eb5595d60a2236063607ea,ESP32_GREENHOUSE_01,2026-04-24T11:35:49.732Z,15,31.51,31,31.9,31.8,56,56,56,56,76.6,96,96,Quiet,61.1,59,0,0,260.5,260,0,0,0,0,31.8,56,96,Quiet,0,0,260,59
69eb55b3d60a2236063607f2,ESP32_GREENHOUSE_01,2026-04-24T11:36:19.746Z,15,31.47,31.1,31.9,31.3,56,56,56,56,117.2,202,202,Quiet,59.5,57,0,0,259.7,259,0,0,0,5,31.3,56,202,CRYING,0,0,259,57
69eb55d1d60a2236063607f7,ESP32_GREENHOUSE_01,2026-04-24T11:36:49.749Z,15,31.51,31.2,31.9,31.5,56,56,56,56,93.6,182,71,Quiet,60.3,61,0,0,259,259,0,0,0,2,31.5,56,71,Quiet,0,0,259,61
69eb55efd60a2236063607fc,ESP32_GREENHOUSE_01,2026-04-24T11:37:19.751Z,15,31.49,31,31.9,31.7,56,56,56,56,81.7,111,79,Quiet,60.8,60,0,0,258.8,258,0,0,0,0,31.7,56,79,Quiet,0,0,258,60
69eb560dd60a2236063607ff,ESP32_GREENHOUSE_01,2026-04-24T11:37:49.756Z,14,31.46,31,31.7,31.6,56,56,56,56,84.9,113,87,Quiet,60.8,60,0,0,258.1,259,0,0,0,0,31.6,56,87,Quiet,0,0,259,60
69eb562bd60a223606360802,ESP32_GREENHOUSE_01,2026-04-24T11:38:19.758Z,15,31.43,31,31.9,31,56,56,56,56,78.1,105,78,Quiet,61.1,62,0,0,258.7,258,0,0,0,0,31,56,78,Quiet,0,0,258,62
69eb5649d60a223606360803,ESP32_GREENHOUSE_01,2026-04-24T11:38:49.759Z,15,31.51,31.1,31.9,31.3,56,56,56,56,78.2,100,73,Quiet,61.1,62,0,0,258.4,256,0,0,0,0,31.3,56,73,Quiet,0,0,256,62
69eb5667d60a223606360804,ESP32_GREENHOUSE_01,2026-04-24T11:39:19.766Z,15,31.43,31.1,31.9,31.1,56,56,56,56,70.4,86,72,Quiet,61.5,62,0,0,258.2,258,0,0,0,0,31.1,56,72,Quiet,0,0,258,62
69eb5685d60a223606360809,ESP32_GREENHOUSE_01,2026-04-24T11:39:49.781Z,15,31.35,31,31.9,31.6,56,56,56,56,107.1,319,66,Quiet,60.3,61,0,0,254.9,259,0,0,0,2,31.6,56,66,Quiet,0,0,259,61
69eb56a3d60a22360636080c,ESP32_GREENHOUSE_01,2026-04-24T11:40:19.785Z,15,31.49,31,31.9,31.4,56,56,56,56,79.7,128,80,Quiet,60.9,61,0,0,259,259,0,0,0,0,31.4,56,80,Quiet,0,0,259,61
69eb56c1d60a22360636080d,ESP32_GREENHOUSE_01,2026-04-24T11:40:49.801Z,15,31.43,31.1,31.8,31.7,56,56,56,56,73.5,101,68,Quiet,61.4,61,0,0,258.9,258,0,0,0,0,31.7,56,68,Quiet,0,0,258,61
69eb56dfd60a22360636080e,ESP32_GREENHOUSE_01,2026-04-24T11:41:19.805Z,15,31.4,31,31.8,31.2,56,56,56,56,71.2,98,80,Quiet,61.6,62,0,0,257.9,254,0,0,0,0,31.2,56,80,Quiet,0,0,254,62
69eb56fdd60a223606360812,ESP32_GREENHOUSE_01,2026-04-24T11:41:49.806Z,14,31.37,31,31.8,31.2,56,56,56,56,85.4,114,87,Quiet,61.2,61,0,0,242.9,243,0,0,0,1,31.2,56,87,Quiet,0,0,243,61
69eb571bd60a223606360816,ESP32_GREENHOUSE_01,2026-04-24T11:42:19.806Z,15,31.45,31,31.8,31.6,56,56,56,56,176.6,891,891,Quiet,57.3,29,0,0,241.3,240,0,0,0,2,31.6,56,891,CRYING,0,0,240,29
69eb5739d60a22360636081b,ESP32_GREENHOUSE_01,2026-04-24T11:42:49.813Z,15,31.51,31,31.9,31.2,56,56,56,56,247.9,524,135,CRYING,54.4,60,0,0,238.9,238,0,0,0,13,31.2,56,135,CRYING,0,0,238,60
69eb5757d60a223606360825,ESP32_GREENHOUSE_01,2026-04-24T11:43:19.813Z,15,31.41,31,31.9,31.3,56,56,56,56,205,619,154,CRYING,56.3,59,0,0,237.5,238,0,0,0,7,31.3,56,154,Restless,0,0,238,59
69eb5775d60a223606360833,ESP32_GREENHOUSE_01,2026-04-24T11:43:49.820Z,15,31.46,31,31.9,31.9,56,56,56,56,122.1,164,97,Light Activity,59.4,59,0,0,236.9,236,0,0,0,0,31.9,56,97,Quiet,0,0,236,59
69eb5793d60a22360636083c,ESP32_GREENHOUSE_01,2026-04-24T11:44:19.820Z,15,31.6,31,31.9,31.5,56,56,56,56,115.5,198,177,Light Activity,59.2,57,0,0,235.5,235,0,0,0,0,31.5,56,177,Restless,0,0,235,57
69eb57b1d60a22360636084a,ESP32_GREENHOUSE_01,2026-04-24T11:44:49.820Z,15,31.27,31,31.6,31.1,56,56,56,56,107.6,188,104,Quiet,60.4,61,0,0,234.3,234,0,0,0,2,31.1,56,104,Light Activity,0,0,234,61
69eb57cfd60a223606360855,ESP32_GREENHOUSE_01,2026-04-24T11:45:19.827Z,14,31.44,31,31.8,31.4,55.57,55,56,55,111.8,157,125,Quiet,60,60,0,0,233.1,232,0,0,0,1,31.4,55,125,Light Activity,0,0,232,60
69eb57edd60a22360636085e,ESP32_GREENHOUSE_01,2026-04-24T11:45:49.827Z,15,31.48,31,31.8,31.2,55.33,55,56,56,139.1,200,170,CRYING,59.1,58,0,0,232.1,231,0,0,0,8,31.2,56,170,Restless,0,0,231,58
69eb580bd60a223606360868,ESP32_GREENHOUSE_01,2026-04-24T11:46:19.826Z,15,31.38,31,31.9,31.9,55.53,55,56,55,116.5,174,83,Light Activity,60.1,60,0,0,230.6,230,0,0,0,0,31.9,55,83,Quiet,0,0,230,60
69eb5829d60a223606360871,ESP32_GREENHOUSE_01,2026-04-24T11:46:49.826Z,15,31.49,31,31.9,31.6,55.6,55,56,55,126.1,221,81,Quiet,59.4,61,0,0,229.2,229,0,0,0,4,31.6,55,81,Quiet,0,0,229,61
69eb5847d60a22360636087f,ESP32_GREENHOUSE_01,2026-04-24T11:47:19.830Z,15,31.47,31,31.9,31,55.8,55,56,56,175.4,505,251,CRYING,57.5,56,0,0,232.5,237,0,0,0,6,31,56,251,CRYING,0,0,237,56
69eb5865d60a223606360886,ESP32_GREENHOUSE_01,2026-04-24T11:47:49.841Z,15,31.4,31,31.9,31.6,56,56,56,56,314.5,1008,141,CRYING,51.8,58,0,0,229.8,224,0,0,0,11,31.6,56,141,Restless,0,0,224,58
69eb5883d60a22360636088a,ESP32_GREENHOUSE_01,2026-04-24T11:48:19.851Z,15,31.4,31.1,31.9,31.9,56,56,56,56,531.2,1023,780,CRYING,43.5,32,0,0,221.9,228,0,0,0,14,31.9,56,780,CRYING,0,0,228,32
69eb58a1d60a22360636088b,ESP32_GREENHOUSE_01,2026-04-24T11:48:49.851Z,15,31.6,31.1,31.9,31.9,56,56,56,56,435.5,1023,378,CRYING,46.7,48,0,0,232.7,233,0,0,0,15,31.9,56,378,CRYING,0,0,233,48
69eb58bfd60a22360636088c,ESP32_GREENHOUSE_01,2026-04-24T11:49:19.848Z,14,31.5,31,31.9,31.6,56,56,56,56,412.1,746,549,CRYING,48,42,0,0,232.4,232,0,0,0,14,31.6,56,549,CRYING,0,0,232,42
69eb58ddd60a22360636088d,ESP32_GREENHOUSE_01,2026-04-24T11:49:49.848Z,15,31.51,31,31.9,31.6,56,56,56,56,381.7,727,523,CRYING,49.1,43,0,0,231.8,231,0,0,0,15,31.6,56,523,CRYING,0,0,231,43
69eb58fbd60a22360636088e,ESP32_GREENHOUSE_01,2026-04-24T11:50:19.852Z,15,31.51,31,31.9,31,56.2,56,57,57,199.7,349,150,CRYING,56.1,59,0,0,230.6,230,0,0,0,15,31,57,150,CRYING,0,0,230,59
69eb5919d60a22360636088f,ESP32_GREENHOUSE_01,2026-04-24T11:50:49.854Z,15,31.51,31,31.9,31.1,56.73,56,57,57,384.4,1023,1023,CRYING,48.6,25,0,0,229.3,228,0,0,0,15,31.1,57,1023,CRYING,0,0,228,25
69eb5937d60a223606360890,ESP32_GREENHOUSE_01,2026-04-24T11:51:19.862Z,15,31.4,31,31.9,31.6,56.73,56,57,57,444.2,1023,232,CRYING,46.4,54,0,0,227.7,227,0,0,0,15,31.6,57,232,CRYING,0,0,227,54
69eb5955d60a223606360891,ESP32_GREENHOUSE_01,2026-04-24T11:51:49.861Z,15,31.42,31,31.9,31,56.87,56,57,57,387.2,1023,163,CRYING,48.7,58,0,0,226.2,227,0,0,0,15,31,57,163,CRYING,0,0,227,58
69eb5973d60a223606360892,ESP32_GREENHOUSE_01,2026-04-24T11:52:19.861Z,15,31.48,31,31.9,31.5,57,57,57,57,352,1023,236,CRYING,49.7,54,0,0,228.1,228,0,0,0,15,31.5,57,236,CRYING,0,0,228,54
69eb5991d60a223606360893,ESP32_GREENHOUSE_01,2026-04-24T11:52:49.862Z,14,31.41,31,31.8,31.5,57,57,57,57,211.1,658,301,CRYING,55.4,52,0,0,226.3,222,0,0,0,14,31.5,57,301,CRYING,0,0,222,52
69eb59afd60a223606360894,ESP32_GREENHOUSE_01,2026-04-24T11:53:19.873Z,15,31.51,31,31.9,31.6,57,57,57,57,187.7,529,87,CRYING,56.1,60,0,0,224.7,224,0,0,0,15,31.6,57,87,CRYING,0,0,224,60
69eb59cdd60a223606360895,ESP32_GREENHOUSE_01,2026-04-24T11:53:49.874Z,15,31.45,31,31.9,31.5,56.73,56,57,56,303.6,1023,355,CRYING,51.9,50,0,0,224.7,224,0,0,0,15,31.5,56,355,CRYING,0,0,224,50
69eb59ebd60a223606360896,ESP32_GREENHOUSE_01,2026-04-24T11:54:19.878Z,15,31.52,31.1,31.9,31.2,56.13,56,57,56,214.5,710,121,CRYING,55.5,60,0,0,228.7,229,0,0,0,15,31.2,56,121,CRYING,0,0,229,60
69eb5a09d60a223606360899,ESP32_GREENHOUSE_01,2026-04-24T11:54:49.878Z,15,31.39,31,31.9,31.3,56.33,56,57,57,163.5,421,421,CRYING,57.7,48,4,0,221.3,228,0,0,0,15,31.3,57,421,CRYING,0,0,228,48
69eb5a27d60a22360636089a,ESP32_GREENHOUSE_01,2026-04-24T11:55:19.873Z,15,31.29,31,31.8,31.8,56.47,56,57,57,200,391,217,CRYING,56.5,54,0,0,227.1,228,0,0,0,15,31.8,57,217,CRYING,0,0,228,54
69eb5a45d60a22360636089b,ESP32_GREENHOUSE_01,2026-04-24T11:55:49.873Z,15,31.31,31,31.9,31.5,56.27,56,57,56,202.3,379,270,CRYING,56.6,53,0,0,225.2,228,0,0,0,15,31.5,56,270,CRYING,0,0,228,53
69eb5a63d60a22360636089c,ESP32_GREENHOUSE_01,2026-04-24T11:56:19.874Z,14,31.46,31,31.9,31,56.43,56,57,56,190.1,543,95,CRYING,56.4,62,0,0,227.1,227,0,0,0,14,31,56,95,CRYING,0,0,227,62
69eb5a81d60a22360636089d,ESP32_GREENHOUSE_01,2026-04-24T11:56:49.880Z,15,31.5,31,31.9,31.3,56,56,56,56,133.1,350,94,CRYING,58.9,61,0,0,225.6,226,0,0,0,15,31.3,56,94,CRYING,0,0,226,61
69eb5a9fd60a22360636089e,ESP32_GREENHOUSE_01,2026-04-24T11:57:19.893Z,15,31.49,31,31.9,31.5,56,56,56,56,168.4,382,253,CRYING,57.3,54,0,0,222.6,224,0,0,0,15,31.5,56,253,CRYING,0,0,224,54
69eb5abdd60a22360636089f,ESP32_GREENHOUSE_01,2026-04-24T11:57:49.899Z,15,31.43,31,31.8,31.1,56,56,56,56,206.1,479,101,CRYING,56.1,61,0,0,222.9,219,0,0,0,15,31.1,56,101,CRYING,0,0,219,61
69eb5adbd60a2236063608a1,ESP32_GREENHOUSE_01,2026-04-24T11:58:19.899Z,15,31.43,31,31.9,31.5,56,56,56,56,247.5,577,262,CRYING,54.6,54,2,0,212.2,186,0,0,0,15,31.5,56,262,CRYING,1,0,186,54
69eb5af9d60a2236063608a3,ESP32_GREENHOUSE_01,2026-04-24T11:58:49.899Z,15,31.51,31,31.9,31.2,56,56,56,56,117.7,232,84,CRYING,59.3,62,3,0,218.5,218,0,0,0,15,31.2,56,84,CRYING,0,0,218,62
69eb5b17d60a2236063608a4,ESP32_GREENHOUSE_01,2026-04-24T11:59:19.899Z,15,31.51,31,31.9,31.6,56,56,56,56,207.3,481,191,CRYING,56,56,0,0,218.3,217,0,0,0,15,31.6,56,191,CRYING,0,0,217,56
69eb5b35d60a2236063608a5,ESP32_GREENHOUSE_01,2026-04-24T11:59:49.899Z,15,31.55,31.2,31.9,31.7,56.13,56,57,56,289.7,732,77,CRYING,52.5,60,0,0,208.9,190,0,0,0,15,31.7,56,77,CRYING,0,0,190,60
69eb5b53d60a2236063608a6,ESP32_GREENHOUSE_01,2026-04-24T12:00:19.902Z,14,31.41,31,31.9,31.7,56.5,56,57,57,311,888,888,CRYING,51.9,28,0,0,194.6,174,0,0,0,14,31.7,57,888,CRYING,0,0,174,28
69eb5b71d60a2236063608a7,ESP32_GREENHOUSE_01,2026-04-24T12:00:49.902Z,15,31.45,31,31.9,31.4,57,57,57,57,404.5,1023,164,CRYING,47.6,57,0,0,200.3,217,0,0,0,15,31.4,57,164,CRYING,0,0,217,57
69eb5b8fd60a2236063608a8,ESP32_GREENHOUSE_01,2026-04-24T12:01:19.909Z,15,31.37,31,31.9,31.2,57,57,57,57,232.7,361,313,CRYING,54.7,52,0,0,214.7,216,0,0,0,15,31.2,57,313,CRYING,0,0,216,52
69eb5badd60a2236063608a9,ESP32_GREENHOUSE_01,2026-04-24T12:01:49.910Z,15,31.49,31,31.9,31.1,57,57,57,57,188.5,282,126,CRYING,56,60,0,0,214.3,215,0,0,0,15,31.1,57,126,CRYING,0,0,215,60
69eb5bcbd60a2236063608aa,ESP32_GREENHOUSE_01,2026-04-24T12:02:19.909Z,15,31.54,31.1,31.9,31.5,57,57,57,57,157.5,375,194,CRYING,57.2,56,0,0,213.9,213,0,0,0,15,31.5,57,194,CRYING,0,0,213,56
69eb5be9d60a2236063608ab,ESP32_GREENHOUSE_01,2026-04-24T12:02:49.913Z,15,31.51,31.1,31.9,31.5,57,57,57,57,154.3,314,151,CRYING,57.3,58,0,0,212.3,210,0,0,0,15,31.5,57,151,CRYING,0,0,210,58
69eb5c07d60a2236063608ac,ESP32_GREENHOUSE_01,2026-04-24T12:03:19.915Z,15,31.45,31,31.9,31.1,57,57,57,57,234.3,619,176,CRYING,54.5,58,0,0,206.7,206,0,0,0,15,31.1,57,176,CRYING,0,0,206,58
69eb5c25d60a2236063608ad,ESP32_GREENHOUSE_01,2026-04-24T12:03:49.915Z,14,31.41,31,31.9,31,57,57,57,57,191.4,722,105,CRYING,56.3,61,0,0,205.4,205,0,0,0,14,31,57,105,CRYING,0,0,205,61
69eb5c43d60a2236063608ae,ESP32_GREENHOUSE_01,2026-04-24T12:04:19.916Z,15,31.43,31,31.9,31.1,57,57,57,57,175.5,530,116,CRYING,56.7,60,0,0,202.8,202,0,0,0,15,31.1,57,116,CRYING,0,0,202,60
69eb5c61d60a2236063608af,ESP32_GREENHOUSE_01,2026-04-24T12:04:49.922Z,15,31.45,31,31.9,31.1,57,57,57,57,270.2,560,280,CRYING,53,54,0,0,200.5,201,0,0,0,15,31.1,57,280,CRYING,0,0,201,54
69eb5c7fd60a2236063608b0,ESP32_GREENHOUSE_01,2026-04-24T12:05:19.923Z,15,31.45,31,31.9,31,57,57,57,57,359.6,929,191,CRYING,49.5,57,0,0,199.6,200,0,0,0,15,31,57,191,CRYING,0,0,200,57
69eb5c9dd60a2236063608b1,ESP32_GREENHOUSE_01,2026-04-24T12:05:49.923Z,15,31.41,31,31.8,31.3,57,57,57,57,477.2,1016,442,CRYING,45,47,0,0,198.1,197,0,0,0,15,31.3,57,442,CRYING,0,0,197,47
69eb5cbbd60a2236063608b2,ESP32_GREENHOUSE_01,2026-04-24T12:06:19.924Z,15,31.47,31,31.9,31.8,57,57,57,57,429.9,1020,145,CRYING,46.7,57,0,0,193.5,197,0,0,0,15,31.8,57,145,CRYING,0,0,197,57
69eb5cd9d60a2236063608b3,ESP32_GREENHOUSE_01,2026-04-24T12:06:49.925Z,15,31.41,31,31.9,31.2,57,57,57,57,601.1,1023,136,CRYING,40.3,59,0,0,193.2,191,0,0,0,15,31.2,57,136,CRYING,0,0,191,59
69eb5cf7d60a2236063608b4,ESP32_GREENHOUSE_01,2026-04-24T12:07:19.925Z,15,31.31,31,31.8,31.3,57.2,57,58,57,667.6,1023,607,CRYING,37.8,40,0,0,189.9,191,0,0,0,15,31.3,57,607,CRYING,0,0,191,40
69eb5d15d60a2236063608b6,ESP32_GREENHOUSE_01,2026-04-24T12:07:49.926Z,14,31.28,31,31.8,31.3,57.57,57,58,58,658.9,1023,417,CRYING,37.9,47,8,0,149.3,108,0,0,0,14,31.3,58,417,CRYING,1,0,108,47
69eb5d33d60a2236063608b8,ESP32_GREENHOUSE_01,2026-04-24T12:08:19.928Z,15,31.39,31,31.9,31.4,58.07,58,59,58,317.4,804,127,CRYING,50.6,58,12,0,159.1,166,0,0,0,15,31.4,58,127,CRYING,0,0,166,58
69eb5d51d60a2236063608bb,ESP32_GREENHOUSE_01,2026-04-24T12:08:49.935Z,15,31.38,31,31.9,31.5,58,58,58,58,431,1023,101,CRYING,46.1,59,8,0,161.8,177,0,0,0,15,31.5,58,101,CRYING,0,0,177,59
69eb5d6fd60a2236063608bc,ESP32_GREENHOUSE_01,2026-04-24T12:09:19.935Z,15,31.65,31,31.9,31.8,57.13,57,58,57,358.7,1023,352,CRYING,48.9,49,0,0,175.9,177,0,0,0,15,31.8,57,352,CRYING,0,0,177,49
69eb5d8dd60a2236063608bd,ESP32_GREENHOUSE_01,2026-04-24T12:09:49.941Z,15,31.38,31,31.8,31.1,57,57,57,57,398.9,1023,245,CRYING,48.3,55,0,0,180.7,180,0,0,0,15,31.1,57,245,CRYING,0,0,180,55
69eb5dabd60a2236063608be,ESP32_GREENHOUSE_01,2026-04-24T12:10:19.952Z,15,31.49,31,31.9,31,57,57,57,57,466.7,1023,193,CRYING,45.3,57,0,0,177.9,181,0,0,0,15,31,57,193,CRYING,0,0,181,57
69eb5dc9d60a2236063608bf,ESP32_GREENHOUSE_01,2026-04-24T12:10:49.959Z,15,31.37,31,31.8,31.3,57,57,57,57,444.5,1023,458,CRYING,46.4,46,0,0,178.1,181,0,0,0,15,31.3,57,458,CRYING,0,0,181,46
69eb5de7d60a2236063608c0,ESP32_GREENHOUSE_01,2026-04-24T12:11:19.959Z,14,31.48,31,31.9,31.8,57,57,57,57,499.8,1023,347,CRYING,44,49,0,0,177.6,178,0,0,0,14,31.8,57,347,CRYING,0,0,178,49
69eb5e05d60a2236063608c1,ESP32_GREENHOUSE_01,2026-04-24T12:11:49.959Z,15,31.38,31,31.9,31.2,57.53,57,58,57,493.8,1023,720,CRYING,44.1,36,0,0,177.3,176,0,0,0,15,31.2,57,720,CRYING,0,0,176,36
69eb5e23d60a2236063608c2,ESP32_GREENHOUSE_01,2026-04-24T12:12:19.956Z,15,31.48,31,31.9,31,57.33,57,58,58,358.9,929,324,CRYING,49.4,52,0,0,172.9,179,0,0,0,15,31,58,324,CRYING,0,0,179,52
69eb5e41d60a2236063608c3,ESP32_GREENHOUSE_01,2026-04-24T12:12:49.955Z,15,31.5,31,31.9,31.2,57.13,57,58,57,345.2,874,874,CRYING,49.7,30,0,0,179.1,177,0,0,0,15,31.2,57,874,CRYING,0,0,177,30
69eb5e5fd60a2236063608c4,ESP32_GREENHOUSE_01,2026-04-24T12:13:19.970Z,15,31.3,31,31.8,31.2,57,57,57,57,326.9,549,398,CRYING,51.2,49,0,0,177.9,178,0,0,0,15,31.2,57,398,CRYING,0,0,178,49
69eb5e7dd60a2236063608c5,ESP32_GREENHOUSE_01,2026-04-24T12:13:49.970Z,15,31.37,31,31.8,31,57,57,57,57,452.1,1023,237,CRYING,46.1,56,0,0,176.9,177,0,0,0,15,31,57,237,CRYING,0,0,177,56
69eb5e9bd60a2236063608c6,ESP32_GREENHOUSE_01,2026-04-24T12:14:19.977Z,15,31.54,31,31.9,31.7,57,57,57,57,330.3,746,76,CRYING,50.3,60,0,0,175.3,170,0,0,0,15,31.7,57,76,CRYING,0,0,170,60
69eb5eb9d60a2236063608c7,ESP32_GREENHOUSE_01,2026-04-24T12:14:49.984Z,15,31.53,31,31.9,31.2,57,57,57,57,584.2,1023,910,CRYING,40.5,29,0,0,163.2,163,0,0,0,15,31.2,57,910,CRYING,0,0,163,29
69eb5ed7d60a2236063608c8,ESP32_GREENHOUSE_01,2026-04-24T12:15:19.994Z,14,31.46,31,31.9,31.9,57,57,57,57,456.1,1023,418,CRYING,45.7,46,0,0,164.1,164,0,0,0,14,31.9,57,418,CRYING,0,0,164,46
69eb5ef5d60a2236063608c9,ESP32_GREENHOUSE_01,2026-04-24T12:15:49.994Z,15,31.5,31,31.9,31.3,57,57,57,57,341.9,747,174,CRYING,50,57,0,0,162.3,162,0,0,0,15,31.3,57,174,CRYING,0,0,162,57
69eb5f13d60a2236063608ca,ESP32_GREENHOUSE_01,2026-04-24T12:16:19.990Z,15,31.61,31,31.9,31,57,57,57,57,276.5,699,256,CRYING,52.3,55,0,0,160.1,159,0,0,0,15,31,57,256,CRYING,0,0,159,55
69eb5f31d60a2236063608cb,ESP32_GREENHOUSE_01,2026-04-24T12:16:49.997Z,15,31.23,31,31.9,31.9,57,57,57,57,423.9,800,77,CRYING,47.7,59,0,0,157.7,155,0,0,0,15,31.9,57,77,CRYING,0,0,155,59
69eb5f50d60a2236063608cc,ESP32_GREENHOUSE_01,2026-04-24T12:17:20.005Z,15,31.5,31,31.9,31.1,57,57,57,57,438.4,817,316,CRYING,46.3,52,0,0,155.9,157,0,0,0,15,31.1,57,316,CRYING,0,0,157,52
69eb5f6ed60a2236063608cd,ESP32_GREENHOUSE_01,2026-04-24T12:17:50.005Z,15,31.41,31.1,31.9,31.8,57,57,57,57,544.6,1023,353,CRYING,42.5,49,0,0,154.9,154,0,0,0,15,31.8,57,353,CRYING,0,0,154,49
69eb5f8cd60a2236063608ce,ESP32_GREENHOUSE_01,2026-04-24T12:18:20.009Z,15,31.5,31.2,31.9,31.4,57,57,57,57,213.4,417,109,CRYING,55.1,59,0,0,151.9,151,0,0,0,15,31.4,57,109,CRYING,0,0,151,59
69eb5faad60a2236063608cf,ESP32_GREENHOUSE_01,2026-04-24T12:18:50.009Z,14,31.57,31.3,31.9,31.5,57,57,57,57,340.9,985,139,CRYING,49.9,58,0,0,150.9,151,0,0,0,14,31.5,57,139,CRYING,0,0,151,58
69eb5fc8d60a2236063608d0,ESP32_GREENHOUSE_01,2026-04-24T12:19:20.014Z,15,31.38,31,31.9,31.3,57,57,57,57,349.5,1023,210,CRYING,50.1,56,0,0,149.1,149,0,0,0,15,31.3,57,210,CRYING,0,0,149,56
69eb5fe6d60a2236063608d1,ESP32_GREENHOUSE_01,2026-04-24T12:19:50.014Z,15,31.49,31,31.9,31.8,57,57,57,57,429.1,930,482,CRYING,46.7,44,0,0,148,147,0,0,0,15,31.8,57,482,CRYING,0,0,147,44
69eb6004d60a2236063608d2,ESP32_GREENHOUSE_01,2026-04-24T12:20:20.015Z,15,31.32,31,31.8,31,57,57,57,57,528.5,1023,1023,CRYING,43.3,25,0,0,146.5,145,0,0,0,15,31,57,1023,CRYING,0,0,145,25
69eb6022d60a2236063608d3,ESP32_GREENHOUSE_01,2026-04-24T12:20:50.014Z,15,31.61,31.1,31.9,31.7,57,57,57,57,337.6,887,499,CRYING,50,43,0,0,145.6,145,0,0,0,15,31.7,57,499,CRYING,0,0,145,43
69eb6040d60a2236063608d4,ESP32_GREENHOUSE_01,2026-04-24T12:21:20.020Z,15,31.62,31.3,31.9,31.7,57,57,57,57,481.9,1023,408,CRYING,44.3,47,0,0,143,142,0,0,0,15,31.7,57,408,CRYING,0,0,142,47
69eb605ed60a2236063608d5,ESP32_GREENHOUSE_01,2026-04-24T12:21:50.034Z,15,31.45,31,31.9,31.6,57,57,57,57,627.7,1023,153,CRYING,39,57,0,0,140.6,140,0,0,0,15,31.6,57,153,CRYING,0,0,140,57
69eb607cd60a2236063608d6,ESP32_GREENHOUSE_01,2026-04-24T12:22:20.037Z,15,31.47,31,31.9,31.4,57,57,57,57,409.7,1023,195,CRYING,47.5,56,0,0,138.9,137,0,0,0,15,31.4,57,195,CRYING,0,0,137,56
69eb609ad60a2236063608d7,ESP32_GREENHOUSE_01,2026-04-24T12:22:50.050Z,14,31.45,31,31.9,31,57,57,57,57,608.6,1023,321,CRYING,39.8,52,0,0,137,137,0,0,0,14,31,57,321,CRYING,0,0,137,52
69eb60b8d60a2236063608d8,ESP32_GREENHOUSE_01,2026-04-24T12:23:20.045Z,15,31.5,31.1,31.9,31.2,57,57,57,57,254.9,601,70,CRYING,53.5,62,0,0,136.3,135,0,0,0,15,31.2,57,70,CRYING,0,0,135,62
69eb60d6d60a2236063608d9,ESP32_GREENHOUSE_01,2026-04-24T12:23:50.056Z,15,31.43,31,31.9,31.3,57,57,57,57,263.3,570,415,CRYING,53.2,48,0,0,134,133,0,0,0,15,31.3,57,415,CRYING,0,0,133,48
69eb60f4d60a2236063608da,ESP32_GREENHOUSE_01,2026-04-24T12:24:20.074Z,15,31.44,31,31.9,31.3,57,57,57,57,328,756,543,CRYING,50.6,43,0,0,131.4,130,0,0,0,15,31.3,57,543,CRYING,0,0,130,43
69eb6112d60a2236063608db,ESP32_GREENHOUSE_01,2026-04-24T12:24:50.090Z,15,31.53,31,31.9,31.4,57,57,57,57,332.3,763,306,CRYING,50.4,52,0,0,129.3,129,0,0,0,15,31.4,57,306,CRYING,0,0,129,52
69eb6130d60a2236063608dc,ESP32_GREENHOUSE_01,2026-04-24T12:25:20.086Z,15,31.58,31,31.9,31.7,57,57,57,57,299.4,849,127,CRYING,51.5,58,0,0,125.9,127,0,0,0,15,31.7,57,127,CRYING,0,0,127,58
69eb614ed60a2236063608dd,ESP32_GREENHOUSE_01,2026-04-24T12:25:50.087Z,15,31.45,31,31.9,31.2,57,57,57,57,230.9,687,516,CRYING,54.5,44,0,0,121.1,99,0,0,0,15,31.2,57,516,CRYING,0,0,99,44
69eb616cd60a2236063608e0,ESP32_GREENHOUSE_01,2026-04-24T12:26:20.110Z,14,31.54,31,31.8,31.8,57,57,57,57,220.5,484,100,CRYING,54.9,59,4,0,126.7,128,0,0,0,14,31.8,57,100,CRYING,0,0,128,59
69eb618ad60a2236063608e1,ESP32_GREENHOUSE_01,2026-04-24T12:26:50.112Z,15,31.48,31,31.9,31.4,57,57,57,57,265.1,644,390,CRYING,53.1,48,0,0,121.1,119,0,0,0,15,31.4,57,390,CRYING,0,0,119,48
69eb61a8d60a2236063608e2,ESP32_GREENHOUSE_01,2026-04-24T12:27:20.117Z,15,31.27,31,31.8,31.8,57,57,57,57,144.4,437,100,CRYING,58.5,59,0,0,118.4,118,0,0,0,15,31.8,57,100,CRYING,0,0,118,59
69eb61c6d60a2236063608e3,ESP32_GREENHOUSE_01,2026-04-24T12:27:50.126Z,15,31.58,31,31.9,31.9,57,57,57,57,290.9,418,326,CRYING,51.8,50,0,0,179,354,0,0,0,15,31.9,57,326,CRYING,0,0,354,50
69eb61e4d60a2236063608e5,ESP32_GREENHOUSE_01,2026-04-24T12:28:20.126Z,15,31.56,31,31.9,31.8,57,57,57,57,282.1,802,272,CRYING,52.3,52,3,0,351.8,354,0,0,0,15,31.8,57,272,CRYING,1,0,354,52
69eb6202d60a2236063608e7,ESP32_GREENHOUSE_01,2026-04-24T12:28:50.134Z,15,31.36,31,31.9,31.4,57,57,57,57,475.7,1023,606,CRYING,45.2,40,2,0,351.3,349,0,0,0,15,31.4,57,606,CRYING,0,0,349,40
69eb6220d60a2236063608e8,ESP32_GREENHOUSE_01,2026-04-24T12:29:20.140Z,15,31.53,31,31.9,31.8,57,57,57,57,321.5,1023,1023,CRYING,50.8,23,0,0,347.9,349,0,0,0,15,31.8,57,1023,CRYING,0,0,349,23
69eb623ed60a2236063608e9,ESP32_GREENHOUSE_01,2026-04-24T12:29:50.154Z,15,31.43,31,31.9,31.8,57,57,57,57,493.1,1023,346,CRYING,44.3,49,0,0,348.3,349,0,0,0,15,31.8,57,346,CRYING,0,0,349,49
69eb625cd60a2236063608ea,ESP32_GREENHOUSE_01,2026-04-24T12:30:20.173Z,14,31.59,31,31.9,31.9,57,57,57,57,503.3,1023,893,CRYING,43.4,27,0,0,346.9,347,0,0,0,14,31.9,57,893,CRYING,0,0,347,27
69eb627ad60a2236063608eb,ESP32_GREENHOUSE_01,2026-04-24T12:30:50.184Z,15,31.55,31,31.9,31.8,57,57,57,57,514.7,1023,235,CRYING,43.1,53,0,0,348.9,349,0,0,0,15,31.8,57,235,CRYING,0,0,349,53
69eb6298d60a2236063608ec,ESP32_GREENHOUSE_01,2026-04-24T12:31:20.198Z,15,31.28,31.1,31.9,31.2,57,57,57,57,437,736,378,CRYING,47,49,0,0,348.6,348,0,0,0,15,31.2,57,378,CRYING,0,0,348,49
69eb62b6d60a2236063608ed,ESP32_GREENHOUSE_01,2026-04-24T12:31:50.212Z,15,31.45,31,31.9,31,57,57,57,57,478.4,1023,247,CRYING,44.9,55,0,0,346.9,346,0,0,0,15,31,57,247,CRYING,0,0,346,55
69eb62d4d60a2236063608ee,ESP32_GREENHOUSE_01,2026-04-24T12:32:20.219Z,15,31.48,31,31.9,31.9,57,57,57,57,244.5,615,73,CRYING,53.9,59,0,0,346.5,346,0,0,0,15,31.9,57,73,CRYING,0,0,346,59
69eb62f2d60a2236063608ef,ESP32_GREENHOUSE_01,2026-04-24T12:32:50.221Z,15,31.37,31,31.9,31.8,57,57,57,57,256.7,729,286,CRYING,53.7,51,0,0,345.4,345,0,0,0,15,31.8,57,286,CRYING,0,0,345,51
69eb6310d60a2236063608f0,ESP32_GREENHOUSE_01,2026-04-24T12:33:20.223Z,15,31.43,31,31.8,31.3,57,57,57,57,280.2,811,811,CRYING,52.7,32,0,0,344.6,344,0,0,0,15,31.3,57,811,CRYING,0,0,344,32
69eb632ed60a2236063608f1,ESP32_GREENHOUSE_01,2026-04-24T12:33:50.224Z,15,31.53,31.1,31.9,31.7,57,57,57,57,334.7,811,233,CRYING,50.1,54,0,0,344,344,0,0,0,15,31.7,57,233,CRYING,0,0,344,54
69eb634cd60a2236063608f2,ESP32_GREENHOUSE_01,2026-04-24T12:34:20.225Z,14,31.41,31,31.9,31.8,57,57,57,57,468.9,959,247,CRYING,45.4,53,0,0,344.2,345,0,0,0,14,31.8,57,247,CRYING,0,0,345,53
69eb636ad60a2236063608f3,ESP32_GREENHOUSE_01,2026-04-24T12:34:50.233Z,15,31.57,31,31.9,31.9,57,57,57,57,274.6,447,172,CRYING,52.5,56,0,0,344.7,344,0,0,0,15,31.9,57,172,CRYING,0,0,344,56
69eb6388d60a2236063608f4,ESP32_GREENHOUSE_01,2026-04-24T12:35:20.250Z,15,31.27,31,31.8,31.8,57,57,57,57,346.4,768,103,CRYING,50.6,59,0,0,344,344,0,0,0,15,31.8,57,103,CRYING,0,0,344,59
69eb63a6d60a2236063608f5,ESP32_GREENHOUSE_01,2026-04-24T12:35:50.251Z,15,31.31,31,31.9,31.5,57,57,57,57,380.9,679,212,CRYING,49.1,55,0,0,343.2,343,0,0,0,15,31.5,57,212,CRYING,0,0,343,55
69eb63c4d60a2236063608f6,ESP32_GREENHOUSE_01,2026-04-24T12:36:20.250Z,15,31.48,31,31.9,31.7,57.07,57,58,57,373.5,737,460,CRYING,48.7,45,0,0,343.1,343,0,0,0,15,31.7,57,460,CRYING,0,0,343,45
69eb63e2d60a2236063608f7,ESP32_GREENHOUSE_01,2026-04-24T12:36:50.265Z,15,31.4,31,31.8,31.2,57,57,57,57,467.1,1023,535,CRYING,45.5,43,0,0,342.2,342,0,0,0,15,31.2,57,535,CRYING,0,0,342,43
69eb6400d60a2236063608f8,ESP32_GREENHOUSE_01,2026-04-24T12:37:20.264Z,15,31.53,31,31.9,31.4,57.13,57,58,57,277.7,684,77,CRYING,52.4,61,0,0,341.9,341,0,0,0,15,31.4,57,77,CRYING,0,0,341,61
69eb641ed60a2236063608f9,ESP32_GREENHOUSE_01,2026-04-24T12:37:50.278Z,14,31.44,31,31.9,31.4,57.79,57,58,58,289.1,900,103,CRYING,51.9,59,0,0,341.3,341,0,0,0,14,31.4,58,103,CRYING,0,0,341,59
69eb643cd60a2236063608fa,ESP32_GREENHOUSE_01,2026-04-24T12:38:20.297Z,15,31.4,31,31.9,31.3,57.53,57,58,57,179.8,532,154,CRYING,56.3,58,0,0,340.7,340,0,0,0,15,31.3,57,154,CRYING,0,0,340,58
69eb645ad60a2236063608fb,ESP32_GREENHOUSE_01,2026-04-24T12:38:50.309Z,11,31.28,31,31.9,31.9,57.45,57,58,58,229.9,580,140,CRYING,54.7,56,0,0,339.6,342,0,0,0,11,31.9,58,140,CRYING,0,0,342,56
69eb6478d60a2236063608fc,ESP32_GREENHOUSE_01,2026-04-24T12:39:20.317Z,15,31.43,31.1,31.9,31.4,58,58,58,58,557,1023,237,CRYING,41.4,54,0,0,339.1,337,0,0,0,15,31.4,58,237,CRYING,0,0,337,54
69eb6496d60a2236063608fd,ESP32_GREENHOUSE_01,2026-04-24T12:39:50.321Z,15,31.43,31,31.8,31.8,58,58,58,58,339.3,746,230,CRYING,49.7,53,0,0,337.5,337,0,0,0,15,31.8,58,230,CRYING,0,0,337,53
69eb64b4d60a2236063608fe,ESP32_GREENHOUSE_01,2026-04-24T12:40:20.323Z,15,31.31,31,31.7,31,58,58,58,58,293.9,719,488,CRYING,51.9,45,0,0,337.7,337,0,0,0,15,31,58,488,CRYING,0,0,337,45
69eb64d2d60a2236063608ff,ESP32_GREENHOUSE_01,2026-04-24T12:40:50.337Z,15,31.25,31,31.9,31.1,58,58,58,58,448.1,812,624,CRYING,46,40,0,0,337.3,336,0,0,0,15,31.1,58,624,CRYING,0,0,336,40
69eb64f0d60a223606360900,ESP32_GREENHOUSE_01,2026-04-24T12:41:20.351Z,15,31.4,31,31.9,31.8,58,58,58,58,502.1,1023,177,CRYING,43.4,55,0,0,336.1,335,0,0,0,15,31.8,58,177,CRYING,0,0,335,55
69eb650ed60a223606360901,ESP32_GREENHOUSE_01,2026-04-24T12:41:50.365Z,15,31.49,31,31.9,31.3,58,58,58,58,491.5,1023,343,CRYING,43.5,50,0,0,335.3,335,0,0,0,15,31.3,58,343,CRYING,0,0,335,50
69eb652cd60a223606360902,ESP32_GREENHOUSE_01,2026-04-24T12:42:20.377Z,15,31.39,31,31.8,31.5,58,58,58,58,253.7,1023,106,CRYING,53.2,59,0,0,335.1,334,0,0,0,15,31.5,58,106,CRYING,0,0,334,59
69eb654ad60a223606360903,ESP32_GREENHOUSE_01,2026-04-24T12:42:50.390Z,14,31.39,31.1,31.8,31.4,58,58,58,58,319.3,1023,115,CRYING,50.8,59,0,0,334.1,334,0,0,0,14,31.4,58,115,CRYING,0,0,334,59
69eb6568d60a223606360904,ESP32_GREENHOUSE_01,2026-04-24T12:43:20.389Z,14,31.46,31.1,31.8,31.5,58,58,58,58,345.2,636,616,CRYING,49.5,39,0,0,335.1,333,0,0,0,14,31.5,58,616,CRYING,0,0,333,39
69eb6586d60a223606360905,ESP32_GREENHOUSE_01,2026-04-24T12:43:50.399Z,12,31.42,31.1,31.9,31.4,58,58,58,58,432.3,1023,295,CRYING,46.3,52,0,0,331.4,331,0,0,0,12,31.4,58,295,CRYING,0,0,331,52
69eb65a4d60a223606360906,ESP32_GREENHOUSE_01,2026-04-24T12:44:20.424Z,15,31.55,31,31.9,31.2,58,58,58,58,465.3,889,526,CRYING,44.3,43,0,0,333.3,333,0,0,0,15,31.2,58,526,CRYING,0,0,333,43
69eb65c2d60a223606360907,ESP32_GREENHOUSE_01,2026-04-24T12:44:50.427Z,15,31.31,31.1,31.8,31.1,58,58,58,58,610.2,1023,760,CRYING,39.5,34,0,0,335.1,336,0,0,0,15,31.1,58,760,CRYING,0,0,336,34
69eb65e0d60a223606360908,ESP32_GREENHOUSE_01,2026-04-24T12:45:20.434Z,15,31.49,31.1,31.9,31.3,58.13,58,59,59,574.7,1023,396,CRYING,40.2,47,0,0,332.5,334,0,0,0,15,31.3,59,396,CRYING,0,0,334,47
69eb65fed60a223606360909,ESP32_GREENHOUSE_01,2026-04-24T12:45:50.444Z,15,31.45,31,31.9,31,58.8,58,59,58,373.2,1023,220,CRYING,47.9,56,0,0,334.8,336,0,0,0,15,31,58,220,CRYING,0,0,336,56
69eb661cd60a22360636090a,ESP32_GREENHOUSE_01,2026-04-24T12:46:20.448Z,14,31.36,31,31.9,31.4,58.21,58,59,59,181,274,113,CRYING,55.9,58,0,0,335.1,336,0,0,0,14,31.4,59,113,CRYING,0,0,336,58
69eb663ad60a22360636090b,ESP32_GREENHOUSE_01,2026-04-24T12:46:50.451Z,15,31.39,31.1,31.9,31.5,58.4,58,59,59,237.5,740,221,CRYING,53.5,54,0,0,333.9,333,0,0,0,15,31.5,59,221,CRYING,0,0,333,54
69eb6658d60a22360636090c,ESP32_GREENHOUSE_01,2026-04-24T12:47:20.464Z,15,31.48,31,31.9,31,59,59,59,59,255.9,1023,86,CRYING,52.2,60,0,0,333.3,333,0,0,0,15,31,59,86,CRYING,0,0,333,60
69eb6676d60a22360636090d,ESP32_GREENHOUSE_01,2026-04-24T12:47:50.471Z,15,31.39,31,31.9,31.3,59,59,59,59,291.9,1023,132,CRYING,51.1,58,0,0,333.1,333,0,0,0,15,31.3,59,132,CRYING,0,0,333,58
69eb6694d60a22360636090e,ESP32_GREENHOUSE_01,2026-04-24T12:48:20.471Z,15,31.43,31,31.9,31.2,59,59,59,59,209.3,356,237,CRYING,54.3,54,0,0,333.1,333,0,0,0,15,31.2,59,237,CRYING,0,0,333,54
69eb66b2d60a22360636090f,ESP32_GREENHOUSE_01,2026-04-24T12:48:50.472Z,15,31.43,31,31.9,31.6,59,59,59,59,351.4,906,91,CRYING,48.5,58,0,0,331.9,331,0,0,0,15,31.6,59,91,CRYING,0,0,331,58
69eb66d0d60a223606360910,ESP32_GREENHOUSE_01,2026-04-24T12:49:20.500Z,15,31.43,31,31.8,31.6,59,59,59,59,312.8,760,413,CRYING,50.1,46,0,0,332,333,0,0,0,15,31.6,59,413,CRYING,0,0,333,46
69eb66eed60a223606360911,ESP32_GREENHOUSE_01,2026-04-24T12:49:50.514Z,15,31.51,31,31.9,31.9,59,59,59,59,540.6,1023,773,CRYING,41.1,31,0,0,332.4,331,0,0,0,15,31.9,59,773,CRYING,0,0,331,31
69eb670cd60a223606360913,ESP32_GREENHOUSE_01,2026-04-24T12:50:20.524Z,15,31.51,31,31.9,31.8,59,59,59,59,319.3,928,533,CRYING,49.5,40,4,0,317.9,287,0,0,0,15,31.8,59,533,CRYING,1,0,287,40
69eb672ad60a223606360915,ESP32_GREENHOUSE_01,2026-04-24T12:50:50.540Z,14,31.51,31,31.9,31.9,59.29,59,60,59,599.4,1023,358,CRYING,38.6,47,0,0,284.9,285,0,0,0,14,31.9,59,358,CRYING,0,0,285,47
69eb6748d60a223606360916,ESP32_GREENHOUSE_01,2026-04-24T12:51:20.553Z,15,31.47,31,31.9,31.8,59,59,59,59,369.3,1023,95,CRYING,47.9,58,0,0,284.5,286,0,0,0,15,31.8,59,95,CRYING,0,0,286,58
69eb6766d60a223606360917,ESP32_GREENHOUSE_01,2026-04-24T12:51:50.559Z,15,31.46,31.1,31.8,31.4,59,59,59,59,581.7,1023,92,CRYING,39.5,59,0,0,285.1,285,0,0,0,15,31.4,59,92,CRYING,0,0,285,59
69eb6784d60a223606360918,ESP32_GREENHOUSE_01,2026-04-24T12:52:20.552Z,15,31.43,31,31.9,31.7,59,59,59,59,614.1,1023,682,CRYING,38.3,35,0,0,284.9,285,0,0,0,15,31.7,59,682,CRYING,0,0,285,35
69eb67a2d60a223606360919,ESP32_GREENHOUSE_01,2026-04-24T12:52:50.562Z,15,31.57,31.1,31.9,31.8,59,59,59,59,742.9,1023,687,CRYING,32.9,34,0,0,285.8,285,0,0,0,15,31.8,59,687,CRYING,0,0,285,34
69eb67c0d60a22360636091a,ESP32_GREENHOUSE_01,2026-04-24T12:53:20.576Z,15,31.41,31,31.9,31.7,59,59,59,59,407.1,1023,393,CRYING,46.4,46,0,0,286.4,287,0,0,0,15,31.7,59,393,CRYING,0,0,287,46
69eb67ded60a22360636091b,ESP32_GREENHOUSE_01,2026-04-24T12:53:50.576Z,15,31.37,31,31.8,31.4,59.2,59,60,60,551.3,1023,150,CRYING,40.9,56,0,0,286.3,287,0,0,0,15,31.4,60,150,CRYING,0,0,287,56
69eb67fcd60a22360636091c,ESP32_GREENHOUSE_01,2026-04-24T12:54:20.569Z,15,31.32,31,31.8,31.4,59.13,59,60,59,578.8,1023,418,CRYING,40.1,46,0,0,287,288,0,0,0,15,31.4,59,418,CRYING,0,0,288,46
69eb681ad60a22360636091d,ESP32_GREENHOUSE_01,2026-04-24T12:54:50.575Z,15,31.26,31,31.8,31.6,59.07,59,60,59,440.2,1023,364,CRYING,45.7,48,0,0,287.1,287,0,0,0,15,31.6,59,364,CRYING,0,0,287,48
69eb6838d60a22360636091e,ESP32_GREENHOUSE_01,2026-04-24T12:55:20.583Z,14,31.44,31,31.7,31,59,59,59,59,433.4,1023,187,CRYING,45.2,56,0,0,286.9,288,0,0,0,14,31,59,187,CRYING,0,0,288,56
69eb6856d60a22360636091f,ESP32_GREENHOUSE_01,2026-04-24T12:55:50.583Z,15,31.26,31,31.7,31.3,59,59,59,59,378.3,1023,108,CRYING,48.1,59,0,0,287.3,288,0,0,0,15,31.3,59,108,CRYING,0,0,288,59
69eb6874d60a223606360920,ESP32_GREENHOUSE_01,2026-04-24T12:56:20.594Z,15,31.47,31,31.9,31.1,59,59,59,59,721.5,1023,105,CRYING,34.1,59,0,0,287.3,287,0,0,0,15,31.1,59,105,CRYING,0,0,287,59
69eb6892d60a223606360921,ESP32_GREENHOUSE_01,2026-04-24T12:56:50.607Z,15,31.53,31,31.9,31,59,59,59,59,372.2,858,307,CRYING,47.5,52,0,0,286.9,287,0,0,0,15,31,59,307,CRYING,0,0,287,52
69eb68b0d60a223606360922,ESP32_GREENHOUSE_01,2026-04-24T12:57:20.623Z,15,31.51,31.1,31.9,31.3,59,59,59,59,467.5,1023,1023,CRYING,43.9,23,0,0,286.7,286,0,0,0,15,31.3,59,1023,CRYING,0,0,286,23
69eb68ced60a223606360923,ESP32_GREENHOUSE_01,2026-04-24T12:57:50.624Z,15,31.51,31.1,31.9,31.3,59,59,59,59,496.3,1023,75,CRYING,42.7,60,0,0,283.1,280,0,0,0,15,31.3,59,75,CRYING,0,0,280,60
69eb68ecd60a223606360924,ESP32_GREENHOUSE_01,2026-04-24T12:58:20.634Z,15,31.46,31,31.9,31.8,59.87,59,60,60,397.5,1023,1023,CRYING,46.3,21,0,0,282.9,280,0,0,0,15,31.8,60,1023,CRYING,0,0,280,21
69eb690ad60a223606360925,ESP32_GREENHOUSE_01,2026-04-24T12:58:50.650Z,15,31.52,31,31.9,31.9,59.53,59,60,60,338.5,834,254,CRYING,48.5,50,0,0,277,286,0,0,0,15,31.9,60,254,CRYING,0,0,286,50
69eb6928d60a223606360926,ESP32_GREENHOUSE_01,2026-04-24T12:59:20.652Z,15,31.41,31,31.9,31.2,59.6,59,60,60,296.9,1023,149,CRYING,50.4,57,0,0,286.9,287,0,0,0,15,31.2,60,149,CRYING,0,0,287,57
69eb6946d60a223606360927,ESP32_GREENHOUSE_01,2026-04-24T12:59:50.652Z,14,31.47,31,31.9,31,60,60,60,60,553,1023,1023,CRYING,39.9,23,0,0,287,287,0,0,0,14,31,60,1023,CRYING,0,0,287,23
69eb6964d60a223606360928,ESP32_GREENHOUSE_01,2026-04-24T13:00:20.662Z,15,31.35,31,31.9,31.3,59.67,59,60,59,753.2,1023,658,CRYING,32.7,37,0,0,287.2,287,0,0,0,15,31.3,59,658,CRYING,0,0,287,37
69eb6982d60a223606360929,ESP32_GREENHOUSE_01,2026-04-24T13:00:50.668Z,15,31.39,31.1,31.9,31.4,59.13,59,60,59,516.1,1023,1023,CRYING,42.2,22,0,0,286.9,287,0,0,0,15,31.4,59,1023,CRYING,0,0,287,22
69eb69a0d60a22360636092a,ESP32_GREENHOUSE_01,2026-04-24T13:01:20.674Z,15,31.26,31,31.8,31.8,60,60,60,60,432.5,1023,426,CRYING,45.4,44,0,0,287,287,0,0,0,15,31.8,60,426,CRYING,0,0,287,44
69eb69bed60a22360636092b,ESP32_GREENHOUSE_01,2026-04-24T13:01:50.682Z,11,31.56,31.2,31.9,31.9,60,60,60,60,501.5,1023,375,CRYING,41.7,46,0,0,248,128,0,0,0,11,31.9,60,375,CRYING,0,0,128,46
69eb69dcd60a223606360931,ESP32_GREENHOUSE_01,2026-04-24T13:02:20.692Z,11,31.45,31,31.8,31.5,59.64,59,60,60,522.6,1023,132,CRYING,41.5,56,0,0,281,280,0,0,0,7,31.5,60,132,Quiet,0,0,280,56
69eb69fad60a223606360936,ESP32_GREENHOUSE_01,2026-04-24T13:02:50.699Z,15,31.41,31,31.9,31.3,59.93,59,60,60,343.6,1023,74,CRYING,48.4,59,0,0,282.3,283,0,0,0,9,31.3,60,74,CRYING,0,0,283,59
69eb6a18d60a223606360939,ESP32_GREENHOUSE_01,2026-04-24T13:03:20.700Z,15,31.55,31,31.9,31.6,60,60,60,60,450,1023,129,CRYING,43.7,56,0,0,281.6,283,0,0,0,13,31.6,60,129,CRYING,0,0,283,56
69eb6a36d60a22360636093a,ESP32_GREENHOUSE_01,2026-04-24T13:03:50.706Z,15,31.3,31,31.9,31.5,60,60,60,60,619.6,1023,466,CRYING,37.9,43,0,0,282.9,283,0,0,0,15,31.5,60,466,CRYING,0,0,283,43
69eb6a54d60a22360636093b,ESP32_GREENHOUSE_01,2026-04-24T13:04:20.714Z,15,31.49,31,31.9,31.4,60,60,60,60,623.6,1023,1023,CRYING,37.2,22,0,0,273.6,282,0,0,0,15,31.4,60,1023,CRYING,0,0,282,22
69eb6a72d60a22360636093d,ESP32_GREENHOUSE_01,2026-04-24T13:04:50.725Z,11,31.3,31,31.8,31.8,60,60,60,60,695.4,1023,239,CRYING,34.9,51,0,0,279.5,281,0,0,0,10,31.8,60,239,Light Activity,0,0,281,51
69eb6a90d60a223606360945,ESP32_GREENHOUSE_01,2026-04-24T13:05:20.728Z,15,31.55,31,31.9,31.9,60,60,60,60,321.5,811,91,CRYING,48.9,57,0,0,282.5,282,0,0,0,10,31.9,60,91,CRYING,0,0,282,57
69eb6aaed60a22360636094c,ESP32_GREENHOUSE_01,2026-04-24T13:05:50.740Z,15,31.55,31.2,31.9,31.2,60.27,60,61,61,390.1,1023,388,CRYING,45.9,47,0,0,281.4,281,0,0,0,10,31.2,61,388,CRYING,0,0,281,47
69eb6accd60a22360636094d,ESP32_GREENHOUSE_01,2026-04-24T13:06:20.742Z,14,31.36,31,31.9,31.2,60.57,60,61,61,396.8,1023,141,CRYING,46.1,56,0,0,280.9,282,0,0,0,14,31.2,61,141,CRYING,0,0,282,56
69eb6aead60a22360636094e,ESP32_GREENHOUSE_01,2026-04-24T13:06:50.751Z,15,31.57,31,31.9,31.8,60.2,60,61,60,502.4,1023,367,CRYING,41.6,46,0,0,281.2,281,0,0,0,15,31.8,60,367,CRYING,0,0,281,46
69eb6b08d60a22360636094f,ESP32_GREENHOUSE_01,2026-04-24T13:07:20.759Z,15,31.43,31.1,31.8,31.7,60.27,60,61,61,362.5,1004,428,CRYING,47.3,44,0,0,279.9,281,0,0,0,15,31.7,61,428,CRYING,0,0,281,44
69eb6b26d60a223606360950,ESP32_GREENHOUSE_01,2026-04-24T13:07:50.770Z,15,31.55,31,31.9,31.4,60.67,60,61,61,654,1023,774,CRYING,35.5,31,0,0,280.1,282,0,0,0,15,31.4,61,774,CRYING,0,0,282,31
69eb6b44d60a223606360951,ESP32_GREENHOUSE_01,2026-04-24T13:08:20.777Z,15,31.53,31,31.9,31.5,61,61,61,61,638.8,1023,1023,CRYING,35.9,21,0,0,281.1,280,0,0,0,15,31.5,61,1023,CRYING,0,0,280,21
69eb6b62d60a223606360952,ESP32_GREENHOUSE_01,2026-04-24T13:08:50.791Z,15,31.39,31,31.9,31.5,61,61,61,61,753.3,1023,1023,CRYING,31.7,21,0,0,280.4,280,0,0,0,15,31.5,61,1023,CRYING,0,0,280,21
69eb6b80d60a223606360953,ESP32_GREENHOUSE_01,2026-04-24T13:09:20.801Z,15,31.45,31.1,31.9,31.4,61.2,61,62,62,604.8,1023,824,CRYING,37.3,28,0,0,279.9,279,0,0,0,15,31.4,62,824,CRYING,0,0,279,28
69eb6b9ed60a223606360954,ESP32_GREENHOUSE_01,2026-04-24T13:09:50.809Z,15,31.41,31,31.9,31.9,61.93,61,62,62,434.6,1023,1023,CRYING,43.7,19,0,0,280.4,281,0,0,0,15,31.9,62,1023,CRYING,0,0,281,19
69eb6bbcd60a223606360955,ESP32_GREENHOUSE_01,2026-04-24T13:10:20.823Z,15,31.4,31,31.9,31.5,62,62,62,62,561.7,1023,728,CRYING,38.6,32,0,0,281.1,281,0,0,0,15,31.5,62,728,CRYING,0,0,281,32
69eb6bdad60a223606360956,ESP32_GREENHOUSE_01,2026-04-24T13:10:50.834Z,14,31.47,31,31.9,31.6,62,62,62,62,504.1,1023,1023,CRYING,40.6,20,0,0,281.4,282,0,0,0,14,31.6,62,1023,CRYING,0,0,282,20
69eb6bf8d60a223606360957,ESP32_GREENHOUSE_01,2026-04-24T13:11:20.843Z,15,31.55,31.1,31.9,31.5,62,62,62,62,483.3,1023,450,CRYING,41.2,43,0,0,282.4,283,0,0,0,15,31.5,62,450,CRYING,0,0,283,43
69eb6c16d60a223606360958,ESP32_GREENHOUSE_01,2026-04-24T13:11:50.858Z,15,31.43,31,31.9,31,62,62,62,62,708.8,1023,238,CRYING,32.7,52,0,0,282.8,283,0,0,0,15,31,62,238,CRYING,0,0,283,52
69eb6c34d60a223606360959,ESP32_GREENHOUSE_01,2026-04-24T13:12:20.869Z,15,31.48,31,31.9,31.4,62,62,62,62,418.6,1023,176,CRYING,44,54,0,0,281.4,281,0,0,0,15,31.4,62,176,CRYING,0,0,281,54
69eb6c52d60a22360636095a,ESP32_GREENHOUSE_01,2026-04-24T13:12:50.882Z,15,31.44,31,31.8,31.4,62.07,62,63,62,568.6,1023,621,CRYING,38.1,36,0,0,278.9,279,0,0,0,15,31.4,62,621,CRYING,0,0,279,36
69eb6c70d60a22360636095b,ESP32_GREENHOUSE_01,2026-04-24T13:13:20.891Z,15,31.41,31,31.9,31.5,62.8,62,63,63,500.8,940,217,CRYING,40.5,51,0,0,281.3,280,0,0,0,15,31.5,63,217,CRYING,0,0,280,51
69eb6c8ed60a22360636095c,ESP32_GREENHOUSE_01,2026-04-24T13:13:50.900Z,15,31.48,31,31.8,31,62.93,62,63,63,657.2,1023,806,CRYING,34.1,30,0,0,280.9,280,0,0,0,15,31,63,806,CRYING,0,0,280,30
69eb6cacd60a22360636095d,ESP32_GREENHOUSE_01,2026-04-24T13:14:20.905Z,15,31.49,31.1,31.9,31.1,63,63,63,63,457.1,1023,630,CRYING,41.8,36,0,0,279.8,281,0,0,0,15,31.1,63,630,CRYING,0,0,281,36
69eb6ccad60a22360636095e,ESP32_GREENHOUSE_01,2026-04-24T13:14:50.912Z,15,31.47,31,31.9,31.7,63,63,63,63,586.5,1023,963,CRYING,36.7,21,0,0,281.2,281,0,0,0,15,31.7,63,963,CRYING,0,0,281,21
69eb6ce8d60a22360636095f,ESP32_GREENHOUSE_01,2026-04-24T13:15:20.914Z,14,31.49,31.2,31.9,31.4,63,63,63,63,647.4,1023,148,CRYING,34.4,54,0,0,281.1,281,0,0,0,14,31.4,63,148,CRYING,0,0,281,54
69eb6d06d60a223606360960,ESP32_GREENHOUSE_01,2026-04-24T13:15:50.921Z,15,31.56,31.2,31.8,31.2,63,63,63,63,535,1023,1019,CRYING,38.7,21,0,0,280.7,277,0,0,0,15,31.2,63,1019,CRYING,0,0,277,21
69eb6d24d60a223606360961,ESP32_GREENHOUSE_01,2026-04-24T13:16:20.927Z,15,31.4,31,31.9,31.2,63,63,63,63,816.3,1023,1023,CRYING,28.1,21,0,0,280.7,281,0,0,0,15,31.2,63,1023,CRYING,0,0,281,21
69eb6d42d60a223606360962,ESP32_GREENHOUSE_01,2026-04-24T13:16:50.941Z,15,31.45,31,31.8,31.1,63,63,63,63,658.3,1023,624,CRYING,33.9,36,0,0,279.5,278,0,0,0,15,31.1,63,624,CRYING,0,0,278,36
69eb6d60d60a223606360963,ESP32_GREENHOUSE_01,2026-04-24T13:17:20.942Z,15,31.52,31.1,31.9,31.2,63.47,63,64,64,559.3,1023,159,CRYING,37.5,54,0,0,280.5,281,0,0,0,15,31.2,64,159,CRYING,0,0,281,54
69eb6d7ed60a223606360964,ESP32_GREENHOUSE_01,2026-04-24T13:17:50.953Z,15,31.44,31.1,31.9,31.2,63.8,63,64,63,343.6,1023,424,CRYING,46,44,0,0,281.5,282,0,0,0,15,31.2,63,424,CRYING,0,0,282,44
69eb6d9cd60a223606360965,ESP32_GREENHOUSE_01,2026-04-24T13:18:20.952Z,15,31.43,31,31.8,31.4,63.2,63,64,64,823.5,1023,1023,CRYING,27.5,19,0,0,281.9,282,0,0,0,15,31.4,64,1023,CRYING,0,0,282,19
69eb6dbad60a223606360966,ESP32_GREENHOUSE_01,2026-04-24T13:18:50.967Z,15,31.45,31,31.9,31,63.67,63,64,63,626.1,1023,152,CRYING,34.8,55,0,0,282,282,0,0,0,15,31,63,152,CRYING,0,0,282,55
69eb6dd8d60a223606360967,ESP32_GREENHOUSE_01,2026-04-24T13:19:20.974Z,14,31.59,31,31.9,31.3,63.07,63,64,63,588.3,1023,123,CRYING,36.4,55,0,0,282.2,283,0,0,0,14,31.3,63,123,CRYING,0,0,283,55
69eb6df6d60a223606360968,ESP32_GREENHOUSE_01,2026-04-24T13:19:50.987Z,15,31.41,31.1,31.7,31.2,63,63,63,63,543.5,1023,979,CRYING,38.7,22,0,0,282.8,283,0,0,0,15,31.2,63,979,CRYING,0,0,283,22
69eb6e15d60a223606360969,ESP32_GREENHOUSE_01,2026-04-24T13:20:21.000Z,15,31.47,31.2,31.8,31.3,63,63,63,63,488.7,1023,1023,CRYING,40.7,20,0,0,282.9,283,0,0,0,15,31.3,63,1023,CRYING,0,0,283,20
69eb6e33d60a22360636096a,ESP32_GREENHOUSE_01,2026-04-24T13:20:51.002Z,15,31.39,31.1,31.8,31.4,63,63,63,63,408.7,1023,91,CRYING,43.9,56,0,0,282.7,283,0,0,0,15,31.4,63,91,CRYING,0,0,283,56
69eb6e51d60a22360636096b,ESP32_GREENHOUSE_01,2026-04-24T13:21:21.005Z,15,31.51,31.1,31.9,31.4,63,63,63,63,512.6,944,944,CRYING,39.7,23,0,0,281.7,282,0,0,0,15,31.4,63,944,CRYING,0,0,282,23
69eb6e6fd60a22360636096c,ESP32_GREENHOUSE_01,2026-04-24T13:21:51.008Z,15,31.35,31,31.7,31.7,63,63,63,63,671.5,1023,380,CRYING,33.9,44,0,0,281.9,283,0,0,0,15,31.7,63,380,CRYING,0,0,283,44
69eb6e8dd60a22360636096d,ESP32_GREENHOUSE_01,2026-04-24T13:22:21.013Z,15,31.43,31.1,31.8,31.2,63,63,63,63,619.2,1023,500,CRYING,35.6,41,0,0,282.3,283,0,0,0,15,31.2,63,500,CRYING,0,0,283,41
69eb6eabd60a22360636096e,ESP32_GREENHOUSE_01,2026-04-24T13:22:51.013Z,15,31.47,31.1,31.9,31.4,63,63,63,63,698.1,1023,212,CRYING,32.4,52,0,0,283.1,283,0,0,0,15,31.4,63,212,CRYING,0,0,283,52
69eb6ec9d60a22360636096f,ESP32_GREENHOUSE_01,2026-04-24T13:23:21.021Z,15,31.57,31.2,31.9,31.8,63,63,63,63,588.2,1023,731,CRYING,36.5,30,0,0,282,281,0,0,0,15,31.8,63,731,CRYING,0,0,281,30
69eb6ee7d60a223606360970,ESP32_GREENHOUSE_01,2026-04-24T13:23:51.030Z,14,31.69,31.4,31.9,31.4,63,63,63,63,641.6,1023,846,CRYING,34.1,27,0,0,282,283,0,0,0,14,31.4,63,846,CRYING,0,0,283,27
69eb6f05d60a223606360971,ESP32_GREENHOUSE_01,2026-04-24T13:24:21.043Z,15,31.47,31,31.9,31.7,63,63,63,63,514.4,1023,838,CRYING,39.5,26,0,0,282.8,283,0,0,0,15,31.7,63,838,CRYING,0,0,283,26
69eb6f23d60a223606360972,ESP32_GREENHOUSE_01,2026-04-24T13:24:51.044Z,15,31.43,31.1,31.9,31.1,63,63,63,63,430.6,1023,94,CRYING,43,57,0,0,283.3,284,0,0,0,15,31.1,63,94,CRYING,0,0,284,57
69eb6f41d60a223606360973,ESP32_GREENHOUSE_01,2026-04-24T13:25:21.054Z,15,31.48,31,31.9,31.8,63,63,63,63,513.3,1023,1023,CRYING,39.7,19,0,0,283.9,283,0,0,0,15,31.8,63,1023,CRYING,0,0,283,19
69eb6f5fd60a223606360974,ESP32_GREENHOUSE_01,2026-04-24T13:25:51.066Z,15,31.51,31,31.9,31.7,63,63,63,63,446.4,919,238,CRYING,42.3,50,0,0,280.9,282,0,0,0,15,31.7,63,238,CRYING,0,0,282,50
69eb6f7dd60a223606360975,ESP32_GREENHOUSE_01,2026-04-24T13:26:21.068Z,15,31.49,31,31.9,31.5,63,63,63,63,672.4,1023,827,CRYING,33.4,27,0,0,282.9,282,0,0,0,15,31.5,63,827,CRYING,0,0,282,27
69eb6f9bd60a223606360976,ESP32_GREENHOUSE_01,2026-04-24T13:26:51.075Z,15,31.49,31.2,31.9,31.4,63,63,63,63,501.8,1023,365,CRYING,40.1,46,0,0,282.5,281,0,0,0,15,31.4,63,365,CRYING,0,0,281,46
69eb6fb9d60a223606360977,ESP32_GREENHOUSE_01,2026-04-24T13:27:21.075Z,14,31.44,31.1,31.8,31.8,63,63,63,63,684.6,1023,1023,CRYING,33.1,19,0,0,280.7,278,0,0,0,14,31.8,63,1023,CRYING,0,0,278,19
69eb6fd7d60a223606360978,ESP32_GREENHOUSE_01,2026-04-24T13:27:51.084Z,15,31.37,31,31.9,31.5,63.53,63,64,64,813.1,1023,898,CRYING,27.9,24,0,0,280,282,0,0,0,15,31.5,64,898,CRYING,0,0,282,24
69eb6ff5d60a223606360979,ESP32_GREENHOUSE_01,2026-04-24T13:28:21.086Z,15,31.61,31.2,31.9,31.8,63,63,63,63,764,1023,1023,CRYING,29.6,19,0,0,281.8,281,0,0,0,15,31.8,63,1023,CRYING,0,0,281,19
69eb7013d60a22360636097a,ESP32_GREENHOUSE_01,2026-04-24T13:28:51.090Z,15,31.49,31,31.9,31.5,63,63,63,63,610.5,1023,582,CRYING,35.9,37,0,0,282.5,283,0,0,0,15,31.5,63,582,CRYING,0,0,283,37
69eb7031d60a22360636097b,ESP32_GREENHOUSE_01,2026-04-24T13:29:21.092Z,15,31.51,31,31.8,31,63,63,63,63,719.1,1023,1023,CRYING,31.5,21,0,0,282.7,282,0,0,0,15,31,63,1023,CRYING,0,0,282,21
69eb704fd60a22360636097c,ESP32_GREENHOUSE_01,2026-04-24T13:29:51.101Z,15,31.49,31,31.9,31.8,63,63,63,63,650.4,1023,254,CRYING,34.1,49,0,0,282.7,283,0,0,0,15,31.8,63,254,CRYING,0,0,283,49
69eb706dd60a22360636097d,ESP32_GREENHOUSE_01,2026-04-24T13:30:21.102Z,15,31.47,31,31.9,31.4,63,63,63,63,722.8,1023,429,CRYING,31.4,43,0,0,282.1,283,0,0,0,15,31.4,63,429,CRYING,0,0,283,43
69eb708bd60a22360636097e,ESP32_GREENHOUSE_01,2026-04-24T13:30:51.107Z,14,31.58,31,31.9,31.7,63,63,63,63,418.1,1023,264,CRYING,43.1,49,0,0,283.3,282,0,0,0,14,31.7,63,264,CRYING,0,0,282,49
69eb70a9d60a22360636097f,ESP32_GREENHOUSE_01,2026-04-24T13:31:21.115Z,15,31.47,31.1,31.9,31.3,63,63,63,63,542.7,1023,404,CRYING,38.5,44,0,0,280.4,281,0,0,0,15,31.3,63,404,CRYING,0,0,281,44
69eb70c7d60a223606360980,ESP32_GREENHOUSE_01,2026-04-24T13:31:51.131Z,15,31.42,31,31.9,31,63,63,63,63,667.7,1023,699,CRYING,33.9,34,0,0,280.5,281,0,0,0,15,31,63,699,CRYING,0,0,281,34
69eb70e5d60a223606360981,ESP32_GREENHOUSE_01,2026-04-24T13:32:21.143Z,15,31.37,31,31.9,31.7,63,63,63,63,463.5,1023,391,CRYING,41.8,44,0,0,281.8,282,0,0,0,15,31.7,63,391,CRYING,0,0,282,44
69eb7103d60a223606360982,ESP32_GREENHOUSE_01,2026-04-24T13:32:51.158Z,15,31.35,31,31.9,31.1,63,63,63,63,815.3,1023,139,CRYING,28.2,55,0,0,281.9,282,0,0,0,15,31.1,63,139,CRYING,0,0,282,55
69eb7121d60a223606360983,ESP32_GREENHOUSE_01,2026-04-24T13:33:21.165Z,15,31.39,31,31.9,31.2,63,63,63,63,629.3,1023,609,CRYING,35.5,37,0,0,279.9,280,0,0,0,15,31.2,63,609,CRYING,0,0,280,37
69eb713fd60a223606360984,ESP32_GREENHOUSE_01,2026-04-24T13:33:51.182Z,15,31.3,31,31.5,31,63,63,63,63,530.9,813,575,CRYING,39.4,39,0,0,280.3,280,0,0,0,15,31,63,575,CRYING,0,0,280,39
69eb715dd60a223606360985,ESP32_GREENHOUSE_01,2026-04-24T13:34:21.192Z,15,31.41,31,31.9,31.5,63,63,63,63,537.8,1023,720,CRYING,38.9,32,0,0,280.4,281,0,0,0,15,31.5,63,720,CRYING,0,0,281,32
69eb717bd60a223606360986,ESP32_GREENHOUSE_01,2026-04-24T13:34:51.200Z,14,31.48,31,31.8,31.4,63,63,63,63,440.6,1023,241,CRYING,42.5,51,0,0,281.6,282,0,0,0,14,31.4,63,241,CRYING,0,0,282,51
69eb7199d60a223606360987,ESP32_GREENHOUSE_01,2026-04-24T13:35:21.204Z,15,31.41,31,31.9,31,63,63,63,63,516,1023,735,CRYING,39.7,32,0,0,281.5,281,0,0,0,15,31,63,735,CRYING,0,0,281,32
69eb71b7d60a223606360988,ESP32_GREENHOUSE_01,2026-04-24T13:35:51.212Z,15,31.41,31,31.9,31.1,63,63,63,63,639.1,1023,307,CRYING,34.9,49,0,0,282.8,283,0,0,0,15,31.1,63,307,CRYING,0,0,283,49
69eb71d5d60a223606360989,ESP32_GREENHOUSE_01,2026-04-24T13:36:21.224Z,15,31.36,31,31.9,31.7,63,63,63,63,581.4,1023,406,CRYING,37.4,43,0,0,280.5,280,0,0,0,15,31.7,63,406,CRYING,0,0,280,43
69eb71f3d60a22360636098a,ESP32_GREENHOUSE_01,2026-04-24T13:36:51.229Z,15,31.54,31.2,31.9,31.8,63,63,63,63,670,1023,1023,CRYING,33.4,19,0,0,281.2,281,0,0,0,15,31.8,63,1023,CRYING,0,0,281,19
69eb7211d60a22360636098b,ESP32_GREENHOUSE_01,2026-04-24T13:37:21.242Z,15,31.45,31,31.9,31.5,63,63,63,63,718,1023,1023,CRYING,31.9,20,0,0,280.6,277,0,0,0,15,31.5,63,1023,CRYING,0,0,277,20
69eb722fd60a22360636098c,ESP32_GREENHOUSE_01,2026-04-24T13:37:51.242Z,15,31.45,31,31.9,31.6,63.8,63,64,64,733.3,1023,796,CRYING,30.5,28,0,0,276.6,278,0,0,0,15,31.6,64,796,CRYING,0,0,278,28
69eb724dd60a22360636098d,ESP32_GREENHOUSE_01,2026-04-24T13:38:21.243Z,15,31.49,31,31.9,31.9,64,64,64,64,613.9,1023,134,CRYING,34.9,53,0,0,276.7,279,0,0,0,15,31.9,64,134,CRYING,0,0,279,53
69eb726bd60a22360636098e,ESP32_GREENHOUSE_01,2026-04-24T13:38:51.257Z,14,31.51,31,31.9,31.3,64,64,64,64,753.3,1023,1023,CRYING,29.6,20,0,0,278,277,0,0,0,14,31.3,64,1023,CRYING,0,0,277,20
69eb7289d60a22360636098f,ESP32_GREENHOUSE_01,2026-04-24T13:39:21.262Z,15,31.33,31,31.9,31,64,64,64,64,860.5,1023,1023,CRYING,25.8,20,0,0,267.9,133,0,0,0,15,31,64,1023,CRYING,0,0,133,20
69eb72a7d60a223606360991,ESP32_GREENHOUSE_01,2026-04-24T13:39:51.276Z,15,31.3,31,31.7,31.4,64,64,64,64,621.8,1023,779,CRYING,35.2,29,2,0,279.4,283,0,0,0,15,31.4,64,779,CRYING,1,0,283,29
69eb72c5d60a223606360993,ESP32_GREENHOUSE_01,2026-04-24T13:40:21.283Z,15,31.25,31,31.9,31.2,63.8,63,64,63,558.9,1023,1023,CRYING,38.1,21,2,0,283.7,283,0,0,0,15,31.2,63,1023,CRYING,0,0,283,21
69eb72e3d60a223606360994,ESP32_GREENHOUSE_01,2026-04-24T13:40:51.294Z,15,31.39,31,31.9,31.8,63.87,63,64,64,576.7,1023,136,CRYING,37,53,0,0,282,285,0,0,0,15,31.8,64,136,CRYING,0,0,285,53
69eb7301d60a223606360995,ESP32_GREENHOUSE_01,2026-04-24T13:41:21.307Z,15,31.41,31,31.9,31.2,64,64,64,64,162.9,335,335,CRYING,52.9,47,0,0,286.5,287,0,0,0,15,31.2,64,335,CRYING,0,0,287,47
69eb731fd60a223606360996,ESP32_GREENHOUSE_01,2026-04-24T13:41:51.312Z,15,31.45,31,31.9,31.2,63.07,63,64,63,157.9,275,142,CRYING,53.7,55,0,0,286.8,286,0,0,0,15,31.2,63,142,CRYING,0,0,286,55
69eb733dd60a223606360997,ESP32_GREENHOUSE_01,2026-04-24T13:42:21.318Z,14,31.44,31.2,31.7,31.5,63,63,63,63,222.9,1023,1023,CRYING,51.1,20,0,0,285.5,281,0,0,0,14,31.5,63,1023,CRYING,0,0,281,20
69eb735bd60a223606360998,ESP32_GREENHOUSE_01,2026-04-24T13:42:51.323Z,15,31.37,31,31.7,31.3,63,63,63,63,285.6,1023,209,CRYING,49,52,0,0,260.4,284,0,0,0,15,31.3,63,209,CRYING,0,0,284,52
69eb7379d60a223606360999,ESP32_GREENHOUSE_01,2026-04-24T13:43:21.327Z,15,31.37,31,31.8,31,63,63,63,63,244.7,1023,102,CRYING,50.5,57,0,0,283,282,0,0,0,15,31,63,102,CRYING,0,0,282,57
69eb7397d60a22360636099c,ESP32_GREENHOUSE_01,2026-04-24T13:43:51.341Z,15,31.37,31,31.9,31,63,63,63,63,194.7,503,98,CRYING,52.4,57,3,0,319.1,337,0,0,0,15,31,63,98,CRYING,0,0,337,57
69eb73b5d60a22360636099d,ESP32_GREENHOUSE_01,2026-04-24T13:44:21.356Z,15,31.47,31.1,31.8,31.6,63,63,63,63,366,1023,103,CRYING,45.5,55,0,0,336.7,336,0,0,0,15,31.6,63,103,CRYING,0,0,336,55
69eb73d3d60a22360636099e,ESP32_GREENHOUSE_01,2026-04-24T13:44:51.366Z,15,31.39,31,31.9,31.6,63.07,63,64,63,269.5,772,155,CRYING,49.3,53,0,0,337.1,338,0,0,0,15,31.6,63,155,CRYING,0,0,338,53
69eb73f1d60a22360636099f,ESP32_GREENHOUSE_01,2026-04-24T13:45:21.367Z,15,31.51,31.1,31.9,31.5,63,63,63,63,253.9,899,899,CRYING,49.7,25,0,0,337.1,337,0,0,0,15,31.5,63,899,CRYING,0,0,337,25
69eb740fd60a2236063609a0,ESP32_GREENHOUSE_01,2026-04-24T13:45:51.373Z,15,31.47,31.1,31.8,31.5,63,63,63,63,308.5,810,136,CRYING,47.7,54,0,0,336.9,338,0,0,0,15,31.5,63,136,CRYING,0,0,338,54
69eb742dd60a2236063609a1,ESP32_GREENHOUSE_01,2026-04-24T13:46:21.388Z,14,31.52,31,31.9,31.1,63,63,63,63,271.5,971,373,CRYING,48.9,46,0,0,336.9,337,0,0,0,14,31.1,63,373,CRYING,0,0,337,46
69eb744bd60a2236063609a2,ESP32_GREENHOUSE_01,2026-04-24T13:46:51.398Z,15,31.45,31,31.8,31.6,63,63,63,63,232.5,637,105,CRYING,50.7,55,0,0,337,337,0,0,0,15,31.6,63,105,CRYING,0,0,337,55
69eb7469d60a2236063609a3,ESP32_GREENHOUSE_01,2026-04-24T13:47:21.401Z,15,31.44,31,31.9,31.2,63,63,63,63,269.7,900,91,CRYING,49.4,57,0,0,336.9,337,0,0,0,15,31.2,63,91,CRYING,0,0,337,57
69eb7487d60a2236063609a4,ESP32_GREENHOUSE_01,2026-04-24T13:47:51.415Z,15,31.41,31,31.8,31.5,63,63,63,63,191.1,1023,92,CRYING,52.4,56,0,0,336.7,337,0,0,0,15,31.5,63,92,CRYING,0,0,337,56
69eb74a5d60a2236063609a5,ESP32_GREENHOUSE_01,2026-04-24T13:48:21.432Z,15,31.51,31,31.9,31.3,63,63,63,63,254.7,821,118,CRYING,49.7,56,0,0,336,334,0,0,0,15,31.3,63,118,CRYING,0,0,334,56
69eb74c3d60a2236063609a6,ESP32_GREENHOUSE_01,2026-04-24T13:48:51.432Z,15,31.5,31,31.9,31.9,62.93,62,63,63,124.4,319,98,CRYING,54.9,55,0,0,337.1,337,0,0,0,15,31.9,63,98,CRYING,0,0,337,55
69eb74e1d60a2236063609a7,ESP32_GREENHOUSE_01,2026-04-24T13:49:21.433Z,15,31.44,31,31.7,31.4,62.93,62,63,63,159.7,484,109,CRYING,53.7,56,0,0,338.5,339,0,0,0,15,31.4,63,109,CRYING,0,0,339,56
69eb74ffd60a2236063609a8,ESP32_GREENHOUSE_01,2026-04-24T13:49:51.439Z,15,31.57,31,31.9,31.8,63,63,63,63,150.8,232,105,CRYING,53.5,55,0,0,338.5,339,0,0,0,15,31.8,63,105,CRYING,0,0,339,55
69eb751dd60a2236063609a9,ESP32_GREENHOUSE_01,2026-04-24T13:50:21.442Z,14,31.66,31.1,31.9,31.9,62.57,62,63,62,137.9,169,164,CRYING,54.2,53,0,0,338.6,339,0,0,0,14,31.9,62,164,CRYING,0,0,339,53
69eb753bd60a2236063609aa,ESP32_GREENHOUSE_01,2026-04-24T13:50:51.448Z,15,31.41,31,31.7,31.6,62,62,62,62,112.3,139,122,CRYING,56.1,55,0,0,338.8,339,0,0,0,15,31.6,62,122,CRYING,0,0,339,55
69eb7559d60a2236063609ab,ESP32_GREENHOUSE_01,2026-04-24T13:51:21.452Z,15,31.48,31,31.8,31.5,62,62,62,62,157.9,304,104,CRYING,54.2,56,0,0,338.6,339,0,0,0,15,31.5,62,104,CRYING,0,0,339,56
69eb7577d60a2236063609ac,ESP32_GREENHOUSE_01,2026-04-24T13:51:51.456Z,15,31.37,31,31.9,31.7,62,62,62,62,107.6,169,93,CRYING,56.6,56,0,0,338.3,340,0,0,0,15,31.7,62,93,CRYING,0,0,340,56
69eb7595d60a2236063609ad,ESP32_GREENHOUSE_01,2026-04-24T13:52:21.472Z,15,31.44,31,31.8,31.2,62,62,62,62,132.3,367,110,CRYING,55.4,57,0,0,338.1,338,0,0,0,15,31.2,62,110,CRYING,0,0,338,57
69eb75b3d60a2236063609ae,ESP32_GREENHOUSE_01,2026-04-24T13:52:51.477Z,15,31.33,31,31.7,31.2,62,62,62,62,116.1,170,170,CRYING,56.2,54,0,0,338.3,338,0,0,0,15,31.2,62,170,CRYING,0,0,338,54
69eb75d1d60a2236063609af,ESP32_GREENHOUSE_01,2026-04-24T13:53:21.480Z,15,31.44,31,31.9,31.6,62,62,62,62,129.3,172,127,CRYING,55.3,55,0,0,338.3,338,0,0,0,15,31.6,62,127,CRYING,0,0,338,55
69eb75efd60a2236063609b0,ESP32_GREENHOUSE_01,2026-04-24T13:53:51.485Z,14,31.44,31,31.9,31.1,62,62,62,62,125.8,182,95,CRYING,55.6,58,0,0,338.4,339,0,0,0,14,31.1,62,95,CRYING,0,0,339,58
69eb760dd60a2236063609b1,ESP32_GREENHOUSE_01,2026-04-24T13:54:21.485Z,15,31.41,31.1,31.9,31.9,62,62,62,62,130.3,235,81,CRYING,55.4,56,0,0,338.4,338,0,0,0,15,31.9,62,81,CRYING,0,0,338,56
69eb762bd60a2236063609b2,ESP32_GREENHOUSE_01,2026-04-24T13:54:51.490Z,15,31.37,31,31.8,31.2,62,62,62,62,103.3,201,99,CRYING,56.7,57,0,0,338.2,338,0,0,0,15,31.2,62,99,CRYING,0,0,338,57
69eb7649d60a2236063609b4,ESP32_GREENHOUSE_01,2026-04-24T13:55:21.495Z,15,31.39,31,31.9,31.3,62,62,62,62,115,180,98,CRYING,56,57,0,0,338.5,338,0,0,0,12,31.3,62,98,Quiet,0,0,338,57
69eb7667d60a2236063609b5,ESP32_GREENHOUSE_01,2026-04-24T13:55:51.500Z,15,31.44,31,31.8,31,62,62,62,62,88.8,152,152,Quiet,57.1,56,0,0,338.3,338,0,0,0,0,31,62,152,Quiet,0,0,338,56
69eb7685d60a2236063609b7,ESP32_GREENHOUSE_01,2026-04-24T13:56:21.510Z,15,31.51,31,31.9,31.9,62,62,62,62,168.4,291,256,Quiet,53.7,49,0,0,338.2,338,0,0,0,0,31.9,62,256,Light Activity,0,0,338,49
69eb76a3d60a2236063609bd,ESP32_GREENHOUSE_01,2026-04-24T13:56:51.512Z,15,31.5,31,31.9,31.1,62,62,62,62,168.5,350,142,Quiet,53.7,56,0,0,338.3,339,0,0,0,0,31.1,62,142,Quiet,0,0,339,56
69eb76c1d60a2236063609c2,ESP32_GREENHOUSE_01,2026-04-24T13:57:21.515Z,15,31.43,31,31.9,31.7,62,62,62,62,167.5,300,178,Quiet,53.9,53,0,0,338.3,338,0,0,0,0,31.7,62,178,Quiet,0,0,338,53
69eb76dfd60a2236063609cb,ESP32_GREENHOUSE_01,2026-04-24T13:57:51.536Z,14,31.44,31,31.8,31,62,62,62,62,199,325,299,Quiet,52.6,50,0,0,338.2,338,0,0,0,1,31,62,299,Restless,0,0,338,50
69eb76fdd60a2236063609d1,ESP32_GREENHOUSE_01,2026-04-24T13:58:21.543Z,15,31.52,31,31.9,31.4,62,62,62,62,170,320,111,Quiet,53.7,56,0,0,338.1,338,0,0,0,0,31.4,62,111,Quiet,0,0,338,56
69eb771bd60a2236063609d4,ESP32_GREENHOUSE_01,2026-04-24T13:58:51.543Z,15,31.3,31,31.7,31,62,62,62,62,129.3,258,84,Quiet,55.7,58,0,0,338,338,0,0,0,0,31,62,84,Quiet,0,0,338,58
69eb7739d60a2236063609d5,ESP32_GREENHOUSE_01,2026-04-24T13:59:21.552Z,15,31.45,31,31.9,31.4,62,62,62,62,84.2,107,81,Quiet,57.1,57,0,0,338.3,338,0,0,0,0,31.4,62,81,Quiet,0,0,338,57
69eb7757d60a2236063609d6,ESP32_GREENHOUSE_01,2026-04-24T13:59:51.552Z,15,31.45,31,31.8,31.2,62,62,62,62,118.3,218,90,Quiet,55.7,58,0,0,338.1,338,0,0,0,0,31.2,62,90,Quiet,0,0,338,58
69eb7775d60a2236063609d7,ESP32_GREENHOUSE_01,2026-04-24T14:00:21.559Z,15,31.55,31,31.9,31.4,62,62,62,62,101.3,209,149,Quiet,56.2,55,0,0,338.2,338,0,0,0,0,31.4,62,149,Quiet,0,0,338,55
69eb7793d60a2236063609dc,ESP32_GREENHOUSE_01,2026-04-24T14:00:51.561Z,15,31.53,31.1,31.9,31.4,62,62,62,62,187.3,584,151,Quiet,52.8,55,0,0,337.4,337,0,0,0,0,31.4,62,151,Quiet,0,0,337,55
69eb77b1d60a2236063609e4,ESP32_GREENHOUSE_01,2026-04-24T14:01:21.568Z,14,31.34,31,31.9,31,61.93,61,62,62,235.6,593,184,Quiet,51.8,55,0,0,337,337,0,0,0,1,31,62,184,Quiet,0,0,337,55
69eb77cfd60a2236063609ee,ESP32_GREENHOUSE_01,2026-04-24T14:01:51.583Z,15,31.49,31.1,31.9,31.8,61.8,61,62,62,166.3,321,250,Quiet,54,50,0,0,337,337,0,0,0,1,31.8,62,250,Light Activity,0,0,337,50
69eb77edd60a2236063609f6,ESP32_GREENHOUSE_01,2026-04-24T14:02:21.591Z,15,31.39,31,31.8,31.1,61.4,61,62,61,213.3,634,103,Quiet,52.6,58,0,0,337,337,0,0,0,3,31.1,61,103,Quiet,0,0,337,58
69eb780bd60a223606360a01,ESP32_GREENHOUSE_01,2026-04-24T14:02:51.591Z,15,31.39,31,31.8,31.7,61.8,61,62,62,160.3,300,134,Quiet,54.4,55,0,0,337,337,0,0,0,0,31.7,62,134,Quiet,0,0,337,55
69eb7829d60a223606360a0c,ESP32_GREENHOUSE_01,2026-04-24T14:03:21.591Z,15,31.51,31.1,31.9,31.4,62,62,62,62,272.4,615,589,Light Activity,49.7,38,0,0,337,337,0,0,0,0,31.4,62,589,Restless,0,0,337,38
69eb7847d60a223606360a17,ESP32_GREENHOUSE_01,2026-04-24T14:03:51.601Z,15,31.53,31,31.9,31.9,62,62,62,62,298.4,660,97,Quiet,48.6,55,0,0,337,337,0,0,0,4,31.9,62,97,Quiet,0,0,337,55
69eb7865d60a223606360a21,ESP32_GREENHOUSE_01,2026-04-24T14:04:21.603Z,15,31.45,31.1,31.8,31.6,62,62,62,62,258.5,424,247,Quiet,50.5,50,0,0,337,337,0,0,0,1,31.6,62,247,Light Activity,0,0,337,50
69eb7883d60a223606360a2e,ESP32_GREENHOUSE_01,2026-04-24T14:04:51.611Z,15,31.34,31.1,31.7,31.7,62,62,62,62,357.7,935,144,Restless,46.9,54,0,0,337,337,0,0,0,1,31.7,62,144,Quiet,0,0,337,54
69eb78a1d60a223606360a3a,ESP32_GREENHOUSE_01,2026-04-24T14:05:21.615Z,14,31.42,31,31.9,31.9,62,62,62,62,292.9,474,149,CRYING,49,53,0,0,337,337,0,0,0,5,31.9,62,149,Quiet,0,0,337,53
69eb78bfd60a223606360a44,ESP32_GREENHOUSE_01,2026-04-24T14:05:51.624Z,15,31.48,31.2,31.9,31.4,62,62,62,62,265.5,580,228,Quiet,49.9,52,0,0,337,337,0,0,0,1,31.4,62,228,Light Activity,0,0,337,52
69eb78ddd60a223606360a4b,ESP32_GREENHOUSE_01,2026-04-24T14:06:21.633Z,15,31.43,31,31.9,31.3,62,62,62,62,254.1,591,180,Quiet,50.7,54,0,0,337,337,0,0,0,0,31.3,62,180,Quiet,0,0,337,54
69eb78fbd60a223606360a54,ESP32_GREENHOUSE_01,2026-04-24T14:06:51.648Z,15,31.45,31,31.9,31.6,62,62,62,62,219.9,556,196,Quiet,51.7,52,0,0,337,337,0,0,0,1,31.6,62,196,Quiet,0,0,337,52
69eb7919d60a223606360a59,ESP32_GREENHOUSE_01,2026-04-24T14:07:21.656Z,15,31.49,31,31.9,31,62,62,62,62,158.8,369,245,Quiet,54.2,52,0,0,337,337,0,0,0,0,31,62,245,Light Activity,0,0,337,52
69eb7937d60a223606360a66,ESP32_GREENHOUSE_01,2026-04-24T14:07:51.663Z,15,31.45,31.1,31.9,31.7,61.87,61,62,62,302.5,1023,177,Quiet,48.7,53,0,0,337,337,0,0,0,1,31.7,62,177,Quiet,0,0,337,53
69eb7955d60a223606360a73,ESP32_GREENHOUSE_01,2026-04-24T14:08:21.680Z,15,31.47,31,31.9,31.1,62,62,62,62,251.7,438,200,Quiet,50.6,54,0,0,337.1,337,0,0,0,0,31.1,62,200,Quiet,0,0,337,54
69eb7973d60a223606360a79,ESP32_GREENHOUSE_01,2026-04-24T14:08:51.690Z,14,31.42,31,31.9,31.2,61.86,61,62,62,192.2,320,149,Quiet,53.1,55,0,0,337,337,0,0,0,1,31.2,62,149,Quiet,0,0,337,55
69eb7991d60a223606360a84,ESP32_GREENHOUSE_01,2026-04-24T14:09:21.695Z,15,31.46,31,31.9,31,61.47,61,62,61,305.6,1023,170,Quiet,48.7,56,0,0,337,337,0,0,0,0,31,61,170,Quiet,0,0,337,56
69eb79afd60a223606360a8c,ESP32_GREENHOUSE_01,2026-04-24T14:09:51.696Z,15,31.43,31,31.9,31.3,62,62,62,62,238,381,205,Quiet,51.2,53,0,0,337,337,0,0,0,3,31.3,62,205,Quiet,0,0,337,53
69eb79cdd60a223606360a99,ESP32_GREENHOUSE_01,2026-04-24T14:10:21.707Z,15,31.61,31,31.9,31.9,61.73,61,62,61,262.4,514,169,Quiet,49.8,53,0,0,337,337,0,0,0,2,31.9,61,169,Quiet,0,0,337,53
69eb79ebd60a223606360aa0,ESP32_GREENHOUSE_01,2026-04-24T14:10:51.712Z,15,31.46,31,31.8,31,62,62,62,62,285.7,890,230,CRYING,49.3,53,0,0,335.6,333,0,0,0,10,31,62,230,Light Activity,0,0,333,53
69eb7a09d60a223606360aab,ESP32_GREENHOUSE_01,2026-04-24T14:11:21.714Z,15,31.39,31,31.9,31.8,62,62,62,62,336.1,1023,160,CRYING,47.4,53,0,0,337,337,0,0,0,7,31.8,62,160,Quiet,0,0,337,53
69ec82a065abc16ec863735b,ESP32_GREENHOUSE_01,2026-04-25T09:00:16.735Z,14,34.46,34,34.9,34.6,44,44,44,44,95.2,118,91,CRYING,57.6,58,0,0,407.6,408,0,0,0,14,34.6,44,91,CRYING,0,0,408,58
69ec82be65abc16ec863735c,ESP32_GREENHOUSE_01,2026-04-25T09:00:46.745Z,15,34.47,34,34.9,34.2,43.53,43,44,43,162.4,1023,119,CRYING,54.6,56,0,0,405.9,408,0,0,0,15,34.2,43,119,CRYING,0,0,408,56
69ec82dc65abc16ec863735d,ESP32_GREENHOUSE_01,2026-04-25T09:01:16.746Z,15,34.47,34.1,34.9,34.1,43.2,43,44,43,163.9,508,140,CRYING,54.3,55,0,0,405.3,404,0,0,0,15,34.1,43,140,CRYING,0,0,404,55
69ec82fa65abc16ec863735e,ESP32_GREENHOUSE_01,2026-04-25T09:01:46.748Z,15,34.45,34.1,34.9,34.9,43,43,43,43,112.9,186,80,CRYING,56.1,57,0,0,407.1,409,0,0,0,15,34.9,43,80,CRYING,0,0,409,57
69ec831865abc16ec863735f,ESP32_GREENHOUSE_01,2026-04-25T09:02:16.750Z,15,34.49,34.1,34.9,34.2,43,43,43,43,87.5,103,103,CRYING,57.3,57,0,0,406.5,406,0,0,0,15,34.2,43,103,CRYING,0,0,406,57
69ec833665abc16ec8637360,ESP32_GREENHOUSE_01,2026-04-25T09:02:46.756Z,15,34.48,34,34.9,34.9,43,43,43,43,85.3,109,99,CRYING,57.3,57,0,0,403.7,409,0,0,0,15,34.9,43,99,CRYING,0,0,409,57
69ec835465abc16ec8637361,ESP32_GREENHOUSE_01,2026-04-25T09:03:16.763Z,15,34.5,34,34.9,34.7,43,43,43,43,97.9,123,63,CRYING,56.8,58,0,0,405.7,409,0,0,0,15,34.7,43,63,CRYING,0,0,409,58
69ec837265abc16ec8637362,ESP32_GREENHOUSE_01,2026-04-25T09:03:46.763Z,15,34.43,34,34.9,34,43,43,43,43,79.7,116,75,CRYING,57.5,58,0,0,406.4,406,0,0,0,15,34,43,75,CRYING,0,0,406,58
69ec839065abc16ec8637363,ESP32_GREENHOUSE_01,2026-04-25T09:04:16.767Z,14,34.51,34,34.9,34.1,43,43,43,43,88.2,113,113,CRYING,57.4,56,0,0,408.1,411,0,0,0,14,34.1,43,113,CRYING,0,0,411,56
69ec83ae65abc16ec8637364,ESP32_GREENHOUSE_01,2026-04-25T09:04:46.774Z,15,34.39,34,34.8,34.8,43,43,43,43,94.3,226,78,CRYING,56.9,58,0,0,408.6,411,0,0,0,15,34.8,43,78,CRYING,0,0,411,58
69ec83cc65abc16ec8637365,ESP32_GREENHOUSE_01,2026-04-25T09:05:16.781Z,15,34.39,34,34.8,34.5,43,43,43,43,78.1,97,86,CRYING,57.5,57,0,0,411.7,412,0,0,0,15,34.5,43,86,CRYING,0,0,412,57
69ec83ea65abc16ec8637366,ESP32_GREENHOUSE_01,2026-04-25T09:05:46.793Z,15,34.52,34,34.9,34.7,42.87,42,43,43,77.3,98,73,CRYING,57.6,58,0,0,411.7,412,0,0,0,15,34.7,43,73,CRYING,0,0,412,58
69ec840865abc16ec8637367,ESP32_GREENHOUSE_01,2026-04-25T09:06:16.803Z,15,34.51,34,34.9,34.5,42.8,42,43,43,76.9,94,72,CRYING,57.5,58,0,0,411,411,0,0,0,15,34.5,43,72,CRYING,0,0,411,58
69ec842665abc16ec8637368,ESP32_GREENHOUSE_01,2026-04-25T09:06:46.817Z,15,34.42,34,34.9,34.9,42.4,42,43,42,71.1,83,78,CRYING,57.5,57,0,0,409.9,408,0,0,0,15,34.9,42,78,CRYING,0,0,408,57
69ec844465abc16ec8637369,ESP32_GREENHOUSE_01,2026-04-25T09:07:16.825Z,15,34.57,34.1,34.9,34.5,42.07,42,43,42,75.6,100,67,CRYING,57.1,57,0,0,407.6,409,0,0,0,15,34.5,42,67,CRYING,0,0,409,57
69ec846265abc16ec863736a,ESP32_GREENHOUSE_01,2026-04-25T09:07:46.826Z,15,34.47,34,34.9,34.2,42,42,42,42,76.3,89,55,CRYING,57.1,58,0,0,408.5,408,0,0,0,15,34.2,42,55,CRYING,0,0,408,58
69ec848065abc16ec863736b,ESP32_GREENHOUSE_01,2026-04-25T09:08:16.833Z,14,34.46,34.1,34.9,34.2,42,42,42,42,75.1,111,81,CRYING,57.1,57,0,0,407.6,407,0,0,0,14,34.2,42,81,CRYING,0,0,407,57
69ec849e65abc16ec863736c,ESP32_GREENHOUSE_01,2026-04-25T09:08:46.835Z,15,34.42,34,34.8,34.1,42.07,42,43,42,82.2,105,71,CRYING,56.7,57,0,0,407.3,407,0,0,0,15,34.1,42,71,CRYING,0,0,407,57
69ec84bc65abc16ec863736d,ESP32_GREENHOUSE_01,2026-04-25T09:09:16.850Z,15,34.37,34,34.8,34.4,42.13,42,43,43,85.6,118,69,CRYING,56.7,58,0,0,405.7,405,0,0,0,15,34.4,43,69,CRYING,0,0,405,58
69ec84da65abc16ec863736e,ESP32_GREENHOUSE_01,2026-04-25T09:09:46.854Z,15,34.33,34,34.8,34,42.4,42,43,43,80.9,106,81,CRYING,57,57,0,0,404.7,405,0,0,0,15,34,43,81,CRYING,0,0,405,57
69ec84f865abc16ec863736f,ESP32_GREENHOUSE_01,2026-04-25T09:10:16.858Z,15,34.43,34,34.8,34.7,42.07,42,43,42,82.3,107,78,CRYING,56.8,57,0,0,404.1,404,0,0,0,15,34.7,42,78,CRYING,0,0,404,57
69ec851665abc16ec8637370,ESP32_GREENHOUSE_01,2026-04-25T09:10:46.868Z,15,34.59,34,34.9,34.6,42,42,42,42,70.8,91,91,CRYING,57.1,56,0,0,403.9,405,0,0,0,15,34.6,42,91,CRYING,0,0,405,56
69ec853465abc16ec8637371,ESP32_GREENHOUSE_01,2026-04-25T09:11:16.874Z,15,34.41,34,34.9,34.5,42,42,42,42,78.7,116,83,CRYING,56.9,57,0,0,405.4,404,0,0,0,15,34.5,42,83,CRYING,0,0,404,57
69ec855265abc16ec8637372,ESP32_GREENHOUSE_01,2026-04-25T09:11:46.881Z,15,34.51,34,34.9,34.8,42,42,42,42,82.1,112,59,CRYING,56.9,58,0,0,409.9,419,0,0,0,15,34.8,42,59,CRYING,0,0,419,58
69ec857065abc16ec8637373,ESP32_GREENHOUSE_01,2026-04-25T09:12:16.885Z,14,34.54,34.1,34.9,34.8,42,42,42,42,79.8,102,87,CRYING,56.9,57,0,0,418,417,0,0,0,14,34.8,42,87,CRYING,0,0,417,57
69ec858e65abc16ec8637374,ESP32_GREENHOUSE_01,2026-04-25T09:12:46.888Z,15,34.51,34,34.9,34.5,42,42,42,42,77.8,108,72,CRYING,56.9,57,0,0,416.3,416,0,0,0,15,34.5,42,72,CRYING,0,0,416,57
69ec85ac65abc16ec8637375,ESP32_GREENHOUSE_01,2026-04-25T09:13:16.889Z,15,34.43,34,34.8,34,42,42,42,42,72.6,90,59,CRYING,57.1,58,0,0,415.2,413,0,0,0,15,34,42,59,CRYING,0,0,413,58
69ec85ca65abc16ec8637376,ESP32_GREENHOUSE_01,2026-04-25T09:13:46.898Z,15,34.45,34.1,34.9,34.2,42,42,42,42,74.9,100,71,CRYING,56.9,57,0,0,414.5,414,0,0,0,15,34.2,42,71,CRYING,0,0,414,57
69ec85e865abc16ec8637377,ESP32_GREENHOUSE_01,2026-04-25T09:14:16.904Z,15,34.37,34,34.9,34.3,42,42,42,42,73.7,87,61,CRYING,57.1,58,0,0,413.7,413,0,0,0,15,34.3,42,61,CRYING,0,0,413,58
69ec860665abc16ec8637378,ESP32_GREENHOUSE_01,2026-04-25T09:14:46.909Z,15,34.53,34,34.9,34.7,42,42,42,42,77.2,92,58,CRYING,57.1,58,0,0,413.7,414,0,0,0,15,34.7,42,58,CRYING,0,0,414,58
69ec862465abc16ec8637379,ESP32_GREENHOUSE_01,2026-04-25T09:15:16.918Z,15,34.47,34,34.9,34.4,42,42,42,42,79.1,107,71,CRYING,56.9,57,0,0,414.3,414,0,0,0,15,34.4,42,71,CRYING,0,0,414,57
69ec864265abc16ec863737a,ESP32_GREENHOUSE_01,2026-04-25T09:15:46.923Z,15,34.43,34.1,34.9,34.7,42,42,42,42,80.1,100,76,CRYING,56.9,57,0,0,406.1,404,0,0,0,15,34.7,42,76,CRYING,0,0,404,57
69ec866065abc16ec863737b,ESP32_GREENHOUSE_01,2026-04-25T09:16:16.936Z,14,34.44,34.1,34.9,34.2,42,42,42,42,76.6,104,60,CRYING,57,58,0,0,403.4,402,0,0,0,14,34.2,42,60,CRYING,0,0,402,58
69ec867e65abc16ec863737c,ESP32_GREENHOUSE_01,2026-04-25T09:16:46.947Z,15,34.45,34,34.8,34,42,42,42,42,84.1,115,69,CRYING,56.9,57,0,0,400.6,402,0,0,0,15,34,42,69,CRYING,0,0,402,57
69ec869c65abc16ec863737d,ESP32_GREENHOUSE_01,2026-04-25T09:17:16.947Z,15,34.46,34.1,34.9,34.6,43,43,43,43,58.4,84,35,CRYING,58.4,59,0,0,401.9,401,0,0,0,15,34.6,43,35,CRYING,0,0,401,59
69ec86ba65abc16ec863737e,ESP32_GREENHOUSE_01,2026-04-25T09:17:46.950Z,15,34.49,34,34.9,34.7,43,43,43,43,50.1,107,55,CRYING,58.7,58,0,0,400.7,401,0,0,0,15,34.7,43,55,CRYING,0,0,401,58
69ec86d865abc16ec863737f,ESP32_GREENHOUSE_01,2026-04-25T09:18:16.962Z,15,34.41,34,34.9,34.5,43,43,43,43,42.7,77,28,CRYING,59,60,0,0,399.7,400,0,0,0,15,34.5,43,28,CRYING,0,0,400,60
69ec86f665abc16ec8637380,ESP32_GREENHOUSE_01,2026-04-25T09:18:46.965Z,15,34.61,34.1,34.9,34.2,43,43,43,43,41.5,71,39,CRYING,58.9,59,0,0,399.5,399,0,0,0,15,34.2,43,39,CRYING,0,0,399,59
69ec871465abc16ec8637381,ESP32_GREENHOUSE_01,2026-04-25T09:19:16.965Z,15,34.38,34,34.9,34.6,43,43,43,43,37.4,59,43,CRYING,59,59,0,0,399.2,400,0,0,0,15,34.6,43,43,CRYING,0,0,400,59
69ec873265abc16ec8637382,ESP32_GREENHOUSE_01,2026-04-25T09:19:46.976Z,15,34.52,34,34.9,34.4,43,43,43,43,43.6,67,52,CRYING,58.9,59,0,0,398.9,398,0,0,0,15,34.4,43,52,CRYING,0,0,398,59
69ec875065abc16ec8637383,ESP32_GREENHOUSE_01,2026-04-25T09:20:16.976Z,14,34.46,34,34.9,34.1,43,43,43,43,38.6,52,51,CRYING,59.1,59,0,0,398.5,398,0,0,0,14,34.1,43,51,CRYING,0,0,398,59
69ec876e65abc16ec8637384,ESP32_GREENHOUSE_01,2026-04-25T09:20:46.991Z,15,34.39,34,34.9,34.4,43,43,43,43,46.5,62,54,CRYING,58.9,59,0,0,399.6,400,0,0,0,15,34.4,43,54,CRYING,0,0,400,59
69ec878c65abc16ec8637385,ESP32_GREENHOUSE_01,2026-04-25T09:21:16.996Z,15,34.45,34,34.9,34.7,43,43,43,43,36.1,55,55,CRYING,59.1,58,0,0,399.8,399,0,0,0,15,34.7,43,55,CRYING,0,0,399,58
69ec87ab65abc16ec8637386,ESP32_GREENHOUSE_01,2026-04-25T09:21:47.004Z,15,34.48,34,34.9,34.3,43.33,43,44,43,41.8,60,39,CRYING,59.1,59,0,0,400,400,0,0,0,15,34.3,43,39,CRYING,0,0,400,59
69ec87c965abc16ec8637387,ESP32_GREENHOUSE_01,2026-04-25T09:22:17.006Z,15,34.57,34.3,34.9,34.7,43.73,43,44,44,39,64,42,CRYING,59.6,60,0,0,400.1,400,0,0,0,15,34.7,44,42,CRYING,0,0,400,60
69ec87e765abc16ec8637388,ESP32_GREENHOUSE_01,2026-04-25T09:22:47.017Z,15,34.37,34.1,34.7,34.2,44,44,44,44,38.4,51,39,CRYING,59.8,60,0,0,399.8,400,0,0,0,15,34.2,44,39,CRYING,0,0,400,60
69ec880565abc16ec8637389,ESP32_GREENHOUSE_01,2026-04-25T09:23:17.019Z,15,34.44,34,34.9,34.4,44,44,44,44,39.9,73,54,CRYING,59.7,59,0,0,399.3,399,0,0,0,15,34.4,44,54,CRYING,0,0,399,59
69ec882365abc16ec863738a,ESP32_GREENHOUSE_01,2026-04-25T09:23:47.020Z,14,34.41,34,34.9,34.8,43.93,43,44,44,46.9,88,57,CRYING,59.4,59,0,0,397.9,398,0,0,0,14,34.8,44,57,CRYING,0,0,398,59
69ec884165abc16ec863738b,ESP32_GREENHOUSE_01,2026-04-25T09:24:17.024Z,15,34.49,34,34.9,34.9,44,44,44,44,48.5,103,43,CRYING,59.5,60,0,0,397.3,397,0,0,0,15,34.9,44,43,CRYING,0,0,397,60
69ec885f65abc16ec863738c,ESP32_GREENHOUSE_01,2026-04-25T09:24:47.039Z,15,34.41,34,34.9,34.7,43.67,43,44,44,50.3,107,37,CRYING,59.1,60,0,0,395.7,395,0,0,0,15,34.7,44,37,CRYING,0,0,395,60
69ec887d65abc16ec863738d,ESP32_GREENHOUSE_01,2026-04-25T09:25:17.043Z,15,34.47,34,34.9,34.4,44,44,44,44,48.3,70,49,CRYING,59.4,59,0,0,393.5,393,0,0,0,15,34.4,44,49,CRYING,0,0,393,59
69ec889b65abc16ec8637392,ESP32_GREENHOUSE_01,2026-04-25T09:25:47.056Z,15,34.51,34,34.9,34.3,43.6,43,44,43,46.1,59,50,CRYING,59.3,59,0,0,392.9,393,0,0,0,7,34.3,43,50,Light Activity,0,0,393,59
69ec88b965abc16ec863739c,ESP32_GREENHOUSE_01,2026-04-25T09:26:17.064Z,15,34.47,34,34.9,34.3,43,43,43,43,45.1,73,27,Quiet,58.9,60,0,0,391.7,391,0,0,0,0,34.3,43,27,Quiet,0,0,391,60
69ec88d765abc16ec86373a7,ESP32_GREENHOUSE_01,2026-04-25T09:26:47.070Z,15,34.39,34,34.9,34.9,43,43,43,43,47.1,63,56,Light Activity,58.7,58,0,0,391.3,392,0,0,0,0,34.9,43,56,Light Activity,0,0,392,58
69ec88f565abc16ec86373b3,ESP32_GREENHOUSE_01,2026-04-25T09:27:17.069Z,15,34.29,34,34.6,34.2,43,43,43,43,53.1,85,61,Light Activity,58.6,58,0,0,391.6,391,0,0,0,1,34.2,43,61,Restless,0,0,391,58
69ec891365abc16ec86373bd,ESP32_GREENHOUSE_01,2026-04-25T09:27:47.077Z,14,34.49,34,34.9,34.8,43,43,43,43,56.1,73,73,Light Activity,58.4,58,0,0,391.3,391,0,0,0,0,34.8,43,73,Restless,0,0,391,58
69ec893165abc16ec86373c8,ESP32_GREENHOUSE_01,2026-04-25T09:28:17.079Z,15,34.47,34,34.8,34,43,43,43,43,58.4,136,45,Light Activity,58.4,59,0,0,391.5,392,0,0,0,3,34,43,45,Light Activity,0,0,392,59
69ec894f65abc16ec86373d3,ESP32_GREENHOUSE_01,2026-04-25T09:28:47.088Z,15,34.55,34,34.9,34.5,43,43,43,43,49.3,71,45,Light Activity,58.6,59,0,0,391.1,392,0,0,0,0,34.5,43,45,Light Activity,0,0,392,59
69ec896d65abc16ec86373db,ESP32_GREENHOUSE_01,2026-04-25T09:29:17.094Z,15,34.55,34,34.9,34,43,43,43,43,41.7,55,28,Quiet,59.1,60,0,0,390.9,391,0,0,0,0,34,43,28,Quiet,0,0,391,60
69ec898b65abc16ec86373e4,ESP32_GREENHOUSE_01,2026-04-25T09:29:47.102Z,15,34.55,34.2,34.9,34.8,43,43,43,43,55.2,84,57,Light Activity,58.4,58,0,0,390.9,392,0,0,0,0,34.8,43,57,Light Activity,0,0,392,58
69ec89a965abc16ec86373ef,ESP32_GREENHOUSE_01,2026-04-25T09:30:17.106Z,15,34.33,34,34.8,34.4,43,43,43,43,52.1,100,100,Light Activity,58.7,57,0,0,390.7,391,0,0,0,1,34.4,43,100,CRYING,0,0,391,57
69ec89c765abc16ec86373f8,ESP32_GREENHOUSE_01,2026-04-25T09:30:47.113Z,15,34.45,34,34.9,34.5,43,43,43,43,54.5,101,46,Quiet,58.5,59,0,0,390.8,391,0,0,0,5,34.5,43,46,Light Activity,0,0,391,59
69ec89e565abc16ec8637401,ESP32_GREENHOUSE_01,2026-04-25T09:31:17.128Z,14,34.53,34,34.9,34.6,43,43,43,43,50.1,86,52,Quiet,58.7,59,0,0,389.7,390,0,0,0,1,34.6,43,52,Light Activity,0,0,390,59
69ec8a0365abc16ec863740a,ESP32_GREENHOUSE_01,2026-04-25T09:31:47.140Z,15,34.53,34.1,34.9,34.9,43,43,43,43,48.1,67,49,Quiet,58.7,59,0,0,389.2,389,0,0,0,0,34.9,43,49,Light Activity,0,0,389,59
69ec8a2165abc16ec8637414,ESP32_GREENHOUSE_01,2026-04-25T09:32:17.144Z,15,34.45,34,34.9,34.3,43,43,43,43,58.6,83,51,Light Activity,58.5,59,0,0,389.4,389,0,0,0,1,34.3,43,51,Light Activity,0,0,389,59
69ec8a3f65abc16ec8637420,ESP32_GREENHOUSE_01,2026-04-25T09:32:47.150Z,15,34.49,34.1,34.9,34.2,43,43,43,43,51.5,69,57,Quiet,58.5,58,0,0,389.4,389,0,0,0,1,34.2,43,57,Light Activity,0,0,389,58
69ec8a5d65abc16ec8637428,ESP32_GREENHOUSE_01,2026-04-25T09:33:17.164Z,15,34.37,34.1,34.9,34.6,43,43,43,43,42.3,59,35,Quiet,58.9,59,0,0,388.9,388,0,0,0,0,34.6,43,35,Quiet,0,0,388,59
69ec8a7b65abc16ec863742e,ESP32_GREENHOUSE_01,2026-04-25T09:33:47.178Z,15,34.51,34,34.9,34.2,43,43,43,43,34.4,47,46,Quiet,59.1,59,0,0,389,389,0,0,0,0,34.2,43,46,Light Activity,0,0,389,59
69ec8a9965abc16ec8637436,ESP32_GREENHOUSE_01,2026-04-25T09:34:17.193Z,15,34.37,34,34.7,34.6,43,43,43,43,40.6,55,42,Quiet,58.9,59,0,0,388.5,388,0,0,0,0,34.6,43,42,Quiet,0,0,388,59
69ec8ab765abc16ec8637441,ESP32_GREENHOUSE_01,2026-04-25T09:34:47.197Z,15,34.49,34.1,34.9,34.3,43,43,43,43,47.3,60,59,Light Activity,58.7,58,0,0,387.9,388,0,0,0,0,34.3,43,59,Restless,0,0,388,58
69ec8ad565abc16ec8637446,ESP32_GREENHOUSE_01,2026-04-25T09:35:17.199Z,14,34.43,34.1,34.8,34.6,43,43,43,43,36.8,49,42,Quiet,59.2,59,0,0,387.4,387,0,0,0,0,34.6,43,42,Quiet,0,0,387,59
69ec8af365abc16ec863744f,ESP32_GREENHOUSE_01,2026-04-25T09:35:47.210Z,15,34.49,34,34.9,34.7,43,43,43,43,43.9,60,53,Quiet,58.9,59,0,0,387,386,0,0,0,0,34.7,43,53,Light Activity,0,0,386,59
69ec8b1165abc16ec8637457,ESP32_GREENHOUSE_01,2026-04-25T09:36:17.213Z,15,34.51,34,34.9,34.1,43,43,43,43,47.7,60,45,Light Activity,58.8,59,0,0,386.7,387,0,0,0,0,34.1,43,45,Light Activity,0,0,387,59
69ec8b2f65abc16ec863745b,ESP32_GREENHOUSE_01,2026-04-25T09:36:47.213Z,15,34.39,34,34.9,34,43,43,43,43,37.7,57,31,Quiet,59,59,0,0,385.3,385,0,0,0,0,34,43,31,Quiet,0,0,385,59
69ec8b4d65abc16ec8637463,ESP32_GREENHOUSE_01,2026-04-25T09:37:17.219Z,15,34.54,34.2,34.9,34.4,43,43,43,43,53.4,87,62,Light Activity,58.5,58,0,0,386.1,387,0,0,0,3,34.4,43,62,Restless,0,0,387,58
69ec8b6b65abc16ec863746f,ESP32_GREENHOUSE_01,2026-04-25T09:37:47.219Z,15,34.54,34.1,34.9,34.7,43,43,43,43,53.9,80,37,Light Activity,58.5,59,0,0,387.6,388,0,0,0,3,34.7,43,37,Quiet,0,0,388,59
69ec8b8965abc16ec863747c,ESP32_GREENHOUSE_01,2026-04-25T09:38:17.225Z,15,34.39,34,34.9,34,43,43,43,43,55.4,84,47,Light Activity,58.5,59,0,0,386.9,387,0,0,0,1,34,43,47,Light Activity,0,0,387,59
69ec8ba765abc16ec8637482,ESP32_GREENHOUSE_01,2026-04-25T09:38:47.236Z,15,34.44,34.1,34.9,34.3,43,43,43,43,37.9,67,29,Quiet,59.1,59,0,0,386.9,387,0,0,0,0,34.3,43,29,Quiet,0,0,387,59
69ec8bc565abc16ec8637486,ESP32_GREENHOUSE_01,2026-04-25T09:39:17.241Z,14,34.52,34,34.9,34.9,43,43,43,43,34.5,46,45,Quiet,59.2,59,0,0,386.2,386,0,0,0,0,34.9,43,45,Light Activity,0,0,386,59
69ec8be365abc16ec863748a,ESP32_GREENHOUSE_01,2026-04-25T09:39:47.255Z,15,34.43,34,34.9,34.4,43,43,43,43,38,69,23,Quiet,59.1,60,0,0,385.8,385,0,0,0,0,34.4,43,23,Quiet,0,0,385,60
69ec8c0165abc16ec863748f,ESP32_GREENHOUSE_01,2026-04-25T09:40:17.265Z,15,34.39,34,34.9,34.2,43,43,43,43,63.1,196,48,CRYING,58.2,59,0,0,384.9,385,0,0,0,8,34.2,43,48,Light Activity,0,0,385,59
69ec8c1f65abc16ec8637499,ESP32_GREENHOUSE_01,2026-04-25T09:40:47.277Z,15,34.51,34,34.9,34.7,43,43,43,43,54.3,98,98,Light Activity,58.5,57,0,0,384.2,384,0,0,0,1,34.7,43,98,CRYING,0,0,384,57
69ec8c3d65abc16ec863749d,ESP32_GREENHOUSE_01,2026-04-25T09:41:17.276Z,15,34.59,34.2,34.9,34.7,43,43,43,43,74.8,299,44,CRYING,57.8,59,0,0,383.2,383,0,0,0,10,34.7,43,44,CRYING,0,0,383,59
69ec8c5b65abc16ec86374a3,ESP32_GREENHOUSE_01,2026-04-25T09:41:47.282Z,15,34.39,34,34.9,34.3,43,43,43,43,50.5,106,50,Quiet,58.6,59,0,0,383.5,384,0,0,0,4,34.3,43,50,Light Activity,0,0,384,59
69ec8c7965abc16ec86374ac,ESP32_GREENHOUSE_01,2026-04-25T09:42:17.288Z,15,34.53,34,34.9,34.8,43,43,43,43,38.9,67,30,Quiet,59,59,0,0,383.7,383,0,0,0,0,34.8,43,30,Quiet,0,0,383,59
69ec8c9765abc16ec86374af,ESP32_GREENHOUSE_01,2026-04-25T09:42:47.292Z,15,34.41,34,34.9,34.6,43,43,43,43,33.7,44,37,Quiet,59.3,59,0,0,383.8,383,0,0,0,0,34.6,43,37,Quiet,0,0,383,59
69ec8cb565abc16ec86374b4,ESP32_GREENHOUSE_01,2026-04-25T09:43:17.305Z,14,34.54,34,34.9,34.9,43,43,43,43,43,77,33,Quiet,58.9,59,0,0,383.7,384,0,0,0,0,34.9,43,33,Quiet,0,0,384,59
69ec8cd365abc16ec86374b9,ESP32_GREENHOUSE_01,2026-04-25T09:43:47.305Z,15,34.49,34,34.8,34.7,43,43,43,43,39.4,49,34,Quiet,59.1,59,0,0,383.5,383,0,0,0,0,34.7,43,34,Quiet,0,0,383,59
69ec8cf165abc16ec86374c4,ESP32_GREENHOUSE_01,2026-04-25T09:44:17.319Z,15,34.57,34.1,34.9,34.4,43,43,43,43,47.2,68,35,Light Activity,58.7,59,0,0,383.5,385,0,0,0,1,34.4,43,35,Quiet,0,0,385,59
69ec8d0f65abc16ec86374cf,ESP32_GREENHOUSE_01,2026-04-25T09:44:47.324Z,15,34.39,34,34.9,34.2,42.53,42,43,42,46.1,66,42,Quiet,58.5,58,0,0,384.1,384,0,0,0,0,34.2,42,42,Quiet,0,0,384,58
69ec8d2d65abc16ec86374d6,ESP32_GREENHOUSE_01,2026-04-25T09:45:17.331Z,15,34.39,34,34.8,34.5,42.8,42,43,43,40.1,51,42,Quiet,58.9,59,0,0,383.8,383,0,0,0,0,34.5,43,42,Quiet,0,0,383,59
69ec8d4b65abc16ec86374de,ESP32_GREENHOUSE_01,2026-04-25T09:45:47.337Z,15,34.55,34.2,34.9,34.3,42.93,42,43,43,42.7,65,50,Quiet,58.9,59,0,0,382.9,383,0,0,0,0,34.3,43,50,Light Activity,0,0,383,59
69ec8d6965abc16ec86374e7,ESP32_GREENHOUSE_01,2026-04-25T09:46:17.340Z,15,34.57,34.2,34.9,34.5,42.33,42,43,42,52.5,84,53,Light Activity,58.2,58,0,0,383.8,384,0,0,0,0,34.5,42,53,Light Activity,0,0,384,58
69ec8d8765abc16ec86374ef,ESP32_GREENHOUSE_01,2026-04-25T09:46:47.346Z,14,34.51,34.1,34.9,34.9,42,42,42,42,39.5,53,39,Quiet,58.5,58,0,0,384.1,385,0,0,0,0,34.9,42,39,Quiet,0,0,385,58
69ec8da565abc16ec86374f4,ESP32_GREENHOUSE_01,2026-04-25T09:47:17.359Z,15,34.43,34,34.8,34.6,42,42,42,42,34.7,55,24,Quiet,58.8,59,0,0,385.3,385,0,0,0,0,34.6,42,24,Quiet,0,0,385,59
69ec8dc365abc16ec86374f8,ESP32_GREENHOUSE_01,2026-04-25T09:47:47.364Z,15,34.41,34,34.9,34,42.47,42,43,43,36.4,52,52,Quiet,59,59,0,0,385.6,385,0,0,0,0,34,43,52,Light Activity,0,0,385,59
69ec8de165abc16ec8637502,ESP32_GREENHOUSE_01,2026-04-25T09:48:17.374Z,15,34.53,34,34.9,34.6,42.13,42,43,42,43,59,48,Quiet,58.3,58,0,0,385.4,385,0,0,0,0,34.6,42,48,Light Activity,0,0,385,58
69ec8dff65abc16ec8637509,ESP32_GREENHOUSE_01,2026-04-25T09:48:47.385Z,15,34.37,34,34.9,34.9,42,42,42,42,45.4,74,32,Quiet,58.1,59,0,0,386.1,387,0,0,0,0,34.9,42,32,Quiet,0,0,387,59
69ec8e1d65abc16ec863750f,ESP32_GREENHOUSE_01,2026-04-25T09:49:17.401Z,15,34.33,34,34.9,34,42,42,42,42,39.5,72,37,Quiet,58.5,59,0,0,386.5,386,0,0,0,0,34,42,37,Quiet,0,0,386,59
69ec8e3b65abc16ec8637517,ESP32_GREENHOUSE_01,2026-04-25T09:49:47.402Z,15,34.53,34,34.9,34.9,42.27,42,43,42,38.6,58,46,Quiet,58.8,58,0,0,387.5,387,0,0,0,0,34.9,42,46,Light Activity,0,0,387,58
69ec8e5965abc16ec8637522,ESP32_GREENHOUSE_01,2026-04-25T09:50:17.414Z,15,34.39,34.1,34.8,34.3,42.13,42,43,43,41.6,69,37,Quiet,58.4,59,0,0,388.6,389,0,0,0,0,34.3,43,37,Quiet,0,0,389,59
69ec8e7765abc16ec863752c,ESP32_GREENHOUSE_01,2026-04-25T09:50:47.425Z,14,34.56,34.2,34.9,34.4,43,43,43,43,44.6,88,69,Quiet,58.9,58,0,0,388.3,389,0,0,0,2,34.4,43,69,Restless,0,0,389,58
69ec8e9565abc16ec8637539,ESP32_GREENHOUSE_01,2026-04-25T09:51:17.440Z,15,34.6,34.3,34.9,34.3,42.93,42,43,42,60.8,142,41,Quiet,58.1,58,0,0,388.7,390,0,0,0,3,34.3,42,41,Quiet,0,0,390,58
69ec8eb365abc16ec863753f,ESP32_GREENHOUSE_01,2026-04-25T09:51:47.444Z,15,34.45,34,34.9,34.9,42.87,42,43,43,40.6,48,48,Quiet,58.9,59,0,0,390.7,392,0,0,0,0,34.9,43,48,Light Activity,0,0,392,59
69ec8ed165abc16ec8637549,ESP32_GREENHOUSE_01,2026-04-25T09:52:17.447Z,15,34.59,34.2,34.9,34.9,43,43,43,43,44.1,66,59,Quiet,58.8,58,0,0,391.7,393,0,0,0,0,34.9,43,59,Restless,0,0,393,58
69ec8eef65abc16ec8637553,ESP32_GREENHOUSE_01,2026-04-25T09:52:47.453Z,15,34.49,34,34.9,34.9,43,43,43,43,42.3,78,51,Quiet,59.1,59,0,0,390.5,391,0,0,0,1,34.9,43,51,Light Activity,0,0,391,59
69ec8f0d65abc16ec863755d,ESP32_GREENHOUSE_01,2026-04-25T09:53:17.454Z,15,34.43,34,34.8,34.3,43,43,43,43,43.3,92,45,Quiet,58.8,59,0,0,390.7,393,0,0,0,1,34.3,43,45,Light Activity,0,0,393,59
69ec8f2b65abc16ec863755f,ESP32_GREENHOUSE_01,2026-04-25T09:53:47.466Z,15,34.42,34.1,34.9,34.5,43,43,43,43,32.7,42,26,Quiet,59.2,60,0,0,392.3,392,0,0,0,0,34.5,43,26,Quiet,0,0,392,60
69ec8f4965abc16ec8637562,ESP32_GREENHOUSE_01,2026-04-25T09:54:17.476Z,15,34.46,34,34.8,34.7,43,43,43,43,33.6,44,37,Quiet,59.1,59,0,0,391.7,391,0,0,0,0,34.7,43,37,Quiet,0,0,391,59
69ec8f6765abc16ec863756a,ESP32_GREENHOUSE_01,2026-04-25T09:54:47.481Z,14,34.5,34.1,34.9,34.8,43,43,43,43,42.4,71,36,Quiet,58.9,59,0,0,391,390,0,0,0,0,34.8,43,36,Quiet,0,0,390,59
69ec8f8565abc16ec863756f,ESP32_GREENHOUSE_01,2026-04-25T09:55:17.493Z,15,34.37,34,34.8,34.1,42.93,42,43,43,38.1,51,39,Quiet,59,59,0,0,389.9,390,0,0,0,0,34.1,43,39,Quiet,0,0,390,59
69ec8fa365abc16ec8637573,ESP32_GREENHOUSE_01,2026-04-25T09:55:47.500Z,15,34.37,34,34.9,34.6,42.8,42,43,43,35.6,48,34,Quiet,59.1,59,0,0,388.5,388,0,0,0,2,34.6,43,34,Quiet,0,0,388,59
69ec8fc165abc16ec863757a,ESP32_GREENHOUSE_01,2026-04-25T09:56:17.511Z,15,34.51,34,34.9,34.5,42.87,42,43,43,39.5,56,36,Quiet,58.9,59,0,0,387,386,0,0,0,0,34.5,43,36,Quiet,0,0,386,59
69ec8fdf65abc16ec8637581,ESP32_GREENHOUSE_01,2026-04-25T09:56:47.519Z,15,34.52,34,34.9,34.1,42.4,42,43,42,42.5,73,33,Quiet,58.7,59,0,0,385.3,385,0,0,0,0,34.1,42,33,Quiet,0,0,385,59
69ec8ffd65abc16ec8637582,ESP32_GREENHOUSE_01,2026-04-25T09:57:17.534Z,15,34.45,34,34.8,34.8,42.73,42,43,43,31.3,42,29,Quiet,59.3,59,0,0,384.3,384,0,0,0,0,34.8,43,29,Quiet,0,0,384,59
69ec901b65abc16ec8637587,ESP32_GREENHOUSE_01,2026-04-25T09:57:47.549Z,15,34.55,34,34.9,34.7,42.93,42,43,43,33.3,49,26,Quiet,59.3,60,0,0,382.8,382,0,0,0,0,34.7,43,26,Quiet,0,0,382,60
69ec903965abc16ec863758a,ESP32_GREENHOUSE_01,2026-04-25T09:58:17.561Z,14,34.46,34,34.9,34.5,42.57,42,43,43,33.4,44,40,Quiet,59,59,0,0,382.7,383,0,0,0,0,34.5,43,40,Quiet,0,0,383,59
69ec905765abc16ec8637594,ESP32_GREENHOUSE_01,2026-04-25T09:58:47.560Z,15,34.44,34,34.9,34.9,42.67,42,43,43,37.2,57,24,Quiet,59.1,60,0,0,382.9,382,0,0,0,1,34.9,43,24,Quiet,0,0,382,60
69ec907565abc16ec8637599,ESP32_GREENHOUSE_01,2026-04-25T09:59:17.569Z,15,34.45,34.1,34.8,34.5,43,43,43,43,35.5,53,33,Quiet,59.1,59,0,0,383,383,0,0,0,0,34.5,43,33,Quiet,0,0,383,59
69ec909365abc16ec863759e,ESP32_GREENHOUSE_01,2026-04-25T09:59:47.581Z,15,34.41,34,34.9,34.5,43,43,43,43,34.1,50,23,Quiet,59.2,60,0,0,383.5,383,0,0,0,0,34.5,43,23,Quiet,0,0,383,60
69ec90b165abc16ec86375a1,ESP32_GREENHOUSE_01,2026-04-25T10:00:17.594Z,15,34.55,34,34.8,34.7,42.8,42,43,43,37.2,51,43,Quiet,59,59,0,0,383.5,384,0,0,0,0,34.7,43,43,Quiet,0,0,384,59
69ec90cf65abc16ec86375ab,ESP32_GREENHOUSE_01,2026-04-25T10:00:47.602Z,15,34.53,34,34.8,34,42.67,42,43,42,56.1,79,79,Restless,58.3,57,0,0,384.1,383,0,0,0,2,34,42,79,Restless,0,0,383,57
69ec90ed65abc16ec86375b2,ESP32_GREENHOUSE_01,2026-04-25T10:01:17.616Z,15,34.45,34,34.9,34,42.13,42,43,43,63.2,96,87,Light Activity,57.6,57,0,0,384.1,385,0,0,0,3,34,43,87,Restless,0,0,385,57
69ec910b65abc16ec86375b4,ESP32_GREENHOUSE_01,2026-04-25T10:01:47.623Z,15,34.59,34.2,34.9,34.4,42,42,42,42,113.5,221,56,CRYING,55.5,58,0,0,384.7,385,0,0,0,15,34.4,42,56,CRYING,0,0,385,58
69ec912965abc16ec86375b6,ESP32_GREENHOUSE_01,2026-04-25T10:02:17.626Z,14,34.51,34.1,34.9,34.3,42.29,42,43,42,35.9,50,33,CRYING,58.9,59,0,0,384.3,384,0,0,0,9,34.3,42,33,Quiet,0,0,384,59
69ec914765abc16ec86375bc,ESP32_GREENHOUSE_01,2026-04-25T10:02:47.640Z,15,34.6,34,34.9,34.6,42.13,42,43,42,40.7,63,37,Quiet,58.6,59,0,0,385.7,386,0,0,0,0,34.6,42,37,Quiet,0,0,386,59
69ec916565abc16ec86375c6,ESP32_GREENHOUSE_01,2026-04-25T10:03:17.646Z,15,34.49,34,34.9,34.3,42,42,42,42,50.5,77,44,Light Activity,58,58,0,0,385.5,384,0,0,0,3,34.3,42,44,Light Activity,0,0,384,58
69ec918365abc16ec86375d1,ESP32_GREENHOUSE_01,2026-04-25T10:03:47.655Z,15,34.36,34,34.9,34,42,42,42,42,49.2,83,53,Light Activity,58.1,58,0,0,383.3,383,0,0,0,3,34,42,53,CRYING,0,0,383,58
69ec91a165abc16ec86375da,ESP32_GREENHOUSE_01,2026-04-25T10:04:17.662Z,15,34.54,34.3,34.9,34.6,42,42,42,42,66.9,134,51,CRYING,57.4,58,0,0,382.7,383,0,0,0,5,34.6,42,51,Light Activity,0,0,383,58
69ec91bf65abc16ec86375e5,ESP32_GREENHOUSE_01,2026-04-25T10:04:47.667Z,15,34.51,34,34.9,34.9,42.27,42,43,42,48.5,61,45,Light Activity,58.3,58,0,0,383.9,385,0,0,0,0,34.9,42,45,Light Activity,0,0,385,58
69ec91dd65abc16ec86375f0,ESP32_GREENHOUSE_01,2026-04-25T10:05:17.680Z,15,34.53,34,34.9,34.4,42.67,42,43,43,40.7,57,46,Quiet,58.7,59,0,0,383.2,383,0,0,0,0,34.4,43,46,Light Activity,0,0,383,59
69ec91fb65abc16ec86375fb,ESP32_GREENHOUSE_01,2026-04-25T10:05:47.682Z,15,34.53,34.1,34.8,34.5,42.93,42,43,43,44.5,73,30,Quiet,58.9,59,0,0,381.1,380,0,0,0,1,34.5,43,30,Quiet,0,0,380,59
69ec921965abc16ec86375fe,ESP32_GREENHOUSE_01,2026-04-25T10:06:17.687Z,14,34.58,34,34.9,34.6,42.79,42,43,42,37.6,49,41,Quiet,58.9,58,0,0,380.7,381,0,0,0,0,34.6,42,41,Quiet,0,0,381,58
69ec923765abc16ec8637605,ESP32_GREENHOUSE_01,2026-04-25T10:06:47.694Z,15,34.38,34,34.8,34.5,42.27,42,43,42,41.1,61,30,Quiet,58.7,59,0,0,380.7,381,0,0,0,0,34.5,42,30,Quiet,0,0,381,59
69ec925565abc16ec8637606,ESP32_GREENHOUSE_01,2026-04-25T10:07:17.695Z,15,34.35,34.1,34.8,34.4,42.07,42,43,42,30.4,41,28,Quiet,58.9,59,0,0,380,379,0,0,0,0,34.4,42,28,Quiet,0,0,379,59
69ec927365abc16ec863760d,ESP32_GREENHOUSE_01,2026-04-25T10:07:47.696Z,15,34.4,34,34.9,34.7,42.6,42,43,42,44.1,113,50,Quiet,58.7,58,0,0,376,378,0,0,0,2,34.7,42,50,Light Activity,0,0,378,58
69ec929165abc16ec8637616,ESP32_GREENHOUSE_01,2026-04-25T10:08:17.706Z,15,34.43,34,34.9,34.4,42,42,42,42,43.1,80,37,Quiet,58.3,59,0,0,378.7,381,0,0,0,0,34.4,42,37,Quiet,0,0,381,59
69ec92af65abc16ec863761d,ESP32_GREENHOUSE_01,2026-04-25T10:08:47.709Z,15,34.28,34,34.7,34.1,42,42,42,42,40.3,70,23,Quiet,58.4,59,0,0,380.2,380,0,0,0,0,34.1,42,23,Quiet,0,0,380,59
69ec92cd65abc16ec863761f,ESP32_GREENHOUSE_01,2026-04-25T10:09:17.723Z,15,34.31,34,34.9,34,42,42,42,42,32,53,53,Quiet,58.9,58,0,0,380.1,380,0,0,0,0,34,42,53,Light Activity,0,0,380,58
69ec92eb65abc16ec8637624,ESP32_GREENHOUSE_01,2026-04-25T10:09:47.733Z,15,34.45,34,34.9,34.6,42,42,42,42,38.1,66,35,Quiet,58.5,59,0,0,379.5,380,0,0,0,0,34.6,42,35,Quiet,0,0,380,59
69ec930965abc16ec8637629,ESP32_GREENHOUSE_01,2026-04-25T10:10:17.743Z,14,34.35,34,34.9,34.2,42,42,42,42,33.4,47,25,Quiet,58.8,59,0,0,379.9,381,0,0,0,0,34.2,42,25,Quiet,0,0,381,59
69ec932765abc16ec8637630,ESP32_GREENHOUSE_01,2026-04-25T10:10:47.743Z,15,34.4,34,34.8,34.2,42,42,42,42,41.7,83,83,Quiet,58.5,57,0,0,380.1,380,0,0,0,1,34.2,42,83,CRYING,0,0,380,57
69ec934565abc16ec863763c,ESP32_GREENHOUSE_01,2026-04-25T10:11:17.754Z,15,34.55,34.1,34.9,34.1,42,42,42,42,50.4,92,92,Quiet,57.9,56,0,0,378.3,377,0,0,0,2,34.1,42,92,CRYING,0,0,377,56
69ec936365abc16ec8637641,ESP32_GREENHOUSE_01,2026-04-25T10:11:47.756Z,15,34.35,34,34.9,34,42,42,42,42,60.1,111,53,CRYING,57.5,58,0,0,375.7,376,0,0,0,8,34,42,53,Light Activity,0,0,376,58
69ec938165abc16ec863764d,ESP32_GREENHOUSE_01,2026-04-25T10:12:17.767Z,15,34.53,34,34.9,34.8,42,42,42,42,46.5,61,46,Light Activity,58.3,58,0,0,374.9,374,0,0,0,0,34.8,42,46,Light Activity,0,0,374,58
69ec939f65abc16ec8637653,ESP32_GREENHOUSE_01,2026-04-25T10:12:47.779Z,15,34.41,34,34.9,34.2,42,42,42,42,36.5,70,31,Quiet,58.7,59,0,0,373.1,372,0,0,0,0,34.2,42,31,Quiet,0,0,372,59
69ec93bd65abc16ec863765d,ESP32_GREENHOUSE_01,2026-04-25T10:13:17.791Z,15,34.3,34,34.7,34,42,42,42,42,48.3,71,71,Quiet,58.1,57,0,0,371.7,373,0,0,0,0,34,42,71,Restless,0,0,373,57
69ec93db65abc16ec8637665,ESP32_GREENHOUSE_01,2026-04-25T10:13:47.805Z,14,34.44,34,34.9,34.8,42,42,42,42,43.2,92,33,Quiet,58.3,59,0,0,371.4,370,0,0,0,1,34.8,42,33,Quiet,0,0,370,59
69ec93f965abc16ec8637671,ESP32_GREENHOUSE_01,2026-04-25T10:14:17.807Z,15,34.4,34,34.8,34.3,42,42,42,42,49.1,106,39,Quiet,58,58,0,0,369.7,371,0,0,0,0,34.3,42,39,Quiet,0,0,371,58
69ec941765abc16ec8637677,ESP32_GREENHOUSE_01,2026-04-25T10:14:47.819Z,15,34.31,34,34.7,34.3,42,42,42,42,38.1,72,44,Quiet,58.6,58,0,0,371.1,370,0,0,0,0,34.3,42,44,Light Activity,0,0,370,58
69ec943565abc16ec8637679,ESP32_GREENHOUSE_01,2026-04-25T10:15:17.820Z,15,34.44,34,34.9,34.9,42,42,42,42,35.1,58,34,Quiet,58.7,59,0,0,370.3,371,0,0,0,0,34.9,42,34,Quiet,0,0,371,59
69ec945365abc16ec863767e,ESP32_GREENHOUSE_01,2026-04-25T10:15:47.823Z,15,34.4,34,34.8,34.3,42,42,42,42,35.9,48,20,Quiet,58.6,59,0,0,371.3,371,0,0,0,0,34.3,42,20,Quiet,0,0,371,59
69ec947165abc16ec863767f,ESP32_GREENHOUSE_01,2026-04-25T10:16:17.830Z,15,34.46,34,34.9,34.2,42,42,42,42,31.3,42,34,Quiet,58.9,59,0,0,370.3,370,0,0,0,0,34.2,42,34,Quiet,0,0,370,59
69ec948f65abc16ec8637680,ESP32_GREENHOUSE_01,2026-04-25T10:16:47.840Z,15,34.47,34,34.9,34.1,42,42,42,42,33.7,39,28,Quiet,58.9,59,0,0,370.9,371,0,0,0,0,34.1,42,28,Quiet,0,0,371,59
69ec94ad65abc16ec8637689,ESP32_GREENHOUSE_01,2026-04-25T10:17:17.841Z,15,34.46,34,34.9,34.4,42,42,42,42,43.7,100,36,Quiet,58.4,59,0,0,370.9,372,0,0,0,2,34.4,42,36,CRYING,0,0,372,59
69ec94cb65abc16ec863768d,ESP32_GREENHOUSE_01,2026-04-25T10:17:47.855Z,14,34.31,34,34.7,34.7,42,42,42,42,32.1,57,30,Quiet,58.9,59,0,0,370.9,370,0,0,0,0,34.7,42,30,Quiet,0,0,370,59
69ec94e965abc16ec8637697,ESP32_GREENHOUSE_01,2026-04-25T10:18:17.868Z,15,34.43,34,34.9,34.4,42,42,42,42,43.2,66,36,Quiet,58.3,59,0,0,369.9,369,0,0,0,0,34.4,42,36,Quiet,0,0,369,59
69ec950765abc16ec863769a,ESP32_GREENHOUSE_01,2026-04-25T10:18:47.880Z,15,34.39,34,34.9,34.6,42,42,42,42,32.1,45,27,Quiet,58.8,59,0,0,369.1,369,0,0,0,0,34.6,42,27,Quiet,0,0,369,59
69ec952565abc16ec863769d,ESP32_GREENHOUSE_01,2026-04-25T10:19:17.881Z,15,34.45,34,34.9,34.9,42,42,42,42,32.5,46,35,Quiet,58.9,59,0,0,369.1,369,0,0,0,0,34.9,42,35,Quiet,0,0,369,59
69ec954365abc16ec86376a0,ESP32_GREENHOUSE_01,2026-04-25T10:19:47.893Z,15,34.47,34,34.9,34.2,41.8,41,42,42,31.8,52,39,Quiet,58.6,58,0,0,369.1,370,0,0,0,0,34.2,42,39,Quiet,0,0,370,58
69ec956165abc16ec86376a7,ESP32_GREENHOUSE_01,2026-04-25T10:20:17.904Z,15,34.43,34,34.8,34.3,41.4,41,42,41,38,56,30,Quiet,58.1,58,0,0,368.3,368,0,0,0,0,34.3,41,30,Quiet,0,0,368,58
69ec957f65abc16ec86376af,ESP32_GREENHOUSE_01,2026-04-25T10:20:47.912Z,15,34.44,34,34.9,34.7,41.8,41,42,42,38.9,53,53,Quiet,58.3,58,0,0,368.1,367,0,0,0,0,34.7,42,53,Light Activity,0,0,367,58
69ec959d65abc16ec86376b7,ESP32_GREENHOUSE_01,2026-04-25T10:21:17.918Z,15,34.44,34,34.9,34.2,42,42,42,42,40.6,57,35,Quiet,58.5,59,0,0,368,367,0,0,0,0,34.2,42,35,Quiet,0,0,367,59
69ec95bb65abc16ec86376c0,ESP32_GREENHOUSE_01,2026-04-25T10:21:47.925Z,14,34.35,34,34.9,34.1,42,42,42,42,55.2,93,34,CRYING,57.8,59,0,0,368.4,370,0,0,0,6,34.1,42,34,Quiet,0,0,370,59
69ec95d965abc16ec86376c7,ESP32_GREENHOUSE_01,2026-04-25T10:22:17.926Z,15,34.43,34,34.9,34.9,42,42,42,42,36.5,60,33,Quiet,58.7,59,0,0,367.9,367,0,0,0,0,34.9,42,33,Quiet,0,0,367,59
69ec95f765abc16ec86376ca,ESP32_GREENHOUSE_01,2026-04-25T10:22:47.935Z,15,34.43,34,34.9,34.4,42,42,42,42,33.8,46,36,Quiet,58.9,59,0,0,367.5,368,0,0,0,0,34.4,42,36,Quiet,0,0,368,59
69ec961565abc16ec86376d1,ESP32_GREENHOUSE_01,2026-04-25T10:23:17.939Z,15,34.42,34,34.9,34.3,42,42,42,42,40.2,65,65,Quiet,58.5,57,0,0,367.7,368,0,0,0,0,34.3,42,65,Restless,0,0,368,57
69ec963365abc16ec86376d9,ESP32_GREENHOUSE_01,2026-04-25T10:23:47.945Z,15,34.45,34,34.8,34.8,42,42,42,42,39.5,52,31,Quiet,58.5,59,0,0,367.9,367,0,0,0,0,34.8,42,31,Quiet,0,0,367,59
69ec965165abc16ec86376e4,ESP32_GREENHOUSE_01,2026-04-25T10:24:17.951Z,15,34.48,34.1,34.9,34.4,42,42,42,42,47.5,84,38,Quiet,58.2,59,0,0,367.3,367,0,0,0,0,34.4,42,38,Quiet,0,0,367,59
69ec966f65abc16ec86376eb,ESP32_GREENHOUSE_01,2026-04-25T10:24:47.963Z,15,34.49,34,34.9,34.4,42,42,42,42,39.3,57,25,Quiet,58.5,59,0,0,367.7,367,0,0,0,0,34.4,42,25,Quiet,0,0,367,59
69ec968d65abc16ec86376f5,ESP32_GREENHOUSE_01,2026-04-25T10:25:17.974Z,14,34.45,34,34.8,34.4,42,42,42,42,45.2,61,57,Light Activity,58.3,58,0,0,366.1,366,0,0,0,0,34.4,42,57,Light Activity,0,0,366,58
69ec96ab65abc16ec86376ff,ESP32_GREENHOUSE_01,2026-04-25T10:25:47.975Z,15,34.52,34,34.9,34.7,42,42,42,42,44.2,62,52,Quiet,58.3,58,0,0,366.5,366,0,0,0,0,34.7,42,52,Light Activity,0,0,366,58
69ec96c965abc16ec8637708,ESP32_GREENHOUSE_01,2026-04-25T10:26:17.981Z,15,34.43,34,34.9,34.3,42,42,42,42,47.2,69,49,Light Activity,58.3,58,0,0,366.1,366,0,0,0,0,34.3,42,49,Light Activity,0,0,366,58
69ec96e765abc16ec8637711,ESP32_GREENHOUSE_01,2026-04-25T10:26:47.991Z,15,34.59,34.2,34.9,34.9,42,42,42,42,44.5,56,47,Light Activity,58.1,58,0,0,364.9,365,0,0,0,0,34.9,42,47,Light Activity,0,0,365,58
69ec970565abc16ec863771b,ESP32_GREENHOUSE_01,2026-04-25T10:27:17.996Z,15,34.43,34,34.9,34.8,42,42,42,42,43.5,59,45,Quiet,58.3,58,0,0,364.5,365,0,0,0,0,34.8,42,45,Light Activity,0,0,365,58
69ec972465abc16ec8637721,ESP32_GREENHOUSE_01,2026-04-25T10:27:48.008Z,15,34.49,34,34.9,34.7,42,42,42,42,37.1,49,22,Quiet,58.5,59,0,0,364.6,365,0,0,0,0,34.7,42,22,Quiet,0,0,365,59
69ec974265abc16ec8637728,ESP32_GREENHOUSE_01,2026-04-25T10:28:18.021Z,15,34.41,34,34.9,34.5,42,42,42,42,38.3,52,30,Quiet,58.6,59,0,0,364.5,364,0,0,0,0,34.5,42,30,Quiet,0,0,364,59
69ec976065abc16ec8637731,ESP32_GREENHOUSE_01,2026-04-25T10:28:48.027Z,15,34.47,34.1,34.9,34.8,42,42,42,42,44.4,62,36,Light Activity,58.2,59,0,0,364.5,364,0,0,0,0,34.8,42,36,Quiet,0,0,364,59
69ec977e65abc16ec8637736,ESP32_GREENHOUSE_01,2026-04-25T10:29:18.031Z,14,34.51,34,34.8,34.4,42,42,42,42,37.4,51,42,Quiet,58.6,58,0,0,363.4,362,0,0,0,0,34.4,42,42,Quiet,0,0,362,58
69ec979c65abc16ec863773b,ESP32_GREENHOUSE_01,2026-04-25T10:29:48.044Z,15,34.38,34,34.8,34.3,42,42,42,42,37.3,46,37,Quiet,58.6,59,0,0,362.7,362,0,0,0,0,34.3,42,37,Quiet,0,0,362,59
69ec97ba65abc16ec863774a,ESP32_GREENHOUSE_01,2026-04-25T10:30:18.046Z,15,34.48,34,34.9,34.9,42,42,42,42,49.9,90,27,Light Activity,58.1,59,0,0,362.7,362,0,0,0,2,34.9,42,27,Quiet,0,0,362,59
69ec97d865abc16ec8637750,ESP32_GREENHOUSE_01,2026-04-25T10:30:48.058Z,15,34.55,34,34.9,34.8,42,42,42,42,39.7,60,56,Quiet,58.5,58,0,0,362.1,362,0,0,0,0,34.8,42,56,Light Activity,0,0,362,58
69ec97f665abc16ec8637757,ESP32_GREENHOUSE_01,2026-04-25T10:31:18.070Z,15,34.26,34,34.9,34.2,42,42,42,42,42.5,61,57,Quiet,58.5,58,0,0,362,362,0,0,0,0,34.2,42,57,Light Activity,0,0,362,58
69ec981465abc16ec863775c,ESP32_GREENHOUSE_01,2026-04-25T10:31:48.075Z,15,34.31,34,34.9,34,42,42,42,42,37.9,53,45,Quiet,58.6,58,0,0,362.5,363,0,0,0,0,34,42,45,Light Activity,0,0,363,58
69ec983265abc16ec8637763,ESP32_GREENHOUSE_01,2026-04-25T10:32:18.087Z,15,34.27,34,34.7,34.5,42,42,42,42,45.5,65,57,Light Activity,58.3,58,0,0,361.5,360,0,0,0,1,34.5,42,57,CRYING,0,0,360,58
69ec985065abc16ec863776f,ESP32_GREENHOUSE_01,2026-04-25T10:32:48.091Z,15,34.44,34,34.9,34.8,42,42,42,42,49.8,81,44,Quiet,58.1,58,0,0,360.9,361,0,0,0,1,34.8,42,44,Light Activity,0,0,361,58
69ec986e65abc16ec8637776,ESP32_GREENHOUSE_01,2026-04-25T10:33:18.097Z,14,34.49,34,34.9,34.9,42,42,42,42,45.6,69,32,Light Activity,58.2,59,0,0,360.7,360,0,0,0,0,34.9,42,32,Quiet,0,0,360,59
69ec988c65abc16ec863777f,ESP32_GREENHOUSE_01,2026-04-25T10:33:48.103Z,15,34.52,34.1,34.9,34.2,42,42,42,42,43.8,77,77,Quiet,58.3,57,0,0,359.4,359,0,0,0,1,34.2,42,77,CRYING,0,0,359,57
69ec98aa65abc16ec8637785,ESP32_GREENHOUSE_01,2026-04-25T10:34:18.105Z,15,34.41,34,34.9,34.3,42,42,42,42,47.9,67,52,Light Activity,58.1,58,0,0,358.1,357,0,0,0,3,34.3,42,52,Light Activity,0,0,357,58
69ec98c865abc16ec863778f,ESP32_GREENHOUSE_01,2026-04-25T10:34:48.117Z,15,34.4,34,34.9,34.3,41.8,41,42,42,74.1,176,176,CRYING,57,53,0,0,357.7,357,0,0,0,7,34.3,42,176,CRYING,0,0,357,53
69ec98e665abc16ec8637794,ESP32_GREENHOUSE_01,2026-04-25T10:35:18.122Z,15,34.41,34,34.9,34.2,41.07,41,42,41,50.7,91,39,Light Activity,57.5,58,0,0,356.8,355,0,0,0,4,34.2,41,39,Quiet,0,0,355,58
69ec990465abc16ec863779e,ESP32_GREENHOUSE_01,2026-04-25T10:35:48.129Z,15,34.43,34.1,34.8,34.4,41,41,41,41,41.2,74,47,Quiet,57.7,58,0,0,356.5,357,0,0,0,0,34.4,41,47,Light Activity,0,0,357,58
69ec992265abc16ec86377a6,ESP32_GREENHOUSE_01,2026-04-25T10:36:18.135Z,15,34.41,34.1,34.9,34.5,41.4,41,42,42,37.3,55,22,Quiet,58.3,59,0,0,355.9,355,0,0,0,0,34.5,42,22,Quiet,0,0,355,59
69ec994065abc16ec86377ae,ESP32_GREENHOUSE_01,2026-04-25T10:36:48.137Z,14,34.38,34,34.7,34.1,41.93,41,42,42,41.8,66,66,Quiet,58.3,57,0,0,356.5,356,0,0,0,0,34.1,42,66,Restless,0,0,356,57
69ec995e65abc16ec86377b8,ESP32_GREENHOUSE_01,2026-04-25T10:37:18.137Z,15,34.49,34,34.9,34,41.87,41,42,42,55.4,78,74,Light Activity,57.6,57,0,0,356.5,356,0,0,0,0,34,42,74,Restless,0,0,356,57
69ec997c65abc16ec86377c6,ESP32_GREENHOUSE_01,2026-04-25T10:37:48.141Z,15,34.43,34.1,34.9,34.9,41.8,41,42,42,54.7,82,82,Light Activity,57.8,57,0,0,356.1,357,0,0,0,2,34.9,42,82,CRYING,0,0,357,57
69ec999a65abc16ec86377d2,ESP32_GREENHOUSE_01,2026-04-25T10:38:18.146Z,15,34.57,34.3,34.9,34.3,42,42,42,42,60.8,77,62,Restless,57.5,58,0,0,356.8,357,0,0,0,3,34.3,42,62,Restless,0,0,357,58
69ec99b865abc16ec86377d7,ESP32_GREENHOUSE_01,2026-04-25T10:38:48.160Z,15,34.59,34.1,34.9,34.1,42,42,42,42,40,52,37,Quiet,58.4,59,0,0,357.4,360,0,0,0,0,34.1,42,37,Quiet,0,0,360,59
69ec99d665abc16ec86377db,ESP32_GREENHOUSE_01,2026-04-25T10:39:18.162Z,15,34.48,34,34.9,34.6,42,42,42,42,37.7,63,39,Quiet,58.6,58,0,0,355.7,355,0,0,0,0,34.6,42,39,Quiet,0,0,355,58
69ec99f465abc16ec86377e1,ESP32_GREENHOUSE_01,2026-04-25T10:39:48.167Z,15,34.41,34,34.9,34.4,41.33,41,42,41,40.3,53,53,Quiet,58.1,57,0,0,354.5,354,0,0,0,0,34.4,41,53,Light Activity,0,0,354,57
69ec9a1265abc16ec86377e8,ESP32_GREENHOUSE_01,2026-04-25T10:40:18.170Z,15,34.39,34,34.9,34.9,41,41,41,41,41.2,56,45,Light Activity,57.8,58,0,0,353.9,356,0,0,0,0,34.9,41,45,Light Activity,0,0,356,58
69ec9a3065abc16ec86377ef,ESP32_GREENHOUSE_01,2026-04-25T10:40:48.179Z,14,34.61,34.1,34.9,34.9,41,41,41,41,41.4,66,29,Quiet,57.7,58,0,0,352.8,353,0,0,0,0,34.9,41,29,Quiet,0,0,353,58
69ec9a4e65abc16ec86377f6,ESP32_GREENHOUSE_01,2026-04-25T10:41:18.181Z,15,34.5,34,34.9,34.6,41,41,41,41,41.5,75,33,Quiet,57.7,58,0,0,353.2,354,0,0,0,0,34.6,41,33,Quiet,0,0,354,58
69ec9a6c65abc16ec86377ff,ESP32_GREENHOUSE_01,2026-04-25T10:41:48.194Z,15,34.59,34,34.9,34.8,41,41,41,41,41.9,91,42,Quiet,57.9,58,0,0,353.3,353,0,0,0,1,34.8,41,42,Quiet,0,0,353,58
69ec9a8a65abc16ec8637805,ESP32_GREENHOUSE_01,2026-04-25T10:42:18.205Z,15,34.45,34.1,34.8,34.6,41,41,41,41,37.2,50,48,Quiet,57.8,57,0,0,352.6,352,0,0,0,0,34.6,41,48,Light Activity,0,0,352,57
69ec9aa865abc16ec8637811,ESP32_GREENHOUSE_01,2026-04-25T10:42:48.209Z,15,34.39,34,34.9,34.3,41,41,41,41,46.1,78,50,Quiet,57.5,57,0,0,352.3,352,0,0,0,1,34.3,41,50,Light Activity,0,0,352,57
69ec9ac665abc16ec863781c,ESP32_GREENHOUSE_01,2026-04-25T10:43:18.212Z,15,34.43,34,34.8,34.5,41,41,41,41,44.2,68,33,Quiet,57.6,58,0,0,352.1,353,0,0,0,0,34.5,41,33,Quiet,0,0,353,58
69ec9ae465abc16ec8637820,ESP32_GREENHOUSE_01,2026-04-25T10:43:48.226Z,15,34.49,34,34.9,34.9,41,41,41,41,36.7,58,36,Quiet,57.9,58,0,0,353.2,354,0,0,0,0,34.9,41,36,Quiet,0,0,354,58
69ec9b0265abc16ec8637828,ESP32_GREENHOUSE_01,2026-04-25T10:44:18.241Z,15,34.39,34,34.8,34.5,41,41,41,41,40,54,54,Quiet,57.7,57,0,0,353.1,353,0,0,0,0,34.5,41,54,Light Activity,0,0,353,57
69ec9b2065abc16ec8637831,ESP32_GREENHOUSE_01,2026-04-25T10:44:48.242Z,14,34.38,34.1,34.8,34.2,41,41,41,41,46.2,96,37,Quiet,57.6,58,0,0,351.7,351,0,0,0,1,34.2,41,37,Quiet,0,0,351,58
69ec9b3e65abc16ec8637837,ESP32_GREENHOUSE_01,2026-04-25T10:45:18.248Z,15,34.55,34.2,34.9,34.5,41,41,41,41,41,80,42,Quiet,57.7,58,0,0,349.3,344,0,0,0,0,34.5,41,42,Quiet,0,0,344,58
69ec9b5c65abc16ec863783f,ESP32_GREENHOUSE_01,2026-04-25T10:45:48.251Z,15,34.44,34,34.8,34,41,41,41,41,44.4,71,38,Quiet,57.7,58,0,0,349.1,343,0,0,0,0,34,41,38,Quiet,0,0,343,58
69ec9b7a65abc16ec8637844,ESP32_GREENHOUSE_01,2026-04-25T10:46:18.254Z,15,34.42,34,34.8,34.4,41,41,41,41,36.9,44,41,Quiet,58,58,0,0,349.3,344,0,0,0,0,34.4,41,41,Quiet,0,0,344,58
69ec9b9865abc16ec8637847,ESP32_GREENHOUSE_01,2026-04-25T10:46:48.257Z,15,34.47,34.1,34.9,34.3,41,41,41,41,35.1,68,68,Quiet,57.9,57,0,0,350.2,350,0,0,0,0,34.3,41,68,Restless,0,0,350,57
69ec9bb665abc16ec8637853,ESP32_GREENHOUSE_01,2026-04-25T10:47:18.269Z,15,34.47,34,34.9,34,41,41,41,41,43.4,70,25,Quiet,57.7,58,0,0,348.5,348,0,0,0,0,34,41,25,Quiet,0,0,348,58
69ec9bd465abc16ec863785c,ESP32_GREENHOUSE_01,2026-04-25T10:47:48.282Z,15,34.47,34,34.9,34.9,42,42,42,42,38.5,61,37,Quiet,58.7,59,0,0,350.3,349,0,0,0,0,34.9,42,37,Quiet,0,0,349,59
69ec9bf265abc16ec8637867,ESP32_GREENHOUSE_01,2026-04-25T10:48:18.286Z,14,34.39,34,34.9,34.2,41.5,41,42,41,51.4,79,60,Quiet,57.7,57,0,0,347.7,346,0,0,0,1,34.2,41,60,Restless,0,0,346,57
69ec9c1065abc16ec8637873,ESP32_GREENHOUSE_01,2026-04-25T10:48:48.292Z,15,34.39,34,34.8,34.4,42,42,42,42,45,64,50,Light Activity,58.2,58,0,0,344.3,343,0,0,0,0,34.4,42,50,Light Activity,0,0,343,58
69ec9c2e65abc16ec8637878,ESP32_GREENHOUSE_01,2026-04-25T10:49:18.300Z,15,34.53,34,34.9,34.8,42,42,42,42,36.1,63,42,Quiet,58.7,58,0,0,344.1,344,0,0,0,0,34.8,42,42,Quiet,0,0,344,58
69ec9c4c65abc16ec863787b,ESP32_GREENHOUSE_01,2026-04-25T10:49:48.306Z,15,34.59,34,34.9,34.8,42,42,42,42,35.1,47,34,Quiet,58.7,59,0,0,338.7,333,0,0,0,0,34.8,42,34,Quiet,0,0,333,59
69ec9c6a65abc16ec8637883,ESP32_GREENHOUSE_01,2026-04-25T10:50:18.305Z,15,34.65,34,34.9,34.8,42,42,42,42,50.1,93,88,Quiet,58.1,57,0,0,334.7,337,0,0,0,4,34.8,42,88,CRYING,0,0,337,57
69ec9c8865abc16ec8637891,ESP32_GREENHOUSE_01,2026-04-25T10:50:48.318Z,15,34.44,34,34.9,34.3,42,42,42,42,48,76,36,Light Activity,58.1,59,0,0,336.1,335,0,0,0,2,34.3,42,36,Quiet,0,0,335,59
69ec9ca665abc16ec863789a,ESP32_GREENHOUSE_01,2026-04-25T10:51:18.329Z,15,34.4,34,34.9,34,42,42,42,42,40.8,65,31,Quiet,58.5,59,0,0,338.1,340,0,0,0,0,34,42,31,Quiet,0,0,340,59
69ec9cc465abc16ec86378a3,ESP32_GREENHOUSE_01,2026-04-25T10:51:48.333Z,15,34.38,34,34.9,34.4,42,42,42,42,46.2,70,29,Light Activity,58.3,59,0,0,338.3,338,0,0,0,0,34.4,42,29,Quiet,0,0,338,59
69ec9ce265abc16ec86378ad,ESP32_GREENHOUSE_01,2026-04-25T10:52:18.342Z,14,34.45,34,34.8,34.7,42,42,42,42,43,70,55,Quiet,58.4,58,0,0,339.1,341,0,0,0,0,34.7,42,55,Light Activity,0,0,341,58
69ec9d0065abc16ec86378b4,ESP32_GREENHOUSE_01,2026-04-25T10:52:48.354Z,15,34.35,34,34.9,34.9,42,42,42,42,41.7,53,46,Quiet,58.3,58,0,0,340.5,341,0,0,0,0,34.9,42,46,Light Activity,0,0,341,58
69ec9d1e65abc16ec86378c0,ESP32_GREENHOUSE_01,2026-04-25T10:53:18.365Z,15,34.51,34.1,34.9,34.4,42,42,42,42,48.7,84,29,Quiet,58.2,59,0,0,340.4,339,0,0,0,0,34.4,42,29,Quiet,0,0,339,59
69ec9d3c65abc16ec86378ca,ESP32_GREENHOUSE_01,2026-04-25T10:53:48.367Z,15,34.55,34,34.9,34.9,42,42,42,42,46.5,66,56,Quiet,58.1,58,0,0,338.1,339,0,0,0,0,34.9,42,56,Light Activity,0,0,339,58
69ec9d5a65abc16ec86378d4,ESP32_GREENHOUSE_01,2026-04-25T10:54:18.369Z,15,34.57,34,34.9,34.3,42,42,42,42,51.9,134,32,Light Activity,57.9,59,0,0,341.3,342,0,0,0,1,34.3,42,32,CRYING,0,0,342,59
69ec9d7865abc16ec86378e0,ESP32_GREENHOUSE_01,2026-04-25T10:54:48.381Z,15,34.69,34,34.9,34.8,42,42,42,42,53.2,94,65,Quiet,57.8,57,0,0,341,341,0,0,0,3,34.8,42,65,Restless,0,0,341,57
69ec9d9665abc16ec86378e9,ESP32_GREENHOUSE_01,2026-04-25T10:55:18.383Z,15,34.69,34.2,34.9,34.8,42,42,42,42,40.7,68,31,Quiet,58.4,59,0,0,340.7,342,0,0,0,1,34.8,42,31,Quiet,0,0,342,59
69ec9db465abc16ec86378f1,ESP32_GREENHOUSE_01,2026-04-25T10:55:48.382Z,15,34.45,34,34.9,34.8,42,42,42,42,42.7,69,35,Quiet,58.4,59,0,0,338.9,335,0,0,0,2,34.8,42,35,Quiet,0,0,335,59
69ec9dd265abc16ec86378fb,ESP32_GREENHOUSE_01,2026-04-25T10:56:18.394Z,14,34.37,34,34.9,34,42.14,42,43,42,50.1,78,46,Quiet,58.1,58,0,0,335,334,0,0,0,1,34,42,46,Light Activity,0,0,334,58
69ec9df065abc16ec8637904,ESP32_GREENHOUSE_01,2026-04-25T10:56:48.406Z,15,34.39,34,34.8,34.5,42.93,42,43,43,44.5,80,36,Quiet,58.7,59,0,0,334,334,0,0,0,0,34.5,43,36,Quiet,0,0,334,59
69ec9e0e65abc16ec863790e,ESP32_GREENHOUSE_01,2026-04-25T10:57:18.414Z,15,34.42,34,34.9,34,43,43,43,43,54.3,95,57,Light Activity,58.6,58,0,0,334.3,333,0,0,0,1,34,43,57,Light Activity,0,0,333,58
69ec9e2c65abc16ec8637914,ESP32_GREENHOUSE_01,2026-04-25T10:57:48.416Z,15,34.57,34,34.9,34.8,42.8,42,43,43,64.5,78,71,CRYING,58.2,58,0,0,335.1,337,0,0,0,7,34.8,43,71,Restless,0,0,337,58
69ec9e4a65abc16ec8637916,ESP32_GREENHOUSE_01,2026-04-25T10:58:18.418Z,15,34.52,34,34.9,34.9,42.53,42,43,42,87.3,120,93,CRYING,57,56,0,0,333.9,331,0,0,0,15,34.9,42,93,CRYING,0,0,331,56
69ec9e6865abc16ec8637917,ESP32_GREENHOUSE_01,2026-04-25T10:58:48.426Z,15,34.53,34,34.9,34,42.2,42,43,42,81.9,116,81,CRYING,57,57,0,0,332.1,330,0,0,0,15,34,42,81,CRYING,0,0,330,57
69ec9e8665abc16ec8637918,ESP32_GREENHOUSE_01,2026-04-25T10:59:18.433Z,15,34.65,34.3,34.9,34.9,42,42,42,42,82.9,159,73,CRYING,56.7,57,0,0,327.4,326,0,0,0,15,34.9,42,73,CRYING,0,0,326,57
69ec9ea465abc16ec8637919,ESP32_GREENHOUSE_01,2026-04-25T10:59:48.435Z,14,34.46,34.1,34.9,34.4,42,42,42,42,74.1,97,80,CRYING,57.1,57,0,0,316.7,314,0,0,0,14,34.4,42,80,CRYING,0,0,314,57
69ec9ec265abc16ec863791a,ESP32_GREENHOUSE_01,2026-04-25T11:00:18.439Z,15,34.37,34,34.8,34.7,42,42,42,42,73.7,89,84,CRYING,57.1,57,0,0,313.1,309,0,0,0,15,34.7,42,84,CRYING,0,0,309,57
69ec9ee065abc16ec863791b,ESP32_GREENHOUSE_01,2026-04-25T11:00:48.454Z,15,34.5,34,34.9,34.7,42,42,42,42,73.7,89,80,CRYING,57.2,57,0,0,310,311,0,0,0,15,34.7,42,80,CRYING,0,0,311,57
69ec9efe65abc16ec863791c,ESP32_GREENHOUSE_01,2026-04-25T11:01:18.461Z,15,34.47,34,34.9,34.8,42,42,42,42,74.6,92,61,CRYING,57.2,58,0,0,313.7,316,0,0,0,15,34.8,42,61,CRYING,0,0,316,58
69ec9f1c65abc16ec863791d,ESP32_GREENHOUSE_01,2026-04-25T11:01:48.468Z,15,34.49,34,34.9,34.4,42,42,42,42,82.1,111,111,CRYING,56.8,56,0,0,315.2,313,0,0,0,15,34.4,42,111,CRYING,0,0,313,56
69ec9f3a65abc16ec863791e,ESP32_GREENHOUSE_01,2026-04-25T11:02:18.479Z,15,34.59,34.3,34.9,34.6,42,42,42,42,92.9,174,68,CRYING,56.3,57,0,0,321.7,328,0,0,0,15,34.6,42,68,CRYING,0,0,328,57
69ec9f5865abc16ec863791f,ESP32_GREENHOUSE_01,2026-04-25T11:02:48.491Z,15,34.65,34,34.9,34.9,42,42,42,42,82.5,98,82,CRYING,56.8,57,0,0,326.7,329,0,0,0,15,34.9,42,82,CRYING,0,0,329,57
69ec9f7665abc16ec8637920,ESP32_GREENHOUSE_01,2026-04-25T11:03:18.497Z,15,34.53,34,34.9,34.9,42,42,42,42,81.5,114,114,CRYING,56.7,56,0,0,329.3,329,0,0,0,15,34.9,42,114,CRYING,0,0,329,56
69ec9f9465abc16ec8637921,ESP32_GREENHOUSE_01,2026-04-25T11:03:48.510Z,14,34.41,34,34.9,34.6,42,42,42,42,82.3,118,82,CRYING,56.7,57,0,0,335.6,338,0,0,0,14,34.6,42,82,CRYING,0,0,338,57
69ec9fb265abc16ec8637922,ESP32_GREENHOUSE_01,2026-04-25T11:04:18.517Z,15,34.55,34.1,34.9,34.7,42,42,42,42,76.2,104,72,CRYING,56.9,57,0,0,336.3,334,0,0,0,15,34.7,42,72,CRYING,0,0,334,57
69ec9fd065abc16ec8637923,ESP32_GREENHOUSE_01,2026-04-25T11:04:48.524Z,15,34.36,34,34.9,34.1,42,42,42,42,70.3,91,73,CRYING,57.3,57,0,0,337.3,339,0,0,0,15,34.1,42,73,CRYING,0,0,339,57
69ec9fee65abc16ec8637924,ESP32_GREENHOUSE_01,2026-04-25T11:05:18.524Z,15,34.42,34.1,34.9,34.7,41.6,41,42,41,79.9,105,80,CRYING,56.7,56,0,0,337.8,335,0,0,0,15,34.7,41,80,CRYING,0,0,335,56
69eca00c65abc16ec8637925,ESP32_GREENHOUSE_01,2026-04-25T11:05:48.538Z,15,34.48,34,34.9,34,41.33,41,42,42,76,97,62,CRYING,56.7,58,0,0,336.1,340,0,0,0,15,34,42,62,CRYING,0,0,340,58
69eca02a65abc16ec8637926,ESP32_GREENHOUSE_01,2026-04-25T11:06:18.548Z,15,34.65,34,34.9,34.9,41.73,41,42,42,86.9,112,112,CRYING,56.4,56,0,0,337.4,335,0,0,0,15,34.9,42,112,CRYING,0,0,335,56
69eca04865abc16ec8637927,ESP32_GREENHOUSE_01,2026-04-25T11:06:48.551Z,15,34.43,34,34.8,34.3,41.4,41,42,41,77.5,112,61,CRYING,56.5,57,0,0,339.9,342,0,0,0,15,34.3,41,61,CRYING,0,0,342,57
69eca06665abc16ec8637928,ESP32_GREENHOUSE_01,2026-04-25T11:07:18.559Z,15,34.41,34.1,34.8,34.3,41,41,41,41,74,101,77,CRYING,56.3,56,0,0,341.1,342,0,0,0,15,34.3,41,77,CRYING,0,0,342,56
69eca08465abc16ec8637929,ESP32_GREENHOUSE_01,2026-04-25T11:07:48.563Z,14,34.3,34,34.8,34,41,41,41,41,70.4,87,81,CRYING,56.6,56,0,0,339.1,340,0,0,0,14,34,41,81,CRYING,0,0,340,56
69eca0a265abc16ec863792a,ESP32_GREENHOUSE_01,2026-04-25T11:08:18.565Z,15,34.43,34,34.9,34,41,41,41,41,73.8,96,90,CRYING,56.5,56,0,0,340.3,340,0,0,0,15,34,41,90,CRYING,0,0,340,56
69eca0c065abc16ec863792b,ESP32_GREENHOUSE_01,2026-04-25T11:08:48.569Z,15,34.56,34,34.9,34.3,41.13,41,42,41,82,122,103,CRYING,56.3,55,0,0,341.2,341,0,0,0,15,34.3,41,103,CRYING,0,0,341,55
69eca0de65abc16ec863792c,ESP32_GREENHOUSE_01,2026-04-25T11:09:18.572Z,15,34.43,34,34.9,34.5,41.73,41,42,42,73.5,103,82,CRYING,56.9,57,0,0,341.5,342,0,0,0,15,34.5,42,82,CRYING,0,0,342,57
69eca0fc65abc16ec863792d,ESP32_GREENHOUSE_01,2026-04-25T11:09:48.577Z,15,34.48,34,34.9,34.1,41.2,41,42,41,72.3,90,81,CRYING,56.7,56,0,0,341.2,341,0,0,0,15,34.1,41,81,CRYING,0,0,341,56
69eca11a65abc16ec863792e,ESP32_GREENHOUSE_01,2026-04-25T11:10:18.580Z,15,34.47,34.1,34.9,34.1,41,41,41,41,71.9,99,84,CRYING,56.6,56,0,0,339.5,340,0,0,0,15,34.1,41,84,CRYING,0,0,340,56
69eca13865abc16ec863792f,ESP32_GREENHOUSE_01,2026-04-25T11:10:48.588Z,15,34.39,34,34.8,34.1,41,41,41,41,73.3,91,70,CRYING,56.6,57,0,0,340.8,340,0,0,0,15,34.1,41,70,CRYING,0,0,340,57
69eca15665abc16ec8637930,ESP32_GREENHOUSE_01,2026-04-25T11:11:18.596Z,14,34.56,34.1,34.9,34.2,41,41,41,41,68,84,76,CRYING,56.6,56,0,0,338.6,338,0,0,0,14,34.2,41,76,CRYING,0,0,338,56
69eca17465abc16ec8637931,ESP32_GREENHOUSE_01,2026-04-25T11:11:48.602Z,15,34.51,34.1,34.9,34.4,41,41,41,41,66.9,85,57,CRYING,56.8,57,0,0,339,340,0,0,0,15,34.4,41,57,CRYING,0,0,340,57
69eca19265abc16ec8637932,ESP32_GREENHOUSE_01,2026-04-25T11:12:18.613Z,15,34.38,34,34.9,34.2,41,41,41,41,64.9,88,62,CRYING,56.9,57,0,0,340.1,341,0,0,0,15,34.2,41,62,CRYING,0,0,341,57
69eca1b065abc16ec8637933,ESP32_GREENHOUSE_01,2026-04-25T11:12:48.620Z,15,34.43,34,34.9,34.9,41,41,41,41,69.9,107,97,CRYING,56.7,56,0,0,339.7,341,0,0,0,15,34.9,41,97,CRYING,0,0,341,56
69eca1ce65abc16ec8637934,ESP32_GREENHOUSE_01,2026-04-25T11:13:18.623Z,15,34.57,34,34.9,34.3,41.33,41,42,41,76.9,149,57,CRYING,56.6,57,0,0,340.4,342,0,0,0,15,34.3,41,57,CRYING,0,0,342,57
69eca1ec65abc16ec8637935,ESP32_GREENHOUSE_01,2026-04-25T11:13:48.622Z,15,34.36,34.1,34.8,34.1,41.2,41,42,41,68.1,84,58,CRYING,56.9,57,0,0,343.6,345,0,0,0,15,34.1,41,58,CRYING,0,0,345,57
69eca20a65abc16ec8637936,ESP32_GREENHOUSE_01,2026-04-25T11:14:18.624Z,15,34.42,34,34.9,34.6,41.13,41,42,41,65.7,107,48,CRYING,56.8,57,0,0,345.1,346,0,0,0,15,34.6,41,48,CRYING,0,0,346,57
69eca22865abc16ec8637937,ESP32_GREENHOUSE_01,2026-04-25T11:14:48.635Z,15,34.59,34,34.9,34,41.47,41,42,41,65,76,62,CRYING,57.1,57,0,0,346.3,348,0,0,0,15,34,41,62,CRYING,0,0,348,57
69eca24665abc16ec8637938,ESP32_GREENHOUSE_01,2026-04-25T11:15:18.640Z,14,34.51,34,34.9,34.6,41.71,41,42,42,66.1,81,65,CRYING,57.2,57,0,0,347.1,347,0,0,0,14,34.6,42,65,CRYING,0,0,347,57
69eca26465abc16ec8637941,ESP32_GREENHOUSE_01,2026-04-25T11:15:48.642Z,15,34.41,34,34.8,34,41.33,41,42,42,68.1,90,84,Restless,56.8,57,0,0,347.9,348,0,0,0,3,34,42,84,CRYING,0,0,348,57
69eca28265abc16ec8637949,ESP32_GREENHOUSE_01,2026-04-25T11:16:18.644Z,15,34.47,34,34.9,34.9,41.93,41,42,41,67.1,95,95,Restless,57.5,56,0,0,347.9,348,0,0,0,4,34.9,41,95,CRYING,0,0,348,56
69eca2a065abc16ec8637952,ESP32_GREENHOUSE_01,2026-04-25T11:16:48.648Z,15,34.59,34,34.9,34,41.33,41,42,41,70.3,108,80,CRYING,56.7,56,0,0,349,349,0,0,0,9,34,41,80,Restless,0,0,349,56
69eca2be65abc16ec863795b,ESP32_GREENHOUSE_01,2026-04-25T11:17:18.652Z,15,34.51,34,34.9,34,41.13,41,42,41,69.5,111,111,CRYING,56.7,55,0,0,348.9,349,0,0,0,8,34,41,111,CRYING,0,0,349,55
69eca2dc65abc16ec863795c,ESP32_GREENHOUSE_01,2026-04-25T11:17:48.659Z,15,34.45,34,34.9,34.9,41,41,41,41,76.3,102,62,CRYING,56.3,57,0,0,349.3,350,0,0,0,15,34.9,41,62,CRYING,0,0,350,57
69eca2fa65abc16ec863795e,ESP32_GREENHOUSE_01,2026-04-25T11:18:18.670Z,15,34.57,34.1,34.9,34.4,41,41,41,41,74.5,110,68,CRYING,56.4,57,0,0,349.4,350,0,0,0,12,34.4,41,68,Restless,0,0,350,57
69eca31865abc16ec863796b,ESP32_GREENHOUSE_01,2026-04-25T11:18:48.681Z,15,34.56,34.2,34.9,34.8,41,41,41,41,68.9,137,54,Restless,56.7,57,0,0,350.7,352,0,0,0,3,34.8,41,54,Light Activity,0,0,352,57
69eca33665abc16ec8637974,ESP32_GREENHOUSE_01,2026-04-25T11:19:18.693Z,14,34.49,34.1,34.8,34.4,41,41,41,41,68.4,95,81,CRYING,56.6,56,0,0,350.7,351,0,0,0,7,34.4,41,81,CRYING,0,0,351,56
69eca35465abc16ec863797f,ESP32_GREENHOUSE_01,2026-04-25T11:19:48.695Z,15,34.42,34.1,34.7,34.3,41,41,41,41,65.3,88,62,Restless,56.9,57,0,0,350.7,352,0,0,0,5,34.3,41,62,CRYING,0,0,352,57
69eca37265abc16ec8637986,ESP32_GREENHOUSE_01,2026-04-25T11:20:18.710Z,15,34.38,34,34.8,34.4,41,41,41,41,70.2,97,62,Restless,56.7,57,0,0,350.1,350,0,0,0,6,34.4,41,62,CRYING,0,0,350,57
69eca39065abc16ec8637987,ESP32_GREENHOUSE_01,2026-04-25T11:20:48.719Z,15,34.4,34,34.9,34.8,41,41,41,41,75.5,98,67,CRYING,56.5,57,0,0,349.5,349,0,0,0,15,34.8,41,67,CRYING,0,0,349,57
69eca3ae65abc16ec863798a,ESP32_GREENHOUSE_01,2026-04-25T11:21:18.723Z,15,34.45,34,34.9,34.7,41.27,41,42,41,84.3,117,77,CRYING,56.3,56,0,0,348.3,348,0,0,0,14,34.7,41,77,CRYING,0,0,348,56
69eca3cc65abc16ec863798b,ESP32_GREENHOUSE_01,2026-04-25T11:21:48.735Z,15,34.49,34,34.9,34.8,41.8,41,42,42,88.1,146,98,CRYING,56.4,56,0,0,348.1,349,0,0,0,15,34.8,42,98,CRYING,0,0,349,56
69eca3ea65abc16ec863798c,ESP32_GREENHOUSE_01,2026-04-25T11:22:18.736Z,15,34.52,34.1,34.9,34.8,41.67,41,42,41,72.5,102,55,CRYING,56.9,57,0,0,349.7,350,0,0,0,15,34.8,41,55,CRYING,0,0,350,57
69eca40865abc16ec863798d,ESP32_GREENHOUSE_01,2026-04-25T11:22:48.743Z,15,34.55,34.1,34.9,34.8,41.4,41,42,41,74.5,110,110,CRYING,56.8,55,0,0,350.3,352,0,0,0,15,34.8,41,110,CRYING,0,0,352,55
69eca42665abc16ec863798e,ESP32_GREENHOUSE_01,2026-04-25T11:23:18.753Z,14,34.39,34.1,34.9,34.1,42,42,42,42,70.9,82,75,CRYING,57.1,57,0,0,353,354,0,0,0,14,34.1,42,75,CRYING,0,0,354,57
69eca44465abc16ec863798f,ESP32_GREENHOUSE_01,2026-04-25T11:23:48.755Z,15,34.42,34,34.9,34.2,42,42,42,42,89.1,138,63,CRYING,56.5,58,0,0,356.1,358,0,0,0,15,34.2,42,63,CRYING,0,0,358,58
69eca46265abc16ec8637990,ESP32_GREENHOUSE_01,2026-04-25T11:24:18.771Z,15,34.45,34,34.8,34.6,42,42,42,42,67.8,86,64,CRYING,57.3,57,0,0,358.1,359,0,0,0,15,34.6,42,64,CRYING,0,0,359,57
69eca48065abc16ec8637991,ESP32_GREENHOUSE_01,2026-04-25T11:24:48.783Z,15,34.58,34.2,34.9,34.6,42,42,42,42,67.1,83,78,CRYING,57.4,57,0,0,359.1,360,0,0,0,15,34.6,42,78,CRYING,0,0,360,57
69eca49e65abc16ec863799a,ESP32_GREENHOUSE_01,2026-04-25T11:25:18.793Z,15,34.35,34,34.9,34,42,42,42,42,66.3,86,86,Restless,57.3,57,0,0,359.7,360,0,0,0,6,34,42,86,Restless,0,0,360,57
69eca4bc65abc16ec863799c,ESP32_GREENHOUSE_01,2026-04-25T11:25:48.798Z,15,34.47,34,34.9,34.7,42,42,42,42,77.5,110,63,CRYING,57.1,58,0,0,360.4,361,0,0,0,15,34.7,42,63,CRYING,0,0,361,58
69eca4da65abc16ec863799d,ESP32_GREENHOUSE_01,2026-04-25T11:26:18.809Z,15,34.37,34,34.9,34.3,41.4,41,42,42,78,110,66,CRYING,56.6,57,0,0,361.8,362,0,0,0,15,34.3,42,66,CRYING,0,0,362,57
69eca4f865abc16ec863799e,ESP32_GREENHOUSE_01,2026-04-25T11:26:48.813Z,14,34.51,34,34.9,34.3,41.64,41,42,42,76.6,121,71,CRYING,56.9,57,0,0,363,363,0,0,0,14,34.3,42,71,CRYING,0,0,363,57
69eca51665abc16ec863799f,ESP32_GREENHOUSE_01,2026-04-25T11:27:18.828Z,15,34.51,34,34.9,34.3,42,42,42,42,80.7,127,87,CRYING,56.9,57,0,0,363.7,364,0,0,0,15,34.3,42,87,CRYING,0,0,364,57
69eca53465abc16ec86379a0,ESP32_GREENHOUSE_01,2026-04-25T11:27:48.837Z,15,34.54,34.2,34.9,34.6,42,42,42,42,75.6,96,66,CRYING,57.1,57,0,0,364.3,364,0,0,0,15,34.6,42,66,CRYING,0,0,364,57
69eca55265abc16ec86379a3,ESP32_GREENHOUSE_01,2026-04-25T11:28:18.841Z,15,34.5,34.1,34.9,34.1,42,42,42,42,68.5,86,72,CRYING,57.4,57,0,0,364,364,0,0,0,13,34.1,42,72,Restless,0,0,364,57
69eca57065abc16ec86379a5,ESP32_GREENHOUSE_01,2026-04-25T11:28:48.856Z,15,34.49,34,34.8,34.6,42,42,42,42,76.9,100,72,CRYING,57,57,0,0,363.5,362,0,0,0,15,34.6,42,72,CRYING,0,0,362,57
69eca58e65abc16ec86379a9,ESP32_GREENHOUSE_01,2026-04-25T11:29:18.865Z,15,34.45,34,34.9,34.9,42,42,42,42,67.1,85,63,CRYING,57.4,58,0,0,360.3,358,0,0,0,10,34.9,42,63,Restless,0,0,358,58
69eca5ac65abc16ec86379b2,ESP32_GREENHOUSE_01,2026-04-25T11:29:48.871Z,15,34.4,34,34.9,34.1,42,42,42,42,67.5,78,56,Restless,57.3,58,0,0,358.1,358,0,0,0,4,34.1,42,56,CRYING,0,0,358,58
69eca5ca65abc16ec86379bc,ESP32_GREENHOUSE_01,2026-04-25T11:30:18.878Z,15,34.57,34,34.9,34.8,42,42,42,42,69.6,93,74,Restless,57.1,57,0,0,358.8,360,0,0,0,5,34.8,42,74,CRYING,0,0,360,57
69eca5e865abc16ec86379bd,ESP32_GREENHOUSE_01,2026-04-25T11:30:48.879Z,14,34.55,34,34.9,34.3,42,42,42,42,83.6,130,60,CRYING,56.7,58,0,0,360.5,360,0,0,0,14,34.3,42,60,CRYING,0,0,360,58
69eca60665abc16ec86379be,ESP32_GREENHOUSE_01,2026-04-25T11:31:18.890Z,15,34.37,34.1,34.9,34.2,42,42,42,42,69.8,88,88,CRYING,57.3,57,0,0,361.1,362,0,0,0,15,34.2,42,88,CRYING,0,0,362,57
69eca62465abc16ec86379bf,ESP32_GREENHOUSE_01,2026-04-25T11:31:48.898Z,15,34.38,34,34.9,34.1,42,42,42,42,81.1,108,96,CRYING,56.8,56,0,0,363,363,0,0,0,15,34.1,42,96,CRYING,0,0,363,56
69eca64265abc16ec86379c0,ESP32_GREENHOUSE_01,2026-04-25T11:32:18.910Z,15,34.39,34,34.8,34,42,42,42,42,75.9,109,67,CRYING,57,57,0,0,363.7,364,0,0,0,15,34,42,67,CRYING,0,0,364,57
69eca66065abc16ec86379c1,ESP32_GREENHOUSE_01,2026-04-25T11:32:48.911Z,15,34.44,34.1,34.8,34.6,42,42,42,42,70.2,89,55,CRYING,57.3,58,0,0,364.3,365,0,0,0,15,34.6,42,55,CRYING,0,0,365,58
69eca67e65abc16ec86379c2,ESP32_GREENHOUSE_01,2026-04-25T11:33:18.917Z,15,34.5,34,34.9,34,42,42,42,42,72.1,97,66,CRYING,57.1,57,0,0,365.5,366,0,0,0,15,34,42,66,CRYING,0,0,366,57
69eca69c65abc16ec86379c3,ESP32_GREENHOUSE_01,2026-04-25T11:33:48.919Z,15,34.41,34,34.8,34.5,42,42,42,42,73.1,98,97,CRYING,57.2,56,0,0,366.1,366,0,0,0,15,34.5,42,97,CRYING,0,0,366,56
69eca6ba65abc16ec86379c4,ESP32_GREENHOUSE_01,2026-04-25T11:34:18.926Z,15,34.47,34,34.9,34.5,42,42,42,42,74.9,117,66,CRYING,56.9,57,0,0,366.2,366,0,0,0,15,34.5,42,66,CRYING,0,0,366,57
69eca6d865abc16ec86379c5,ESP32_GREENHOUSE_01,2026-04-25T11:34:48.936Z,14,34.31,34,34.8,34.4,42,42,42,42,84.2,120,86,CRYING,56.7,57,0,0,365.9,366,0,0,0,14,34.4,42,86,CRYING,0,0,366,57
69eca6f665abc16ec86379c6,ESP32_GREENHOUSE_01,2026-04-25T11:35:18.938Z,15,34.43,34,34.8,34.8,42,42,42,42,77.2,95,68,CRYING,56.9,57,0,0,365.3,365,0,0,0,15,34.8,42,68,CRYING,0,0,365,57
69eca71465abc16ec86379c7,ESP32_GREENHOUSE_01,2026-04-25T11:35:48.949Z,15,34.6,34.1,34.9,34.8,42,42,42,42,90.5,124,96,CRYING,56.5,56,0,0,364.3,364,0,0,0,15,34.8,42,96,CRYING,0,0,364,56
69eca73265abc16ec86379c8,ESP32_GREENHOUSE_01,2026-04-25T11:36:18.956Z,15,34.63,34,34.9,34.7,42,42,42,42,90.4,116,96,CRYING,56.3,56,0,0,363.3,363,0,0,0,15,34.7,42,96,CRYING,0,0,363,56
69eca75065abc16ec86379c9,ESP32_GREENHOUSE_01,2026-04-25T11:36:48.967Z,15,34.41,34,34.9,34,42,42,42,42,80.2,109,86,CRYING,56.9,57,0,0,362.2,362,0,0,0,15,34,42,86,CRYING,0,0,362,57
69eca76e65abc16ec86379ca,ESP32_GREENHOUSE_01,2026-04-25T11:37:18.975Z,15,34.59,34.2,34.8,34.6,42,42,42,42,73.6,104,75,CRYING,57,57,0,0,359.9,358,0,0,0,15,34.6,42,75,CRYING,0,0,358,57
69eca78c65abc16ec86379cb,ESP32_GREENHOUSE_01,2026-04-25T11:37:48.982Z,15,34.53,34,34.9,34.3,42,42,42,42,76.5,105,87,CRYING,57.1,57,0,0,356.3,355,0,0,0,15,34.3,42,87,CRYING,0,0,355,57
69eca7aa65abc16ec86379cc,ESP32_GREENHOUSE_01,2026-04-25T11:38:18.984Z,14,34.52,34,34.9,34.7,42,42,42,42,78.8,117,81,CRYING,56.9,57,0,0,353,350,0,0,0,14,34.7,42,81,CRYING,0,0,350,57
69eca7c865abc16ec86379cd,ESP32_GREENHOUSE_01,2026-04-25T11:38:48.984Z,15,34.35,34,34.9,34.2,42,42,42,42,77.6,141,70,CRYING,56.9,57,0,0,348.9,348,0,0,0,15,34.2,42,70,CRYING,0,0,348,57
69eca7e665abc16ec86379ce,ESP32_GREENHOUSE_01,2026-04-25T11:39:18.990Z,15,34.41,34,34.9,34,42,42,42,42,73.9,93,89,CRYING,57.1,57,0,0,347.1,347,0,0,0,15,34,42,89,CRYING,0,0,347,57
69eca80565abc16ec86379cf,ESP32_GREENHOUSE_01,2026-04-25T11:39:49.001Z,15,34.48,34.1,34.9,34.1,42.13,42,43,42,76.1,102,102,CRYING,57.1,56,0,0,346.5,347,0,0,0,15,34.1,42,102,CRYING,0,0,347,56
69eca82365abc16ec86379d0,ESP32_GREENHOUSE_01,2026-04-25T11:40:19.015Z,15,34.43,34,34.9,34.1,42.13,42,43,42,73,87,75,CRYING,57.1,57,0,0,348,350,0,0,0,15,34.1,42,75,CRYING,0,0,350,57
69eca84165abc16ec86379d1,ESP32_GREENHOUSE_01,2026-04-25T11:40:49.017Z,15,34.47,34.1,34.8,34.5,42,42,42,42,75.9,90,58,CRYING,57,58,0,0,350.4,352,0,0,0,15,34.5,42,58,CRYING,0,0,352,58
69eca85f65abc16ec86379d2,ESP32_GREENHOUSE_01,2026-04-25T11:41:19.020Z,15,34.33,34,34.7,34.7,42,42,42,42,77.7,104,72,CRYING,56.9,57,0,0,353.6,354,0,0,0,15,34.7,42,72,CRYING,0,0,354,57
69eca87d65abc16ec86379d3,ESP32_GREENHOUSE_01,2026-04-25T11:41:49.023Z,15,34.55,34.1,34.8,34.5,42,42,42,42,77.6,98,72,CRYING,56.8,57,0,0,357.4,359,0,0,0,15,34.5,42,72,CRYING,0,0,359,57
69eca89b65abc16ec86379d4,ESP32_GREENHOUSE_01,2026-04-25T11:42:19.027Z,14,34.61,34,34.9,34.9,42,42,42,42,74.4,98,98,CRYING,57.1,56,0,0,360.9,362,0,0,0,14,34.9,42,98,CRYING,0,0,362,56
69eca8b965abc16ec86379d5,ESP32_GREENHOUSE_01,2026-04-25T11:42:49.031Z,15,34.37,34,34.9,34,42,42,42,42,71.3,89,84,CRYING,57.2,57,0,0,361.1,359,0,0,0,15,34,42,84,CRYING,0,0,359,57
69eca8d765abc16ec86379d6,ESP32_GREENHOUSE_01,2026-04-25T11:43:19.040Z,15,34.48,34.1,34.9,34.9,42,42,42,42,93.7,132,65,CRYING,56.3,57,0,0,359.8,358,0,0,0,15,34.9,42,65,CRYING,0,0,358,57
69eca8f565abc16ec86379d7,ESP32_GREENHOUSE_01,2026-04-25T11:43:49.049Z,15,34.45,34,34.8,34.2,42,42,42,42,187.2,522,304,CRYING,52.7,48,0,0,357.9,360,0,0,0,15,34.2,42,304,CRYING,0,0,360,48
69eca91365abc16ec86379d8,ESP32_GREENHOUSE_01,2026-04-25T11:44:19.053Z,15,34.4,34,34.9,34.2,42,42,42,42,110.9,600,65,CRYING,55.6,57,0,0,357.4,358,0,0,0,15,34.2,42,65,CRYING,0,0,358,57
69eca93165abc16ec86379d9,ESP32_GREENHOUSE_01,2026-04-25T11:44:49.058Z,15,34.56,34.1,34.9,34.8,42,42,42,42,74.7,109,73,CRYING,57.1,57,0,0,357.3,356,0,0,0,15,34.8,42,73,CRYING,0,0,356,57
69eca94f65abc16ec86379da,ESP32_GREENHOUSE_01,2026-04-25T11:45:19.067Z,15,34.4,34,34.8,34.7,42.27,42,43,42,74,124,85,CRYING,57.3,57,0,0,356.7,358,0,0,0,15,34.7,42,85,CRYING,0,0,358,57
69eca96d65abc16ec86379db,ESP32_GREENHOUSE_01,2026-04-25T11:45:49.070Z,15,34.41,34,34.8,34.8,42.2,42,43,42,74.1,94,78,CRYING,57.1,57,0,0,358.6,359,0,0,0,15,34.8,42,78,CRYING,0,0,359,57
69eca98b65abc16ec86379dc,ESP32_GREENHOUSE_01,2026-04-25T11:46:19.079Z,14,34.56,34.1,34.9,34.3,42,42,42,42,77.7,104,90,CRYING,56.9,56,0,0,359.1,360,0,0,0,14,34.3,42,90,CRYING,0,0,360,56
69eca9a965abc16ec86379dd,ESP32_GREENHOUSE_01,2026-04-25T11:46:49.087Z,15,34.49,34,34.9,34.1,42,42,42,42,99.5,220,220,CRYING,56.1,51,0,0,357.8,355,0,0,0,15,34.1,42,220,CRYING,0,0,355,51
69eca9c765abc16ec86379de,ESP32_GREENHOUSE_01,2026-04-25T11:47:19.097Z,15,34.51,34,34.9,34.9,42,42,42,42,172.9,509,262,CRYING,53.2,50,0,0,352.9,348,0,0,0,15,34.9,42,262,CRYING,0,0,348,50
69eca9e565abc16ec86379df,ESP32_GREENHOUSE_01,2026-04-25T11:47:49.109Z,15,34.43,34,34.9,34,42,42,42,42,209,441,355,CRYING,51.9,46,0,0,352,356,0,0,0,15,34,42,355,CRYING,0,0,356,46
69ecaa0365abc16ec86379e0,ESP32_GREENHOUSE_01,2026-04-25T11:48:19.119Z,15,34.48,34,34.9,34.7,42,42,42,42,176.1,805,87,CRYING,53.1,57,0,0,347.9,343,0,0,0,15,34.7,42,87,CRYING,0,0,343,57
69ecaa2165abc16ec86379e1,ESP32_GREENHOUSE_01,2026-04-25T11:48:49.128Z,15,34.41,34,34.9,34.1,42.2,42,43,42,78,151,49,CRYING,57.1,58,0,0,358.7,358,0,0,0,15,34.1,42,49,CRYING,0,0,358,58
69ecaa3f65abc16ec86379e2,ESP32_GREENHOUSE_01,2026-04-25T11:49:19.134Z,15,34.61,34,34.9,34.8,42.47,42,43,42,76.3,211,43,CRYING,57.3,58,0,0,357.4,360,0,0,0,15,34.8,42,43,CRYING,0,0,360,58
69ecaa5d65abc16ec86379e3,ESP32_GREENHOUSE_01,2026-04-25T11:49:49.145Z,14,34.47,34,34.9,34.4,42.21,42,43,42,43.4,64,42,CRYING,58.4,58,0,0,362.6,363,0,0,0,14,34.4,42,42,CRYING,0,0,363,58
69ecaa7b65abc16ec86379e4,ESP32_GREENHOUSE_01,2026-04-25T11:50:19.145Z,15,34.5,34.1,34.9,34.1,42,42,42,42,50.5,189,21,CRYING,58,59,0,0,360.3,359,0,0,0,15,34.1,42,21,CRYING,0,0,359,59
69ecaa9965abc16ec86379e5,ESP32_GREENHOUSE_01,2026-04-25T11:50:49.160Z,15,34.47,34,34.9,34.7,42,42,42,42,32.5,41,37,CRYING,58.7,59,0,0,359.4,359,0,0,0,15,34.7,42,37,CRYING,0,0,359,59
69ecaab765abc16ec86379e6,ESP32_GREENHOUSE_01,2026-04-25T11:51:19.165Z,15,34.43,34,34.9,34.8,42,42,42,42,59.7,94,79,CRYING,57.7,57,0,0,357.8,357,0,0,0,15,34.8,42,79,CRYING,0,0,357,57
69ecaad565abc16ec86379e7,ESP32_GREENHOUSE_01,2026-04-25T11:51:49.175Z,15,34.43,34,34.9,34.7,42,42,42,42,64.1,111,59,CRYING,57.5,58,0,0,357.2,357,0,0,0,15,34.7,42,59,CRYING,0,0,357,58
69ecaaf365abc16ec86379e8,ESP32_GREENHOUSE_01,2026-04-25T11:52:19.178Z,15,34.43,34,34.9,34.3,42,42,42,42,32.7,57,39,CRYING,58.7,58,0,0,357.1,357,0,0,0,15,34.3,42,39,CRYING,0,0,357,58
69ecab1165abc16ec86379e9,ESP32_GREENHOUSE_01,2026-04-25T11:52:49.191Z,15,34.39,34,34.9,34.3,42,42,42,42,57.6,135,135,CRYING,57.9,55,0,0,356.6,356,0,0,0,15,34.3,42,135,CRYING,0,0,356,55
69ecab2f65abc16ec86379ea,ESP32_GREENHOUSE_01,2026-04-25T11:53:19.203Z,15,34.38,34,34.9,34.7,42,42,42,42,70.3,230,39,CRYING,57.2,58,0,0,356.5,357,0,0,0,15,34.7,42,39,CRYING,0,0,357,58
69ecab4d65abc16ec86379eb,ESP32_GREENHOUSE_01,2026-04-25T11:53:49.209Z,14,34.44,34,34.9,34.3,42,42,42,42,44.8,119,35,CRYING,58.2,59,0,0,355.9,356,0,0,0,14,34.3,42,35,CRYING,0,0,356,59
69ecab6b65abc16ec86379ed,ESP32_GREENHOUSE_01,2026-04-25T11:54:19.211Z,15,34.5,34,34.9,34,42.27,42,43,43,31.3,53,22,Quiet,59.1,60,0,0,355.3,355,0,0,0,1,34,43,22,Quiet,0,0,355,60
69ecab8965abc16ec86379f3,ESP32_GREENHOUSE_01,2026-04-25T11:54:49.225Z,15,34.47,34.1,34.8,34.5,43,43,43,43,44,93,93,Quiet,58.9,57,0,0,355,354,0,0,0,3,34.5,43,93,CRYING,0,0,354,57
69ecaba765abc16ec86379ff,ESP32_GREENHOUSE_01,2026-04-25T11:55:19.231Z,15,34.51,34.1,34.9,34.9,43,43,43,43,53.3,116,56,Light Activity,58.5,58,0,0,355.5,356,0,0,0,3,34.9,43,56,Light Activity,0,0,356,58
69ecabc565abc16ec8637a06,ESP32_GREENHOUSE_01,2026-04-25T11:55:49.237Z,15,34.45,34.2,34.7,34.6,43,43,43,43,130.3,347,162,CRYING,55.5,54,0,0,355.4,356,0,0,0,8,34.6,43,162,CRYING,0,0,356,54
69ecabe365abc16ec8637a0a,ESP32_GREENHOUSE_01,2026-04-25T11:56:19.238Z,15,34.53,34,34.9,34.4,42.93,42,43,43,42.6,78,24,CRYING,58.8,60,0,0,355.9,356,0,0,0,10,34.4,43,24,Quiet,0,0,356,60
69ecac0165abc16ec8637a12,ESP32_GREENHOUSE_01,2026-04-25T11:56:49.239Z,15,34.33,34,34.7,34.5,43,43,43,43,40.6,78,47,Quiet,58.9,59,0,0,356.1,356,0,0,0,0,34.5,43,47,Light Activity,0,0,356,59
69ecac1f65abc16ec8637a1c,ESP32_GREENHOUSE_01,2026-04-25T11:57:19.250Z,15,34.45,34,34.9,34,43,43,43,43,43.1,77,25,Light Activity,59,60,0,0,356.1,356,0,0,0,0,34,43,25,Quiet,0,0,356,60
69ecac3d65abc16ec8637a1d,ESP32_GREENHOUSE_01,2026-04-25T11:57:49.253Z,14,34.34,34,34.8,34.1,43,43,43,43,21.7,40,20,Quiet,59.9,60,0,0,355.4,355,0,0,0,0,34.1,43,20,Quiet,0,0,355,60
69ecac5b65abc16ec8637a1e,ESP32_GREENHOUSE_01,2026-04-25T11:58:19.268Z,15,34.35,34,34.9,34.1,43,43,43,43,24.8,33,33,Quiet,59.7,59,0,0,355.3,355,0,0,0,0,34.1,43,33,Quiet,0,0,355,59
69ecac7965abc16ec8637a29,ESP32_GREENHOUSE_01,2026-04-25T11:58:49.281Z,15,34.5,34.3,34.9,34.3,43,43,43,43,51.7,105,47,Quiet,58.5,59,0,0,354.3,354,0,0,0,2,34.3,43,47,Light Activity,0,0,354,59
69ecac9765abc16ec8637a2d,ESP32_GREENHOUSE_01,2026-04-25T11:59:19.291Z,15,34.37,34.1,34.7,34.5,43,43,43,43,33.6,47,35,Quiet,59.4,59,0,0,353.1,352,0,0,0,0,34.5,43,35,Quiet,0,0,352,59
69ecacb565abc16ec8637a36,ESP32_GREENHOUSE_01,2026-04-25T11:59:49.304Z,15,34.53,34.2,34.9,34.3,43,43,43,43,34.3,58,40,Quiet,59.4,59,0,0,352.2,352,0,0,0,0,34.3,43,40,Quiet,0,0,352,59
69ecacd365abc16ec8637a3d,ESP32_GREENHOUSE_01,2026-04-25T12:00:19.312Z,15,34.39,34,34.8,34.6,43,43,43,43,38.7,79,26,Quiet,59.2,60,0,0,351.2,350,0,0,0,0,34.6,43,26,Quiet,0,0,350,60
69ecacf165abc16ec8637a40,ESP32_GREENHOUSE_01,2026-04-25T12:00:49.322Z,15,34.44,34.1,34.9,34.3,43,43,43,43,27.2,44,25,Quiet,59.6,60,0,0,350.3,350,0,0,0,0,34.3,43,25,Quiet,0,0,350,60
69ecad0f65abc16ec8637a43,ESP32_GREENHOUSE_01,2026-04-25T12:01:19.330Z,14,34.49,34.1,34.9,34.3,43,43,43,43,24.9,45,21,Quiet,59.8,60,0,0,348.5,348,0,0,0,0,34.3,43,21,Quiet,0,0,348,60
69ecad2d65abc16ec8637a46,ESP32_GREENHOUSE_01,2026-04-25T12:01:49.331Z,15,34.37,34,34.9,34.4,43,43,43,43,29.4,50,32,Quiet,59.6,59,0,0,347.1,346,0,0,0,0,34.4,43,32,Quiet,0,0,346,59
69ecad4b65abc16ec8637a49,ESP32_GREENHOUSE_01,2026-04-25T12:02:19.337Z,15,34.47,34,34.9,34.6,43,43,43,43,24.9,51,17,Quiet,59.8,60,0,0,345.5,345,0,0,0,0,34.6,43,17,Quiet,0,0,345,60
69ecad6965abc16ec8637a4a,ESP32_GREENHOUSE_01,2026-04-25T12:02:49.341Z,15,34.51,34.1,34.8,34.6,43,43,43,43,15.7,23,19,Quiet,60,60,0,0,344.4,344,0,0,0,0,34.6,43,19,Quiet,0,0,344,60
69ecad8765abc16ec8637a4d,ESP32_GREENHOUSE_01,2026-04-25T12:03:19.353Z,15,34.52,34.1,34.9,34.5,43,43,43,43,24.1,44,12,Quiet,59.7,60,0,0,343.7,343,0,0,0,0,34.5,43,12,Quiet,0,0,343,60
69ecada565abc16ec8637a4e,ESP32_GREENHOUSE_01,2026-04-25T12:03:49.367Z,15,34.45,34,34.9,34.7,43,43,43,43,20.5,31,21,Quiet,59.9,60,0,0,342.6,342,0,0,0,0,34.7,43,21,Quiet,0,0,342,60
69ecadc365abc16ec8637a53,ESP32_GREENHOUSE_01,2026-04-25T12:04:19.370Z,15,34.14,33,34.9,33.7,43.13,43,44,44,39.3,67,30,Quiet,59.3,60,0,0,342.7,343,0,0,0,0,33.7,44,30,Quiet,0,0,343,60
69ecade165abc16ec8637a58,ESP32_GREENHOUSE_01,2026-04-25T12:04:49.376Z,15,33.43,33,33.7,33,44,44,44,44,35.9,125,20,Quiet,59.7,60,0,0,342.5,342,0,0,0,1,33,44,20,Quiet,0,0,342,60
69ecadff65abc16ec8637a59,ESP32_GREENHOUSE_01,2026-04-25T12:05:19.392Z,14,33.38,33,33.9,33,44,44,44,44,22.6,33,25,Quiet,60.3,60,0,0,342.9,343,0,0,0,0,33,44,25,Quiet,0,0,343,60
69ecae1d65abc16ec8637a5a,ESP32_GREENHOUSE_01,2026-04-25T12:05:49.406Z,15,33.52,33,33.9,33.6,44,44,44,44,23.2,33,11,Quiet,60.3,61,0,0,343.3,343,0,0,0,0,33.6,44,11,Quiet,0,0,343,61
69ecae3b65abc16ec8637a60,ESP32_GREENHOUSE_01,2026-04-25T12:06:19.415Z,15,33.46,33,33.9,33.3,44,44,44,44,30,81,31,Quiet,60,60,0,0,343.5,344,0,0,0,1,33.3,44,31,Quiet,0,0,344,60
69ecae5965abc16ec8637a61,ESP32_GREENHOUSE_01,2026-04-25T12:06:49.415Z,15,33.29,33,33.6,33.6,44,44,44,44,23.6,36,17,Quiet,60.3,61,0,0,343,343,0,0,0,0,33.6,44,17,Quiet,0,0,343,61
69ecae7765abc16ec8637a62,ESP32_GREENHOUSE_01,2026-04-25T12:07:19.415Z,15,33.37,33,33.7,33.1,44,44,44,44,20,39,35,Quiet,60.6,60,0,0,341.4,341,0,0,0,0,33.1,44,35,Quiet,0,0,341,60
69ecae9565abc16ec8637a6a,ESP32_GREENHOUSE_01,2026-04-25T12:07:49.420Z,15,33.51,33,33.9,33.5,44,44,44,44,39.5,55,50,Quiet,59.6,59,0,0,339.6,339,0,0,0,0,33.5,44,50,Light Activity,0,0,339,59
69ecaeb365abc16ec8637a6e,ESP32_GREENHOUSE_01,2026-04-25T12:08:19.428Z,15,33.61,33.4,33.9,33.6,44,44,44,44,30.3,57,13,Quiet,60.1,61,0,0,337.8,337,0,0,0,0,33.6,44,13,Quiet,0,0,337,61
69ecaed165abc16ec8637a74,ESP32_GREENHOUSE_01,2026-04-25T12:08:49.431Z,15,33.38,33,33.9,33.1,44,44,44,44,33.9,49,46,Quiet,59.8,59,0,0,335.8,334,0,0,0,0,33.1,44,46,Light Activity,0,0,334,59
69ecaeef65abc16ec8637a76,ESP32_GREENHOUSE_01,2026-04-25T12:09:19.442Z,14,33.38,33,33.8,33.3,44,44,44,44,21.1,33,13,Quiet,60.4,61,0,0,333.3,332,0,0,0,0,33.3,44,13,Quiet,0,0,332,61
69ecaf0d65abc16ec8637a77,ESP32_GREENHOUSE_01,2026-04-25T12:09:49.448Z,15,33.42,33.1,33.8,33.4,44,44,44,44,22.9,38,36,Quiet,60.5,60,0,0,331.1,330,0,0,0,0,33.4,44,36,Quiet,0,0,330,60
69ecaf2b65abc16ec8637a80,ESP32_GREENHOUSE_01,2026-04-25T12:10:19.457Z,15,33.3,33,33.8,33.4,44,44,44,44,35.9,56,25,Quiet,59.7,60,0,0,329.1,328,0,0,0,0,33.4,44,25,Quiet,0,0,328,60
69ecaf4965abc16ec8637a83,ESP32_GREENHOUSE_01,2026-04-25T12:10:49.471Z,15,33.29,33,33.4,33,44,44,44,44,32.7,48,43,Quiet,59.9,60,0,0,327.8,327,0,0,0,0,33,44,43,Quiet,0,0,327,60
69ecaf6765abc16ec8637a8a,ESP32_GREENHOUSE_01,2026-04-25T12:11:19.477Z,15,33.49,33.1,33.9,33.5,44,44,44,44,82.4,360,43,CRYING,58,60,0,0,326.2,325,0,0,0,8,33.5,44,43,Quiet,0,0,325,60
69ecaf8565abc16ec8637a96,ESP32_GREENHOUSE_01,2026-04-25T12:11:49.489Z,15,33.46,33,33.9,33,44,44,44,44,40.9,58,46,Quiet,59.6,59,0,0,324.1,323,0,0,0,1,33,44,46,Light Activity,0,0,323,59
69ecafa365abc16ec8637aa1,ESP32_GREENHOUSE_01,2026-04-25T12:12:19.504Z,15,33.42,33,33.9,33.8,44,44,44,44,48.1,68,40,Quiet,59.5,60,0,0,321.9,321,0,0,0,0,33.8,44,40,Quiet,0,0,321,60
69ecafc165abc16ec8637aab,ESP32_GREENHOUSE_01,2026-04-25T12:12:49.505Z,15,33.44,33,33.9,33.2,44,44,44,44,63.1,124,42,CRYING,58.8,60,0,0,319.5,318,0,0,0,9,33.2,44,42,Quiet,0,0,318,60
69ecafdf65abc16ec8637ab5,ESP32_GREENHOUSE_01,2026-04-25T12:13:19.519Z,14,33.3,33,33.7,33.1,44,44,44,44,37.3,60,26,Quiet,59.8,60,0,0,317,316,0,0,0,1,33.1,44,26,Quiet,0,0,316,60
69ecaffd65abc16ec8637ab6,ESP32_GREENHOUSE_01,2026-04-25T12:13:49.526Z,15,33.47,33,33.9,33.7,44,44,44,44,22.9,40,17,Quiet,60.5,61,0,0,316.1,316,0,0,0,0,33.7,44,17,Quiet,0,0,316,61
69ecb01b65abc16ec8637ab9,ESP32_GREENHOUSE_01,2026-04-25T12:14:19.539Z,15,33.33,33,33.7,33,44.07,44,45,45,30.5,44,25,Quiet,60.1,61,0,0,316.4,317,0,0,0,0,33,45,25,Quiet,0,0,317,61
69ecb03965abc16ec8637ac2,ESP32_GREENHOUSE_01,2026-04-25T12:14:49.543Z,15,33.37,33,33.9,33,44.33,44,45,44,44.5,87,26,Quiet,59.8,60,0,0,316.3,316,0,0,0,2,33,44,26,Quiet,0,0,316,60
69ecb05765abc16ec8637acc,ESP32_GREENHOUSE_01,2026-04-25T12:15:19.544Z,15,33.37,33,33.9,33.3,44,44,44,44,39.8,54,46,Quiet,59.6,59,0,0,316.8,317,0,0,0,0,33.3,44,46,Light Activity,0,0,317,59
69ecb07565abc16ec8637ad2,ESP32_GREENHOUSE_01,2026-04-25T12:15:49.550Z,15,33.53,33,33.9,33.8,44.13,44,45,45,39.9,62,62,Quiet,59.7,59,0,0,316,317,0,0,0,0,33.8,45,62,Restless,0,0,317,59
69ecb09365abc16ec8637ad4,ESP32_GREENHOUSE_01,2026-04-25T12:16:19.559Z,15,33.37,33,33.9,33.9,44.8,44,45,45,24.7,38,19,Quiet,60.9,61,0,0,315.9,316,0,0,0,0,33.9,45,19,Quiet,0,0,316,61
69ecb0b165abc16ec8637ad5,ESP32_GREENHOUSE_01,2026-04-25T12:16:49.566Z,14,33.49,33.1,33.9,33.9,45,45,45,45,19.2,26,18,Quiet,61,61,0,0,315.4,314,0,0,0,0,33.9,45,18,Quiet,0,0,314,61
69ecb0cf65abc16ec8637ad8,ESP32_GREENHOUSE_01,2026-04-25T12:17:19.568Z,15,33.46,33.1,33.9,33.9,45,45,45,45,25.4,45,18,Quiet,60.8,61,0,0,313.8,313,0,0,0,0,33.9,45,18,Quiet,0,0,313,61
69ecb0ed65abc16ec8637add,ESP32_GREENHOUSE_01,2026-04-25T12:17:49.583Z,15,33.47,33,33.9,33.5,44.07,44,45,44,32.9,60,28,Quiet,59.9,60,0,0,313,312,0,0,0,0,33.5,44,28,Quiet,0,0,312,60
69ecb10b65abc16ec8637ae5,ESP32_GREENHOUSE_01,2026-04-25T12:18:19.587Z,15,33.51,33,33.9,33.2,44.33,44,45,45,42.6,103,103,Quiet,59.8,58,0,0,311.7,311,0,0,0,1,33.2,45,103,CRYING,0,0,311,58
69ecb12965abc16ec8637ae7,ESP32_GREENHOUSE_01,2026-04-25T12:18:49.592Z,15,33.47,33,33.9,33.3,45,45,45,45,28.8,39,29,Quiet,60.9,61,0,0,310.3,310,0,0,0,1,33.3,45,29,Quiet,0,0,310,61
69ecb14765abc16ec8637aec,ESP32_GREENHOUSE_01,2026-04-25T12:19:19.593Z,15,33.55,33,33.9,33.7,44.47,44,45,44,35.1,48,29,Quiet,60.4,60,0,0,308.1,306,0,0,0,0,33.7,44,29,Quiet,0,0,306,60
69ecb16565abc16ec8637aef,ESP32_GREENHOUSE_01,2026-04-25T12:19:49.602Z,15,33.52,33.1,33.9,33.9,44.6,44,45,45,31.5,46,20,Quiet,60.4,61,0,0,305.1,304,0,0,0,0,33.9,45,20,Quiet,0,0,304,61
69ecb18365abc16ec8637af2,ESP32_GREENHOUSE_01,2026-04-25T12:20:19.617Z,15,33.33,33,33.8,33.1,45,45,45,45,25.7,55,24,Quiet,60.9,61,0,0,302,300,0,0,0,0,33.1,45,24,Quiet,0,0,300,61
69ecb1a165abc16ec8637afa,ESP32_GREENHOUSE_01,2026-04-25T12:20:49.631Z,14,33.42,33,33.9,33.4,45,45,45,45,37.2,53,47,Quiet,60.5,60,0,0,297.9,296,0,0,0,0,33.4,45,47,Light Activity,0,0,296,60
69ecb1bf65abc16ec8637b01,ESP32_GREENHOUSE_01,2026-04-25T12:21:19.637Z,15,33.43,33.1,33.8,33.8,45,45,45,45,45.3,176,51,Quiet,60.1,60,0,0,293.2,290,0,0,0,0,33.8,45,51,Light Activity,0,0,290,60
69ecb1dd65abc16ec8637b09,ESP32_GREENHOUSE_01,2026-04-25T12:21:49.648Z,15,33.53,33.1,33.9,33.3,45,45,45,45,40,80,23,Quiet,60.3,61,0,0,287.1,284,0,0,0,1,33.3,45,23,Quiet,0,0,284,61
69ecb1fb65abc16ec8637b13,ESP32_GREENHOUSE_01,2026-04-25T12:22:19.650Z,15,33.51,33.2,33.8,33.8,45,45,45,45,54,113,60,Quiet,59.7,60,0,0,280.9,278,0,0,0,1,33.8,45,60,Restless,0,0,278,60
69ecb21965abc16ec8637b19,ESP32_GREENHOUSE_01,2026-04-25T12:22:49.661Z,15,33.39,33,33.9,33.1,45,45,45,45,28.9,47,17,Quiet,60.7,61,0,0,274.7,272,0,0,0,0,33.1,45,17,Quiet,0,0,272,61
69ecb23765abc16ec8637b1b,ESP32_GREENHOUSE_01,2026-04-25T12:23:19.673Z,15,33.39,33,33.7,33.4,45,45,45,45,32.7,50,50,Quiet,60.7,60,0,0,269.8,268,0,0,0,0,33.4,45,50,Light Activity,0,0,268,60
69ecb25565abc16ec8637b25,ESP32_GREENHOUSE_01,2026-04-25T12:23:49.677Z,15,33.38,33,33.9,33,45,45,45,45,49.1,99,99,Light Activity,60.1,58,0,0,266.5,266,0,0,0,2,33,45,99,CRYING,0,0,266,58
69ecb27365abc16ec8637b2b,ESP32_GREENHOUSE_01,2026-04-25T12:24:19.677Z,15,33.43,33,33.7,33.4,45,45,45,45,40.1,108,32,Quiet,60.4,61,0,0,265.9,265,0,0,0,1,33.4,45,32,Quiet,0,0,265,61
69ecb29165abc16ec8637b30,ESP32_GREENHOUSE_01,2026-04-25T12:24:49.679Z,14,33.56,33,33.9,33.5,45,45,45,45,31.3,53,42,Quiet,60.6,60,0,0,265.3,266,0,0,0,0,33.5,45,42,Quiet,0,0,266,60
69ecb2af65abc16ec8637b33,ESP32_GREENHOUSE_01,2026-04-25T12:25:19.682Z,15,33.35,33,33.9,33.4,45,45,45,45,30.6,47,29,Quiet,60.8,61,0,0,265.8,266,0,0,0,0,33.4,45,29,Quiet,0,0,266,61
69ecb2cd65abc16ec8637b36,ESP32_GREENHOUSE_01,2026-04-25T12:25:49.686Z,15,33.51,33,33.9,33.9,45,45,45,45,28.8,50,35,Quiet,60.8,61,0,0,267.6,269,0,0,0,0,33.9,45,35,Quiet,0,0,269,61
69ecb2eb65abc16ec8637b39,ESP32_GREENHOUSE_01,2026-04-25T12:26:19.689Z,15,33.42,33,33.9,33.2,45,45,45,45,29.9,50,22,Quiet,60.7,61,0,0,269.2,270,0,0,0,0,33.2,45,22,Quiet,0,0,270,61
69ecb30965abc16ec8637b3c,ESP32_GREENHOUSE_01,2026-04-25T12:26:49.692Z,15,33.5,33,33.9,33.8,45,45,45,45,29.1,44,31,Quiet,60.9,61,0,0,270.7,271,0,0,0,0,33.8,45,31,Quiet,0,0,271,61
69ecb32765abc16ec8637b43,ESP32_GREENHOUSE_01,2026-04-25T12:27:19.706Z,15,33.41,33.1,33.8,33.1,45,45,45,45,45,67,63,Quiet,60.1,59,0,0,271.1,272,0,0,0,2,33.1,45,63,CRYING,0,0,272,59
69ecb34565abc16ec8637b4e,ESP32_GREENHOUSE_01,2026-04-25T12:27:49.706Z,15,33.32,33,33.9,33.1,45,45,45,45,51.7,92,50,Quiet,59.8,60,0,0,271.5,271,0,0,0,1,33.1,45,50,Light Activity,0,0,271,60
69ecb36365abc16ec8637b52,ESP32_GREENHOUSE_01,2026-04-25T12:28:19.721Z,14,33.47,33,33.8,33.4,45,45,45,45,33.9,44,34,Quiet,60.6,61,0,0,270.7,270,0,0,0,0,33.4,45,34,Quiet,0,0,270,61
69ecb38165abc16ec8637b53,ESP32_GREENHOUSE_01,2026-04-25T12:28:49.726Z,15,33.35,33,33.9,33.1,45,45,45,45,32.1,41,27,Quiet,60.7,61,0,0,269.3,269,0,0,0,0,33.1,45,27,Quiet,0,0,269,61
69ecb39f65abc16ec8637b59,ESP32_GREENHOUSE_01,2026-04-25T12:29:19.735Z,15,33.47,33,33.8,33.4,45,45,45,45,37.7,61,38,Quiet,60.3,60,0,0,266.8,265,0,0,0,0,33.4,45,38,Quiet,0,0,265,60
69ecb3bd65abc16ec8637b63,ESP32_GREENHOUSE_01,2026-04-25T12:29:49.740Z,15,33.39,33,33.8,33.2,45,45,45,45,37,53,44,Quiet,60.4,60,0,0,263.2,261,0,0,0,0,33.2,45,44,Light Activity,0,0,261,60
69ecb3db65abc16ec8637b65,ESP32_GREENHOUSE_01,2026-04-25T12:30:19.755Z,15,33.37,33,33.8,33.4,45,45,45,45,25.5,35,16,Quiet,61,61,0,0,259.2,257,0,0,0,0,33.4,45,16,Quiet,0,0,257,61
69ecb3f965abc16ec8637b69,ESP32_GREENHOUSE_01,2026-04-25T12:30:49.762Z,15,33.59,33,33.9,33.9,45,45,45,45,31.6,70,70,Quiet,60.7,59,0,0,255.1,253,0,0,0,0,33.9,45,70,Restless,0,0,253,59
69ecb41765abc16ec8637b6d,ESP32_GREENHOUSE_01,2026-04-25T12:31:19.776Z,15,33.53,33.1,33.9,33.9,45,45,45,45,27.4,44,24,Quiet,60.8,61,0,0,250.7,248,0,0,0,0,33.9,45,24,Quiet,0,0,248,61
69ecb43565abc16ec8637b6e,ESP32_GREENHOUSE_01,2026-04-25T12:31:49.781Z,15,33.42,33.1,33.9,33.3,45.53,45,46,46,26.6,38,23,Quiet,61.3,62,0,0,246.7,245,0,0,0,0,33.3,46,23,Quiet,0,0,245,62
69ecb45365abc16ec8637b72,ESP32_GREENHOUSE_01,2026-04-25T12:32:19.792Z,14,33.46,33,33.9,33.1,46,46,46,46,33.4,63,27,Quiet,61.1,61,0,0,242,240,0,0,0,0,33.1,46,27,Quiet,0,0,240,61
69ecb47165abc16ec8637b73,ESP32_GREENHOUSE_01,2026-04-25T12:32:49.805Z,15,33.47,33.1,33.9,33.2,46,46,46,46,26.9,41,24,Quiet,61.3,62,0,0,237.3,235,0,0,0,0,33.2,46,24,Quiet,0,0,235,62
69ecb48f65abc16ec8637b78,ESP32_GREENHOUSE_01,2026-04-25T12:33:19.814Z,15,33.61,33.1,33.9,33.1,46,46,46,46,33.1,53,31,Quiet,61.2,61,0,0,232.1,229,0,0,0,0,33.1,46,31,Quiet,0,0,229,61
69ecb4ad65abc16ec8637b81,ESP32_GREENHOUSE_01,2026-04-25T12:33:49.821Z,15,33.41,33.1,33.8,33.5,45.67,45,46,45,46.5,101,27,Quiet,60.5,61,0,0,226,223,0,0,0,2,33.5,45,27,Quiet,0,0,223,61
69ecb4cb65abc16ec8637b89,ESP32_GREENHOUSE_01,2026-04-25T12:34:19.830Z,15,33.51,33,33.9,33.8,45,45,45,45,38.9,52,51,Quiet,60.4,60,0,0,219.9,217,0,0,0,0,33.8,45,51,Light Activity,0,0,217,60
69ecb4e965abc16ec8637b8f,ESP32_GREENHOUSE_01,2026-04-25T12:34:49.838Z,15,33.43,33,33.9,33.2,45,45,45,45,35.2,45,29,Quiet,60.4,61,0,0,212.7,210,0,0,0,1,33.2,45,29,Quiet,0,0,210,61
69ecb50765abc16ec8637b92,ESP32_GREENHOUSE_01,2026-04-25T12:35:19.852Z,15,33.47,33,33.8,33.5,45,45,45,45,28.3,45,17,Quiet,60.8,61,0,0,205.5,202,0,0,0,0,33.5,45,17,Quiet,0,0,202,61
69ecb52565abc16ec8637b93,ESP32_GREENHOUSE_01,2026-04-25T12:35:49.855Z,15,33.4,33.1,33.9,33.3,45,45,45,45,23.3,33,13,Quiet,61,61,0,0,198.1,195,0,0,0,0,33.3,45,13,Quiet,0,0,195,61
69ecb54365abc16ec8637b94,ESP32_GREENHOUSE_01,2026-04-25T12:36:19.858Z,14,33.52,33,33.9,33.9,45,45,45,45,22.5,29,27,Quiet,61,61,0,0,191.3,188,0,0,0,0,33.9,45,27,Quiet,0,0,188,61
69ecb56165abc16ec8637b9b,ESP32_GREENHOUSE_01,2026-04-25T12:36:49.867Z,15,33.37,33.1,33.8,33.6,45.53,45,46,46,44.2,70,70,Quiet,60.5,60,0,0,184.3,181,0,0,0,3,33.6,46,70,CRYING,0,0,181,60
69ecb57f65abc16ec8637ba3,ESP32_GREENHOUSE_01,2026-04-25T12:37:19.879Z,15,33.49,33,33.8,33.8,46,46,46,46,44.1,80,39,Quiet,60.8,61,0,0,178.1,176,0,0,0,0,33.8,46,39,Quiet,0,0,176,61
69ecb59d65abc16ec8637baa,ESP32_GREENHOUSE_01,2026-04-25T12:37:49.891Z,15,33.69,33.3,33.9,33.6,46,46,46,46,34.4,54,41,Quiet,61,61,0,0,173.2,171,0,0,0,0,33.6,46,41,Quiet,0,0,171,61
69ecb5bb65abc16ec8637bae,ESP32_GREENHOUSE_01,2026-04-25T12:38:19.899Z,15,33.36,33.1,33.7,33.3,45.73,45,46,45,33.5,61,25,Quiet,61.1,61,0,0,168.1,166,0,0,0,0,33.3,45,25,Quiet,0,0,166,61
69ecb5d965abc16ec8637baf,ESP32_GREENHOUSE_01,2026-04-25T12:38:49.914Z,15,33.39,33.1,33.7,33.4,45.6,45,46,45,28.3,43,22,Quiet,61.1,61,0,0,163.5,161,0,0,0,0,33.4,45,22,Quiet,0,0,161,61
69ecb5f765abc16ec8637bb2,ESP32_GREENHOUSE_01,2026-04-25T12:39:19.925Z,15,33.41,33,33.8,33.8,45,45,45,45,28.3,45,36,Quiet,60.9,60,0,0,158.4,156,0,0,0,0,33.8,45,36,Quiet,0,0,156,60
69ecb61565abc16ec8637bb9,ESP32_GREENHOUSE_01,2026-04-25T12:39:49.928Z,14,33.49,33.2,33.8,33.2,45,45,45,45,37.8,70,24,Quiet,60.4,61,0,0,152.7,150,0,0,0,0,33.2,45,24,Quiet,0,0,150,61
69ecb63365abc16ec8637bba,ESP32_GREENHOUSE_01,2026-04-25T12:40:19.943Z,15,33.43,33.2,33.8,33.8,45,45,45,45,25.3,37,23,Quiet,60.9,61,0,0,146.9,144,0,0,0,0,33.8,45,23,Quiet,0,0,144,61
69ecb65165abc16ec8637bbb,ESP32_GREENHOUSE_01,2026-04-25T12:40:49.946Z,15,33.51,33.1,33.9,33.9,45,45,45,45,23.9,39,20,Quiet,60.9,61,0,0,139.8,136,0,0,0,0,33.9,45,20,Quiet,0,0,136,61
69ecb66f65abc16ec8637bc7,ESP32_GREENHOUSE_01,2026-04-25T12:41:19.952Z,15,33.35,33,33.9,33.5,45.27,45,46,45,43.2,72,26,Quiet,60.3,61,0,0,131.9,128,0,0,0,2,33.5,45,26,Quiet,0,0,128,61
69ecb68d65abc16ec8637bc8,ESP32_GREENHOUSE_01,2026-04-25T12:41:49.953Z,15,33.46,33.1,33.9,33.7,45.33,45,46,45,22.9,30,20,Quiet,61.3,61,0,0,125.7,123,0,0,0,0,33.7,45,20,Quiet,0,0,123,61
69ecb6ab65abc16ec8637bcb,ESP32_GREENHOUSE_01,2026-04-25T12:42:19.968Z,15,33.41,33,33.9,33.3,45.33,45,46,46,25.9,53,33,Quiet,61,61,0,0,121.1,119,0,0,0,0,33.3,46,33,Quiet,0,0,119,61
69ecb6c965abc16ec8637bce,ESP32_GREENHOUSE_01,2026-04-25T12:42:49.978Z,15,33.57,33.2,33.8,33.6,46,46,46,46,26.9,49,26,Quiet,61.5,61,0,0,116.9,115,0,0,0,0,33.6,46,26,Quiet,0,0,115,61
69ecb6e765abc16ec8637bd5,ESP32_GREENHOUSE_01,2026-04-25T12:43:19.981Z,15,33.43,33,33.9,33.1,45.93,45,46,45,34.6,51,34,Quiet,61.2,61,0,0,112.1,110,0,0,0,0,33.1,45,34,Quiet,0,0,110,61
69ecb70565abc16ec8637bd6,ESP32_GREENHOUSE_01,2026-04-25T12:43:49.984Z,14,33.45,33.1,33.9,33.4,45.36,45,46,45,27.9,42,25,Quiet,61,61,0,0,107.5,105,0,0,0,0,33.4,45,25,Quiet,0,0,105,61
69ecb72365abc16ec8637be2,ESP32_GREENHOUSE_01,2026-04-25T12:44:19.991Z,15,33.42,33,33.8,33.4,45,45,45,45,45.8,73,46,Quiet,60.1,60,0,0,102.7,101,0,0,0,0,33.4,45,46,Light Activity,0,0,101,60
69ecb74165abc16ec8637be8,ESP32_GREENHOUSE_01,2026-04-25T12:44:49.999Z,15,33.32,33,33.9,33.3,45,45,45,45,40.4,59,59,Quiet,60.4,60,0,0,98.3,97,0,0,0,0,33.3,45,59,Restless,0,0,97,60
69ecb76065abc16ec8637beb,ESP32_GREENHOUSE_01,2026-04-25T12:45:20.009Z,15,33.59,33.1,33.9,33.6,45,45,45,45,26.3,55,19,Quiet,60.9,61,0,0,94.9,93,0,0,0,1,33.6,45,19,Quiet,0,0,93,61
69ecb77e65abc16ec8637bec,ESP32_GREENHOUSE_01,2026-04-25T12:45:50.022Z,15,33.36,33,33.8,33.1,45,45,45,45,21.6,30,27,Quiet,61,61,0,0,91.8,90,0,0,0,0,33.1,45,27,Quiet,0,0,90,61
69ecb79c65abc16ec8637bf3,ESP32_GREENHOUSE_01,2026-04-25T12:46:20.023Z,15,33.4,33,33.9,33.9,45,45,45,45,45.5,163,29,Quiet,60.3,61,0,0,89.4,88,0,0,0,1,33.9,45,29,Quiet,0,0,88,61
69ecb7ba65abc16ec8637bf9,ESP32_GREENHOUSE_01,2026-04-25T12:46:50.033Z,15,33.62,33.1,33.9,33.8,45,45,45,45,35.2,62,23,Quiet,60.5,61,0,0,87.5,87,0,0,0,1,33.8,45,23,Quiet,0,0,87,61
69ecb7d865abc16ec8637c02,ESP32_GREENHOUSE_01,2026-04-25T12:47:20.039Z,15,33.47,33.1,33.9,33.2,45,45,45,45,35.7,70,21,Quiet,60.4,61,0,0,86.1,85,0,0,0,1,33.2,45,21,Quiet,0,0,85,61
69ecb7f665abc16ec8637c08,ESP32_GREENHOUSE_01,2026-04-25T12:47:50.039Z,14,33.43,33,33.9,33.5,45,45,45,45,39.6,66,29,Quiet,60.4,61,0,0,84.1,83,0,0,0,0,33.5,45,29,Quiet,0,0,83,61
69ecb81465abc16ec8637c0b,ESP32_GREENHOUSE_01,2026-04-25T12:48:20.051Z,15,33.55,33,33.9,33.3,45,45,45,45,29.1,62,30,Quiet,60.7,61,0,0,82.1,81,0,0,0,0,33.3,45,30,Quiet,0,0,81,61
69ecb83265abc16ec8637c0c,ESP32_GREENHOUSE_01,2026-04-25T12:48:50.054Z,15,33.43,33,33.9,33.1,45,45,45,45,28.1,42,26,Quiet,60.8,61,0,0,79.2,78,0,0,0,0,33.1,45,26,Quiet,0,0,78,61
69ecb85065abc16ec8637c0e,ESP32_GREENHOUSE_01,2026-04-25T12:49:20.059Z,15,33.55,33,33.9,33.5,45.4,45,46,46,57.9,149,43,Quiet,59.9,61,0,0,75.8,74,0,0,0,6,33.5,46,43,CRYING,0,0,74,61
69ecb86e65abc16ec8637c18,ESP32_GREENHOUSE_01,2026-04-25T12:49:50.069Z,15,33.51,33,33.9,33.4,46,46,46,46,43.2,64,57,Quiet,60.8,60,0,0,71.5,69,0,0,0,3,33.4,46,57,Light Activity,0,0,69,60
69ecb88c65abc16ec8637c1e,ESP32_GREENHOUSE_01,2026-04-25T12:50:20.080Z,15,33.38,33,33.9,33.7,46,46,46,46,33.7,55,27,Quiet,61.2,61,0,0,66.5,64,0,0,0,0,33.7,46,27,Quiet,0,0,64,61
69ecb8aa65abc16ec8637c26,ESP32_GREENHOUSE_01,2026-04-25T12:50:50.087Z,15,33.29,33,33.9,33.1,46,46,46,46,43.6,82,22,Quiet,60.9,62,0,0,60.5,57,0,0,0,0,33.1,46,22,Quiet,0,0,57,62
69ecb8c865abc16ec8637c27,ESP32_GREENHOUSE_01,2026-04-25T12:51:20.092Z,14,33.21,33,33.5,33.5,46,46,46,46,26.4,41,29,Quiet,61.5,61,0,0,53.8,51,0,0,0,0,33.5,46,29,Quiet,0,0,51,61
69ecb8e665abc16ec8637c30,ESP32_GREENHOUSE_01,2026-04-25T12:51:50.104Z,15,33.38,33,33.9,33.8,46,46,46,46,35.5,73,23,Quiet,61.1,62,0,0,47.1,44,0,0,0,0,33.8,46,23,Quiet,0,0,44,62
69ecb90465abc16ec8637c3b,ESP32_GREENHOUSE_01,2026-04-25T12:52:20.105Z,15,33.27,33,33.6,33.4,46,46,46,46,70.6,153,153,CRYING,59.7,57,0,0,179.7,231,0,0,0,7,33.4,46,153,CRYING,0,0,231,57
69ecb92265abc16ec8637c48,ESP32_GREENHOUSE_01,2026-04-25T12:52:50.118Z,15,33.33,33,33.7,33.4,46,46,46,46,60.1,165,75,CRYING,60.3,60,0,0,230.9,232,0,0,0,5,33.4,46,75,Restless,0,0,232,60
69ecb92f65abc16ec8637c4f,ESP32_GREENHOUSE_01,2026-04-25T12:53:03.656Z,7,33.2,33,33.6,33.1,46,46,46,46,40.3,70,21,Quiet,61,62,0,0,230.4,231,0,0,0,1,33.1,46,21,Quiet,0,0,231,62
