_id,deviceId,ts,sampleCount,temp.avg,temp.min,temp.max,temp.last,humidity.avg,humidity.min,humidity.max,humidity.last,sound.avg,sound.max,sound.last,sound.event,comfort.avg,comfort.last,motion.samplesActive,motion.durationMs,light.avg,light.last,soundHist.QUIET,soundHist.LIGHT_ACTIVITY,soundHist.RESTLESS,soundHist.CRYING,lastRaw.temperature,lastRaw.humidity,lastRaw.sound_level,lastRaw.sound_event,lastRaw.motion,lastRaw.motion_duration,lastRaw.light,lastRaw.comfort
synthetic_000815,ESP32_GREENHOUSE_01,2026-04-24T06:47:00.000Z,15,30.01,29.4,30.7,30.2,72.46,71.9,72.5,72.5,80.9,172.2,75.2,LIGHT_ACTIVITY,54.8,55.0,3,1751,50,56.0,1,13,2,0,29.8,73.0,75.2,Light Activity,0,1751,54.6,55.0
synthetic_000010,ESP32_GREENHOUSE_01,2026-04-24T00:04:30.000Z,15,28.42,27.8,28.6,28.2,69.4,68.6,69.6,68.8,29.0,43.1,32.1,QUIET,63.2,63.0,0,124,78.9,78.2,15,2,0,0,28.6,68.6,32.1,Quiet,0,124,82.0,63.0
synthetic_001974,ESP32_GREENHOUSE_01,2026-04-24T16:26:30.000Z,15,31.62,31.4,32.3,31.6,65.02,63.6,65.7,64.2,768.6,790.9,858.6,CRYING,18.0,14.5,15,20039,446.2,454.7,0,0,2,14,31.7,64.3,858.6,CRYING,1,20039,445.7,14.5
synthetic_001685,ESP32_GREENHOUSE_01,2026-04-24T14:02:00.000Z,14,32.19,31.9,32.6,32.4,64.67,63.5,65.5,64.4,197.0,243.8,218.1,RESTLESS,39.0,38.2,5,19586,457.0,453.4,0,3,8,0,32.2,65.1,218.1,Restless,1,19586,456.9,38.2
synthetic_000533,ESP32_GREENHOUSE_01,2026-04-24T04:26:00.000Z,15,29.53,28.9,29.9,29.7,74.72,74.5,75.8,74.1,31.3,69.9,24.3,QUIET,56.6,56.9,1,1053,42.3,41.1,12,0,0,0,29.7,73.8,24.3,Quiet,0,1053,41.5,56.9
synthetic_001710,ESP32_GREENHOUSE_01,2026-04-24T14:14:30.000Z,15,31.62,31.3,32.3,31.4,65.14,64.7,66.4,65.0,149.6,249.8,126.9,RESTLESS,47.2,48.0,6,14343,471.7,472.8,1,4,9,0,31.7,65.0,126.9,Restless,1,14343,475.8,48.0
synthetic_001496,ESP32_GREENHOUSE_01,2026-04-24T12:27:30.000Z,14,32.17,31.7,32.8,32.1,68.77,68.8,70.3,69.3,136.1,406.9,174.4,RESTLESS,43.9,42.4,8,11334,453.8,445.6,1,4,11,1,32.2,69.3,174.4,Restless,1,11334,449.3,42.4
synthetic_002169,ESP32_GREENHOUSE_01,2026-04-24T18:04:00.000Z,14,31.01,30.3,31.6,31.2,65.34,64.6,65.6,65.0,506.7,644.9,490.1,CRYING,29.8,30.4,14,27147,388.7,392.3,0,0,0,13,30.9,66.2,490.1,CRYING,1,27147,384.6,30.4
synthetic_002322,ESP32_GREENHOUSE_01,2026-04-24T19:20:30.000Z,15,29.87,29.6,30.0,30.1,66.55,65.7,68.0,66.4,572.2,861.9,558.5,CRYING,29.6,30.2,14,20340,241.8,251.6,0,0,1,12,29.9,66.8,558.5,CRYING,1,20340,238.7,30.2
synthetic_000455,ESP32_GREENHOUSE_01,2026-04-24T03:47:00.000Z,14,29.29,28.7,29.8,29.1,69.29,69.1,69.9,69.4,21.9,47.7,27.3,QUIET,61.1,60.9,0,1271,79.4,86.5,12,2,0,0,29.2,70.0,27.3,Quiet,0,1271,81.1,60.9
synthetic_002377,ESP32_GREENHOUSE_01,2026-04-24T19:48:00.000Z,15,29.83,29.1,30.1,30.0,70.18,69.5,70.4,70.3,580.2,906.5,475.7,CRYING,27.2,31.3,11,25264,296.9,296.3,0,0,2,15,30.0,71.1,475.7,CRYING,1,25264,300.1,31.3
synthetic_002346,ESP32_GREENHOUSE_01,2026-04-24T19:32:30.000Z,14,29.54,29.3,29.7,29.5,65.94,64.6,66.4,66.1,449.7,806.9,508.2,CRYING,35.7,33.5,13,24390,253.0,255.5,0,0,1,14,29.5,65.7,508.2,CRYING,1,24390,251.1,33.5
synthetic_001706,ESP32_GREENHOUSE_01,2026-04-24T14:12:30.000Z,14,32.88,32.6,33.2,32.8,62.36,62.0,63.3,63.1,263.5,264.2,271.6,RESTLESS,37.0,36.7,6,15535,500,500.3,1,2,10,2,33.0,61.8,271.6,Restless,1,15535,497.1,36.7
synthetic_002324,ESP32_GREENHOUSE_01,2026-04-24T19:21:30.000Z,15,29.81,29.3,30.5,29.8,70.06,70.0,71.5,69.8,608.5,717.6,633.4,CRYING,26.2,25.2,11,20480,244.4,254.1,0,0,0,15,29.9,70.7,633.4,CRYING,1,20480,247.9,25.2
synthetic_000176,ESP32_GREENHOUSE_01,2026-04-24T01:27:30.000Z,14,28.95,28.2,29.6,28.7,73.38,72.8,73.4,73.5,15.7,39.0,23.3,QUIET,59.7,59.4,0,1020,50.1,56.6,15,1,0,0,29.1,74.3,23.3,Quiet,0,1020,51.5,59.4
synthetic_000535,ESP32_GREENHOUSE_01,2026-04-24T04:27:00.000Z,15,29.89,29.8,30.3,29.7,71.41,71.3,72.9,71.0,36.0,36.0,30.4,QUIET,57.5,57.7,2,1474,33.1,26.9,13,0,0,0,30.0,71.5,30.4,Quiet,0,1474,31.4,57.7
synthetic_001245,ESP32_GREENHOUSE_01,2026-04-24T10:22:00.000Z,15,32.35,32.0,32.5,32.3,67.33,67.0,68.7,67.0,135.6,347.8,193.8,RESTLESS,39.3,37.0,8,15858,406.7,403.6,1,3,12,1,32.5,67.0,193.8,Restless,1,15858,408.0,37.0
synthetic_001288,ESP32_GREENHOUSE_01,2026-04-24T10:43:30.000Z,14,32.26,31.7,32.8,32.3,67.16,65.7,68.6,67.5,187.3,336.5,168.4,RESTLESS,37.6,38.4,6,18173,330.0,320.6,1,1,8,1,32.1,66.3,168.4,Restless,1,18173,326.3,38.4
synthetic_000201,ESP32_GREENHOUSE_01,2026-04-24T01:40:00.000Z,15,28.58,27.9,28.9,28.6,71.98,70.9,73.1,72.4,38.2,46.4,52.3,QUIET,60.7,60.2,0,1428,39.4,31.4,15,0,0,0,28.4,71.9,52.3,Quiet,0,1428,36.7,60.2
synthetic_000397,ESP32_GREENHOUSE_01,2026-04-24T03:18:00.000Z,14,29.19,28.4,29.3,29.4,71.4,70.3,72.0,71.2,26.9,45.8,20.5,QUIET,59.8,60.1,0,1464,15.0,13.3,15,0,0,0,29.1,71.9,20.5,Quiet,0,1464,13.8,60.1
synthetic_001228,ESP32_GREENHOUSE_01,2026-04-24T10:13:30.000Z,15,32.93,32.8,33.6,32.9,65.92,65.4,66.4,65.5,241.0,245.7,222.7,RESTLESS,40.6,41.3,11,10862,315.6,323.0,0,1,10,0,32.8,66.1,222.7,Restless,1,10862,311.5,41.3
synthetic_001609,ESP32_GREENHOUSE_01,2026-04-24T13:24:00.000Z,14,32.96,32.8,33.7,33.2,66.08,64.7,66.4,65.5,284.7,384.9,256.5,RESTLESS,38.8,39.9,11,13881,461.0,465.9,1,4,10,1,32.8,66.2,256.5,Restless,1,13881,460.0,39.9
synthetic_000700,ESP32_GREENHOUSE_01,2026-04-24T05:49:30.000Z,14,30.1,29.7,30.4,30.2,70.56,70.5,70.9,71.4,104.6,124.8,110.6,LIGHT_ACTIVITY,49.8,49.5,5,6486,71.5,66.6,1,11,2,0,30.0,70.6,110.6,Light Activity,1,6486,66.9,49.5
synthetic_000939,ESP32_GREENHOUSE_01,2026-04-24T07:49:00.000Z,14,30.7,30.0,31.3,30.7,70.18,68.8,70.4,70.2,95.1,191.6,95.6,LIGHT_ACTIVITY,53.7,53.7,4,4120,75.9,75.0,2,9,2,0,30.9,69.2,95.6,Light Activity,1,4120,80.6,53.7
synthetic_002298,ESP32_GREENHOUSE_01,2026-04-24T19:08:30.000Z,15,30.26,30.1,31.0,30.2,65.2,64.0,66.1,65.2,571.6,1023,593.5,CRYING,29.4,28.6,9,18351,279.1,285.6,0,0,1,13,30.1,64.3,593.5,CRYING,1,18351,278.9,28.6
synthetic_000779,ESP32_GREENHOUSE_01,2026-04-24T06:29:00.000Z,14,30.76,30.6,31.0,30.8,72.34,71.2,73.4,72.5,89.1,189.6,98.0,LIGHT_ACTIVITY,52.4,52.1,5,2044,50,47.0,2,10,0,0,30.6,71.9,98.0,Light Activity,1,2044,49.8,52.1
synthetic_002018,ESP32_GREENHOUSE_01,2026-04-24T16:48:30.000Z,14,31.02,30.8,31.4,30.7,64.27,63.8,65.6,63.4,515.6,1023,572.1,CRYING,30.1,27.9,14,29426,433.7,443.3,0,0,2,12,31.1,64.8,572.1,CRYING,1,29426,437.9,27.9
synthetic_002294,ESP32_GREENHOUSE_01,2026-04-24T19:06:30.000Z,15,30.46,30.3,30.8,30.3,67.75,66.6,69.2,67.5,606.6,832.6,508.0,CRYING,25.9,29.8,8,29388,285.8,277.7,0,0,1,13,30.6,67.2,508.0,CRYING,1,29388,282.6,29.8
synthetic_000398,ESP32_GREENHOUSE_01,2026-04-24T03:18:30.000Z,15,29.84,29.1,30.5,30.0,74.16,73.6,75.2,74.4,37.6,42.4,54.2,QUIET,55.9,55.2,0,788,79.5,76.9,13,0,0,0,29.7,73.9,54.2,Quiet,0,788,78.7,55.2
synthetic_001425,ESP32_GREENHOUSE_01,2026-04-24T11:52:00.000Z,15,32.6,32.4,32.8,32.6,66.71,65.6,67.3,66.0,183.4,183.4,143.1,RESTLESS,42.4,44.0,11,11720,466.4,470.6,1,1,11,2,32.5,67.2,143.1,Restless,1,11720,467.1,44.0
synthetic_001576,ESP32_GREENHOUSE_01,2026-04-24T13:07:30.000Z,14,32.18,31.5,32.8,32.3,68.69,68.0,70.1,68.4,179.7,375.2,188.0,RESTLESS,42.2,41.9,8,12508,485.8,488.6,0,3,12,1,32.3,67.7,188.0,Restless,1,12508,482.3,41.9
synthetic_001509,ESP32_GREENHOUSE_01,2026-04-24T12:34:00.000Z,14,33.34,33.2,33.5,33.4,63.68,63.5,65.0,63.0,244.4,281.5,255.5,RESTLESS,41.9,41.5,9,8102,461.5,459.5,1,4,10,0,33.4,63.3,255.5,Restless,1,8102,464.5,41.5
synthetic_000735,ESP32_GREENHOUSE_01,2026-04-24T06:07:00.000Z,14,31.32,30.9,31.8,31.3,72.98,72.2,74.3,73.8,78.5,174.9,81.0,LIGHT_ACTIVITY,45.9,45.8,2,7644,50,40.2,3,11,1,0,31.2,73.6,81.0,Light Activity,0,7644,55.0,45.8
synthetic_002274,ESP32_GREENHOUSE_01,2026-04-24T18:56:30.000Z,15,29.97,29.7,30.5,30.1,65.97,65.9,66.9,66.7,361.9,752.6,302.5,CRYING,38.0,40.3,15,22887,347.4,352.4,0,0,1,12,29.9,66.6,302.5,CRYING,1,22887,346.2,40.3
synthetic_002376,ESP32_GREENHOUSE_01,2026-04-24T19:47:30.000Z,14,30.72,30.1,30.9,30.8,63.48,62.0,63.5,62.8,556.3,894.6,588.0,CRYING,29.8,28.6,13,25460,225.3,219.2,0,0,2,14,30.8,63.0,588.0,CRYING,1,25460,227.7,28.6
synthetic_001355,ESP32_GREENHOUSE_01,2026-04-24T11:17:00.000Z,14,32.05,31.7,32.3,31.9,64.56,63.5,65.3,64.1,140.1,214.7,154.5,RESTLESS,46.7,46.1,8,13182,455.7,450.4,0,1,11,2,31.9,64.7,154.5,Restless,1,13182,456.7,46.1
synthetic_002371,ESP32_GREENHOUSE_01,2026-04-24T19:45:00.000Z,15,29.58,28.8,29.8,29.6,70.04,69.3,71.5,70.0,474.4,747.4,625.8,CRYING,32.1,26.2,9,18071,338.2,347.3,0,0,1,14,29.6,69.7,625.8,CRYING,1,18071,338.0,26.2
synthetic_002065,ESP32_GREENHOUSE_01,2026-04-24T17:12:00.000Z,15,30.57,30.4,31.3,30.9,65.92,65.6,66.3,66.4,444.5,1006.1,492.5,CRYING,33.1,31.2,11,27434,394.4,394.8,0,0,0,14,30.5,65.9,492.5,CRYING,1,27434,393.2,31.2
synthetic_001813,ESP32_GREENHOUSE_01,2026-04-24T15:06:00.000Z,14,32.28,31.9,32.9,32.4,62.61,61.2,63.0,62.0,605.1,1023,633.4,CRYING,24.1,23.0,11,23504,490.7,496.5,0,0,1,15,32.3,63.0,633.4,CRYING,1,23504,487.6,23.0
synthetic_001436,ESP32_GREENHOUSE_01,2026-04-24T11:57:30.000Z,15,33.15,32.8,33.9,33.3,71.25,70.3,72.2,71.4,138.1,320.9,101.0,RESTLESS,36.3,37.8,5,20892,466.2,456.5,0,2,11,0,33.1,71.2,101.0,Restless,1,20892,463.7,37.8
synthetic_000186,ESP32_GREENHOUSE_01,2026-04-24T01:32:30.000Z,14,28.41,28.2,28.8,28.3,74.62,73.7,76.0,74.1,35.3,68.2,29.4,QUIET,59.7,59.9,2,1086,76.5,67.3,15,2,0,0,28.6,74.4,29.4,Quiet,0,1086,79.5,59.9
synthetic_001622,ESP32_GREENHOUSE_01,2026-04-24T13:30:30.000Z,14,31.96,31.4,32.1,31.8,68.38,68.0,68.5,68.3,168.8,273.6,159.1,RESTLESS,43.4,43.8,10,11062,500,496.9,1,4,9,1,31.9,68.4,159.1,Restless,1,11062,504.1,43.8
synthetic_001765,ESP32_GREENHOUSE_01,2026-04-24T14:42:00.000Z,15,32.76,32.2,33.6,32.8,62.98,62.5,63.5,62.0,82.5,340.9,83.0,RESTLESS,43.7,43.6,8,15165,500,507.6,1,4,8,2,32.6,63.3,83.0,Restless,1,15165,497.8,43.6
synthetic_000400,ESP32_GREENHOUSE_01,2026-04-24T03:19:30.000Z,15,29.24,28.7,29.9,29.4,75.21,73.8,76.5,74.4,25.7,66.8,21.5,QUIET,57.4,57.5,1,1416,68.1,69.6,14,2,0,0,29.4,75.8,21.5,Quiet,0,1416,65.8,57.5
synthetic_000073,ESP32_GREENHOUSE_01,2026-04-24T00:36:00.000Z,15,28.0,27.8,28.7,28.2,75.27,74.8,75.7,75.1,20.4,69.6,24.8,QUIET,61.0,60.8,0,129,22.8,29.1,15,0,0,0,28.0,74.3,24.8,Quiet,0,129,24.3,60.8
synthetic_002132,ESP32_GREENHOUSE_01,2026-04-24T17:45:30.000Z,15,31.14,30.6,31.4,31.0,61.62,60.7,61.7,62.2,401.8,660.8,384.0,CRYING,35.8,36.5,14,23694,413.1,416.6,0,0,2,12,31.2,62.6,384.0,CRYING,1,23694,411.4,36.5
synthetic_000311,ESP32_GREENHOUSE_01,2026-04-24T02:35:00.000Z,15,28.79,28.1,29.0,28.8,72.68,71.4,73.3,71.8,21.6,42.7,14.9,QUIET,60.4,60.6,2,703,45.3,38.8,12,0,0,0,28.9,73.2,14.9,Quiet,0,703,49.1,60.6
synthetic_000040,ESP32_GREENHOUSE_01,2026-04-24T00:19:30.000Z,14,28.0,27.6,28.2,27.8,73.03,72.1,74.1,72.3,40.1,71.8,47.7,QUIET,61.6,61.3,1,850,45.6,37.0,15,1,0,0,28.1,73.7,47.7,Quiet,0,850,44.0,61.3
synthetic_001315,ESP32_GREENHOUSE_01,2026-04-24T10:57:00.000Z,14,32.06,31.8,32.2,32.3,68.69,68.5,69.5,69.1,167.2,278.0,122.7,RESTLESS,43.0,44.8,12,11845,364.3,361.9,1,1,10,1,32.0,68.9,122.7,Restless,1,11845,360.5,44.8
synthetic_000347,ESP32_GREENHOUSE_01,2026-04-24T02:53:00.000Z,15,28.2,27.9,29.0,28.0,73.88,73.8,75.0,74.2,18.7,62.2,25.1,QUIET,61.4,61.1,0,1469,20.2,23.0,12,0,0,0,28.4,73.0,25.1,Quiet,0,1469,21.5,61.1
synthetic_002351,ESP32_GREENHOUSE_01,2026-04-24T19:35:00.000Z,14,30.39,30.2,30.9,30.6,67.44,67.3,68.9,68.3,553.9,883.1,614.6,CRYING,28.4,26.0,9,29092,274.3,272.5,0,0,1,13,30.3,66.7,614.6,CRYING,1,29092,276.7,26.0
synthetic_000993,ESP32_GREENHOUSE_01,2026-04-24T08:16:00.000Z,15,31.33,30.6,31.7,31.1,70.14,69.5,70.2,70.2,75.3,180.0,65.9,LIGHT_ACTIVITY,47.7,48.1,3,7685,172.1,169.0,1,10,0,0,31.4,70.2,65.9,Light Activity,0,7685,173.6,48.1
synthetic_000820,ESP32_GREENHOUSE_01,2026-04-24T06:49:30.000Z,14,30.75,30.0,31.2,31.0,71.03,70.3,71.8,70.1,77.6,127.7,80.6,LIGHT_ACTIVITY,48.7,48.6,2,6792,50,51.6,3,9,1,0,30.9,70.4,80.6,Light Activity,0,6792,46.2,48.6
synthetic_001885,ESP32_GREENHOUSE_01,2026-04-24T15:42:00.000Z,14,31.65,31.2,31.9,31.9,64.46,63.3,65.5,65.1,674.4,723.5,584.1,CRYING,22.0,25.5,15,26875,500,498.8,0,0,2,12,31.5,64.9,584.1,CRYING,1,26875,503.7,25.5
synthetic_002266,ESP32_GREENHOUSE_01,2026-04-24T18:52:30.000Z,14,30.7,30.4,31.0,31.0,66.58,66.3,67.7,66.2,514.4,589.7,564.4,CRYING,29.6,27.6,13,18746,358.6,360.4,0,0,2,15,30.5,66.3,564.4,CRYING,1,18746,363.5,27.6
synthetic_000553,ESP32_GREENHOUSE_01,2026-04-24T04:36:00.000Z,14,29.98,29.6,30.6,30.1,77.55,76.9,78.8,76.9,20.7,59.4,12.3,QUIET,54.0,54.4,0,815,39.5,32.1,12,1,0,0,30.0,77.9,12.3,Quiet,0,815,34.6,54.4
synthetic_001254,ESP32_GREENHOUSE_01,2026-04-24T10:26:30.000Z,15,32.19,31.6,32.9,31.9,65.92,65.3,67.3,65.4,153.0,270.8,178.4,RESTLESS,44.9,43.9,10,14726,359.9,367.2,0,2,8,2,32.1,65.6,178.4,Restless,1,14726,359.5,43.9
synthetic_000980,ESP32_GREENHOUSE_01,2026-04-24T08:09:30.000Z,14,31.28,30.6,32.0,31.2,70.31,70.2,70.8,71.0,78.8,129.8,75.2,LIGHT_ACTIVITY,47.6,47.8,2,5486,182.2,186.3,2,11,0,0,31.3,70.1,75.2,Light Activity,0,5486,178.8,47.8
synthetic_000148,ESP32_GREENHOUSE_01,2026-04-24T01:13:30.000Z,15,28.72,28.5,29.2,28.5,73.58,73.1,74.6,72.8,29.2,63.2,32.2,QUIET,59.7,59.6,2,997,76.4,81.0,14,0,0,0,28.9,74.5,32.2,Quiet,0,997,75.3,59.6
synthetic_001671,ESP32_GREENHOUSE_01,2026-04-24T13:55:00.000Z,15,31.79,31.4,32.5,32.1,64.17,62.9,64.3,64.9,107.3,267.2,153.5,RESTLESS,43.9,42.1,9,17509,475.6,484.0,1,2,10,2,31.8,64.0,153.5,Restless,1,17509,476.9,42.1
synthetic_000082,ESP32_GREENHOUSE_01,2026-04-24T00:40:30.000Z,14,28.94,28.4,29.2,28.9,70.97,70.3,71.5,70.3,17.6,48.1,14.0,QUIET,61.2,61.3,2,831,66.3,73.5,14,1,0,0,28.9,71.9,14.0,Quiet,0,831,64.8,61.3
synthetic_001132,ESP32_GREENHOUSE_01,2026-04-24T09:25:30.000Z,15,31.85,31.2,32.6,31.6,68.97,68.6,70.4,69.3,75.6,157.5,82.2,LIGHT_ACTIVITY,52.0,51.7,6,2668,238.7,238.1,1,9,1,0,32.0,69.0,82.2,Light Activity,1,2668,234.5,51.7
synthetic_001325,ESP32_GREENHOUSE_01,2026-04-24T11:02:00.000Z,15,31.63,31.4,32.1,31.5,68.77,68.1,70.1,68.3,153.4,290.6,106.4,RESTLESS,39.7,41.5,6,20119,444.6,444.5,1,4,9,0,31.7,69.6,106.4,Restless,1,20119,441.6,41.5
synthetic_002284,ESP32_GREENHOUSE_01,2026-04-24T19:01:30.000Z,15,30.06,29.4,30.7,30.0,67.05,66.1,68.5,66.9,646.1,646.1,588.3,CRYING,25.9,28.2,10,26684,300.0,297.4,0,0,2,15,29.9,67.1,588.3,CRYING,1,26684,296.3,28.2
synthetic_000365,ESP32_GREENHOUSE_01,2026-04-24T03:02:00.000Z,14,28.88,28.1,29.5,28.9,77.4,77.0,78.2,77.3,34.0,69.3,33.9,QUIET,56.7,56.7,2,561,71.7,80.5,13,2,0,0,28.9,78.3,33.9,Quiet,0,561,67.2,56.7
synthetic_000547,ESP32_GREENHOUSE_01,2026-04-24T04:33:00.000Z,15,29.8,29.4,30.2,29.9,75.03,75.0,76.1,75.3,21.1,54.3,22.0,QUIET,56.1,56.1,1,286,54.2,61.6,15,2,0,0,29.6,74.9,22.0,Quiet,0,286,52.5,56.1
synthetic_001376,ESP32_GREENHOUSE_01,2026-04-24T11:27:30.000Z,15,31.89,31.6,32.2,32.2,68.45,67.7,69.8,67.5,168.4,293.0,147.6,RESTLESS,38.6,39.4,5,20441,438.5,445.5,0,2,9,2,31.8,69.1,147.6,Restless,1,20441,441.7,39.4
synthetic_000124,ESP32_GREENHOUSE_01,2026-04-24T01:01:30.000Z,14,28.64,28.0,29.2,28.6,72.45,71.4,73.4,71.8,26.6,49.9,22.9,QUIET,60.7,60.9,0,899,28.4,21.2,12,0,0,0,28.5,71.9,22.9,Quiet,0,899,24.0,60.9
synthetic_001317,ESP32_GREENHOUSE_01,2026-04-24T10:58:00.000Z,14,32.01,31.5,32.2,32.2,67.19,65.9,68.1,66.8,168.9,249.1,129.5,RESTLESS,44.0,45.6,8,12289,430.1,439.1,0,3,8,0,31.9,66.4,129.5,Restless,1,12289,432.1,45.6
synthetic_001786,ESP32_GREENHOUSE_01,2026-04-24T14:52:30.000Z,15,32.61,32.3,32.7,32.4,67.16,66.1,67.5,66.6,181.5,347.3,190.2,RESTLESS,42.2,41.8,8,9758,472.7,475.8,1,4,12,0,32.7,67.5,190.2,Restless,1,9758,476.6,41.8
synthetic_002362,ESP32_GREENHOUSE_01,2026-04-24T19:40:30.000Z,14,30.25,29.8,30.8,30.1,68.54,68.0,68.9,68.7,316.7,684.4,305.7,CRYING,37.3,37.8,12,17072,264.6,268.6,0,0,1,12,30.3,69.2,305.7,CRYING,1,17072,264.9,37.8
synthetic_001286,ESP32_GREENHOUSE_01,2026-04-24T10:42:30.000Z,15,32.47,32.3,32.9,32.6,65.82,65.8,66.0,65.2,203.8,273.1,191.0,RESTLESS,37.2,37.7,7,18789,375.5,379.1,0,1,10,1,32.5,65.3,191.0,Restless,1,18789,372.2,37.7
synthetic_001545,ESP32_GREENHOUSE_01,2026-04-24T12:52:00.000Z,15,32.74,32.2,33.1,32.5,68.03,67.4,69.0,67.7,112.9,278.1,110.3,RESTLESS,44.3,44.4,10,9651,438.7,447.1,0,2,8,2,32.8,68.9,110.3,Restless,1,9651,434.0,44.4
synthetic_002248,ESP32_GREENHOUSE_01,2026-04-24T18:43:30.000Z,14,31.13,30.7,31.5,31.4,66.72,66.1,67.9,66.2,352.8,965.8,493.6,CRYING,34.6,29.1,12,16162,385.9,390.1,0,0,2,12,31.2,67.2,493.6,CRYING,1,16162,389.8,29.1
synthetic_000445,ESP32_GREENHOUSE_01,2026-04-24T03:42:00.000Z,15,29.42,29.0,30.1,29.6,70.73,70.4,70.9,70.5,49.2,49.2,43.6,QUIET,58.7,59.0,0,787,47.5,41.6,12,2,0,0,29.6,70.5,43.6,Quiet,0,787,47.2,59.0
synthetic_000453,ESP32_GREENHOUSE_01,2026-04-24T03:46:00.000Z,14,28.5,28.3,29.2,28.5,74.84,73.4,76.0,74.0,30.7,53.7,28.6,QUIET,59.5,59.6,0,1161,52.5,44.4,15,0,0,0,28.4,75.7,28.6,Quiet,0,1161,49.1,59.6
synthetic_000817,ESP32_GREENHOUSE_01,2026-04-24T06:48:00.000Z,15,30.49,30.1,31.2,30.3,66.92,66.1,67.5,66.1,73.6,173.0,70.7,LIGHT_ACTIVITY,57.2,57.3,4,3581,50,52.1,2,11,1,0,30.4,67.3,70.7,Light Activity,1,3581,50.5,57.3
synthetic_001745,ESP32_GREENHOUSE_01,2026-04-24T14:32:00.000Z,15,32.91,32.7,33.6,33.1,64.27,64.1,65.5,64.8,129.0,211.8,127.5,RESTLESS,41.0,41.1,11,15590,500,500.6,1,4,11,1,32.9,63.4,127.5,Restless,1,15590,501.7,41.1
synthetic_002228,ESP32_GREENHOUSE_01,2026-04-24T18:33:30.000Z,14,30.02,29.2,30.7,30.3,66.83,66.8,67.3,66.0,584.0,591.6,648.7,CRYING,28.6,26.1,12,22779,367.0,366.7,0,0,0,13,29.9,66.8,648.7,CRYING,1,22779,371.4,26.1
synthetic_002188,ESP32_GREENHOUSE_01,2026-04-24T18:13:30.000Z,14,29.98,29.6,30.2,30.2,66.66,65.7,68.0,65.8,444.6,793.9,476.2,CRYING,34.3,33.0,13,20329,307.1,315.0,0,0,2,14,30.1,66.2,476.2,CRYING,1,20329,311.2,33.0
synthetic_002110,ESP32_GREENHOUSE_01,2026-04-24T17:34:30.000Z,14,30.85,30.4,31.5,30.8,67.16,66.6,68.4,67.7,615.6,820.1,690.9,CRYING,24.8,21.9,11,22400,434.8,444.1,0,0,1,12,30.7,66.6,690.9,CRYING,1,22400,436.5,21.9
synthetic_002387,ESP32_GREENHOUSE_01,2026-04-24T19:53:00.000Z,14,29.99,29.4,30.7,29.8,74.0,73.1,75.3,74.7,527.0,929.1,628.1,CRYING,26.4,22.5,10,16546,297.9,293.9,0,0,0,12,29.9,73.5,628.1,CRYING,1,16546,295.9,22.5
synthetic_001243,ESP32_GREENHOUSE_01,2026-04-24T10:21:00.000Z,15,31.79,31.3,32.5,31.6,70.79,70.0,71.6,71.4,127.2,338.1,85.0,RESTLESS,39.0,40.7,8,18479,345.4,346.0,0,3,9,0,31.9,71.5,85.0,Restless,1,18479,343.7,40.7
synthetic_000419,ESP32_GREENHOUSE_01,2026-04-24T03:29:00.000Z,14,28.86,28.5,29.5,28.8,71.9,70.5,72.3,71.4,32.2,61.3,28.9,QUIET,60.2,60.4,2,1346,60.0,60.6,13,1,0,0,28.9,71.7,28.9,Quiet,0,1346,58.3,60.4
synthetic_000413,ESP32_GREENHOUSE_01,2026-04-24T03:26:00.000Z,14,28.78,28.0,29.0,28.8,76.95,76.4,77.6,76.2,42.1,67.6,45.8,QUIET,56.9,56.8,0,196,21.8,26.3,14,1,0,0,28.7,76.2,45.8,Quiet,0,196,20.8,56.8
synthetic_001941,ESP32_GREENHOUSE_01,2026-04-24T16:10:00.000Z,14,31.16,30.7,31.7,31.0,64.5,63.9,64.5,64.0,401.2,791.6,401.7,CRYING,34.0,34.0,15,29024,404.1,401.7,0,0,1,12,31.0,64.4,401.7,CRYING,1,29024,407.9,34.0
synthetic_002218,ESP32_GREENHOUSE_01,2026-04-24T18:28:30.000Z,14,30.67,30.5,31.1,30.8,66.14,65.5,66.5,66.2,732.1,732.1,740.3,CRYING,21.4,21.1,15,15204,377.5,382.7,0,0,2,15,30.7,65.2,740.3,CRYING,1,15204,377.6,21.1
synthetic_000117,ESP32_GREENHOUSE_01,2026-04-24T00:58:00.000Z,15,28.44,28.2,29.1,28.5,69.64,68.6,70.0,69.4,26.2,52.1,35.2,QUIET,63.1,62.7,1,216,77.6,76.9,12,0,0,0,28.5,70.0,35.2,Quiet,0,216,74.1,62.7
synthetic_000617,ESP32_GREENHOUSE_01,2026-04-24T05:08:00.000Z,14,29.86,29.4,30.0,29.7,73.74,73.5,75.2,72.8,90.4,136.0,89.3,LIGHT_ACTIVITY,49.0,49.1,6,7626,16.2,22.7,1,11,2,0,30.0,74.2,89.3,Light Activity,1,7626,16.4,49.1
synthetic_001716,ESP32_GREENHOUSE_01,2026-04-24T14:17:30.000Z,14,32.31,31.6,32.7,32.2,69.25,68.5,69.8,69.2,200.9,340.8,201.7,RESTLESS,40.6,40.6,10,14177,500,510.0,0,1,10,0,32.3,70.2,201.7,Restless,1,14177,503.8,40.6
synthetic_002072,ESP32_GREENHOUSE_01,2026-04-24T17:15:30.000Z,15,31.08,30.5,31.4,31.2,66.02,64.9,66.3,66.3,521.5,797.1,429.9,CRYING,28.6,32.2,14,24879,407.6,403.0,0,0,1,14,31.0,65.8,429.9,CRYING,1,24879,409.1,32.2
synthetic_000256,ESP32_GREENHOUSE_01,2026-04-24T02:07:30.000Z,14,29.27,28.8,29.9,29.3,75.77,75.8,77.2,76.1,41.6,41.6,40.1,QUIET,56.3,56.4,2,1385,67.5,69.4,13,0,0,0,29.1,75.7,40.1,Quiet,0,1385,63.0,56.4
synthetic_000571,ESP32_GREENHOUSE_01,2026-04-24T04:45:00.000Z,14,29.94,29.3,30.3,29.7,72.55,71.6,74.0,72.6,29.1,63.1,33.9,QUIET,56.9,56.7,1,940,23.8,19.2,12,2,0,0,30.1,73.2,33.9,Quiet,0,940,24.2,56.7
synthetic_000130,ESP32_GREENHOUSE_01,2026-04-24T01:04:30.000Z,15,28.5,27.9,29.0,28.3,72.35,71.7,73.4,73.1,21.3,67.1,15.2,QUIET,61.4,61.6,2,1331,49.4,41.1,13,1,0,0,28.3,72.9,15.2,Quiet,0,1331,50.3,61.6
synthetic_001260,ESP32_GREENHOUSE_01,2026-04-24T10:29:30.000Z,15,31.65,31.2,31.9,31.9,69.61,68.4,70.7,69.8,190.7,234.7,197.5,RESTLESS,37.7,37.4,11,15293,286.1,277.0,1,2,10,0,31.5,68.9,197.5,Restless,1,15293,286.4,37.4
synthetic_002035,ESP32_GREENHOUSE_01,2026-04-24T16:57:00.000Z,14,31.51,30.9,32.1,31.6,67.12,67.0,68.3,66.5,515.9,818.7,515.9,CRYING,26.9,26.9,10,23948,447.4,446.5,0,0,1,15,31.3,67.8,515.9,CRYING,1,23948,443.0,26.9
synthetic_001593,ESP32_GREENHOUSE_01,2026-04-24T13:16:00.000Z,14,32.68,32.4,33.3,32.4,67.11,66.7,67.4,67.2,150.3,232.0,117.1,RESTLESS,43.4,44.7,12,10288,496.7,490.5,1,4,11,0,32.7,67.9,117.1,Restless,1,10288,494.1,44.7
synthetic_000530,ESP32_GREENHOUSE_01,2026-04-24T04:24:30.000Z,14,29.44,29.1,29.9,29.2,69.9,68.4,70.8,69.7,30.1,49.6,28.0,QUIET,60.0,60.0,2,639,23.6,22.2,14,1,0,0,29.3,69.7,28.0,Quiet,0,639,21.4,60.0
synthetic_002059,ESP32_GREENHOUSE_01,2026-04-24T17:09:00.000Z,14,31.45,31.2,31.8,31.4,65.14,64.8,65.7,65.2,585.2,777.9,518.2,CRYING,25.6,28.2,15,15585,424.9,425.4,0,0,1,15,31.3,64.7,518.2,CRYING,1,15585,422.0,28.2
synthetic_002330,ESP32_GREENHOUSE_01,2026-04-24T19:24:30.000Z,15,30.12,29.4,30.9,30.3,63.74,63.6,64.7,64.4,381.2,771.7,459.7,CRYING,38.2,35.1,12,25145,232.3,242.0,0,0,2,12,30.3,64.7,459.7,CRYING,1,25145,230.0,35.1
synthetic_000688,ESP32_GREENHOUSE_01,2026-04-24T05:43:30.000Z,14,30.94,30.3,31.2,31.0,73.64,73.2,74.0,72.7,86.9,154.8,76.9,LIGHT_ACTIVITY,51.2,51.6,5,4204,75.3,65.5,3,11,0,0,30.8,73.5,76.9,Light Activity,1,4204,72.2,51.6
synthetic_001709,ESP32_GREENHOUSE_01,2026-04-24T14:14:00.000Z,15,32.46,31.7,32.8,32.5,66.8,66.4,67.1,66.7,179.4,264.9,170.4,RESTLESS,42.6,42.9,6,8838,477.4,481.7,0,3,8,2,32.3,66.0,170.4,Restless,1,8838,479.2,42.9
synthetic_001573,ESP32_GREENHOUSE_01,2026-04-24T13:06:00.000Z,14,32.03,31.8,32.3,32.1,68.52,68.2,69.6,69.2,180.2,260.8,159.3,RESTLESS,37.7,38.5,7,15247,500,509.9,1,4,11,1,32.0,69.0,159.3,Restless,1,15247,496.3,38.5
synthetic_001739,ESP32_GREENHOUSE_01,2026-04-24T14:29:00.000Z,15,31.66,31.2,32.4,31.9,63.83,62.8,64.1,63.5,167.1,362.5,153.1,RESTLESS,42.2,42.7,10,18868,479.8,472.4,1,4,11,0,31.7,63.1,153.1,Restless,1,18868,484.5,42.7
synthetic_001274,ESP32_GREENHOUSE_01,2026-04-24T10:36:30.000Z,15,32.16,32.0,32.7,32.3,66.57,66.0,67.3,66.9,208.3,343.1,191.4,RESTLESS,42.5,43.1,10,11421,325.0,332.2,0,4,11,2,32.0,66.1,191.4,Restless,1,11421,323.1,43.1
synthetic_001778,ESP32_GREENHOUSE_01,2026-04-24T14:48:30.000Z,15,32.57,31.9,33.1,32.8,66.06,65.3,66.6,66.2,177.7,344.6,163.0,RESTLESS,43.0,43.6,12,14466,500,502.6,0,2,12,1,32.6,66.3,163.0,Restless,1,14466,499.5,43.6
synthetic_001148,ESP32_GREENHOUSE_01,2026-04-24T09:33:30.000Z,14,31.77,31.4,31.9,31.8,65.18,64.6,66.7,65.2,120.4,177.3,116.9,LIGHT_ACTIVITY,52.8,53.0,2,4816,293.2,291.6,1,12,2,0,31.6,65.3,116.9,Light Activity,0,4816,296.5,53.0
synthetic_001252,ESP32_GREENHOUSE_01,2026-04-24T10:25:30.000Z,14,32.62,32.1,32.8,32.6,64.98,64.4,65.2,65.3,127.6,320.0,121.8,RESTLESS,40.6,40.9,5,21618,367.3,362.8,1,3,8,2,32.5,64.6,121.8,Restless,1,21618,370.1,40.9
synthetic_002023,ESP32_GREENHOUSE_01,2026-04-24T16:51:00.000Z,14,30.64,30.3,31.4,30.9,64.74,63.5,65.8,65.6,673.7,936.3,550.2,CRYING,24.7,29.5,11,18770,499.7,505.2,0,0,2,14,30.6,64.8,550.2,CRYING,1,18770,502.3,29.5
synthetic_001266,ESP32_GREENHOUSE_01,2026-04-24T10:32:30.000Z,15,31.91,31.3,32.2,31.8,67.82,67.4,67.9,67.0,169.2,336.1,172.7,RESTLESS,38.9,38.8,11,18989,353.8,347.5,0,2,8,0,31.8,67.2,172.7,Restless,1,18989,352.7,38.8
synthetic_001276,ESP32_GREENHOUSE_01,2026-04-24T10:37:30.000Z,14,32.23,31.4,32.6,32.4,71.31,70.0,71.6,70.4,188.5,288.0,218.5,RESTLESS,35.1,33.9,9,19483,317.7,319.6,1,2,8,2,32.4,72.1,218.5,Restless,1,19483,316.3,33.9
synthetic_001749,ESP32_GREENHOUSE_01,2026-04-24T14:34:00.000Z,15,31.97,31.4,32.2,32.0,61.71,60.6,62.6,60.8,171.0,402.6,174.9,RESTLESS,42.5,42.3,6,20631,500,502.1,1,2,11,1,31.9,62.5,174.9,Restless,1,20631,499.0,42.3
synthetic_000674,ESP32_GREENHOUSE_01,2026-04-24T05:36:30.000Z,15,30.43,30.0,30.8,30.3,66.95,65.5,67.9,66.9,87.2,158.8,107.5,LIGHT_ACTIVITY,56.8,56.0,3,3587,10.2,2.4,3,12,2,0,30.4,66.6,107.5,Light Activity,0,3587,6.6,56.0
synthetic_000747,ESP32_GREENHOUSE_01,2026-04-24T06:13:00.000Z,14,31.03,30.3,31.7,30.8,71.8,70.7,71.8,72.1,72.7,218.2,83.6,LIGHT_ACTIVITY,52.6,52.2,3,3471,50,50.3,2,13,1,0,31.1,72.6,83.6,Light Activity,0,3471,48.9,52.2
synthetic_000426,ESP32_GREENHOUSE_01,2026-04-24T03:32:30.000Z,15,29.13,28.4,29.4,29.0,73.5,73.3,74.2,72.7,40.4,73.2,33.1,QUIET,58.2,58.5,1,724,42.2,42.5,12,0,0,0,29.0,72.7,33.1,Quiet,0,724,42.1,58.5
synthetic_001683,ESP32_GREENHOUSE_01,2026-04-24T14:01:00.000Z,14,32.0,31.7,32.7,31.8,67.65,67.6,68.3,67.7,203.1,319.0,229.1,RESTLESS,42.4,41.4,12,12420,496.4,488.6,0,3,12,2,32.1,67.0,229.1,Restless,1,12420,499.0,41.4
synthetic_001700,ESP32_GREENHOUSE_01,2026-04-24T14:09:30.000Z,14,32.08,31.8,32.6,31.9,69.19,68.8,70.6,69.7,198.1,303.9,186.8,RESTLESS,36.4,36.9,5,15818,487.2,484.5,0,2,10,2,32.2,68.5,186.8,Restless,1,15818,484.7,36.9
synthetic_002268,ESP32_GREENHOUSE_01,2026-04-24T18:53:30.000Z,15,30.85,30.1,31.3,30.9,62.68,62.4,64.1,62.3,464.7,1023,522.0,CRYING,33.5,31.3,10,25677,324.8,321.7,0,0,1,14,30.8,63.1,522.0,CRYING,1,25677,329.2,31.3
synthetic_001617,ESP32_GREENHOUSE_01,2026-04-24T13:28:00.000Z,15,32.5,32.0,33.1,32.6,65.39,64.5,66.6,64.6,199.2,336.9,222.9,RESTLESS,37.6,36.7,11,17594,466.7,470.2,0,2,9,1,32.4,66.3,222.9,Restless,1,17594,462.0,36.7
synthetic_001156,ESP32_GREENHOUSE_01,2026-04-24T09:37:30.000Z,15,32.0,31.6,32.3,31.7,68.82,68.6,69.6,69.1,85.7,145.3,88.3,LIGHT_ACTIVITY,51.3,51.2,7,1608,364.0,356.3,3,9,1,0,32.2,68.5,88.3,Light Activity,1,1608,366.5,51.2
synthetic_000682,ESP32_GREENHOUSE_01,2026-04-24T05:40:30.000Z,15,30.03,29.6,30.1,30.0,69.65,69.6,69.9,68.7,86.8,183.8,92.9,LIGHT_ACTIVITY,56.2,56.0,3,3512,20.7,13.8,0,11,0,0,29.9,70.4,92.9,Light Activity,0,3512,24.0,56.0
synthetic_000322,ESP32_GREENHOUSE_01,2026-04-24T02:40:30.000Z,15,28.51,27.8,29.1,28.5,70.45,70.1,71.1,69.5,32.3,40.0,20.1,QUIET,62.1,62.6,2,787,26.8,36.0,14,2,0,0,28.7,71.3,20.1,Quiet,0,787,24.8,62.6
synthetic_002005,ESP32_GREENHOUSE_01,2026-04-24T16:42:00.000Z,15,30.89,30.5,31.5,31.0,69.05,68.4,70.1,69.7,474.5,944.8,445.8,CRYING,29.0,30.2,14,28417,444.0,450.2,0,0,0,14,30.9,69.3,445.8,CRYING,1,28417,446.7,30.2
synthetic_000994,ESP32_GREENHOUSE_01,2026-04-24T08:16:30.000Z,15,30.85,30.1,31.4,30.9,74.79,73.4,75.0,74.3,105.6,199.4,108.7,LIGHT_ACTIVITY,45.0,44.9,2,5139,224.6,224.5,2,13,1,0,30.7,74.8,108.7,Light Activity,0,5139,222.7,44.9
synthetic_000628,ESP32_GREENHOUSE_01,2026-04-24T05:13:30.000Z,14,29.11,28.6,29.6,29.3,76.22,76.0,76.7,75.7,78.4,122.1,62.9,LIGHT_ACTIVITY,55.0,55.6,3,4661,11.7,16.5,1,11,2,0,29.2,76.2,62.9,Light Activity,0,4661,12.8,55.6
synthetic_001871,ESP32_GREENHOUSE_01,2026-04-24T15:35:00.000Z,14,31.57,30.8,31.8,31.6,60.79,59.4,61.3,60.8,504.2,813.9,548.3,CRYING,31.1,29.4,8,26233,500,496.0,0,0,0,14,31.5,60.9,548.3,CRYING,1,26233,502.7,29.4
synthetic_001693,ESP32_GREENHOUSE_01,2026-04-24T14:06:00.000Z,15,32.41,32.2,32.5,32.4,65.62,65.0,65.8,64.9,193.3,359.8,166.3,RESTLESS,37.9,39.0,11,15648,458.6,456.5,0,4,9,0,32.6,65.6,166.3,Restless,1,15648,453.7,39.0
synthetic_001217,ESP32_GREENHOUSE_01,2026-04-24T10:08:00.000Z,15,32.27,31.5,32.9,32.2,64.78,64.1,65.8,65.0,163.1,409.7,184.7,RESTLESS,40.0,39.2,8,15937,385.6,393.6,1,3,8,0,32.4,64.0,184.7,Restless,1,15937,390.2,39.2
synthetic_000914,ESP32_GREENHOUSE_01,2026-04-24T07:36:30.000Z,14,30.95,30.8,31.7,30.7,70.04,69.4,71.5,69.1,71.5,195.3,65.5,LIGHT_ACTIVITY,49.0,49.3,3,6930,146.2,144.2,3,9,1,0,31.0,70.8,65.5,Light Activity,0,6930,141.4,49.3
synthetic_001517,ESP32_GREENHOUSE_01,2026-04-24T12:38:00.000Z,14,31.91,31.1,32.3,32.0,69.22,69.2,70.1,69.9,141.2,148.8,126.1,RESTLESS,39.1,39.7,11,17938,436.9,441.4,0,2,8,1,31.7,68.9,126.1,Restless,1,17938,439.1,39.7
synthetic_001033,ESP32_GREENHOUSE_01,2026-04-24T08:36:00.000Z,15,30.61,30.4,30.8,30.4,69.53,69.4,69.8,69.9,95.4,157.6,97.0,LIGHT_ACTIVITY,54.4,54.3,2,4036,151.2,147.5,1,11,1,0,30.6,68.6,97.0,Light Activity,0,4036,151.2,54.3
synthetic_000810,ESP32_GREENHOUSE_01,2026-04-24T06:44:30.000Z,15,30.29,30.0,30.5,30.2,73.05,72.9,73.1,72.2,106.9,175.3,104.8,LIGHT_ACTIVITY,52.6,52.7,4,2983,50,45.6,3,12,1,0,30.5,72.2,104.8,Light Activity,1,2983,54.1,52.7
synthetic_001242,ESP32_GREENHOUSE_01,2026-04-24T10:20:30.000Z,14,32.2,31.4,32.7,32.1,66.84,66.0,68.0,66.4,188.3,296.0,184.6,RESTLESS,38.0,38.1,6,20450,352.4,358.6,1,3,9,2,32.3,67.8,184.6,Restless,1,20450,349.7,38.1
synthetic_000956,ESP32_GREENHOUSE_01,2026-04-24T07:57:30.000Z,14,30.93,30.5,31.1,30.7,70.9,70.0,71.9,71.3,109.1,133.8,118.3,LIGHT_ACTIVITY,52.1,51.7,2,2292,76.7,73.3,1,12,0,0,30.8,71.0,118.3,Light Activity,0,2292,79.7,51.7
synthetic_001311,ESP32_GREENHOUSE_01,2026-04-24T10:55:00.000Z,14,32.82,32.0,33.3,33.1,69.87,69.5,70.5,70.0,179.2,265.1,186.0,RESTLESS,40.6,40.3,9,11660,360.3,369.5,1,2,12,1,32.8,70.9,186.0,Restless,1,11660,359.4,40.3
synthetic_000746,ESP32_GREENHOUSE_01,2026-04-24T06:12:30.000Z,14,30.12,29.4,30.4,30.2,72.47,71.3,72.6,73.1,77.7,144.8,74.0,LIGHT_ACTIVITY,49.6,49.7,5,6193,52.2,59.8,3,11,1,0,30.2,73.1,74.0,Light Activity,1,6193,50.3,49.7
synthetic_000531,ESP32_GREENHOUSE_01,2026-04-24T04:25:00.000Z,14,29.48,29.0,29.6,29.6,76.6,75.9,77.3,75.8,24.7,73.3,18.8,QUIET,55.9,56.1,2,1463,76.6,72.8,12,1,0,0,29.3,76.9,18.8,Quiet,0,1463,72.4,56.1
synthetic_000328,ESP32_GREENHOUSE_01,2026-04-24T02:43:30.000Z,14,28.71,28.1,29.3,28.9,73.51,73.1,73.7,72.6,20.7,42.6,27.4,QUIET,60.1,59.8,1,1419,19.3,16.0,15,2,0,0,28.6,74.3,27.4,Quiet,0,1419,24.3,59.8
synthetic_001391,ESP32_GREENHOUSE_01,2026-04-24T11:35:00.000Z,14,32.66,31.9,32.8,32.9,66.43,66.1,67.2,66.8,207.3,233.9,204.7,RESTLESS,36.6,36.7,5,18423,450.0,444.8,1,2,8,0,32.8,66.4,204.7,Restless,1,18423,453.7,36.7
synthetic_001353,ESP32_GREENHOUSE_01,2026-04-24T11:16:00.000Z,15,33.11,32.6,33.9,32.9,69.18,68.3,69.7,69.4,204.3,288.0,208.9,RESTLESS,35.0,34.8,6,19294,332.4,336.6,1,1,10,0,33.1,68.3,208.9,Restless,1,19294,335.5,34.8
synthetic_001697,ESP32_GREENHOUSE_01,2026-04-24T14:08:00.000Z,15,32.14,31.8,32.9,32.4,63.53,63.1,64.9,64.1,201.3,281.9,225.6,RESTLESS,44.7,43.7,9,13233,473.1,474.5,1,2,9,0,32.1,64.0,225.6,Restless,1,13233,476.6,43.7
synthetic_002001,ESP32_GREENHOUSE_01,2026-04-24T16:40:00.000Z,15,31.13,30.5,31.8,31.0,66.55,65.4,67.7,66.5,672.2,672.2,621.1,CRYING,22.2,24.2,11,27815,461.1,456.6,0,0,2,14,31.0,67.3,621.1,CRYING,1,27815,459.3,24.2
synthetic_001499,ESP32_GREENHOUSE_01,2026-04-24T12:29:00.000Z,14,32.18,31.7,32.5,32.4,68.65,67.9,69.8,68.5,163.2,310.0,193.2,RESTLESS,37.9,36.7,12,16499,437.9,437.0,0,1,12,2,32.1,69.1,193.2,Restless,1,16499,435.6,36.7
synthetic_001768,ESP32_GREENHOUSE_01,2026-04-24T14:43:30.000Z,14,32.07,31.4,32.5,32.0,61.39,61.1,62.6,61.5,173.1,255.5,163.8,RESTLESS,47.3,47.7,10,8544,491.8,488.2,1,1,10,0,32.1,61.5,163.8,Restless,1,8544,494.6,47.7
synthetic_002301,ESP32_GREENHOUSE_01,2026-04-24T19:10:00.000Z,15,29.76,29.2,30.2,29.5,66.17,64.8,66.9,65.5,649.5,870.1,728.7,CRYING,27.2,24.1,14,17669,229.4,230.9,0,0,0,15,29.8,65.6,728.7,CRYING,1,17669,231.3,24.1
synthetic_000648,ESP32_GREENHOUSE_01,2026-04-24T05:23:30.000Z,14,29.51,29.3,29.7,29.3,72.59,71.5,72.7,72.3,74.2,183.9,75.6,LIGHT_ACTIVITY,51.4,51.3,2,7420,71.8,68.9,1,12,0,0,29.3,72.3,75.6,Light Activity,0,7420,67.5,51.3
synthetic_000271,ESP32_GREENHOUSE_01,2026-04-24T02:15:00.000Z,15,28.48,27.7,28.9,28.6,74.09,72.6,75.1,73.2,16.8,57.0,29.7,QUIET,60.5,60.0,1,297,37.3,45.7,15,0,0,0,28.5,75.0,29.7,Quiet,0,297,36.6,60.0
synthetic_000769,ESP32_GREENHOUSE_01,2026-04-24T06:24:00.000Z,14,30.13,29.5,30.8,29.9,73.17,73.2,73.7,72.2,90.8,154.0,93.2,LIGHT_ACTIVITY,53.6,53.5,3,2095,50,44.1,1,10,2,0,30.2,73.3,93.2,Light Activity,0,2095,46.8,53.5
synthetic_000651,ESP32_GREENHOUSE_01,2026-04-24T05:25:00.000Z,15,29.78,29.4,30.1,29.6,73.17,73.0,73.6,72.2,92.6,177.8,75.7,LIGHT_ACTIVITY,54.5,55.2,6,4681,48.9,51.0,1,10,2,0,29.8,73.2,75.7,Light Activity,1,4681,48.0,55.2
synthetic_001147,ESP32_GREENHOUSE_01,2026-04-24T09:33:00.000Z,14,31.65,31.5,32.2,31.4,68.26,67.7,69.7,68.0,80.4,191.9,76.9,LIGHT_ACTIVITY,52.8,53.0,5,4119,250.7,249.6,2,13,0,0,31.6,68.9,76.9,Light Activity,1,4119,251.2,53.0
synthetic_002223,ESP32_GREENHOUSE_01,2026-04-24T18:31:00.000Z,14,30.55,29.9,30.7,30.7,64.99,64.6,66.1,64.1,580.4,869.4,717.9,CRYING,28.4,23.0,13,25941,327.0,334.1,0,0,0,15,30.4,64.5,717.9,CRYING,1,25941,331.2,23.0
synthetic_001513,ESP32_GREENHOUSE_01,2026-04-24T12:36:00.000Z,14,31.5,31.3,31.7,31.5,69.18,69.1,69.6,69.0,111.0,291.9,91.8,RESTLESS,41.5,42.2,12,21397,439.3,434.6,0,4,12,1,31.6,69.7,91.8,Restless,1,21397,440.6,42.2
synthetic_001572,ESP32_GREENHOUSE_01,2026-04-24T13:05:30.000Z,14,32.55,32.1,33.3,32.8,65.13,64.6,66.5,65.5,158.2,210.8,157.0,RESTLESS,44.4,44.4,10,9626,460.9,467.0,0,2,12,1,32.6,65.3,157.0,Restless,1,9626,456.3,44.4
synthetic_001318,ESP32_GREENHOUSE_01,2026-04-24T10:58:30.000Z,15,32.41,31.8,33.1,32.7,69.61,68.9,70.1,70.2,206.5,381.0,176.5,RESTLESS,34.9,36.1,5,16230,353.9,353.1,1,4,8,2,32.3,68.7,176.5,Restless,1,16230,349.9,36.1
synthetic_000936,ESP32_GREENHOUSE_01,2026-04-24T07:47:30.000Z,15,30.62,30.4,30.8,30.8,68.96,68.6,70.2,69.3,73.7,162.9,79.7,LIGHT_ACTIVITY,55.5,55.3,5,4857,121.7,113.2,0,11,0,0,30.8,69.2,79.7,Light Activity,1,4857,123.7,55.3
synthetic_002047,ESP32_GREENHOUSE_01,2026-04-24T17:03:00.000Z,14,31.05,30.9,31.4,30.9,62.22,61.3,62.7,61.7,495.7,1023,452.5,CRYING,32.0,33.7,15,16827,451.4,447.1,0,0,0,12,31.1,61.9,452.5,CRYING,1,16827,452.2,33.7
synthetic_000068,ESP32_GREENHOUSE_01,2026-04-24T00:33:30.000Z,15,28.16,27.7,28.5,28.1,72.39,71.6,73.8,73.0,10.6,54.9,5,QUIET,62.7,63.0,1,397,66.6,72.6,14,2,0,0,28.0,71.9,5,Quiet,0,397,68.0,63.0
synthetic_000646,ESP32_GREENHOUSE_01,2026-04-24T05:22:30.000Z,15,30.09,30.0,30.6,30.2,70.73,70.6,71.4,71.5,88.2,167.4,82.1,LIGHT_ACTIVITY,55.3,55.6,2,3942,67.3,60.3,2,10,0,0,30.1,70.8,82.1,Light Activity,0,3942,68.2,55.6
synthetic_001976,ESP32_GREENHOUSE_01,2026-04-24T16:27:30.000Z,15,31.8,31.5,32.2,31.8,64.5,63.8,65.3,64.6,290.6,996.4,292.7,CRYING,36.5,36.5,14,27796,405.3,409.1,0,0,0,14,31.7,64.2,292.7,CRYING,1,27796,402.6,36.5
synthetic_001333,ESP32_GREENHOUSE_01,2026-04-24T11:06:00.000Z,14,32.05,31.5,32.7,32.1,65.79,64.3,66.0,66.6,140.1,307.8,117.5,RESTLESS,45.9,46.8,9,8244,433.0,426.0,0,2,9,2,32.2,66.4,117.5,Restless,1,8244,436.1,46.8
synthetic_000485,ESP32_GREENHOUSE_01,2026-04-24T04:02:00.000Z,14,29.39,28.8,29.6,29.7,72.92,72.0,74.4,73.7,27.7,52.6,39.4,QUIET,58.3,57.8,0,1182,44.8,48.4,15,1,0,0,29.5,72.8,39.4,Quiet,0,1182,49.4,57.8
synthetic_000411,ESP32_GREENHOUSE_01,2026-04-24T03:25:00.000Z,15,28.76,28.4,29.3,29.1,75.99,74.9,76.6,76.0,30.5,74.3,39.7,QUIET,58.0,57.7,2,326,30.9,26.6,12,2,0,0,28.8,75.4,39.7,Quiet,0,326,34.5,57.7
synthetic_001265,ESP32_GREENHOUSE_01,2026-04-24T10:32:00.000Z,14,31.68,31.1,31.9,31.5,69.26,68.0,70.2,68.5,104.1,296.0,90.5,RESTLESS,46.2,46.7,6,11503,307.4,309.3,1,4,9,2,31.7,70.2,90.5,Restless,1,11503,306.7,46.7
synthetic_001931,ESP32_GREENHOUSE_01,2026-04-24T16:05:00.000Z,14,31.48,31.1,32.1,31.7,65.26,64.3,66.7,66.2,452.2,716.5,372.0,CRYING,30.6,33.8,8,21016,467.8,465.3,0,0,1,13,31.3,64.4,372.0,CRYING,1,21016,464.8,33.8
synthetic_002155,ESP32_GREENHOUSE_01,2026-04-24T17:57:00.000Z,14,31.52,30.9,32.0,31.5,65.97,65.0,66.6,65.4,528.4,832.5,503.6,CRYING,27.1,28.1,13,17562,420.4,413.8,0,0,2,12,31.3,66.1,503.6,CRYING,1,17562,425.3,28.1
synthetic_001722,ESP32_GREENHOUSE_01,2026-04-24T14:20:30.000Z,15,32.6,32.0,33.4,32.5,60.48,59.9,60.7,60.3,228.8,287.6,207.2,RESTLESS,44.5,45.3,9,12739,487.6,483.9,0,2,9,1,32.4,60.2,207.2,Restless,1,12739,484.5,45.3
synthetic_000456,ESP32_GREENHOUSE_01,2026-04-24T03:47:30.000Z,15,28.36,28.1,28.7,28.3,73.77,72.3,74.5,74.2,34.3,47.1,39.8,QUIET,60.4,60.2,0,1498,17.6,17.1,12,1,0,0,28.3,72.8,39.8,Quiet,0,1498,14.2,60.2
synthetic_002231,ESP32_GREENHOUSE_01,2026-04-24T18:35:00.000Z,14,29.93,29.4,30.4,30.0,67.21,65.7,67.7,67.8,555.4,888.9,602.3,CRYING,29.7,27.9,8,21745,369.6,363.5,0,0,1,13,29.8,67.6,602.3,CRYING,1,21745,371.7,27.9
synthetic_002398,ESP32_GREENHOUSE_01,2026-04-24T19:58:30.000Z,14,30.11,29.5,30.5,30.0,68.93,67.8,69.2,68.2,700.4,898.7,605.6,CRYING,22.5,26.2,14,24906,279.1,280.8,0,0,0,12,30.3,68.1,605.6,CRYING,1,24906,281.1,26.2
synthetic_000565,ESP32_GREENHOUSE_01,2026-04-24T04:42:00.000Z,14,29.61,29.0,30.0,29.5,73.51,73.2,74.2,73.8,26.8,46.3,17.5,QUIET,57.4,57.7,0,423,14.5,20.6,15,1,0,0,29.7,74.3,17.5,Quiet,0,423,18.6,57.7
synthetic_000517,ESP32_GREENHOUSE_01,2026-04-24T04:18:00.000Z,14,29.86,29.3,30.7,29.6,73.11,71.8,74.5,73.9,32.7,66.9,35.8,QUIET,56.7,56.5,0,258,42.9,40.0,12,1,0,0,29.8,73.2,35.8,Quiet,0,258,45.0,56.5
synthetic_001195,ESP32_GREENHOUSE_01,2026-04-24T09:57:00.000Z,14,32.02,31.9,32.8,31.8,68.51,67.3,69.1,67.7,88.8,135.3,86.6,LIGHT_ACTIVITY,51.3,51.4,5,2941,306.4,302.4,3,12,0,0,32.1,67.7,86.6,Light Activity,1,2941,303.3,51.4
synthetic_002062,ESP32_GREENHOUSE_01,2026-04-24T17:10:30.000Z,14,31.22,30.6,31.7,31.4,65.13,63.9,66.4,65.1,576.1,590.5,608.5,CRYING,26.6,25.3,11,15297,424.3,431.2,0,0,0,15,31.3,64.6,608.5,CRYING,1,15297,426.9,25.3
synthetic_000480,ESP32_GREENHOUSE_01,2026-04-24T03:59:30.000Z,15,29.46,29.0,29.6,29.3,74.64,74.5,75.6,75.1,23.4,44.0,22.3,QUIET,57.2,57.2,0,308,34.8,33.3,15,2,0,0,29.4,74.4,22.3,Quiet,0,308,35.7,57.2
synthetic_000297,ESP32_GREENHOUSE_01,2026-04-24T02:28:00.000Z,14,29.02,28.4,29.4,29.0,73.57,73.6,74.1,73.2,13.9,61.0,20.0,QUIET,59.5,59.2,0,1365,52.4,51.3,14,1,0,0,29.0,73.0,20.0,Quiet,0,1365,56.3,59.2
synthetic_000610,ESP32_GREENHOUSE_01,2026-04-24T05:04:30.000Z,15,29.8,29.6,30.3,29.9,71.73,71.3,71.7,71.9,105.0,180.2,110.8,LIGHT_ACTIVITY,54.9,54.6,4,4207,58.8,63.0,1,13,2,0,29.7,71.0,110.8,Light Activity,1,4207,63.6,54.6
synthetic_000084,ESP32_GREENHOUSE_01,2026-04-24T00:41:30.000Z,15,28.33,28.2,28.6,28.4,72.52,71.3,73.5,72.1,33.1,33.1,35.7,QUIET,61.3,61.2,1,493,37.5,27.7,13,2,0,0,28.2,71.8,35.7,Quiet,0,493,35.1,61.2
synthetic_002288,ESP32_GREENHOUSE_01,2026-04-24T19:03:30.000Z,14,29.48,29.3,30.1,29.6,68.29,67.5,69.3,69.1,412.7,759.1,409.9,CRYING,35.9,36.0,15,16281,253.5,256.3,0,0,0,14,29.4,69.0,409.9,CRYING,1,16281,248.8,36.0
synthetic_001558,ESP32_GREENHOUSE_01,2026-04-24T12:58:30.000Z,14,31.71,31.2,32.0,31.6,66.55,65.1,66.7,66.1,143.8,361.8,126.0,RESTLESS,41.2,41.9,5,19371,500,506.5,1,4,11,1,31.9,65.7,126.0,Restless,1,19371,497.6,41.9
synthetic_000229,ESP32_GREENHOUSE_01,2026-04-24T01:54:00.000Z,15,29.13,28.5,29.5,28.9,73.52,72.3,74.3,73.5,32.5,68.6,32.6,QUIET,58.5,58.5,0,1307,39.1,42.3,14,2,0,0,29.1,73.7,32.6,Quiet,0,1307,43.4,58.5
synthetic_001515,ESP32_GREENHOUSE_01,2026-04-24T12:37:00.000Z,15,32.67,32.5,33.2,32.4,69.7,69.0,70.9,70.2,152.0,347.5,104.6,RESTLESS,41.7,43.6,9,9958,463.0,461.8,1,3,9,1,32.5,69.1,104.6,Restless,1,9958,465.0,43.6
synthetic_000182,ESP32_GREENHOUSE_01,2026-04-24T01:30:30.000Z,15,28.47,28.3,28.6,28.6,73.52,73.2,74.3,73.2,39.7,60.7,39.9,QUIET,60.0,60.0,1,329,14.0,13.1,14,2,0,0,28.5,73.9,39.9,Quiet,0,329,14.6,60.0
synthetic_001836,ESP32_GREENHOUSE_01,2026-04-24T15:17:30.000Z,14,32.0,31.6,32.7,32.0,66.03,65.6,66.7,65.9,647.5,745.4,699.7,CRYING,21.1,19.0,9,29008,468.5,467.0,0,0,2,15,32.2,66.5,699.7,CRYING,1,29008,470.4,19.0
synthetic_002270,ESP32_GREENHOUSE_01,2026-04-24T18:54:30.000Z,15,31.0,30.4,31.8,31.1,66.94,65.6,67.2,67.2,336.4,656.6,356.7,CRYING,35.5,34.7,8,15532,288.5,286.5,0,0,2,13,30.9,67.6,356.7,CRYING,1,15532,288.4,34.7
synthetic_000157,ESP32_GREENHOUSE_01,2026-04-24T01:18:00.000Z,15,28.14,27.4,28.5,28.0,72.35,71.2,73.7,73.1,33.6,48.5,29.2,QUIET,61.9,62.1,2,1246,38.2,28.6,15,0,0,0,28.3,72.0,29.2,Quiet,0,1246,36.0,62.1
synthetic_000827,ESP32_GREENHOUSE_01,2026-04-24T06:53:00.000Z,15,30.28,29.9,30.7,30.6,78.07,77.9,78.8,77.7,76.4,131.1,78.8,LIGHT_ACTIVITY,50.7,50.6,6,1547,50,41.8,2,10,0,0,30.4,78.0,78.8,Light Activity,1,1547,48.9,50.6
synthetic_002253,ESP32_GREENHOUSE_01,2026-04-24T18:46:00.000Z,14,30.39,30.0,30.9,30.2,67.64,67.4,69.1,67.8,560.7,758.6,538.6,CRYING,28.0,28.8,14,18758,284.8,281.4,0,0,0,13,30.4,66.9,538.6,CRYING,1,18758,284.3,28.8
synthetic_002129,ESP32_GREENHOUSE_01,2026-04-24T17:44:00.000Z,15,31.3,31.1,31.4,31.5,64.44,63.8,65.9,64.2,338.0,433.0,250.9,CRYING,36.1,39.5,13,25349,455.4,452.1,0,0,0,14,31.4,65.4,250.9,CRYING,1,25349,458.3,39.5
synthetic_001237,ESP32_GREENHOUSE_01,2026-04-24T10:18:00.000Z,14,32.57,31.9,32.7,32.6,65.61,65.4,66.8,65.9,83.3,310.7,54.9,RESTLESS,47.0,48.1,11,10392,381.9,390.6,0,2,10,1,32.6,65.6,54.9,Restless,1,10392,384.5,48.1
synthetic_000436,ESP32_GREENHOUSE_01,2026-04-24T03:37:30.000Z,14,29.06,28.3,29.4,28.8,74.53,73.2,74.6,75.5,27.7,61.0,23.7,QUIET,58.2,58.4,2,487,25.7,35.5,14,0,0,0,28.9,73.8,23.7,Quiet,0,487,27.2,58.4
synthetic_001091,ESP32_GREENHOUSE_01,2026-04-24T09:05:00.000Z,14,32.42,31.9,32.9,32.4,68.87,67.6,69.3,68.1,81.2,161.0,83.2,LIGHT_ACTIVITY,50.3,50.2,7,4624,250.2,252.4,2,11,2,0,32.2,69.7,83.2,Light Activity,1,4624,254.9,50.2
synthetic_002172,ESP32_GREENHOUSE_01,2026-04-24T18:05:30.000Z,15,30.33,30.2,30.7,30.5,69.07,68.6,70.0,68.7,638.9,681.8,684.9,CRYING,24.2,22.4,14,20541,380.3,372.4,0,0,2,12,30.2,68.9,684.9,CRYING,1,20541,383.4,22.4
synthetic_002246,ESP32_GREENHOUSE_01,2026-04-24T18:42:30.000Z,15,30.64,30.2,31.2,30.7,68.64,67.7,68.9,68.3,673.7,728.2,649.7,CRYING,22.2,23.2,11,26130,342.0,336.3,0,0,0,14,30.8,67.7,649.7,CRYING,1,26130,337.1,23.2
synthetic_001807,ESP32_GREENHOUSE_01,2026-04-24T15:03:00.000Z,15,33.01,32.4,33.7,33.1,64.21,63.1,64.2,64.2,676.4,959.1,722.7,CRYING,19.7,17.9,11,25516,484.3,486.3,0,0,2,14,33.1,64.5,722.7,CRYING,1,25516,484.7,17.9
synthetic_000369,ESP32_GREENHOUSE_01,2026-04-24T03:04:00.000Z,15,28.63,28.2,29.0,28.7,73.63,73.5,74.6,74.0,25.4,51.8,22.0,QUIET,60.1,60.2,1,477,16.7,7.2,12,1,0,0,28.6,73.8,22.0,Quiet,0,477,12.8,60.2
synthetic_000812,ESP32_GREENHOUSE_01,2026-04-24T06:45:30.000Z,14,30.98,30.2,31.1,31.0,72.56,72.2,73.7,72.5,97.4,149.9,105.6,LIGHT_ACTIVITY,51.3,51.0,7,4981,50,44.6,0,10,2,0,30.9,72.7,105.6,Light Activity,1,4981,48.9,51.0
synthetic_001733,ESP32_GREENHOUSE_01,2026-04-24T14:26:00.000Z,15,31.32,31.1,31.6,31.3,65.42,64.5,66.3,65.9,147.3,240.5,169.1,RESTLESS,47.9,47.1,8,14788,500,496.9,0,1,9,1,31.3,66.4,169.1,Restless,1,14788,503.4,47.1
synthetic_001193,ESP32_GREENHOUSE_01,2026-04-24T09:56:00.000Z,15,32.14,31.7,32.7,31.9,70.11,69.0,70.9,69.9,82.3,149.8,76.7,LIGHT_ACTIVITY,45.2,45.4,5,5004,241.3,234.1,3,9,0,0,32.1,70.3,76.7,Light Activity,1,5004,240.3,45.4
synthetic_000605,ESP32_GREENHOUSE_01,2026-04-24T05:02:00.000Z,14,30.19,29.8,30.8,30.0,73.9,73.8,74.8,74.7,76.6,170.8,79.2,LIGHT_ACTIVITY,48.5,48.4,6,7236,31.7,29.8,2,13,2,0,30.1,74.3,79.2,Light Activity,1,7236,32.0,48.4
synthetic_000499,ESP32_GREENHOUSE_01,2026-04-24T04:09:00.000Z,15,29.34,28.8,30.0,29.2,78.6,77.6,80.0,79.1,16.8,60.9,17.4,QUIET,55.3,55.3,0,287,16.7,17.3,12,1,0,0,29.2,78.0,17.4,Quiet,0,287,20.0,55.3
synthetic_000139,ESP32_GREENHOUSE_01,2026-04-24T01:09:00.000Z,15,29.06,28.6,29.7,29.1,73.28,72.5,74.2,73.1,35.9,87.9,22.5,QUIET,58.7,59.2,0,474,29.6,31.4,15,2,0,0,28.9,73.6,22.5,Quiet,0,474,25.9,59.2
synthetic_000376,ESP32_GREENHOUSE_01,2026-04-24T03:07:30.000Z,14,29.42,29.2,29.8,29.6,74.69,73.6,75.3,74.7,45.9,48.3,42.4,QUIET,56.4,56.5,1,428,50.9,44.5,12,1,0,0,29.5,74.7,42.4,Quiet,0,428,50.7,56.5
synthetic_000730,ESP32_GREENHOUSE_01,2026-04-24T06:04:30.000Z,14,31.37,31.0,31.6,31.5,66.32,66.1,66.9,66.7,86.6,219.1,95.0,LIGHT_ACTIVITY,54.6,54.2,6,3088,50,54.5,3,10,2,0,31.4,66.6,95.0,Light Activity,1,3088,51.7,54.2
synthetic_002315,ESP32_GREENHOUSE_01,2026-04-24T19:17:00.000Z,15,29.88,29.4,30.6,29.9,71.11,70.4,71.3,70.4,496.8,1023,557.3,CRYING,29.7,27.4,14,16643,274.7,278.7,0,0,2,12,29.8,71.9,557.3,CRYING,1,16643,277.0,27.4
synthetic_001240,ESP32_GREENHOUSE_01,2026-04-24T10:19:30.000Z,14,32.37,31.6,32.7,32.6,67.91,67.3,68.1,67.9,278.2,290.2,308.7,RESTLESS,33.3,32.1,10,15137,366.1,365.9,1,3,9,0,32.4,67.9,308.7,Restless,1,15137,368.4,32.1
synthetic_001182,ESP32_GREENHOUSE_01,2026-04-24T09:50:30.000Z,15,31.16,31.0,31.5,31.2,66.38,65.5,66.6,67.0,85.6,162.5,95.4,LIGHT_ACTIVITY,50.2,49.8,5,7600,235.5,243.8,3,9,1,0,31.2,66.2,95.4,Light Activity,1,7600,232.8,49.8
synthetic_000599,ESP32_GREENHOUSE_01,2026-04-24T04:59:00.000Z,15,29.36,28.7,29.6,29.4,75.9,75.3,76.2,76.3,10.8,63.4,5,QUIET,57.2,57.4,2,699,62.8,70.1,14,0,0,0,29.4,75.5,5,Quiet,0,699,63.0,57.4
synthetic_001339,ESP32_GREENHOUSE_01,2026-04-24T11:09:00.000Z,14,31.93,31.2,32.5,31.9,68.65,68.3,68.9,68.5,270.2,339.2,260.3,RESTLESS,34.4,34.8,7,16376,435.5,439.8,1,2,9,0,32.1,69.2,260.3,Restless,1,16376,433.4,34.8
synthetic_000839,ESP32_GREENHOUSE_01,2026-04-24T06:59:00.000Z,14,30.09,29.9,30.3,29.9,74.39,73.3,74.7,75.1,83.9,143.5,95.0,LIGHT_ACTIVITY,53.2,52.8,2,1586,50,59.3,1,12,2,0,30.2,74.8,95.0,Light Activity,0,1586,47.6,52.8
synthetic_001987,ESP32_GREENHOUSE_01,2026-04-24T16:33:00.000Z,14,31.54,30.9,31.7,31.8,63.41,62.8,63.7,62.6,510.9,927.5,428.5,CRYING,29.3,32.6,13,28181,485.7,484.1,0,0,2,13,31.5,64.0,428.5,CRYING,1,28181,486.5,32.6
synthetic_002006,ESP32_GREENHOUSE_01,2026-04-24T16:42:30.000Z,14,31.35,30.8,31.8,31.3,63.07,62.0,64.3,62.6,537.7,855.4,525.6,CRYING,29.0,29.5,15,23961,453.2,452.1,0,0,1,13,31.2,63.4,525.6,CRYING,1,23961,448.9,29.5
synthetic_002245,ESP32_GREENHOUSE_01,2026-04-24T18:42:00.000Z,15,30.18,29.4,30.8,30.0,69.57,68.4,69.7,69.6,517.8,1023,584.4,CRYING,29.0,26.4,15,23560,371.0,371.9,0,0,2,15,30.1,69.4,584.4,CRYING,1,23560,372.7,26.4
synthetic_001680,ESP32_GREENHOUSE_01,2026-04-24T13:59:30.000Z,15,32.32,31.6,33.0,32.6,63.78,62.6,65.0,62.8,179.1,265.2,153.9,RESTLESS,44.9,45.9,11,8594,500,494.2,1,2,12,2,32.4,64.7,153.9,Restless,1,8594,500.5,45.9
synthetic_001606,ESP32_GREENHOUSE_01,2026-04-24T13:22:30.000Z,14,32.99,32.7,33.4,32.7,64.96,64.0,66.3,65.8,149.0,285.9,171.5,RESTLESS,39.8,38.9,5,15592,488.7,497.1,0,2,11,1,32.9,64.9,171.5,Restless,1,15592,484.3,38.9
synthetic_000313,ESP32_GREENHOUSE_01,2026-04-24T02:36:00.000Z,15,28.45,27.7,28.8,28.2,73.8,73.4,74.2,73.4,31.0,55.6,33.9,QUIET,60.3,60.1,1,779,72.4,64.1,12,1,0,0,28.5,74.5,33.9,Quiet,0,779,68.5,60.1
synthetic_002360,ESP32_GREENHOUSE_01,2026-04-24T19:39:30.000Z,14,30.79,30.2,31.5,30.9,68.72,67.6,69.6,68.0,495.1,806.4,617.0,CRYING,28.7,24.0,9,24036,279.1,271.6,0,0,0,14,31.0,69.2,617.0,CRYING,1,24036,277.0,24.0
synthetic_000508,ESP32_GREENHOUSE_01,2026-04-24T04:13:30.000Z,15,29.38,28.6,30.1,29.6,73.8,72.9,74.9,73.5,14.3,57.1,18.0,QUIET,58.3,58.2,2,712,31.4,38.0,12,2,0,0,29.4,73.7,18.0,Quiet,0,712,33.7,58.2
synthetic_001284,ESP32_GREENHOUSE_01,2026-04-24T10:41:30.000Z,15,31.85,31.6,32.5,31.6,73.07,71.9,74.3,73.2,259.9,284.8,202.3,RESTLESS,32.2,34.5,7,16846,319.0,324.9,1,4,9,2,31.7,73.7,202.3,Restless,1,16846,318.7,34.5
synthetic_000962,ESP32_GREENHOUSE_01,2026-04-24T08:00:30.000Z,14,31.89,31.2,32.2,32.1,73.67,73.6,74.6,73.3,83.7,83.7,83.3,LIGHT_ACTIVITY,48.6,48.7,7,2955,208.8,198.9,1,12,1,0,31.9,74.2,83.3,Light Activity,1,2955,210.1,48.7
synthetic_000350,ESP32_GREENHOUSE_01,2026-04-24T02:54:30.000Z,15,28.63,28.4,29.3,28.9,75.53,74.9,76.4,74.5,31.7,53.8,43.0,QUIET,58.6,58.2,2,122,45.4,42.2,14,1,0,0,28.5,76.0,43.0,Quiet,0,122,46.2,58.2
synthetic_000780,ESP32_GREENHOUSE_01,2026-04-24T06:29:30.000Z,15,31.02,30.9,31.8,30.8,71.54,71.5,71.8,70.8,76.0,119.8,79.8,LIGHT_ACTIVITY,47.7,47.6,5,5351,50,44.1,0,10,2,0,30.9,71.9,79.8,Light Activity,1,5351,52.0,47.6
synthetic_001117,ESP32_GREENHOUSE_01,2026-04-24T09:18:00.000Z,15,32.28,31.9,32.9,32.2,64.53,64.0,64.9,65.3,114.9,135.0,116.8,LIGHT_ACTIVITY,47.0,47.0,3,5172,275.9,275.4,0,12,0,0,32.3,63.7,116.8,Light Activity,0,5172,279.5,47.0
synthetic_000052,ESP32_GREENHOUSE_01,2026-04-24T00:25:30.000Z,15,28.39,27.7,28.6,28.6,73.41,73.2,73.9,74.0,25.2,60.1,37.0,QUIET,60.9,60.4,0,567,73.0,74.8,13,0,0,0,28.2,72.9,37.0,Quiet,0,567,69.3,60.4
synthetic_001268,ESP32_GREENHOUSE_01,2026-04-24T10:33:30.000Z,14,32.49,32.4,33.2,32.6,65.38,64.8,65.8,65.0,182.0,334.5,193.7,RESTLESS,38.3,37.8,5,18760,348.2,346.2,1,1,12,1,32.5,65.3,193.7,Restless,1,18760,344.3,37.8
synthetic_000743,ESP32_GREENHOUSE_01,2026-04-24T06:11:00.000Z,14,30.29,30.0,30.9,30.5,70.7,69.8,71.9,71.4,102.2,156.1,107.2,LIGHT_ACTIVITY,49.3,49.1,5,6716,50,59.1,1,10,1,0,30.4,69.9,107.2,Light Activity,1,6716,53.4,49.1
synthetic_001652,ESP32_GREENHOUSE_01,2026-04-24T13:45:30.000Z,14,32.72,32.5,32.9,32.6,66.17,65.9,66.6,65.6,141.8,324.1,129.3,RESTLESS,39.3,39.8,6,18049,476.9,483.4,1,3,9,1,32.7,66.6,129.3,Restless,1,18049,473.3,39.8
synthetic_001742,ESP32_GREENHOUSE_01,2026-04-24T14:30:30.000Z,14,33.21,32.5,33.9,32.9,67.53,66.7,68.5,66.6,120.4,387.9,104.5,RESTLESS,39.3,40.0,12,17342,478.7,469.3,0,4,12,2,33.3,66.9,104.5,Restless,1,17342,481.9,40.0
synthetic_001520,ESP32_GREENHOUSE_01,2026-04-24T12:39:30.000Z,14,32.36,32.0,33.1,32.5,65.84,64.8,66.5,66.5,165.8,386.9,169.3,RESTLESS,44.0,43.9,8,10227,463.9,470.9,1,4,9,2,32.5,65.0,169.3,Restless,1,10227,465.6,43.9
synthetic_001790,ESP32_GREENHOUSE_01,2026-04-24T14:54:30.000Z,14,32.43,32.0,32.6,32.4,62.67,61.3,63.7,62.0,153.9,189.5,182.3,RESTLESS,46.3,45.1,7,14924,472.2,468.0,1,4,10,0,32.4,62.1,182.3,Restless,1,14924,477.1,45.1
synthetic_000816,ESP32_GREENHOUSE_01,2026-04-24T06:47:30.000Z,14,30.24,29.9,30.5,30.1,67.77,67.7,69.2,68.2,92.6,139.6,91.5,LIGHT_ACTIVITY,56.6,56.6,3,4162,63.1,65.8,1,11,2,0,30.1,66.9,91.5,Light Activity,0,4162,66.8,56.6
synthetic_001627,ESP32_GREENHOUSE_01,2026-04-24T13:33:00.000Z,14,32.62,32.2,33.2,32.5,66.97,66.4,68.2,66.8,215.6,256.8,205.7,RESTLESS,36.0,36.4,6,19049,497.1,495.8,1,3,11,0,32.6,66.8,205.7,Restless,1,19049,494.1,36.4
synthetic_000209,ESP32_GREENHOUSE_01,2026-04-24T01:44:00.000Z,14,28.0,27.3,28.7,27.9,74.98,73.8,75.2,74.1,22.3,51.6,22.0,QUIET,61.1,61.1,0,543,26.4,35.5,13,0,0,0,28.0,74.0,22.0,Quiet,0,543,30.0,61.1
synthetic_002394,ESP32_GREENHOUSE_01,2026-04-24T19:56:30.000Z,15,29.78,29.3,30.2,29.8,67.78,67.5,69.2,67.6,830.4,830.4,847.7,CRYING,19.0,18.4,8,26347,275.6,272.8,0,0,1,13,29.9,67.1,847.7,CRYING,1,26347,275.2,18.4
synthetic_002002,ESP32_GREENHOUSE_01,2026-04-24T16:40:30.000Z,15,31.36,31.2,31.5,31.4,65.14,64.1,66.1,64.4,357.1,1023,386.5,CRYING,34.8,33.6,13,27596,500,502.5,0,0,1,15,31.5,64.8,386.5,CRYING,1,27596,500.9,33.6
synthetic_001112,ESP32_GREENHOUSE_01,2026-04-24T09:15:30.000Z,14,32.07,31.9,32.7,31.8,72.15,71.1,72.3,72.1,92.1,164.8,69.8,LIGHT_ACTIVITY,48.8,49.6,6,2316,310.3,304.4,1,13,1,0,31.9,72.6,69.8,Light Activity,1,2316,311.1,49.6
synthetic_001873,ESP32_GREENHOUSE_01,2026-04-24T15:36:00.000Z,14,32.1,31.9,32.8,32.2,62.11,61.9,62.9,61.6,478.4,833.1,398.9,CRYING,29.8,33.0,13,15220,416.1,416.4,0,0,2,14,32.0,61.3,398.9,CRYING,1,15220,414.0,33.0
synthetic_000801,ESP32_GREENHOUSE_01,2026-04-24T06:40:00.000Z,14,31.0,30.5,31.7,30.8,76.74,76.4,77.5,77.7,88.8,202.3,87.3,LIGHT_ACTIVITY,49.0,49.1,3,3678,50,55.1,3,13,2,0,31.0,76.9,87.3,Light Activity,0,3678,49.2,49.1
synthetic_002321,ESP32_GREENHOUSE_01,2026-04-24T19:20:00.000Z,14,29.75,29.1,30.0,29.6,68.38,67.8,68.5,68.1,624.5,874.9,479.5,CRYING,26.8,32.5,14,17211,240.5,236.9,0,0,2,13,29.9,68.5,479.5,CRYING,1,17211,237.4,32.5
synthetic_000236,ESP32_GREENHOUSE_01,2026-04-24T01:57:30.000Z,14,28.93,28.2,29.6,28.6,75.06,74.0,75.2,75.0,26.0,56.9,35.1,QUIET,58.3,58.0,2,111,16.0,6.5,13,2,0,0,28.8,75.1,35.1,Quiet,0,111,13.0,58.0
synthetic_001797,ESP32_GREENHOUSE_01,2026-04-24T14:58:00.000Z,14,32.3,31.8,32.8,32.2,62.47,61.6,63.4,62.9,185.5,333.5,194.9,RESTLESS,45.5,45.1,9,13184,500,490.1,1,3,8,1,32.4,63.1,194.9,Restless,1,13184,499.1,45.1
synthetic_000515,ESP32_GREENHOUSE_01,2026-04-24T04:17:00.000Z,14,29.09,28.7,29.7,28.9,73.43,73.1,74.5,74.2,32.1,39.3,28.2,QUIET,58.6,58.8,0,673,50.3,47.5,13,1,0,0,29.0,73.4,28.2,Quiet,0,673,54.4,58.8
synthetic_000475,ESP32_GREENHOUSE_01,2026-04-24T03:57:00.000Z,14,29.3,28.6,29.5,29.6,74.17,72.9,75.3,73.6,15.9,66.5,5,QUIET,58.2,58.7,2,210,36.2,28.0,12,0,0,0,29.4,74.8,5,Quiet,0,210,39.4,58.7
synthetic_001526,ESP32_GREENHOUSE_01,2026-04-24T12:42:30.000Z,15,32.3,31.8,32.6,32.6,67.2,66.0,68.1,66.8,161.4,275.9,161.1,RESTLESS,43.5,43.5,7,10251,500,504.4,0,1,11,2,32.4,66.9,161.1,Restless,1,10251,502.6,43.5
synthetic_002061,ESP32_GREENHOUSE_01,2026-04-24T17:10:00.000Z,15,30.76,30.1,31.2,30.9,68.86,67.9,70.0,69.2,621.2,827.2,673.0,CRYING,23.8,21.8,8,20458,448.4,444.9,0,0,1,15,30.9,69.6,673.0,CRYING,1,20458,448.4,21.8
synthetic_001004,ESP32_GREENHOUSE_01,2026-04-24T08:21:30.000Z,14,31.01,30.7,31.3,30.8,70.72,69.7,71.3,71.4,96.8,153.4,104.0,LIGHT_ACTIVITY,52.4,52.2,6,2676,194.3,193.8,3,12,2,0,31.0,70.0,104.0,Light Activity,1,2676,192.1,52.2
synthetic_000344,ESP32_GREENHOUSE_01,2026-04-24T02:51:30.000Z,15,28.97,28.2,29.7,29.2,74.02,73.1,74.2,73.1,32.8,39.9,36.3,QUIET,58.6,58.5,1,727,28.0,36.9,12,2,0,0,29.1,74.9,36.3,Quiet,0,727,30.6,58.5
synthetic_000601,ESP32_GREENHOUSE_01,2026-04-24T05:00:00.000Z,15,29.7,29.2,30.4,29.8,70.67,70.6,70.8,71.3,93.2,166.9,95.2,LIGHT_ACTIVITY,51.3,51.2,2,7897,56.6,59.5,3,13,2,0,29.5,69.9,95.2,Light Activity,0,7897,61.3,51.2
synthetic_001618,ESP32_GREENHOUSE_01,2026-04-24T13:28:30.000Z,14,32.18,31.5,32.6,32.3,67.11,66.8,67.2,67.6,161.5,327.7,162.9,RESTLESS,43.9,43.8,6,13960,491.0,492.9,0,2,8,0,32.1,66.4,162.9,Restless,1,13960,486.5,43.8
synthetic_001238,ESP32_GREENHOUSE_01,2026-04-24T10:18:30.000Z,14,32.01,31.7,32.2,32.0,73.47,73.3,74.4,72.6,133.1,289.0,129.0,RESTLESS,36.5,36.7,12,21849,368.1,364.8,1,3,12,1,32.2,74.1,129.0,Restless,1,21849,366.4,36.7
synthetic_002145,ESP32_GREENHOUSE_01,2026-04-24T17:52:00.000Z,15,31.09,30.9,31.5,31.0,63.45,63.1,64.1,62.5,539.0,760.7,542.0,CRYING,29.5,29.3,12,25127,426.0,416.8,0,0,2,15,30.9,62.7,542.0,CRYING,1,25127,429.6,29.3
synthetic_001926,ESP32_GREENHOUSE_01,2026-04-24T16:02:30.000Z,14,31.09,31.0,31.8,31.3,68.81,68.5,69.2,69.1,689.4,768.4,572.4,CRYING,20.2,24.8,10,20945,409.4,402.1,0,0,0,12,30.9,69.6,572.4,CRYING,1,20945,409.3,24.8
synthetic_001563,ESP32_GREENHOUSE_01,2026-04-24T13:01:00.000Z,14,32.36,32.1,33.1,32.2,66.61,66.4,67.9,67.2,219.2,219.2,215.6,RESTLESS,36.4,36.6,11,18643,491.4,490.2,0,1,8,1,32.6,66.1,215.6,Restless,1,18643,493.9,36.6
synthetic_000516,ESP32_GREENHOUSE_01,2026-04-24T04:17:30.000Z,14,29.1,28.6,29.8,29.0,74.6,74.4,75.2,74.6,34.0,45.7,27.3,QUIET,57.8,58.1,0,1101,49.9,42.9,13,1,0,0,29.1,75.4,27.3,Quiet,0,1101,46.9,58.1
synthetic_001050,ESP32_GREENHOUSE_01,2026-04-24T08:44:30.000Z,15,31.68,31.5,32.0,31.5,69.64,68.5,70.0,70.0,71.3,153.5,67.9,LIGHT_ACTIVITY,52.2,52.4,6,4173,210.8,207.2,2,12,2,0,31.9,70.5,67.9,Light Activity,1,4173,211.6,52.4
synthetic_001595,ESP32_GREENHOUSE_01,2026-04-24T13:17:00.000Z,15,32.58,31.8,33.3,32.8,62.86,62.2,64.2,63.2,79.8,351.7,82.1,RESTLESS,43.8,43.8,8,18652,500,494.1,1,1,9,1,32.7,63.3,82.1,Restless,1,18652,500.8,43.8
synthetic_001145,ESP32_GREENHOUSE_01,2026-04-24T09:32:00.000Z,15,31.77,31.1,31.9,31.8,67.2,66.9,67.3,67.5,94.0,151.9,87.1,LIGHT_ACTIVITY,52.6,52.9,2,2431,296.7,304.5,1,10,1,0,31.6,66.4,87.1,Light Activity,0,2431,295.0,52.9
synthetic_002087,ESP32_GREENHOUSE_01,2026-04-24T17:23:00.000Z,14,30.82,30.6,31.5,31.1,68.46,67.8,68.7,68.6,386.7,827.7,429.1,CRYING,33.0,31.4,11,25371,429.4,432.8,0,0,1,12,30.9,68.2,429.1,CRYING,1,25371,432.7,31.4
synthetic_000840,ESP32_GREENHOUSE_01,2026-04-24T06:59:30.000Z,14,30.57,29.8,31.2,30.6,74.38,73.8,74.4,73.8,76.0,129.0,82.2,LIGHT_ACTIVITY,47.2,47.0,5,7268,50,55.0,1,10,1,0,30.4,73.4,82.2,Light Activity,1,7268,48.9,47.0
synthetic_001416,ESP32_GREENHOUSE_01,2026-04-24T11:47:30.000Z,14,32.74,32.2,33.2,32.8,65.43,64.2,66.5,66.1,191.7,191.7,185.5,RESTLESS,37.9,38.1,7,18248,360.0,363.2,0,3,10,0,32.8,65.5,185.5,Restless,1,18248,361.6,38.1
synthetic_002260,ESP32_GREENHOUSE_01,2026-04-24T18:49:30.000Z,15,30.66,29.9,31.2,30.6,66.11,65.7,66.2,66.9,600.4,600.4,543.8,CRYING,26.6,28.8,12,17098,316.5,307.1,0,0,1,14,30.5,66.4,543.8,CRYING,1,17098,320.0,28.8
synthetic_001338,ESP32_GREENHOUSE_01,2026-04-24T11:08:30.000Z,14,32.35,32.2,32.7,32.4,65.9,64.8,66.1,65.3,230.2,345.4,291.7,RESTLESS,41.5,39.1,11,10431,421.5,427.4,1,4,11,1,32.4,65.6,291.7,Restless,1,10431,426.1,39.1
synthetic_002375,ESP32_GREENHOUSE_01,2026-04-24T19:47:00.000Z,14,29.96,29.8,30.6,30.1,65.43,65.0,66.6,65.4,377.1,1023,355.3,CRYING,37.7,38.6,8,21939,269.9,276.6,0,0,2,12,30.1,66.0,355.3,CRYING,1,21939,265.6,38.6
synthetic_000607,ESP32_GREENHOUSE_01,2026-04-24T05:03:00.000Z,15,30.97,30.4,31.7,31.3,72.88,71.8,73.9,73.8,90.7,144.4,84.9,LIGHT_ACTIVITY,46.4,46.7,6,6015,40.7,46.8,1,12,0,0,30.9,72.6,84.9,Light Activity,1,6015,44.7,46.7
synthetic_001386,ESP32_GREENHOUSE_01,2026-04-24T11:32:30.000Z,15,32.31,31.9,32.5,32.5,70.49,69.9,71.5,69.9,151.3,367.7,112.6,RESTLESS,41.8,43.3,7,8103,410.2,404.6,1,4,12,0,32.4,70.2,112.6,Restless,1,8103,413.9,43.3
synthetic_000519,ESP32_GREENHOUSE_01,2026-04-24T04:19:00.000Z,15,29.54,28.8,29.7,29.4,70.79,70.3,71.6,71.6,33.1,42.0,33.5,QUIET,59.0,59.0,1,898,41.7,43.3,13,2,0,0,29.7,70.6,33.5,Quiet,0,898,39.9,59.0
synthetic_002345,ESP32_GREENHOUSE_01,2026-04-24T19:32:00.000Z,14,30.21,29.6,31.0,30.4,67.92,67.7,68.0,67.7,490.3,862.8,580.6,CRYING,31.0,27.5,13,21879,288.4,289.2,0,0,1,12,30.3,68.2,580.6,CRYING,1,21879,285.1,27.5
synthetic_001985,ESP32_GREENHOUSE_01,2026-04-24T16:32:00.000Z,15,31.94,31.7,32.7,32.1,65.62,65.5,65.9,66.6,642.0,953.1,646.4,CRYING,21.7,21.5,11,29404,468.2,472.5,0,0,0,14,31.9,65.5,646.4,CRYING,1,29404,469.3,21.5
synthetic_000861,ESP32_GREENHOUSE_01,2026-04-24T07:10:00.000Z,15,30.78,30.6,31.5,30.6,70.83,70.2,72.3,70.1,102.4,146.8,104.4,LIGHT_ACTIVITY,47.8,47.7,4,6216,107.4,104.8,3,12,1,0,30.9,71.8,104.4,Light Activity,1,6216,105.1,47.7
synthetic_000118,ESP32_GREENHOUSE_01,2026-04-24T00:58:30.000Z,15,28.25,27.8,28.5,28.2,76.94,76.2,77.6,77.3,37.9,68.8,37.8,QUIET,58.6,58.6,2,290,16.0,12.4,14,1,0,0,28.2,77.6,37.8,Quiet,0,290,12.2,58.6
synthetic_000593,ESP32_GREENHOUSE_01,2026-04-24T04:56:00.000Z,14,29.58,29.0,30.3,29.6,73.56,72.9,73.9,73.8,30.0,62.2,31.0,QUIET,57.3,57.2,2,984,32.6,33.5,15,1,0,0,29.4,73.1,31.0,Quiet,0,984,35.3,57.2
synthetic_000105,ESP32_GREENHOUSE_01,2026-04-24T00:52:00.000Z,14,28.55,28.1,29.1,28.7,69.42,69.0,70.7,70.4,38.8,40.1,46.4,QUIET,62.4,62.1,0,675,30.7,33.5,13,1,0,0,28.5,68.8,46.4,Quiet,0,675,33.6,62.1
synthetic_000267,ESP32_GREENHOUSE_01,2026-04-24T02:13:00.000Z,14,28.84,28.6,29.4,28.9,75.27,74.3,76.3,75.3,26.6,49.4,17.5,QUIET,58.4,58.8,1,952,78.9,80.5,12,2,0,0,28.9,76.1,17.5,Quiet,0,952,79.3,58.8
synthetic_002240,ESP32_GREENHOUSE_01,2026-04-24T18:39:30.000Z,14,30.32,29.9,30.9,30.3,68.05,67.3,69.0,68.2,584.2,763.6,654.7,CRYING,27.0,24.2,14,22403,351.8,347.3,0,0,1,13,30.3,68.6,654.7,CRYING,1,22403,356.2,24.2
synthetic_001000,ESP32_GREENHOUSE_01,2026-04-24T08:19:30.000Z,14,31.26,30.6,31.5,31.2,71.19,70.2,72.4,70.9,79.6,156.7,79.3,LIGHT_ACTIVITY,47.1,47.1,7,5414,145.4,153.9,1,12,0,0,31.4,71.5,79.3,Light Activity,1,5414,143.6,47.1
synthetic_000219,ESP32_GREENHOUSE_01,2026-04-24T01:49:00.000Z,15,28.62,27.9,28.9,28.4,71.4,70.5,72.2,72.0,20.5,59.2,20.6,QUIET,61.7,61.7,1,511,49.2,51.5,13,2,0,0,28.7,70.9,20.6,Quiet,0,511,50.7,61.7
synthetic_001115,ESP32_GREENHOUSE_01,2026-04-24T09:17:00.000Z,15,32.09,31.6,32.8,32.0,67.98,66.5,68.2,68.3,107.5,174.0,113.6,LIGHT_ACTIVITY,45.7,45.5,7,5049,304.7,309.5,1,12,0,0,32.2,67.0,113.6,Light Activity,1,5049,306.0,45.5
synthetic_002167,ESP32_GREENHOUSE_01,2026-04-24T18:03:00.000Z,14,30.96,30.5,31.3,30.9,66.38,66.3,66.5,67.0,397.0,953.4,336.1,CRYING,33.6,35.9,14,21267,380.7,380.4,0,0,2,12,30.9,66.6,336.1,CRYING,1,21267,382.6,35.9
synthetic_001451,ESP32_GREENHOUSE_01,2026-04-24T12:05:00.000Z,15,33.2,33.0,33.4,33.5,63.92,62.5,64.7,64.0,123.9,203.8,144.0,RESTLESS,41.5,40.7,9,15440,424.5,427.1,1,4,12,0,33.0,64.9,144.0,Restless,1,15440,426.2,40.7
synthetic_002328,ESP32_GREENHOUSE_01,2026-04-24T19:23:30.000Z,15,30.24,29.8,30.6,30.5,68.12,67.3,68.7,68.2,532.2,795.8,514.1,CRYING,29.2,29.9,15,19329,336.3,341.3,0,0,2,13,30.4,69.0,514.1,CRYING,1,19329,331.7,29.9
synthetic_001681,ESP32_GREENHOUSE_01,2026-04-24T14:00:00.000Z,14,31.72,31.2,32.4,31.9,66.83,65.8,67.1,67.3,142.9,299.6,125.9,RESTLESS,46.1,46.7,8,14675,500,494.8,0,2,12,2,31.6,65.8,125.9,Restless,1,14675,496.2,46.7
synthetic_002176,ESP32_GREENHOUSE_01,2026-04-24T18:07:30.000Z,15,30.64,30.4,31.2,30.8,65.63,64.4,66.9,65.0,475.2,852.3,355.3,CRYING,31.9,36.5,10,17377,330.4,330.7,0,0,0,13,30.7,66.4,355.3,CRYING,1,17377,332.2,36.5
synthetic_001218,ESP32_GREENHOUSE_01,2026-04-24T10:08:30.000Z,14,32.16,31.6,32.8,32.0,68.36,67.4,69.2,68.9,195.0,265.5,231.1,RESTLESS,36.9,35.4,12,15009,380.0,378.1,0,4,10,2,32.2,67.5,231.1,Restless,1,15009,378.9,35.4
synthetic_001165,ESP32_GREENHOUSE_01,2026-04-24T09:42:00.000Z,15,31.56,31.1,32.3,31.7,65.78,65.7,66.9,65.6,73.2,163.0,79.4,LIGHT_ACTIVITY,49.9,49.7,3,6891,285.9,291.4,1,12,0,0,31.6,65.7,79.4,Light Activity,0,6891,284.9,49.7
synthetic_001103,ESP32_GREENHOUSE_01,2026-04-24T09:11:00.000Z,15,32.75,32.6,33.3,33.0,68.06,67.0,68.7,67.5,87.9,142.6,92.9,LIGHT_ACTIVITY,50.3,50.1,6,2734,248.1,250.6,2,9,1,0,32.9,67.7,92.9,Light Activity,1,2734,245.2,50.1
synthetic_001366,ESP32_GREENHOUSE_01,2026-04-24T11:22:30.000Z,14,32.3,31.6,32.5,32.5,66.31,66.1,66.9,66.7,156.4,371.3,157.7,RESTLESS,44.3,44.2,12,10509,422.4,426.5,1,2,11,2,32.4,65.8,157.7,Restless,1,10509,421.8,44.2
synthetic_001908,ESP32_GREENHOUSE_01,2026-04-24T15:53:30.000Z,14,31.92,31.3,32.3,32.0,63.21,61.8,63.6,64.0,565.4,825.7,489.8,CRYING,26.3,29.2,13,29545,446.4,437.5,0,0,2,15,32.0,63.1,489.8,CRYING,1,29545,442.4,29.2
synthetic_000208,ESP32_GREENHOUSE_01,2026-04-24T01:43:30.000Z,14,29.17,28.6,29.5,29.0,71.91,71.3,73.0,71.6,32.2,70.5,35.7,QUIET,59.4,59.2,1,844,26.1,27.2,14,2,0,0,29.0,71.5,35.7,Quiet,0,844,23.3,59.2
synthetic_001149,ESP32_GREENHOUSE_01,2026-04-24T09:34:00.000Z,15,31.43,30.7,31.9,31.4,69.37,69.0,70.3,68.5,78.8,178.6,78.0,LIGHT_ACTIVITY,47.8,47.8,2,5403,262.6,259.6,0,11,0,0,31.4,69.8,78.0,Light Activity,0,5403,263.1,47.8
synthetic_001153,ESP32_GREENHOUSE_01,2026-04-24T09:36:00.000Z,14,31.71,31.6,32.2,31.4,69.66,68.3,69.9,68.8,67.3,173.6,67.4,LIGHT_ACTIVITY,52.3,52.3,4,2550,252.9,245.7,3,13,1,0,31.9,68.9,67.4,Light Activity,1,2550,250.9,52.3
synthetic_000684,ESP32_GREENHOUSE_01,2026-04-24T05:41:30.000Z,14,29.98,29.8,30.8,30.2,69.59,69.4,70.9,69.4,94.3,122.4,86.7,LIGHT_ACTIVITY,56.1,56.4,5,2867,46.6,42.6,3,10,0,0,29.8,69.6,86.7,Light Activity,1,2867,49.1,56.4
synthetic_000299,ESP32_GREENHOUSE_01,2026-04-24T02:29:00.000Z,15,28.89,28.2,29.2,28.9,74.31,73.6,74.4,73.3,27.1,62.4,19.5,QUIET,58.9,59.2,1,1134,68.3,63.6,15,0,0,0,29.1,75.0,19.5,Quiet,0,1134,68.0,59.2
synthetic_001664,ESP32_GREENHOUSE_01,2026-04-24T13:51:30.000Z,15,32.82,32.6,33.3,32.7,63.69,63.6,64.9,64.4,155.0,326.5,163.7,RESTLESS,40.4,40.0,10,16033,500,506.8,1,3,11,2,32.9,63.1,163.7,Restless,1,16033,502.4,40.0
synthetic_000053,ESP32_GREENHOUSE_01,2026-04-24T00:26:00.000Z,15,28.67,28.2,29.4,28.4,70.26,69.5,70.9,70.6,23.7,57.8,29.7,QUIET,62.1,61.9,0,1259,41.6,41.4,12,2,0,0,28.8,69.4,29.7,Quiet,0,1259,37.4,61.9
synthetic_001821,ESP32_GREENHOUSE_01,2026-04-24T15:10:00.000Z,14,31.82,31.3,32.4,31.8,67.35,66.9,68.6,66.6,404.5,1023,264.2,CRYING,30.2,35.7,9,25930,471.5,479.7,0,0,0,12,31.7,67.3,264.2,CRYING,1,25930,476.3,35.7
synthetic_001069,ESP32_GREENHOUSE_01,2026-04-24T08:54:00.000Z,15,31.7,31.4,31.8,31.5,69.89,68.8,70.5,70.3,63.2,164.7,60.9,LIGHT_ACTIVITY,47.3,47.4,5,6492,211.8,207.8,2,13,0,0,31.7,70.9,60.9,Light Activity,1,6492,212.5,47.4
synthetic_001049,ESP32_GREENHOUSE_01,2026-04-24T08:44:00.000Z,15,31.26,30.5,31.8,31.0,71.98,71.6,73.1,72.9,74.1,121.0,80.6,LIGHT_ACTIVITY,51.8,51.6,2,4498,211.9,210.4,2,9,0,0,31.4,71.6,80.6,Light Activity,0,4498,207.4,51.6
synthetic_001737,ESP32_GREENHOUSE_01,2026-04-24T14:28:00.000Z,14,33.09,32.7,33.7,33.1,64.88,63.7,65.6,64.4,176.1,223.7,197.2,RESTLESS,43.8,43.0,10,11469,493.1,492.0,0,2,9,1,33.0,64.2,197.2,Restless,1,11469,489.2,43.0
synthetic_000620,ESP32_GREENHOUSE_01,2026-04-24T05:09:30.000Z,15,29.83,29.6,30.4,29.6,77.39,77.2,77.6,78.0,116.8,133.2,120.9,LIGHT_ACTIVITY,50.8,50.6,5,3576,67.2,58.5,0,12,0,0,29.8,76.7,120.9,Light Activity,1,3576,69.6,50.6
synthetic_001615,ESP32_GREENHOUSE_01,2026-04-24T13:27:00.000Z,15,32.74,32.6,32.9,32.7,66.64,65.9,66.9,67.3,186.7,221.1,186.3,RESTLESS,42.3,42.3,11,9726,468.3,466.0,0,3,8,1,32.8,66.7,186.3,Restless,1,9726,468.5,42.3
synthetic_000794,ESP32_GREENHOUSE_01,2026-04-24T06:36:30.000Z,14,30.79,30.0,31.2,30.5,72.62,71.6,74.0,72.0,102.2,170.4,101.6,LIGHT_ACTIVITY,51.7,51.7,3,3227,50,48.6,2,13,2,0,31.0,72.9,101.6,Light Activity,0,3227,45.3,51.7
synthetic_002079,ESP32_GREENHOUSE_01,2026-04-24T17:19:00.000Z,14,30.89,30.6,31.4,30.6,62.89,61.5,63.3,63.7,566.4,841.3,679.6,CRYING,29.3,24.9,9,26992,433.0,424.7,0,0,1,13,30.7,62.8,679.6,CRYING,1,26992,434.7,24.9
synthetic_000197,ESP32_GREENHOUSE_01,2026-04-24T01:38:00.000Z,15,28.47,27.7,28.6,28.7,73.02,72.4,73.4,73.0,18.4,66.0,20.3,QUIET,61.2,61.1,1,722,25.6,21.2,14,1,0,0,28.3,72.3,20.3,Quiet,0,722,26.6,61.1
synthetic_001222,ESP32_GREENHOUSE_01,2026-04-24T10:10:30.000Z,15,32.27,32.1,32.6,32.1,69.18,68.1,70.4,69.9,96.4,268.1,68.4,RESTLESS,39.9,41.0,10,18047,277.2,284.6,1,3,9,1,32.5,69.7,68.4,Restless,1,18047,277.0,41.0
synthetic_001105,ESP32_GREENHOUSE_01,2026-04-24T09:12:00.000Z,15,32.42,31.8,32.9,32.3,67.17,66.5,67.4,67.8,80.9,128.6,94.3,LIGHT_ACTIVITY,51.3,50.8,5,2224,275.9,266.0,0,10,0,0,32.3,67.2,94.3,Light Activity,1,2224,275.1,50.8
synthetic_000072,ESP32_GREENHOUSE_01,2026-04-24T00:35:30.000Z,15,28.42,27.8,28.8,28.2,72.35,72.0,73.3,71.6,17.3,34.7,14.4,QUIET,61.8,61.9,0,1301,71.1,72.7,15,1,0,0,28.5,71.6,14.4,Quiet,0,1301,69.6,61.9
synthetic_002026,ESP32_GREENHOUSE_01,2026-04-24T16:52:30.000Z,15,31.39,30.8,31.9,31.4,64.88,64.0,65.4,64.9,488.1,756.4,373.5,CRYING,29.7,34.2,10,24563,461.0,454.1,0,0,1,12,31.2,64.8,373.5,CRYING,1,24563,458.1,34.2
synthetic_000044,ESP32_GREENHOUSE_01,2026-04-24T00:21:30.000Z,15,28.2,28.0,28.7,28.2,68.64,67.5,68.9,67.8,14.4,64.0,9.7,QUIET,64.8,65.0,0,600,13.2,20.6,14,1,0,0,28.2,68.1,9.7,Quiet,0,600,17.3,65.0
synthetic_001389,ESP32_GREENHOUSE_01,2026-04-24T11:34:00.000Z,15,32.68,32.4,33.1,32.9,69.2,67.9,69.8,68.2,164.2,314.4,183.9,RESTLESS,41.6,40.8,6,13893,409.0,418.3,1,3,11,2,32.6,69.5,183.9,Restless,1,13893,413.0,40.8
synthetic_000437,ESP32_GREENHOUSE_01,2026-04-24T03:38:00.000Z,14,29.95,29.3,30.2,30.2,73.36,73.1,74.8,73.4,10.0,31.2,5,QUIET,57.1,57.3,2,603,19.4,29.0,14,0,0,0,30.1,73.9,5,Quiet,0,603,15.5,57.3
synthetic_001067,ESP32_GREENHOUSE_01,2026-04-24T08:53:00.000Z,14,31.41,30.6,31.8,31.1,69.03,68.1,70.2,68.6,92.0,189.2,84.0,LIGHT_ACTIVITY,47.6,47.9,4,5349,189.6,197.9,0,9,1,0,31.4,68.9,84.0,Light Activity,1,5349,186.3,47.9
synthetic_002325,ESP32_GREENHOUSE_01,2026-04-24T19:22:00.000Z,14,30.18,29.4,30.5,30.0,67.91,67.2,69.2,68.6,415.5,638.0,340.9,CRYING,34.1,37.0,15,24386,264.7,255.5,0,0,2,13,30.1,68.6,340.9,CRYING,1,24386,260.5,37.0
synthetic_000327,ESP32_GREENHOUSE_01,2026-04-24T02:43:00.000Z,14,29.69,28.9,30.0,29.8,72.58,72.0,73.2,71.9,20.9,55.3,25.1,QUIET,57.9,57.8,1,266,62.3,58.1,15,0,0,0,29.6,72.8,25.1,Quiet,0,266,66.4,57.8
synthetic_002134,ESP32_GREENHOUSE_01,2026-04-24T17:46:30.000Z,14,30.89,30.1,31.0,30.6,66.91,66.8,67.1,67.3,482.7,665.2,309.4,CRYING,30.1,36.8,8,26842,424.8,429.0,0,0,2,14,30.7,67.7,309.4,CRYING,1,26842,419.8,36.8
synthetic_002160,ESP32_GREENHOUSE_01,2026-04-24T17:59:30.000Z,14,31.0,30.4,31.5,31.3,66.48,65.7,67.0,67.4,450.9,852.0,304.0,CRYING,31.3,37.0,11,15542,420.7,413.7,0,0,2,14,31.0,66.2,304.0,CRYING,1,15542,418.4,37.0
synthetic_000190,ESP32_GREENHOUSE_01,2026-04-24T01:34:30.000Z,15,28.55,27.8,28.7,28.8,69.38,69.2,69.4,69.5,28.7,59.7,32.2,QUIET,62.8,62.7,1,1298,69.5,67.4,13,1,0,0,28.6,68.6,32.2,Quiet,0,1298,66.6,62.7
synthetic_001194,ESP32_GREENHOUSE_01,2026-04-24T09:56:30.000Z,15,31.12,31.0,31.6,31.3,69.13,68.4,69.6,70.1,96.7,182.7,105.1,LIGHT_ACTIVITY,53.1,52.8,2,4549,285.5,278.8,2,12,0,0,31.0,69.5,105.1,Light Activity,0,4549,289.8,52.8
synthetic_001947,ESP32_GREENHOUSE_01,2026-04-24T16:13:00.000Z,14,31.67,30.9,32.3,31.5,63.55,63.2,64.5,64.5,472.2,662.2,581.7,CRYING,30.4,26.1,9,19390,471.4,478.7,0,0,1,14,31.6,64.0,581.7,CRYING,1,19390,473.7,26.1
synthetic_001596,ESP32_GREENHOUSE_01,2026-04-24T13:17:30.000Z,14,32.55,31.9,33.3,32.5,62.99,62.6,63.6,63.2,158.8,213.9,142.0,RESTLESS,45.7,46.3,7,13357,498.7,501.4,1,1,8,2,32.5,63.9,142.0,Restless,1,13357,499.6,46.3
synthetic_000669,ESP32_GREENHOUSE_01,2026-04-24T05:34:00.000Z,15,29.93,29.2,30.6,29.9,75.19,74.1,75.3,74.8,92.1,172.4,76.6,LIGHT_ACTIVITY,52.9,53.5,6,2849,79.1,77.0,1,12,2,0,29.8,75.6,76.6,Light Activity,1,2849,77.8,53.5
synthetic_000619,ESP32_GREENHOUSE_01,2026-04-24T05:09:00.000Z,15,30.34,29.6,30.7,30.4,72.99,71.7,73.9,72.4,98.0,146.3,101.4,LIGHT_ACTIVITY,52.8,52.7,3,2660,38.1,45.7,1,13,2,0,30.4,72.5,101.4,Light Activity,0,2660,40.0,52.7
synthetic_002342,ESP32_GREENHOUSE_01,2026-04-24T19:30:30.000Z,15,30.02,29.8,30.3,30.0,69.37,68.1,70.3,69.0,301.4,799.1,252.2,CRYING,38.1,40.0,14,18918,284.0,279.2,0,0,2,13,29.9,70.2,252.2,CRYING,1,18918,282.9,40.0
synthetic_000151,ESP32_GREENHOUSE_01,2026-04-24T01:15:00.000Z,14,28.29,27.8,29.0,28.0,71.28,70.4,72.2,71.2,30.0,59.0,32.8,QUIET,62.3,62.2,0,768,15.2,5.8,13,2,0,0,28.5,70.6,32.8,Quiet,0,768,19.1,62.2
synthetic_000076,ESP32_GREENHOUSE_01,2026-04-24T00:37:30.000Z,14,28.08,27.9,28.7,28.0,68.42,67.8,69.3,68.6,35.1,40.9,43.3,QUIET,64.5,64.2,2,1388,20.0,23.6,15,0,0,0,28.3,68.2,43.3,Quiet,0,1388,22.6,64.2
synthetic_001855,ESP32_GREENHOUSE_01,2026-04-24T15:27:00.000Z,15,32.14,31.4,32.9,32.0,62.71,62.2,63.8,63.4,531.6,820.2,609.2,CRYING,27.3,24.2,14,21600,500,506.6,0,0,0,13,32.0,63.4,609.2,CRYING,1,21600,502.1,24.2
synthetic_001026,ESP32_GREENHOUSE_01,2026-04-24T08:32:30.000Z,14,31.7,31.5,32.2,31.7,68.29,67.6,69.7,69.1,82.0,170.1,83.3,LIGHT_ACTIVITY,47.6,47.6,5,6450,204.2,212.3,3,11,2,0,31.6,67.4,83.3,Light Activity,1,6450,201.8,47.6
synthetic_002349,ESP32_GREENHOUSE_01,2026-04-24T19:34:00.000Z,14,29.95,29.4,30.2,29.9,66.51,66.1,67.6,65.9,545.0,976.7,497.3,CRYING,30.5,32.4,13,29214,251.1,242.4,0,0,1,13,29.8,65.9,497.3,CRYING,1,29214,255.9,32.4
synthetic_000474,ESP32_GREENHOUSE_01,2026-04-24T03:56:30.000Z,14,29.36,29.2,29.5,29.5,72.22,71.1,72.6,72.7,16.0,77.1,5,QUIET,59.3,59.7,1,75,68.9,66.9,12,1,0,0,29.4,71.8,5,Quiet,0,75,70.0,59.7
synthetic_000821,ESP32_GREENHOUSE_01,2026-04-24T06:50:00.000Z,14,31.33,30.6,31.8,31.4,74.06,73.1,74.9,74.7,88.9,155.2,90.9,LIGHT_ACTIVITY,44.8,44.7,5,5279,50,49.6,3,12,0,0,31.3,73.1,90.9,Light Activity,1,5279,45.8,44.7
synthetic_001080,ESP32_GREENHOUSE_01,2026-04-24T08:59:30.000Z,15,31.44,31.1,32.0,31.5,68.98,67.8,69.6,69.8,99.7,155.6,99.2,LIGHT_ACTIVITY,47.2,47.2,2,7774,193.2,190.3,1,10,0,0,31.5,69.0,99.2,Light Activity,0,7774,194.4,47.2
synthetic_000979,ESP32_GREENHOUSE_01,2026-04-24T08:09:00.000Z,15,31.57,31.1,31.7,31.3,69.38,69.2,70.1,68.5,89.9,105.3,84.5,LIGHT_ACTIVITY,47.0,47.2,4,5064,202.9,202.9,2,11,1,0,31.4,69.1,84.5,Light Activity,1,5064,200.5,47.2
synthetic_001177,ESP32_GREENHOUSE_01,2026-04-24T09:48:00.000Z,15,31.37,31.1,31.6,31.1,68.96,67.6,69.9,69.5,80.8,182.6,75.5,LIGHT_ACTIVITY,53.2,53.4,4,1689,258.7,262.4,1,13,0,0,31.4,69.6,75.5,Light Activity,1,1689,261.2,53.4
synthetic_000274,ESP32_GREENHOUSE_01,2026-04-24T02:16:30.000Z,14,29.29,28.6,29.6,29.0,71.45,70.9,72.9,71.0,34.4,54.7,41.1,QUIET,59.2,59.0,1,874,74.6,80.9,14,1,0,0,29.2,70.6,41.1,Quiet,0,874,79.4,59.0
synthetic_000247,ESP32_GREENHOUSE_01,2026-04-24T02:03:00.000Z,15,29.46,28.8,30.2,29.3,73.08,72.8,74.4,74.0,33.9,57.0,27.7,QUIET,57.8,58.0,2,105,20.1,10.2,15,1,0,0,29.6,72.1,27.7,Quiet,0,105,20.1,58.0
synthetic_001548,ESP32_GREENHOUSE_01,2026-04-24T12:53:30.000Z,14,33.07,32.9,33.6,33.3,66.47,66.1,68.0,67.3,195.9,267.7,224.5,RESTLESS,37.0,35.9,10,17524,469.6,479.5,1,2,11,0,33.1,65.8,224.5,Restless,1,17524,467.0,35.9
synthetic_001686,ESP32_GREENHOUSE_01,2026-04-24T14:02:30.000Z,15,31.67,31.3,32.3,31.5,67.4,66.7,68.2,67.3,212.3,323.3,191.1,RESTLESS,38.1,39.0,8,16257,469.6,464.6,0,1,12,0,31.7,67.9,191.1,Restless,1,16257,473.6,39.0
synthetic_001205,ESP32_GREENHOUSE_01,2026-04-24T10:02:00.000Z,15,32.33,32.0,33.0,32.4,70.84,70.6,71.3,71.3,164.0,348.7,180.9,RESTLESS,36.0,35.4,11,16541,320.4,321.6,1,1,12,1,32.4,71.1,180.9,Restless,1,16541,317.2,35.4
synthetic_001657,ESP32_GREENHOUSE_01,2026-04-24T13:48:00.000Z,15,32.43,32.1,33.2,32.6,67.99,67.1,69.1,67.8,140.2,297.2,136.9,RESTLESS,38.5,38.6,12,17815,500,492.9,1,1,8,2,32.5,67.7,136.9,Restless,1,17815,495.4,38.6
synthetic_002368,ESP32_GREENHOUSE_01,2026-04-24T19:43:30.000Z,14,29.64,29.0,30.1,29.5,68.82,68.5,69.9,68.7,500.7,691.2,499.5,CRYING,31.7,31.7,10,18482,309.3,311.5,0,0,0,14,29.5,68.3,499.5,CRYING,1,18482,312.8,31.7
synthetic_001628,ESP32_GREENHOUSE_01,2026-04-24T13:33:30.000Z,14,32.24,31.7,33.0,32.0,66.91,65.8,68.2,67.6,161.9,280.0,202.8,RESTLESS,43.8,42.2,5,13044,461.7,458.4,1,1,9,2,32.2,67.5,202.8,Restless,1,13044,460.7,42.2
synthetic_001961,ESP32_GREENHOUSE_01,2026-04-24T16:20:00.000Z,15,31.96,31.3,32.2,32.2,64.93,64.0,65.8,65.9,460.3,841.3,376.0,CRYING,29.2,32.5,11,17742,500,496.5,0,0,1,13,31.9,64.6,376.0,CRYING,1,17742,503.1,32.5
synthetic_000399,ESP32_GREENHOUSE_01,2026-04-24T03:19:00.000Z,14,28.91,28.6,29.4,29.2,73.63,72.4,73.6,74.2,28.2,68.7,33.2,QUIET,59.2,59.0,0,535,56.6,59.5,15,2,0,0,29.1,73.4,33.2,Quiet,0,535,57.5,59.0
synthetic_000739,ESP32_GREENHOUSE_01,2026-04-24T06:09:00.000Z,15,30.08,29.4,30.2,30.3,75.58,75.5,75.8,75.5,82.2,158.4,82.0,LIGHT_ACTIVITY,52.6,52.6,3,1953,50,46.4,1,11,1,0,30.2,74.8,82.0,Light Activity,0,1953,46.8,52.6
synthetic_001350,ESP32_GREENHOUSE_01,2026-04-24T11:14:30.000Z,14,32.1,31.5,32.6,32.3,73.59,72.9,74.9,74.3,119.9,215.5,87.1,RESTLESS,41.7,43.0,12,12600,419.7,412.2,1,1,8,2,31.9,74.4,87.1,Restless,1,12600,418.0,43.0
synthetic_002154,ESP32_GREENHOUSE_01,2026-04-24T17:56:30.000Z,15,30.87,30.6,31.1,31.1,63.01,62.6,63.7,62.3,591.6,774.6,611.7,CRYING,28.3,27.5,13,22062,423.9,428.8,0,0,1,13,31.0,62.1,611.7,CRYING,1,22062,420.2,27.5
synthetic_001968,ESP32_GREENHOUSE_01,2026-04-24T16:23:30.000Z,14,32.03,31.4,32.6,32.2,57.82,57.5,58.7,58.1,468.7,844.1,537.0,CRYING,33.1,30.4,12,20560,449.5,447.5,0,0,0,13,32.0,57.3,537.0,CRYING,1,20560,446.3,30.4
synthetic_000468,ESP32_GREENHOUSE_01,2026-04-24T03:53:30.000Z,14,28.84,28.3,29.4,29.1,75.09,74.9,75.6,74.8,24.4,71.2,28.6,QUIET,58.6,58.4,0,368,73.6,83.5,14,0,0,0,28.9,74.1,28.6,Quiet,0,368,73.8,58.4
synthetic_000886,ESP32_GREENHOUSE_01,2026-04-24T07:22:30.000Z,15,31.28,31.1,31.5,31.5,70.87,70.6,71.5,71.7,97.5,152.0,93.3,LIGHT_ACTIVITY,51.6,51.7,5,3312,124.2,129.0,0,9,0,0,31.1,70.4,93.3,Light Activity,1,3312,122.3,51.7
synthetic_001612,ESP32_GREENHOUSE_01,2026-04-24T13:25:30.000Z,15,32.08,31.6,32.3,32.4,65.68,65.2,66.4,65.6,128.4,188.2,81.7,RESTLESS,41.4,43.2,11,19089,488.0,490.5,1,2,12,0,31.9,66.6,81.7,Restless,1,19089,488.1,43.2
synthetic_000982,ESP32_GREENHOUSE_01,2026-04-24T08:10:30.000Z,14,31.28,30.9,31.9,31.0,70.0,69.6,71.4,70.0,92.3,196.5,100.1,LIGHT_ACTIVITY,52.3,52.0,3,3284,165.0,162.9,3,13,1,0,31.4,69.4,100.1,Light Activity,0,3284,166.9,52.0
synthetic_001597,ESP32_GREENHOUSE_01,2026-04-24T13:18:00.000Z,14,32.3,32.1,33.0,32.1,62.17,60.7,63.4,62.2,109.8,387.6,127.8,RESTLESS,43.7,43.0,6,15950,500,491.5,1,2,11,1,32.4,62.5,127.8,Restless,1,15950,505.0,43.0
synthetic_001673,ESP32_GREENHOUSE_01,2026-04-24T13:56:00.000Z,15,32.66,32.2,33.5,32.6,63.23,63.2,63.4,64.0,221.7,273.6,218.7,RESTLESS,38.1,38.2,6,17206,498.2,506.3,1,2,11,0,32.8,63.7,218.7,Restless,1,17206,498.7,38.2
synthetic_001781,ESP32_GREENHOUSE_01,2026-04-24T14:50:00.000Z,15,31.72,31.4,32.3,31.6,65.77,65.4,66.9,65.3,190.4,249.2,144.4,RESTLESS,39.9,41.7,7,21381,474.1,480.0,1,4,8,2,31.7,65.0,144.4,Restless,1,21381,472.6,41.7
synthetic_002357,ESP32_GREENHOUSE_01,2026-04-24T19:38:00.000Z,15,30.37,29.7,31.1,30.2,68.9,68.8,69.5,69.7,549.8,918.4,591.0,CRYING,27.7,26.0,14,21691,315.7,306.9,0,0,1,15,30.4,68.7,591.0,CRYING,1,21691,319.3,26.0
synthetic_002216,ESP32_GREENHOUSE_01,2026-04-24T18:27:30.000Z,14,29.96,29.6,30.6,29.8,69.82,69.4,70.2,69.2,571.4,913.8,612.8,CRYING,27.4,25.8,12,20987,360.7,357.6,0,0,2,15,30.0,69.7,612.8,CRYING,1,20987,357.7,25.8
synthetic_000171,ESP32_GREENHOUSE_01,2026-04-24T01:25:00.000Z,14,28.6,28.0,28.8,28.7,73.74,72.4,74.7,73.7,40.9,45.2,36.5,QUIET,59.5,59.7,2,1370,17.7,27.2,15,0,0,0,28.5,72.8,36.5,Quiet,0,1370,20.8,59.7
synthetic_001838,ESP32_GREENHOUSE_01,2026-04-24T15:18:30.000Z,15,32.19,31.5,32.6,32.2,65.53,64.3,65.7,64.6,369.4,610.7,253.0,CRYING,31.7,36.3,14,22945,443.7,449.8,0,0,0,14,32.3,65.5,253.0,CRYING,1,22945,448.0,36.3
synthetic_000270,ESP32_GREENHOUSE_01,2026-04-24T02:14:30.000Z,14,29.81,29.2,30.4,29.6,71.26,70.4,72.5,70.4,36.1,51.9,35.8,QUIET,57.8,57.8,0,1015,51.7,47.0,15,1,0,0,29.9,70.4,35.8,Quiet,0,1015,51.3,57.8
synthetic_001438,ESP32_GREENHOUSE_01,2026-04-24T11:58:30.000Z,14,32.41,32.0,33.0,32.1,66.62,66.3,67.4,66.8,109.1,292.0,43.3,RESTLESS,45.6,48.2,10,8711,470.3,472.1,1,3,12,0,32.5,66.2,43.3,Restless,1,8711,473.3,48.2
synthetic_000723,ESP32_GREENHOUSE_01,2026-04-24T06:01:00.000Z,14,29.82,29.2,30.0,29.6,75.29,74.2,76.1,76.0,87.4,180.8,86.0,LIGHT_ACTIVITY,48.3,48.3,5,7828,50,51.2,3,9,2,0,29.8,75.6,86.0,Light Activity,1,7828,52.1,48.3
synthetic_001445,ESP32_GREENHOUSE_01,2026-04-24T12:02:00.000Z,15,32.53,32.2,33.1,32.4,67.59,67.6,68.2,66.7,221.2,225.8,228.8,RESTLESS,35.4,35.1,6,15719,460.9,469.3,1,3,12,2,32.7,67.0,228.8,Restless,1,15719,460.0,35.1
synthetic_001296,ESP32_GREENHOUSE_01,2026-04-24T10:47:30.000Z,14,32.87,32.5,33.0,33.0,68.4,68.2,69.2,68.5,179.9,286.2,151.1,RESTLESS,36.5,37.6,11,20601,355.8,359.9,0,3,11,2,32.9,68.3,151.1,Restless,1,20601,359.2,37.6
synthetic_001760,ESP32_GREENHOUSE_01,2026-04-24T14:39:30.000Z,15,32.66,31.9,33.4,32.6,65.11,64.7,66.3,65.3,142.3,467.3,145.2,RESTLESS,40.0,39.9,10,16584,500,495.1,1,3,12,2,32.6,66.0,145.2,Restless,1,16584,502.2,39.9
synthetic_000481,ESP32_GREENHOUSE_01,2026-04-24T04:00:00.000Z,14,29.75,29.3,30.0,30.0,69.91,68.9,70.5,69.7,16.5,52.4,8.2,QUIET,59.6,59.9,0,73,25.4,19.8,14,0,0,0,29.9,70.3,8.2,Quiet,0,73,25.4,59.9
synthetic_001834,ESP32_GREENHOUSE_01,2026-04-24T15:16:30.000Z,15,32.37,31.6,32.5,32.6,63.46,62.1,63.9,63.5,699.8,738.6,684.6,CRYING,19.6,20.2,10,27798,436.6,445.0,0,0,2,15,32.6,62.5,684.6,CRYING,1,27798,431.6,20.2
synthetic_001501,ESP32_GREENHOUSE_01,2026-04-24T12:30:00.000Z,14,32.75,32.4,33.2,32.8,65.46,65.0,66.9,65.2,192.5,254.6,153.2,RESTLESS,37.8,39.3,12,15268,473.7,475.9,1,3,12,2,32.9,65.6,153.2,Restless,1,15268,475.7,39.3
synthetic_001473,ESP32_GREENHOUSE_01,2026-04-24T12:16:00.000Z,14,32.97,32.8,33.5,32.9,64.39,63.5,65.6,64.3,99.9,441.0,136.7,RESTLESS,42.1,40.7,12,18126,439.4,439.4,0,2,11,1,33.0,63.8,136.7,Restless,1,18126,442.8,40.7
synthetic_001430,ESP32_GREENHOUSE_01,2026-04-24T11:54:30.000Z,14,33.02,32.6,33.5,33.1,67.94,67.1,68.3,67.9,201.7,317.7,229.0,RESTLESS,35.9,34.8,11,16558,490.9,499.1,1,2,10,2,33.0,68.8,229.0,Restless,1,16558,492.6,34.8
synthetic_002073,ESP32_GREENHOUSE_01,2026-04-24T17:16:00.000Z,14,30.72,30.4,30.9,30.8,68.52,67.3,69.5,68.9,553.8,788.1,508.2,CRYING,26.8,28.5,15,28835,459.0,466.8,0,0,2,12,30.6,67.7,508.2,CRYING,1,28835,460.7,28.5
synthetic_001782,ESP32_GREENHOUSE_01,2026-04-24T14:50:30.000Z,15,32.37,31.6,33.1,32.3,66.14,66.0,66.2,66.5,167.8,362.2,162.3,RESTLESS,38.7,38.9,11,19794,500,495.5,0,1,9,2,32.2,67.1,162.3,Restless,1,19794,498.6,38.9
synthetic_001009,ESP32_GREENHOUSE_01,2026-04-24T08:24:00.000Z,15,31.94,31.7,32.7,32.0,70.37,69.9,71.5,69.9,73.3,179.1,71.6,LIGHT_ACTIVITY,51.0,51.0,7,3680,221.6,213.4,0,9,0,0,32.0,69.8,71.6,Light Activity,1,3680,224.4,51.0
synthetic_000893,ESP32_GREENHOUSE_01,2026-04-24T07:26:00.000Z,14,30.8,30.6,31.1,30.5,73.2,71.8,74.4,72.9,86.9,189.5,83.3,LIGHT_ACTIVITY,46.9,47.0,7,5343,74.3,72.2,1,11,2,0,30.8,73.6,83.3,Light Activity,1,5343,78.4,47.0
synthetic_000045,ESP32_GREENHOUSE_01,2026-04-24T00:22:00.000Z,15,28.81,28.0,29.6,28.7,75.39,73.9,76.4,75.3,34.9,65.4,34.8,QUIET,58.1,58.1,2,1119,73.1,69.1,13,0,0,0,29.0,76.1,34.8,Quiet,0,1119,69.2,58.1
synthetic_001188,ESP32_GREENHOUSE_01,2026-04-24T09:53:30.000Z,15,31.37,31.0,31.7,31.2,70.01,68.8,70.4,70.2,88.6,195.0,76.2,LIGHT_ACTIVITY,52.2,52.7,4,1952,252.0,256.4,1,13,1,0,31.3,69.8,76.2,Light Activity,1,1952,253.9,52.7
synthetic_001503,ESP32_GREENHOUSE_01,2026-04-24T12:31:00.000Z,14,32.97,32.7,33.2,33.0,62.35,61.5,62.8,63.3,219.8,390.3,241.4,RESTLESS,43.7,42.8,7,12362,396.1,399.6,1,4,9,0,32.8,62.4,241.4,Restless,1,12362,396.0,42.8
synthetic_002195,ESP32_GREENHOUSE_01,2026-04-24T18:17:00.000Z,14,29.74,29.1,30.3,30.0,68.23,67.2,69.1,69.2,520.9,777.3,527.9,CRYING,31.0,30.7,10,28630,346.2,337.5,0,0,0,13,29.9,68.2,527.9,CRYING,1,28630,347.5,30.7
synthetic_000379,ESP32_GREENHOUSE_01,2026-04-24T03:09:00.000Z,14,29.13,28.3,29.8,29.3,73.83,72.5,73.8,73.4,32.1,52.6,33.6,QUIET,58.3,58.2,1,1399,33.0,39.4,14,0,0,0,29.2,73.6,33.6,Quiet,0,1399,32.1,58.2
synthetic_001861,ESP32_GREENHOUSE_01,2026-04-24T15:30:00.000Z,15,31.73,31.2,31.9,31.8,64.15,62.8,64.5,63.9,526.3,974.3,447.6,CRYING,27.7,30.8,8,22295,500,499.4,0,0,1,12,31.8,63.6,447.6,CRYING,1,22295,502.5,30.8
synthetic_002091,ESP32_GREENHOUSE_01,2026-04-24T17:25:00.000Z,15,30.44,30.2,30.6,30.2,66.14,66.1,66.4,66.4,837.0,837.0,965.1,CRYING,18.0,12.9,12,27694,426.9,436.0,0,0,0,13,30.5,65.2,965.1,CRYING,1,27694,425.9,12.9
synthetic_000405,ESP32_GREENHOUSE_01,2026-04-24T03:22:00.000Z,14,28.48,28.1,29.2,28.7,77.61,76.9,78.6,78.0,36.2,51.2,28.1,QUIET,57.6,57.9,0,1242,57.5,49.5,15,1,0,0,28.4,77.8,28.1,Quiet,0,1242,59.6,57.9
synthetic_000251,ESP32_GREENHOUSE_01,2026-04-24T02:05:00.000Z,15,28.36,27.9,28.9,28.4,74.85,74.6,75.8,75.3,14.1,42.1,12.4,QUIET,60.5,60.6,2,724,50.3,59.9,13,2,0,0,28.2,73.9,12.4,Quiet,0,724,51.6,60.6
synthetic_000983,ESP32_GREENHOUSE_01,2026-04-24T08:11:00.000Z,15,31.87,31.3,32.6,31.8,72.2,70.9,72.8,71.7,92.2,108.9,91.8,LIGHT_ACTIVITY,44.3,44.3,6,7824,197.2,187.4,1,12,0,0,31.7,72.5,91.8,Light Activity,1,7824,195.4,44.3
synthetic_002196,ESP32_GREENHOUSE_01,2026-04-24T18:17:30.000Z,15,29.87,29.1,30.4,30.1,62.51,61.4,62.7,63.2,351.6,790.4,280.7,CRYING,40.8,43.6,8,17527,333.6,339.5,0,0,0,13,29.8,63.3,280.7,CRYING,1,17527,331.0,43.6
synthetic_002264,ESP32_GREENHOUSE_01,2026-04-24T18:51:30.000Z,14,30.12,29.9,30.8,29.9,68.57,67.6,69.5,69.2,502.0,843.8,513.3,CRYING,30.4,30.0,13,15371,334.0,325.2,0,0,1,15,30.2,69.3,513.3,CRYING,1,15371,331.9,30.0
synthetic_001621,ESP32_GREENHOUSE_01,2026-04-24T13:30:00.000Z,14,32.49,32.2,33.1,32.6,65.69,65.4,66.0,64.9,169.4,307.1,140.0,RESTLESS,43.6,44.7,9,8872,497.6,500.9,0,2,12,0,32.3,65.4,140.0,Restless,1,8872,498.6,44.7
synthetic_000042,ESP32_GREENHOUSE_01,2026-04-24T00:20:30.000Z,14,28.65,28.2,29.2,28.9,70.19,68.9,70.9,70.2,16.8,54.4,7.4,QUIET,62.5,62.9,2,311,56.5,55.6,15,0,0,0,28.7,70.0,7.4,Quiet,0,311,58.0,62.9
synthetic_000543,ESP32_GREENHOUSE_01,2026-04-24T04:31:00.000Z,14,29.35,28.9,29.6,29.2,75.13,74.4,75.4,75.6,39.3,50.0,45.0,QUIET,56.6,56.4,2,302,14.5,21.3,14,0,0,0,29.2,74.7,45.0,Quiet,0,302,13.0,56.4
synthetic_001422,ESP32_GREENHOUSE_01,2026-04-24T11:50:30.000Z,14,32.02,31.7,32.3,31.8,68.68,67.6,69.3,69.1,165.5,176.2,158.4,RESTLESS,43.2,43.5,7,8599,378.8,379.6,1,1,12,2,32.2,69.5,158.4,Restless,1,8599,375.6,43.5
synthetic_002281,ESP32_GREENHOUSE_01,2026-04-24T19:00:00.000Z,14,29.6,29.2,29.9,29.8,71.83,71.6,72.2,72.2,588.4,710.8,605.1,CRYING,26.5,25.8,10,15126,280.6,283.2,0,0,2,15,29.5,71.0,605.1,CRYING,1,15126,276.6,25.8
synthetic_002113,ESP32_GREENHOUSE_01,2026-04-24T17:36:00.000Z,15,31.51,30.8,31.8,31.4,65.14,64.7,66.4,65.7,306.9,909.2,240.4,CRYING,36.3,38.9,12,18681,459.1,450.3,0,0,0,13,31.6,66.1,240.4,CRYING,1,18681,456.7,38.9
synthetic_000842,ESP32_GREENHOUSE_01,2026-04-24T07:00:30.000Z,15,31.49,31.3,31.8,31.2,74.61,74.5,76.1,74.7,126.1,134.7,120.5,LIGHT_ACTIVITY,47.5,47.7,4,4335,50,51.6,1,11,2,0,31.5,74.4,120.5,Light Activity,1,4335,49.3,47.7
synthetic_000670,ESP32_GREENHOUSE_01,2026-04-24T05:34:30.000Z,15,30.12,29.7,30.3,30.2,77.03,76.4,77.9,77.4,94.5,105.7,99.1,LIGHT_ACTIVITY,51.1,50.9,6,4830,43.6,49.1,1,10,2,0,30.2,76.1,99.1,Light Activity,1,4830,41.4,50.9
synthetic_000687,ESP32_GREENHOUSE_01,2026-04-24T05:43:00.000Z,15,29.93,29.4,30.2,29.7,70.18,69.4,70.4,70.1,105.3,189.5,102.8,LIGHT_ACTIVITY,55.5,55.6,5,4804,36.0,35.8,2,13,1,0,30.0,69.3,102.8,Light Activity,1,4804,38.8,55.6
synthetic_001427,ESP32_GREENHOUSE_01,2026-04-24T11:53:00.000Z,15,33.02,32.3,33.6,33.1,67.55,67.5,68.4,67.7,192.9,195.2,199.8,RESTLESS,41.5,41.2,8,9671,461.8,454.7,0,2,9,2,32.9,68.4,199.8,Restless,1,9671,457.1,41.2
synthetic_000678,ESP32_GREENHOUSE_01,2026-04-24T05:38:30.000Z,14,30.1,29.7,30.7,30.2,70.39,69.3,71.0,71.0,89.0,185.7,82.9,LIGHT_ACTIVITY,50.5,50.7,5,5657,32.5,26.6,3,12,2,0,30.0,70.2,82.9,Light Activity,1,5657,30.0,50.7
synthetic_001930,ESP32_GREENHOUSE_01,2026-04-24T16:04:30.000Z,15,31.07,30.8,31.7,31.1,67.81,66.7,68.7,68.5,523.3,775.6,621.7,CRYING,27.4,23.6,8,22796,500,505.0,0,0,2,13,30.9,67.7,621.7,CRYING,1,22796,502.5,23.6
synthetic_000304,ESP32_GREENHOUSE_01,2026-04-24T02:31:30.000Z,14,28.88,28.6,29.7,28.8,71.88,70.7,72.0,70.9,26.0,54.3,24.6,QUIET,60.4,60.5,0,1409,70.0,69.7,13,1,0,0,28.9,71.3,24.6,Quiet,0,1409,65.3,60.5
synthetic_001970,ESP32_GREENHOUSE_01,2026-04-24T16:24:30.000Z,15,31.59,31.2,31.8,31.6,66.42,65.5,66.4,65.7,577.1,793.5,556.2,CRYING,24.7,25.5,12,16190,469.0,477.3,0,0,2,15,31.7,66.5,556.2,CRYING,1,16190,464.7,25.5
synthetic_001138,ESP32_GREENHOUSE_01,2026-04-24T09:28:30.000Z,15,31.64,30.9,32.0,31.6,70.45,69.1,71.0,70.4,105.7,114.2,110.9,LIGHT_ACTIVITY,50.5,50.3,4,4088,245.2,243.4,2,10,0,0,31.7,70.5,110.9,Light Activity,1,4088,246.1,50.3
synthetic_000412,ESP32_GREENHOUSE_01,2026-04-24T03:25:30.000Z,14,29.09,28.6,29.5,29.1,70.85,69.5,71.2,71.5,15.4,50.0,17.4,QUIET,60.9,60.8,2,622,66.4,60.3,15,2,0,0,29.2,70.6,17.4,Quiet,0,622,70.0,60.8
synthetic_001244,ESP32_GREENHOUSE_01,2026-04-24T10:21:30.000Z,14,31.99,31.8,32.4,31.7,66.99,65.6,67.8,66.8,166.5,278.4,184.3,RESTLESS,44.3,43.6,7,10602,315.7,320.2,0,1,8,2,32.1,67.7,184.3,Restless,1,10602,315.5,43.6
synthetic_000833,ESP32_GREENHOUSE_01,2026-04-24T06:56:00.000Z,15,30.14,29.8,30.6,30.0,71.59,70.3,72.1,71.8,97.1,121.7,104.4,LIGHT_ACTIVITY,54.3,54.0,7,3900,50,45.6,1,10,2,0,30.1,70.8,104.4,Light Activity,1,3900,53.4,54.0
synthetic_001192,ESP32_GREENHOUSE_01,2026-04-24T09:55:30.000Z,14,31.23,30.8,31.4,31.0,68.47,67.3,69.6,68.7,86.5,188.4,90.3,LIGHT_ACTIVITY,53.6,53.5,4,2353,227.4,233.4,1,10,1,0,31.2,68.0,90.3,Light Activity,1,2353,226.0,53.5
synthetic_001578,ESP32_GREENHOUSE_01,2026-04-24T13:08:30.000Z,14,32.39,31.7,32.9,32.4,64.32,63.1,65.6,65.1,245.6,245.6,218.9,RESTLESS,36.8,37.8,12,20936,500,495.7,0,2,9,0,32.2,64.0,218.9,Restless,1,20936,496.7,37.8
synthetic_001677,ESP32_GREENHOUSE_01,2026-04-24T13:58:00.000Z,14,32.55,32.4,32.7,32.6,66.27,66.2,67.6,65.3,184.8,314.7,181.1,RESTLESS,42.6,42.8,9,14325,491.6,485.8,0,3,12,1,32.6,65.9,181.1,Restless,1,14325,490.5,42.8
synthetic_000582,ESP32_GREENHOUSE_01,2026-04-24T04:50:30.000Z,15,29.41,28.9,30.0,29.4,73.68,72.2,74.9,73.7,23.8,52.8,23.7,QUIET,57.9,57.9,1,1103,45.3,51.3,15,1,0,0,29.5,72.9,23.7,Quiet,0,1103,49.5,57.9
synthetic_000019,ESP32_GREENHOUSE_01,2026-04-24T00:09:00.000Z,14,28.49,28.2,29.1,28.2,70.75,69.4,71.6,71.2,27.1,70.8,28.8,QUIET,62.2,62.1,1,1241,65.0,69.8,12,1,0,0,28.6,70.5,28.8,Quiet,0,1241,60.7,62.1
synthetic_001524,ESP32_GREENHOUSE_01,2026-04-24T12:41:30.000Z,15,31.7,30.9,32.2,31.5,65.1,64.7,65.2,65.4,198.4,329.4,181.9,RESTLESS,45.0,45.7,7,14250,479.7,474.6,1,1,12,0,31.7,65.2,181.9,Restless,1,14250,475.1,45.7
synthetic_000094,ESP32_GREENHOUSE_01,2026-04-24T00:46:30.000Z,15,28.38,28.2,28.9,28.2,71.26,71.0,71.7,70.8,27.0,49.8,31.3,QUIET,62.2,62.0,2,830,52.8,48.0,15,2,0,0,28.3,71.8,31.3,Quiet,0,830,57.3,62.0
synthetic_000901,ESP32_GREENHOUSE_01,2026-04-24T07:30:00.000Z,14,30.67,29.9,30.9,30.4,72.52,71.4,73.3,73.3,90.3,152.8,76.7,LIGHT_ACTIVITY,47.5,48.0,2,6762,155.8,148.1,0,10,0,0,30.6,71.8,76.7,Light Activity,0,6762,155.2,48.0
synthetic_002291,ESP32_GREENHOUSE_01,2026-04-24T19:05:00.000Z,14,30.58,30.3,31.1,30.5,69.37,68.8,70.7,69.8,427.1,1023,475.0,CRYING,31.6,29.7,11,26263,318.4,310.3,0,0,2,13,30.8,70.2,475.0,CRYING,1,26263,318.1,29.7
synthetic_001801,ESP32_GREENHOUSE_01,2026-04-24T15:00:00.000Z,14,32.18,31.7,32.9,32.3,64.83,64.2,65.3,65.6,656.2,785.9,752.3,CRYING,21.0,17.2,15,29675,500,496.3,0,0,2,14,32.0,64.5,752.3,CRYING,1,29675,502.4,17.2
synthetic_001448,ESP32_GREENHOUSE_01,2026-04-24T12:03:30.000Z,14,32.62,32.5,33.2,32.8,66.39,65.2,66.4,65.6,227.5,320.0,218.8,RESTLESS,40.9,41.2,5,12721,402.6,408.3,1,1,10,0,32.7,67.3,218.8,Restless,1,12721,406.5,41.2
synthetic_002042,ESP32_GREENHOUSE_01,2026-04-24T17:00:30.000Z,15,30.71,30.3,31.3,30.7,65.55,64.9,66.4,64.6,580.2,1023,547.7,CRYING,27.6,28.9,10,20409,431.0,423.1,0,0,1,14,30.8,65.7,547.7,CRYING,1,20409,427.3,28.9
synthetic_000329,ESP32_GREENHOUSE_01,2026-04-24T02:44:00.000Z,14,28.38,27.9,28.7,28.4,75.4,74.0,76.7,74.7,52.3,52.3,44.2,QUIET,58.6,58.9,1,808,53.4,49.7,14,0,0,0,28.4,74.7,44.2,Quiet,0,808,49.6,58.9
synthetic_001886,ESP32_GREENHOUSE_01,2026-04-24T15:42:30.000Z,14,31.91,31.3,32.2,31.7,65.41,64.0,66.7,65.7,504.4,814.4,533.8,CRYING,27.3,26.1,9,18849,464.7,462.5,0,0,2,15,31.8,65.4,533.8,CRYING,1,18849,465.7,26.1
synthetic_002207,ESP32_GREENHOUSE_01,2026-04-24T18:23:00.000Z,15,30.96,30.8,31.3,30.9,64.57,63.4,65.1,65.3,552.2,696.5,442.1,CRYING,28.6,32.9,11,23310,314.1,316.7,0,0,2,13,30.8,64.8,442.1,CRYING,1,23310,310.7,32.9
synthetic_002306,ESP32_GREENHOUSE_01,2026-04-24T19:12:30.000Z,14,29.65,29.1,30.0,29.5,65.54,64.3,65.9,65.4,388.0,1001.0,264.4,CRYING,38.1,42.9,15,18807,349.9,339.9,0,0,0,14,29.8,64.8,264.4,CRYING,1,18807,351.7,42.9
synthetic_001731,ESP32_GREENHOUSE_01,2026-04-24T14:25:00.000Z,14,32.68,32.0,33.2,32.7,65.43,64.2,66.8,65.2,189.3,332.8,193.4,RESTLESS,43.0,42.8,12,14316,500,495.0,1,1,9,1,32.7,64.7,193.4,Restless,1,14316,502.5,42.8
synthetic_002127,ESP32_GREENHOUSE_01,2026-04-24T17:43:00.000Z,14,30.77,30.3,31.5,31.1,65.75,64.8,66.7,66.0,623.0,746.2,533.6,CRYING,25.6,29.1,10,24468,372.6,363.9,0,0,0,15,30.7,64.9,533.6,CRYING,1,24468,374.0,29.1
synthetic_002277,ESP32_GREENHOUSE_01,2026-04-24T18:58:00.000Z,15,30.77,30.2,31.5,30.7,66.58,65.3,66.6,66.5,515.5,769.5,393.1,CRYING,29.3,34.1,15,16286,319.2,315.0,0,0,2,14,30.7,66.9,393.1,CRYING,1,16286,323.2,34.1
synthetic_000541,ESP32_GREENHOUSE_01,2026-04-24T04:30:00.000Z,14,29.21,28.8,29.9,29.4,70.02,68.8,70.1,69.1,25.0,55.5,23.5,QUIET,60.7,60.8,2,964,67.6,75.5,15,1,0,0,29.1,70.5,23.5,Quiet,0,964,71.3,60.8
synthetic_002380,ESP32_GREENHOUSE_01,2026-04-24T19:49:30.000Z,14,29.44,28.6,30.1,29.3,66.67,65.2,66.7,66.2,801.1,1023,770.1,CRYING,21.8,23.0,11,15346,265.5,260.3,0,0,2,14,29.6,66.6,770.1,CRYING,1,15346,268.8,23.0
synthetic_000503,ESP32_GREENHOUSE_01,2026-04-24T04:11:00.000Z,15,29.87,29.3,30.5,29.9,73.6,73.5,74.7,74.0,20.9,55.2,16.9,QUIET,56.8,57.0,0,53,25.9,24.5,13,2,0,0,29.8,72.9,16.9,Quiet,0,53,25.3,57.0
synthetic_002367,ESP32_GREENHOUSE_01,2026-04-24T19:43:00.000Z,14,29.56,29.4,30.2,29.6,69.1,68.8,70.3,68.9,503.1,918.0,389.4,CRYING,31.6,36.1,12,26328,281.5,281.4,0,0,2,12,29.4,68.7,389.4,CRYING,1,26328,285.3,36.1
synthetic_000751,ESP32_GREENHOUSE_01,2026-04-24T06:15:00.000Z,14,30.26,29.6,31.0,30.1,69.75,69.6,70.7,68.8,98.8,152.6,97.8,LIGHT_ACTIVITY,50.1,50.1,2,5327,63.3,55.6,0,12,0,0,30.4,69.2,97.8,Light Activity,0,5327,63.4,50.1
synthetic_001980,ESP32_GREENHOUSE_01,2026-04-24T16:29:30.000Z,15,30.92,30.4,31.1,31.2,66.29,66.2,67.7,66.0,528.1,717.9,555.5,CRYING,28.6,27.5,8,17727,500,497.3,0,0,2,15,30.8,65.9,555.5,CRYING,1,17727,498.8,27.5
synthetic_002054,ESP32_GREENHOUSE_01,2026-04-24T17:06:30.000Z,14,30.85,30.6,31.2,30.9,66.53,65.1,66.8,66.2,499.7,715.0,445.9,CRYING,29.8,31.9,12,20370,435.1,441.8,0,0,2,13,30.7,65.7,445.9,CRYING,1,20370,433.9,31.9
synthetic_000166,ESP32_GREENHOUSE_01,2026-04-24T01:22:30.000Z,14,28.31,28.2,28.6,28.5,76.21,76.0,77.4,76.2,29.1,66.1,25.4,QUIET,59.2,59.4,1,681,64.5,69.8,13,1,0,0,28.1,76.4,25.4,Quiet,0,681,65.8,59.4
synthetic_002039,ESP32_GREENHOUSE_01,2026-04-24T16:59:00.000Z,15,32.29,31.7,32.8,32.4,62.6,61.1,63.9,63.3,515.4,790.2,447.0,CRYING,27.6,30.2,10,24617,463.5,472.2,0,0,1,12,32.2,62.5,447.0,CRYING,1,24617,464.2,30.2
synthetic_001810,ESP32_GREENHOUSE_01,2026-04-24T15:04:30.000Z,15,32.23,31.6,32.8,32.1,61.81,60.9,62.5,62.0,609.9,908.7,534.7,CRYING,24.5,27.5,13,17771,500,500.0,0,0,2,12,32.2,61.7,534.7,CRYING,1,17771,496.5,27.5
synthetic_001236,ESP32_GREENHOUSE_01,2026-04-24T10:17:30.000Z,14,32.39,32.2,32.7,32.6,70.8,70.6,71.6,70.6,237.7,256.3,301.1,RESTLESS,33.0,30.5,11,19305,328.9,329.0,0,1,8,2,32.2,71.2,301.1,Restless,1,19305,330.2,30.5
synthetic_000657,ESP32_GREENHOUSE_01,2026-04-24T05:28:00.000Z,14,29.65,29.3,30.2,29.6,75.05,74.2,75.6,76.0,93.4,114.1,93.1,LIGHT_ACTIVITY,53.7,53.7,6,2842,67.4,72.7,2,11,2,0,29.5,75.4,93.1,Light Activity,1,2842,71.3,53.7
synthetic_000718,ESP32_GREENHOUSE_01,2026-04-24T05:58:30.000Z,14,30.21,30.0,31.0,30.2,71.7,70.6,72.0,71.1,71.7,154.8,68.3,LIGHT_ACTIVITY,50.0,50.2,3,5326,70.7,68.1,3,13,2,0,30.0,70.7,68.3,Light Activity,0,5326,71.6,50.2
synthetic_000568,ESP32_GREENHOUSE_01,2026-04-24T04:43:30.000Z,15,29.2,28.9,29.6,29.4,76.49,75.4,77.3,76.7,30.5,45.6,31.0,QUIET,56.5,56.5,2,1006,42.1,47.3,13,1,0,0,29.1,76.1,31.0,Quiet,0,1006,39.3,56.5
synthetic_000877,ESP32_GREENHOUSE_01,2026-04-24T07:18:00.000Z,15,30.23,30.0,31.0,30.3,72.0,70.8,73.0,71.4,116.4,132.1,109.7,LIGHT_ACTIVITY,48.1,48.3,2,6436,73.1,65.6,0,12,1,0,30.0,71.2,109.7,Light Activity,0,6436,68.8,48.3
synthetic_001279,ESP32_GREENHOUSE_01,2026-04-24T10:39:00.000Z,15,31.8,31.6,32.1,31.8,66.74,66.5,67.9,67.3,165.0,305.3,167.9,RESTLESS,40.0,39.9,10,15674,365.6,364.5,0,2,12,2,31.9,65.9,167.9,Restless,1,15674,370.1,39.9
synthetic_001979,ESP32_GREENHOUSE_01,2026-04-24T16:29:00.000Z,15,31.63,31.3,31.8,31.6,62.11,60.9,62.3,62.8,483.6,984.3,519.1,CRYING,31.0,29.6,8,23396,426.2,425.5,0,0,2,15,31.8,62.8,519.1,CRYING,1,23396,429.7,29.6
synthetic_001347,ESP32_GREENHOUSE_01,2026-04-24T11:13:00.000Z,14,31.92,31.6,32.5,32.2,69.75,68.6,70.7,69.5,211.9,264.8,203.3,RESTLESS,36.0,36.3,6,21095,441.1,448.7,1,2,9,2,31.7,70.2,203.3,Restless,1,21095,439.6,36.3
synthetic_001921,ESP32_GREENHOUSE_01,2026-04-24T16:00:00.000Z,14,32.06,31.6,32.5,32.2,62.51,62.3,63.5,62.7,540.7,770.9,522.3,CRYING,27.3,28.0,9,21122,417.0,414.3,0,0,2,15,32.1,61.7,522.3,CRYING,1,21122,414.4,28.0
synthetic_000300,ESP32_GREENHOUSE_01,2026-04-24T02:29:30.000Z,15,28.36,27.6,28.5,28.5,75.12,74.2,76.0,75.9,24.6,40.6,14.2,QUIET,59.9,60.3,0,58,58.1,60.7,12,1,0,0,28.4,75.5,14.2,Quiet,0,58,54.3,60.3
synthetic_000129,ESP32_GREENHOUSE_01,2026-04-24T01:04:00.000Z,15,28.73,28.1,29.2,28.6,70.67,70.5,71.9,69.9,31.8,57.9,32.4,QUIET,61.4,61.4,0,1424,41.2,38.6,14,0,0,0,28.6,70.4,32.4,Quiet,0,1424,44.3,61.4
synthetic_000935,ESP32_GREENHOUSE_01,2026-04-24T07:47:00.000Z,15,30.87,30.5,31.6,30.6,70.59,70.2,71.2,70.9,80.7,141.5,79.0,LIGHT_ACTIVITY,53.5,53.6,5,3461,123.1,114.0,3,13,0,0,30.7,70.6,79.0,Light Activity,1,3461,120.5,53.6
synthetic_002004,ESP32_GREENHOUSE_01,2026-04-24T16:41:30.000Z,14,31.45,30.8,31.7,31.3,62.92,61.8,63.9,63.8,568.4,1010.3,589.0,CRYING,27.6,26.8,8,29426,468.1,473.0,0,0,1,13,31.3,62.7,589.0,CRYING,1,29426,463.4,26.8
synthetic_001717,ESP32_GREENHOUSE_01,2026-04-24T14:18:00.000Z,15,32.06,31.8,32.7,32.3,62.43,61.4,62.7,62.5,119.3,267.0,115.1,RESTLESS,48.8,49.0,10,8151,500,492.0,1,3,9,2,32.2,62.2,115.1,Restless,1,8151,499.0,49.0
synthetic_000824,ESP32_GREENHOUSE_01,2026-04-24T06:51:30.000Z,14,30.66,29.9,30.8,30.6,73.66,73.2,74.3,74.3,98.3,142.0,97.9,LIGHT_ACTIVITY,51.5,51.5,4,3950,50,58.3,0,9,2,0,30.6,73.9,97.9,Light Activity,1,3950,45.4,51.5
synthetic_001634,ESP32_GREENHOUSE_01,2026-04-24T13:36:30.000Z,14,32.84,32.2,33.6,33.1,65.72,65.4,67.0,66.6,190.1,240.0,146.3,RESTLESS,42.7,44.5,9,12520,500,491.7,1,3,10,2,32.7,65.4,146.3,Restless,1,12520,503.9,44.5
synthetic_000881,ESP32_GREENHOUSE_01,2026-04-24T07:20:00.000Z,15,30.74,30.2,31.0,31.0,69.37,68.2,70.7,70.3,98.8,127.0,108.2,LIGHT_ACTIVITY,49.0,48.6,4,6511,83.3,79.1,3,11,1,0,30.6,69.8,108.2,Light Activity,1,6511,86.2,48.6
synthetic_002159,ESP32_GREENHOUSE_01,2026-04-24T17:59:00.000Z,15,31.08,30.6,31.4,31.1,64.06,63.5,64.2,64.6,419.3,501.2,377.5,CRYING,33.8,35.4,13,29950,407.1,416.8,0,0,2,13,31.2,64.0,377.5,CRYING,1,29950,410.8,35.4
synthetic_000952,ESP32_GREENHOUSE_01,2026-04-24T07:55:30.000Z,14,30.34,30.0,30.6,30.3,75.51,74.8,76.9,75.5,100.7,168.3,99.6,LIGHT_ACTIVITY,51.2,51.2,3,4719,76.7,69.0,1,10,1,0,30.4,75.6,99.6,Light Activity,0,4719,74.9,51.2
synthetic_000133,ESP32_GREENHOUSE_01,2026-04-24T01:06:00.000Z,14,28.11,27.8,28.4,28.1,71.98,71.7,73.2,72.1,31.4,56.0,33.1,QUIET,62.3,62.3,2,823,39.1,36.9,12,2,0,0,28.2,72.6,33.1,Quiet,0,823,40.9,62.3
synthetic_001850,ESP32_GREENHOUSE_01,2026-04-24T15:24:30.000Z,14,31.84,31.7,32.0,31.8,66.29,65.0,67.5,66.5,594.7,863.9,518.7,CRYING,23.4,26.4,12,23156,500,507.3,0,0,2,15,32.0,66.1,518.7,CRYING,1,23156,496.8,26.4
synthetic_001774,ESP32_GREENHOUSE_01,2026-04-24T14:46:30.000Z,15,31.86,31.2,32.6,31.9,63.81,63.1,63.9,64.2,168.9,300.8,190.8,RESTLESS,46.6,45.7,11,13081,437.6,443.4,1,2,10,1,31.8,63.9,190.8,Restless,1,13081,436.6,45.7
synthetic_000230,ESP32_GREENHOUSE_01,2026-04-24T01:54:30.000Z,14,29.34,28.8,29.6,29.5,71.69,70.3,72.1,72.6,43.0,67.4,38.6,QUIET,58.6,58.8,2,881,38.9,37.8,14,2,0,0,29.3,72.1,38.6,Quiet,0,881,43.7,58.8
synthetic_000427,ESP32_GREENHOUSE_01,2026-04-24T03:33:00.000Z,15,29.48,29.3,29.8,29.4,72.26,71.7,73.6,71.7,36.2,69.6,37.1,QUIET,58.1,58.1,1,222,22.8,16.6,15,2,0,0,29.3,72.0,37.1,Quiet,0,222,25.2,58.1
synthetic_001361,ESP32_GREENHOUSE_01,2026-04-24T11:20:00.000Z,15,32.85,32.3,33.6,32.6,65.22,64.1,66.7,65.6,199.6,393.5,217.8,RESTLESS,42.7,42.0,5,14560,435.0,428.5,0,4,12,0,32.7,65.4,217.8,Restless,1,14560,432.1,42.0
synthetic_000948,ESP32_GREENHOUSE_01,2026-04-24T07:53:30.000Z,14,30.93,30.2,31.2,30.7,70.94,69.5,72.3,71.3,79.8,216.1,83.6,LIGHT_ACTIVITY,53.2,53.0,5,1626,107.7,98.0,1,11,0,0,30.8,71.4,83.6,Light Activity,1,1626,107.2,53.0
synthetic_000981,ESP32_GREENHOUSE_01,2026-04-24T08:10:00.000Z,15,30.89,30.5,31.1,30.9,70.34,69.0,71.4,69.6,92.7,180.6,92.8,LIGHT_ACTIVITY,53.2,53.2,5,3023,201.1,210.0,2,9,1,0,31.0,70.8,92.8,Light Activity,1,3023,205.5,53.2
synthetic_001178,ESP32_GREENHOUSE_01,2026-04-24T09:48:30.000Z,14,32.06,31.8,32.8,32.0,68.26,68.0,69.0,67.8,70.1,121.1,68.6,LIGHT_ACTIVITY,52.1,52.1,2,2665,213.6,214.6,1,11,2,0,32.2,68.0,68.6,Light Activity,0,2665,210.4,52.1
synthetic_002289,ESP32_GREENHOUSE_01,2026-04-24T19:04:00.000Z,15,29.65,29.0,30.4,29.8,66.78,65.5,68.0,67.0,439.8,942.1,518.8,CRYING,35.3,32.2,15,21907,197.6,204.9,0,0,1,14,29.8,66.2,518.8,CRYING,1,21907,202.4,32.2
synthetic_000089,ESP32_GREENHOUSE_01,2026-04-24T00:44:00.000Z,15,28.44,28.2,28.7,28.5,74.39,74.1,75.8,74.0,21.3,70.8,16.2,QUIET,60.3,60.5,1,1384,34.0,29.8,14,2,0,0,28.3,74.8,16.2,Quiet,0,1384,32.2,60.5
synthetic_002318,ESP32_GREENHOUSE_01,2026-04-24T19:18:30.000Z,15,30.41,30.1,31.2,30.3,69.32,69.0,69.5,68.9,364.0,1023,310.9,CRYING,34.5,36.6,10,29171,230.6,240.1,0,0,0,14,30.6,68.9,310.9,CRYING,1,29171,233.3,36.6
synthetic_000362,ESP32_GREENHOUSE_01,2026-04-24T03:00:30.000Z,14,29.03,28.5,29.4,29.3,73.37,72.3,74.5,73.4,29.8,47.7,35.4,QUIET,58.9,58.7,2,4,58.4,64.1,15,0,0,0,29.1,72.5,35.4,Quiet,0,4,53.7,58.7
synthetic_000054,ESP32_GREENHOUSE_01,2026-04-24T00:26:30.000Z,15,28.41,28.2,29.0,28.6,75.18,74.2,76.3,75.6,38.2,51.6,36.8,QUIET,59.2,59.3,1,780,48.4,42.7,14,1,0,0,28.4,74.6,36.8,Quiet,0,780,46.8,59.3
synthetic_002040,ESP32_GREENHOUSE_01,2026-04-24T16:59:30.000Z,14,31.62,31.0,32.1,31.7,65.43,65.2,66.4,65.5,481.1,757.2,558.7,CRYING,29.0,26.0,9,19502,426.9,423.6,0,0,1,14,31.6,65.5,558.7,CRYING,1,19502,426.7,26.0
synthetic_001464,ESP32_GREENHOUSE_01,2026-04-24T12:11:30.000Z,14,32.31,31.7,32.8,32.2,70.52,69.8,71.8,70.0,189.3,347.6,174.2,RESTLESS,40.3,40.9,5,12748,477.7,476.9,1,2,8,1,32.2,70.3,174.2,Restless,1,12748,481.3,40.9
synthetic_001223,ESP32_GREENHOUSE_01,2026-04-24T10:11:00.000Z,15,32.54,32.2,32.8,32.3,70.65,69.5,71.8,71.0,125.1,326.4,121.4,RESTLESS,42.2,42.3,12,14901,414.8,409.0,1,3,8,1,32.6,69.8,121.4,Restless,1,14901,410.1,42.3
synthetic_001567,ESP32_GREENHOUSE_01,2026-04-24T13:03:00.000Z,15,32.75,32.4,33.1,32.6,65.35,64.7,65.7,66.1,166.0,301.8,127.0,RESTLESS,43.9,45.4,7,14392,491.6,501.6,1,4,9,2,32.7,65.7,127.0,Restless,1,14392,489.5,45.4
synthetic_000900,ESP32_GREENHOUSE_01,2026-04-24T07:29:30.000Z,15,30.79,30.6,31.4,30.9,68.57,68.5,69.6,68.2,74.7,173.1,73.9,LIGHT_ACTIVITY,55.3,55.3,7,3930,128.1,122.0,1,9,1,0,30.9,68.0,73.9,Light Activity,1,3930,128.5,55.3
synthetic_001642,ESP32_GREENHOUSE_01,2026-04-24T13:40:30.000Z,14,31.8,31.3,31.9,31.7,64.73,64.0,65.4,65.4,153.4,199.2,151.0,RESTLESS,41.8,41.8,10,18808,471.0,473.8,1,4,9,1,31.9,64.1,151.0,Restless,1,18808,470.4,41.8
synthetic_001003,ESP32_GREENHOUSE_01,2026-04-24T08:21:00.000Z,14,31.7,31.6,32.3,31.7,73.52,73.2,74.7,73.6,105.7,105.7,102.4,LIGHT_ACTIVITY,48.4,48.5,7,1822,214.6,208.2,0,10,2,0,31.6,74.2,102.4,Light Activity,1,1822,210.5,48.5
synthetic_000706,ESP32_GREENHOUSE_01,2026-04-24T05:52:30.000Z,14,29.98,29.5,30.4,30.0,72.68,71.9,73.8,71.9,105.2,141.0,110.3,LIGHT_ACTIVITY,53.8,53.6,5,2198,32.1,38.3,1,9,2,0,30.1,73.0,110.3,Light Activity,1,2198,29.6,53.6
synthetic_000015,ESP32_GREENHOUSE_01,2026-04-24T00:07:00.000Z,15,28.63,28.2,28.9,28.9,70.55,70.5,71.5,71.2,33.0,52.6,35.1,QUIET,61.7,61.6,2,702,52.3,43.2,13,2,0,0,28.6,69.8,35.1,Quiet,0,702,57.1,61.6
synthetic_001082,ESP32_GREENHOUSE_01,2026-04-24T09:00:30.000Z,15,32.04,31.3,32.5,32.0,69.06,69.0,70.4,68.5,93.1,195.2,86.6,LIGHT_ACTIVITY,45.7,46.0,6,6429,222.3,231.8,0,9,2,0,32.2,69.3,86.6,Light Activity,1,6429,220.9,46.0
synthetic_000343,ESP32_GREENHOUSE_01,2026-04-24T02:51:00.000Z,14,28.17,27.9,28.3,27.9,75.16,73.8,75.7,74.5,22.1,48.2,22.1,QUIET,60.5,60.5,0,851,52.4,59.0,15,1,0,0,28.3,74.2,22.1,Quiet,0,851,48.0,60.5
synthetic_000578,ESP32_GREENHOUSE_01,2026-04-24T04:48:30.000Z,15,29.66,29.3,30.2,29.5,76.18,75.9,76.9,76.9,19.7,73.6,20.8,QUIET,55.8,55.8,1,48,30.6,22.7,14,1,0,0,29.6,75.8,20.8,Quiet,0,48,30.4,55.8
synthetic_000381,ESP32_GREENHOUSE_01,2026-04-24T03:10:00.000Z,15,29.24,28.9,29.6,29.4,71.41,70.8,72.6,71.5,25.8,47.2,18.5,QUIET,59.7,60.0,2,19,19.0,15.5,15,2,0,0,29.0,72.0,18.5,Quiet,0,19,23.2,60.0
synthetic_000062,ESP32_GREENHOUSE_01,2026-04-24T00:30:30.000Z,15,28.89,28.3,29.6,29.0,74.43,73.0,74.9,75.4,21.5,54.7,25.2,QUIET,59.0,58.9,2,1011,15.3,11.6,15,2,0,0,28.9,74.4,25.2,Quiet,0,1011,16.6,58.9
synthetic_000897,ESP32_GREENHOUSE_01,2026-04-24T07:28:00.000Z,15,30.77,30.7,31.2,31.0,71.32,71.3,71.9,71.7,86.2,114.1,88.3,LIGHT_ACTIVITY,53.1,53.1,2,3996,122.2,127.5,3,13,2,0,30.8,70.5,88.3,Light Activity,0,3996,124.9,53.1
synthetic_002090,ESP32_GREENHOUSE_01,2026-04-24T17:24:30.000Z,14,31.05,30.5,31.2,30.9,64.04,63.4,65.0,63.8,442.7,683.3,556.8,CRYING,33.0,28.5,8,25626,444.8,448.6,0,0,0,14,31.1,64.1,556.8,CRYING,1,25626,440.2,28.5
synthetic_000368,ESP32_GREENHOUSE_01,2026-04-24T03:03:30.000Z,14,29.57,29.4,29.7,29.3,73.96,73.5,75.2,73.1,34.0,46.2,33.5,QUIET,56.9,56.9,0,1280,40.7,33.3,15,2,0,0,29.7,73.8,33.5,Quiet,0,1280,38.7,56.9
synthetic_001829,ESP32_GREENHOUSE_01,2026-04-24T15:14:00.000Z,15,32.21,32.1,32.3,31.9,61.09,60.6,61.1,61.5,518.5,633.9,456.0,CRYING,28.6,31.1,12,22100,465.5,460.6,0,0,1,14,32.2,61.3,456.0,CRYING,1,22100,464.4,31.1
synthetic_002123,ESP32_GREENHOUSE_01,2026-04-24T17:41:00.000Z,15,31.25,31.1,32.0,31.1,65.61,64.7,66.9,66.1,552.0,895.0,485.0,CRYING,27.2,29.8,8,21176,431.1,422.9,0,0,2,12,31.4,65.1,485.0,CRYING,1,21176,428.7,29.8
synthetic_002338,ESP32_GREENHOUSE_01,2026-04-24T19:28:30.000Z,15,30.03,29.6,30.6,30.0,67.28,65.9,68.8,67.0,320.6,1023,137.9,CRYING,38.6,45.7,13,21245,272.7,272.2,0,0,2,12,29.9,67.1,137.9,CRYING,1,21245,277.4,45.7
synthetic_002378,ESP32_GREENHOUSE_01,2026-04-24T19:48:30.000Z,15,29.88,29.3,30.5,29.8,69.63,68.9,69.9,70.4,530.4,838.6,473.5,CRYING,29.3,31.6,14,20390,315.4,308.5,0,0,0,14,29.7,69.7,473.5,CRYING,1,20390,313.5,31.6
synthetic_000760,ESP32_GREENHOUSE_01,2026-04-24T06:19:30.000Z,14,30.51,29.9,31.0,30.6,72.78,72.8,73.7,73.1,75.6,145.5,60.5,LIGHT_ACTIVITY,48.4,49.0,6,6225,50,55.8,1,12,2,0,30.5,73.2,60.5,Light Activity,1,6225,53.8,49.0
synthetic_002296,ESP32_GREENHOUSE_01,2026-04-24T19:07:30.000Z,15,30.24,29.9,30.6,30.4,64.87,63.4,66.0,65.8,414.4,894.6,514.8,CRYING,35.8,31.9,14,17495,265.0,257.4,0,0,0,13,30.3,65.7,514.8,CRYING,1,17495,269.2,31.9
synthetic_001607,ESP32_GREENHOUSE_01,2026-04-24T13:23:00.000Z,15,32.15,31.6,32.6,32.1,68.65,68.2,69.3,68.8,197.3,290.5,197.4,RESTLESS,36.6,36.6,5,18905,494.0,486.4,1,2,9,1,32.0,69.0,197.4,Restless,1,18905,498.6,36.6
synthetic_001562,ESP32_GREENHOUSE_01,2026-04-24T13:00:30.000Z,15,33.11,32.9,33.3,32.9,64.14,63.2,64.4,63.4,203.1,325.8,205.1,RESTLESS,43.2,43.1,7,13801,500,506.4,1,4,10,0,33.0,64.4,205.1,Restless,1,13801,496.1,43.1
synthetic_000310,ESP32_GREENHOUSE_01,2026-04-24T02:34:30.000Z,14,28.79,28.2,29.5,28.8,72.36,72.3,72.6,72.6,39.4,45.3,39.9,QUIET,59.9,59.9,1,472,27.5,24.0,13,0,0,0,28.7,72.6,39.9,Quiet,0,472,30.1,59.9
synthetic_001397,ESP32_GREENHOUSE_01,2026-04-24T11:38:00.000Z,14,32.48,31.7,32.8,32.4,64.2,64.1,65.6,63.4,186.6,278.5,165.8,RESTLESS,38.9,39.7,9,21390,396.2,405.5,1,3,8,0,32.3,64.8,165.8,Restless,1,21390,398.6,39.7
synthetic_001081,ESP32_GREENHOUSE_01,2026-04-24T09:00:00.000Z,15,31.85,31.7,32.6,32.1,69.23,68.3,70.3,69.7,78.4,116.1,66.2,LIGHT_ACTIVITY,46.7,47.2,4,5670,286.7,295.4,1,9,0,0,32.0,69.8,66.2,Light Activity,1,5670,290.2,47.2
synthetic_001583,ESP32_GREENHOUSE_01,2026-04-24T13:11:00.000Z,14,33.03,32.7,33.5,33.1,58.83,58.2,58.9,58.8,198.6,257.0,195.0,RESTLESS,46.7,46.9,9,12044,428.6,427.5,1,1,10,1,33.0,59.0,195.0,Restless,1,12044,433.5,46.9
synthetic_000386,ESP32_GREENHOUSE_01,2026-04-24T03:12:30.000Z,15,29.45,28.7,29.9,29.7,71.27,71.2,71.4,71.8,19.8,60.3,17.5,QUIET,59.5,59.6,0,1429,56.7,53.2,13,1,0,0,29.4,70.8,17.5,Quiet,0,1429,56.8,59.6
synthetic_001059,ESP32_GREENHOUSE_01,2026-04-24T08:49:00.000Z,15,31.12,30.8,31.6,31.2,72.42,72.1,73.2,71.9,72.3,205.5,75.2,LIGHT_ACTIVITY,47.0,46.9,5,7471,184.8,186.5,0,11,2,0,31.2,72.8,75.2,Light Activity,1,7471,187.3,46.9
synthetic_001884,ESP32_GREENHOUSE_01,2026-04-24T15:41:30.000Z,14,32.87,32.5,33.1,32.7,63.61,62.6,64.4,62.7,731.6,731.6,708.1,CRYING,17.9,18.8,13,23834,500,504.1,0,0,1,15,33.0,63.4,708.1,CRYING,1,23834,495.6,18.8
synthetic_002164,ESP32_GREENHOUSE_01,2026-04-24T18:01:30.000Z,15,30.53,30.2,30.9,30.4,67.71,66.4,68.7,67.7,746.8,789.5,836.0,CRYING,20.2,16.8,9,16393,336.6,328.0,0,0,2,12,30.4,68.3,836.0,CRYING,1,16393,336.7,16.8
synthetic_001568,ESP32_GREENHOUSE_01,2026-04-24T13:03:30.000Z,14,32.55,32.0,32.7,32.7,66.55,66.5,67.8,66.8,177.7,298.4,187.5,RESTLESS,42.7,42.3,12,10574,475.3,485.0,1,3,10,2,32.4,67.2,187.5,Restless,1,10574,477.7,42.3
synthetic_001373,ESP32_GREENHOUSE_01,2026-04-24T11:26:00.000Z,15,31.74,31.4,32.4,31.9,66.1,65.4,67.0,65.2,183.8,189.9,194.3,RESTLESS,44.9,44.5,12,14214,439.6,436.9,0,4,8,2,31.7,66.5,194.3,Restless,1,14214,439.8,44.5
synthetic_002374,ESP32_GREENHOUSE_01,2026-04-24T19:46:30.000Z,14,30.39,30.1,30.5,30.1,69.38,68.0,70.0,69.7,547.2,849.6,417.7,CRYING,27.4,32.5,15,24278,210.7,208.1,0,0,1,15,30.3,70.1,417.7,CRYING,1,24278,207.3,32.5
synthetic_000296,ESP32_GREENHOUSE_01,2026-04-24T02:27:30.000Z,14,28.65,28.2,28.8,28.4,73.6,72.6,74.5,73.0,31.6,51.9,34.1,QUIET,59.8,59.7,0,630,57.5,66.2,12,1,0,0,28.6,72.6,34.1,Quiet,0,630,57.9,59.7
synthetic_000061,ESP32_GREENHOUSE_01,2026-04-24T00:30:00.000Z,14,28.25,28.1,28.8,28.3,70.56,70.3,71.7,70.3,31.8,52.5,34.3,QUIET,62.8,62.7,1,695,37.7,46.9,13,1,0,0,28.3,69.9,34.3,Quiet,0,695,33.7,62.7
synthetic_001584,ESP32_GREENHOUSE_01,2026-04-24T13:11:30.000Z,15,32.53,32.3,32.9,32.8,68.84,67.4,70.3,68.1,244.8,244.8,249.7,RESTLESS,33.7,33.5,8,18948,480.9,475.9,0,4,9,1,32.3,69.4,249.7,Restless,1,18948,480.5,33.5
synthetic_000950,ESP32_GREENHOUSE_01,2026-04-24T07:54:30.000Z,15,31.09,30.3,31.7,31.2,73.32,72.1,74.6,72.8,77.7,188.9,79.3,LIGHT_ACTIVITY,51.3,51.3,2,4118,121.7,122.8,0,10,1,0,31.2,74.1,79.3,Light Activity,0,4118,121.8,51.3
synthetic_001409,ESP32_GREENHOUSE_01,2026-04-24T11:44:00.000Z,15,32.55,32.2,32.9,32.4,65.38,64.3,66.1,64.9,201.1,317.7,193.8,RESTLESS,37.5,37.8,5,20823,396.8,396.9,1,3,10,2,32.5,66.1,193.8,Restless,1,20823,399.6,37.8
synthetic_000639,ESP32_GREENHOUSE_01,2026-04-24T05:19:00.000Z,15,29.79,29.4,30.1,29.8,71.95,71.1,73.1,71.4,102.7,181.0,109.1,LIGHT_ACTIVITY,49.9,49.6,4,7456,14.6,8.0,2,12,1,0,29.9,71.8,109.1,Light Activity,1,7456,18.4,49.6
synthetic_000918,ESP32_GREENHOUSE_01,2026-04-24T07:38:30.000Z,15,31.11,30.5,31.9,31.1,69.85,68.5,71.1,69.6,74.2,192.9,80.1,LIGHT_ACTIVITY,53.6,53.4,4,2577,167.9,163.9,0,12,1,0,30.9,69.1,80.1,Light Activity,1,2577,170.7,53.4
synthetic_002016,ESP32_GREENHOUSE_01,2026-04-24T16:47:30.000Z,15,31.27,30.9,31.6,31.2,66.4,65.2,67.6,66.3,552.2,934.1,570.6,CRYING,26.6,25.9,8,15384,405.3,401.1,0,0,0,15,31.4,67.3,570.6,CRYING,1,15384,402.4,25.9
synthetic_001487,ESP32_GREENHOUSE_01,2026-04-24T12:23:00.000Z,14,33.28,32.6,33.6,33.5,63.81,63.7,64.1,63.7,185.6,277.6,186.8,RESTLESS,44.1,44.1,5,12011,475.8,484.3,0,4,12,2,33.1,63.1,186.8,Restless,1,12011,480.5,44.1
synthetic_002250,ESP32_GREENHOUSE_01,2026-04-24T18:44:30.000Z,15,30.79,30.2,31.5,31.0,66.65,65.9,66.7,66.8,395.0,918.1,436.2,CRYING,33.9,32.3,8,16381,376.1,375.3,0,0,0,12,30.6,66.1,436.2,CRYING,1,16381,374.8,32.3
synthetic_000904,ESP32_GREENHOUSE_01,2026-04-24T07:31:30.000Z,15,31.15,30.4,31.9,31.2,70.58,69.3,71.9,69.8,95.4,168.7,94.4,LIGHT_ACTIVITY,52.2,52.2,6,3277,137.9,145.2,0,11,2,0,31.1,71.2,94.4,Light Activity,1,3277,137.0,52.2
synthetic_001753,ESP32_GREENHOUSE_01,2026-04-24T14:36:00.000Z,15,32.43,32.2,33.0,32.4,64.08,63.0,64.6,63.9,189.5,312.7,161.9,RESTLESS,39.0,40.1,12,15897,497.3,489.0,0,2,12,0,32.4,65.1,161.9,Restless,1,15897,495.9,40.1
synthetic_001909,ESP32_GREENHOUSE_01,2026-04-24T15:54:00.000Z,14,32.37,31.8,33.1,32.4,69.01,68.0,70.2,69.6,496.9,692.1,514.9,CRYING,24.1,23.3,11,17795,437.6,431.2,0,0,2,15,32.5,69.4,514.9,CRYING,1,17795,437.4,23.3
synthetic_001176,ESP32_GREENHOUSE_01,2026-04-24T09:47:30.000Z,15,31.24,31.0,31.9,31.1,67.44,66.5,68.5,66.9,82.5,225.8,83.2,LIGHT_ACTIVITY,54.4,54.4,5,3361,258.8,267.3,3,10,2,0,31.1,66.7,83.2,Light Activity,1,3361,259.4,54.4
synthetic_000882,ESP32_GREENHOUSE_01,2026-04-24T07:20:30.000Z,15,31.38,31.1,31.9,31.2,69.64,69.0,69.7,70.2,90.9,135.3,98.2,LIGHT_ACTIVITY,52.3,52.0,6,3486,83.9,90.6,2,11,2,0,31.5,69.0,98.2,Light Activity,1,3486,81.1,52.0
synthetic_001510,ESP32_GREENHOUSE_01,2026-04-24T12:34:30.000Z,14,32.93,32.3,33.2,32.9,66.74,66.2,68.0,66.1,188.4,373.5,183.1,RESTLESS,42.2,42.4,9,12027,458.3,452.3,0,2,11,1,32.8,66.6,183.1,Restless,1,12027,456.9,42.4
synthetic_000562,ESP32_GREENHOUSE_01,2026-04-24T04:40:30.000Z,14,29.3,28.9,29.8,29.2,77.53,77.0,77.7,78.3,30.6,56.4,33.4,QUIET,55.6,55.4,2,821,63.7,72.9,15,1,0,0,29.4,77.2,33.4,Quiet,0,821,64.1,55.4
synthetic_000359,ESP32_GREENHOUSE_01,2026-04-24T02:59:00.000Z,14,29.12,28.8,29.6,29.3,72.12,71.7,72.7,71.3,5,54.2,5,QUIET,60.4,60.4,2,478,12.0,14.7,12,1,0,0,29.0,73.1,5,Quiet,0,478,10.7,60.4
synthetic_000187,ESP32_GREENHOUSE_01,2026-04-24T01:33:00.000Z,15,28.48,27.8,28.7,28.5,69.64,68.2,69.9,70.6,33.8,61.0,33.6,QUIET,62.7,62.7,2,912,46.0,46.8,15,0,0,0,28.3,68.8,33.6,Quiet,0,912,47.7,62.7
synthetic_001343,ESP32_GREENHOUSE_01,2026-04-24T11:11:00.000Z,14,32.38,32.0,32.7,32.4,67.24,67.2,68.1,66.8,198.3,251.9,196.8,RESTLESS,41.8,41.9,10,12562,417.3,422.0,1,1,8,1,32.4,66.4,196.8,Restless,1,12562,419.6,41.9
synthetic_000580,ESP32_GREENHOUSE_01,2026-04-24T04:49:30.000Z,15,29.88,29.4,30.5,29.7,70.88,70.1,71.3,69.9,15.1,52.5,5,QUIET,58.7,59.1,2,180,50.2,55.6,15,0,0,0,29.7,71.5,5,Quiet,0,180,52.3,59.1
synthetic_000035,ESP32_GREENHOUSE_01,2026-04-24T00:17:00.000Z,14,28.71,28.4,29.0,28.9,72.07,72.0,72.4,71.6,31.6,72.1,33.6,QUIET,60.6,60.5,2,962,41.5,47.3,14,0,0,0,28.7,72.7,33.6,Quiet,0,962,38.5,60.5
synthetic_000784,ESP32_GREENHOUSE_01,2026-04-24T06:31:30.000Z,15,31.1,30.8,31.8,30.9,72.53,72.5,73.9,73.3,85.6,160.1,102.4,LIGHT_ACTIVITY,51.5,50.8,5,4441,50,55.6,2,13,1,0,30.9,73.5,102.4,Light Activity,1,4441,54.3,50.8
synthetic_002083,ESP32_GREENHOUSE_01,2026-04-24T17:21:00.000Z,14,30.99,30.4,31.4,31.0,65.42,64.9,66.8,66.0,514.6,632.6,577.8,CRYING,29.5,27.0,8,23991,397.3,395.5,0,0,2,15,30.8,64.4,577.8,CRYING,1,23991,401.6,27.0
synthetic_001610,ESP32_GREENHOUSE_01,2026-04-24T13:24:30.000Z,15,32.47,31.7,33.0,32.7,68.37,68.1,69.3,67.8,170.7,355.7,172.7,RESTLESS,41.9,41.9,7,13342,500,497.9,0,3,10,1,32.3,67.5,172.7,Restless,1,13342,496.4,41.9
synthetic_000941,ESP32_GREENHOUSE_01,2026-04-24T07:50:00.000Z,15,31.03,30.8,31.7,31.3,71.34,69.9,71.6,70.6,90.4,183.9,89.1,LIGHT_ACTIVITY,47.2,47.3,2,6456,119.4,112.1,0,13,0,0,30.9,70.7,89.1,Light Activity,0,6456,114.8,47.3
synthetic_001120,ESP32_GREENHOUSE_01,2026-04-24T09:19:30.000Z,14,31.93,31.6,32.6,32.1,71.92,70.5,72.4,71.0,105.4,160.0,105.3,LIGHT_ACTIVITY,48.8,48.8,6,3695,304.2,311.3,3,13,0,0,32.0,71.3,105.3,Light Activity,1,3695,308.9,48.8
synthetic_001857,ESP32_GREENHOUSE_01,2026-04-24T15:28:00.000Z,15,31.62,31.3,31.9,31.5,68.18,66.9,68.4,67.8,501.9,705.2,610.4,CRYING,26.5,22.2,14,15814,489.5,496.8,0,0,1,14,31.7,68.0,610.4,CRYING,1,15814,493.3,22.2
synthetic_001127,ESP32_GREENHOUSE_01,2026-04-24T09:23:00.000Z,14,31.86,31.1,32.2,31.6,69.0,68.2,69.5,68.6,88.0,180.7,74.7,LIGHT_ACTIVITY,51.5,52.0,3,4021,310.4,319.5,0,11,1,0,32.0,68.8,74.7,Light Activity,0,4021,313.7,52.0
synthetic_000554,ESP32_GREENHOUSE_01,2026-04-24T04:36:30.000Z,15,29.38,28.9,30.0,29.5,73.84,72.6,75.3,73.1,33.5,44.8,26.1,QUIET,57.5,57.8,2,1298,39.7,33.3,12,2,0,0,29.3,74.4,26.1,Quiet,0,1298,43.4,57.8
synthetic_000850,ESP32_GREENHOUSE_01,2026-04-24T07:04:30.000Z,14,30.77,30.6,31.4,30.6,72.86,72.8,73.7,73.1,82.2,149.0,89.7,LIGHT_ACTIVITY,52.3,52.0,4,4047,129.2,129.9,0,9,2,0,30.8,73.5,89.7,Light Activity,1,4047,126.5,52.0
synthetic_002003,ESP32_GREENHOUSE_01,2026-04-24T16:41:00.000Z,15,32.12,31.8,32.8,31.9,64.42,64.4,64.9,64.8,555.4,978.3,495.3,CRYING,25.3,27.7,12,21202,487.9,479.1,0,0,1,13,32.3,65.0,495.3,CRYING,1,21202,490.2,27.7
synthetic_000454,ESP32_GREENHOUSE_01,2026-04-24T03:46:30.000Z,14,29.3,28.5,30.1,29.3,73.84,73.3,74.3,73.7,62.0,62.0,67.6,QUIET,56.6,56.4,1,969,64.0,66.4,14,1,0,0,29.4,73.7,67.6,Quiet,0,969,64.1,56.4
synthetic_001348,ESP32_GREENHOUSE_01,2026-04-24T11:13:30.000Z,15,32.45,31.8,32.9,32.7,67.67,67.0,68.0,68.2,145.7,339.2,112.9,RESTLESS,38.4,39.7,8,20865,404.3,408.0,1,2,8,2,32.3,67.4,112.9,Restless,1,20865,404.8,39.7
synthetic_001449,ESP32_GREENHOUSE_01,2026-04-24T12:04:00.000Z,14,31.77,31.5,32.3,31.6,69.53,68.7,70.1,70.2,178.6,264.5,177.8,RESTLESS,37.9,37.9,6,19334,410.1,400.3,1,1,10,0,31.8,70.2,177.8,Restless,1,19334,408.4,37.9
synthetic_000867,ESP32_GREENHOUSE_01,2026-04-24T07:13:00.000Z,14,30.76,30.3,31.3,30.8,73.72,73.4,73.9,73.5,90.7,178.9,85.5,LIGHT_ACTIVITY,46.5,46.7,3,7405,140.3,142.6,0,13,2,0,30.9,74.4,85.5,Light Activity,0,7405,142.1,46.7
synthetic_000265,ESP32_GREENHOUSE_01,2026-04-24T02:12:00.000Z,14,28.42,28.2,29.1,28.5,77.78,76.3,78.0,77.1,31.7,65.9,41.9,QUIET,57.8,57.4,0,23,56.9,63.0,12,2,0,0,28.6,78.6,41.9,Quiet,0,23,58.9,57.4
synthetic_000285,ESP32_GREENHOUSE_01,2026-04-24T02:22:00.000Z,14,28.85,28.4,29.1,28.8,74.09,73.7,74.6,73.2,23.0,61.0,16.2,QUIET,59.3,59.5,1,364,75.0,76.4,15,1,0,0,28.8,73.3,16.2,Quiet,0,364,74.7,59.5
synthetic_000863,ESP32_GREENHOUSE_01,2026-04-24T07:11:00.000Z,15,30.89,30.3,31.3,31.1,74.98,74.1,75.5,74.4,87.0,154.8,75.4,LIGHT_ACTIVITY,50.5,50.9,4,2868,146.9,153.2,1,9,0,0,31.0,75.5,75.4,Light Activity,1,2868,143.7,50.9
synthetic_000356,ESP32_GREENHOUSE_01,2026-04-24T02:57:30.000Z,14,28.42,27.8,28.9,28.1,71.6,70.6,72.4,72.5,41.0,56.4,35.9,QUIET,61.3,61.5,2,1109,16.0,11.5,12,2,0,0,28.3,72.3,35.9,Quiet,0,1109,19.4,61.5
synthetic_001414,ESP32_GREENHOUSE_01,2026-04-24T11:46:30.000Z,15,32.43,31.9,33.1,32.5,63.16,62.7,63.4,62.8,151.0,315.8,154.7,RESTLESS,41.1,40.9,6,18622,451.0,443.4,1,2,10,1,32.4,62.6,154.7,Restless,1,18622,448.3,40.9
synthetic_001351,ESP32_GREENHOUSE_01,2026-04-24T11:15:00.000Z,15,31.67,31.2,31.8,31.8,69.0,68.6,69.4,69.2,165.1,321.7,174.7,RESTLESS,39.0,38.6,10,21577,459.5,457.4,0,3,12,2,31.6,69.4,174.7,Restless,1,21577,463.5,38.6
synthetic_001940,ESP32_GREENHOUSE_01,2026-04-24T16:09:30.000Z,14,31.7,31.5,32.5,31.6,64.82,63.8,65.3,63.8,243.4,688.1,323.9,CRYING,38.5,35.3,10,24803,437.7,428.8,0,0,0,13,31.8,64.0,323.9,CRYING,1,24803,433.4,35.3
synthetic_002255,ESP32_GREENHOUSE_01,2026-04-24T18:47:00.000Z,14,30.44,29.7,31.0,30.2,64.54,64.2,66.0,63.9,577.2,718.6,513.4,CRYING,29.1,31.6,13,15032,359.3,351.6,0,0,0,14,30.4,64.2,513.4,CRYING,1,15032,359.3,31.6
synthetic_000140,ESP32_GREENHOUSE_01,2026-04-24T01:09:30.000Z,14,28.93,28.8,29.2,29.1,71.49,70.6,71.7,70.8,27.0,48.9,38.3,QUIET,60.5,60.1,1,651,68.2,67.5,15,1,0,0,28.9,71.6,38.3,Quiet,0,651,72.8,60.1
synthetic_000910,ESP32_GREENHOUSE_01,2026-04-24T07:34:30.000Z,14,30.46,30.1,31.0,30.5,70.09,69.3,70.5,70.5,82.2,140.5,83.6,LIGHT_ACTIVITY,54.9,54.9,5,2456,104.2,101.2,3,13,2,0,30.5,70.6,83.6,Light Activity,1,2456,99.4,54.9
synthetic_000658,ESP32_GREENHOUSE_01,2026-04-24T05:28:30.000Z,14,30.15,29.4,30.5,30.4,72.47,71.0,72.7,72.2,94.6,146.2,87.5,LIGHT_ACTIVITY,53.8,54.1,3,4226,27.7,30.4,2,12,1,0,30.2,73.2,87.5,Light Activity,0,4226,28.4,54.1
synthetic_001892,ESP32_GREENHOUSE_01,2026-04-24T15:45:30.000Z,15,32.6,32.2,33.3,32.7,60.37,59.9,60.9,60.0,420.0,738.1,392.7,CRYING,32.1,33.2,8,15769,466.4,470.8,0,0,2,12,32.4,59.6,392.7,CRYING,1,15769,470.3,33.2
synthetic_002335,ESP32_GREENHOUSE_01,2026-04-24T19:27:00.000Z,14,29.61,29.4,30.2,29.8,69.04,68.0,70.1,68.6,695.1,927.0,757.1,CRYING,24.0,21.6,13,25916,259.0,259.6,0,0,2,14,29.5,68.6,757.1,CRYING,1,25916,262.7,21.6
synthetic_000911,ESP32_GREENHOUSE_01,2026-04-24T07:35:00.000Z,14,30.65,30.5,31.1,30.5,70.68,69.9,71.5,71.6,83.6,112.4,81.3,LIGHT_ACTIVITY,54.0,54.1,6,4649,50,46.9,1,13,1,0,30.5,70.2,81.3,Light Activity,1,4649,49.4,54.1
synthetic_002152,ESP32_GREENHOUSE_01,2026-04-24T17:55:30.000Z,15,31.74,31.2,31.9,31.7,64.9,63.7,65.0,65.7,437.9,887.7,408.9,CRYING,30.7,31.8,13,20628,392.4,395.2,0,0,2,15,31.9,65.2,408.9,CRYING,1,20628,391.1,31.8
synthetic_000841,ESP32_GREENHOUSE_01,2026-04-24T07:00:00.000Z,14,30.89,30.1,31.6,30.8,74.61,73.9,75.7,75.1,105.5,148.9,118.7,LIGHT_ACTIVITY,50.0,49.5,6,2470,101.1,92.4,0,11,1,0,30.9,74.9,118.7,Light Activity,1,2470,105.2,49.5
synthetic_000645,ESP32_GREENHOUSE_01,2026-04-24T05:22:00.000Z,15,30.03,29.5,30.5,30.2,74.73,73.8,76.2,74.9,73.2,199.3,67.7,LIGHT_ACTIVITY,53.6,53.8,6,2697,53.4,45.8,2,11,1,0,30.1,75.2,67.7,Light Activity,1,2697,50.3,53.8
synthetic_002356,ESP32_GREENHOUSE_01,2026-04-24T19:37:30.000Z,14,29.82,29.7,30.1,29.7,65.45,65.3,66.7,65.1,460.9,730.7,616.5,CRYING,34.8,28.7,10,18841,285.2,290.4,0,0,2,12,30.0,66.2,616.5,CRYING,1,18841,289.4,28.7
synthetic_002000,ESP32_GREENHOUSE_01,2026-04-24T16:39:30.000Z,15,31.07,30.3,31.4,31.3,68.51,68.1,68.8,68.8,674.6,913.7,712.4,CRYING,21.1,19.6,9,29624,500,509.3,0,0,1,13,31.0,69.2,712.4,CRYING,1,29624,500.3,19.6
synthetic_000464,ESP32_GREENHOUSE_01,2026-04-24T03:51:30.000Z,14,29.28,28.5,30.1,29.1,69.49,68.0,69.8,69.8,42.3,57.7,42.6,QUIET,60.2,60.2,2,1228,46.3,52.9,14,1,0,0,29.4,69.6,42.6,Quiet,0,1228,42.6,60.2
synthetic_000788,ESP32_GREENHOUSE_01,2026-04-24T06:33:30.000Z,14,30.6,29.9,31.2,30.6,74.27,74.0,74.3,74.7,80.0,171.3,74.0,LIGHT_ACTIVITY,47.0,47.3,5,5729,50,59.5,0,13,0,0,30.7,74.2,74.0,Light Activity,1,5729,47.0,47.3
synthetic_001390,ESP32_GREENHOUSE_01,2026-04-24T11:34:30.000Z,15,32.16,31.8,32.6,32.3,66.87,66.8,67.9,66.7,174.0,246.3,173.6,RESTLESS,38.6,38.6,6,19301,375.0,368.2,0,3,12,2,32.2,66.4,173.6,Restless,1,19301,373.1,38.6
synthetic_000726,ESP32_GREENHOUSE_01,2026-04-24T06:02:30.000Z,14,30.41,29.8,31.2,30.3,74.19,73.2,75.4,74.2,89.1,105.6,86.3,LIGHT_ACTIVITY,47.2,47.4,2,5096,69.1,64.9,2,9,2,0,30.3,73.5,86.3,Light Activity,0,5096,69.6,47.4
synthetic_000259,ESP32_GREENHOUSE_01,2026-04-24T02:09:00.000Z,15,29.05,28.9,29.4,29.1,74.0,72.9,74.7,74.9,24.0,42.9,20.7,QUIET,58.7,58.9,0,953,66.7,59.6,13,0,0,0,29.2,73.5,20.7,Quiet,0,953,65.3,58.9
synthetic_000142,ESP32_GREENHOUSE_01,2026-04-24T01:10:30.000Z,14,28.72,28.5,29.1,28.8,73.22,71.8,73.3,73.4,40.7,40.8,38.1,QUIET,59.5,59.6,0,24,65.6,73.9,12,0,0,0,28.5,74.2,38.1,Quiet,0,24,62.6,59.6
synthetic_001736,ESP32_GREENHOUSE_01,2026-04-24T14:27:30.000Z,14,32.34,31.9,32.6,32.3,65.42,64.6,66.0,66.0,109.1,318.5,75.1,RESTLESS,46.5,47.9,6,9302,500,502.8,0,3,8,2,32.3,65.8,75.1,Restless,1,9302,502.9,47.9
synthetic_000223,ESP32_GREENHOUSE_01,2026-04-24T01:51:00.000Z,14,29.36,28.7,29.9,29.3,72.65,72.3,74.1,72.8,27.7,72.1,31.7,QUIET,58.6,58.4,2,889,17.9,21.7,14,0,0,0,29.4,72.0,31.7,Quiet,0,889,20.6,58.4
synthetic_002117,ESP32_GREENHOUSE_01,2026-04-24T17:38:00.000Z,14,30.69,30.1,31.2,30.7,60.59,59.9,60.8,60.5,355.7,828.2,425.9,CRYING,39.5,36.8,15,16679,448.3,445.7,0,0,1,15,30.6,61.5,425.9,CRYING,1,16679,453.3,36.8
synthetic_000660,ESP32_GREENHOUSE_01,2026-04-24T05:29:30.000Z,15,29.57,29.4,30.2,29.7,75.18,74.1,76.5,76.1,64.0,125.3,71.0,LIGHT_ACTIVITY,50.0,49.7,7,7656,62.5,68.5,0,10,2,0,29.6,76.0,71.0,Light Activity,1,7656,64.4,49.7
synthetic_002230,ESP32_GREENHOUSE_01,2026-04-24T18:34:30.000Z,15,31.46,30.8,32.0,31.6,63.21,62.4,64.3,62.4,583.5,960.2,609.4,CRYING,26.8,25.8,13,29401,349.4,341.8,0,0,0,12,31.3,64.1,609.4,CRYING,1,29401,350.6,25.8
synthetic_002081,ESP32_GREENHOUSE_01,2026-04-24T17:20:00.000Z,15,31.27,30.6,31.7,31.0,66.7,65.3,66.9,65.9,517.8,846.9,484.2,CRYING,27.8,29.1,8,26227,440.2,444.4,0,0,0,12,31.1,67.1,484.2,CRYING,1,26227,443.7,29.1
synthetic_001938,ESP32_GREENHOUSE_01,2026-04-24T16:08:30.000Z,15,31.48,31.3,31.7,31.3,62.97,62.3,64.2,63.4,671.6,789.9,606.8,CRYING,23.5,26.0,12,27813,449.2,459.1,0,0,1,13,31.6,62.4,606.8,CRYING,1,27813,449.8,26.0
synthetic_002187,ESP32_GREENHOUSE_01,2026-04-24T18:13:00.000Z,15,30.55,29.8,31.1,30.8,66.86,65.6,67.5,67.0,475.8,818.9,441.1,CRYING,31.3,32.7,11,25435,326.5,328.8,0,0,1,14,30.6,67.2,441.1,CRYING,1,25435,327.6,32.7
synthetic_000984,ESP32_GREENHOUSE_01,2026-04-24T08:11:30.000Z,14,31.5,31.2,32.1,31.4,68.53,67.3,69.2,69.3,67.8,175.1,51.7,LIGHT_ACTIVITY,53.6,54.2,4,2800,191.4,196.4,3,9,2,0,31.4,69.0,51.7,Light Activity,1,2800,188.2,54.2
synthetic_002111,ESP32_GREENHOUSE_01,2026-04-24T17:35:00.000Z,15,31.21,30.9,31.6,31.1,63.27,62.3,64.2,62.6,412.1,839.9,295.2,CRYING,34.2,38.8,8,18839,462.8,466.5,0,0,1,13,31.4,62.8,295.2,CRYING,1,18839,458.1,38.8
synthetic_000005,ESP32_GREENHOUSE_01,2026-04-24T00:02:00.000Z,15,28.0,27.8,28.1,27.8,72.96,72.0,74.1,72.8,31.4,60.1,31.2,QUIET,62.0,62.0,1,449,50.8,42.1,13,2,0,0,28.0,74.0,31.2,Quiet,0,449,51.1,62.0
synthetic_000933,ESP32_GREENHOUSE_01,2026-04-24T07:46:00.000Z,14,31.2,31.1,31.5,31.4,71.0,70.6,72.1,70.4,81.4,200.5,79.8,LIGHT_ACTIVITY,47.3,47.4,2,7153,88.9,80.3,2,13,0,0,31.1,71.4,79.8,Light Activity,0,7153,91.8,47.4
synthetic_000134,ESP32_GREENHOUSE_01,2026-04-24T01:06:30.000Z,14,28.47,28.2,29.1,28.6,69.23,69.1,70.3,69.6,19.5,72.0,23.3,QUIET,63.5,63.4,0,889,14.1,7.4,12,1,0,0,28.7,69.3,23.3,Quiet,0,889,16.9,63.4
synthetic_001613,ESP32_GREENHOUSE_01,2026-04-24T13:26:00.000Z,15,32.38,31.9,33.1,32.5,64.73,63.4,64.8,64.4,160.0,366.2,183.2,RESTLESS,39.9,39.0,11,19211,500,501.6,0,3,9,2,32.3,65.0,183.2,Restless,1,19211,496.7,39.0
synthetic_001869,ESP32_GREENHOUSE_01,2026-04-24T15:34:00.000Z,14,31.93,31.3,32.2,31.7,63.07,62.0,63.5,63.4,560.2,854.2,566.7,CRYING,26.5,26.3,12,18946,500,498.3,0,0,2,13,32.0,63.3,566.7,CRYING,1,18946,503.5,26.3
synthetic_001197,ESP32_GREENHOUSE_01,2026-04-24T09:58:00.000Z,14,31.96,31.3,32.2,32.2,67.9,66.4,68.8,68.2,104.0,166.6,93.4,LIGHT_ACTIVITY,46.3,46.7,3,7153,254.3,247.7,0,11,2,0,32.1,67.7,93.4,Light Activity,0,7153,255.3,46.7
synthetic_000100,ESP32_GREENHOUSE_01,2026-04-24T00:49:30.000Z,14,28.55,28.2,28.8,28.4,73.06,71.8,73.1,73.1,25.5,56.6,24.8,QUIET,60.7,60.7,2,1376,12.4,8.2,12,0,0,0,28.7,73.5,24.8,Quiet,0,1376,10.6,60.7
synthetic_000165,ESP32_GREENHOUSE_01,2026-04-24T01:22:00.000Z,14,28.95,28.5,29.7,28.9,71.38,70.9,71.5,72.1,9.7,67.0,5,QUIET,61.2,61.4,2,1195,13.8,6.5,12,1,0,0,28.8,71.2,5,Quiet,0,1195,14.5,61.4
synthetic_000738,ESP32_GREENHOUSE_01,2026-04-24T06:08:30.000Z,15,30.7,29.9,30.8,30.6,70.89,70.9,72.1,70.4,75.9,137.9,83.6,LIGHT_ACTIVITY,54.0,53.7,2,3590,50,58.7,0,11,0,0,30.7,71.8,83.6,Light Activity,0,3590,52.4,53.7
synthetic_000396,ESP32_GREENHOUSE_01,2026-04-24T03:17:30.000Z,15,29.45,28.8,30.1,29.6,72.37,72.3,72.9,73.1,33.2,63.9,28.0,QUIET,58.3,58.5,1,903,36.4,41.6,15,2,0,0,29.6,72.6,28.0,Quiet,0,903,32.9,58.5
synthetic_001763,ESP32_GREENHOUSE_01,2026-04-24T14:41:00.000Z,14,32.61,31.9,33.3,32.8,66.67,65.5,67.2,66.1,180.5,360.3,190.3,RESTLESS,42.5,42.1,12,9689,462.0,469.5,0,2,12,0,32.5,67.1,190.3,Restless,1,9689,463.1,42.1
synthetic_000298,ESP32_GREENHOUSE_01,2026-04-24T02:28:30.000Z,14,28.54,28.3,28.9,28.8,74.11,73.3,74.6,75.0,36.2,54.3,30.0,QUIET,59.6,59.8,1,1492,61.0,62.8,15,0,0,0,28.5,73.1,30.0,Quiet,0,1492,62.4,59.8
synthetic_000132,ESP32_GREENHOUSE_01,2026-04-24T01:05:30.000Z,15,28.03,27.3,28.5,27.9,73.74,72.7,74.9,74.6,32.1,49.1,32.2,QUIET,61.4,61.4,0,739,47.0,52.4,14,0,0,0,27.8,72.9,32.2,Quiet,0,739,44.6,61.4
synthetic_002194,ESP32_GREENHOUSE_01,2026-04-24T18:16:30.000Z,15,30.2,29.5,30.4,30.2,67.68,67.0,69.0,68.6,563.9,673.0,571.1,CRYING,28.3,28.1,8,18298,335.3,329.4,0,0,1,13,30.3,68.0,571.1,CRYING,1,18298,339.7,28.1
synthetic_001647,ESP32_GREENHOUSE_01,2026-04-24T13:43:00.000Z,15,32.0,31.6,32.6,32.1,65.4,64.0,66.3,64.7,186.2,193.9,205.3,RESTLESS,39.5,38.7,9,17217,476.5,482.9,1,3,9,0,32.1,65.1,205.3,Restless,1,17217,471.9,38.7
synthetic_000649,ESP32_GREENHOUSE_01,2026-04-24T05:24:00.000Z,14,30.34,30.1,30.9,30.4,71.53,71.5,72.8,71.0,84.2,166.3,72.3,LIGHT_ACTIVITY,49.3,49.8,3,5174,16.3,7.1,1,9,1,0,30.2,71.0,72.3,Light Activity,0,5174,12.8,49.8
synthetic_000552,ESP32_GREENHOUSE_01,2026-04-24T04:35:30.000Z,14,29.26,28.7,29.9,29.5,72.98,72.0,73.2,72.4,32.3,35.3,33.0,QUIET,58.4,58.4,0,755,52.6,46.8,14,1,0,0,29.2,72.7,33.0,Quiet,0,755,54.1,58.4
synthetic_000902,ESP32_GREENHOUSE_01,2026-04-24T07:30:30.000Z,14,31.51,31.1,32.3,31.7,72.73,71.5,73.7,71.8,74.7,177.6,61.3,LIGHT_ACTIVITY,50.6,51.2,6,4176,121.7,119.5,2,13,2,0,31.5,72.7,61.3,Light Activity,1,4176,126.0,51.2
synthetic_002333,ESP32_GREENHOUSE_01,2026-04-24T19:26:00.000Z,15,29.86,29.6,30.2,30.1,66.77,65.8,67.9,66.2,501.8,1023,475.9,CRYING,32.3,33.3,14,29524,266.9,270.1,0,0,0,13,29.7,66.2,475.9,CRYING,1,29524,268.7,33.3
synthetic_000846,ESP32_GREENHOUSE_01,2026-04-24T07:02:30.000Z,15,31.28,30.7,32.1,31.3,67.64,66.2,68.3,68.4,115.0,165.5,120.7,LIGHT_ACTIVITY,52.9,52.7,6,1553,115.9,123.1,2,11,1,0,31.1,67.8,120.7,Light Activity,1,1553,116.8,52.7
synthetic_000696,ESP32_GREENHOUSE_01,2026-04-24T05:47:30.000Z,15,30.14,29.6,30.7,30.1,71.89,71.7,72.9,72.8,95.3,170.2,95.9,LIGHT_ACTIVITY,54.2,54.2,3,2723,79.9,80.9,0,11,1,0,30.2,72.8,95.9,Light Activity,0,2723,77.0,54.2
synthetic_000856,ESP32_GREENHOUSE_01,2026-04-24T07:07:30.000Z,15,30.94,30.4,31.3,30.9,70.46,70.3,70.7,69.7,75.1,171.6,86.9,LIGHT_ACTIVITY,48.6,48.2,3,6149,85.7,93.3,3,11,0,0,30.8,70.1,86.9,Light Activity,0,6149,82.2,48.2
synthetic_001054,ESP32_GREENHOUSE_01,2026-04-24T08:46:30.000Z,14,31.55,31.3,31.8,31.6,71.35,71.0,72.8,70.5,91.0,176.6,85.3,LIGHT_ACTIVITY,45.8,46.0,7,5882,184.1,186.4,2,10,0,0,31.4,71.9,85.3,Light Activity,1,5882,184.3,46.0
synthetic_000777,ESP32_GREENHOUSE_01,2026-04-24T06:28:00.000Z,15,30.21,29.6,30.8,29.9,71.63,71.3,71.7,70.7,90.9,145.1,108.9,LIGHT_ACTIVITY,49.3,48.6,2,7031,50,55.2,0,10,1,0,30.2,72.3,108.9,Light Activity,0,7031,51.9,48.6
synthetic_000894,ESP32_GREENHOUSE_01,2026-04-24T07:26:30.000Z,14,31.32,30.5,31.5,31.3,71.91,71.1,72.3,71.6,86.8,143.3,86.9,LIGHT_ACTIVITY,51.2,51.2,2,3026,133.7,137.5,0,10,0,0,31.3,72.7,86.9,Light Activity,0,3026,134.8,51.2
synthetic_000698,ESP32_GREENHOUSE_01,2026-04-24T05:48:30.000Z,15,30.14,29.4,30.9,30.3,73.99,73.4,75.1,74.3,89.3,184.4,103.7,LIGHT_ACTIVITY,53.1,52.6,4,2713,16.5,20.7,0,10,0,0,30.3,73.7,103.7,Light Activity,1,2713,11.5,52.6
synthetic_001519,ESP32_GREENHOUSE_01,2026-04-24T12:39:00.000Z,15,32.66,32.2,33.4,32.8,66.87,66.8,67.8,67.7,138.3,231.5,108.2,RESTLESS,39.0,40.2,7,21601,433.9,428.3,1,1,8,2,32.8,67.0,108.2,Restless,1,21601,429.6,40.2
synthetic_000589,ESP32_GREENHOUSE_01,2026-04-24T04:54:00.000Z,14,29.13,29.0,29.4,29.1,75.01,74.5,76.3,75.3,24.3,71.0,27.1,QUIET,57.9,57.7,2,371,20.6,11.2,14,0,0,0,28.9,74.1,27.1,Quiet,0,371,20.3,57.7
synthetic_000029,ESP32_GREENHOUSE_01,2026-04-24T00:14:00.000Z,15,28.85,28.3,29.3,29.0,69.61,68.2,70.0,70.2,21.9,65.4,17.0,QUIET,62.1,62.3,0,887,67.6,68.4,14,2,0,0,28.8,69.5,17.0,Quiet,0,887,69.9,62.3
synthetic_002156,ESP32_GREENHOUSE_01,2026-04-24T17:57:30.000Z,15,31.55,30.9,31.7,31.8,66.09,65.5,67.0,66.4,722.9,780.6,659.8,CRYING,19.3,21.8,10,15970,414.5,419.9,0,0,1,12,31.5,66.2,659.8,CRYING,1,15970,412.0,21.8
synthetic_001542,ESP32_GREENHOUSE_01,2026-04-24T12:50:30.000Z,15,33.3,32.8,33.7,33.6,61.18,59.8,61.6,61.5,135.3,219.3,162.0,RESTLESS,42.7,41.7,8,18987,431.6,426.2,0,4,12,2,33.5,61.1,162.0,Restless,1,18987,433.1,41.7
synthetic_001346,ESP32_GREENHOUSE_01,2026-04-24T11:12:30.000Z,14,32.26,31.9,32.5,32.5,70.36,69.9,71.2,71.3,187.1,364.1,188.5,RESTLESS,40.6,40.6,10,13232,389.2,379.6,1,2,11,1,32.4,70.1,188.5,Restless,1,13232,393.2,40.6
synthetic_001275,ESP32_GREENHOUSE_01,2026-04-24T10:37:00.000Z,14,31.71,31.5,32.0,31.9,68.3,67.2,69.4,68.2,229.6,278.6,222.5,RESTLESS,36.8,37.1,8,21807,309.5,317.7,0,4,9,0,31.9,69.1,222.5,Restless,1,21807,307.1,37.1
synthetic_000141,ESP32_GREENHOUSE_01,2026-04-24T01:10:00.000Z,15,28.77,28.6,29.4,29.1,74.29,73.7,74.4,73.9,30.3,64.9,30.0,QUIET,59.1,59.1,2,1235,67.8,74.2,12,0,0,0,28.6,75.2,30.0,Quiet,0,1235,71.3,59.1
synthetic_000472,ESP32_GREENHOUSE_01,2026-04-24T03:55:30.000Z,15,28.6,28.4,29.1,28.5,76.73,76.4,76.8,76.3,38.1,70.8,42.0,QUIET,57.7,57.6,1,1409,18.6,12.8,12,2,0,0,28.5,76.9,42.0,Quiet,0,1409,20.8,57.6
synthetic_002022,ESP32_GREENHOUSE_01,2026-04-24T16:50:30.000Z,15,31.96,31.4,32.5,31.8,66.46,66.1,67.4,66.4,490.4,514.0,427.8,CRYING,27.0,29.5,9,20753,474.2,474.0,0,0,2,12,31.9,66.6,427.8,CRYING,1,20753,470.0,29.5
synthetic_001013,ESP32_GREENHOUSE_01,2026-04-24T08:26:00.000Z,14,31.6,31.2,32.3,31.6,71.13,70.3,71.6,70.3,102.7,165.8,97.7,LIGHT_ACTIVITY,45.3,45.5,2,5989,160.5,150.8,1,10,2,0,31.6,71.1,97.7,Light Activity,0,5989,160.6,45.5
synthetic_002115,ESP32_GREENHOUSE_01,2026-04-24T17:37:00.000Z,14,30.93,30.6,31.4,30.7,62.52,61.4,63.6,61.9,602.8,1023,538.8,CRYING,28.0,30.5,14,17569,447.5,443.3,0,0,0,15,31.0,63.5,538.8,CRYING,1,17569,451.6,30.5
synthetic_001866,ESP32_GREENHOUSE_01,2026-04-24T15:32:30.000Z,14,31.32,30.9,31.6,31.2,68.29,67.8,68.8,69.1,612.9,960.2,543.3,CRYING,22.9,25.6,10,26758,440.9,433.0,0,0,0,15,31.2,68.2,543.3,CRYING,1,26758,439.7,25.6
synthetic_001516,ESP32_GREENHOUSE_01,2026-04-24T12:37:30.000Z,14,32.05,31.6,32.6,32.0,67.15,66.6,67.3,68.1,192.1,283.9,228.7,RESTLESS,43.0,41.6,12,9516,482.4,477.1,1,3,11,2,32.1,67.3,228.7,Restless,1,9516,477.7,41.6
synthetic_000913,ESP32_GREENHOUSE_01,2026-04-24T07:36:00.000Z,15,30.8,30.6,31.2,30.7,72.66,72.0,74.1,72.3,82.0,127.6,70.9,LIGHT_ACTIVITY,52.4,52.8,4,2116,77.8,75.8,1,13,2,0,30.8,73.3,70.9,Light Activity,1,2116,73.9,52.8
synthetic_001719,ESP32_GREENHOUSE_01,2026-04-24T14:19:00.000Z,15,31.96,31.8,32.5,32.3,67.03,66.7,68.3,66.3,201.0,321.3,183.6,RESTLESS,43.0,43.7,10,8537,485.6,491.0,0,4,8,0,31.8,67.7,183.6,Restless,1,8537,484.9,43.7
synthetic_000808,ESP32_GREENHOUSE_01,2026-04-24T06:43:30.000Z,14,29.99,29.3,30.7,29.9,70.86,69.6,71.6,70.7,103.1,120.6,102.5,LIGHT_ACTIVITY,55.0,55.0,2,4177,50,50.8,3,11,0,0,29.8,70.8,102.5,Light Activity,0,4177,54.5,55.0
synthetic_000371,ESP32_GREENHOUSE_01,2026-04-24T03:05:00.000Z,14,29.44,29.0,30.1,29.7,71.64,71.0,71.9,71.0,17.2,47.5,21.3,QUIET,59.4,59.2,2,1201,77.9,86.1,13,0,0,0,29.6,71.3,21.3,Quiet,0,1201,79.6,59.2
synthetic_000215,ESP32_GREENHOUSE_01,2026-04-24T01:47:00.000Z,15,28.48,27.8,29.2,28.6,72.09,71.3,72.8,71.4,20.2,47.1,22.2,QUIET,61.7,61.6,2,547,55.7,62.8,15,1,0,0,28.3,71.6,22.2,Quiet,0,547,53.2,61.6
synthetic_002385,ESP32_GREENHOUSE_01,2026-04-24T19:52:00.000Z,14,28.94,28.2,29.5,28.8,66.31,66.0,66.4,66.3,530.0,956.2,572.4,CRYING,34.1,32.4,8,16595,275.7,273.4,0,0,1,12,28.8,66.2,572.4,CRYING,1,16595,274.7,32.4
synthetic_000631,ESP32_GREENHOUSE_01,2026-04-24T05:15:00.000Z,15,29.45,28.7,30.2,29.7,75.61,75.5,75.8,75.2,73.4,165.8,74.5,LIGHT_ACTIVITY,54.7,54.6,6,2989,40.9,38.8,3,9,1,0,29.3,76.6,74.5,Light Activity,1,2989,43.8,54.6
synthetic_001367,ESP32_GREENHOUSE_01,2026-04-24T11:23:00.000Z,15,32.46,32.1,33.3,32.7,67.57,66.7,68.1,66.7,201.4,310.3,166.9,RESTLESS,36.3,37.6,11,19937,412.9,412.2,1,1,9,0,32.5,68.4,166.9,Restless,1,19937,416.7,37.6
synthetic_000335,ESP32_GREENHOUSE_01,2026-04-24T02:47:00.000Z,15,28.99,28.3,29.5,29.0,73.69,73.1,73.8,73.4,20.5,48.1,25.2,QUIET,59.2,59.0,1,1153,37.2,36.5,15,0,0,0,28.9,74.1,25.2,Quiet,0,1153,33.8,59.0
synthetic_000234,ESP32_GREENHOUSE_01,2026-04-24T01:56:30.000Z,15,28.33,27.9,29.0,28.1,75.23,75.0,76.1,75.2,17.5,56.5,14.2,QUIET,60.2,60.4,2,817,62.2,65.2,14,0,0,0,28.2,75.5,14.2,Quiet,0,817,64.6,60.4
synthetic_001728,ESP32_GREENHOUSE_01,2026-04-24T14:23:30.000Z,15,32.41,32.2,32.6,32.5,65.96,64.9,66.5,66.0,212.4,335.8,194.8,RESTLESS,42.0,42.7,6,10633,500,493.8,1,4,11,1,32.5,65.1,194.8,Restless,1,10633,503.2,42.7
synthetic_000153,ESP32_GREENHOUSE_01,2026-04-24T01:16:00.000Z,15,29.12,29.0,29.6,28.9,74.34,73.0,74.9,74.2,23.5,55.7,25.8,QUIET,58.3,58.2,1,964,18.1,13.4,15,2,0,0,29.1,73.8,25.8,Quiet,0,964,15.8,58.2
synthetic_001924,ESP32_GREENHOUSE_01,2026-04-24T16:01:30.000Z,14,31.55,31.2,32.0,31.8,64.15,63.3,64.6,64.5,642.5,916.9,602.0,CRYING,23.7,25.3,8,21704,450.6,445.7,0,0,1,12,31.6,64.1,602.0,CRYING,1,21704,452.4,25.3
synthetic_000691,ESP32_GREENHOUSE_01,2026-04-24T05:45:00.000Z,15,29.69,29.3,30.1,29.7,74.5,74.1,74.9,74.7,104.5,172.7,106.4,LIGHT_ACTIVITY,53.5,53.4,3,3537,69.1,78.1,3,10,0,0,29.8,75.0,106.4,Light Activity,0,3537,73.4,53.4
synthetic_000960,ESP32_GREENHOUSE_01,2026-04-24T07:59:30.000Z,14,31.12,31.0,31.6,31.0,70.01,69.6,70.6,69.1,98.1,180.8,102.5,LIGHT_ACTIVITY,52.5,52.3,6,1646,77.9,70.5,2,12,0,0,31.0,69.3,102.5,Light Activity,1,1646,73.8,52.3
synthetic_000705,ESP32_GREENHOUSE_01,2026-04-24T05:52:00.000Z,15,29.73,29.2,30.2,29.6,74.35,73.8,75.7,73.4,100.4,181.8,102.4,LIGHT_ACTIVITY,48.6,48.5,7,7212,64.1,57.9,0,10,2,0,29.8,73.4,102.4,Light Activity,1,7212,65.7,48.5
synthetic_001435,ESP32_GREENHOUSE_01,2026-04-24T11:57:00.000Z,15,32.88,32.6,33.6,32.7,66.0,65.5,67.4,65.9,216.8,302.0,183.5,RESTLESS,41.5,42.8,5,12953,412.0,417.4,1,4,8,2,33.0,66.3,183.5,Restless,1,12953,409.0,42.8
synthetic_002011,ESP32_GREENHOUSE_01,2026-04-24T16:45:00.000Z,14,31.6,31.0,31.8,31.5,64.87,63.9,65.7,64.2,456.0,953.3,422.0,CRYING,30.4,31.7,11,16743,455.5,452.1,0,0,2,13,31.8,65.7,422.0,CRYING,1,16743,451.1,31.7
synthetic_001833,ESP32_GREENHOUSE_01,2026-04-24T15:16:00.000Z,14,31.76,31.0,32.2,31.6,63.88,62.5,64.0,63.1,646.1,925.0,697.1,CRYING,23.1,21.1,10,19117,476.8,482.8,0,0,2,14,31.7,63.8,697.1,CRYING,1,19117,473.1,21.1
synthetic_001304,ESP32_GREENHOUSE_01,2026-04-24T10:51:30.000Z,14,32.12,31.7,32.6,32.1,72.61,72.5,73.5,71.7,185.7,302.8,186.3,RESTLESS,34.7,34.6,11,20005,371.9,377.9,0,1,9,2,32.3,72.9,186.3,Restless,1,20005,370.8,34.6
synthetic_002302,ESP32_GREENHOUSE_01,2026-04-24T19:10:30.000Z,14,30.01,29.8,30.4,30.2,64.15,63.0,65.3,63.8,676.3,676.3,561.3,CRYING,26.7,31.2,15,25435,283.8,277.5,0,0,0,12,30.0,64.8,561.3,CRYING,1,25435,288.3,31.2
synthetic_002293,ESP32_GREENHOUSE_01,2026-04-24T19:06:00.000Z,14,29.52,28.9,30.1,29.8,68.46,67.9,69.7,68.5,318.6,595.3,185.3,CRYING,39.3,44.6,13,16579,297.0,300.2,0,0,0,13,29.6,68.5,185.3,CRYING,1,16579,293.5,44.6
synthetic_000461,ESP32_GREENHOUSE_01,2026-04-24T03:50:00.000Z,15,29.08,28.7,29.6,28.9,71.26,70.6,71.7,71.6,36.3,65.0,42.5,QUIET,59.9,59.6,1,232,39.8,43.4,13,1,0,0,29.1,71.7,42.5,Quiet,0,232,44.2,59.6
synthetic_001167,ESP32_GREENHOUSE_01,2026-04-24T09:43:00.000Z,15,31.43,31.1,32.0,31.4,71.37,70.9,72.2,70.7,83.6,198.4,87.2,LIGHT_ACTIVITY,46.4,46.2,6,5404,294.2,295.3,3,12,0,0,31.6,71.4,87.2,Light Activity,1,5404,292.4,46.2
synthetic_001109,ESP32_GREENHOUSE_01,2026-04-24T09:14:00.000Z,14,32.05,31.3,32.3,32.2,68.83,68.4,70.1,68.9,69.1,134.1,74.0,LIGHT_ACTIVITY,46.8,46.6,5,6954,301.5,305.3,3,12,2,0,31.9,68.0,74.0,Light Activity,1,6954,297.2,46.6
synthetic_001986,ESP32_GREENHOUSE_01,2026-04-24T16:32:30.000Z,15,31.87,31.3,32.6,31.8,65.37,64.1,66.8,65.3,564.1,828.3,592.8,CRYING,25.1,24.0,15,17148,404.4,395.9,0,0,0,12,31.9,64.6,592.8,CRYING,1,17148,407.3,24.0
synthetic_000506,ESP32_GREENHOUSE_01,2026-04-24T04:12:30.000Z,15,29.7,29.0,30.3,29.8,71.95,71.5,72.3,71.2,21.8,44.8,27.4,QUIET,58.3,58.0,1,1429,72.5,82.0,12,0,0,0,29.6,72.4,27.4,Quiet,0,1429,69.6,58.0
synthetic_000967,ESP32_GREENHOUSE_01,2026-04-24T08:03:00.000Z,15,31.65,31.1,32.0,31.4,68.74,68.1,69.1,69.3,88.1,219.2,82.1,LIGHT_ACTIVITY,47.2,47.5,4,5599,225.4,222.3,1,9,2,0,31.5,67.9,82.1,Light Activity,1,5599,220.8,47.5
synthetic_002252,ESP32_GREENHOUSE_01,2026-04-24T18:45:30.000Z,15,30.27,29.8,30.9,30.4,66.9,66.7,68.1,67.7,596.2,1023,548.6,CRYING,27.4,29.2,9,27474,346.9,345.6,0,0,2,12,30.3,66.9,548.6,CRYING,1,27474,342.5,29.2
synthetic_001690,ESP32_GREENHOUSE_01,2026-04-24T14:04:30.000Z,14,32.75,32.0,33.1,32.7,69.11,68.7,70.4,69.3,231.8,271.9,257.5,RESTLESS,39.0,38.0,11,11038,500,496.4,1,2,12,1,32.9,69.9,257.5,Restless,1,11038,504.2,38.0
synthetic_001659,ESP32_GREENHOUSE_01,2026-04-24T13:49:00.000Z,14,32.66,31.9,33.2,32.6,63.61,62.3,64.4,63.6,202.9,273.2,196.2,RESTLESS,43.6,43.8,8,10056,500,497.0,1,4,12,1,32.8,62.8,196.2,Restless,1,10056,498.3,43.8
synthetic_001587,ESP32_GREENHOUSE_01,2026-04-24T13:13:00.000Z,15,32.82,32.6,33.6,32.8,63.28,63.0,63.4,63.0,188.8,214.7,231.2,RESTLESS,44.3,42.7,9,11227,492.3,491.9,1,4,8,2,32.8,62.9,231.2,Restless,1,11227,487.4,42.7
synthetic_000638,ESP32_GREENHOUSE_01,2026-04-24T05:18:30.000Z,14,29.99,29.8,30.3,30.1,73.15,72.2,74.4,72.3,104.9,159.8,112.1,LIGHT_ACTIVITY,53.5,53.2,7,3561,72.3,77.6,2,10,0,0,30.1,72.2,112.1,Light Activity,1,3561,74.7,53.2
synthetic_001746,ESP32_GREENHOUSE_01,2026-04-24T14:32:30.000Z,14,31.94,31.5,32.2,31.9,65.49,64.2,67.0,65.7,237.7,315.4,210.3,RESTLESS,42.6,43.7,12,9229,500,500.0,0,1,11,0,32.0,65.4,210.3,Restless,1,9229,502.9,43.7
synthetic_001582,ESP32_GREENHOUSE_01,2026-04-24T13:10:30.000Z,15,31.74,31.2,32.3,31.7,68.33,67.4,68.8,68.2,132.4,296.6,88.5,RESTLESS,40.5,42.2,11,15499,500,491.0,0,4,10,0,31.9,67.9,88.5,Restless,1,15499,497.1,42.2
synthetic_000116,ESP32_GREENHOUSE_01,2026-04-24T00:57:30.000Z,15,28.16,27.7,28.8,28.1,73.66,72.3,74.5,73.9,25.2,54.9,28.7,QUIET,61.4,61.2,2,981,41.4,33.1,15,2,0,0,28.3,74.0,28.7,Quiet,0,981,40.0,61.2
synthetic_002300,ESP32_GREENHOUSE_01,2026-04-24T19:09:30.000Z,15,30.01,29.3,30.5,30.0,67.21,66.2,68.2,66.4,723.8,796.4,630.8,CRYING,22.9,26.6,12,26262,299.1,297.0,0,0,0,14,29.9,66.4,630.8,CRYING,1,26262,297.6,26.6
synthetic_001770,ESP32_GREENHOUSE_01,2026-04-24T14:44:30.000Z,15,32.22,31.8,32.8,31.9,61.02,60.4,61.7,62.0,118.5,276.9,52.3,RESTLESS,49.3,51.9,6,14936,500,497.0,1,2,9,2,32.2,61.6,52.3,Restless,1,14936,502.4,51.9
synthetic_001016,ESP32_GREENHOUSE_01,2026-04-24T08:27:30.000Z,14,31.32,30.9,31.6,31.6,72.3,72.0,73.5,72.2,98.7,136.6,108.3,LIGHT_ACTIVITY,50.5,50.1,6,2156,242.6,241.8,1,12,0,0,31.5,71.3,108.3,Light Activity,1,2156,241.8,50.1
synthetic_001485,ESP32_GREENHOUSE_01,2026-04-24T12:22:00.000Z,15,31.82,31.1,32.6,32.1,67.78,67.0,68.8,68.6,207.3,257.8,218.3,RESTLESS,37.7,37.3,6,15012,440.1,450.0,1,3,12,2,31.9,66.8,218.3,Restless,1,15012,445.1,37.3
synthetic_002088,ESP32_GREENHOUSE_01,2026-04-24T17:23:30.000Z,15,31.39,30.8,32.1,31.1,67.33,66.3,68.7,67.2,475.4,878.4,592.5,CRYING,28.7,24.1,13,27017,395.8,397.5,0,0,0,13,31.5,68.3,592.5,CRYING,1,27017,399.3,24.1
synthetic_001881,ESP32_GREENHOUSE_01,2026-04-24T15:40:00.000Z,15,31.89,31.4,32.7,31.7,66.12,65.1,66.2,66.0,536.2,829.2,435.4,CRYING,25.7,29.6,14,28754,436.3,445.2,0,0,0,15,31.8,65.1,435.4,CRYING,1,28754,439.1,29.6
synthetic_000677,ESP32_GREENHOUSE_01,2026-04-24T05:38:00.000Z,14,29.42,29.2,29.6,29.5,73.74,73.1,74.8,73.5,88.9,201.1,102.5,LIGHT_ACTIVITY,50.3,49.8,5,6248,57.0,59.3,3,12,0,0,29.4,73.8,102.5,Light Activity,1,6248,54.7,49.8
synthetic_001537,ESP32_GREENHOUSE_01,2026-04-24T12:48:00.000Z,15,32.92,32.7,33.1,32.7,62.76,61.8,64.1,62.0,202.8,409.1,227.9,RESTLESS,44.1,43.1,6,14821,473.8,465.0,1,3,12,0,32.8,62.0,227.9,Restless,1,14821,469.8,43.1
synthetic_000144,ESP32_GREENHOUSE_01,2026-04-24T01:11:30.000Z,14,28.91,28.4,29.6,29.1,70.88,69.4,72.1,70.6,23.2,46.5,17.6,QUIET,61.1,61.3,1,281,16.1,17.0,15,0,0,0,28.9,71.7,17.6,Quiet,0,281,16.1,61.3
synthetic_002251,ESP32_GREENHOUSE_01,2026-04-24T18:45:00.000Z,15,31.04,30.9,31.5,31.2,63.57,63.4,64.9,64.1,435.5,586.1,329.4,CRYING,33.6,37.7,8,23628,345.5,338.1,0,0,1,13,30.9,64.0,329.4,CRYING,1,23628,346.1,37.7
synthetic_001702,ESP32_GREENHOUSE_01,2026-04-24T14:10:30.000Z,15,32.63,31.9,33.1,32.6,64.58,64.4,65.5,65.3,127.9,224.0,122.1,RESTLESS,40.9,41.1,5,16443,500,492.4,1,1,10,0,32.5,64.0,122.1,Restless,1,16443,499.9,41.1
synthetic_002392,ESP32_GREENHOUSE_01,2026-04-24T19:55:30.000Z,14,29.6,29.0,30.3,29.8,70.14,69.3,71.4,70.2,656.9,848.8,634.2,CRYING,24.8,25.7,14,18977,275.2,270.2,0,0,1,13,29.7,70.6,634.2,CRYING,1,18977,270.7,25.7
synthetic_002334,ESP32_GREENHOUSE_01,2026-04-24T19:26:30.000Z,15,29.1,28.7,29.8,29.3,69.41,68.7,70.5,68.9,571.7,970.5,641.1,CRYING,30.0,27.3,12,22779,266.9,269.3,0,0,0,14,29.2,68.6,641.1,CRYING,1,22779,269.5,27.3
synthetic_002030,ESP32_GREENHOUSE_01,2026-04-24T16:54:30.000Z,15,30.88,30.2,31.4,31.1,67.15,65.9,67.6,67.1,412.7,703.8,317.4,CRYING,32.7,36.4,10,19701,478.5,482.5,0,0,2,12,30.8,67.0,317.4,CRYING,1,19701,481.6,36.4
synthetic_001433,ESP32_GREENHOUSE_01,2026-04-24T11:56:00.000Z,15,32.06,31.7,32.7,32.0,66.42,65.8,67.4,66.2,149.6,324.6,138.6,RESTLESS,40.1,40.6,10,17772,402.5,394.0,1,1,9,2,31.9,66.4,138.6,Restless,1,17772,397.8,40.6
synthetic_000123,ESP32_GREENHOUSE_01,2026-04-24T01:01:00.000Z,14,28.88,28.6,29.4,29.2,71.28,70.5,72.4,71.8,44.6,58.9,43.3,QUIET,60.1,60.1,2,1014,42.0,40.8,12,2,0,0,28.8,71.1,43.3,Quiet,0,1014,44.4,60.1
synthetic_000502,ESP32_GREENHOUSE_01,2026-04-24T04:10:30.000Z,14,29.65,29.3,29.8,29.6,71.49,70.4,72.9,72.3,40.0,62.6,41.5,QUIET,58.0,57.9,0,482,63.0,62.6,15,0,0,0,29.5,71.9,41.5,Quiet,0,482,59.0,57.9
synthetic_001462,ESP32_GREENHOUSE_01,2026-04-24T12:10:30.000Z,14,32.29,31.6,32.6,32.2,63.8,62.9,64.5,64.3,176.4,358.2,153.4,RESTLESS,45.1,46.0,12,8466,421.9,422.8,0,1,8,2,32.2,63.9,153.4,Restless,1,8466,421.0,46.0
synthetic_002180,ESP32_GREENHOUSE_01,2026-04-24T18:09:30.000Z,15,30.13,29.4,30.6,29.9,72.17,70.8,72.7,72.6,485.9,977.4,451.6,CRYING,28.8,30.1,9,21999,329.7,326.5,0,0,2,13,30.0,73.0,451.6,CRYING,1,21999,334.4,30.1
synthetic_001146,ESP32_GREENHOUSE_01,2026-04-24T09:32:30.000Z,14,31.44,31.1,32.0,31.2,68.82,68.7,69.2,68.5,76.5,181.5,78.7,LIGHT_ACTIVITY,48.2,48.1,2,5930,233.9,231.6,0,10,2,0,31.4,68.0,78.7,Light Activity,0,5930,231.0,48.1
synthetic_002297,ESP32_GREENHOUSE_01,2026-04-24T19:08:00.000Z,14,30.68,30.6,31.3,30.7,63.53,63.5,63.6,64.1,402.8,657.1,358.1,CRYING,35.9,37.6,13,19014,231.1,238.5,0,0,0,13,30.6,64.5,358.1,CRYING,1,19014,230.6,37.6
synthetic_001732,ESP32_GREENHOUSE_01,2026-04-24T14:25:30.000Z,15,32.52,32.1,32.9,32.5,65.13,64.4,66.0,64.2,145.1,200.9,150.7,RESTLESS,44.9,44.7,8,14045,494.6,496.8,1,3,9,2,32.5,65.4,150.7,Restless,1,14045,491.4,44.7
synthetic_001806,ESP32_GREENHOUSE_01,2026-04-24T15:02:30.000Z,14,32.08,31.4,32.3,32.3,67.83,66.7,68.2,68.4,550.2,1023,494.5,CRYING,23.5,25.7,12,21958,500,490.2,0,0,1,14,31.9,67.5,494.5,CRYING,1,21958,503.2,25.7
synthetic_000326,ESP32_GREENHOUSE_01,2026-04-24T02:42:30.000Z,15,29.67,29.1,29.9,29.9,69.01,68.8,69.9,68.0,19.5,44.9,12.8,QUIET,60.3,60.5,2,345,23.9,24.4,12,1,0,0,29.8,69.9,12.8,Quiet,0,345,27.2,60.5
synthetic_001092,ESP32_GREENHOUSE_01,2026-04-24T09:05:30.000Z,15,31.92,31.2,32.3,31.7,69.83,69.0,70.6,70.0,102.3,141.6,107.2,LIGHT_ACTIVITY,45.2,45.0,7,7414,251.7,247.7,1,11,1,0,32.0,70.7,107.2,Light Activity,1,7414,247.4,45.0
synthetic_001785,ESP32_GREENHOUSE_01,2026-04-24T14:52:00.000Z,15,32.09,31.7,32.4,32.3,62.66,61.2,62.7,63.0,155.2,292.8,138.3,RESTLESS,47.2,47.8,8,14833,466.2,460.8,1,3,11,0,32.1,63.5,138.3,Restless,1,14833,467.7,47.8
synthetic_001556,ESP32_GREENHOUSE_01,2026-04-24T12:57:30.000Z,14,32.79,32.4,33.5,32.8,63.98,63.1,64.6,63.9,144.8,292.4,192.8,RESTLESS,40.6,38.7,10,20382,495.5,504.9,0,3,10,1,32.9,64.1,192.8,Restless,1,20382,498.5,38.7
synthetic_000156,ESP32_GREENHOUSE_01,2026-04-24T01:17:30.000Z,15,28.28,28.1,28.8,28.3,74.42,73.0,74.6,73.6,15.5,65.9,17.9,QUIET,60.9,60.9,1,25,29.3,34.9,15,0,0,0,28.4,75.2,17.9,Quiet,0,25,33.1,60.9
synthetic_000767,ESP32_GREENHOUSE_01,2026-04-24T06:23:00.000Z,15,30.72,30.3,31.5,30.9,69.38,68.5,70.0,69.9,88.1,156.5,84.4,LIGHT_ACTIVITY,54.4,54.6,4,4794,50,50.8,1,10,1,0,30.6,70.1,84.4,Light Activity,1,4794,46.4,54.6
synthetic_001179,ESP32_GREENHOUSE_01,2026-04-24T09:49:00.000Z,15,32.03,31.3,32.3,32.2,69.29,67.8,70.5,69.9,84.9,147.3,91.9,LIGHT_ACTIVITY,45.9,45.7,7,7045,297.1,299.6,2,11,1,0,32.1,68.9,91.9,Light Activity,1,7045,292.9,45.7
synthetic_001711,ESP32_GREENHOUSE_01,2026-04-24T14:15:00.000Z,15,31.66,30.9,31.9,31.7,65.3,64.3,65.4,66.1,211.8,288.5,225.2,RESTLESS,39.5,39.0,7,21779,496.6,487.1,0,2,11,2,31.7,64.5,225.2,Restless,1,21779,498.6,39.0
synthetic_002222,ESP32_GREENHOUSE_01,2026-04-24T18:30:30.000Z,15,30.97,30.5,31.8,30.9,65.58,65.5,66.2,65.5,658.3,734.1,667.5,CRYING,23.8,23.4,13,29035,344.3,347.0,0,0,0,15,30.9,64.7,667.5,CRYING,1,29035,340.7,23.4
synthetic_002212,ESP32_GREENHOUSE_01,2026-04-24T18:25:30.000Z,14,30.54,30.4,31.1,30.3,67.34,66.3,68.7,68.0,595.1,703.3,470.7,CRYING,26.4,31.2,12,20859,417.3,424.8,0,0,2,14,30.4,67.6,470.7,CRYING,1,20859,421.8,31.2
synthetic_000621,ESP32_GREENHOUSE_01,2026-04-24T05:10:00.000Z,15,29.67,29.4,30.1,29.4,72.5,71.8,72.7,71.6,107.8,146.8,105.6,LIGHT_ACTIVITY,54.6,54.7,2,4735,28.3,26.1,1,9,2,0,29.5,72.9,105.6,Light Activity,0,4735,24.0,54.7
synthetic_000050,ESP32_GREENHOUSE_01,2026-04-24T00:24:30.000Z,14,28.66,27.9,29.2,28.9,71.31,70.4,72.7,70.9,37.7,49.6,37.8,QUIET,61.0,61.0,2,1426,41.8,45.6,15,2,0,0,28.5,71.2,37.8,Quiet,0,1426,39.2,61.0
synthetic_001564,ESP32_GREENHOUSE_01,2026-04-24T13:01:30.000Z,14,32.13,31.7,32.7,32.2,65.11,63.8,65.6,64.5,195.8,239.6,185.7,RESTLESS,43.9,44.3,11,9780,497.4,502.7,1,3,10,2,32.3,64.7,185.7,Restless,1,9780,502.1,44.3
synthetic_000727,ESP32_GREENHOUSE_01,2026-04-24T06:03:00.000Z,14,30.42,30.1,30.8,30.4,68.98,68.3,69.0,68.1,99.6,195.7,93.4,LIGHT_ACTIVITY,55.1,55.3,3,2939,50,53.2,2,13,2,0,30.6,68.7,93.4,Light Activity,0,2939,51.4,55.3
synthetic_000663,ESP32_GREENHOUSE_01,2026-04-24T05:31:00.000Z,15,30.68,30.1,30.9,31.0,71.93,71.9,72.4,72.5,71.3,71.3,56.7,LIGHT_ACTIVITY,53.6,54.2,2,2179,27.7,34.8,1,9,1,0,30.6,71.8,56.7,Light Activity,0,2179,22.8,54.2
synthetic_001964,ESP32_GREENHOUSE_01,2026-04-24T16:21:30.000Z,15,30.87,30.1,31.1,30.8,66.74,66.4,67.5,67.5,442.5,608.7,482.9,CRYING,31.8,30.2,9,27131,474.0,479.0,0,0,1,15,31.0,66.4,482.9,CRYING,1,27131,471.8,30.2
synthetic_000590,ESP32_GREENHOUSE_01,2026-04-24T04:54:30.000Z,14,29.08,29.0,29.8,28.8,75.34,73.9,75.5,75.3,38.8,54.4,35.5,QUIET,57.2,57.4,2,1075,63.4,73.1,13,0,0,0,29.2,75.4,35.5,Quiet,0,1075,59.7,57.4
synthetic_001323,ESP32_GREENHOUSE_01,2026-04-24T11:01:00.000Z,15,32.69,32.0,33.5,32.6,67.29,67.3,68.7,66.8,144.2,286.8,149.4,RESTLESS,43.6,43.4,6,9812,415.2,411.1,0,4,8,2,32.9,67.9,149.4,Restless,1,9812,413.5,43.4
synthetic_000575,ESP32_GREENHOUSE_01,2026-04-24T04:47:00.000Z,14,29.36,28.7,29.9,29.1,71.81,70.5,72.3,72.2,24.1,67.1,38.4,QUIET,59.2,58.7,1,1015,78.2,84.7,13,0,0,0,29.2,71.0,38.4,Quiet,0,1015,75.5,58.7
synthetic_001550,ESP32_GREENHOUSE_01,2026-04-24T12:54:30.000Z,15,32.64,32.1,33.1,32.9,66.75,65.5,67.1,66.0,191.9,313.8,219.7,RESTLESS,37.0,35.9,12,16731,460.1,450.5,1,2,9,0,32.5,66.4,219.7,Restless,1,16731,460.1,35.9
synthetic_000027,ESP32_GREENHOUSE_01,2026-04-24T00:13:00.000Z,14,28.65,28.4,29.1,28.4,72.58,71.2,73.3,72.1,51.3,64.5,51.7,QUIET,59.7,59.6,0,408,12.2,9.6,12,2,0,0,28.7,73.5,51.7,Quiet,0,408,14.4,59.6
synthetic_001820,ESP32_GREENHOUSE_01,2026-04-24T15:09:30.000Z,15,31.62,31.2,31.9,31.5,66.46,66.0,67.1,66.4,658.2,804.5,655.1,CRYING,21.4,21.6,11,22297,500,509.7,0,0,0,14,31.4,67.3,655.1,CRYING,1,22297,504.2,21.6
synthetic_002012,ESP32_GREENHOUSE_01,2026-04-24T16:45:30.000Z,14,31.13,30.5,31.3,31.3,63.49,63.1,64.1,62.8,626.3,784.8,651.3,CRYING,25.9,24.9,11,15617,494.1,486.7,0,0,2,15,31.3,63.3,651.3,CRYING,1,15617,496.5,24.9
synthetic_002209,ESP32_GREENHOUSE_01,2026-04-24T18:24:00.000Z,14,30.29,29.6,31.1,30.1,64.09,63.3,65.1,64.2,499.4,750.1,446.8,CRYING,32.9,34.9,11,26962,393.2,395.7,0,0,2,14,30.3,64.3,446.8,CRYING,1,26962,395.7,34.9
synthetic_000242,ESP32_GREENHOUSE_01,2026-04-24T02:00:30.000Z,14,28.85,28.3,29.1,28.6,74.21,74.1,75.4,73.5,46.4,54.5,43.0,QUIET,58.3,58.4,2,1263,11.8,18.7,14,2,0,0,28.8,74.5,43.0,Quiet,0,1263,8.6,58.4
synthetic_001598,ESP32_GREENHOUSE_01,2026-04-24T13:18:30.000Z,14,32.25,31.7,32.8,32.5,68.34,67.2,68.9,69.0,150.5,398.4,144.9,RESTLESS,43.4,43.6,12,10602,492.5,498.8,0,2,8,1,32.3,68.2,144.9,Restless,1,10602,489.3,43.6
synthetic_000440,ESP32_GREENHOUSE_01,2026-04-24T03:39:30.000Z,14,28.94,28.7,29.7,29.0,74.35,73.2,74.4,74.9,29.0,60.5,29.2,QUIET,58.6,58.6,2,89,10.9,11.7,13,0,0,0,29.1,75.1,29.2,Quiet,0,89,6.7,58.6
synthetic_000178,ESP32_GREENHOUSE_01,2026-04-24T01:28:30.000Z,14,28.97,28.2,29.3,28.9,74.78,73.6,75.9,74.0,43.7,61.9,44.7,QUIET,57.7,57.6,0,520,60.5,58.8,13,0,0,0,29.1,75.5,44.7,Quiet,0,520,61.4,57.6
synthetic_000905,ESP32_GREENHOUSE_01,2026-04-24T07:32:00.000Z,14,31.62,31.4,32.0,31.6,71.44,70.3,72.6,71.9,60.4,107.8,58.3,LIGHT_ACTIVITY,51.7,51.8,7,3131,107.7,98.9,0,13,0,0,31.6,70.8,58.3,Light Activity,1,3131,104.3,51.8
synthetic_002201,ESP32_GREENHOUSE_01,2026-04-24T18:20:00.000Z,14,30.64,30.1,30.8,30.9,64.76,64.5,65.8,64.0,607.3,828.5,629.5,CRYING,27.2,26.4,8,17194,326.6,317.6,0,0,1,14,30.7,64.0,629.5,CRYING,1,17194,329.2,26.4
synthetic_000995,ESP32_GREENHOUSE_01,2026-04-24T08:17:00.000Z,14,31.28,30.8,31.5,31.2,67.36,66.3,67.5,67.1,82.7,172.8,89.1,LIGHT_ACTIVITY,54.3,54.1,7,2261,157.4,161.9,1,12,1,0,31.1,67.2,89.1,Light Activity,1,2261,161.9,54.1
synthetic_000989,ESP32_GREENHOUSE_01,2026-04-24T08:14:00.000Z,14,31.22,30.5,31.5,31.3,69.63,69.2,70.8,70.3,101.7,185.8,101.3,LIGHT_ACTIVITY,52.3,52.4,5,2976,195.5,186.7,0,10,2,0,31.4,70.1,101.3,Light Activity,1,2976,195.0,52.4
synthetic_000307,ESP32_GREENHOUSE_01,2026-04-24T02:33:00.000Z,14,29.08,28.6,29.4,29.0,73.2,72.1,73.3,73.2,34.1,53.0,30.5,QUIET,58.7,58.9,1,253,17.9,15.6,15,0,0,0,29.1,73.7,30.5,Quiet,0,253,19.8,58.9
synthetic_000832,ESP32_GREENHOUSE_01,2026-04-24T06:55:30.000Z,14,30.34,29.7,30.5,30.1,72.81,72.1,74.0,73.0,92.7,150.5,94.0,LIGHT_ACTIVITY,48.2,48.1,2,7593,50,53.6,2,10,1,0,30.1,72.8,94.0,Light Activity,0,7593,54.1,48.1
synthetic_000051,ESP32_GREENHOUSE_01,2026-04-24T00:25:00.000Z,14,29.14,28.6,29.7,28.9,70.86,69.7,71.2,70.1,9.7,80.7,5,QUIET,61.0,61.2,0,931,29.3,30.6,12,2,0,0,29.0,71.4,5,Quiet,0,931,26.4,61.2
synthetic_000811,ESP32_GREENHOUSE_01,2026-04-24T06:45:00.000Z,15,31.21,30.8,31.7,31.2,67.13,66.8,67.2,67.3,102.3,115.8,102.2,LIGHT_ACTIVITY,48.9,48.9,2,7729,50,57.6,0,9,1,0,31.2,68.0,102.2,Light Activity,0,7729,54.0,48.9
synthetic_001432,ESP32_GREENHOUSE_01,2026-04-24T11:55:30.000Z,14,32.58,32.3,32.9,32.5,68.15,66.9,68.7,67.5,221.6,305.8,173.8,RESTLESS,40.0,41.9,11,12040,381.1,377.6,0,3,12,0,32.6,68.0,173.8,Restless,1,12040,385.2,41.9
synthetic_000149,ESP32_GREENHOUSE_01,2026-04-24T01:14:00.000Z,15,28.68,28.1,28.9,29.0,77.36,77.1,78.7,76.5,53.9,53.9,61.9,QUIET,56.5,56.2,2,213,25.5,29.7,15,0,0,0,28.7,78.1,61.9,Quiet,0,213,25.0,56.2
synthetic_000210,ESP32_GREENHOUSE_01,2026-04-24T01:44:30.000Z,15,28.33,28.0,29.0,28.1,74.54,73.8,75.2,75.4,43.2,77.5,40.2,QUIET,59.6,59.8,2,562,72.9,63.6,15,0,0,0,28.3,75.3,40.2,Quiet,0,562,75.7,59.8
synthetic_001580,ESP32_GREENHOUSE_01,2026-04-24T13:09:30.000Z,15,32.7,32.0,33.4,32.8,60.19,59.8,61.2,61.0,146.7,336.1,126.3,RESTLESS,42.9,43.7,6,16850,489.6,493.2,0,3,9,0,32.8,61.0,126.3,Restless,1,16850,486.1,43.7
synthetic_000806,ESP32_GREENHOUSE_01,2026-04-24T06:42:30.000Z,14,30.35,30.2,30.5,30.5,74.43,74.3,75.7,74.5,93.0,171.4,89.0,LIGHT_ACTIVITY,52.1,52.3,4,3518,50,55.4,3,9,1,0,30.5,73.8,89.0,Light Activity,1,3518,48.1,52.3
synthetic_000414,ESP32_GREENHOUSE_01,2026-04-24T03:26:30.000Z,15,29.4,29.1,30.0,29.3,75.94,75.8,76.1,75.9,26.4,49.7,34.0,QUIET,56.4,56.1,2,1348,64.3,67.7,12,1,0,0,29.4,75.0,34.0,Quiet,0,1348,65.0,56.1
synthetic_000653,ESP32_GREENHOUSE_01,2026-04-24T05:26:00.000Z,14,29.36,28.6,30.1,29.4,71.94,70.7,73.4,72.8,80.3,190.5,78.0,LIGHT_ACTIVITY,51.9,52.0,5,5433,62.8,58.9,2,10,0,0,29.3,72.1,78.0,Light Activity,1,5433,59.4,52.0
synthetic_000264,ESP32_GREENHOUSE_01,2026-04-24T02:11:30.000Z,15,28.85,28.1,29.1,29.0,72.65,72.1,73.1,72.4,30.4,31.8,29.6,QUIET,59.9,59.9,0,1,73.1,70.7,14,0,0,0,28.9,73.0,29.6,Quiet,0,1,72.8,59.9
synthetic_000968,ESP32_GREENHOUSE_01,2026-04-24T08:03:30.000Z,15,31.69,31.6,32.2,32.0,70.06,69.4,71.3,69.5,108.1,189.9,104.5,LIGHT_ACTIVITY,50.5,50.6,7,3027,178.9,171.7,1,9,0,0,31.8,70.3,104.5,Light Activity,1,3027,179.0,50.6
synthetic_000158,ESP32_GREENHOUSE_01,2026-04-24T01:18:30.000Z,15,29.23,28.7,29.4,29.2,74.26,72.9,74.9,74.2,29.0,36.5,29.5,QUIET,57.9,57.8,2,907,19.4,19.7,14,1,0,0,29.2,73.4,29.5,Quiet,0,907,22.3,57.8
synthetic_000855,ESP32_GREENHOUSE_01,2026-04-24T07:07:00.000Z,15,31.4,30.6,31.6,31.4,68.2,67.6,68.7,67.8,72.7,162.9,66.0,LIGHT_ACTIVITY,48.9,49.1,5,5272,139.9,135.6,0,12,0,0,31.5,67.7,66.0,Light Activity,1,5272,141.5,49.1
synthetic_002118,ESP32_GREENHOUSE_01,2026-04-24T17:38:30.000Z,15,31.01,30.7,31.2,30.9,66.85,65.6,68.1,66.0,496.9,790.9,623.2,CRYING,29.2,24.3,11,27735,462.6,453.9,0,0,1,13,31.2,66.9,623.2,CRYING,1,27735,459.5,24.3
synthetic_000388,ESP32_GREENHOUSE_01,2026-04-24T03:13:30.000Z,14,29.37,28.8,29.5,29.2,70.74,70.1,71.0,71.2,39.2,53.7,42.7,QUIET,59.3,59.1,0,1094,22.4,30.3,15,0,0,0,29.4,70.6,42.7,Quiet,0,1094,17.9,59.1
synthetic_001818,ESP32_GREENHOUSE_01,2026-04-24T15:08:30.000Z,15,31.67,31.2,32.1,31.7,65.05,64.3,65.3,64.5,616.8,689.0,729.7,CRYING,23.8,19.4,9,19072,465.3,475.0,0,0,1,12,31.6,65.9,729.7,CRYING,1,19072,465.8,19.4
synthetic_001800,ESP32_GREENHOUSE_01,2026-04-24T14:59:30.000Z,15,32.56,31.9,32.7,32.3,66.42,66.2,66.8,65.7,154.3,225.2,140.4,RESTLESS,43.7,44.2,6,14570,500,504.0,0,1,11,0,32.6,67.4,140.4,Restless,1,14570,503.9,44.2
synthetic_000534,ESP32_GREENHOUSE_01,2026-04-24T04:26:30.000Z,15,28.84,28.0,29.4,29.1,74.61,74.2,75.1,75.4,26.2,65.3,35.7,QUIET,58.8,58.5,1,18,48.3,49.6,14,0,0,0,28.7,74.2,35.7,Quiet,0,18,50.2,58.5
synthetic_001312,ESP32_GREENHOUSE_01,2026-04-24T10:55:30.000Z,15,32.24,31.7,32.4,32.0,70.35,70.0,70.5,71.1,138.6,356.7,122.8,RESTLESS,42.6,43.2,11,10568,377.6,373.3,0,3,9,1,32.2,70.8,122.8,Restless,1,10568,377.1,43.2
synthetic_001045,ESP32_GREENHOUSE_01,2026-04-24T08:42:00.000Z,14,31.83,31.7,32.4,31.9,67.96,67.7,68.2,68.2,76.1,126.5,62.7,LIGHT_ACTIVITY,52.7,53.2,2,3272,163.3,160.1,0,13,0,0,31.9,68.5,62.7,Light Activity,0,3272,162.9,53.2
synthetic_000927,ESP32_GREENHOUSE_01,2026-04-24T07:43:00.000Z,14,31.04,30.4,31.6,30.9,73.91,73.8,74.0,74.1,73.3,139.2,75.4,LIGHT_ACTIVITY,46.3,46.2,4,5429,109.6,112.9,1,13,0,0,31.0,73.5,75.4,Light Activity,1,5429,111.1,46.2
synthetic_000745,ESP32_GREENHOUSE_01,2026-04-24T06:12:00.000Z,15,30.02,29.2,30.7,29.8,72.0,71.8,73.0,72.2,78.9,157.3,73.8,LIGHT_ACTIVITY,55.1,55.3,6,2634,50,46.8,0,11,0,0,30.0,72.7,73.8,Light Activity,1,2634,46.5,55.3
synthetic_001766,ESP32_GREENHOUSE_01,2026-04-24T14:42:30.000Z,14,31.71,31.1,32.3,31.5,67.45,66.9,68.1,66.8,166.9,324.0,157.7,RESTLESS,39.8,40.1,5,19243,500,495.8,0,1,11,2,31.6,67.1,157.7,Restless,1,19243,498.0,40.1
synthetic_001483,ESP32_GREENHOUSE_01,2026-04-24T12:21:00.000Z,15,32.51,32.3,32.6,32.5,64.53,64.5,64.6,64.4,198.6,437.9,142.5,RESTLESS,38.2,40.3,5,16016,471.0,465.1,0,1,11,2,32.5,64.8,142.5,Restless,1,16016,470.4,40.3
synthetic_001493,ESP32_GREENHOUSE_01,2026-04-24T12:26:00.000Z,14,32.69,32.1,33.4,32.9,62.27,61.4,62.7,62.9,118.7,400.0,131.1,RESTLESS,42.7,42.2,8,15905,481.0,482.4,1,1,8,1,32.8,62.2,131.1,Restless,1,15905,478.7,42.2
synthetic_001920,ESP32_GREENHOUSE_01,2026-04-24T15:59:30.000Z,14,31.79,31.0,32.4,31.7,64.18,62.8,65.1,64.8,464.3,845.4,449.8,CRYING,30.0,30.5,9,19538,500,506.2,0,0,0,13,31.6,63.7,449.8,CRYING,1,19538,495.8,30.5
synthetic_001757,ESP32_GREENHOUSE_01,2026-04-24T14:38:00.000Z,15,32.23,32.0,32.5,32.1,65.74,65.1,66.2,65.9,185.3,266.1,175.5,RESTLESS,43.7,44.1,11,14175,500,509.5,0,4,10,1,32.1,65.7,175.5,Restless,1,14175,503.9,44.1
synthetic_002386,ESP32_GREENHOUSE_01,2026-04-24T19:52:30.000Z,14,29.67,29.0,30.1,29.6,67.25,66.2,67.9,66.3,413.9,736.6,486.7,CRYING,36.0,33.1,15,16468,311.1,320.6,0,0,2,12,29.5,67.9,486.7,CRYING,1,16468,313.5,33.1
synthetic_000921,ESP32_GREENHOUSE_01,2026-04-24T07:40:00.000Z,14,30.71,30.3,31.0,30.8,74.73,73.6,75.7,74.8,73.0,187.1,90.0,LIGHT_ACTIVITY,51.7,51.0,5,3440,117.3,121.5,1,12,1,0,30.6,74.4,90.0,Light Activity,1,3440,114.1,51.0
synthetic_001741,ESP32_GREENHOUSE_01,2026-04-24T14:30:00.000Z,15,32.16,31.4,32.3,32.2,65.05,64.4,65.8,65.2,160.6,392.7,192.2,RESTLESS,40.3,39.0,10,20260,489.5,482.3,1,2,9,2,32.2,65.1,192.2,Restless,1,20260,492.3,39.0
synthetic_001470,ESP32_GREENHOUSE_01,2026-04-24T12:14:30.000Z,14,33.13,33.0,33.3,33.0,66.11,66.0,66.6,67.0,133.7,222.1,151.9,RESTLESS,39.7,39.0,5,19134,446.5,442.7,1,4,8,1,33.0,65.5,151.9,Restless,1,19134,451.2,39.0
synthetic_001014,ESP32_GREENHOUSE_01,2026-04-24T08:26:30.000Z,14,31.97,31.4,32.6,32.2,70.56,69.8,71.3,70.4,80.7,191.2,75.7,LIGHT_ACTIVITY,45.5,45.7,3,6191,165.0,169.8,3,10,1,0,31.9,71.5,75.7,Light Activity,0,6191,163.2,45.7
synthetic_001190,ESP32_GREENHOUSE_01,2026-04-24T09:54:30.000Z,15,32.5,32.0,33.1,32.6,70.11,69.8,71.4,69.6,88.5,161.9,89.6,LIGHT_ACTIVITY,49.0,48.9,3,1758,324.5,325.8,1,9,2,0,32.6,69.3,89.6,Light Activity,0,1758,328.9,48.9
synthetic_000444,ESP32_GREENHOUSE_01,2026-04-24T03:41:30.000Z,14,29.19,28.9,29.4,29.4,71.11,70.6,71.9,71.1,18.5,40.2,24.6,QUIET,60.4,60.1,2,875,14.7,24.2,14,0,0,0,29.2,71.4,24.6,Quiet,0,875,11.1,60.1
synthetic_000561,ESP32_GREENHOUSE_01,2026-04-24T04:40:00.000Z,14,30.05,29.4,30.3,30.2,75.28,73.8,75.8,75.4,22.3,62.3,18.7,QUIET,55.2,55.3,1,1156,21.7,19.3,15,1,0,0,30.2,74.5,18.7,Quiet,0,1156,20.7,55.3
synthetic_002299,ESP32_GREENHOUSE_01,2026-04-24T19:09:00.000Z,14,29.66,29.5,29.8,29.4,67.37,66.0,68.2,66.6,651.0,682.2,769.5,CRYING,26.6,22.0,10,25515,253.0,257.2,0,0,2,13,29.8,68.2,769.5,CRYING,1,25515,255.7,22.0
synthetic_000281,ESP32_GREENHOUSE_01,2026-04-24T02:20:00.000Z,14,28.63,27.9,28.8,28.3,74.07,72.7,75.1,74.3,14.7,64.4,8.6,QUIET,60.2,60.5,2,1254,17.0,12.7,15,0,0,0,28.7,74.7,8.6,Quiet,0,1254,16.8,60.5
synthetic_001543,ESP32_GREENHOUSE_01,2026-04-24T12:51:00.000Z,15,32.72,32.1,33.3,32.6,67.3,66.1,68.8,68.3,223.5,349.5,211.7,RESTLESS,35.4,35.9,7,19050,418.4,408.5,0,2,10,0,32.7,66.3,211.7,Restless,1,19050,419.0,35.9
synthetic_000351,ESP32_GREENHOUSE_01,2026-04-24T02:55:00.000Z,15,28.1,27.6,28.4,28.0,74.52,73.6,75.8,74.2,22.8,27.4,16.9,QUIET,61.1,61.3,2,1173,56.7,48.7,13,2,0,0,28.2,75.2,16.9,Quiet,0,1173,52.5,61.3
synthetic_001512,ESP32_GREENHOUSE_01,2026-04-24T12:35:30.000Z,14,32.33,31.7,33.1,32.2,69.82,68.6,70.7,69.3,163.9,304.6,145.4,RESTLESS,41.7,42.4,7,9363,448.1,452.0,0,4,11,2,32.2,70.1,145.4,Restless,1,9363,446.8,42.4
synthetic_000067,ESP32_GREENHOUSE_01,2026-04-24T00:33:00.000Z,14,28.01,27.3,28.6,28.2,70.84,70.6,71.5,70.7,15.6,54.3,15.1,QUIET,63.9,64.0,2,771,53.3,56.8,13,0,0,0,27.9,70.7,15.1,Quiet,0,771,51.1,64.0
synthetic_000272,ESP32_GREENHOUSE_01,2026-04-24T02:15:30.000Z,14,28.61,28.0,29.1,28.4,74.94,74.4,76.0,74.3,43.1,75.6,37.3,QUIET,58.6,58.8,2,1196,16.9,17.9,15,1,0,0,28.7,75.6,37.3,Quiet,0,1196,12.0,58.8
synthetic_000213,ESP32_GREENHOUSE_01,2026-04-24T01:46:00.000Z,15,28.59,27.9,28.8,28.7,73.29,72.9,73.8,73.4,19.5,52.8,15.0,QUIET,60.6,60.8,0,122,16.9,23.1,13,1,0,0,28.5,73.1,15.0,Quiet,0,122,15.4,60.8
synthetic_000102,ESP32_GREENHOUSE_01,2026-04-24T00:50:30.000Z,15,28.0,27.2,28.5,27.8,73.64,73.3,73.9,73.9,39.5,40.7,46.5,QUIET,61.3,61.0,2,295,31.1,39.5,15,0,0,0,28.1,72.8,46.5,Quiet,0,295,33.3,61.0
synthetic_000753,ESP32_GREENHOUSE_01,2026-04-24T06:16:00.000Z,15,30.77,30.2,31.0,30.6,71.84,71.8,72.1,71.0,81.3,256.3,81.7,LIGHT_ACTIVITY,48.0,48.0,5,5876,50,49.8,0,10,1,0,30.9,71.9,81.7,Light Activity,1,5876,46.8,48.0
synthetic_001748,ESP32_GREENHOUSE_01,2026-04-24T14:33:30.000Z,14,31.78,31.2,32.1,31.8,65.01,64.4,66.4,64.8,155.2,338.0,151.7,RESTLESS,41.6,41.7,5,18832,495.1,498.7,1,2,12,2,32.0,64.4,151.7,Restless,1,18832,493.9,41.7
synthetic_001825,ESP32_GREENHOUSE_01,2026-04-24T15:12:00.000Z,15,32.4,31.6,33.1,32.4,65.64,64.7,66.1,66.4,629.7,799.3,602.0,CRYING,20.9,22.0,13,29402,481.1,478.8,0,0,1,12,32.6,65.5,602.0,CRYING,1,29402,482.5,22.0
synthetic_002227,ESP32_GREENHOUSE_01,2026-04-24T18:33:00.000Z,14,29.88,29.3,30.7,30.0,65.87,64.4,66.2,65.2,551.1,978.6,415.6,CRYING,30.9,36.2,11,22990,384.5,379.6,0,0,1,15,29.7,65.5,415.6,CRYING,1,22990,387.1,36.2
synthetic_000695,ESP32_GREENHOUSE_01,2026-04-24T05:47:00.000Z,15,30.3,29.7,31.0,30.3,71.02,69.6,72.2,71.7,72.8,156.7,73.8,LIGHT_ACTIVITY,50.2,50.1,5,5206,21.4,24.7,2,13,1,0,30.2,70.9,73.8,Light Activity,1,5206,23.4,50.1
synthetic_001637,ESP32_GREENHOUSE_01,2026-04-24T13:38:00.000Z,14,32.01,31.8,32.4,31.9,71.01,69.6,72.1,71.1,123.5,319.7,168.0,RESTLESS,43.4,41.7,7,12261,500,503.6,1,2,8,0,32.2,71.9,168.0,Restless,1,12261,498.1,41.7
synthetic_002105,ESP32_GREENHOUSE_01,2026-04-24T17:32:00.000Z,15,31.57,31.0,32.2,31.7,63.42,63.2,63.9,63.3,727.8,807.2,658.8,CRYING,20.8,23.5,15,24176,414.7,423.0,0,0,2,12,31.5,64.1,658.8,CRYING,1,24176,410.2,23.5
synthetic_000629,ESP32_GREENHOUSE_01,2026-04-24T05:14:00.000Z,14,29.91,29.3,30.7,29.8,73.64,73.5,74.6,73.3,89.3,123.2,87.9,LIGHT_ACTIVITY,54.0,54.0,2,4215,11.5,19.6,0,11,1,0,29.9,73.3,87.9,Light Activity,0,4215,8.3,54.0
synthetic_000446,ESP32_GREENHOUSE_01,2026-04-24T03:42:30.000Z,15,29.41,29.1,30.1,29.1,72.01,71.8,73.5,72.4,25.2,58.9,27.4,QUIET,58.9,58.8,0,603,69.5,67.0,15,0,0,0,29.2,72.9,27.4,Quiet,0,603,68.2,58.8
synthetic_000667,ESP32_GREENHOUSE_01,2026-04-24T05:33:00.000Z,15,29.53,29.1,30.3,29.6,74.46,73.6,74.6,73.5,64.3,199.1,77.6,LIGHT_ACTIVITY,55.5,55.0,7,3109,49.9,43.9,3,13,1,0,29.5,75.0,77.6,Light Activity,1,3109,48.8,55.0
synthetic_000403,ESP32_GREENHOUSE_01,2026-04-24T03:21:00.000Z,15,28.97,28.4,29.3,29.1,74.52,74.0,75.0,74.0,42.2,50.1,42.6,QUIET,57.9,57.9,2,544,36.3,33.5,15,1,0,0,28.9,74.7,42.6,Quiet,0,544,41.1,57.9
synthetic_002024,ESP32_GREENHOUSE_01,2026-04-24T16:51:30.000Z,15,31.1,30.3,31.6,30.9,63.88,62.5,64.3,64.0,693.4,944.5,683.9,CRYING,23.1,23.5,11,15437,416.8,414.9,0,0,2,12,31.0,63.9,683.9,CRYING,1,15437,418.7,23.5
synthetic_001707,ESP32_GREENHOUSE_01,2026-04-24T14:13:00.000Z,15,32.61,31.9,32.9,32.8,64.34,64.2,64.7,65.0,96.4,193.4,97.8,RESTLESS,47.3,47.2,11,8684,438.0,437.8,1,2,9,2,32.7,64.3,97.8,Restless,1,8684,436.3,47.2
synthetic_001638,ESP32_GREENHOUSE_01,2026-04-24T13:38:30.000Z,15,31.75,31.5,32.2,31.6,66.38,66.2,67.6,67.0,171.1,171.1,135.5,RESTLESS,40.2,41.6,11,20064,486.8,492.7,1,1,8,1,31.8,66.4,135.5,Restless,1,20064,491.4,41.6
synthetic_000835,ESP32_GREENHOUSE_01,2026-04-24T06:57:00.000Z,15,30.74,30.0,31.5,30.7,72.22,71.1,72.9,72.4,104.9,124.1,101.1,LIGHT_ACTIVITY,51.9,52.1,4,2740,50,44.4,3,13,0,0,30.8,71.7,101.1,Light Activity,1,2740,48.0,52.1
synthetic_001443,ESP32_GREENHOUSE_01,2026-04-24T12:01:00.000Z,15,32.21,31.7,32.4,32.2,66.6,65.6,66.7,65.6,177.6,280.5,206.4,RESTLESS,43.5,42.4,10,13505,453.9,444.1,0,1,12,0,32.1,67.5,206.4,Restless,1,13505,454.9,42.4
synthetic_001535,ESP32_GREENHOUSE_01,2026-04-24T12:47:00.000Z,15,31.77,31.7,31.9,32.0,66.77,65.3,67.8,66.6,154.6,289.9,173.4,RESTLESS,45.5,44.8,9,10621,451.0,452.5,1,1,10,0,31.6,66.0,173.4,Restless,1,10621,454.5,44.8
synthetic_000424,ESP32_GREENHOUSE_01,2026-04-24T03:31:30.000Z,15,29.02,28.2,29.6,29.2,68.69,67.9,69.0,67.8,32.2,55.0,27.7,QUIET,61.8,62.0,2,1400,67.6,74.4,12,2,0,0,29.0,69.6,27.7,Quiet,0,1400,66.8,62.0
synthetic_000798,ESP32_GREENHOUSE_01,2026-04-24T06:38:30.000Z,15,30.02,29.5,30.8,30.3,73.67,73.0,74.6,73.2,103.0,212.9,98.2,LIGHT_ACTIVITY,48.1,48.3,5,6084,50,51.8,1,12,2,0,29.9,72.9,98.2,Light Activity,1,6084,54.0,48.3
synthetic_000581,ESP32_GREENHOUSE_01,2026-04-24T04:50:00.000Z,15,29.26,29.0,29.9,29.0,74.66,74.5,75.3,74.5,20.3,76.6,25.7,QUIET,57.9,57.7,1,741,42.8,42.5,14,0,0,0,29.1,74.7,25.7,Quiet,0,741,46.9,57.7
synthetic_001894,ESP32_GREENHOUSE_01,2026-04-24T15:46:30.000Z,14,31.89,31.4,32.5,31.8,65.35,64.0,66.6,66.0,548.4,888.3,617.9,CRYING,25.7,23.0,9,15751,460.4,452.3,0,0,2,15,32.0,64.9,617.9,CRYING,1,15751,461.8,23.0
synthetic_000002,ESP32_GREENHOUSE_01,2026-04-24T00:00:30.000Z,14,28.21,27.9,28.6,28.1,73.44,73.4,74.1,72.7,13.0,55.4,9.5,QUIET,61.9,62.0,1,209,25.1,33.5,12,1,0,0,28.0,73.0,9.5,Quiet,0,209,26.4,62.0
synthetic_002175,ESP32_GREENHOUSE_01,2026-04-24T18:07:00.000Z,14,30.29,29.6,30.6,30.4,66.5,65.4,66.8,66.9,367.6,1012.8,304.4,CRYING,36.5,39.0,14,19501,337.2,346.7,0,0,1,14,30.2,65.7,304.4,CRYING,1,19501,336.4,39.0
synthetic_001865,ESP32_GREENHOUSE_01,2026-04-24T15:32:00.000Z,14,31.76,31.5,32.4,31.7,64.73,64.1,64.9,64.8,544.1,683.1,495.0,CRYING,26.6,28.5,14,24681,500,498.3,0,0,2,12,31.9,65.4,495.0,CRYING,1,24681,500.4,28.5
synthetic_000184,ESP32_GREENHOUSE_01,2026-04-24T01:31:30.000Z,14,28.55,28.3,28.8,28.6,71.63,71.1,72.3,71.7,13.2,44.2,19.1,QUIET,62.0,61.8,0,602,60.7,53.3,15,0,0,0,28.6,71.1,19.1,Quiet,0,602,59.0,61.8
synthetic_001419,ESP32_GREENHOUSE_01,2026-04-24T11:49:00.000Z,15,31.88,31.1,32.4,32.1,71.39,70.3,72.1,70.5,73.9,320.0,87.8,RESTLESS,40.5,39.9,10,19639,386.3,387.5,0,2,11,2,32.0,71.7,87.8,Restless,1,19639,384.7,39.9
synthetic_001108,ESP32_GREENHOUSE_01,2026-04-24T09:13:30.000Z,14,31.61,31.5,32.4,31.4,68.74,68.2,69.9,67.8,84.2,192.2,78.0,LIGHT_ACTIVITY,52.5,52.7,6,3336,250.5,248.5,1,11,0,0,31.7,68.9,78.0,Light Activity,1,3336,248.2,52.7
synthetic_001097,ESP32_GREENHOUSE_01,2026-04-24T09:08:00.000Z,15,32.09,31.9,32.4,32.1,68.7,68.5,68.8,69.4,94.1,151.7,93.3,LIGHT_ACTIVITY,50.8,50.8,5,4849,294.6,293.1,3,9,0,0,32.0,69.4,93.3,Light Activity,1,4849,294.8,50.8
synthetic_001219,ESP32_GREENHOUSE_01,2026-04-24T10:09:00.000Z,14,32.32,32.2,32.6,32.6,68.83,67.5,69.1,69.6,158.5,360.0,204.1,RESTLESS,37.5,35.8,7,15197,355.2,359.4,1,3,8,2,32.3,68.9,204.1,Restless,1,15197,357.8,35.8
synthetic_001783,ESP32_GREENHOUSE_01,2026-04-24T14:51:00.000Z,15,32.25,32.1,32.6,32.1,62.37,62.3,63.4,62.7,203.9,363.3,228.2,RESTLESS,40.0,39.0,9,18604,489.1,483.3,0,1,11,0,32.3,61.6,228.2,Restless,1,18604,491.9,39.0
synthetic_000056,ESP32_GREENHOUSE_01,2026-04-24T00:27:30.000Z,14,28.61,28.4,29.0,28.8,71.76,71.2,72.6,71.0,19.7,66.7,17.4,QUIET,61.5,61.6,1,720,30.1,25.7,12,2,0,0,28.5,71.6,17.4,Quiet,0,720,30.7,61.6
synthetic_002249,ESP32_GREENHOUSE_01,2026-04-24T18:44:00.000Z,15,30.59,30.4,30.9,30.8,66.31,65.4,67.1,66.3,525.3,877.2,549.6,CRYING,29.6,28.7,11,26581,360.9,364.9,0,0,1,12,30.6,67.3,549.6,CRYING,1,26581,357.0,28.7
synthetic_002347,ESP32_GREENHOUSE_01,2026-04-24T19:33:00.000Z,15,29.43,29.0,29.8,29.6,66.63,66.5,66.8,65.6,651.4,1023,691.2,CRYING,27.7,26.2,14,18307,259.6,253.0,0,0,2,13,29.5,66.1,691.2,CRYING,1,18307,261.0,26.2
synthetic_000410,ESP32_GREENHOUSE_01,2026-04-24T03:24:30.000Z,15,29.43,28.9,29.7,29.3,73.35,71.9,73.4,74.0,34.8,68.1,25.7,QUIET,57.6,58.0,2,252,45.2,38.3,14,2,0,0,29.5,74.0,25.7,Quiet,0,252,49.5,58.0
synthetic_002048,ESP32_GREENHOUSE_01,2026-04-24T17:03:30.000Z,15,31.45,31.2,31.7,31.2,64.7,63.8,65.2,63.9,314.2,512.3,296.3,CRYING,36.5,37.2,12,21092,430.4,421.7,0,0,0,14,31.3,64.5,296.3,CRYING,1,21092,426.6,37.2
synthetic_000316,ESP32_GREENHOUSE_01,2026-04-24T02:37:30.000Z,15,28.95,28.7,29.3,29.0,76.53,75.9,77.7,75.9,32.6,59.3,26.1,QUIET,57.1,57.3,1,1033,55.6,46.0,14,1,0,0,29.0,77.3,26.1,Quiet,0,1033,56.4,57.3
synthetic_000859,ESP32_GREENHOUSE_01,2026-04-24T07:09:00.000Z,15,30.61,30.2,31.3,30.6,77.5,76.4,78.6,78.5,84.6,132.4,80.1,LIGHT_ACTIVITY,49.8,50.0,4,4529,112.2,116.6,3,12,2,0,30.8,78.3,80.1,Light Activity,1,4529,110.6,50.0
synthetic_001780,ESP32_GREENHOUSE_01,2026-04-24T14:49:30.000Z,14,32.23,31.5,33.0,32.4,62.28,61.4,62.7,62.3,234.4,292.2,200.4,RESTLESS,38.9,40.2,9,19934,468.9,475.5,1,3,8,2,32.1,62.5,200.4,Restless,1,19934,472.0,40.2
synthetic_001456,ESP32_GREENHOUSE_01,2026-04-24T12:07:30.000Z,15,32.6,31.9,33.0,32.8,69.85,69.6,71.2,68.9,152.2,208.2,151.0,RESTLESS,36.6,36.7,12,16388,422.8,415.8,0,3,9,2,32.8,69.7,151.0,Restless,1,16388,423.1,36.7
synthetic_002092,ESP32_GREENHOUSE_01,2026-04-24T17:25:30.000Z,14,31.0,30.7,31.7,30.8,67.83,67.2,68.7,68.7,352.5,695.7,234.0,CRYING,34.3,38.9,11,21767,391.5,383.4,0,0,1,14,30.8,67.8,234.0,CRYING,1,21767,390.9,38.9
synthetic_001858,ESP32_GREENHOUSE_01,2026-04-24T15:28:30.000Z,15,32.01,31.4,32.2,31.8,64.56,63.7,65.8,63.8,434.2,623.3,404.3,CRYING,30.3,31.5,12,29414,455.8,446.9,0,0,0,13,32.2,63.6,404.3,CRYING,1,29414,451.6,31.5
synthetic_001756,ESP32_GREENHOUSE_01,2026-04-24T14:37:30.000Z,15,32.03,31.5,32.6,31.9,67.85,67.8,67.9,68.7,317.4,317.4,354.1,RESTLESS,37.7,36.3,12,13178,500,501.1,1,3,10,0,32.1,67.7,354.1,Restless,1,13178,500.9,36.3
synthetic_001378,ESP32_GREENHOUSE_01,2026-04-24T11:28:30.000Z,14,32.59,32.2,33.3,32.8,67.63,66.7,68.4,67.9,181.9,273.6,181.2,RESTLESS,36.9,36.9,5,21249,440.5,439.6,1,3,9,2,32.8,67.7,181.2,Restless,1,21249,444.9,36.9
synthetic_002041,ESP32_GREENHOUSE_01,2026-04-24T17:00:00.000Z,15,31.24,30.7,32.0,31.4,63.01,62.2,64.0,62.7,499.6,796.9,639.2,CRYING,30.9,25.4,14,20678,433.9,439.9,0,0,2,12,31.1,63.8,639.2,CRYING,1,20678,431.8,25.4
synthetic_000025,ESP32_GREENHOUSE_01,2026-04-24T00:12:00.000Z,14,28.0,27.7,28.4,27.9,72.84,71.8,74.0,73.3,14.7,45.7,21.1,QUIET,62.8,62.5,1,858,34.6,41.4,13,1,0,0,28.2,73.8,21.1,Quiet,0,858,34.9,62.5
synthetic_001239,ESP32_GREENHOUSE_01,2026-04-24T10:19:00.000Z,14,32.15,31.9,32.9,32.0,72.28,72.3,73.5,73.0,258.1,306.7,259.8,RESTLESS,37.0,36.9,11,8261,325.2,332.9,1,1,10,2,32.1,73.2,259.8,Restless,1,8261,324.2,36.9
synthetic_002393,ESP32_GREENHOUSE_01,2026-04-24T19:56:00.000Z,15,29.08,28.3,29.4,29.3,68.18,67.8,69.2,67.8,575.9,658.0,605.9,CRYING,30.7,29.5,10,28626,265.7,263.5,0,0,1,14,29.1,67.9,605.9,CRYING,1,28626,268.4,29.5
synthetic_000421,ESP32_GREENHOUSE_01,2026-04-24T03:30:00.000Z,14,28.55,28.3,29.1,28.7,76.61,75.6,76.8,76.7,36.4,43.6,26.4,QUIET,58.0,58.4,1,1388,37.3,32.6,15,1,0,0,28.7,76.9,26.4,Quiet,0,1388,36.0,58.4
synthetic_000672,ESP32_GREENHOUSE_01,2026-04-24T05:35:30.000Z,15,30.71,30.4,31.2,30.8,69.4,69.1,70.3,70.0,72.8,134.1,72.2,LIGHT_ACTIVITY,55.0,55.1,4,4009,49.6,55.6,1,11,2,0,30.8,68.8,72.2,Light Activity,1,4009,51.5,55.1
synthetic_001174,ESP32_GREENHOUSE_01,2026-04-24T09:46:30.000Z,15,31.81,31.7,32.3,31.9,67.93,67.6,69.1,68.2,92.5,141.8,107.0,LIGHT_ACTIVITY,47.1,46.5,2,6931,275.3,280.7,3,12,1,0,31.9,67.4,107.0,Light Activity,0,6931,278.6,46.5
synthetic_001231,ESP32_GREENHOUSE_01,2026-04-24T10:15:00.000Z,15,31.95,31.6,32.5,32.0,68.88,67.7,69.7,69.3,189.7,258.9,243.3,RESTLESS,37.3,35.2,7,19366,325.4,328.9,0,4,12,2,32.1,69.7,243.3,Restless,1,19366,330.1,35.2
synthetic_002093,ESP32_GREENHOUSE_01,2026-04-24T17:26:00.000Z,15,31.0,30.3,31.3,31.3,64.92,63.6,66.3,65.2,311.5,1023,438.7,CRYING,37.7,32.7,13,25513,470.9,461.9,0,0,0,12,31.0,65.6,438.7,CRYING,1,25513,469.8,32.7
synthetic_000764,ESP32_GREENHOUSE_01,2026-04-24T06:21:30.000Z,14,30.53,29.8,31.3,30.7,69.19,69.1,70.4,70.0,103.8,148.0,110.6,LIGHT_ACTIVITY,54.5,54.2,4,3336,50,52.0,0,10,1,0,30.4,68.6,110.6,Light Activity,1,3336,53.3,54.2
synthetic_000309,ESP32_GREENHOUSE_01,2026-04-24T02:34:00.000Z,15,29.2,28.9,29.8,29.2,71.28,70.9,72.5,71.6,52.6,52.6,67.6,QUIET,58.9,58.3,0,476,79.3,77.3,15,2,0,0,29.2,71.5,67.6,Quiet,0,476,78.3,58.3
synthetic_000774,ESP32_GREENHOUSE_01,2026-04-24T06:26:30.000Z,14,30.29,29.7,30.9,30.4,74.15,73.3,75.1,73.6,105.0,140.3,124.1,LIGHT_ACTIVITY,52.0,51.2,3,2771,50,51.0,1,12,0,0,30.2,73.5,124.1,Light Activity,0,2771,51.5,51.2
synthetic_000425,ESP32_GREENHOUSE_01,2026-04-24T03:32:00.000Z,15,29.66,29.4,29.8,29.7,72.63,72.0,74.0,73.5,21.0,63.0,31.1,QUIET,58.0,57.6,0,594,63.6,72.8,14,1,0,0,29.7,73.4,31.1,Quiet,0,594,68.0,57.6
synthetic_000077,ESP32_GREENHOUSE_01,2026-04-24T00:38:00.000Z,14,28.85,28.6,29.1,28.8,71.73,70.2,72.2,72.6,17.0,48.4,10.0,QUIET,61.0,61.2,1,1060,61.5,61.3,15,2,0,0,28.7,72.4,10.0,Quiet,0,1060,61.0,61.2
synthetic_000602,ESP32_GREENHOUSE_01,2026-04-24T05:00:30.000Z,15,29.84,29.1,30.3,29.9,70.5,69.1,71.7,70.8,88.5,162.8,98.7,LIGHT_ACTIVITY,51.2,50.8,7,7597,67.1,72.7,0,11,2,0,29.9,69.6,98.7,Light Activity,1,7597,67.8,50.8
synthetic_001114,ESP32_GREENHOUSE_01,2026-04-24T09:16:30.000Z,15,31.93,31.6,32.7,32.0,66.77,66.2,67.9,67.8,72.6,165.3,66.1,LIGHT_ACTIVITY,48.3,48.5,3,6039,295.5,288.9,0,9,2,0,32.0,66.0,66.1,Light Activity,0,6039,293.3,48.5
synthetic_000349,ESP32_GREENHOUSE_01,2026-04-24T02:54:00.000Z,14,28.32,27.9,28.8,28.1,72.93,72.2,73.4,72.6,19.1,39.8,27.1,QUIET,61.6,61.3,0,1100,31.1,33.8,14,1,0,0,28.1,73.7,27.1,Quiet,0,1100,31.5,61.3
synthetic_001735,ESP32_GREENHOUSE_01,2026-04-24T14:27:00.000Z,14,32.41,31.8,32.6,32.4,66.98,65.7,68.1,67.9,181.4,366.3,183.8,RESTLESS,37.5,37.5,8,18179,470.6,477.7,0,1,9,0,32.5,67.8,183.8,Restless,1,18179,469.8,37.5
synthetic_000254,ESP32_GREENHOUSE_01,2026-04-24T02:06:30.000Z,14,28.93,28.6,29.3,29.0,76.04,75.8,76.9,75.4,22.6,49.1,29.4,QUIET,57.8,57.6,1,135,66.0,58.3,13,1,0,0,29.0,75.7,29.4,Quiet,0,135,69.6,57.6
synthetic_000188,ESP32_GREENHOUSE_01,2026-04-24T01:33:30.000Z,14,28.4,28.3,29.0,28.1,73.61,73.5,73.9,73.1,26.2,58.5,14.3,QUIET,60.7,61.2,2,891,47.6,39.0,12,2,0,0,28.5,74.4,14.3,Quiet,0,891,46.7,61.2
synthetic_001772,ESP32_GREENHOUSE_01,2026-04-24T14:45:30.000Z,14,32.63,32.0,32.8,32.4,64.69,64.0,66.1,65.2,152.5,303.9,136.9,RESTLESS,44.9,45.5,7,8761,447.5,449.1,0,2,10,0,32.5,64.4,136.9,Restless,1,8761,447.7,45.5
synthetic_001267,ESP32_GREENHOUSE_01,2026-04-24T10:33:00.000Z,14,31.95,31.2,32.2,31.9,67.46,67.2,68.4,66.5,191.0,377.3,208.4,RESTLESS,38.2,37.5,5,19998,416.9,415.3,0,4,11,1,31.9,68.1,208.4,Restless,1,19998,418.3,37.5
synthetic_001949,ESP32_GREENHOUSE_01,2026-04-24T16:14:00.000Z,15,32.25,31.6,32.5,32.0,63.83,63.2,64.1,63.1,452.8,954.6,363.3,CRYING,29.4,32.9,14,28348,393.7,396.4,0,0,1,15,32.3,64.7,363.3,CRYING,1,28348,398.6,32.9
synthetic_001910,ESP32_GREENHOUSE_01,2026-04-24T15:54:30.000Z,15,31.75,31.4,32.3,31.9,65.03,64.6,66.0,64.5,546.4,876.3,578.1,CRYING,26.3,25.1,15,17195,500,502.2,0,0,2,12,31.9,65.6,578.1,CRYING,1,17195,500.9,25.1
synthetic_001235,ESP32_GREENHOUSE_01,2026-04-24T10:17:00.000Z,14,32.88,32.4,33.0,32.8,66.31,65.4,67.7,65.8,128.9,355.5,115.5,RESTLESS,44.8,45.3,11,11889,381.3,374.4,1,3,10,0,32.8,66.7,115.5,Restless,1,11889,385.6,45.3
synthetic_000418,ESP32_GREENHOUSE_01,2026-04-24T03:28:30.000Z,14,29.26,28.6,29.7,29.3,72.14,71.7,73.1,71.5,25.9,61.5,26.7,QUIET,59.2,59.2,2,442,19.4,18.5,14,1,0,0,29.4,72.5,26.7,Quiet,0,442,23.8,59.2
synthetic_002141,ESP32_GREENHOUSE_01,2026-04-24T17:50:00.000Z,15,30.96,30.7,31.4,30.7,64.56,63.4,65.3,64.8,487.2,950.5,555.3,CRYING,31.2,28.5,13,17302,399.7,393.1,0,0,0,12,31.0,64.9,555.3,CRYING,1,17302,394.9,28.5
synthetic_001324,ESP32_GREENHOUSE_01,2026-04-24T11:01:30.000Z,14,32.72,32.3,33.3,32.9,65.8,64.7,66.3,66.6,138.5,274.3,141.0,RESTLESS,39.7,39.6,11,19490,394.0,401.5,1,3,9,0,32.8,65.4,141.0,Restless,1,19490,395.9,39.6
synthetic_001571,ESP32_GREENHOUSE_01,2026-04-24T13:05:00.000Z,15,31.8,31.1,32.0,31.9,62.46,62.1,63.8,63.3,192.5,284.0,186.5,RESTLESS,41.6,41.9,7,15199,493.1,492.6,0,2,9,0,31.6,62.3,186.5,Restless,1,15199,496.3,41.9
synthetic_000724,ESP32_GREENHOUSE_01,2026-04-24T06:01:30.000Z,14,31.24,30.9,31.7,31.1,71.59,71.1,71.8,70.9,89.7,151.0,96.5,LIGHT_ACTIVITY,46.5,46.3,2,5664,50,48.6,0,10,2,0,31.4,71.0,96.5,Light Activity,0,5664,53.0,46.3
synthetic_000495,ESP32_GREENHOUSE_01,2026-04-24T04:07:00.000Z,14,29.42,29.1,30.1,29.4,77.75,77.2,78.8,77.5,15.0,34.9,13.7,QUIET,55.7,55.7,2,938,42.8,34.1,14,0,0,0,29.5,77.5,13.7,Quiet,0,938,45.0,55.7
synthetic_002200,ESP32_GREENHOUSE_01,2026-04-24T18:19:30.000Z,15,30.51,30.0,30.8,30.6,69.32,69.3,69.7,69.1,528.1,784.8,691.1,CRYING,27.8,21.5,13,26117,348.3,354.3,0,0,1,14,30.6,69.4,691.1,CRYING,1,26117,353.0,21.5
synthetic_000303,ESP32_GREENHOUSE_01,2026-04-24T02:31:00.000Z,14,28.27,27.6,29.0,28.3,71.66,71.2,72.2,72.3,36.0,78.7,27.4,QUIET,61.9,62.2,0,854,48.6,56.4,15,0,0,0,28.3,72.2,27.4,Quiet,0,854,47.0,62.2
synthetic_002107,ESP32_GREENHOUSE_01,2026-04-24T17:33:00.000Z,15,32.35,31.7,32.5,32.3,64.73,64.4,65.7,64.6,574.6,1023,638.0,CRYING,23.7,21.3,12,22729,423.6,427.8,0,0,1,12,32.4,64.7,638.0,CRYING,1,22729,426.3,21.3
synthetic_000486,ESP32_GREENHOUSE_01,2026-04-24T04:02:30.000Z,14,29.14,28.6,29.7,29.3,70.11,69.9,71.3,70.2,23.3,45.7,22.5,QUIET,60.9,61.0,1,565,37.4,43.3,14,0,0,0,29.1,69.3,22.5,Quiet,0,565,32.5,61.0
synthetic_000093,ESP32_GREENHOUSE_01,2026-04-24T00:46:00.000Z,15,28.28,27.6,28.5,28.3,72.78,72.4,74.0,72.4,5,55.8,18.3,QUIET,62.4,61.9,0,686,49.8,54.4,14,1,0,0,28.3,73.2,18.3,Quiet,0,686,44.9,61.9
synthetic_001495,ESP32_GREENHOUSE_01,2026-04-24T12:27:00.000Z,14,32.69,32.2,33.4,32.9,64.09,64.0,64.5,63.8,213.9,395.8,221.7,RESTLESS,42.8,42.5,6,12637,465.0,466.1,1,1,9,1,32.8,63.8,221.7,Restless,1,12637,466.2,42.5
synthetic_001842,ESP32_GREENHOUSE_01,2026-04-24T15:20:30.000Z,14,31.85,31.3,32.5,32.1,62.83,61.6,63.3,63.2,423.7,904.6,409.8,CRYING,32.2,32.8,14,26163,451.1,442.0,0,0,1,14,32.0,63.0,409.8,CRYING,1,26163,450.1,32.8
synthetic_001326,ESP32_GREENHOUSE_01,2026-04-24T11:02:30.000Z,15,32.83,32.3,33.1,32.6,69.85,68.5,70.2,70.0,173.8,233.1,156.7,RESTLESS,35.8,36.5,8,21690,353.9,359.7,0,4,11,2,33.0,69.8,156.7,Restless,1,21690,355.0,36.5
synthetic_001310,ESP32_GREENHOUSE_01,2026-04-24T10:54:30.000Z,14,31.9,31.4,32.3,32.0,69.33,69.0,70.1,68.6,200.0,354.5,209.0,RESTLESS,41.8,41.4,10,12846,355.1,352.7,0,1,12,2,31.9,68.4,209.0,Restless,1,12846,358.1,41.4
synthetic_000196,ESP32_GREENHOUSE_01,2026-04-24T01:37:30.000Z,14,28.83,28.7,29.4,28.6,72.89,71.4,73.8,72.4,27.8,65.6,30.0,QUIET,59.9,59.8,1,794,73.5,78.3,15,1,0,0,28.9,73.0,30.0,Quiet,0,794,72.3,59.8
synthetic_002031,ESP32_GREENHOUSE_01,2026-04-24T16:55:00.000Z,14,31.41,30.7,31.9,31.5,64.34,62.9,64.8,63.8,670.5,945.4,640.0,CRYING,22.9,24.1,15,29161,441.4,442.6,0,0,0,12,31.6,63.4,640.0,CRYING,1,29161,437.4,24.1
synthetic_000321,ESP32_GREENHOUSE_01,2026-04-24T02:40:00.000Z,14,29.2,28.4,29.9,29.5,75.02,74.5,76.1,75.7,29.8,64.4,19.8,QUIET,57.4,57.8,0,648,59.0,49.4,15,1,0,0,29.4,75.2,19.8,Quiet,0,648,62.4,57.8
synthetic_001359,ESP32_GREENHOUSE_01,2026-04-24T11:19:00.000Z,15,32.83,32.7,33.6,32.7,66.02,65.5,66.0,66.0,149.3,267.8,142.2,RESTLESS,44.1,44.4,5,12205,394.4,399.8,1,3,10,1,32.9,66.4,142.2,Restless,1,12205,398.6,44.4
synthetic_001698,ESP32_GREENHOUSE_01,2026-04-24T14:08:30.000Z,14,32.61,31.9,33.0,32.4,63.29,62.5,63.6,62.7,190.9,312.1,240.7,RESTLESS,44.2,42.3,10,8392,453.5,447.5,0,2,8,1,32.5,63.8,240.7,Restless,1,8392,451.0,42.3
synthetic_001549,ESP32_GREENHOUSE_01,2026-04-24T12:54:00.000Z,14,33.42,32.8,33.7,33.7,67.16,66.1,68.2,68.0,201.3,221.0,169.0,RESTLESS,41.4,42.7,5,8438,433.0,425.6,0,1,12,0,33.4,66.8,169.0,Restless,1,8438,435.1,42.7
synthetic_000974,ESP32_GREENHOUSE_01,2026-04-24T08:06:30.000Z,15,31.0,30.9,31.5,30.8,71.99,71.1,73.5,72.9,105.6,158.3,106.4,LIGHT_ACTIVITY,46.3,46.3,7,5367,172.3,176.2,0,12,1,0,31.2,72.9,106.4,Light Activity,1,5367,168.2,46.3
synthetic_002174,ESP32_GREENHOUSE_01,2026-04-24T18:06:30.000Z,14,31.04,30.3,31.5,31.2,67.65,67.0,69.0,67.4,610.0,881.1,477.2,CRYING,24.2,29.4,11,22088,313.7,316.1,0,0,2,14,31.1,66.8,477.2,CRYING,1,22088,318.3,29.4
synthetic_000108,ESP32_GREENHOUSE_01,2026-04-24T00:53:30.000Z,15,28.0,27.6,28.5,27.7,70.58,70.6,70.8,70.6,27.5,46.4,31.9,QUIET,63.7,63.5,2,165,25.8,24.5,12,0,0,0,28.1,70.7,31.9,Quiet,0,165,29.4,63.5
synthetic_001093,ESP32_GREENHOUSE_01,2026-04-24T09:06:00.000Z,14,31.3,31.0,31.9,31.3,68.56,67.8,69.4,68.2,97.3,149.1,95.9,LIGHT_ACTIVITY,53.0,53.0,6,3121,302.3,293.6,1,11,0,0,31.4,67.6,95.9,Light Activity,1,3121,297.4,53.0
synthetic_001063,ESP32_GREENHOUSE_01,2026-04-24T08:51:00.000Z,15,31.28,30.8,31.6,31.2,72.89,71.8,73.8,73.0,76.4,162.8,61.9,LIGHT_ACTIVITY,46.1,46.7,5,7214,206.3,213.7,0,10,2,0,31.2,71.9,61.9,Light Activity,1,7214,208.1,46.7
synthetic_002220,ESP32_GREENHOUSE_01,2026-04-24T18:29:30.000Z,14,30.4,29.8,31.1,30.2,66.12,65.7,66.3,66.6,413.1,732.2,419.3,CRYING,34.7,34.4,13,25193,369.6,369.6,0,0,2,12,30.5,66.2,419.3,CRYING,1,25193,372.4,34.4
synthetic_000154,ESP32_GREENHOUSE_01,2026-04-24T01:16:30.000Z,14,28.48,27.8,29.2,28.4,72.32,71.5,73.6,72.3,26.4,73.6,30.2,QUIET,61.3,61.1,2,847,34.1,41.7,13,2,0,0,28.5,71.5,30.2,Quiet,0,847,38.1,61.1
synthetic_002381,ESP32_GREENHOUSE_01,2026-04-24T19:50:00.000Z,14,29.31,28.7,29.8,29.6,69.66,68.2,70.9,69.2,398.6,714.9,539.7,CRYING,36.1,30.5,12,27487,306.1,297.3,0,0,0,15,29.4,70.2,539.7,CRYING,1,27487,310.9,30.5
synthetic_000685,ESP32_GREENHOUSE_01,2026-04-24T05:42:00.000Z,14,29.55,28.8,29.8,29.5,70.73,69.7,71.3,70.1,92.8,210.6,92.8,LIGHT_ACTIVITY,56.7,56.7,4,4746,19.8,12.4,1,10,0,0,29.7,70.2,92.8,Light Activity,1,4746,16.3,56.7
synthetic_001714,ESP32_GREENHOUSE_01,2026-04-24T14:16:30.000Z,15,31.89,31.3,32.6,31.8,64.36,63.1,64.8,63.9,89.5,307.3,89.4,RESTLESS,49.2,49.2,9,12237,500,504.7,1,2,10,0,31.8,65.2,89.4,Restless,1,12237,499.6,49.2
synthetic_000623,ESP32_GREENHOUSE_01,2026-04-24T05:11:00.000Z,15,30.54,30.1,30.7,30.8,70.45,70.4,71.5,70.3,102.6,148.3,104.3,LIGHT_ACTIVITY,53.7,53.6,5,2068,11.8,12.5,1,13,2,0,30.6,69.8,104.3,Light Activity,1,2068,16.1,53.6
synthetic_000529,ESP32_GREENHOUSE_01,2026-04-24T04:24:00.000Z,15,29.59,29.4,30.2,29.5,76.01,75.9,76.1,76.5,10.3,54.8,15.0,QUIET,56.5,56.3,0,557,58.2,63.4,12,1,0,0,29.6,75.0,15.0,Quiet,0,557,61.5,56.3
synthetic_001518,ESP32_GREENHOUSE_01,2026-04-24T12:38:30.000Z,15,31.95,31.3,32.7,32.2,68.86,68.8,69.3,68.2,112.0,210.0,142.9,RESTLESS,40.4,39.2,8,21777,458.4,448.6,1,4,8,2,32.0,69.2,142.9,Restless,1,21777,457.7,39.2
synthetic_001437,ESP32_GREENHOUSE_01,2026-04-24T11:58:00.000Z,14,32.28,31.7,32.7,32.2,70.4,68.9,71.2,70.3,169.1,373.5,151.0,RESTLESS,36.3,37.0,8,16840,388.4,394.4,1,1,10,0,32.2,70.3,151.0,Restless,1,16840,384.3,37.0
synthetic_000488,ESP32_GREENHOUSE_01,2026-04-24T04:03:30.000Z,14,28.49,28.1,29.2,28.4,74.8,74.8,76.2,74.3,40.4,70.2,33.1,QUIET,59.1,59.4,0,1460,49.3,52.9,14,0,0,0,28.4,74.6,33.1,Quiet,0,1460,53.3,59.4
synthetic_000047,ESP32_GREENHOUSE_01,2026-04-24T00:23:00.000Z,14,28.3,28.1,28.6,28.4,74.85,74.6,75.0,74.9,28.6,34.5,27.2,QUIET,60.1,60.2,1,68,12.8,22.2,14,2,0,0,28.3,75.7,27.2,Quiet,0,68,16.1,60.2
synthetic_002028,ESP32_GREENHOUSE_01,2026-04-24T16:53:30.000Z,15,31.19,30.8,31.6,31.0,63.96,62.9,64.2,64.1,613.7,930.1,547.2,CRYING,25.9,28.5,14,24711,500,496.6,0,0,0,12,31.2,63.0,547.2,CRYING,1,24711,501.3,28.5
synthetic_001181,ESP32_GREENHOUSE_01,2026-04-24T09:50:00.000Z,15,31.25,30.8,31.7,31.4,70.19,69.5,70.4,70.4,55.0,171.8,52.5,LIGHT_ACTIVITY,53.7,53.8,4,2331,227.0,235.7,1,12,0,0,31.2,69.7,52.5,Light Activity,1,2331,228.0,53.8
synthetic_001684,ESP32_GREENHOUSE_01,2026-04-24T14:01:30.000Z,15,32.49,32.3,33.1,32.4,65.3,64.6,66.4,65.0,84.4,334.0,68.6,RESTLESS,47.2,47.8,11,12617,492.5,496.9,1,4,10,2,32.7,64.9,68.6,Restless,1,12617,495.6,47.8
synthetic_000822,ESP32_GREENHOUSE_01,2026-04-24T06:50:30.000Z,14,30.18,29.7,30.8,30.4,74.0,73.6,75.2,74.5,84.5,187.8,86.4,LIGHT_ACTIVITY,53.2,53.1,6,3870,50,51.0,2,10,2,0,30.0,73.6,86.4,Light Activity,1,3870,49.1,53.1
synthetic_002068,ESP32_GREENHOUSE_01,2026-04-24T17:13:30.000Z,14,31.29,30.8,31.9,31.1,65.76,64.4,66.2,66.2,439.1,1023,471.5,CRYING,31.4,30.1,10,17631,431.0,425.3,0,0,2,13,31.3,64.8,471.5,CRYING,1,17631,427.4,30.1
synthetic_000924,ESP32_GREENHOUSE_01,2026-04-24T07:41:30.000Z,14,31.22,30.8,31.3,31.2,74.12,73.3,74.4,74.9,79.0,155.4,82.9,LIGHT_ACTIVITY,50.4,50.3,7,3146,123.9,115.3,1,13,2,0,31.3,74.1,82.9,Light Activity,1,3146,123.7,50.3
synthetic_002263,ESP32_GREENHOUSE_01,2026-04-24T18:51:00.000Z,14,30.78,30.2,31.5,30.6,67.23,66.7,68.1,66.6,631.0,887.3,446.5,CRYING,24.4,31.6,9,16887,368.7,360.2,0,0,0,14,30.7,67.2,446.5,CRYING,1,16887,370.9,31.6
synthetic_000996,ESP32_GREENHOUSE_01,2026-04-24T08:17:30.000Z,14,31.05,30.6,31.7,30.8,69.44,68.6,69.7,69.9,80.7,162.9,87.3,LIGHT_ACTIVITY,48.8,48.5,3,7244,208.9,209.6,0,13,1,0,31.0,70.2,87.3,Light Activity,0,7244,206.6,48.5
synthetic_000805,ESP32_GREENHOUSE_01,2026-04-24T06:42:00.000Z,15,29.81,29.5,30.3,29.9,70.63,69.6,71.9,70.3,67.1,113.2,53.9,LIGHT_ACTIVITY,52.0,52.5,6,6557,50,51.8,1,13,1,0,30.0,71.2,53.9,Light Activity,1,6557,45.5,52.5
synthetic_000275,ESP32_GREENHOUSE_01,2026-04-24T02:17:00.000Z,14,28.62,28.5,29.1,28.5,71.51,70.8,72.9,70.8,31.0,66.4,29.2,QUIET,61.2,61.3,0,904,53.0,55.8,14,0,0,0,28.8,71.8,29.2,Quiet,0,904,50.7,61.3
synthetic_000008,ESP32_GREENHOUSE_01,2026-04-24T00:03:30.000Z,14,28.91,28.3,29.3,29.0,73.72,73.2,75.1,73.6,23.7,69.7,22.7,QUIET,59.3,59.3,0,542,76.3,71.3,15,0,0,0,28.7,72.8,22.7,Quiet,0,542,76.8,59.3
synthetic_000114,ESP32_GREENHOUSE_01,2026-04-24T00:56:30.000Z,15,28.62,28.1,29.2,28.6,70.38,70.1,71.0,70.0,35.9,46.8,43.2,QUIET,61.7,61.4,2,1217,33.4,38.1,13,1,0,0,28.7,71.3,43.2,Quiet,0,1217,36.2,61.4
synthetic_001832,ESP32_GREENHOUSE_01,2026-04-24T15:15:30.000Z,14,32.0,31.4,32.7,32.2,68.18,67.9,68.6,68.3,407.0,652.2,277.9,CRYING,29.1,34.2,14,29386,428.0,426.0,0,0,0,12,31.8,67.9,277.9,CRYING,1,29386,432.6,34.2
synthetic_000122,ESP32_GREENHOUSE_01,2026-04-24T01:00:30.000Z,15,28.51,28.3,29.2,28.8,74.26,73.5,75.0,74.6,25.2,58.4,28.4,QUIET,60.0,59.9,2,109,68.9,67.2,14,0,0,0,28.6,74.2,28.4,Quiet,0,109,64.7,59.9
synthetic_001918,ESP32_GREENHOUSE_01,2026-04-24T15:58:30.000Z,15,32.01,31.4,32.4,32.0,61.22,60.5,62.0,60.7,513.4,975.2,550.5,CRYING,29.3,27.8,11,15301,447.9,442.2,0,0,2,15,31.9,61.0,550.5,CRYING,1,15301,448.2,27.8
synthetic_000524,ESP32_GREENHOUSE_01,2026-04-24T04:21:30.000Z,14,28.86,28.3,29.0,29.0,73.98,73.1,74.9,73.4,37.2,51.6,35.3,QUIET,58.7,58.8,1,137,25.0,22.0,15,2,0,0,28.9,74.9,35.3,Quiet,0,137,28.8,58.8
synthetic_002312,ESP32_GREENHOUSE_01,2026-04-24T19:15:30.000Z,15,30.41,30.2,30.9,30.6,66.57,66.4,67.4,66.4,595.1,806.9,678.9,CRYING,27.2,24.0,15,23160,302.1,300.0,0,0,0,15,30.3,66.7,678.9,CRYING,1,23160,297.3,24.0
synthetic_001999,ESP32_GREENHOUSE_01,2026-04-24T16:39:00.000Z,14,31.18,30.5,31.8,31.0,64.34,63.2,64.8,65.3,568.2,728.2,517.7,CRYING,27.5,29.5,12,22036,400.9,400.0,0,0,2,12,31.0,63.9,517.7,CRYING,1,22036,402.6,29.5
synthetic_001381,ESP32_GREENHOUSE_01,2026-04-24T11:30:00.000Z,15,32.28,32.2,32.9,32.2,69.41,68.0,69.8,68.5,180.4,437.5,223.2,RESTLESS,36.4,34.8,9,16494,421.2,427.9,0,3,9,0,32.5,68.8,223.2,Restless,1,16494,425.0,34.8
synthetic_000065,ESP32_GREENHOUSE_01,2026-04-24T00:32:00.000Z,14,28.95,28.2,29.3,29.0,70.42,69.4,70.6,70.8,21.9,47.1,18.2,QUIET,61.3,61.5,2,307,69.6,61.3,14,0,0,0,29.0,70.7,18.2,Quiet,0,307,67.9,61.5
synthetic_002144,ESP32_GREENHOUSE_01,2026-04-24T17:51:30.000Z,15,31.18,30.8,31.9,31.2,63.09,62.2,64.5,64.0,395.3,1023,420.2,CRYING,35.1,34.1,10,22002,420.3,424.2,0,0,0,14,31.1,63.4,420.2,CRYING,1,22002,419.7,34.1
synthetic_001500,ESP32_GREENHOUSE_01,2026-04-24T12:29:30.000Z,15,32.51,32.3,33.2,32.4,65.36,64.1,65.7,65.7,186.9,283.1,204.3,RESTLESS,43.1,42.4,9,11053,460.9,454.8,1,4,10,1,32.6,64.7,204.3,Restless,1,11053,460.8,42.4
synthetic_002100,ESP32_GREENHOUSE_01,2026-04-24T17:29:30.000Z,14,31.5,31.0,32.0,31.7,65.16,64.9,65.5,65.0,488.7,960.6,507.4,CRYING,29.2,28.5,8,15213,438.3,447.3,0,0,0,14,31.3,64.3,507.4,CRYING,1,15213,443.1,28.5
synthetic_000990,ESP32_GREENHOUSE_01,2026-04-24T08:14:30.000Z,15,31.57,31.5,32.2,31.6,69.09,68.3,69.5,68.1,73.3,115.6,68.8,LIGHT_ACTIVITY,47.8,48.0,3,6317,169.2,174.2,3,11,2,0,31.8,69.6,68.8,Light Activity,0,6317,172.7,48.0
synthetic_002027,ESP32_GREENHOUSE_01,2026-04-24T16:53:00.000Z,15,31.65,31.5,32.3,31.7,62.57,61.1,63.7,62.1,748.7,1023,731.8,CRYING,20.2,20.9,15,21444,397.3,407.0,0,0,1,13,31.6,63.0,731.8,CRYING,1,21444,400.8,20.9
synthetic_002126,ESP32_GREENHOUSE_01,2026-04-24T17:42:30.000Z,14,30.91,30.2,31.6,30.7,64.42,64.1,64.4,64.1,538.2,806.8,645.6,CRYING,29.4,25.2,8,16298,358.4,353.6,0,0,2,13,30.8,64.9,645.6,CRYING,1,16298,354.5,25.2
synthetic_001428,ESP32_GREENHOUSE_01,2026-04-24T11:53:30.000Z,14,32.71,32.5,33.3,32.9,66.93,66.0,66.9,66.9,174.7,301.0,180.4,RESTLESS,37.6,37.4,8,16738,370.4,369.2,1,3,11,2,32.7,67.5,180.4,Restless,1,16738,371.8,37.4
synthetic_002373,ESP32_GREENHOUSE_01,2026-04-24T19:46:00.000Z,14,30.34,30.0,30.8,30.3,70.15,70.0,70.8,69.2,323.3,968.4,390.9,CRYING,35.8,33.2,12,25208,303.1,297.3,0,0,0,14,30.3,71.0,390.9,CRYING,1,25208,307.8,33.2
synthetic_000147,ESP32_GREENHOUSE_01,2026-04-24T01:13:00.000Z,14,28.52,28.4,29.0,28.8,71.22,70.1,72.5,71.9,31.3,56.0,30.3,QUIET,61.7,61.7,0,697,53.0,62.2,13,1,0,0,28.5,72.1,30.3,Quiet,0,697,52.0,61.7
synthetic_000253,ESP32_GREENHOUSE_01,2026-04-24T02:06:00.000Z,14,29.48,28.9,30.2,29.5,74.3,73.8,75.5,74.1,46.3,49.4,50.2,QUIET,56.5,56.3,0,1322,43.2,48.1,13,1,0,0,29.6,73.9,50.2,Quiet,0,1322,45.4,56.3
synthetic_000731,ESP32_GREENHOUSE_01,2026-04-24T06:05:00.000Z,15,30.61,29.8,30.9,30.6,72.13,72.1,72.7,73.0,84.1,183.6,100.0,LIGHT_ACTIVITY,48.2,47.6,7,7441,50,52.6,3,10,0,0,30.5,73.0,100.0,Light Activity,1,7441,48.7,47.6
synthetic_001048,ESP32_GREENHOUSE_01,2026-04-24T08:43:30.000Z,15,32.12,31.8,32.4,32.3,68.71,68.6,69.3,68.0,95.5,157.8,102.3,LIGHT_ACTIVITY,45.6,45.4,6,5555,202.5,203.3,0,11,2,0,31.9,67.7,102.3,Light Activity,1,5555,202.0,45.4
synthetic_001738,ESP32_GREENHOUSE_01,2026-04-24T14:28:30.000Z,14,32.38,31.9,32.8,32.5,66.43,65.7,67.7,67.2,191.4,241.0,185.5,RESTLESS,37.6,37.8,9,15077,490.4,483.9,0,2,11,0,32.5,66.9,185.5,Restless,1,15077,493.4,37.8
synthetic_000505,ESP32_GREENHOUSE_01,2026-04-24T04:12:00.000Z,14,29.6,29.0,29.8,29.9,72.36,72.1,73.4,73.0,32.4,60.4,37.8,QUIET,57.9,57.7,2,814,30.5,38.5,15,2,0,0,29.7,72.2,37.8,Quiet,0,814,28.5,57.7
synthetic_000681,ESP32_GREENHOUSE_01,2026-04-24T05:40:00.000Z,15,30.33,29.6,31.1,30.2,70.96,69.7,71.3,71.4,82.8,225.7,83.7,LIGHT_ACTIVITY,49.7,49.7,2,6190,16.5,7.8,1,11,2,0,30.2,71.6,83.7,Light Activity,0,6190,13.3,49.7
synthetic_001015,ESP32_GREENHOUSE_01,2026-04-24T08:27:00.000Z,15,31.71,31.1,32.1,31.7,71.49,71.2,72.7,72.0,107.2,166.1,105.8,LIGHT_ACTIVITY,49.6,49.6,2,3649,150.6,148.6,3,9,2,0,31.6,72.4,105.8,Light Activity,0,3649,152.4,49.6
synthetic_000168,ESP32_GREENHOUSE_01,2026-04-24T01:23:30.000Z,14,28.27,28.1,29.0,28.5,72.34,72.3,72.7,73.3,37.2,50.1,46.6,QUIET,61.4,61.1,0,701,72.2,66.4,15,1,0,0,28.1,72.3,46.6,Quiet,0,701,68.4,61.1
synthetic_001997,ESP32_GREENHOUSE_01,2026-04-24T16:38:00.000Z,14,31.59,30.9,32.0,31.8,64.49,64.0,64.7,63.7,712.5,971.3,581.4,CRYING,20.6,25.8,11,28178,404.9,400.3,0,0,0,13,31.7,64.4,581.4,CRYING,1,28178,409.5,25.8
synthetic_000622,ESP32_GREENHOUSE_01,2026-04-24T05:10:30.000Z,15,29.95,29.8,30.1,29.7,70.82,69.5,71.2,70.2,112.9,133.4,115.8,LIGHT_ACTIVITY,49.7,49.6,7,5625,63.8,63.0,1,10,2,0,30.1,69.9,115.8,Light Activity,1,5625,62.6,49.6
synthetic_000518,ESP32_GREENHOUSE_01,2026-04-24T04:18:30.000Z,15,29.93,29.2,30.7,30.0,71.11,70.0,71.8,71.6,12.3,73.8,21.0,QUIET,58.5,58.2,2,92,53.2,57.2,12,2,0,0,30.0,71.6,21.0,Quiet,0,92,54.1,58.2
synthetic_001157,ESP32_GREENHOUSE_01,2026-04-24T09:38:00.000Z,14,31.07,30.5,31.8,31.3,70.08,69.2,71.4,70.9,92.1,166.5,87.7,LIGHT_ACTIVITY,52.9,53.0,2,2602,281.4,275.5,3,11,2,0,31.0,70.1,87.7,Light Activity,0,2602,283.5,53.0
synthetic_001106,ESP32_GREENHOUSE_01,2026-04-24T09:12:30.000Z,15,31.42,31.0,31.7,31.6,72.06,70.9,72.7,71.4,71.6,164.3,69.2,LIGHT_ACTIVITY,51.4,51.5,6,3203,315.3,318.1,0,10,0,0,31.6,72.6,69.2,Light Activity,1,3203,320.2,51.5
synthetic_002344,ESP32_GREENHOUSE_01,2026-04-24T19:31:30.000Z,14,30.44,29.9,31.0,30.4,65.42,64.7,66.7,65.8,678.2,948.6,621.4,CRYING,24.6,26.8,8,25378,284.5,276.3,0,0,1,12,30.5,64.9,621.4,CRYING,1,25378,288.7,26.8
synthetic_001151,ESP32_GREENHOUSE_01,2026-04-24T09:35:00.000Z,15,31.28,30.7,31.7,31.3,73.72,72.7,74.1,72.9,81.0,147.5,86.3,LIGHT_ACTIVITY,50.4,50.2,4,3175,279.9,277.3,1,12,0,0,31.4,72.8,86.3,Light Activity,1,3175,278.1,50.2
synthetic_001831,ESP32_GREENHOUSE_01,2026-04-24T15:15:00.000Z,15,31.47,31.0,32.0,31.4,64.74,64.6,66.2,64.6,456.7,815.9,556.3,CRYING,30.8,26.9,13,15981,500,506.8,0,0,2,12,31.6,65.3,556.3,CRYING,1,15981,497.6,26.9
synthetic_001301,ESP32_GREENHOUSE_01,2026-04-24T10:50:00.000Z,15,32.66,32.1,32.9,32.8,69.34,68.4,69.7,69.9,163.1,328.5,150.8,RESTLESS,36.5,37.0,6,17607,287.6,279.0,0,2,10,0,32.7,69.3,150.8,Restless,1,17607,285.9,37.0
synthetic_000711,ESP32_GREENHOUSE_01,2026-04-24T05:55:00.000Z,15,30.0,29.3,30.3,29.8,70.41,69.1,70.6,70.3,84.8,102.8,79.1,LIGHT_ACTIVITY,55.9,56.2,6,3897,37.2,40.2,2,10,1,0,30.0,71.4,79.1,Light Activity,1,3897,36.3,56.2
synthetic_002021,ESP32_GREENHOUSE_01,2026-04-24T16:50:00.000Z,14,31.01,30.6,31.7,30.7,63.6,62.5,65.1,63.9,663.1,735.7,715.3,CRYING,24.7,22.7,11,26149,463.8,466.9,0,0,2,14,31.1,62.7,715.3,CRYING,1,26149,461.5,22.7
synthetic_001208,ESP32_GREENHOUSE_01,2026-04-24T10:03:30.000Z,15,32.82,32.4,33.4,33.1,66.69,66.5,67.8,66.5,255.0,288.7,250.4,RESTLESS,39.6,39.8,9,12008,338.3,329.6,1,1,12,1,32.8,67.7,250.4,Restless,1,12008,333.4,39.8
synthetic_001071,ESP32_GREENHOUSE_01,2026-04-24T08:55:00.000Z,15,31.43,30.9,31.9,31.4,72.0,71.3,72.9,72.9,95.0,157.4,84.4,LIGHT_ACTIVITY,50.5,50.9,4,2758,166.9,159.2,0,10,0,0,31.4,72.0,84.4,Light Activity,1,2758,166.2,50.9
synthetic_001846,ESP32_GREENHOUSE_01,2026-04-24T15:22:30.000Z,15,33.14,33.0,33.3,32.9,60.72,59.5,62.0,60.8,447.7,876.1,451.5,CRYING,30.8,30.6,9,19311,480.4,488.5,0,0,1,14,33.3,61.7,451.5,CRYING,1,19311,481.4,30.6
synthetic_000964,ESP32_GREENHOUSE_01,2026-04-24T08:01:30.000Z,15,31.13,30.4,31.5,31.3,71.93,71.5,72.9,71.9,67.4,186.8,84.0,LIGHT_ACTIVITY,52.5,51.8,3,3761,118.8,125.4,0,13,1,0,31.2,72.1,84.0,Light Activity,0,3761,120.2,51.8
synthetic_001494,ESP32_GREENHOUSE_01,2026-04-24T12:26:30.000Z,15,32.58,32.1,32.9,32.3,65.33,65.1,66.0,65.2,159.0,185.6,147.2,RESTLESS,39.2,39.7,11,18796,437.3,439.8,1,1,9,1,32.7,65.1,147.2,Restless,1,18796,433.5,39.7
synthetic_000257,ESP32_GREENHOUSE_01,2026-04-24T02:08:00.000Z,15,29.25,28.6,29.8,29.1,71.02,70.8,71.2,71.9,13.5,52.7,10.5,QUIET,60.4,60.6,0,586,32.5,33.7,14,2,0,0,29.1,71.1,10.5,Quiet,0,586,33.0,60.6
synthetic_002089,ESP32_GREENHOUSE_01,2026-04-24T17:24:00.000Z,15,30.52,30.4,31.0,30.4,66.26,65.1,66.6,66.4,624.6,834.9,577.9,CRYING,26.0,27.8,15,21407,396.8,399.8,0,0,1,13,30.5,66.0,577.9,CRYING,1,21407,398.8,27.8
synthetic_000049,ESP32_GREENHOUSE_01,2026-04-24T00:24:00.000Z,15,28.19,27.4,28.4,27.9,70.62,69.4,72.0,70.2,34.8,63.1,34.8,QUIET,62.8,62.8,2,478,36.0,34.2,15,0,0,0,28.0,71.5,34.8,Quiet,0,478,34.0,62.8
synthetic_000879,ESP32_GREENHOUSE_01,2026-04-24T07:19:00.000Z,14,31.41,31.0,31.8,31.5,69.39,68.7,69.4,69.9,112.0,131.1,124.2,LIGHT_ACTIVITY,51.6,51.1,7,1776,115.8,125.3,2,11,0,0,31.4,69.6,124.2,Light Activity,1,1776,120.4,51.1
synthetic_000742,ESP32_GREENHOUSE_01,2026-04-24T06:10:30.000Z,15,31.01,30.4,31.5,30.9,74.39,73.2,74.8,74.5,83.8,154.7,81.3,LIGHT_ACTIVITY,50.7,50.7,5,3590,50,52.1,1,12,2,0,31.1,74.8,81.3,Light Activity,1,3590,51.8,50.7
synthetic_001521,ESP32_GREENHOUSE_01,2026-04-24T12:40:00.000Z,15,32.47,32.1,33.0,32.7,68.37,67.8,69.4,68.5,114.7,330.7,65.2,RESTLESS,39.1,41.1,11,18608,484.7,476.9,1,3,11,0,32.5,67.7,65.2,Restless,1,18608,480.1,41.1
synthetic_001727,ESP32_GREENHOUSE_01,2026-04-24T14:23:00.000Z,14,32.54,32.2,33.1,32.7,65.66,64.7,66.9,65.8,144.8,296.4,151.7,RESTLESS,39.6,39.3,5,17058,476.9,467.7,0,1,10,1,32.4,64.9,151.7,Restless,1,17058,474.3,39.3
synthetic_001283,ESP32_GREENHOUSE_01,2026-04-24T10:41:00.000Z,14,32.91,32.3,33.0,33.0,69.01,67.6,69.3,68.5,126.4,455.2,62.2,RESTLESS,38.2,40.7,5,15858,348.3,339.8,1,4,12,1,32.9,69.8,62.2,Restless,1,15858,344.2,40.7
synthetic_000433,ESP32_GREENHOUSE_01,2026-04-24T03:36:00.000Z,15,29.45,29.1,29.9,29.6,75.43,74.6,75.7,74.7,39.2,69.5,45.0,QUIET,56.1,55.9,2,912,23.3,21.7,12,0,0,0,29.5,76.2,45.0,Quiet,0,912,25.9,55.9
synthetic_000207,ESP32_GREENHOUSE_01,2026-04-24T01:43:00.000Z,15,28.4,27.6,28.9,28.6,72.64,71.5,74.1,72.6,33.4,67.7,26.8,QUIET,61.0,61.3,1,1101,45.9,45.1,14,2,0,0,28.4,71.7,26.8,Quiet,0,1101,42.1,61.3
synthetic_002323,ESP32_GREENHOUSE_01,2026-04-24T19:21:00.000Z,15,30.3,30.1,30.4,30.5,66.6,65.5,67.9,66.4,298.5,820.8,467.3,CRYING,39.1,32.5,15,15605,310.9,301.0,0,0,1,15,30.4,66.2,467.3,CRYING,1,15605,312.2,32.5
synthetic_001249,ESP32_GREENHOUSE_01,2026-04-24T10:24:00.000Z,15,32.18,31.4,32.6,32.4,70.69,70.2,71.1,71.5,200.0,436.2,191.2,RESTLESS,35.1,35.5,12,20251,305.5,302.4,0,3,12,1,32.2,71.5,191.2,Restless,1,20251,300.9,35.5
synthetic_001614,ESP32_GREENHOUSE_01,2026-04-24T13:26:30.000Z,15,32.89,32.3,33.6,33.1,67.09,65.9,68.0,66.4,149.7,315.6,120.5,RESTLESS,43.5,44.6,7,13364,500,509.2,1,2,11,0,33.0,66.6,120.5,Restless,1,13364,496.8,44.6
synthetic_000600,ESP32_GREENHOUSE_01,2026-04-24T04:59:30.000Z,14,30.28,29.7,31.0,30.1,71.18,70.1,71.6,70.7,44.9,71.5,50.0,QUIET,56.2,56.0,2,1012,26.9,27.1,15,1,0,0,30.2,71.9,50.0,Quiet,0,1012,31.7,56.0
synthetic_001649,ESP32_GREENHOUSE_01,2026-04-24T13:44:00.000Z,15,31.78,31.1,31.9,31.8,67.25,66.5,68.0,67.1,145.0,335.8,138.3,RESTLESS,45.6,45.8,10,10305,491.8,492.2,0,4,9,0,31.8,68.1,138.3,Restless,1,10305,496.8,45.8
synthetic_001321,ESP32_GREENHOUSE_01,2026-04-24T11:00:00.000Z,14,32.33,32.0,32.7,32.3,69.72,69.3,69.8,69.6,203.2,295.7,200.6,RESTLESS,35.2,35.3,11,18551,421.9,430.9,1,3,11,0,32.3,69.9,200.6,Restless,1,18551,425.7,35.3
synthetic_002008,ESP32_GREENHOUSE_01,2026-04-24T16:43:30.000Z,15,31.48,31.1,32.3,31.7,63.48,63.4,64.1,64.3,732.1,732.1,664.5,CRYING,20.8,23.4,8,25887,469.9,478.1,0,0,0,12,31.6,64.4,664.5,CRYING,1,25887,467.0,23.4
synthetic_000542,ESP32_GREENHOUSE_01,2026-04-24T04:30:30.000Z,15,29.58,28.8,29.8,29.6,72.67,72.6,73.9,73.4,9.1,63.5,13.7,QUIET,58.7,58.5,0,643,54.6,50.9,12,2,0,0,29.7,73.5,13.7,Quiet,0,643,55.5,58.5
synthetic_001484,ESP32_GREENHOUSE_01,2026-04-24T12:21:30.000Z,15,32.56,32.0,32.7,32.4,66.06,65.7,66.3,65.4,169.2,238.6,170.4,RESTLESS,38.3,38.3,10,15576,500,491.2,0,4,10,2,32.4,65.3,170.4,Restless,1,15576,499.5,38.3
synthetic_001068,ESP32_GREENHOUSE_01,2026-04-24T08:53:30.000Z,15,31.67,31.1,31.8,31.8,69.61,68.7,70.8,69.6,91.4,134.2,101.6,LIGHT_ACTIVITY,46.5,46.1,6,7864,189.7,189.4,2,9,0,0,31.8,70.3,101.6,Light Activity,1,7864,190.5,46.1
synthetic_002308,ESP32_GREENHOUSE_01,2026-04-24T19:13:30.000Z,15,30.39,29.9,31.2,30.2,64.35,63.0,65.0,64.4,532.1,919.0,558.2,CRYING,31.1,30.1,14,23552,293.2,301.4,0,0,2,13,30.3,63.7,558.2,CRYING,1,23552,289.6,30.1
synthetic_000790,ESP32_GREENHOUSE_01,2026-04-24T06:34:30.000Z,14,30.6,29.9,31.3,30.6,72.25,71.9,72.9,72.0,75.7,174.3,75.7,LIGHT_ACTIVITY,48.5,48.5,3,6997,50,56.5,1,13,1,0,30.4,72.4,75.7,Light Activity,0,6997,50.2,48.5
synthetic_002017,ESP32_GREENHOUSE_01,2026-04-24T16:48:00.000Z,14,31.63,31.2,32.4,31.9,66.17,64.7,67.2,66.9,561.5,867.3,430.7,CRYING,25.4,30.5,8,18153,423.4,424.3,0,0,1,13,31.8,66.7,430.7,CRYING,1,18153,425.9,30.5
synthetic_000451,ESP32_GREENHOUSE_01,2026-04-24T03:45:00.000Z,14,29.34,29.0,30.1,29.3,72.06,71.3,73.2,71.1,29.2,54.5,26.2,QUIET,58.9,59.0,2,728,62.6,68.5,13,2,0,0,29.3,72.8,26.2,Quiet,0,728,58.0,59.0
synthetic_000721,ESP32_GREENHOUSE_01,2026-04-24T06:00:00.000Z,15,30.64,30.0,31.0,30.8,72.2,70.9,72.4,72.0,89.8,175.5,78.7,LIGHT_ACTIVITY,47.8,48.3,2,7445,50,43.4,1,11,2,0,30.5,71.6,78.7,Light Activity,0,7445,53.4,48.3
synthetic_001902,ESP32_GREENHOUSE_01,2026-04-24T15:50:30.000Z,14,31.04,30.6,31.2,30.8,68.05,67.9,68.6,68.3,666.4,743.6,699.8,CRYING,21.8,20.4,15,18428,457.7,449.6,0,0,2,12,31.1,67.2,699.8,CRYING,1,18428,455.3,20.4
synthetic_001983,ESP32_GREENHOUSE_01,2026-04-24T16:31:00.000Z,15,31.05,30.7,31.2,31.1,69.47,69.1,71.0,69.3,576.7,1023,682.1,CRYING,24.3,20.2,13,22506,401.4,398.9,0,0,1,14,30.9,69.5,682.1,CRYING,1,22506,398.0,20.2
synthetic_000500,ESP32_GREENHOUSE_01,2026-04-24T04:09:30.000Z,14,30.13,29.9,30.6,29.9,70.09,69.3,70.2,70.2,31.8,43.7,31.8,QUIET,57.8,57.8,1,875,66.1,56.6,15,0,0,0,30.3,69.7,31.8,Quiet,0,875,69.4,57.8
synthetic_001967,ESP32_GREENHOUSE_01,2026-04-24T16:23:00.000Z,14,31.0,30.3,31.7,31.0,66.32,65.2,67.0,65.7,503.9,968.6,484.2,CRYING,29.3,30.1,15,18362,430.7,425.9,0,0,1,15,30.9,65.5,484.2,CRYING,1,18362,426.6,30.1
synthetic_001072,ESP32_GREENHOUSE_01,2026-04-24T08:55:30.000Z,15,31.47,31.3,31.9,31.3,72.82,71.7,73.1,73.6,84.9,225.3,80.4,LIGHT_ACTIVITY,50.3,50.5,7,2557,192.2,182.8,2,13,1,0,31.5,73.3,80.4,Light Activity,1,2557,191.0,50.5
synthetic_000555,ESP32_GREENHOUSE_01,2026-04-24T04:37:00.000Z,15,29.3,29.2,30.0,29.3,73.53,73.5,74.4,73.3,29.0,55.7,37.9,QUIET,58.1,57.8,1,890,53.0,51.5,12,1,0,0,29.4,74.1,37.9,Quiet,0,890,48.2,57.8
synthetic_000293,ESP32_GREENHOUSE_01,2026-04-24T02:26:00.000Z,15,28.96,28.5,29.7,28.8,71.98,70.8,72.3,71.7,41.6,49.4,36.9,QUIET,59.5,59.7,2,1085,51.5,47.3,15,1,0,0,29.1,71.3,36.9,Quiet,0,1085,49.3,59.7
synthetic_000912,ESP32_GREENHOUSE_01,2026-04-24T07:35:30.000Z,15,30.19,29.8,31.0,30.1,70.21,69.1,71.1,70.0,73.5,121.5,72.3,LIGHT_ACTIVITY,56.0,56.0,5,3696,77.9,68.3,3,10,2,0,30.0,70.8,72.3,Light Activity,1,3696,77.5,56.0
synthetic_000560,ESP32_GREENHOUSE_01,2026-04-24T04:39:30.000Z,14,29.31,28.7,29.6,29.0,75.1,73.8,76.6,75.4,30.7,39.9,31.9,QUIET,57.0,57.0,0,946,67.6,68.8,15,0,0,0,29.2,74.5,31.9,Quiet,0,946,72.4,57.0
synthetic_001168,ESP32_GREENHOUSE_01,2026-04-24T09:43:30.000Z,14,31.79,31.3,32.6,31.6,69.58,68.1,70.9,70.3,113.9,129.2,119.9,LIGHT_ACTIVITY,50.3,50.1,5,4200,263.5,260.5,3,13,2,0,31.6,69.6,119.9,Light Activity,1,4200,259.3,50.1
synthetic_001375,ESP32_GREENHOUSE_01,2026-04-24T11:27:00.000Z,15,32.98,32.3,33.5,33.1,70.63,69.5,71.5,71.3,239.5,294.1,279.5,RESTLESS,32.7,31.2,10,21118,457.2,448.7,0,3,11,2,32.9,70.8,279.5,Restless,1,21118,453.4,31.2
synthetic_002267,ESP32_GREENHOUSE_01,2026-04-24T18:53:00.000Z,14,31.11,30.5,31.7,31.3,63.99,62.6,65.3,63.7,524.6,966.9,655.0,CRYING,29.6,24.5,9,21767,352.8,348.5,0,0,1,14,31.1,63.5,655.0,CRYING,1,21767,355.7,24.5
synthetic_000871,ESP32_GREENHOUSE_01,2026-04-24T07:15:00.000Z,15,30.99,30.6,31.4,31.2,71.46,70.5,72.9,70.9,115.9,140.1,104.8,LIGHT_ACTIVITY,51.3,51.7,3,4335,72.6,75.7,1,10,0,0,31.2,70.9,104.8,Light Activity,0,4335,76.6,51.7
synthetic_001196,ESP32_GREENHOUSE_01,2026-04-24T09:57:30.000Z,15,32.21,31.9,32.7,32.2,65.13,64.2,66.5,66.0,81.7,159.0,74.0,LIGHT_ACTIVITY,53.2,53.5,5,3645,307.5,301.8,3,9,1,0,32.2,65.7,74.0,Light Activity,1,3645,304.8,53.5
synthetic_000318,ESP32_GREENHOUSE_01,2026-04-24T02:38:30.000Z,14,28.58,28.5,29.2,28.5,72.41,71.7,73.9,72.3,23.3,35.9,29.1,QUIET,61.1,60.8,1,488,52.1,60.2,12,0,0,0,28.5,72.0,29.1,Quiet,0,488,47.4,60.8
synthetic_001295,ESP32_GREENHOUSE_01,2026-04-24T10:47:00.000Z,14,33.12,32.6,33.7,33.3,67.23,65.8,68.2,66.9,189.7,311.6,184.3,RESTLESS,36.8,37.0,10,18007,333.5,331.8,1,4,10,0,33.1,67.6,184.3,Restless,1,18007,336.4,37.0
synthetic_000847,ESP32_GREENHOUSE_01,2026-04-24T07:03:00.000Z,15,31.3,30.8,31.5,31.3,71.13,70.4,71.2,71.3,81.0,168.4,99.5,LIGHT_ACTIVITY,52.0,51.3,3,1569,142.2,132.2,1,12,1,0,31.3,70.3,99.5,Light Activity,0,1569,140.6,51.3
synthetic_002243,ESP32_GREENHOUSE_01,2026-04-24T18:41:00.000Z,14,30.22,29.7,30.7,30.1,67.88,66.8,68.4,67.6,640.8,824.2,615.9,CRYING,25.2,26.1,8,26530,325.3,325.4,0,0,2,15,30.4,67.3,615.9,CRYING,1,26530,322.9,26.1
synthetic_001696,ESP32_GREENHOUSE_01,2026-04-24T14:07:30.000Z,14,33.0,32.5,33.4,33.1,63.49,63.0,64.3,63.8,158.9,305.9,108.4,RESTLESS,45.4,47.3,5,10992,500,492.1,1,1,10,1,33.1,63.2,108.4,Restless,1,10992,503.2,47.3
synthetic_002224,ESP32_GREENHOUSE_01,2026-04-24T18:31:30.000Z,15,30.39,29.9,30.9,30.4,66.0,65.5,67.0,66.4,337.4,1023,484.9,CRYING,37.7,31.9,10,28432,350.2,345.8,0,0,2,12,30.4,65.3,484.9,CRYING,1,28432,348.1,31.9
synthetic_000301,ESP32_GREENHOUSE_01,2026-04-24T02:30:00.000Z,15,28.57,28.2,29.1,28.8,75.28,75.2,75.7,75.6,15.0,53.8,17.0,QUIET,59.6,59.5,0,731,71.5,63.0,13,0,0,0,28.4,75.5,17.0,Quiet,0,731,74.1,59.5
synthetic_002020,ESP32_GREENHOUSE_01,2026-04-24T16:49:30.000Z,14,31.75,31.4,32.3,31.6,63.79,63.0,64.3,64.1,516.8,825.1,458.3,CRYING,28.3,30.6,12,16652,443.0,438.8,0,0,1,15,31.6,63.1,458.3,CRYING,1,16652,442.6,30.6
synthetic_002166,ESP32_GREENHOUSE_01,2026-04-24T18:02:30.000Z,15,30.84,30.4,31.3,30.9,67.31,67.0,68.3,66.4,576.1,792.4,486.2,CRYING,26.3,29.8,13,28773,391.5,385.5,0,0,2,13,31.0,66.7,486.2,CRYING,1,28773,391.6,29.8
synthetic_000231,ESP32_GREENHOUSE_01,2026-04-24T01:55:00.000Z,14,28.55,28.4,29.0,28.3,72.51,72.1,73.8,72.0,18.0,46.8,23.1,QUIET,61.3,61.1,0,1412,69.9,65.0,14,2,0,0,28.5,72.7,23.1,Quiet,0,1412,70.6,61.1
synthetic_000289,ESP32_GREENHOUSE_01,2026-04-24T02:24:00.000Z,14,29.13,28.6,29.5,29.4,72.55,71.8,73.9,72.3,14.7,37.3,26.2,QUIET,59.8,59.3,1,1429,39.8,30.8,13,2,0,0,29.1,72.5,26.2,Quiet,0,1429,35.2,59.3
synthetic_001398,ESP32_GREENHOUSE_01,2026-04-24T11:38:30.000Z,15,31.83,31.7,32.3,31.7,66.71,66.5,67.9,66.0,171.3,266.6,183.2,RESTLESS,39.7,39.3,11,19336,419.1,424.6,0,4,11,2,31.9,67.5,183.2,Restless,1,19336,421.2,39.3
synthetic_002131,ESP32_GREENHOUSE_01,2026-04-24T17:45:00.000Z,15,30.18,29.9,30.3,29.9,66.96,66.2,68.1,66.1,635.9,846.6,650.0,CRYING,26.0,25.5,12,16634,371.0,368.9,0,0,0,13,30.3,67.0,650.0,CRYING,1,16634,372.9,25.5
synthetic_001641,ESP32_GREENHOUSE_01,2026-04-24T13:40:00.000Z,14,32.53,32.0,32.8,32.5,66.12,65.7,67.4,67.0,221.3,294.4,220.9,RESTLESS,41.3,41.3,6,12559,494.6,486.0,1,2,10,1,32.7,66.3,220.9,Restless,1,12559,491.3,41.3
synthetic_001893,ESP32_GREENHOUSE_01,2026-04-24T15:46:00.000Z,14,32.39,31.7,32.6,32.5,62.61,61.8,63.4,63.4,690.4,690.4,770.6,CRYING,20.4,17.3,10,28179,491.8,495.5,0,0,0,14,32.5,61.7,770.6,CRYING,1,28179,494.5,17.3
synthetic_000679,ESP32_GREENHOUSE_01,2026-04-24T05:39:00.000Z,15,29.72,29.4,29.8,29.7,77.94,77.3,78.6,77.8,85.6,181.0,78.5,LIGHT_ACTIVITY,52.0,52.3,7,2029,27.1,24.1,3,9,1,0,29.6,78.8,78.5,Light Activity,1,2029,24.7,52.3
synthetic_001442,ESP32_GREENHOUSE_01,2026-04-24T12:00:30.000Z,15,32.14,31.4,32.3,32.2,63.28,61.9,64.1,63.0,175.9,296.3,139.8,RESTLESS,45.8,47.2,5,9735,467.9,476.2,0,1,9,1,32.3,63.5,139.8,Restless,1,9735,469.0,47.2
synthetic_001585,ESP32_GREENHOUSE_01,2026-04-24T13:12:00.000Z,14,32.24,31.5,32.6,32.2,66.17,65.4,66.8,66.4,122.6,307.1,125.4,RESTLESS,45.8,45.7,7,13577,500,504.0,1,4,8,0,32.1,65.6,125.4,Restless,1,13577,504.1,45.7
synthetic_002064,ESP32_GREENHOUSE_01,2026-04-24T17:11:30.000Z,14,31.25,30.6,31.4,31.0,64.21,63.9,64.9,65.1,504.9,950.5,541.6,CRYING,29.9,28.4,11,15366,405.5,398.9,0,0,0,13,31.3,63.5,541.6,CRYING,1,15366,407.1,28.4
synthetic_001954,ESP32_GREENHOUSE_01,2026-04-24T16:16:30.000Z,15,31.3,31.0,32.1,31.4,67.53,67.0,68.4,67.6,680.7,812.8,736.2,CRYING,20.8,18.6,12,26124,446.3,447.4,0,0,0,12,31.3,67.8,736.2,CRYING,1,26124,443.4,18.6
synthetic_001481,ESP32_GREENHOUSE_01,2026-04-24T12:20:00.000Z,15,33.34,32.8,34.0,33.5,62.23,61.6,62.5,62.2,191.9,313.5,191.4,RESTLESS,39.9,39.9,9,19564,476.2,480.7,1,2,10,0,33.5,62.2,191.4,Restless,1,19564,475.5,39.9
synthetic_001053,ESP32_GREENHOUSE_01,2026-04-24T08:46:00.000Z,14,31.22,30.5,32.0,31.1,71.01,69.9,72.2,71.9,96.2,118.1,89.1,LIGHT_ACTIVITY,51.7,52.0,6,4816,175.7,183.6,2,11,0,0,31.2,71.2,89.1,Light Activity,1,4816,176.6,52.0
synthetic_002359,ESP32_GREENHOUSE_01,2026-04-24T19:39:00.000Z,15,29.1,28.9,29.8,28.9,68.66,68.3,69.1,68.3,398.5,918.1,249.1,CRYING,37.3,43.1,15,24959,240.1,244.9,0,0,0,14,29.0,69.1,249.1,CRYING,1,24959,244.8,43.1
synthetic_001297,ESP32_GREENHOUSE_01,2026-04-24T10:48:00.000Z,14,31.96,31.8,32.5,32.0,66.35,65.3,67.5,66.8,108.4,376.5,95.9,RESTLESS,47.1,47.5,10,13211,364.0,362.9,1,1,10,0,31.9,67.1,95.9,Restless,1,13211,368.5,47.5
synthetic_000689,ESP32_GREENHOUSE_01,2026-04-24T05:44:00.000Z,14,30.21,29.8,31.0,30.5,73.96,73.2,74.1,73.9,96.2,100.8,87.1,LIGHT_ACTIVITY,52.7,53.0,3,1806,79.4,87.4,2,12,0,0,30.3,74.9,87.1,Light Activity,0,1806,82.9,53.0
synthetic_001095,ESP32_GREENHOUSE_01,2026-04-24T09:07:00.000Z,15,32.35,31.8,32.7,32.2,66.08,65.6,66.8,65.2,80.2,156.0,91.3,LIGHT_ACTIVITY,47.2,46.8,6,5236,281.1,283.9,0,9,2,0,32.4,65.1,91.3,Light Activity,1,5236,284.7,46.8
synthetic_001978,ESP32_GREENHOUSE_01,2026-04-24T16:28:30.000Z,14,31.27,30.5,31.7,31.2,62.98,61.8,63.9,62.0,726.5,1023,743.4,CRYING,21.9,21.3,9,29960,500,506.7,0,0,1,12,31.3,63.6,743.4,CRYING,1,29960,504.6,21.3
synthetic_001754,ESP32_GREENHOUSE_01,2026-04-24T14:36:30.000Z,14,32.61,32.0,32.8,32.4,66.86,65.7,67.9,67.1,153.2,297.5,157.5,RESTLESS,38.5,38.3,10,17115,469.2,463.7,1,1,11,0,32.5,67.8,157.5,Restless,1,17115,469.6,38.3
synthetic_000744,ESP32_GREENHOUSE_01,2026-04-24T06:11:30.000Z,14,29.82,29.4,30.0,30.0,70.94,69.5,71.0,70.8,91.2,140.0,93.8,LIGHT_ACTIVITY,55.9,55.7,2,4840,50,55.0,0,13,1,0,29.7,71.8,93.8,Light Activity,0,4840,52.2,55.7
synthetic_001107,ESP32_GREENHOUSE_01,2026-04-24T09:13:00.000Z,15,31.56,31.5,31.9,31.6,66.08,65.3,67.1,67.1,79.3,137.9,77.2,LIGHT_ACTIVITY,49.5,49.6,3,6397,315.3,307.5,0,12,0,0,31.6,66.5,77.2,Light Activity,0,6397,314.1,49.6
synthetic_000750,ESP32_GREENHOUSE_01,2026-04-24T06:14:30.000Z,14,30.59,30.0,30.9,30.5,72.05,71.3,72.9,71.2,92.8,171.9,106.7,LIGHT_ACTIVITY,47.9,47.4,7,5384,50,43.9,3,9,0,0,30.5,71.5,106.7,Light Activity,1,5384,54.4,47.4
synthetic_001990,ESP32_GREENHOUSE_01,2026-04-24T16:34:30.000Z,14,31.82,31.4,32.2,31.6,62.55,62.0,63.2,62.8,448.3,575.5,444.5,CRYING,31.5,31.7,13,19917,470.5,471.5,0,0,1,14,31.7,61.7,444.5,CRYING,1,19917,468.7,31.7
synthetic_001017,ESP32_GREENHOUSE_01,2026-04-24T08:28:00.000Z,14,31.97,31.2,32.3,32.3,70.39,69.5,70.4,70.0,96.6,123.9,101.5,LIGHT_ACTIVITY,45.0,44.8,7,6344,208.4,213.9,1,9,2,0,32.0,70.2,101.5,Light Activity,1,6344,203.7,44.8
synthetic_001062,ESP32_GREENHOUSE_01,2026-04-24T08:50:30.000Z,15,31.39,30.8,32.0,31.1,69.73,69.0,70.5,69.0,108.2,130.3,120.2,LIGHT_ACTIVITY,46.5,46.1,3,6718,224.5,233.8,1,11,1,0,31.3,69.8,120.2,Light Activity,0,6718,225.0,46.1
synthetic_000701,ESP32_GREENHOUSE_01,2026-04-24T05:50:00.000Z,15,30.24,29.6,30.8,30.2,76.02,75.1,76.8,76.1,101.6,150.3,95.0,LIGHT_ACTIVITY,51.1,51.4,6,4914,29.2,34.8,0,13,2,0,30.4,76.9,95.0,Light Activity,1,4914,28.1,51.4
synthetic_000834,ESP32_GREENHOUSE_01,2026-04-24T06:56:30.000Z,14,29.6,29.5,29.9,29.4,74.93,73.8,75.9,74.7,103.5,182.1,100.3,LIGHT_ACTIVITY,48.5,48.6,4,5910,50,53.7,0,10,2,0,29.4,75.7,100.3,Light Activity,1,5910,47.1,48.6
synthetic_001651,ESP32_GREENHOUSE_01,2026-04-24T13:45:00.000Z,14,32.5,31.7,32.9,32.8,64.42,63.0,65.2,64.3,183.8,295.0,185.6,RESTLESS,38.8,38.7,8,15720,478.1,477.4,0,2,8,0,32.4,64.3,185.6,Restless,1,15720,480.8,38.7
synthetic_000221,ESP32_GREENHOUSE_01,2026-04-24T01:50:00.000Z,14,28.95,28.3,29.7,28.7,71.41,70.2,71.5,71.4,27.0,46.4,31.1,QUIET,60.5,60.3,1,949,66.0,59.8,12,1,0,0,29.1,72.0,31.1,Quiet,0,949,69.3,60.3
synthetic_001446,ESP32_GREENHOUSE_01,2026-04-24T12:02:30.000Z,14,32.56,32.3,32.7,32.5,68.01,66.8,68.1,67.2,196.0,305.3,213.0,RESTLESS,41.1,40.4,10,9203,472.8,465.2,1,3,11,2,32.7,68.7,213.0,Restless,1,9203,474.9,40.4
synthetic_001034,ESP32_GREENHOUSE_01,2026-04-24T08:36:30.000Z,15,32.04,31.4,32.7,32.1,68.7,67.6,69.6,68.7,69.4,161.1,90.7,LIGHT_ACTIVITY,46.9,46.1,2,7706,208.7,202.6,1,9,0,0,32.0,68.1,90.7,Light Activity,0,7706,211.0,46.1
synthetic_002060,ESP32_GREENHOUSE_01,2026-04-24T17:09:30.000Z,14,30.94,30.3,31.6,31.2,65.14,65.1,66.1,65.6,411.3,757.1,341.0,CRYING,33.8,36.6,13,26740,412.4,404.9,0,0,1,15,31.0,64.1,341.0,CRYING,1,26740,414.1,36.6
synthetic_000057,ESP32_GREENHOUSE_01,2026-04-24T00:28:00.000Z,15,28.05,27.3,28.4,27.9,70.66,70.4,71.6,69.8,29.5,38.4,26.0,QUIET,63.4,63.5,0,369,58.5,63.3,14,2,0,0,28.2,69.8,26.0,Quiet,0,369,58.8,63.5
synthetic_001023,ESP32_GREENHOUSE_01,2026-04-24T08:31:00.000Z,15,31.22,30.6,32.0,31.0,67.09,66.8,68.4,66.5,74.1,189.5,69.7,LIGHT_ACTIVITY,55.0,55.2,5,1548,183.7,185.6,0,10,0,0,31.3,68.0,69.7,Light Activity,1,1548,180.3,55.2
synthetic_002354,ESP32_GREENHOUSE_01,2026-04-24T19:36:30.000Z,15,30.46,29.9,30.7,30.4,65.3,64.0,66.6,65.0,447.6,773.4,475.5,CRYING,33.6,32.6,10,22439,299.5,295.2,0,0,2,15,30.7,65.5,475.5,CRYING,1,22439,294.6,32.6
synthetic_001619,ESP32_GREENHOUSE_01,2026-04-24T13:29:00.000Z,15,32.2,31.8,32.5,32.4,66.88,65.8,66.9,67.3,176.8,385.7,200.6,RESTLESS,38.4,37.4,10,17902,493.6,497.4,0,2,8,2,32.3,67.2,200.6,Restless,1,17902,496.1,37.4
synthetic_000408,ESP32_GREENHOUSE_01,2026-04-24T03:23:30.000Z,14,28.99,28.7,29.2,28.9,70.76,69.9,71.0,71.6,21.0,71.7,15.7,QUIET,61.0,61.2,1,477,65.0,66.5,13,1,0,0,28.8,70.4,15.7,Quiet,0,477,63.8,61.2
synthetic_002311,ESP32_GREENHOUSE_01,2026-04-24T19:15:00.000Z,15,30.52,29.8,31.0,30.7,72.22,70.9,72.6,71.3,703.7,766.9,716.6,CRYING,19.1,18.6,8,20879,323.0,317.3,0,0,2,15,30.5,71.3,716.6,CRYING,1,20879,322.2,18.6
synthetic_002232,ESP32_GREENHOUSE_01,2026-04-24T18:35:30.000Z,15,30.27,29.6,30.9,30.6,68.52,67.3,68.6,67.6,545.2,658.4,504.9,CRYING,28.4,29.9,11,18035,300.0,302.9,0,0,1,13,30.3,69.5,504.9,CRYING,1,18035,299.6,29.9
synthetic_000892,ESP32_GREENHOUSE_01,2026-04-24T07:25:30.000Z,14,30.7,30.0,31.1,30.8,72.36,71.6,73.6,72.2,92.0,175.3,93.9,LIGHT_ACTIVITY,52.5,52.4,7,4888,90.5,92.9,2,13,1,0,30.8,73.2,93.9,Light Activity,1,4888,87.3,52.4
synthetic_001221,ESP32_GREENHOUSE_01,2026-04-24T10:10:00.000Z,15,31.59,30.9,31.8,31.5,73.07,72.9,73.4,72.9,167.6,286.6,158.7,RESTLESS,36.6,36.9,6,15315,371.9,372.7,1,3,10,1,31.7,73.1,158.7,Restless,1,15315,375.9,36.9
synthetic_001624,ESP32_GREENHOUSE_01,2026-04-24T13:31:30.000Z,14,32.21,32.1,32.7,32.4,62.3,62.2,62.8,62.2,199.4,313.6,184.2,RESTLESS,45.3,45.9,10,11419,496.1,502.0,0,3,8,1,32.0,61.8,184.2,Restless,1,11419,494.3,45.9
synthetic_002233,ESP32_GREENHOUSE_01,2026-04-24T18:36:00.000Z,15,30.93,30.5,31.2,31.0,68.01,68.0,68.7,68.8,590.0,883.3,659.4,CRYING,25.1,22.4,15,27532,354.4,346.1,0,0,0,14,31.1,67.7,659.4,CRYING,1,27532,355.6,22.4
synthetic_002316,ESP32_GREENHOUSE_01,2026-04-24T19:17:30.000Z,14,29.86,29.2,30.3,29.8,68.42,67.1,69.9,68.4,844.0,1023,892.5,CRYING,17.9,16.0,8,17225,281.4,289.3,0,0,1,14,29.8,68.5,892.5,CRYING,1,17225,285.0,16.0
synthetic_000837,ESP32_GREENHOUSE_01,2026-04-24T06:58:00.000Z,15,30.44,29.8,31.0,30.5,76.93,75.6,77.1,76.1,97.0,192.6,96.9,LIGHT_ACTIVITY,50.1,50.1,4,2377,50,42.0,0,12,2,0,30.6,77.8,96.9,Light Activity,1,2377,45.9,50.1
synthetic_002272,ESP32_GREENHOUSE_01,2026-04-24T18:55:30.000Z,14,30.62,30.2,30.8,30.5,64.52,63.5,65.4,64.2,613.9,635.6,635.7,CRYING,27.2,26.3,11,24063,364.7,368.6,0,0,1,15,30.6,64.7,635.7,CRYING,1,24063,368.8,26.3
synthetic_000603,ESP32_GREENHOUSE_01,2026-04-24T05:01:00.000Z,15,30.51,30.1,30.6,30.5,73.17,71.7,73.6,73.8,119.0,171.0,133.3,LIGHT_ACTIVITY,51.4,50.9,4,4437,69.5,63.7,2,11,0,0,30.6,73.3,133.3,Light Activity,1,4437,67.7,50.9
synthetic_001431,ESP32_GREENHOUSE_01,2026-04-24T11:55:00.000Z,14,32.62,32.4,32.7,32.6,66.91,65.6,68.0,67.0,214.1,241.3,234.4,RESTLESS,36.1,35.3,10,20411,429.1,431.9,1,3,10,0,32.7,66.7,234.4,Restless,1,20411,428.7,35.3
synthetic_001605,ESP32_GREENHOUSE_01,2026-04-24T13:22:00.000Z,15,33.11,32.4,33.3,33.0,63.49,63.2,63.9,63.0,199.0,295.9,219.0,RESTLESS,38.8,38.0,10,17798,433.5,440.0,0,1,8,2,33.2,63.6,219.0,Restless,1,17798,436.4,38.0
synthetic_001229,ESP32_GREENHOUSE_01,2026-04-24T10:14:00.000Z,15,32.5,32.3,33.3,32.6,67.23,66.2,68.6,66.7,112.0,338.2,102.0,RESTLESS,44.9,45.2,7,8043,377.8,377.9,0,3,12,1,32.6,67.9,102.0,Restless,1,8043,382.7,45.2
synthetic_001309,ESP32_GREENHOUSE_01,2026-04-24T10:54:00.000Z,15,32.68,32.5,33.3,32.9,63.96,63.8,64.4,63.9,140.4,402.6,142.1,RESTLESS,40.8,40.7,5,19092,361.3,354.4,0,1,11,1,32.8,63.2,142.1,Restless,1,19092,362.9,40.7
synthetic_002336,ESP32_GREENHOUSE_01,2026-04-24T19:27:30.000Z,15,29.79,29.6,30.5,29.9,67.37,67.0,67.9,66.5,576.0,980.7,509.0,CRYING,29.2,31.8,13,22197,250.1,240.9,0,0,1,12,29.7,67.0,509.0,CRYING,1,22197,245.9,31.8
synthetic_001939,ESP32_GREENHOUSE_01,2026-04-24T16:09:00.000Z,14,31.73,31.6,32.2,31.7,63.85,62.4,64.3,64.4,728.4,744.2,814.4,CRYING,20.0,16.7,12,18816,429.4,429.7,0,0,2,14,31.8,63.2,814.4,CRYING,1,18816,430.0,16.7
synthetic_000016,ESP32_GREENHOUSE_01,2026-04-24T00:07:30.000Z,14,28.36,28.0,28.5,28.3,69.99,68.6,71.4,69.1,25.4,61.8,30.9,QUIET,63.1,62.9,2,305,17.8,15.0,12,1,0,0,28.4,70.3,30.9,Quiet,0,305,16.3,62.9
synthetic_001957,ESP32_GREENHOUSE_01,2026-04-24T16:18:00.000Z,14,31.8,31.7,32.0,32.1,65.46,64.2,66.3,65.3,578.9,877.2,542.6,CRYING,24.7,26.1,10,20281,442.1,448.8,0,0,2,14,31.6,66.0,542.6,CRYING,1,20281,438.3,26.1
synthetic_002032,ESP32_GREENHOUSE_01,2026-04-24T16:55:30.000Z,14,30.77,30.1,31.3,31.0,64.81,64.7,65.5,64.4,484.7,835.0,636.8,CRYING,31.6,25.7,14,25603,399.0,400.4,0,0,2,14,30.9,63.8,636.8,CRYING,1,25603,399.3,25.7
synthetic_001214,ESP32_GREENHOUSE_01,2026-04-24T10:06:30.000Z,15,32.34,31.8,32.8,32.3,65.76,65.1,66.6,65.9,210.8,363.4,212.8,RESTLESS,42.4,42.3,9,10234,331.7,330.8,1,2,10,1,32.3,65.0,212.8,Restless,1,10234,333.7,42.3
synthetic_000644,ESP32_GREENHOUSE_01,2026-04-24T05:21:30.000Z,14,29.9,29.4,30.3,30.1,73.12,71.7,74.2,72.3,119.3,174.7,111.1,LIGHT_ACTIVITY,53.2,53.5,2,4646,45.8,43.6,1,13,1,0,29.8,73.7,111.1,Light Activity,0,4646,47.9,53.5
synthetic_000819,ESP32_GREENHOUSE_01,2026-04-24T06:49:00.000Z,14,30.98,30.9,31.1,31.1,73.06,72.2,74.2,72.8,126.1,195.4,122.1,LIGHT_ACTIVITY,44.9,45.1,4,5181,50,45.1,1,11,1,0,30.9,73.9,122.1,Light Activity,1,5181,53.3,45.1
synthetic_000172,ESP32_GREENHOUSE_01,2026-04-24T01:25:30.000Z,14,28.18,27.6,28.4,28.1,75.82,75.2,76.8,76.6,28.3,71.5,20.0,QUIET,59.9,60.2,0,194,39.8,31.7,12,0,0,0,28.3,75.2,20.0,Quiet,0,194,38.8,60.2
synthetic_000598,ESP32_GREENHOUSE_01,2026-04-24T04:58:30.000Z,14,29.58,29.3,29.8,29.4,72.57,72.1,73.5,72.6,45.8,48.9,48.3,QUIET,57.3,57.2,1,287,77.4,77.9,15,0,0,0,29.7,72.8,48.3,Quiet,0,287,74.7,57.2
synthetic_001341,ESP32_GREENHOUSE_01,2026-04-24T11:10:00.000Z,14,32.56,32.0,32.7,32.5,64.17,62.7,64.4,63.7,173.1,298.8,166.7,RESTLESS,39.4,39.6,9,19632,412.3,403.1,0,2,11,0,32.7,64.2,166.7,Restless,1,19632,407.3,39.6
synthetic_001809,ESP32_GREENHOUSE_01,2026-04-24T15:04:00.000Z,14,32.14,31.6,32.8,32.1,67.56,66.3,67.6,68.5,613.8,687.7,524.7,CRYING,21.0,24.5,13,17559,499.9,505.8,0,0,1,13,32.0,66.6,524.7,CRYING,1,17559,504.0,24.5
synthetic_002397,ESP32_GREENHOUSE_01,2026-04-24T19:58:00.000Z,15,29.21,28.8,29.8,29.0,66.65,66.1,67.5,65.7,396.2,911.5,477.4,CRYING,38.3,35.1,8,16737,241.1,245.9,0,0,1,12,29.3,65.7,477.4,CRYING,1,16737,239.3,35.1
synthetic_001975,ESP32_GREENHOUSE_01,2026-04-24T16:27:00.000Z,15,31.84,31.3,32.5,31.6,62.42,61.9,63.1,61.6,556.7,813.4,451.9,CRYING,27.3,31.4,13,25495,434.0,432.3,0,0,0,13,31.9,62.7,451.9,CRYING,1,25495,438.6,31.4
synthetic_001506,ESP32_GREENHOUSE_01,2026-04-24T12:32:30.000Z,14,33.41,33.1,34.0,33.2,62.73,61.3,63.3,63.6,181.3,329.2,220.6,RESTLESS,40.0,38.4,12,19720,459.9,450.3,0,3,9,0,33.3,62.5,220.6,Restless,1,19720,455.9,38.4
synthetic_000341,ESP32_GREENHOUSE_01,2026-04-24T02:50:00.000Z,14,28.8,28.4,29.1,28.5,70.99,69.7,71.6,70.9,20.2,51.7,13.3,QUIET,61.5,61.7,1,474,57.5,57.4,12,2,0,0,29.0,70.7,13.3,Quiet,0,474,59.5,61.7
synthetic_000654,ESP32_GREENHOUSE_01,2026-04-24T05:26:30.000Z,14,30.13,29.4,30.4,30.0,74.66,73.3,76.0,75.3,91.4,179.7,93.2,LIGHT_ACTIVITY,52.6,52.6,2,3793,71.4,65.5,3,9,1,0,30.3,75.1,93.2,Light Activity,0,3793,73.2,52.6
synthetic_000004,ESP32_GREENHOUSE_01,2026-04-24T00:01:30.000Z,14,29.07,28.4,29.5,28.8,71.21,69.8,72.1,71.6,13.4,61.1,18.4,QUIET,60.8,60.6,2,664,49.0,43.3,12,0,0,0,29.1,72.0,18.4,Quiet,0,664,50.4,60.6
synthetic_001689,ESP32_GREENHOUSE_01,2026-04-24T14:04:00.000Z,14,32.17,31.7,32.9,32.4,64.51,63.3,64.7,65.0,308.1,308.1,304.5,RESTLESS,34.8,34.9,9,15693,474.7,483.7,1,2,11,2,32.0,65.1,304.5,Restless,1,15693,479.3,34.9
synthetic_002029,ESP32_GREENHOUSE_01,2026-04-24T16:54:00.000Z,15,32.16,31.7,32.6,31.9,64.05,63.2,64.4,63.4,451.7,1006.1,360.4,CRYING,29.5,33.1,8,22941,488.9,487.6,0,0,1,15,32.2,64.6,360.4,CRYING,1,22941,485.9,33.1
synthetic_001330,ESP32_GREENHOUSE_01,2026-04-24T11:04:30.000Z,14,32.3,31.7,32.5,32.5,66.75,65.8,67.3,66.9,109.8,270.0,148.8,RESTLESS,45.8,44.3,6,11784,406.9,397.9,0,1,12,2,32.4,67.7,148.8,Restless,1,11784,411.0,44.3
synthetic_001089,ESP32_GREENHOUSE_01,2026-04-24T09:04:00.000Z,14,31.08,30.9,31.9,31.2,73.08,71.6,73.9,73.9,97.0,147.7,103.6,LIGHT_ACTIVITY,50.8,50.5,3,2594,321.4,321.2,1,11,2,0,31.1,72.1,103.6,Light Activity,0,2594,321.1,50.5
synthetic_001898,ESP32_GREENHOUSE_01,2026-04-24T15:48:30.000Z,14,31.83,31.5,32.5,31.8,64.04,63.4,64.4,64.3,559.5,1023,654.9,CRYING,26.2,22.5,14,29994,500,497.9,0,0,1,14,31.7,64.3,654.9,CRYING,1,29994,496.5,22.5
synthetic_000942,ESP32_GREENHOUSE_01,2026-04-24T07:50:30.000Z,14,31.73,31.6,32.4,31.5,72.47,72.4,73.5,72.8,86.6,203.7,94.2,LIGHT_ACTIVITY,44.7,44.4,7,6844,72.2,79.0,2,12,1,0,31.6,72.6,94.2,Light Activity,1,6844,68.8,44.4
synthetic_000167,ESP32_GREENHOUSE_01,2026-04-24T01:23:00.000Z,14,28.64,28.1,28.9,28.8,73.42,72.9,73.6,73.2,6.7,72.7,5.5,QUIET,60.9,61.0,1,1087,11.0,12.8,13,0,0,0,28.5,74.1,5.5,Quiet,0,1087,9.0,61.0
synthetic_002095,ESP32_GREENHOUSE_01,2026-04-24T17:27:00.000Z,14,31.1,30.9,31.4,30.9,62.2,60.9,63.0,62.9,533.6,825.2,553.1,CRYING,30.4,29.7,8,18399,401.3,396.4,0,0,1,12,30.9,62.7,553.1,CRYING,1,18399,396.4,29.7
synthetic_001289,ESP32_GREENHOUSE_01,2026-04-24T10:44:00.000Z,14,32.04,31.4,32.5,32.0,69.45,68.6,69.6,69.5,212.7,362.5,176.2,RESTLESS,35.8,37.2,7,17258,368.9,377.7,1,1,10,2,32.2,70.3,176.2,Restless,1,17258,372.0,37.2
synthetic_000007,ESP32_GREENHOUSE_01,2026-04-24T00:03:00.000Z,14,29.06,28.9,29.4,29.4,68.04,66.8,68.4,67.5,19.2,42.4,25.0,QUIET,62.6,62.4,0,1226,47.1,48.4,14,1,0,0,28.9,68.5,25.0,Quiet,0,1226,50.3,62.4
synthetic_000825,ESP32_GREENHOUSE_01,2026-04-24T06:52:00.000Z,15,30.4,30.2,30.9,30.6,71.22,70.4,72.0,71.3,78.7,141.0,73.9,LIGHT_ACTIVITY,54.5,54.7,6,2653,50,50.4,3,13,2,0,30.5,70.5,73.9,Light Activity,1,2653,50.3,54.7
synthetic_001164,ESP32_GREENHOUSE_01,2026-04-24T09:41:30.000Z,14,31.61,31.0,31.8,31.6,70.34,70.0,71.8,70.8,87.9,156.1,81.0,LIGHT_ACTIVITY,51.3,51.6,6,3877,309.1,306.2,1,9,2,0,31.4,70.8,81.0,Light Activity,1,3877,308.2,51.6
synthetic_002098,ESP32_GREENHOUSE_01,2026-04-24T17:28:30.000Z,15,30.5,29.8,31.0,30.7,68.92,67.6,69.9,68.8,603.6,695.7,586.3,CRYING,25.2,25.9,13,21276,388.8,384.3,0,0,2,15,30.4,69.1,586.3,CRYING,1,21276,384.4,25.9
synthetic_001215,ESP32_GREENHOUSE_01,2026-04-24T10:07:00.000Z,14,31.64,31.0,31.9,31.9,68.31,67.2,69.7,67.5,180.2,299.9,211.0,RESTLESS,38.9,37.7,9,18178,347.2,345.0,1,1,8,0,31.8,68.1,211.0,Restless,1,18178,349.5,37.7
synthetic_001824,ESP32_GREENHOUSE_01,2026-04-24T15:11:30.000Z,14,31.91,31.2,32.6,31.8,67.2,65.8,68.0,66.3,362.9,836.2,372.1,CRYING,31.7,31.4,11,15450,479.3,472.2,0,0,1,12,31.7,66.6,372.1,CRYING,1,15450,477.0,31.4
synthetic_000107,ESP32_GREENHOUSE_01,2026-04-24T00:53:00.000Z,15,28.5,27.8,29.2,28.3,71.96,71.8,72.2,71.3,19.5,45.8,18.8,QUIET,61.7,61.7,1,1097,47.1,47.6,14,0,0,0,28.6,71.5,18.8,Quiet,0,1097,46.1,61.7
synthetic_001479,ESP32_GREENHOUSE_01,2026-04-24T12:19:00.000Z,14,32.82,32.1,33.6,33.1,64.49,64.2,65.7,64.7,146.2,263.0,152.1,RESTLESS,45.2,45.0,11,12365,476.9,472.2,1,4,8,0,32.8,63.8,152.1,Restless,1,12365,472.4,45.0
synthetic_000692,ESP32_GREENHOUSE_01,2026-04-24T05:45:30.000Z,15,29.61,28.9,30.1,29.9,74.34,73.5,74.9,75.0,73.2,188.7,76.0,LIGHT_ACTIVITY,55.0,54.9,4,4534,78.5,74.2,0,11,0,0,29.7,73.7,76.0,Light Activity,1,4534,75.1,54.9
synthetic_002317,ESP32_GREENHOUSE_01,2026-04-24T19:18:00.000Z,14,30.22,29.6,30.9,30.2,68.11,66.8,68.2,67.9,438.6,521.2,491.3,CRYING,32.9,30.9,8,16917,256.6,263.8,0,0,1,12,30.4,68.5,491.3,CRYING,1,16917,261.1,30.9
synthetic_001025,ESP32_GREENHOUSE_01,2026-04-24T08:32:00.000Z,15,31.74,31.1,32.5,31.8,68.21,68.0,69.5,68.3,74.3,176.1,82.8,LIGHT_ACTIVITY,47.8,47.5,4,7067,202.0,212.0,0,10,1,0,31.6,67.9,82.8,Light Activity,1,7067,206.4,47.5
synthetic_001022,ESP32_GREENHOUSE_01,2026-04-24T08:30:30.000Z,14,31.96,31.5,32.5,32.1,68.77,67.3,69.4,69.1,97.6,140.4,108.4,LIGHT_ACTIVITY,51.0,50.5,6,1771,200.2,207.8,1,9,0,0,31.9,68.2,108.4,Light Activity,1,1771,203.2,50.5
synthetic_001066,ESP32_GREENHOUSE_01,2026-04-24T08:52:30.000Z,14,31.24,31.0,31.5,31.1,71.46,71.4,72.2,71.7,96.6,109.2,100.6,LIGHT_ACTIVITY,51.3,51.2,5,4390,195.4,204.1,2,11,0,0,31.0,72.1,100.6,Light Activity,1,4390,198.7,51.2
synthetic_002206,ESP32_GREENHOUSE_01,2026-04-24T18:22:30.000Z,15,30.13,29.7,30.5,30.0,68.57,68.3,69.0,69.5,509.9,623.7,637.4,CRYING,30.1,25.1,8,20128,365.4,365.4,0,0,2,13,30.1,69.3,637.4,CRYING,1,20128,365.9,25.1
synthetic_001140,ESP32_GREENHOUSE_01,2026-04-24T09:29:30.000Z,15,31.67,31.1,32.0,31.5,72.7,72.5,72.9,72.6,88.1,98.7,86.9,LIGHT_ACTIVITY,49.7,49.7,7,1678,261.0,266.7,3,13,0,0,31.6,71.7,86.9,Light Activity,1,1678,257.5,49.7
synthetic_000579,ESP32_GREENHOUSE_01,2026-04-24T04:49:00.000Z,15,29.48,29.3,29.6,29.4,71.73,70.9,72.4,71.3,26.0,41.7,27.8,QUIET,58.9,58.8,1,511,73.6,73.0,14,2,0,0,29.6,70.9,27.8,Quiet,0,511,78.4,58.8
synthetic_001769,ESP32_GREENHOUSE_01,2026-04-24T14:44:00.000Z,14,31.87,31.4,32.3,31.6,64.6,63.3,65.6,64.7,187.0,276.3,206.3,RESTLESS,45.3,44.6,7,9829,500,506.6,1,2,10,0,31.9,64.7,206.3,Restless,1,9829,495.3,44.6
synthetic_001895,ESP32_GREENHOUSE_01,2026-04-24T15:47:00.000Z,15,32.05,31.7,32.8,32.2,71.14,69.8,71.2,70.8,345.9,1023,308.5,CRYING,29.5,31.0,12,19017,477.6,471.4,0,0,1,14,32.0,71.1,308.5,CRYING,1,19017,481.1,31.0
synthetic_001150,ESP32_GREENHOUSE_01,2026-04-24T09:34:30.000Z,14,31.87,31.7,32.6,32.0,66.5,66.0,66.6,66.9,88.6,233.9,98.8,LIGHT_ACTIVITY,53.0,52.6,3,3812,249.7,250.5,1,12,1,0,31.8,66.4,98.8,Light Activity,0,3812,250.2,52.6
synthetic_000459,ESP32_GREENHOUSE_01,2026-04-24T03:49:00.000Z,15,28.99,28.2,29.4,28.9,72.27,71.1,73.3,71.8,45.4,56.3,43.4,QUIET,59.1,59.2,2,648,32.7,37.1,12,0,0,0,29.2,73.2,43.4,Quiet,0,648,36.3,59.2
synthetic_002045,ESP32_GREENHOUSE_01,2026-04-24T17:02:00.000Z,14,30.28,29.6,31.0,30.1,66.68,65.7,66.9,65.7,538.8,769.9,510.2,CRYING,29.7,30.8,12,25281,458.7,464.3,0,0,2,12,30.3,67.4,510.2,CRYING,1,25281,458.3,30.8
synthetic_001248,ESP32_GREENHOUSE_01,2026-04-24T10:23:30.000Z,14,32.44,31.9,32.9,32.3,67.36,66.4,67.4,66.5,159.2,281.6,156.8,RESTLESS,43.1,43.2,8,13002,390.3,393.0,0,4,11,1,32.4,66.4,156.8,Restless,1,13002,385.4,43.2
synthetic_000509,ESP32_GREENHOUSE_01,2026-04-24T04:14:00.000Z,15,29.75,29.5,30.1,29.9,72.43,71.0,72.6,71.5,27.7,50.9,32.3,QUIET,57.6,57.4,2,949,70.1,76.1,15,2,0,0,29.9,71.6,32.3,Quiet,0,949,67.6,57.4
synthetic_001691,ESP32_GREENHOUSE_01,2026-04-24T14:05:00.000Z,15,32.32,31.8,33.0,32.0,64.63,63.2,65.5,65.1,233.5,362.3,250.1,RESTLESS,37.2,36.6,7,16275,500,509.0,0,4,11,0,32.3,63.8,250.1,Restless,1,16275,503.3,36.6
synthetic_000273,ESP32_GREENHOUSE_01,2026-04-24T02:16:00.000Z,14,28.86,28.3,29.0,29.1,72.94,72.7,73.9,73.7,31.8,58.2,27.8,QUIET,59.6,59.8,0,116,11.7,13.0,13,2,0,0,29.0,73.7,27.8,Quiet,0,116,13.7,59.8
synthetic_001936,ESP32_GREENHOUSE_01,2026-04-24T16:07:30.000Z,14,31.43,31.2,32.0,31.5,64.46,63.9,65.4,64.8,672.8,791.0,671.3,CRYING,22.7,22.7,13,26486,429.5,432.5,0,0,1,12,31.4,63.8,671.3,CRYING,1,26486,430.8,22.7
synthetic_000070,ESP32_GREENHOUSE_01,2026-04-24T00:34:30.000Z,14,28.81,28.2,29.2,28.9,69.33,68.0,69.4,68.8,21.4,82.3,23.8,QUIET,62.4,62.3,0,78,65.4,58.4,14,1,0,0,29.0,69.5,23.8,Quiet,0,78,64.6,62.3
synthetic_002077,ESP32_GREENHOUSE_01,2026-04-24T17:18:00.000Z,14,31.0,30.6,31.6,31.1,66.89,66.5,67.1,66.7,528.8,723.7,571.8,CRYING,28.0,26.3,15,19615,392.3,401.0,0,0,1,15,30.9,66.8,571.8,CRYING,1,19615,393.9,26.3
synthetic_001539,ESP32_GREENHOUSE_01,2026-04-24T12:49:00.000Z,14,32.92,32.4,33.5,33.0,66.75,65.9,67.6,67.0,176.5,264.2,177.8,RESTLESS,42.6,42.6,12,14305,409.6,417.8,0,3,9,2,32.9,66.5,177.8,Restless,1,14305,409.3,42.6
synthetic_001211,ESP32_GREENHOUSE_01,2026-04-24T10:05:00.000Z,14,32.06,31.8,32.4,32.2,68.13,67.4,68.4,68.0,203.5,237.6,164.7,RESTLESS,36.9,38.5,8,20835,350.1,344.1,1,2,10,2,32.0,68.2,164.7,Restless,1,20835,351.1,38.5
synthetic_000033,ESP32_GREENHOUSE_01,2026-04-24T00:16:00.000Z,15,28.61,28.2,28.8,28.3,74.76,73.3,75.5,75.4,30.1,57.6,34.8,QUIET,59.2,59.1,0,25,62.7,60.7,14,1,0,0,28.4,75.0,34.8,Quiet,0,25,58.2,59.1
synthetic_001210,ESP32_GREENHOUSE_01,2026-04-24T10:04:30.000Z,15,32.55,32.1,33.1,32.8,67.32,66.4,68.5,67.5,226.9,347.0,218.1,RESTLESS,40.3,40.6,7,8577,403.2,397.9,0,2,11,1,32.6,66.5,218.1,Restless,1,8577,400.7,40.6
synthetic_002102,ESP32_GREENHOUSE_01,2026-04-24T17:30:30.000Z,15,31.74,31.2,31.9,31.6,64.48,63.6,65.1,64.5,339.4,738.7,365.5,CRYING,34.8,33.8,8,25288,458.5,466.6,0,0,2,14,31.8,64.2,365.5,CRYING,1,25288,463.0,33.8
synthetic_000988,ESP32_GREENHOUSE_01,2026-04-24T08:13:30.000Z,14,30.86,30.1,31.0,30.8,68.91,67.5,69.3,68.2,84.8,198.7,94.2,LIGHT_ACTIVITY,49.5,49.1,5,5049,205.4,202.4,1,13,0,0,31.0,69.5,94.2,Light Activity,1,5049,205.9,49.1
synthetic_001294,ESP32_GREENHOUSE_01,2026-04-24T10:46:30.000Z,14,32.98,32.4,33.2,32.8,71.39,70.9,71.5,71.4,179.2,214.8,174.0,RESTLESS,39.6,39.8,10,10429,343.0,350.3,1,2,8,2,32.9,72.3,174.0,Restless,1,10429,338.1,39.8
synthetic_001005,ESP32_GREENHOUSE_01,2026-04-24T08:22:00.000Z,15,31.55,31.0,32.3,31.7,69.25,68.9,70.6,68.6,82.7,114.2,81.9,LIGHT_ACTIVITY,52.4,52.4,3,3723,221.1,219.3,3,9,1,0,31.4,70.1,81.9,Light Activity,0,3723,222.3,52.4
synthetic_001877,ESP32_GREENHOUSE_01,2026-04-24T15:38:00.000Z,14,31.54,30.8,31.9,31.4,62.6,61.6,64.1,62.7,473.3,630.8,491.5,CRYING,31.3,30.6,13,15519,500,502.3,0,0,2,14,31.6,63.4,491.5,CRYING,1,15519,502.8,30.6
synthetic_001643,ESP32_GREENHOUSE_01,2026-04-24T13:41:00.000Z,14,32.35,31.6,32.7,32.5,63.37,62.3,64.7,63.4,209.4,315.2,204.6,RESTLESS,43.9,44.1,6,13184,469.2,474.5,0,3,9,2,32.4,63.6,204.6,Restless,1,13184,473.8,44.1
synthetic_000906,ESP32_GREENHOUSE_01,2026-04-24T07:32:30.000Z,14,31.18,30.4,31.7,31.0,70.86,70.2,72.1,70.2,79.6,192.2,80.9,LIGHT_ACTIVITY,52.5,52.5,3,3713,105.9,111.5,1,13,0,0,31.3,70.0,80.9,Light Activity,0,3713,105.4,52.5
synthetic_000922,ESP32_GREENHOUSE_01,2026-04-24T07:40:30.000Z,14,30.83,30.4,31.0,31.1,72.24,71.4,73.2,72.0,84.1,144.0,86.4,LIGHT_ACTIVITY,47.5,47.4,2,5615,86.8,88.8,2,12,1,0,30.7,72.1,86.4,Light Activity,0,5615,84.5,47.4
synthetic_001701,ESP32_GREENHOUSE_01,2026-04-24T14:10:00.000Z,15,32.15,31.9,32.7,32.0,63.65,62.4,64.5,63.4,156.6,330.7,187.0,RESTLESS,41.3,40.1,5,20430,499.1,499.6,0,4,11,1,32.0,64.6,187.0,Restless,1,20430,499.3,40.1
synthetic_002372,ESP32_GREENHOUSE_01,2026-04-24T19:45:30.000Z,14,29.75,29.6,30.3,29.8,68.92,67.7,70.0,69.8,577.4,744.2,516.6,CRYING,28.3,30.7,9,26320,337.3,343.5,0,0,0,13,29.9,67.9,516.6,CRYING,1,26320,338.7,30.7
synthetic_000608,ESP32_GREENHOUSE_01,2026-04-24T05:03:30.000Z,15,29.35,28.9,29.5,29.5,77.81,77.5,78.3,78.2,76.3,184.3,73.7,LIGHT_ACTIVITY,53.5,53.6,7,3522,19.4,28.9,1,9,2,0,29.5,77.3,73.7,Light Activity,1,3522,17.1,53.6
synthetic_000934,ESP32_GREENHOUSE_01,2026-04-24T07:46:30.000Z,14,31.53,31.2,32.2,31.3,73.3,73.3,73.8,72.9,75.3,160.7,61.2,LIGHT_ACTIVITY,45.2,45.8,6,7403,119.4,126.9,3,13,0,0,31.6,74.2,61.2,Light Activity,1,7403,115.3,45.8
synthetic_002229,ESP32_GREENHOUSE_01,2026-04-24T18:34:00.000Z,15,30.96,30.7,31.8,31.0,67.83,66.5,68.1,68.1,650.4,871.0,701.7,CRYING,22.7,20.7,15,22471,336.1,333.4,0,0,0,13,31.0,67.9,701.7,CRYING,1,22471,339.0,20.7
synthetic_002339,ESP32_GREENHOUSE_01,2026-04-24T19:29:00.000Z,14,30.15,29.6,30.6,29.9,65.24,63.8,66.6,64.4,505.7,1023,553.9,CRYING,32.3,30.4,8,25135,251.9,253.6,0,0,0,15,30.0,65.4,553.9,CRYING,1,25135,253.8,30.4
synthetic_002290,ESP32_GREENHOUSE_01,2026-04-24T19:04:30.000Z,14,30.08,29.5,30.7,30.1,70.28,68.8,70.4,69.3,361.3,902.6,301.7,CRYING,35.0,37.3,12,18325,311.4,314.8,0,0,2,15,30.2,69.4,301.7,CRYING,1,18325,313.8,37.3
synthetic_002217,ESP32_GREENHOUSE_01,2026-04-24T18:28:00.000Z,14,30.2,30.0,30.7,30.3,66.17,65.2,67.5,66.5,378.2,1023,358.9,CRYING,36.5,37.3,15,29591,332.6,325.0,0,0,2,15,30.1,66.8,358.9,CRYING,1,29591,333.7,37.3
synthetic_002182,ESP32_GREENHOUSE_01,2026-04-24T18:10:30.000Z,14,30.3,29.7,30.7,30.5,66.6,66.4,67.5,66.5,693.6,825.2,753.5,CRYING,23.7,21.3,9,22428,365.6,358.4,0,0,2,14,30.1,65.8,753.5,CRYING,1,22428,364.9,21.3
synthetic_001198,ESP32_GREENHOUSE_01,2026-04-24T09:58:30.000Z,14,32.3,32.0,32.5,32.1,69.7,69.6,69.9,70.1,87.3,168.8,86.6,LIGHT_ACTIVITY,49.8,49.9,2,2171,271.3,276.8,3,10,0,0,32.5,70.0,86.6,Light Activity,0,2171,274.8,49.9
synthetic_002051,ESP32_GREENHOUSE_01,2026-04-24T17:05:00.000Z,14,30.62,30.2,31.2,30.7,68.51,67.7,69.2,68.4,577.1,1023,588.6,CRYING,26.1,25.7,11,26719,404.0,400.1,0,0,2,15,30.7,68.6,588.6,CRYING,1,26719,399.6,25.7
synthetic_000324,ESP32_GREENHOUSE_01,2026-04-24T02:41:30.000Z,14,28.18,27.6,28.8,28.0,72.04,71.4,73.0,71.7,37.1,43.8,36.9,QUIET,61.9,61.9,1,1423,61.6,53.2,12,0,0,0,28.0,72.1,36.9,Quiet,0,1423,66.3,61.9
synthetic_000789,ESP32_GREENHOUSE_01,2026-04-24T06:34:00.000Z,15,30.95,30.6,31.6,30.8,71.68,70.6,71.7,71.8,101.8,168.7,102.0,LIGHT_ACTIVITY,51.8,51.8,2,3857,50,43.6,2,13,1,0,31.0,71.7,102.0,Light Activity,0,3857,48.6,51.8
synthetic_001440,ESP32_GREENHOUSE_01,2026-04-24T11:59:30.000Z,14,33.12,32.7,33.4,32.9,66.58,66.1,68.1,66.1,173.9,311.5,160.6,RESTLESS,42.8,43.4,12,12525,445.3,446.8,1,4,12,0,33.2,67.0,160.6,Restless,1,12525,450.1,43.4
synthetic_000843,ESP32_GREENHOUSE_01,2026-04-24T07:01:00.000Z,15,31.2,30.6,31.4,31.4,70.63,70.3,70.9,71.3,108.8,131.2,118.0,LIGHT_ACTIVITY,46.5,46.1,2,7875,64.1,60.2,1,12,2,0,31.3,71.6,118.0,Light Activity,0,7875,67.7,46.1
synthetic_001287,ESP32_GREENHOUSE_01,2026-04-24T10:43:00.000Z,14,32.51,31.8,33.1,32.3,69.27,68.5,70.2,69.1,251.4,347.9,229.3,RESTLESS,38.1,39.0,8,11304,338.6,344.5,0,3,12,1,32.7,68.9,229.3,Restless,1,11304,343.4,39.0
synthetic_001816,ESP32_GREENHOUSE_01,2026-04-24T15:07:30.000Z,14,32.0,31.7,32.2,32.1,64.72,63.8,65.1,64.1,568.7,1012.9,519.7,CRYING,25.0,26.9,9,17091,476.9,469.0,0,0,2,13,32.0,64.1,519.7,CRYING,1,17091,481.4,26.9
synthetic_000278,ESP32_GREENHOUSE_01,2026-04-24T02:18:30.000Z,15,29.06,28.3,29.2,29.0,72.88,72.4,74.0,72.7,27.0,57.7,27.3,QUIET,59.3,59.3,2,1317,37.2,31.4,14,1,0,0,29.1,72.9,27.3,Quiet,0,1317,41.6,59.3
synthetic_002221,ESP32_GREENHOUSE_01,2026-04-24T18:30:00.000Z,14,29.94,29.1,30.7,30.1,67.26,66.2,68.0,66.6,695.3,695.3,770.7,CRYING,24.2,21.2,12,18434,388.4,392.5,0,0,1,12,30.0,67.3,770.7,CRYING,1,18434,385.6,21.2
synthetic_002239,ESP32_GREENHOUSE_01,2026-04-24T18:39:00.000Z,14,29.92,29.5,30.1,29.8,65.21,63.9,66.6,64.3,435.3,758.9,510.7,CRYING,35.7,32.7,12,23098,400.8,398.5,0,0,1,13,29.8,66.2,510.7,CRYING,1,23098,405.1,32.7
synthetic_001755,ESP32_GREENHOUSE_01,2026-04-24T14:37:00.000Z,15,32.62,31.9,33.1,32.6,65.81,64.8,66.3,65.7,123.9,341.0,154.6,RESTLESS,45.3,44.1,11,12920,500,493.0,1,2,11,2,32.6,65.0,154.6,Restless,1,12920,495.1,44.1
synthetic_001532,ESP32_GREENHOUSE_01,2026-04-24T12:45:30.000Z,15,32.52,31.8,32.8,32.6,68.1,67.0,68.2,67.2,148.2,243.3,193.9,RESTLESS,42.9,41.1,9,11753,478.2,484.0,1,4,11,0,32.7,68.2,193.9,Restless,1,11753,483.1,41.1
synthetic_001328,ESP32_GREENHOUSE_01,2026-04-24T11:03:30.000Z,14,32.09,31.6,32.4,32.2,66.76,66.0,68.0,66.0,166.2,348.9,135.3,RESTLESS,39.2,40.4,9,18856,420.2,421.0,1,3,11,0,32.0,67.7,135.3,Restless,1,18856,421.0,40.4
synthetic_001393,ESP32_GREENHOUSE_01,2026-04-24T11:36:00.000Z,15,32.06,31.3,32.2,32.0,65.6,64.3,66.0,65.9,158.6,363.4,131.2,RESTLESS,45.3,46.4,9,13790,449.9,442.6,1,3,12,1,32.1,64.8,131.2,Restless,1,13790,446.0,46.4
synthetic_000770,ESP32_GREENHOUSE_01,2026-04-24T06:24:30.000Z,14,30.11,29.7,30.8,30.3,70.86,69.8,71.3,70.7,96.9,175.0,102.5,LIGHT_ACTIVITY,49.9,49.6,7,5519,50,54.9,1,12,2,0,30.0,71.6,102.5,Light Activity,1,5519,54.8,49.6
synthetic_001592,ESP32_GREENHOUSE_01,2026-04-24T13:15:30.000Z,15,32.32,32.1,32.4,32.1,67.44,66.4,68.0,66.5,223.3,339.7,196.0,RESTLESS,40.9,41.9,12,10352,500,507.8,1,3,10,2,32.2,68.1,196.0,Restless,1,10352,499.7,41.9
synthetic_001070,ESP32_GREENHOUSE_01,2026-04-24T08:54:30.000Z,15,31.8,31.7,32.4,31.7,71.7,71.5,73.0,72.4,69.4,160.5,70.4,LIGHT_ACTIVITY,45.7,45.6,7,7736,194.6,200.6,0,10,2,0,32.0,71.4,70.4,Light Activity,1,7736,194.9,45.6
synthetic_001635,ESP32_GREENHOUSE_01,2026-04-24T13:37:00.000Z,14,32.93,32.2,33.1,33.0,66.66,66.5,68.0,66.2,163.4,494.7,146.4,RESTLESS,43.2,43.9,9,10943,500,499.8,1,4,9,2,33.0,67.5,146.4,Restless,1,10943,501.6,43.9
synthetic_000460,ESP32_GREENHOUSE_01,2026-04-24T03:49:30.000Z,15,28.99,28.7,29.2,28.8,73.38,72.4,74.8,73.1,16.0,43.6,9.6,QUIET,59.6,59.8,0,860,62.2,59.5,13,2,0,0,28.9,73.0,9.6,Quiet,0,860,65.4,59.8
synthetic_001047,ESP32_GREENHOUSE_01,2026-04-24T08:43:00.000Z,14,32.0,31.5,32.2,32.0,67.17,66.6,68.1,67.2,91.7,157.3,89.5,LIGHT_ACTIVITY,52.1,52.2,4,3344,163.1,158.8,0,9,2,0,32.1,66.7,89.5,Light Activity,1,3344,161.4,52.2
synthetic_000031,ESP32_GREENHOUSE_01,2026-04-24T00:15:00.000Z,14,28.78,28.4,29.1,28.9,71.97,71.4,72.8,71.7,30.7,63.3,24.3,QUIET,60.5,60.7,1,35,59.8,69.7,12,1,0,0,28.8,71.7,24.3,Quiet,0,35,59.3,60.7
synthetic_002135,ESP32_GREENHOUSE_01,2026-04-24T17:47:00.000Z,14,31.52,31.4,32.1,31.4,67.84,67.4,68.3,68.6,671.5,784.4,598.7,CRYING,20.3,23.2,10,26174,452.8,456.8,0,0,0,14,31.5,67.5,598.7,CRYING,1,26174,451.4,23.2
synthetic_000244,ESP32_GREENHOUSE_01,2026-04-24T02:01:30.000Z,14,28.02,27.6,28.7,27.7,77.39,75.9,78.2,77.2,42.3,63.6,33.7,QUIET,58.8,59.1,2,1075,50.0,54.7,12,2,0,0,28.0,77.4,33.7,Quiet,0,1075,51.3,59.1
synthetic_000945,ESP32_GREENHOUSE_01,2026-04-24T07:52:00.000Z,14,31.84,31.7,32.2,31.8,70.45,69.6,70.5,70.1,71.9,187.3,80.7,LIGHT_ACTIVITY,51.3,50.9,6,4246,104.1,103.6,1,12,1,0,31.8,69.6,80.7,Light Activity,1,4246,104.0,50.9
synthetic_001056,ESP32_GREENHOUSE_01,2026-04-24T08:47:30.000Z,14,31.62,30.9,32.1,31.6,68.89,68.6,70.3,68.7,79.3,153.3,91.5,LIGHT_ACTIVITY,52.6,52.1,3,3248,206.6,211.1,1,10,1,0,31.7,68.0,91.5,Light Activity,0,3248,205.6,52.1
synthetic_001575,ESP32_GREENHOUSE_01,2026-04-24T13:07:00.000Z,14,32.27,32.2,32.8,32.1,66.35,65.5,66.7,66.7,199.7,199.7,219.4,RESTLESS,37.6,36.8,10,15805,482.4,483.8,0,1,8,1,32.2,66.3,219.4,Restless,1,15805,479.5,36.8
synthetic_000214,ESP32_GREENHOUSE_01,2026-04-24T01:46:30.000Z,15,28.05,27.4,28.5,27.8,72.36,71.4,73.1,73.3,25.6,48.0,18.2,QUIET,62.5,62.8,1,727,47.7,55.1,14,2,0,0,28.1,73.2,18.2,Quiet,0,727,46.9,62.8
synthetic_000092,ESP32_GREENHOUSE_01,2026-04-24T00:45:30.000Z,14,28.82,28.3,29.4,29.1,76.67,75.3,76.9,77.4,19.2,64.9,14.5,QUIET,57.9,58.1,2,121,32.5,26.0,12,2,0,0,29.0,77.7,14.5,Quiet,0,121,31.5,58.1
synthetic_000999,ESP32_GREENHOUSE_01,2026-04-24T08:19:00.000Z,14,31.3,31.1,31.7,31.3,70.77,70.3,71.4,69.9,75.5,186.5,91.1,LIGHT_ACTIVITY,47.4,46.8,6,5022,151.4,151.8,2,9,1,0,31.4,71.3,91.1,Light Activity,1,5022,150.0,46.8
synthetic_002271,ESP32_GREENHOUSE_01,2026-04-24T18:55:00.000Z,14,30.29,29.5,30.9,30.1,64.5,63.8,64.7,64.0,528.7,749.2,546.0,CRYING,31.5,30.8,15,28217,390.0,384.1,0,0,0,12,30.3,64.3,546.0,CRYING,1,28217,393.9,30.8
synthetic_000908,ESP32_GREENHOUSE_01,2026-04-24T07:33:30.000Z,14,30.77,30.6,31.2,30.6,70.29,68.9,71.4,69.6,106.5,134.0,107.0,LIGHT_ACTIVITY,53.0,53.0,6,3996,103.9,107.4,0,9,0,0,30.9,70.8,107.0,Light Activity,1,3996,101.1,53.0
synthetic_001379,ESP32_GREENHOUSE_01,2026-04-24T11:29:00.000Z,14,32.37,32.0,33.1,32.1,67.5,67.0,68.4,66.9,159.3,352.4,109.7,RESTLESS,43.2,45.1,8,12548,337.7,336.8,0,1,12,0,32.4,66.6,109.7,Restless,1,12548,339.7,45.1
synthetic_000814,ESP32_GREENHOUSE_01,2026-04-24T06:46:30.000Z,15,30.94,30.6,31.4,31.1,71.33,70.2,72.1,72.2,87.5,203.6,85.6,LIGHT_ACTIVITY,52.6,52.7,2,2412,50,54.7,1,10,0,0,31.1,71.2,85.6,Light Activity,0,2412,54.0,52.7
synthetic_001410,ESP32_GREENHOUSE_01,2026-04-24T11:44:30.000Z,15,32.79,32.2,33.4,32.5,67.06,66.7,67.1,66.2,191.4,274.1,122.8,RESTLESS,36.9,39.5,9,18352,397.0,399.0,1,3,10,2,32.8,68.0,122.8,Restless,1,18352,393.5,39.5
synthetic_000402,ESP32_GREENHOUSE_01,2026-04-24T03:20:30.000Z,14,29.1,28.9,29.3,28.9,71.92,71.8,72.0,71.4,38.1,62.1,39.5,QUIET,59.3,59.3,1,902,73.2,72.9,12,2,0,0,29.2,70.9,39.5,Quiet,0,902,70.9,59.3
synthetic_000765,ESP32_GREENHOUSE_01,2026-04-24T06:22:00.000Z,15,30.34,29.7,30.6,30.2,71.17,70.9,72.1,70.6,83.2,179.0,84.1,LIGHT_ACTIVITY,54.6,54.5,2,4164,50,48.4,2,12,0,0,30.4,72.1,84.1,Light Activity,0,4164,46.0,54.5
synthetic_000203,ESP32_GREENHOUSE_01,2026-04-24T01:41:00.000Z,15,28.73,28.2,29.4,28.7,70.26,70.1,71.6,69.5,5,31.0,5,QUIET,62.7,62.7,2,1136,22.5,17.1,15,1,0,0,28.8,71.2,5,Quiet,0,1136,18.5,62.7
synthetic_000874,ESP32_GREENHOUSE_01,2026-04-24T07:16:30.000Z,15,31.34,30.8,31.6,31.2,70.06,69.2,70.6,69.4,98.2,156.6,110.0,LIGHT_ACTIVITY,51.9,51.4,4,1638,73.8,73.3,0,13,2,0,31.1,69.3,110.0,Light Activity,1,1638,71.3,51.4
synthetic_000636,ESP32_GREENHOUSE_01,2026-04-24T05:17:30.000Z,14,29.98,29.4,30.4,30.1,72.11,71.8,73.3,72.5,93.4,154.3,88.4,LIGHT_ACTIVITY,54.6,54.8,2,1531,16.4,16.3,3,10,0,0,30.1,72.0,88.4,Light Activity,0,1531,18.7,54.8
synthetic_002370,ESP32_GREENHOUSE_01,2026-04-24T19:44:30.000Z,14,29.92,29.7,30.5,30.2,72.06,71.1,72.9,71.6,629.6,852.7,714.1,CRYING,23.8,20.5,13,15238,281.6,288.9,0,0,0,15,30.0,71.3,714.1,CRYING,1,15238,286.1,20.5
synthetic_000155,ESP32_GREENHOUSE_01,2026-04-24T01:17:00.000Z,14,28.15,28.0,28.5,28.4,72.33,71.7,73.8,72.6,25.4,41.2,34.1,QUIET,62.2,61.9,1,354,18.4,25.1,13,0,0,0,28.1,73.2,34.1,Quiet,0,354,22.5,61.9
synthetic_001345,ESP32_GREENHOUSE_01,2026-04-24T11:12:00.000Z,15,32.64,32.4,33.4,32.8,66.86,65.4,68.1,66.5,163.5,341.3,156.6,RESTLESS,43.1,43.3,5,13314,433.6,443.5,0,4,11,2,32.5,66.5,156.6,Restless,1,13314,437.3,43.3
synthetic_000661,ESP32_GREENHOUSE_01,2026-04-24T05:30:00.000Z,14,30.24,29.6,30.8,30.0,69.36,68.7,69.5,70.2,80.4,207.2,78.7,LIGHT_ACTIVITY,56.1,56.2,2,1754,23.4,26.6,2,9,0,0,30.0,69.6,78.7,Light Activity,0,1754,21.8,56.2
synthetic_001129,ESP32_GREENHOUSE_01,2026-04-24T09:24:00.000Z,14,32.67,32.0,32.8,32.4,67.47,66.8,68.9,66.8,96.9,184.7,103.4,LIGHT_ACTIVITY,50.3,50.0,3,2312,269.0,261.4,3,11,0,0,32.7,67.7,103.4,Light Activity,0,2312,273.0,50.0
synthetic_000862,ESP32_GREENHOUSE_01,2026-04-24T07:10:30.000Z,14,32.38,32.1,32.7,32.3,72.11,71.0,72.2,72.2,65.3,206.2,59.2,LIGHT_ACTIVITY,49.0,49.2,6,3100,85.1,79.5,1,10,1,0,32.5,71.6,59.2,Light Activity,1,3100,89.7,49.2
synthetic_000919,ESP32_GREENHOUSE_01,2026-04-24T07:39:00.000Z,14,30.74,30.2,31.1,30.6,70.06,69.1,71.0,69.9,109.2,204.1,102.8,LIGHT_ACTIVITY,48.1,48.4,5,7792,101.2,91.8,1,10,0,0,30.7,70.0,102.8,Light Activity,1,7792,100.1,48.4
synthetic_001334,ESP32_GREENHOUSE_01,2026-04-24T11:06:30.000Z,15,32.24,31.6,32.5,32.4,65.05,64.6,66.5,65.7,196.1,290.4,209.7,RESTLESS,38.7,38.1,10,21855,395.3,400.2,0,2,10,0,32.2,65.5,209.7,Restless,1,21855,395.7,38.1
synthetic_002193,ESP32_GREENHOUSE_01,2026-04-24T18:16:00.000Z,15,30.41,30.1,30.9,30.1,67.04,66.0,67.9,67.6,498.9,960.6,442.4,CRYING,30.7,32.9,11,28489,334.1,335.3,0,0,0,14,30.3,66.5,442.4,CRYING,1,28489,330.3,32.9
synthetic_000546,ESP32_GREENHOUSE_01,2026-04-24T04:32:30.000Z,14,28.76,28.0,29.2,28.8,73.92,72.9,74.4,73.6,22.7,41.5,30.5,QUIET,59.6,59.3,0,75,58.1,67.5,15,0,0,0,28.8,74.4,30.5,Quiet,0,75,55.8,59.3
synthetic_001461,ESP32_GREENHOUSE_01,2026-04-24T12:10:00.000Z,15,32.35,32.0,33.1,32.2,66.76,65.9,67.7,66.7,202.1,298.1,194.0,RESTLESS,42.0,42.4,9,13824,450.3,456.5,0,4,10,1,32.4,66.5,194.0,Restless,1,13824,447.6,42.4
synthetic_001008,ESP32_GREENHOUSE_01,2026-04-24T08:23:30.000Z,15,32.18,31.7,32.6,32.3,70.11,70.1,70.6,69.7,78.4,168.0,77.0,LIGHT_ACTIVITY,45.3,45.3,5,7897,212.0,212.7,2,10,2,0,32.3,69.9,77.0,Light Activity,1,7897,214.6,45.3
synthetic_002327,ESP32_GREENHOUSE_01,2026-04-24T19:23:00.000Z,14,30.14,29.4,30.8,29.8,66.22,64.9,67.0,65.4,504.3,784.8,435.4,CRYING,31.8,34.4,15,18148,258.3,253.6,0,0,2,12,30.3,65.7,435.4,CRYING,1,18148,258.6,34.4
synthetic_002369,ESP32_GREENHOUSE_01,2026-04-24T19:44:00.000Z,14,30.25,29.5,30.6,30.0,65.56,64.9,65.7,65.0,450.8,947.1,429.5,CRYING,33.9,34.8,9,25961,256.3,260.1,0,0,2,15,30.4,65.8,429.5,CRYING,1,25961,254.5,34.8
synthetic_000160,ESP32_GREENHOUSE_01,2026-04-24T01:19:30.000Z,14,28.07,27.7,28.3,28.1,74.07,72.6,75.4,74.4,26.0,26.2,31.1,QUIET,61.3,61.1,1,1410,34.1,37.7,12,1,0,0,28.0,73.9,31.1,Quiet,0,1410,29.3,61.1
synthetic_000728,ESP32_GREENHOUSE_01,2026-04-24T06:03:30.000Z,15,30.73,30.4,30.9,30.6,71.17,70.9,72.0,71.6,105.7,185.5,105.0,LIGHT_ACTIVITY,52.6,52.6,5,2722,50,51.1,2,13,0,0,30.5,71.1,105.0,Light Activity,1,2722,49.1,52.6
synthetic_001349,ESP32_GREENHOUSE_01,2026-04-24T11:14:00.000Z,14,32.33,32.0,32.8,32.5,67.76,67.7,69.1,67.2,252.1,294.6,282.7,RESTLESS,39.5,38.3,6,13711,411.3,410.5,0,2,8,0,32.4,66.9,282.7,Restless,1,13711,413.0,38.3
synthetic_000332,ESP32_GREENHOUSE_01,2026-04-24T02:45:30.000Z,14,29.1,28.5,29.7,29.3,79.71,79.7,80.7,80.1,37.6,38.7,34.2,QUIET,54.5,54.6,2,369,10.3,8.2,15,0,0,0,29.1,80.6,34.2,Quiet,0,369,13.7,54.6
synthetic_000507,ESP32_GREENHOUSE_01,2026-04-24T04:13:00.000Z,15,30.36,30.1,30.7,30.6,71.13,71.0,71.5,71.3,15.2,70.9,25.6,QUIET,57.2,56.8,0,43,41.8,41.7,15,0,0,0,30.5,70.9,25.6,Quiet,0,43,37.2,56.8
synthetic_000192,ESP32_GREENHOUSE_01,2026-04-24T01:35:30.000Z,14,28.93,28.2,29.3,28.9,71.82,70.9,72.3,72.0,23.5,60.1,31.0,QUIET,60.4,60.1,0,204,57.0,58.3,14,2,0,0,28.9,71.5,31.0,Quiet,0,204,56.3,60.1
synthetic_001793,ESP32_GREENHOUSE_01,2026-04-24T14:56:00.000Z,14,31.7,31.2,32.1,31.6,61.29,60.4,62.0,60.4,207.7,321.7,190.5,RESTLESS,42.1,42.7,9,16016,477.0,476.5,1,3,9,2,31.8,62.0,190.5,Restless,1,16016,473.7,42.7
synthetic_001882,ESP32_GREENHOUSE_01,2026-04-24T15:40:30.000Z,14,31.89,31.5,32.4,31.7,69.06,68.6,70.5,68.9,719.2,719.2,561.9,CRYING,16.7,22.8,15,24633,500,505.5,0,0,0,14,32.0,69.3,561.9,CRYING,1,24633,496.6,22.8
synthetic_000523,ESP32_GREENHOUSE_01,2026-04-24T04:21:00.000Z,14,29.43,29.2,29.9,29.7,75.98,75.6,76.3,75.9,41.6,63.2,42.9,QUIET,55.7,55.7,0,1143,46.5,46.2,12,2,0,0,29.3,76.0,42.9,Quiet,0,1143,42.8,55.7
synthetic_002150,ESP32_GREENHOUSE_01,2026-04-24T17:54:30.000Z,15,31.0,30.6,31.1,30.9,64.83,63.7,66.0,65.3,437.1,829.3,381.9,CRYING,32.8,35.0,15,24952,485.4,477.7,0,0,0,15,31.0,64.0,381.9,CRYING,1,24952,481.1,35.0
synthetic_002178,ESP32_GREENHOUSE_01,2026-04-24T18:08:30.000Z,15,30.2,29.9,30.9,30.4,67.18,66.8,68.1,67.6,457.9,864.9,429.6,CRYING,32.8,33.9,9,24919,399.3,406.7,0,0,2,12,30.3,66.6,429.6,CRYING,1,24919,403.7,33.9
synthetic_001759,ESP32_GREENHOUSE_01,2026-04-24T14:39:00.000Z,15,32.14,31.7,32.9,32.1,60.95,60.9,61.7,61.4,220.3,311.7,220.4,RESTLESS,45.6,45.5,11,10684,500,496.3,0,3,10,2,32.0,61.1,220.4,Restless,1,10684,499.4,45.5
synthetic_000241,ESP32_GREENHOUSE_01,2026-04-24T02:00:00.000Z,15,28.74,28.1,28.9,28.5,76.24,75.8,77.7,77.2,22.7,54.0,39.1,QUIET,58.2,57.6,1,138,74.2,70.3,12,0,0,0,28.8,76.9,39.1,Quiet,0,138,75.6,57.6
synthetic_000346,ESP32_GREENHOUSE_01,2026-04-24T02:52:30.000Z,15,28.8,28.4,29.4,28.7,71.81,70.8,72.0,72.3,35.7,43.5,38.0,QUIET,60.3,60.2,1,587,66.6,65.0,13,0,0,0,28.7,72.4,38.0,Quiet,0,587,65.7,60.2
synthetic_002285,ESP32_GREENHOUSE_01,2026-04-24T19:02:00.000Z,15,29.72,29.4,30.3,29.7,65.52,64.7,66.8,66.5,303.0,938.0,257.1,CRYING,41.2,43.0,15,17777,304.8,298.7,0,0,1,12,29.6,66.1,257.1,CRYING,1,17777,300.0,43.0
synthetic_000490,ESP32_GREENHOUSE_01,2026-04-24T04:04:30.000Z,15,28.89,28.5,29.6,28.6,74.19,73.0,74.3,73.5,36.0,36.8,34.5,QUIET,58.6,58.6,1,875,35.0,43.1,15,1,0,0,29.0,74.4,34.5,Quiet,0,875,33.7,58.6
synthetic_000467,ESP32_GREENHOUSE_01,2026-04-24T03:53:00.000Z,15,29.25,28.5,29.4,29.2,73.9,73.4,75.2,73.7,32.8,58.3,50.0,QUIET,57.9,57.2,0,219,74.9,74.7,13,1,0,0,29.1,73.0,50.0,Quiet,0,219,79.5,57.2
synthetic_000185,ESP32_GREENHOUSE_01,2026-04-24T01:32:00.000Z,15,28.86,28.7,29.5,28.9,76.89,75.5,77.7,77.5,26.5,48.3,29.5,QUIET,57.3,57.2,2,616,53.1,46.3,15,2,0,0,28.9,76.7,29.5,Quiet,0,616,51.6,57.2
synthetic_001522,ESP32_GREENHOUSE_01,2026-04-24T12:40:30.000Z,14,32.69,32.2,32.9,32.7,62.76,62.4,64.0,62.8,232.1,232.1,243.9,RESTLESS,37.9,37.5,12,21059,496.2,499.0,1,2,10,0,32.6,62.8,243.9,Restless,1,21059,496.7,37.5
synthetic_001972,ESP32_GREENHOUSE_01,2026-04-24T16:25:30.000Z,14,31.37,30.6,32.0,31.1,63.82,63.6,64.3,63.8,434.5,807.3,385.4,CRYING,32.5,34.5,14,24667,500,492.0,0,0,2,13,31.4,63.5,385.4,CRYING,1,24667,503.0,34.5
synthetic_000128,ESP32_GREENHOUSE_01,2026-04-24T01:03:30.000Z,15,28.83,28.7,29.2,28.6,72.18,71.2,73.2,71.3,24.3,54.6,24.4,QUIET,60.5,60.5,0,1331,58.2,60.7,14,0,0,0,28.9,72.7,24.4,Quiet,0,1331,57.5,60.5
synthetic_000037,ESP32_GREENHOUSE_01,2026-04-24T00:18:00.000Z,15,29.09,28.6,29.5,29.0,73.07,71.6,73.7,73.7,26.2,53.3,27.4,QUIET,59.1,59.1,2,551,11.5,20.9,12,0,0,0,29.1,72.9,27.4,Quiet,0,551,9.7,59.1
synthetic_000012,ESP32_GREENHOUSE_01,2026-04-24T00:05:30.000Z,15,28.45,28.3,29.0,28.5,71.19,69.9,71.4,72.1,28.4,70.3,28.2,QUIET,62.0,62.0,0,1186,30.8,22.4,12,2,0,0,28.3,71.4,28.2,Quiet,0,1186,32.6,62.0
synthetic_001227,ESP32_GREENHOUSE_01,2026-04-24T10:13:00.000Z,15,32.17,32.1,32.7,31.9,65.77,64.7,66.8,66.2,222.8,222.8,209.9,RESTLESS,42.4,42.9,7,14043,321.2,311.3,1,3,12,2,32.0,66.2,209.9,Restless,1,14043,321.2,42.9
synthetic_001843,ESP32_GREENHOUSE_01,2026-04-24T15:21:00.000Z,15,32.02,31.2,32.5,31.8,62.46,62.3,62.7,62.8,619.8,904.4,475.5,CRYING,24.3,30.0,10,19557,497.9,499.5,0,0,1,12,31.8,63.1,475.5,CRYING,1,19557,497.6,30.0
synthetic_001955,ESP32_GREENHOUSE_01,2026-04-24T16:17:00.000Z,15,30.91,30.5,31.1,31.1,70.44,69.3,71.9,70.0,644.1,644.1,529.5,CRYING,21.5,26.0,10,28129,473.0,468.6,0,0,2,15,30.9,71.3,529.5,CRYING,1,28129,472.8,26.0
synthetic_001169,ESP32_GREENHOUSE_01,2026-04-24T09:44:00.000Z,14,31.9,31.4,32.3,32.1,70.59,69.9,71.5,71.6,114.9,214.2,112.7,LIGHT_ACTIVITY,49.3,49.4,2,1535,257.5,260.0,1,11,1,0,32.0,71.1,112.7,Light Activity,0,1535,258.4,49.4
synthetic_001603,ESP32_GREENHOUSE_01,2026-04-24T13:21:00.000Z,15,32.55,32.3,33.1,32.7,68.07,66.6,69.0,67.7,162.4,314.5,168.2,RESTLESS,42.4,42.1,8,12172,500,493.6,0,2,12,0,32.5,68.0,168.2,Restless,1,12172,496.9,42.1
synthetic_000217,ESP32_GREENHOUSE_01,2026-04-24T01:48:00.000Z,15,28.66,28.5,29.4,28.7,70.02,69.1,70.7,70.5,36.6,65.5,37.4,QUIET,61.8,61.8,1,1107,70.5,78.0,14,2,0,0,28.6,70.3,37.4,Quiet,0,1107,70.8,61.8
synthetic_000536,ESP32_GREENHOUSE_01,2026-04-24T04:27:30.000Z,15,29.71,29.4,30.4,29.7,74.58,73.5,75.1,75.1,29.2,67.5,31.7,QUIET,56.3,56.2,0,706,49.1,57.8,12,0,0,0,29.7,74.9,31.7,Quiet,0,706,46.1,56.2
synthetic_002242,ESP32_GREENHOUSE_01,2026-04-24T18:40:30.000Z,14,30.59,29.9,31.1,30.5,68.03,66.6,68.2,68.5,530.7,640.4,357.7,CRYING,28.3,35.1,9,20701,366.9,371.5,0,0,1,14,30.7,67.6,357.7,CRYING,1,20701,363.7,35.1
synthetic_001784,ESP32_GREENHOUSE_01,2026-04-24T14:51:30.000Z,15,32.32,31.6,33.0,32.5,65.77,64.9,67.0,66.3,201.2,365.0,184.1,RESTLESS,37.8,38.4,12,19812,489.3,490.0,1,4,10,1,32.3,66.2,184.1,Restless,1,19812,491.8,38.4
synthetic_000637,ESP32_GREENHOUSE_01,2026-04-24T05:18:00.000Z,14,30.15,29.9,30.8,30.3,77.42,77.1,78.0,78.1,66.4,127.5,57.7,LIGHT_ACTIVITY,46.8,47.2,6,6213,28.4,24.3,1,9,2,0,30.1,77.7,57.7,Light Activity,1,6213,25.6,47.2
synthetic_001758,ESP32_GREENHOUSE_01,2026-04-24T14:38:30.000Z,15,32.05,31.8,32.8,32.0,67.27,66.8,67.7,66.9,217.5,395.3,240.6,RESTLESS,42.0,41.1,6,13651,477.9,471.2,0,2,9,1,32.1,66.3,240.6,Restless,1,13651,482.0,41.1
synthetic_002044,ESP32_GREENHOUSE_01,2026-04-24T17:01:30.000Z,15,30.87,30.6,31.6,30.6,68.85,67.8,69.2,68.7,448.2,722.1,555.1,CRYING,30.3,26.1,15,22936,381.4,384.8,0,0,1,15,30.9,69.7,555.1,CRYING,1,22936,377.3,26.1
synthetic_000895,ESP32_GREENHOUSE_01,2026-04-24T07:27:00.000Z,14,30.76,30.4,31.3,30.8,75.31,74.9,75.8,75.5,74.8,104.7,81.7,LIGHT_ACTIVITY,46.1,45.9,4,7181,114.7,119.4,0,10,2,0,30.9,74.5,81.7,Light Activity,1,7181,110.7,45.9
synthetic_001841,ESP32_GREENHOUSE_01,2026-04-24T15:20:00.000Z,15,32.03,31.9,32.6,32.1,66.74,66.3,68.1,66.1,660.8,830.1,545.7,CRYING,20.0,24.5,10,22779,500,507.6,0,0,1,14,32.2,67.4,545.7,CRYING,1,22779,495.2,24.5
synthetic_001007,ESP32_GREENHOUSE_01,2026-04-24T08:23:00.000Z,15,32.48,32.4,32.6,32.7,70.6,69.7,71.4,69.9,92.4,120.4,101.4,LIGHT_ACTIVITY,43.6,43.2,2,5377,135.2,139.1,2,11,0,0,32.3,69.9,101.4,Light Activity,0,5377,135.8,43.2
synthetic_001995,ESP32_GREENHOUSE_01,2026-04-24T16:37:00.000Z,14,31.61,31.0,32.1,31.8,63.5,63.0,64.8,63.1,500.7,810.4,540.5,CRYING,29.5,27.9,12,23317,457.5,453.3,0,0,0,12,31.6,63.5,540.5,CRYING,1,23317,458.7,27.9
synthetic_000358,ESP32_GREENHOUSE_01,2026-04-24T02:58:30.000Z,15,28.5,28.3,29.2,28.4,72.58,71.2,73.9,71.7,21.8,48.9,23.8,QUIET,61.2,61.2,0,610,11.9,6.7,15,0,0,0,28.5,72.1,23.8,Quiet,0,610,12.0,61.2
synthetic_002261,ESP32_GREENHOUSE_01,2026-04-24T18:50:00.000Z,14,29.66,29.5,29.9,29.8,65.77,65.3,66.1,65.5,542.7,974.7,549.2,CRYING,31.9,31.6,11,24078,342.6,340.9,0,0,2,13,29.8,66.7,549.2,CRYING,1,24078,345.3,31.6
synthetic_000583,ESP32_GREENHOUSE_01,2026-04-24T04:51:00.000Z,14,28.82,28.3,29.2,28.8,72.91,71.9,74.1,72.8,5,30.9,5.1,QUIET,60.8,60.8,2,311,41.6,32.0,14,0,0,0,28.8,71.9,5.1,Quiet,0,311,44.9,60.8
synthetic_001906,ESP32_GREENHOUSE_01,2026-04-24T15:52:30.000Z,14,32.35,31.9,32.6,32.6,67.26,66.4,68.4,67.2,410.5,794.1,469.7,CRYING,28.6,26.3,13,16714,500,492.0,0,0,1,14,32.4,67.7,469.7,CRYING,1,16714,496.9,26.3
synthetic_001662,ESP32_GREENHOUSE_01,2026-04-24T13:50:30.000Z,14,32.11,31.7,32.2,32.2,61.82,61.2,63.1,62.8,128.9,285.9,88.3,RESTLESS,48.7,50.3,8,9397,424.7,418.3,1,2,8,1,32.0,61.9,88.3,Restless,1,9397,420.5,50.3
synthetic_001776,ESP32_GREENHOUSE_01,2026-04-24T14:47:30.000Z,14,32.31,32.0,32.9,32.2,60.96,59.9,61.0,61.1,186.2,313.8,208.2,RESTLESS,46.4,45.5,5,12476,460.2,469.1,1,4,9,1,32.2,61.0,208.2,Restless,1,12476,455.3,45.5
synthetic_002120,ESP32_GREENHOUSE_01,2026-04-24T17:39:30.000Z,14,30.87,30.2,31.0,30.6,65.69,65.2,66.1,65.5,455.8,787.6,488.7,CRYING,31.9,30.6,11,20910,419.2,415.8,0,0,0,13,31.0,64.8,488.7,CRYING,1,20910,420.0,30.6
synthetic_001876,ESP32_GREENHOUSE_01,2026-04-24T15:37:30.000Z,15,32.08,31.6,32.8,32.0,63.24,62.9,63.9,63.6,367.1,849.4,358.2,CRYING,33.5,33.9,9,24297,461.0,454.9,0,0,0,15,32.1,64.0,358.2,CRYING,1,24297,465.7,33.9
synthetic_001370,ESP32_GREENHOUSE_01,2026-04-24T11:24:30.000Z,15,32.2,32.1,32.4,32.1,70.48,70.3,71.5,70.6,192.3,305.8,220.2,RESTLESS,35.5,34.4,5,21356,415.9,409.2,0,4,12,2,32.3,70.7,220.2,Restless,1,21356,417.9,34.4
synthetic_001395,ESP32_GREENHOUSE_01,2026-04-24T11:37:00.000Z,14,33.26,32.8,33.6,33.3,62.74,62.3,63.0,62.8,157.4,282.2,141.4,RESTLESS,45.9,46.5,10,10440,418.3,423.8,0,2,8,2,33.1,63.6,141.4,Restless,1,10440,415.2,46.5
synthetic_002106,ESP32_GREENHOUSE_01,2026-04-24T17:32:30.000Z,15,30.5,30.4,31.1,30.3,67.05,65.9,67.8,67.9,564.8,953.7,516.4,CRYING,27.9,29.8,14,22327,385.0,387.7,0,0,1,14,30.7,66.8,516.4,CRYING,1,22327,380.6,29.8
synthetic_000791,ESP32_GREENHOUSE_01,2026-04-24T06:35:00.000Z,14,30.52,29.9,31.2,30.3,74.24,73.4,75.2,73.5,97.8,119.3,95.8,LIGHT_ACTIVITY,51.6,51.6,5,2320,50,45.0,2,11,2,0,30.3,74.6,95.8,Light Activity,1,2320,50.9,51.6
synthetic_000183,ESP32_GREENHOUSE_01,2026-04-24T01:31:00.000Z,15,28.88,28.1,29.0,29.0,73.35,73.0,74.7,74.1,30.3,72.1,24.8,QUIET,59.4,59.6,0,781,58.5,57.4,15,1,0,0,28.8,73.6,24.8,Quiet,0,781,60.6,59.6
synthetic_002383,ESP32_GREENHOUSE_01,2026-04-24T19:51:00.000Z,14,29.72,29.3,30.4,29.6,65.41,64.8,66.6,65.0,721.8,1023,735.9,CRYING,24.9,24.4,11,20158,321.5,321.1,0,0,1,12,29.8,64.8,735.9,CRYING,1,20158,325.6,24.4
synthetic_002109,ESP32_GREENHOUSE_01,2026-04-24T17:34:00.000Z,15,31.12,30.4,31.7,31.1,68.41,68.2,69.2,68.7,630.3,895.2,744.6,CRYING,22.7,18.2,10,20364,434.0,443.3,0,0,1,13,31.1,68.4,744.6,CRYING,1,20364,432.3,18.2
synthetic_001256,ESP32_GREENHOUSE_01,2026-04-24T10:27:30.000Z,14,31.77,31.3,32.5,31.7,70.89,70.9,72.1,71.4,143.2,382.5,139.9,RESTLESS,38.4,38.5,10,15661,374.4,380.1,0,3,9,0,31.9,70.9,139.9,Restless,1,15661,375.4,38.5
synthetic_000282,ESP32_GREENHOUSE_01,2026-04-24T02:20:30.000Z,14,28.71,28.1,29.2,28.5,75.6,74.4,76.1,75.4,26.7,59.7,29.1,QUIET,58.6,58.5,0,1250,26.7,27.9,12,2,0,0,28.6,76.6,29.1,Quiet,0,1250,31.5,58.5
synthetic_000385,ESP32_GREENHOUSE_01,2026-04-24T03:12:00.000Z,14,29.22,28.8,29.4,29.3,73.16,72.5,73.7,73.5,45.4,45.4,37.8,QUIET,57.9,58.2,1,710,71.7,75.7,14,1,0,0,29.1,73.6,37.8,Quiet,0,710,67.1,58.2
synthetic_001018,ESP32_GREENHOUSE_01,2026-04-24T08:28:30.000Z,15,31.0,30.4,31.3,30.7,70.98,70.8,72.3,71.3,82.0,172.9,71.3,LIGHT_ACTIVITY,47.9,48.3,4,6474,192.0,196.8,1,11,0,0,31.0,71.1,71.3,Light Activity,1,6474,191.1,48.3
synthetic_001387,ESP32_GREENHOUSE_01,2026-04-24T11:33:00.000Z,14,31.99,31.9,32.3,31.9,66.64,66.1,67.5,66.1,179.2,179.2,171.4,RESTLESS,39.0,39.3,8,18655,442.2,451.0,0,4,11,2,32.1,66.1,171.4,Restless,1,18655,443.6,39.3
synthetic_002142,ESP32_GREENHOUSE_01,2026-04-24T17:50:30.000Z,14,30.5,30.2,30.8,30.5,63.78,62.6,65.3,63.3,556.9,869.3,752.0,CRYING,30.2,22.6,11,26779,450.3,446.1,0,0,1,13,30.7,64.5,752.0,CRYING,1,26779,446.7,22.6
synthetic_000430,ESP32_GREENHOUSE_01,2026-04-24T03:34:30.000Z,14,29.29,29.0,29.5,29.0,76.15,74.7,77.5,76.0,20.7,55.4,31.8,QUIET,56.8,56.4,2,1495,66.7,69.0,13,0,0,0,29.1,75.3,31.8,Quiet,0,1495,65.8,56.4
synthetic_001037,ESP32_GREENHOUSE_01,2026-04-24T08:38:00.000Z,15,31.81,31.5,32.4,32.1,73.39,73.3,74.1,73.3,78.9,191.2,90.1,LIGHT_ACTIVITY,49.2,48.8,5,3634,227.3,218.3,2,13,1,0,31.6,72.9,90.1,Light Activity,1,3634,230.6,48.8
synthetic_000907,ESP32_GREENHOUSE_01,2026-04-24T07:33:00.000Z,15,30.41,29.8,31.1,30.2,75.89,74.7,76.5,76.4,74.5,153.2,80.3,LIGHT_ACTIVITY,46.8,46.5,3,6053,73.5,73.6,1,13,2,0,30.5,76.7,80.3,Light Activity,0,6053,78.1,46.5
synthetic_000928,ESP32_GREENHOUSE_01,2026-04-24T07:43:30.000Z,15,30.97,30.8,31.7,30.9,67.98,66.8,68.7,68.3,71.7,191.2,62.3,LIGHT_ACTIVITY,50.2,50.6,7,6538,50,51.4,3,13,1,0,31.1,67.2,62.3,Light Activity,1,6538,50.2,50.6
synthetic_000336,ESP32_GREENHOUSE_01,2026-04-24T02:47:30.000Z,15,28.44,27.8,28.9,28.3,73.58,73.5,73.7,72.7,38.3,38.3,38.5,QUIET,60.1,60.1,1,615,40.6,32.8,13,0,0,0,28.4,72.8,38.5,Quiet,0,615,42.2,60.1
synthetic_000903,ESP32_GREENHOUSE_01,2026-04-24T07:31:00.000Z,15,31.36,30.7,31.5,31.3,69.33,69.1,69.8,68.7,73.2,173.0,73.4,LIGHT_ACTIVITY,48.2,48.2,5,6724,140.9,143.1,3,11,1,0,31.4,69.2,73.4,Light Activity,1,6724,137.3,48.2
synthetic_001752,ESP32_GREENHOUSE_01,2026-04-24T14:35:30.000Z,14,32.18,31.6,32.7,32.0,66.96,65.9,67.1,67.9,180.8,242.5,217.6,RESTLESS,43.2,41.8,6,13335,485.8,483.6,1,2,11,0,32.2,66.9,217.6,Restless,1,13335,483.4,41.8
synthetic_001405,ESP32_GREENHOUSE_01,2026-04-24T11:42:00.000Z,14,31.85,31.2,32.3,31.6,65.36,64.1,65.8,65.4,142.3,312.8,130.0,RESTLESS,46.7,47.1,7,11987,402.3,406.1,1,3,12,2,31.9,65.5,130.0,Restless,1,11987,400.7,47.1
synthetic_001852,ESP32_GREENHOUSE_01,2026-04-24T15:25:30.000Z,14,32.26,31.9,33.0,32.4,63.98,63.9,64.2,63.6,642.3,749.4,491.5,CRYING,21.8,27.7,13,20207,500,496.0,0,0,0,12,32.2,64.7,491.5,CRYING,1,20207,504.5,27.7
synthetic_001119,ESP32_GREENHOUSE_01,2026-04-24T09:19:00.000Z,14,31.9,31.7,32.1,31.7,68.18,67.9,68.4,67.2,88.9,125.5,88.0,LIGHT_ACTIVITY,51.8,51.9,7,2411,288.5,284.1,0,11,2,0,31.8,67.5,88.0,Light Activity,1,2411,285.4,51.9
synthetic_001142,ESP32_GREENHOUSE_01,2026-04-24T09:30:30.000Z,14,32.09,31.5,32.8,32.2,74.46,74.1,74.6,75.3,82.3,157.5,71.0,LIGHT_ACTIVITY,42.6,43.1,3,7842,249.3,249.1,1,10,1,0,32.2,74.4,71.0,Light Activity,0,7842,248.3,43.1
synthetic_000595,ESP32_GREENHOUSE_01,2026-04-24T04:57:00.000Z,14,30.28,30.1,30.9,30.4,71.43,71.1,72.5,71.5,37.7,64.8,34.2,QUIET,56.3,56.5,0,1033,78.9,84.5,13,1,0,0,30.3,71.5,34.2,Quiet,0,1033,74.4,56.5
synthetic_000477,ESP32_GREENHOUSE_01,2026-04-24T03:58:00.000Z,15,28.74,28.1,29.2,28.5,72.82,71.7,73.9,72.5,11.2,43.2,18.0,QUIET,60.8,60.6,1,1354,26.8,33.5,15,1,0,0,28.6,73.1,18.0,Quiet,0,1354,30.4,60.6
synthetic_002121,ESP32_GREENHOUSE_01,2026-04-24T17:40:00.000Z,15,30.68,30.3,31.2,30.5,65.52,64.7,65.8,64.7,474.6,696.8,347.5,CRYING,31.8,36.8,9,26516,418.5,413.8,0,0,1,12,30.8,65.2,347.5,CRYING,1,26516,417.2,36.8
synthetic_001061,ESP32_GREENHOUSE_01,2026-04-24T08:50:00.000Z,15,31.89,31.4,32.2,31.7,70.56,70.6,70.7,70.9,87.0,87.0,86.7,LIGHT_ACTIVITY,45.5,45.5,6,6298,204.2,202.9,0,9,1,0,32.0,71.4,86.7,Light Activity,1,6298,200.8,45.5
synthetic_002114,ESP32_GREENHOUSE_01,2026-04-24T17:36:30.000Z,15,31.42,31.2,32.1,31.3,61.9,60.9,62.6,61.5,685.3,685.3,661.2,CRYING,23.8,24.7,8,23835,408.4,414.5,0,0,2,15,31.3,61.6,661.2,CRYING,1,23835,408.9,24.7
synthetic_000081,ESP32_GREENHOUSE_01,2026-04-24T00:40:00.000Z,14,28.38,27.7,28.5,28.1,70.74,69.8,71.6,71.0,25.9,71.6,23.9,QUIET,62.6,62.6,0,1349,50.6,55.9,14,2,0,0,28.3,71.0,23.9,Quiet,0,1349,50.6,62.6
synthetic_000199,ESP32_GREENHOUSE_01,2026-04-24T01:39:00.000Z,15,29.16,28.5,29.4,29.4,69.37,68.5,70.6,70.0,38.7,48.2,25.6,QUIET,60.7,61.2,1,175,61.0,54.6,13,1,0,0,29.2,68.9,25.6,Quiet,0,175,63.2,61.2
synthetic_000594,ESP32_GREENHOUSE_01,2026-04-24T04:56:30.000Z,14,29.74,29.2,30.1,29.8,72.03,71.9,72.6,72.3,22.3,64.7,19.8,QUIET,58.1,58.2,1,1124,66.5,75.8,15,2,0,0,29.6,71.5,19.8,Quiet,0,1124,66.1,58.2
synthetic_001933,ESP32_GREENHOUSE_01,2026-04-24T16:06:00.000Z,14,31.38,30.8,31.9,31.5,63.91,62.4,65.2,63.7,414.4,731.0,272.9,CRYING,33.2,38.8,11,23288,407.6,414.2,0,0,0,12,31.4,64.4,272.9,CRYING,1,23288,411.1,38.8
synthetic_001923,ESP32_GREENHOUSE_01,2026-04-24T16:01:00.000Z,14,31.42,30.9,32.1,31.4,64.43,63.1,65.7,64.0,717.1,819.5,816.5,CRYING,21.0,17.1,8,15345,432.5,424.1,0,0,2,15,31.6,64.3,816.5,CRYING,1,15345,434.7,17.1
synthetic_001958,ESP32_GREENHOUSE_01,2026-04-24T16:18:30.000Z,14,31.37,30.6,31.8,31.6,66.9,65.8,67.7,67.5,643.0,643.0,520.0,CRYING,22.5,27.3,8,28929,500,494.5,0,0,1,13,31.5,66.5,520.0,CRYING,1,28929,496.0,27.3
synthetic_000755,ESP32_GREENHOUSE_01,2026-04-24T06:17:00.000Z,14,29.98,29.6,30.7,29.8,72.62,72.0,73.8,71.9,90.7,158.4,93.0,LIGHT_ACTIVITY,54.4,54.3,7,2474,50,55.8,3,12,2,0,29.9,71.6,93.0,Light Activity,1,2474,50.4,54.3
synthetic_000943,ESP32_GREENHOUSE_01,2026-04-24T07:51:00.000Z,15,30.53,30.0,31.0,30.6,74.24,73.1,75.0,74.7,72.4,197.8,78.4,LIGHT_ACTIVITY,52.5,52.3,6,4035,110.1,119.8,0,10,0,0,30.7,74.4,78.4,Light Activity,1,4035,107.1,52.3
synthetic_001131,ESP32_GREENHOUSE_01,2026-04-24T09:25:00.000Z,14,32.45,32.2,33.0,32.4,66.14,66.0,66.4,66.8,71.5,140.1,74.1,LIGHT_ACTIVITY,52.3,52.2,6,2006,280.1,277.6,0,9,2,0,32.5,65.7,74.1,Light Activity,1,2006,280.0,52.2
synthetic_000121,ESP32_GREENHOUSE_01,2026-04-24T01:00:00.000Z,14,28.24,27.9,28.4,28.2,72.78,71.9,73.6,72.6,14.4,40.2,13.0,QUIET,62.1,62.2,0,488,19.4,19.1,14,0,0,0,28.3,73.6,13.0,Quiet,0,488,23.7,62.2
synthetic_001096,ESP32_GREENHOUSE_01,2026-04-24T09:07:30.000Z,14,32.64,32.5,32.9,32.5,72.45,71.7,73.8,73.4,96.3,120.5,96.8,LIGHT_ACTIVITY,42.2,42.2,3,7289,309.1,312.9,1,9,1,0,32.6,72.8,96.8,Light Activity,0,7289,310.9,42.2
synthetic_001675,ESP32_GREENHOUSE_01,2026-04-24T13:57:00.000Z,15,32.13,31.8,32.8,32.0,67.34,67.0,67.9,67.8,162.8,257.7,151.3,RESTLESS,38.8,39.3,8,17649,436.5,426.6,1,4,11,0,32.3,68.3,151.3,Restless,1,17649,434.2,39.3
synthetic_001261,ESP32_GREENHOUSE_01,2026-04-24T10:30:00.000Z,14,32.17,31.6,32.9,32.1,67.71,67.0,68.2,67.9,190.4,411.7,207.4,RESTLESS,37.4,36.7,8,18028,365.3,363.9,0,1,10,0,32.3,68.6,207.4,Restless,1,18028,363.4,36.7
synthetic_000023,ESP32_GREENHOUSE_01,2026-04-24T00:11:00.000Z,15,29.28,28.6,29.8,29.5,67.62,66.5,68.3,67.1,24.8,54.6,24.9,QUIET,62.0,62.0,2,1219,56.7,51.6,14,1,0,0,29.3,68.2,24.9,Quiet,0,1219,56.9,62.0
synthetic_001369,ESP32_GREENHOUSE_01,2026-04-24T11:24:00.000Z,14,32.58,32.2,33.1,32.5,64.04,63.4,64.6,64.4,109.2,381.3,120.9,RESTLESS,42.0,41.5,5,15721,421.3,424.3,1,1,10,0,32.5,63.2,120.9,Restless,1,15721,416.8,41.5
synthetic_002358,ESP32_GREENHOUSE_01,2026-04-24T19:38:30.000Z,14,29.47,29.3,29.8,29.4,68.64,68.5,68.7,68.0,532.9,692.2,429.5,CRYING,31.0,35.0,14,27026,317.6,308.7,0,0,1,14,29.5,67.9,429.5,CRYING,1,27026,315.9,35.0
synthetic_001577,ESP32_GREENHOUSE_01,2026-04-24T13:08:00.000Z,15,32.15,31.8,32.4,32.4,67.19,66.1,68.0,67.7,167.6,306.8,146.4,RESTLESS,43.7,44.5,12,9399,500,492.6,0,1,12,2,32.0,67.8,146.4,Restless,1,9399,503.1,44.5
synthetic_001815,ESP32_GREENHOUSE_01,2026-04-24T15:07:00.000Z,15,31.64,31.3,32.3,31.8,62.72,62.0,63.6,63.7,553.9,857.8,594.7,CRYING,27.8,26.2,13,18706,472.4,474.5,0,0,2,12,31.6,63.1,594.7,CRYING,1,18706,469.2,26.2
synthetic_000693,ESP32_GREENHOUSE_01,2026-04-24T05:46:00.000Z,15,30.06,29.8,30.3,30.4,72.88,72.3,73.9,73.5,82.1,185.8,84.9,LIGHT_ACTIVITY,54.3,54.2,5,2256,47.8,44.9,1,9,0,0,30.1,72.0,84.9,Light Activity,1,2256,51.7,54.2
synthetic_000314,ESP32_GREENHOUSE_01,2026-04-24T02:36:30.000Z,15,29.34,28.8,30.1,29.3,73.17,72.6,74.0,73.8,25.7,62.2,32.2,QUIET,58.4,58.1,2,862,39.6,31.6,14,0,0,0,29.4,72.8,32.2,Quiet,0,862,39.6,58.1
synthetic_001971,ESP32_GREENHOUSE_01,2026-04-24T16:25:00.000Z,15,31.28,30.5,31.8,31.5,64.28,62.8,65.4,65.1,514.3,851.6,450.5,CRYING,29.4,31.9,11,22278,457.7,467.0,0,0,2,13,31.4,64.9,450.5,CRYING,1,22278,459.2,31.9
synthetic_001553,ESP32_GREENHOUSE_01,2026-04-24T12:56:00.000Z,15,32.4,32.1,32.7,32.2,67.8,67.4,68.3,67.8,237.7,359.0,229.8,RESTLESS,34.9,35.2,12,18538,458.1,466.7,0,1,10,2,32.5,67.0,229.8,Restless,1,18538,460.5,35.2
synthetic_000853,ESP32_GREENHOUSE_01,2026-04-24T07:06:00.000Z,14,31.0,30.5,31.3,31.2,70.82,69.8,71.8,71.8,87.2,161.4,89.9,LIGHT_ACTIVITY,47.8,47.7,5,5243,58.2,50.0,3,11,1,0,31.1,71.4,89.9,Light Activity,1,5243,63.0,47.7
synthetic_000059,ESP32_GREENHOUSE_01,2026-04-24T00:29:00.000Z,15,28.08,27.3,28.7,28.2,72.58,72.1,72.8,72.6,20.6,59.2,17.6,QUIET,62.5,62.6,2,112,37.7,36.3,12,0,0,0,27.9,72.6,17.6,Quiet,0,112,35.0,62.6
synthetic_001927,ESP32_GREENHOUSE_01,2026-04-24T16:03:00.000Z,15,31.8,31.5,32.4,31.7,63.8,62.6,63.9,63.8,532.5,769.7,503.7,CRYING,27.5,28.6,10,18846,433.6,423.7,0,0,2,14,31.6,64.1,503.7,CRYING,1,18846,432.0,28.6
synthetic_000348,ESP32_GREENHOUSE_01,2026-04-24T02:53:30.000Z,15,28.44,27.7,28.5,28.3,73.63,72.8,75.0,74.0,29.9,51.0,21.3,QUIET,60.4,60.8,2,1435,38.1,37.0,14,2,0,0,28.3,73.7,21.3,Quiet,0,1435,41.0,60.8
synthetic_001705,ESP32_GREENHOUSE_01,2026-04-24T14:12:00.000Z,15,32.85,32.7,33.0,32.8,64.98,63.8,65.5,65.9,189.0,393.1,159.8,RESTLESS,43.2,44.4,9,8077,456.3,453.8,1,2,12,0,32.9,64.8,159.8,Restless,1,8077,456.9,44.4
synthetic_000783,ESP32_GREENHOUSE_01,2026-04-24T06:31:00.000Z,15,29.52,28.8,29.7,29.7,74.69,73.7,75.9,74.1,87.1,163.4,75.8,LIGHT_ACTIVITY,54.5,54.9,3,1640,50,53.3,1,11,1,0,29.6,73.9,75.8,Light Activity,0,1640,51.9,54.9
synthetic_001847,ESP32_GREENHOUSE_01,2026-04-24T15:23:00.000Z,15,32.13,31.8,32.8,32.3,66.16,64.7,67.5,66.2,434.3,925.7,347.9,CRYING,29.0,32.3,12,28551,500,496.0,0,0,0,13,32.0,66.6,347.9,CRYING,1,28551,497.4,32.3
synthetic_001365,ESP32_GREENHOUSE_01,2026-04-24T11:22:00.000Z,14,31.77,31.4,32.2,31.6,70.17,69.4,71.5,69.7,206.0,208.7,175.8,RESTLESS,36.4,37.6,9,21378,405.9,404.7,1,2,10,1,31.9,70.6,175.8,Restless,1,21378,403.6,37.6
synthetic_001712,ESP32_GREENHOUSE_01,2026-04-24T14:15:30.000Z,15,32.56,32.2,32.9,32.6,63.26,62.5,63.4,63.8,152.4,241.0,140.7,RESTLESS,45.8,46.2,9,11514,500,506.7,1,4,9,0,32.5,63.7,140.7,Restless,1,11514,503.5,46.2
synthetic_000513,ESP32_GREENHOUSE_01,2026-04-24T04:16:00.000Z,14,29.78,29.6,29.9,30.0,73.36,72.0,73.4,73.6,15.2,35.9,18.5,QUIET,57.4,57.3,2,767,38.6,44.8,15,1,0,0,29.8,73.9,18.5,Quiet,0,767,38.7,57.3
synthetic_000447,ESP32_GREENHOUSE_01,2026-04-24T03:43:00.000Z,15,29.43,29.2,29.7,29.6,73.32,72.2,74.4,72.9,23.6,38.1,33.8,QUIET,58.1,57.7,0,501,35.6,33.8,12,0,0,0,29.4,73.9,33.8,Quiet,0,501,37.6,57.7
synthetic_000885,ESP32_GREENHOUSE_01,2026-04-24T07:22:00.000Z,15,31.45,31.2,32.0,31.5,71.86,70.6,73.3,72.0,109.2,123.2,119.8,LIGHT_ACTIVITY,50.0,49.6,4,4723,155.0,153.6,2,13,2,0,31.6,72.7,119.8,Light Activity,1,4723,156.1,49.6
synthetic_001802,ESP32_GREENHOUSE_01,2026-04-24T15:00:30.000Z,14,31.55,31.2,31.8,31.8,66.85,66.7,67.9,66.8,621.9,823.5,703.4,CRYING,22.8,19.6,14,29465,423.4,424.0,0,0,0,15,31.7,67.2,703.4,CRYING,1,29465,423.6,19.6
synthetic_001401,ESP32_GREENHOUSE_01,2026-04-24T11:40:00.000Z,15,32.1,31.3,32.4,32.0,65.89,65.8,66.6,65.4,210.6,357.2,212.2,RESTLESS,43.0,42.9,6,11918,470.1,470.5,0,2,8,0,32.2,65.6,212.2,Restless,1,11918,473.4,42.9
synthetic_002058,ESP32_GREENHOUSE_01,2026-04-24T17:08:30.000Z,15,30.72,30.1,31.4,30.4,65.5,64.9,65.6,64.7,579.4,764.6,570.1,CRYING,27.6,28.0,10,19202,448.6,443.1,0,0,0,14,30.5,65.0,570.1,CRYING,1,19202,450.2,28.0
synthetic_001467,ESP32_GREENHOUSE_01,2026-04-24T12:13:00.000Z,15,31.74,31.5,31.9,31.7,71.76,71.4,72.6,70.9,111.1,297.2,26.5,RESTLESS,39.2,42.5,9,21079,500,505.1,1,3,8,0,31.5,71.9,26.5,Restless,1,21079,502.3,42.5
synthetic_001489,ESP32_GREENHOUSE_01,2026-04-24T12:24:00.000Z,15,32.31,32.0,33.0,32.2,66.63,66.5,66.9,65.9,164.7,373.6,184.2,RESTLESS,43.7,42.9,12,11351,427.4,431.0,0,3,10,2,32.4,67.4,184.2,Restless,1,11351,426.8,42.9
synthetic_000828,ESP32_GREENHOUSE_01,2026-04-24T06:53:30.000Z,15,30.31,30.1,30.5,30.6,71.85,71.3,72.7,71.7,90.0,170.8,76.5,LIGHT_ACTIVITY,49.0,49.5,2,6485,50,56.2,3,10,1,0,30.5,72.7,76.5,Light Activity,0,6485,47.6,49.5
synthetic_001917,ESP32_GREENHOUSE_01,2026-04-24T15:58:00.000Z,15,31.81,31.3,32.4,31.6,63.76,62.9,64.2,63.6,650.5,873.8,667.5,CRYING,22.9,22.2,9,22538,479.4,480.8,0,0,2,15,31.9,64.1,667.5,CRYING,1,22538,479.9,22.2
synthetic_000194,ESP32_GREENHOUSE_01,2026-04-24T01:36:30.000Z,14,28.64,27.9,29.1,28.7,72.99,71.5,73.7,73.5,35.5,58.6,33.9,QUIET,60.1,60.1,0,1191,45.5,42.8,15,2,0,0,28.5,73.5,33.9,Quiet,0,1191,47.8,60.1
synthetic_001636,ESP32_GREENHOUSE_01,2026-04-24T13:37:30.000Z,14,31.59,31.2,32.3,31.3,67.84,67.4,68.0,67.6,162.3,387.5,215.3,RESTLESS,45.1,43.0,8,13295,500,508.9,0,4,10,2,31.4,67.9,215.3,Restless,1,13295,503.6,43.0
synthetic_000836,ESP32_GREENHOUSE_01,2026-04-24T06:57:30.000Z,14,30.74,30.4,30.9,30.9,72.5,71.1,73.6,72.3,79.7,154.8,78.1,LIGHT_ACTIVITY,52.7,52.8,7,3940,50,49.0,3,10,2,0,30.7,71.7,78.1,Light Activity,1,3940,54.6,52.8
synthetic_001212,ESP32_GREENHOUSE_01,2026-04-24T10:05:30.000Z,15,32.26,31.6,32.5,32.1,70.47,69.6,71.0,70.7,204.5,296.3,193.5,RESTLESS,34.9,35.3,11,18031,343.8,336.5,1,1,12,1,32.2,69.5,193.5,Restless,1,18031,341.5,35.3
synthetic_001788,ESP32_GREENHOUSE_01,2026-04-24T14:53:30.000Z,15,32.15,31.8,32.5,31.9,63.68,63.5,65.0,64.0,203.8,203.8,195.0,RESTLESS,39.5,39.8,5,16193,454.0,460.2,1,2,9,2,32.1,64.6,195.0,Restless,1,16193,454.5,39.8
synthetic_002165,ESP32_GREENHOUSE_01,2026-04-24T18:02:00.000Z,14,29.91,29.3,30.1,30.1,69.41,69.2,69.9,69.5,613.6,911.1,587.5,CRYING,26.1,27.1,9,21642,424.3,415.7,0,0,2,14,29.9,70.0,587.5,CRYING,1,21642,424.1,27.1
synthetic_001185,ESP32_GREENHOUSE_01,2026-04-24T09:52:00.000Z,14,32.62,32.3,33.0,32.7,70.49,70.3,71.5,70.4,71.5,176.3,73.7,LIGHT_ACTIVITY,44.4,44.3,3,6943,247.9,240.4,3,12,0,0,32.8,71.4,73.7,Light Activity,0,6943,251.0,44.3
synthetic_000537,ESP32_GREENHOUSE_01,2026-04-24T04:28:00.000Z,15,29.75,29.0,30.4,29.8,72.01,70.6,72.3,71.0,24.1,51.9,24.9,QUIET,58.0,58.0,2,784,46.6,41.2,14,2,0,0,29.6,72.9,24.9,Quiet,0,784,47.7,58.0
synthetic_000232,ESP32_GREENHOUSE_01,2026-04-24T01:55:30.000Z,15,28.36,28.2,29.0,28.3,75.28,74.1,76.7,74.9,34.7,56.0,37.1,QUIET,59.4,59.3,2,1439,44.2,51.8,12,2,0,0,28.3,76.1,37.1,Quiet,0,1439,40.4,59.3
synthetic_001620,ESP32_GREENHOUSE_01,2026-04-24T13:29:30.000Z,15,31.87,31.7,32.6,31.8,69.18,68.1,69.6,69.4,214.2,341.9,245.6,RESTLESS,41.4,40.2,7,12817,453.2,445.5,1,2,10,0,32.1,68.3,245.6,Restless,1,12817,455.4,40.2
synthetic_000773,ESP32_GREENHOUSE_01,2026-04-24T06:26:00.000Z,14,30.45,30.0,30.7,30.4,71.26,71.1,72.0,70.4,79.8,197.1,66.3,LIGHT_ACTIVITY,49.3,49.9,7,6036,50,53.7,1,9,1,0,30.3,71.8,66.3,Light Activity,1,6036,52.3,49.9
synthetic_002046,ESP32_GREENHOUSE_01,2026-04-24T17:02:30.000Z,15,31.23,30.6,31.6,31.1,64.52,63.9,65.0,64.3,575.6,1023,492.0,CRYING,27.0,30.2,15,21195,399.9,400.7,0,0,1,15,31.0,65.4,492.0,CRYING,1,21195,402.5,30.2
synthetic_001374,ESP32_GREENHOUSE_01,2026-04-24T11:26:30.000Z,14,32.12,31.5,32.5,32.0,68.48,68.4,69.4,68.6,203.1,332.8,181.1,RESTLESS,36.6,37.4,10,16246,469.6,463.8,1,2,10,2,32.0,69.0,181.1,Restless,1,16246,467.8,37.4
synthetic_000659,ESP32_GREENHOUSE_01,2026-04-24T05:29:00.000Z,15,29.62,28.9,30.2,29.4,75.3,75.0,76.4,75.0,110.8,152.4,114.3,LIGHT_ACTIVITY,52.9,52.8,6,1843,79.3,71.6,0,13,0,0,29.7,75.9,114.3,Light Activity,1,1843,79.8,52.8
synthetic_001010,ESP32_GREENHOUSE_01,2026-04-24T08:24:30.000Z,15,31.64,31.0,31.9,31.6,69.34,67.9,70.1,68.9,68.3,125.5,81.6,LIGHT_ACTIVITY,52.6,52.1,7,5000,193.1,192.2,0,11,1,0,31.6,69.1,81.6,Light Activity,1,5000,193.5,52.1
synthetic_001199,ESP32_GREENHOUSE_01,2026-04-24T09:59:00.000Z,15,31.81,31.3,31.9,31.6,70.66,69.4,70.8,69.9,68.6,165.5,56.2,LIGHT_ACTIVITY,46.3,46.8,4,6223,246.6,242.2,3,11,2,0,32.0,71.2,56.2,Light Activity,1,6223,251.5,46.8
synthetic_001688,ESP32_GREENHOUSE_01,2026-04-24T14:03:30.000Z,15,31.92,31.3,32.5,32.0,65.32,64.0,65.9,66.2,128.9,226.6,205.3,RESTLESS,47.0,44.0,12,9452,434.6,443.8,1,1,12,2,31.8,65.2,205.3,Restless,1,9452,437.7,44.0
synthetic_000487,ESP32_GREENHOUSE_01,2026-04-24T04:03:00.000Z,14,29.06,28.6,29.3,29.3,73.38,73.2,74.1,72.4,33.1,52.0,30.0,QUIET,58.7,58.8,1,590,21.4,18.4,12,1,0,0,29.2,72.5,30.0,Quiet,0,590,17.8,58.8
synthetic_001152,ESP32_GREENHOUSE_01,2026-04-24T09:35:30.000Z,15,32.09,31.9,32.7,31.8,69.25,68.6,70.5,69.4,96.8,139.6,95.7,LIGHT_ACTIVITY,50.3,50.4,5,3060,331.8,336.1,0,13,2,0,32.0,69.2,95.7,Light Activity,1,3060,331.6,50.4
synthetic_002319,ESP32_GREENHOUSE_01,2026-04-24T19:19:00.000Z,14,29.81,29.5,30.3,29.9,69.26,69.2,69.3,69.7,610.0,1023,547.3,CRYING,26.6,29.1,11,18417,294.5,298.0,0,0,0,13,29.8,69.0,547.3,CRYING,1,18417,290.2,29.1
synthetic_000450,ESP32_GREENHOUSE_01,2026-04-24T03:44:30.000Z,14,29.1,28.6,29.6,28.8,74.66,74.3,76.1,74.8,23.2,57.0,17.9,QUIET,58.2,58.4,0,1222,17.5,18.8,12,1,0,0,29.2,73.8,17.9,Quiet,0,1222,15.6,58.4
synthetic_000624,ESP32_GREENHOUSE_01,2026-04-24T05:11:30.000Z,14,30.21,29.6,30.3,30.2,73.47,73.4,74.7,73.4,105.8,148.5,109.0,LIGHT_ACTIVITY,52.6,52.5,6,1978,36.7,38.1,3,13,0,0,30.2,73.8,109.0,Light Activity,1,1978,35.6,52.5
synthetic_001863,ESP32_GREENHOUSE_01,2026-04-24T15:31:00.000Z,15,31.83,31.4,32.0,31.8,64.73,64.5,64.9,65.2,743.5,743.5,700.8,CRYING,18.6,20.3,15,22156,500,506.0,0,0,0,15,31.7,65.2,700.8,CRYING,1,22156,498.0,20.3
synthetic_001541,ESP32_GREENHOUSE_01,2026-04-24T12:50:00.000Z,14,32.94,32.4,33.4,33.1,67.41,66.3,68.8,67.8,85.8,315.8,80.2,RESTLESS,40.8,41.0,7,15082,457.6,452.3,1,3,8,1,33.0,67.8,80.2,Restless,1,15082,454.8,41.0
synthetic_000642,ESP32_GREENHOUSE_01,2026-04-24T05:20:30.000Z,14,29.91,29.6,30.2,30.0,74.45,73.5,75.3,74.5,92.7,144.8,100.7,LIGHT_ACTIVITY,53.3,53.0,3,4910,76.0,72.8,3,9,1,0,29.9,74.8,100.7,Light Activity,0,4910,72.3,53.0
synthetic_001307,ESP32_GREENHOUSE_01,2026-04-24T10:53:00.000Z,15,31.63,31.3,31.9,31.4,67.08,66.4,67.9,67.5,225.5,242.6,163.4,RESTLESS,42.9,45.4,10,12653,384.7,383.7,0,4,11,0,31.5,67.2,163.4,Restless,1,12653,387.3,45.4
synthetic_001468,ESP32_GREENHOUSE_01,2026-04-24T12:13:30.000Z,15,32.15,31.6,32.4,31.9,68.56,68.2,69.4,68.0,181.0,367.6,160.3,RESTLESS,37.3,38.1,10,17492,477.3,469.4,1,3,12,2,32.3,68.4,160.3,Restless,1,17492,481.4,38.1
synthetic_000179,ESP32_GREENHOUSE_01,2026-04-24T01:29:00.000Z,15,28.0,27.3,28.6,28.2,75.34,74.3,75.6,76.0,29.5,42.0,21.3,QUIET,60.6,60.9,0,1133,47.1,39.2,15,2,0,0,28.1,75.6,21.3,Quiet,0,1133,45.3,60.9
synthetic_000266,ESP32_GREENHOUSE_01,2026-04-24T02:12:30.000Z,15,28.36,27.8,28.9,28.6,74.55,74.2,75.3,74.4,56.5,70.2,52.9,QUIET,59.0,59.2,1,727,67.4,68.3,13,0,0,0,28.3,75.5,52.9,Quiet,0,727,68.1,59.2
synthetic_001399,ESP32_GREENHOUSE_01,2026-04-24T11:39:00.000Z,15,32.51,32.2,32.9,32.3,68.64,67.4,68.8,68.8,47.2,307.0,66.5,RESTLESS,41.5,40.7,7,18126,386.0,387.8,0,1,12,1,32.5,67.8,66.5,Restless,1,18126,383.2,40.7
synthetic_001128,ESP32_GREENHOUSE_01,2026-04-24T09:23:30.000Z,15,32.12,31.8,32.9,32.3,67.53,67.0,68.3,68.2,76.3,148.7,78.8,LIGHT_ACTIVITY,52.1,52.0,3,3315,284.4,284.9,1,13,1,0,32.0,67.1,78.8,Light Activity,0,3315,288.5,52.0
synthetic_000383,ESP32_GREENHOUSE_01,2026-04-24T03:11:00.000Z,14,29.03,28.6,29.4,28.7,74.96,74.5,76.3,74.7,36.2,75.2,35.1,QUIET,57.7,57.7,0,477,37.0,46.8,14,2,0,0,28.9,74.8,35.1,Quiet,0,477,39.4,57.7
synthetic_002066,ESP32_GREENHOUSE_01,2026-04-24T17:12:30.000Z,15,30.16,30.1,30.4,30.2,65.05,65.0,65.1,64.5,722.5,908.3,726.0,CRYING,23.9,23.8,13,18531,397.0,405.6,0,0,1,12,30.1,64.3,726.0,CRYING,1,18531,401.5,23.8
synthetic_000174,ESP32_GREENHOUSE_01,2026-04-24T01:26:30.000Z,15,28.74,28.6,29.4,28.8,72.2,71.1,73.3,71.6,14.2,61.3,13.7,QUIET,61.1,61.1,0,129,38.8,47.9,14,2,0,0,28.9,72.2,13.7,Quiet,0,129,40.7,61.1
synthetic_002226,ESP32_GREENHOUSE_01,2026-04-24T18:32:30.000Z,14,30.64,29.9,31.2,30.9,65.31,64.9,66.8,65.3,462.6,917.8,517.1,CRYING,32.6,30.4,14,19882,377.4,378.6,0,0,1,14,30.5,64.8,517.1,CRYING,1,19882,378.4,30.4
synthetic_001342,ESP32_GREENHOUSE_01,2026-04-24T11:10:30.000Z,14,31.68,31.0,32.2,31.9,67.41,67.2,68.0,67.2,224.1,259.5,204.0,RESTLESS,42.7,43.4,12,13421,400.4,392.9,0,1,11,2,31.8,68.0,204.0,Restless,1,13421,401.5,43.4
synthetic_000787,ESP32_GREENHOUSE_01,2026-04-24T06:33:00.000Z,15,30.5,30.1,30.6,30.2,71.15,71.1,71.3,71.7,69.7,175.9,77.2,LIGHT_ACTIVITY,54.7,54.4,3,3558,50,42.5,3,9,0,0,30.4,71.8,77.2,Light Activity,0,3558,52.4,54.4
synthetic_002078,ESP32_GREENHOUSE_01,2026-04-24T17:18:30.000Z,15,30.37,30.0,30.9,30.6,66.45,66.3,67.6,66.4,673.7,854.2,662.4,CRYING,24.3,24.8,12,28751,401.4,405.7,0,0,1,12,30.4,65.5,662.4,CRYING,1,28751,399.0,24.8
synthetic_001251,ESP32_GREENHOUSE_01,2026-04-24T10:25:00.000Z,14,32.62,32.0,33.0,32.8,67.48,66.7,67.6,66.8,168.6,173.6,184.7,RESTLESS,42.5,41.9,6,13855,335.3,328.9,1,2,12,0,32.5,68.4,184.7,Restless,1,13855,334.0,41.9
synthetic_000022,ESP32_GREENHOUSE_01,2026-04-24T00:10:30.000Z,15,28.0,27.6,28.3,28.1,70.8,70.8,71.9,71.3,22.5,88.0,27.4,QUIET,63.7,63.5,2,1178,41.9,34.0,13,2,0,0,28.0,70.2,27.4,Quiet,0,1178,46.5,63.5
synthetic_000796,ESP32_GREENHOUSE_01,2026-04-24T06:37:30.000Z,15,30.01,29.3,30.3,29.8,69.35,68.2,70.0,70.1,120.9,148.5,119.7,LIGHT_ACTIVITY,50.2,50.2,7,5663,50,47.1,0,9,2,0,30.0,70.2,119.7,Light Activity,1,5663,50.7,50.2
synthetic_002096,ESP32_GREENHOUSE_01,2026-04-24T17:27:30.000Z,14,31.12,30.6,31.6,31.1,61.83,61.4,63.2,60.9,519.4,789.3,438.1,CRYING,31.2,34.3,13,16864,408.8,403.3,0,0,1,15,31.2,62.3,438.1,CRYING,1,16864,410.9,34.3
synthetic_000889,ESP32_GREENHOUSE_01,2026-04-24T07:24:00.000Z,14,31.19,30.7,31.5,31.0,69.39,69.2,70.0,70.4,58.9,133.8,52.6,LIGHT_ACTIVITY,54.2,54.5,3,3129,106.2,100.5,1,10,2,0,31.3,68.8,52.6,Light Activity,0,3129,103.4,54.5
synthetic_001036,ESP32_GREENHOUSE_01,2026-04-24T08:37:30.000Z,14,31.69,31.0,32.2,31.4,66.8,66.3,67.1,66.3,101.2,174.7,118.3,LIGHT_ACTIVITY,52.8,52.1,4,2235,172.9,175.0,3,10,2,0,31.5,67.4,118.3,Light Activity,1,2235,173.0,52.1
synthetic_000238,ESP32_GREENHOUSE_01,2026-04-24T01:58:30.000Z,15,28.35,27.6,28.8,28.2,77.25,76.5,77.9,78.1,40.0,51.3,42.2,QUIET,58.0,57.9,1,1041,37.1,27.5,12,1,0,0,28.2,77.3,42.2,Quiet,0,1041,35.4,57.9
synthetic_001744,ESP32_GREENHOUSE_01,2026-04-24T14:31:30.000Z,14,32.44,31.9,33.1,32.3,67.53,67.5,69.0,66.8,149.7,313.9,157.9,RESTLESS,38.4,38.0,9,19807,449.9,442.4,1,4,10,2,32.4,68.0,157.9,Restless,1,19807,445.5,38.0
synthetic_000046,ESP32_GREENHOUSE_01,2026-04-24T00:22:30.000Z,14,28.32,27.6,28.9,28.5,75.49,74.1,76.7,75.0,29.1,46.7,32.9,QUIET,59.6,59.5,2,810,11.5,17.5,14,0,0,0,28.2,74.9,32.9,Quiet,0,810,9.0,59.5
synthetic_000890,ESP32_GREENHOUSE_01,2026-04-24T07:24:30.000Z,14,31.27,30.6,31.8,31.2,69.98,68.8,70.4,70.5,87.7,193.7,98.6,LIGHT_ACTIVITY,52.5,52.1,5,4491,69.7,63.2,0,12,1,0,31.3,69.4,98.6,Light Activity,1,4491,65.5,52.1
synthetic_000001,ESP32_GREENHOUSE_01,2026-04-24T00:00:00.000Z,14,28.78,28.6,29.0,28.8,71.57,70.7,72.6,72.0,26.6,52.9,25.9,QUIET,60.9,60.9,0,1209,72.5,70.9,15,0,0,0,28.8,71.1,25.9,Quiet,0,1209,76.2,60.9
synthetic_001490,ESP32_GREENHOUSE_01,2026-04-24T12:24:30.000Z,14,33.29,33.0,33.6,33.0,63.79,63.7,64.6,63.9,171.7,341.5,134.8,RESTLESS,44.7,46.1,10,13982,461.4,466.0,1,4,12,2,33.4,64.0,134.8,Restless,1,13982,464.8,46.1
synthetic_001669,ESP32_GREENHOUSE_01,2026-04-24T13:54:00.000Z,14,32.47,32.0,32.7,32.6,64.48,63.0,64.8,64.5,124.1,309.4,115.5,RESTLESS,46.2,46.5,10,10486,441.2,434.6,1,3,12,2,32.3,64.9,115.5,Restless,1,10486,439.5,46.5
synthetic_001225,ESP32_GREENHOUSE_01,2026-04-24T10:12:00.000Z,15,32.32,31.6,32.5,32.4,67.99,66.8,68.7,68.2,226.4,264.7,286.6,RESTLESS,40.4,38.1,6,9149,360.8,358.8,0,2,10,2,32.2,67.2,286.6,Restless,1,9149,361.3,38.1
synthetic_000857,ESP32_GREENHOUSE_01,2026-04-24T07:08:00.000Z,14,31.59,31.1,32.0,31.9,68.9,67.5,69.8,69.4,90.8,190.2,100.3,LIGHT_ACTIVITY,52.2,51.8,7,4126,133.9,142.5,2,10,0,0,31.4,68.4,100.3,Light Activity,1,4126,132.0,51.8
synthetic_001631,ESP32_GREENHOUSE_01,2026-04-24T13:35:00.000Z,15,32.28,32.2,33.0,32.1,66.73,66.0,67.7,66.1,64.2,311.2,96.4,RESTLESS,42.6,41.4,10,19478,476.7,478.8,1,1,9,2,32.3,67.3,96.4,Restless,1,19478,474.6,41.4
synthetic_000959,ESP32_GREENHOUSE_01,2026-04-24T07:59:00.000Z,14,31.21,30.9,31.6,30.9,71.71,71.6,72.6,72.7,97.2,170.0,95.3,LIGHT_ACTIVITY,51.2,51.3,7,3078,163.1,164.3,3,11,0,0,31.1,72.1,95.3,Light Activity,1,3078,159.2,51.3
synthetic_001384,ESP32_GREENHOUSE_01,2026-04-24T11:31:30.000Z,14,32.67,31.9,33.4,33.0,68.16,67.5,68.2,67.5,133.8,294.0,186.6,RESTLESS,38.4,36.4,11,17655,380.0,374.9,1,2,12,2,32.7,68.8,186.6,Restless,1,17655,376.7,36.4
synthetic_000338,ESP32_GREENHOUSE_01,2026-04-24T02:48:30.000Z,15,29.08,28.9,29.3,29.1,72.71,71.7,74.0,73.6,27.9,56.2,30.2,QUIET,59.3,59.2,1,1094,57.1,59.1,12,0,0,0,29.1,72.9,30.2,Quiet,0,1094,61.8,59.2
synthetic_001368,ESP32_GREENHOUSE_01,2026-04-24T11:23:30.000Z,14,32.88,32.1,33.4,32.7,66.6,66.6,67.3,67.5,184.3,184.3,208.7,RESTLESS,42.4,41.5,9,9363,444.6,437.0,1,1,8,2,32.7,66.6,208.7,Restless,1,9363,446.8,41.5
synthetic_000320,ESP32_GREENHOUSE_01,2026-04-24T02:39:30.000Z,14,28.02,27.5,28.7,27.9,73.95,72.7,75.1,74.6,32.2,52.3,18.3,QUIET,61.3,61.9,2,515,76.5,81.4,15,0,0,0,28.2,73.4,18.3,Quiet,0,515,72.6,61.9
synthetic_001094,ESP32_GREENHOUSE_01,2026-04-24T09:06:30.000Z,14,31.93,31.8,32.5,31.9,70.31,69.9,70.8,70.5,83.7,180.2,75.4,LIGHT_ACTIVITY,45.6,46.0,7,5828,288.8,285.3,2,13,0,0,32.1,69.8,75.4,Light Activity,1,5828,288.1,46.0
synthetic_001331,ESP32_GREENHOUSE_01,2026-04-24T11:05:00.000Z,15,32.47,31.7,32.7,32.8,67.78,66.5,69.2,68.7,208.3,208.3,192.6,RESTLESS,35.8,36.4,9,18900,410.9,415.4,1,1,11,2,32.3,67.1,192.6,Restless,1,18900,415.8,36.4
synthetic_001285,ESP32_GREENHOUSE_01,2026-04-24T10:42:00.000Z,14,32.63,32.4,33.1,32.5,67.88,67.8,69.3,67.2,155.0,258.2,147.1,RESTLESS,37.8,38.1,5,15716,404.0,397.2,0,1,10,0,32.7,68.4,147.1,Restless,1,15716,399.8,38.1
synthetic_000162,ESP32_GREENHOUSE_01,2026-04-24T01:20:30.000Z,14,28.16,27.8,28.5,28.1,75.59,75.2,76.6,76.5,17.2,42.9,7.4,QUIET,60.5,60.9,1,1401,52.6,55.6,12,1,0,0,28.0,75.6,7.4,Quiet,0,1401,50.0,60.9
synthetic_000478,ESP32_GREENHOUSE_01,2026-04-24T03:58:30.000Z,14,28.81,28.5,29.5,29.0,73.95,73.2,74.4,74.8,17.4,53.4,15.2,QUIET,59.7,59.8,1,788,56.9,61.1,13,1,0,0,28.9,74.6,15.2,Quiet,0,788,53.0,59.8
synthetic_002013,ESP32_GREENHOUSE_01,2026-04-24T16:46:00.000Z,14,31.53,31.3,32.0,31.3,63.44,62.8,64.6,62.5,665.5,804.5,687.5,CRYING,23.3,22.4,11,23051,481.7,484.9,0,0,1,13,31.5,64.1,687.5,CRYING,1,23051,485.0,22.4
synthetic_000969,ESP32_GREENHOUSE_01,2026-04-24T08:04:00.000Z,15,32.83,32.7,32.9,32.7,69.16,67.8,70.4,68.6,92.3,163.4,108.1,LIGHT_ACTIVITY,44.4,43.8,6,6351,229.8,234.8,0,9,0,0,32.8,68.4,108.1,Light Activity,1,6351,233.0,43.8
synthetic_000377,ESP32_GREENHOUSE_01,2026-04-24T03:08:00.000Z,14,28.81,28.5,29.5,28.9,74.64,73.2,75.2,74.7,38.9,51.3,31.4,QUIET,58.4,58.7,0,925,24.5,17.2,13,1,0,0,28.6,74.5,31.4,Quiet,0,925,23.0,58.7
synthetic_002278,ESP32_GREENHOUSE_01,2026-04-24T18:58:30.000Z,14,30.4,30.0,30.6,30.2,69.67,69.1,71.0,70.6,397.6,872.9,429.7,CRYING,33.0,31.8,13,29218,312.2,307.0,0,0,0,13,30.4,68.7,429.7,CRYING,1,29218,311.8,31.8
synthetic_002238,ESP32_GREENHOUSE_01,2026-04-24T18:38:30.000Z,14,30.23,30.0,30.3,30.0,70.62,69.4,71.6,70.7,554.2,760.9,482.2,CRYING,26.8,29.6,9,15863,365.4,374.1,0,0,0,15,30.3,69.9,482.2,CRYING,1,15863,370.4,29.6
synthetic_001560,ESP32_GREENHOUSE_01,2026-04-24T12:59:30.000Z,14,32.16,31.5,32.6,32.2,67.02,65.9,68.4,67.2,140.3,264.9,165.6,RESTLESS,39.8,38.8,8,18470,452.2,447.4,0,3,9,2,32.3,66.3,165.6,Restless,1,18470,451.9,38.8
synthetic_000604,ESP32_GREENHOUSE_01,2026-04-24T05:01:30.000Z,14,30.29,29.6,30.5,30.2,68.92,68.0,69.9,69.4,68.1,137.4,72.3,LIGHT_ACTIVITY,56.7,56.5,4,4381,70.0,64.0,1,11,1,0,30.4,68.9,72.3,Light Activity,1,4381,68.4,56.5
synthetic_000709,ESP32_GREENHOUSE_01,2026-04-24T05:54:00.000Z,15,29.67,29.4,29.8,29.4,71.8,70.4,72.7,71.0,71.7,148.1,69.3,LIGHT_ACTIVITY,56.5,56.6,2,4055,72.7,72.2,3,9,2,0,29.7,71.5,69.3,Light Activity,0,4055,73.1,56.6
synthetic_001444,ESP32_GREENHOUSE_01,2026-04-24T12:01:30.000Z,14,31.63,31.4,32.1,31.5,64.6,64.4,65.7,64.2,181.8,344.3,212.8,RESTLESS,46.2,45.0,10,8282,444.8,441.9,1,1,12,1,31.8,63.7,212.8,Restless,1,8282,448.5,45.0
synthetic_002388,ESP32_GREENHOUSE_01,2026-04-24T19:53:30.000Z,14,29.74,29.0,30.3,29.7,68.23,67.1,69.1,67.7,431.2,933.4,389.0,CRYING,34.5,36.1,11,19920,240.8,238.0,0,0,2,12,29.6,67.4,389.0,CRYING,1,19920,239.4,36.1
synthetic_002326,ESP32_GREENHOUSE_01,2026-04-24T19:22:30.000Z,15,29.06,28.3,29.4,28.8,68.65,67.5,70.0,68.0,582.6,582.6,563.7,CRYING,30.2,30.9,9,15440,272.4,275.9,0,0,0,15,29.0,67.8,563.7,CRYING,1,15440,268.1,30.9
synthetic_000741,ESP32_GREENHOUSE_01,2026-04-24T06:10:00.000Z,14,31.29,30.7,31.8,31.1,73.85,73.7,74.4,74.2,90.2,133.0,91.4,LIGHT_ACTIVITY,50.0,49.9,6,2618,50,40.4,3,9,0,0,31.4,73.9,91.4,Light Activity,1,2618,54.9,49.9
synthetic_001844,ESP32_GREENHOUSE_01,2026-04-24T15:21:30.000Z,14,32.07,31.8,32.5,31.8,63.32,62.5,63.6,63.8,605.8,1001.9,587.4,CRYING,24.2,24.9,15,23686,473.2,478.2,0,0,0,15,32.2,63.5,587.4,CRYING,1,23686,469.6,24.9
synthetic_000097,ESP32_GREENHOUSE_01,2026-04-24T00:48:00.000Z,14,28.05,27.6,28.6,27.9,74.67,74.6,75.1,73.7,13.9,61.5,12.5,QUIET,61.5,61.6,0,1051,13.9,8.3,15,1,0,0,27.9,74.5,12.5,Quiet,0,1051,15.9,61.6
synthetic_000137,ESP32_GREENHOUSE_01,2026-04-24T01:08:00.000Z,15,28.75,28.0,29.4,28.6,68.34,68.2,69.0,68.1,26.5,45.6,31.6,QUIET,63.0,62.8,2,94,22.6,18.4,15,0,0,0,28.9,68.8,31.6,Quiet,0,94,20.0,62.8
synthetic_001911,ESP32_GREENHOUSE_01,2026-04-24T15:55:00.000Z,14,32.47,32.0,32.6,32.5,67.5,66.1,68.7,68.0,368.1,733.2,324.7,CRYING,29.8,31.5,14,17880,481.3,480.2,0,0,2,14,32.5,68.2,324.7,CRYING,1,17880,480.8,31.5
synthetic_001944,ESP32_GREENHOUSE_01,2026-04-24T16:11:30.000Z,15,31.36,31.2,32.1,31.5,66.1,65.5,66.6,65.2,478.1,635.8,405.3,CRYING,29.4,32.3,13,18746,445.0,441.2,0,0,0,13,31.5,65.6,405.3,CRYING,1,18746,449.4,32.3
synthetic_000469,ESP32_GREENHOUSE_01,2026-04-24T03:54:00.000Z,15,28.78,28.6,28.9,28.9,70.59,70.4,71.0,70.0,27.9,61.1,22.1,QUIET,61.5,61.7,1,235,25.1,16.9,13,0,0,0,28.9,70.9,22.1,Quiet,0,235,24.8,61.7
synthetic_000512,ESP32_GREENHOUSE_01,2026-04-24T04:15:30.000Z,14,30.09,29.6,30.4,29.8,73.64,73.0,74.4,73.1,22.5,73.4,25.0,QUIET,56.1,56.0,1,33,28.1,24.6,14,2,0,0,30.0,74.3,25.0,Quiet,0,33,27.3,56.0
synthetic_000920,ESP32_GREENHOUSE_01,2026-04-24T07:39:30.000Z,15,31.5,30.8,32.3,31.4,69.21,68.1,69.5,68.5,68.9,148.3,64.1,LIGHT_ACTIVITY,53.1,53.3,2,3398,81.8,88.4,1,11,0,0,31.7,68.3,64.1,Light Activity,0,3398,84.2,53.3
synthetic_002280,ESP32_GREENHOUSE_01,2026-04-24T18:59:30.000Z,15,30.24,29.5,30.8,30.1,68.71,68.4,69.1,69.1,648.9,770.2,597.1,CRYING,24.3,26.3,10,21315,315.8,322.6,0,0,1,15,30.1,68.6,597.1,CRYING,1,21315,313.6,26.3
synthetic_000135,ESP32_GREENHOUSE_01,2026-04-24T01:07:00.000Z,14,29.07,28.8,29.9,29.1,71.68,70.9,72.4,70.8,26.9,47.9,34.2,QUIET,60.0,59.7,0,686,64.0,71.2,15,1,0,0,28.9,71.0,34.2,Quiet,0,686,66.7,59.7
synthetic_001868,ESP32_GREENHOUSE_01,2026-04-24T15:33:30.000Z,15,32.06,31.4,32.7,32.3,65.16,63.9,65.9,64.4,485.6,927.0,572.8,CRYING,27.8,24.4,12,15300,488.4,495.2,0,0,2,15,32.2,65.4,572.8,CRYING,1,15300,486.3,24.4
synthetic_002190,ESP32_GREENHOUSE_01,2026-04-24T18:14:30.000Z,15,30.59,30.3,31.2,30.3,67.54,67.5,68.6,67.2,557.6,928.8,489.2,CRYING,27.6,30.3,8,22418,302.8,309.1,0,0,2,15,30.8,67.8,489.2,CRYING,1,22418,300.6,30.3
synthetic_000662,ESP32_GREENHOUSE_01,2026-04-24T05:30:30.000Z,15,29.32,29.0,29.6,29.3,70.86,69.7,72.0,71.4,63.6,142.0,68.3,LIGHT_ACTIVITY,58.4,58.2,6,1843,54.5,53.0,3,9,1,0,29.4,71.6,68.3,Light Activity,1,1843,59.0,58.2
synthetic_001934,ESP32_GREENHOUSE_01,2026-04-24T16:06:30.000Z,14,31.18,31.1,32.0,31.3,65.4,64.2,66.6,66.1,538.2,647.1,541.7,CRYING,28.0,27.9,13,21282,476.3,479.8,0,0,0,13,31.3,64.7,541.7,CRYING,1,21282,477.0,27.9
synthetic_001729,ESP32_GREENHOUSE_01,2026-04-24T14:24:00.000Z,14,31.95,31.8,32.2,32.1,62.94,62.6,63.6,62.8,169.8,381.2,127.1,RESTLESS,41.8,43.5,10,17811,476.7,480.4,0,2,11,0,31.9,63.7,127.1,Restless,1,17811,472.9,43.5
synthetic_001851,ESP32_GREENHOUSE_01,2026-04-24T15:25:00.000Z,14,32.17,31.6,32.3,32.4,64.3,63.4,64.5,64.9,529.8,751.0,509.1,CRYING,26.3,27.1,8,19680,482.1,477.7,0,0,0,14,32.3,63.8,509.1,CRYING,1,19680,477.7,27.1
synthetic_002390,ESP32_GREENHOUSE_01,2026-04-24T19:54:30.000Z,15,30.23,29.7,30.5,30.1,63.01,61.7,63.1,62.7,662.4,743.6,705.8,CRYING,27.3,25.6,9,23386,269.5,262.3,0,0,0,15,30.4,63.0,705.8,CRYING,1,23386,269.1,25.6
synthetic_001262,ESP32_GREENHOUSE_01,2026-04-24T10:30:30.000Z,14,32.58,31.8,33.2,32.4,71.3,70.8,72.2,72.0,159.9,216.0,124.7,RESTLESS,35.4,36.8,9,16522,304.7,305.9,0,2,8,2,32.4,71.9,124.7,Restless,1,16522,304.8,36.8
synthetic_000363,ESP32_GREENHOUSE_01,2026-04-24T03:01:00.000Z,15,28.76,28.4,29.0,28.5,75.42,74.3,76.6,75.8,35.4,39.4,32.8,QUIET,58.2,58.3,0,1427,35.1,39.3,12,0,0,0,28.6,76.1,32.8,Quiet,0,1427,36.4,58.3
synthetic_000633,ESP32_GREENHOUSE_01,2026-04-24T05:16:00.000Z,14,29.97,29.3,30.7,29.7,72.01,71.1,72.5,71.4,84.9,137.7,92.0,LIGHT_ACTIVITY,55.0,54.7,7,2157,56.0,55.4,2,13,0,0,29.9,72.4,92.0,Light Activity,1,2157,53.7,54.7
synthetic_001125,ESP32_GREENHOUSE_01,2026-04-24T09:22:00.000Z,15,32.36,31.6,32.5,32.3,66.98,66.3,67.1,66.4,92.3,129.9,83.3,LIGHT_ACTIVITY,51.2,51.5,3,3413,298.0,301.3,3,11,1,0,32.2,67.2,83.3,Light Activity,0,3413,298.5,51.5
synthetic_000224,ESP32_GREENHOUSE_01,2026-04-24T01:51:30.000Z,14,28.43,27.8,29.1,28.2,71.46,71.1,72.9,72.0,22.7,55.1,29.8,QUIET,62.1,61.8,2,122,77.9,83.0,12,1,0,0,28.6,71.3,29.8,Quiet,0,122,74.8,61.8
synthetic_000611,ESP32_GREENHOUSE_01,2026-04-24T05:05:00.000Z,14,29.34,29.0,29.5,29.3,73.91,72.9,74.9,74.5,75.9,135.8,74.3,LIGHT_ACTIVITY,55.9,56.0,3,2984,63.1,60.7,0,12,2,0,29.3,74.6,74.3,Light Activity,0,2984,59.9,56.0
synthetic_002192,ESP32_GREENHOUSE_01,2026-04-24T18:15:30.000Z,15,30.33,29.5,30.7,30.2,62.48,61.7,63.5,61.5,516.3,778.0,522.9,CRYING,33.1,32.8,15,17891,376.9,379.2,0,0,2,12,30.5,62.2,522.9,CRYING,1,17891,378.9,32.8
synthetic_001038,ESP32_GREENHOUSE_01,2026-04-24T08:38:30.000Z,14,31.38,30.8,31.9,31.3,70.46,70.2,71.9,70.9,99.2,162.1,102.2,LIGHT_ACTIVITY,46.5,46.4,3,6449,197.0,191.8,1,10,0,0,31.3,71.1,102.2,Light Activity,0,6449,197.5,46.4
synthetic_000501,ESP32_GREENHOUSE_01,2026-04-24T04:10:00.000Z,14,29.33,28.8,30.1,29.4,73.02,71.6,74.5,73.3,20.7,62.2,23.1,QUIET,58.7,58.6,2,1251,26.9,17.5,14,1,0,0,29.3,72.4,23.1,Quiet,0,1251,30.8,58.6
synthetic_000180,ESP32_GREENHOUSE_01,2026-04-24T01:29:30.000Z,14,28.09,27.9,28.6,28.3,71.7,70.9,73.0,71.8,36.8,64.2,32.6,QUIET,62.3,62.5,1,702,27.4,23.7,14,1,0,0,28.2,71.8,32.6,Quiet,0,702,24.6,62.5
synthetic_002097,ESP32_GREENHOUSE_01,2026-04-24T17:28:00.000Z,15,31.25,31.1,31.6,31.4,66.09,64.9,67.5,65.4,674.7,674.7,579.6,CRYING,22.1,25.8,15,26301,428.6,426.2,0,0,1,13,31.3,65.5,579.6,CRYING,1,26301,430.1,25.8
synthetic_001293,ESP32_GREENHOUSE_01,2026-04-24T10:46:00.000Z,15,32.24,31.7,33.0,32.4,67.42,67.2,67.8,66.7,165.6,233.6,174.4,RESTLESS,43.4,43.0,12,14802,320.9,311.6,0,3,9,1,32.2,67.6,174.4,Restless,1,14802,316.4,43.0
synthetic_000406,ESP32_GREENHOUSE_01,2026-04-24T03:22:30.000Z,15,29.22,29.0,29.6,29.0,70.19,69.2,70.6,69.6,24.9,71.8,16.0,QUIET,60.6,60.9,1,178,12.2,17.3,14,2,0,0,29.3,69.4,16.0,Quiet,0,178,11.5,60.9
synthetic_000216,ESP32_GREENHOUSE_01,2026-04-24T01:47:30.000Z,15,28.67,28.2,29.5,28.4,74.72,73.8,74.8,75.6,35.2,54.2,25.2,QUIET,58.9,59.3,1,1123,16.7,14.5,12,0,0,0,28.6,75.2,25.2,Quiet,0,1123,16.1,59.3
synthetic_000034,ESP32_GREENHOUSE_01,2026-04-24T00:16:30.000Z,15,28.08,27.7,28.5,28.3,78.91,77.4,79.4,79.2,23.1,64.1,29.3,QUIET,58.4,58.2,1,1241,18.3,20.5,13,2,0,0,28.2,79.8,29.3,Quiet,0,1241,15.4,58.2
synthetic_000655,ESP32_GREENHOUSE_01,2026-04-24T05:27:00.000Z,15,29.99,29.8,30.6,29.8,74.17,73.6,74.7,73.2,117.5,173.2,116.2,LIGHT_ACTIVITY,47.3,47.4,6,7192,70.9,69.5,2,11,0,0,30.0,73.5,116.2,Light Activity,1,7192,66.0,47.4
synthetic_002265,ESP32_GREENHOUSE_01,2026-04-24T18:52:00.000Z,15,30.52,30.0,31.1,30.6,68.15,66.9,68.9,67.9,595.4,827.8,556.2,CRYING,25.9,27.5,14,24271,356.1,350.1,0,0,1,13,30.4,67.9,556.2,CRYING,1,24271,355.6,27.5
synthetic_001098,ESP32_GREENHOUSE_01,2026-04-24T09:08:30.000Z,15,32.01,31.6,32.6,31.8,67.4,66.4,68.3,66.5,105.6,202.5,105.3,LIGHT_ACTIVITY,51.4,51.4,6,2568,332.6,324.1,1,10,0,0,32.1,66.9,105.3,Light Activity,1,2568,330.7,51.4
synthetic_001888,ESP32_GREENHOUSE_01,2026-04-24T15:43:30.000Z,15,32.94,32.6,33.1,33.2,65.21,64.2,65.7,64.7,627.3,927.1,574.8,CRYING,21.0,23.0,15,23372,500,501.2,0,0,2,14,32.9,65.1,574.8,CRYING,1,23372,501.1,23.0
synthetic_000525,ESP32_GREENHOUSE_01,2026-04-24T04:22:00.000Z,15,29.1,28.7,29.5,28.9,72.1,71.5,72.4,73.0,39.0,39.0,35.6,QUIET,59.2,59.3,1,197,48.0,51.2,13,0,0,0,29.0,71.9,35.6,Quiet,0,197,44.3,59.3
synthetic_000563,ESP32_GREENHOUSE_01,2026-04-24T04:41:00.000Z,15,29.51,28.9,30.1,29.6,74.34,74.2,75.2,74.2,12.6,69.9,5.9,QUIET,57.7,57.9,0,819,74.7,73.1,14,0,0,0,29.4,73.4,5.9,Quiet,0,819,71.9,57.9
synthetic_000576,ESP32_GREENHOUSE_01,2026-04-24T04:47:30.000Z,14,29.55,29.3,29.9,29.4,71.03,70.8,72.0,70.7,28.7,51.4,33.5,QUIET,59.0,58.8,2,430,57.9,58.2,13,1,0,0,29.5,71.2,33.5,Quiet,0,430,57.1,58.8
synthetic_001599,ESP32_GREENHOUSE_01,2026-04-24T13:19:00.000Z,14,32.56,32.2,32.9,32.7,66.09,66.0,66.5,65.6,213.8,323.3,198.8,RESTLESS,41.6,42.2,10,8597,451.1,454.0,0,3,9,2,32.5,67.0,198.8,Restless,1,8597,452.1,42.2
synthetic_001794,ESP32_GREENHOUSE_01,2026-04-24T14:56:30.000Z,14,32.63,32.3,33.4,32.7,62.57,61.8,63.1,61.6,241.5,298.9,246.6,RESTLESS,37.7,37.5,12,21799,478.8,483.6,1,3,10,2,32.7,63.5,246.6,Restless,1,21799,480.0,37.5
synthetic_001966,ESP32_GREENHOUSE_01,2026-04-24T16:22:30.000Z,14,31.85,31.4,32.6,32.1,63.04,61.9,63.4,62.2,543.0,917.3,607.2,CRYING,27.4,24.9,9,21628,488.6,492.3,0,0,1,15,31.7,63.9,607.2,CRYING,1,21628,484.9,24.9
synthetic_001965,ESP32_GREENHOUSE_01,2026-04-24T16:22:00.000Z,15,31.1,30.6,31.4,30.9,64.28,63.7,65.0,64.7,801.0,801.0,821.2,CRYING,18.7,17.9,11,16052,500,490.3,0,0,2,12,31.2,64.3,821.2,CRYING,1,16052,501.0,17.9
synthetic_000395,ESP32_GREENHOUSE_01,2026-04-24T03:17:00.000Z,14,29.62,29.2,30.0,29.4,73.54,73.2,74.2,73.8,30.6,51.7,33.6,QUIET,57.2,57.0,2,1124,16.4,12.5,13,0,0,0,29.7,74.5,33.6,Quiet,0,1124,13.4,57.0
synthetic_002384,ESP32_GREENHOUSE_01,2026-04-24T19:51:30.000Z,14,29.16,28.5,29.6,29.2,69.79,68.4,71.0,68.9,771.1,936.5,795.6,CRYING,21.8,20.9,13,23542,240.0,235.7,0,0,2,14,29.0,69.2,795.6,CRYING,1,23542,242.5,20.9
synthetic_001130,ESP32_GREENHOUSE_01,2026-04-24T09:24:30.000Z,14,31.33,30.8,31.8,31.2,65.47,64.3,66.7,64.5,81.4,173.9,90.7,LIGHT_ACTIVITY,50.4,50.1,4,7656,331.1,324.1,0,10,0,0,31.3,65.8,90.7,Light Activity,1,7656,326.6,50.1
synthetic_001454,ESP32_GREENHOUSE_01,2026-04-24T12:06:30.000Z,14,32.15,31.8,32.8,32.1,69.15,68.9,70.1,70.0,181.7,342.9,192.9,RESTLESS,36.9,36.5,9,17833,469.6,477.5,1,1,11,0,32.1,69.7,192.9,Restless,1,17833,466.5,36.5
synthetic_001043,ESP32_GREENHOUSE_01,2026-04-24T08:41:00.000Z,15,32.14,31.3,32.3,32.1,70.54,70.2,71.6,70.7,107.0,184.1,103.8,LIGHT_ACTIVITY,49.0,49.1,7,3497,156.3,164.8,2,12,1,0,32.1,71.5,103.8,Light Activity,1,3497,152.7,49.1
synthetic_001478,ESP32_GREENHOUSE_01,2026-04-24T12:18:30.000Z,14,32.41,31.7,33.0,32.6,66.63,66.2,66.7,67.1,261.4,345.8,263.6,RESTLESS,39.6,39.6,9,9431,482.2,475.0,1,1,11,0,32.4,66.1,263.6,Restless,1,9431,482.5,39.6
synthetic_000435,ESP32_GREENHOUSE_01,2026-04-24T03:37:00.000Z,15,29.1,28.9,29.2,29.1,72.68,71.8,72.7,73.5,34.7,75.5,27.3,QUIET,59.0,59.3,2,786,40.6,40.9,15,1,0,0,29.1,73.1,27.3,Quiet,0,786,38.2,59.3
synthetic_000202,ESP32_GREENHOUSE_01,2026-04-24T01:40:30.000Z,14,28.86,28.5,29.1,29.0,71.05,70.4,71.2,70.9,18.4,61.2,14.6,QUIET,61.3,61.5,2,14,23.2,24.9,12,2,0,0,28.8,71.1,14.6,Quiet,0,14,23.8,61.5
synthetic_000673,ESP32_GREENHOUSE_01,2026-04-24T05:36:00.000Z,15,30.41,30.2,31.0,30.4,71.29,70.9,72.0,70.8,84.2,123.0,86.7,LIGHT_ACTIVITY,49.3,49.2,4,6731,60.6,62.0,1,10,2,0,30.4,70.6,86.7,Light Activity,1,6731,61.7,49.2
synthetic_000944,ESP32_GREENHOUSE_01,2026-04-24T07:51:30.000Z,14,31.03,30.9,31.7,30.8,72.37,72.1,72.9,72.2,90.3,170.9,83.7,LIGHT_ACTIVITY,46.6,46.9,4,7184,117.1,120.9,1,10,1,0,30.9,72.3,83.7,Light Activity,1,7184,113.6,46.9
synthetic_000694,ESP32_GREENHOUSE_01,2026-04-24T05:46:30.000Z,14,28.95,28.7,29.3,29.2,71.51,71.4,72.4,70.8,86.4,155.9,88.3,LIGHT_ACTIVITY,53.1,53.0,3,7967,53.0,52.2,1,12,1,0,29.1,70.8,88.3,Light Activity,0,7967,55.8,53.0
synthetic_002119,ESP32_GREENHOUSE_01,2026-04-24T17:39:00.000Z,15,31.36,30.9,31.8,31.5,65.82,65.5,67.1,65.2,548.7,870.3,619.1,CRYING,26.8,24.1,8,22388,422.4,428.3,0,0,0,15,31.3,66.5,619.1,CRYING,1,22388,420.5,24.1
synthetic_000759,ESP32_GREENHOUSE_01,2026-04-24T06:19:00.000Z,15,30.73,30.4,30.9,30.8,73.04,72.0,74.0,73.0,99.9,217.5,93.6,LIGHT_ACTIVITY,51.6,51.9,7,3029,50,52.2,0,13,1,0,30.7,73.1,93.6,Light Activity,1,3029,53.6,51.9
synthetic_001453,ESP32_GREENHOUSE_01,2026-04-24T12:06:00.000Z,15,32.1,32.0,32.2,32.0,66.25,64.8,67.7,65.7,128.2,262.6,133.8,RESTLESS,46.0,45.7,10,14200,449.4,453.7,0,4,11,2,32.0,65.5,133.8,Restless,1,14200,446.2,45.7
synthetic_001031,ESP32_GREENHOUSE_01,2026-04-24T08:35:00.000Z,14,32.09,31.8,32.8,31.8,70.47,69.1,72.0,70.3,94.4,134.4,101.8,LIGHT_ACTIVITY,49.7,49.4,2,4199,185.4,194.2,1,9,2,0,31.9,71.4,101.8,Light Activity,0,4199,186.0,49.4
synthetic_001426,ESP32_GREENHOUSE_01,2026-04-24T11:52:30.000Z,15,31.7,31.4,32.5,31.5,69.7,68.9,70.2,69.5,189.2,307.8,203.0,RESTLESS,37.5,37.0,11,17838,395.0,400.5,0,2,9,1,31.8,69.2,203.0,Restless,1,17838,391.4,37.0
synthetic_001639,ESP32_GREENHOUSE_01,2026-04-24T13:39:00.000Z,15,32.44,32.3,33.0,32.3,65.87,65.2,65.9,65.4,147.8,267.1,157.4,RESTLESS,39.5,39.1,10,17524,458.5,449.6,0,1,8,0,32.6,65.8,157.4,Restless,1,17524,459.1,39.1
synthetic_000098,ESP32_GREENHOUSE_01,2026-04-24T00:48:30.000Z,15,29.42,29.1,30.1,29.4,67.26,65.9,67.8,66.4,21.6,50.9,21.1,QUIET,62.0,62.0,1,837,43.0,52.3,13,0,0,0,29.6,66.5,21.1,Quiet,0,837,46.6,62.0
synthetic_001077,ESP32_GREENHOUSE_01,2026-04-24T08:58:00.000Z,14,31.98,31.7,32.4,31.7,67.56,67.4,68.5,67.9,92.1,141.7,91.3,LIGHT_ACTIVITY,51.9,51.9,3,1638,210.8,201.4,3,12,0,0,32.1,68.0,91.3,Light Activity,0,1638,211.3,51.9
synthetic_001385,ESP32_GREENHOUSE_01,2026-04-24T11:32:00.000Z,15,32.33,31.9,33.1,32.1,66.87,66.2,68.2,66.8,137.2,258.8,145.9,RESTLESS,39.6,39.2,8,20219,356.0,353.8,0,1,9,1,32.3,67.0,145.9,Restless,1,20219,357.6,39.2
synthetic_002143,ESP32_GREENHOUSE_01,2026-04-24T17:51:00.000Z,14,31.1,30.8,31.4,31.0,66.28,66.2,66.7,66.6,500.4,858.0,536.9,CRYING,29.2,27.8,8,16893,398.6,398.6,0,0,0,13,31.2,65.3,536.9,CRYING,1,16893,402.1,27.8
synthetic_001298,ESP32_GREENHOUSE_01,2026-04-24T10:48:30.000Z,15,32.07,31.6,32.3,32.0,68.08,67.7,69.3,68.1,179.2,349.2,214.2,RESTLESS,37.9,36.5,10,21986,357.0,364.8,0,2,10,0,32.0,68.9,214.2,Restless,1,21986,354.3,36.5
synthetic_000712,ESP32_GREENHOUSE_01,2026-04-24T05:55:30.000Z,14,30.16,29.9,30.4,29.9,73.58,73.5,74.2,74.5,95.7,168.3,101.3,LIGHT_ACTIVITY,48.1,47.9,2,6997,54.9,50.4,1,10,2,0,30.0,72.6,101.3,Light Activity,0,6997,52.0,47.9
synthetic_000656,ESP32_GREENHOUSE_01,2026-04-24T05:27:30.000Z,15,30.77,30.0,31.0,30.9,70.71,69.5,72.2,69.8,92.9,195.1,86.0,LIGHT_ACTIVITY,48.3,48.5,7,5425,59.7,61.0,1,11,0,0,30.9,70.8,86.0,Light Activity,1,5425,61.7,48.5
synthetic_001423,ESP32_GREENHOUSE_01,2026-04-24T11:51:00.000Z,15,32.48,32.1,32.8,32.6,69.45,68.7,70.2,69.3,163.2,321.3,143.7,RESTLESS,41.5,42.3,11,13188,374.2,375.9,1,2,11,1,32.5,69.6,143.7,Restless,1,13188,369.2,42.3
synthetic_000462,ESP32_GREENHOUSE_01,2026-04-24T03:50:30.000Z,15,29.74,29.1,30.3,29.8,74.51,73.6,75.3,75.1,43.1,59.6,41.6,QUIET,55.7,55.8,0,1262,16.3,19.7,15,0,0,0,29.9,73.9,41.6,Quiet,0,1262,19.1,55.8
synthetic_002137,ESP32_GREENHOUSE_01,2026-04-24T17:48:00.000Z,14,31.11,30.7,31.8,31.4,63.58,62.7,64.4,64.4,639.7,1023,711.2,CRYING,25.4,22.6,14,28326,457.9,464.8,0,0,0,13,30.9,62.7,711.2,CRYING,1,28326,454.5,22.6
synthetic_001383,ESP32_GREENHOUSE_01,2026-04-24T11:31:00.000Z,15,32.18,32.0,32.9,32.0,68.67,67.4,69.7,68.0,144.7,336.4,161.0,RESTLESS,43.6,42.9,11,14171,395.2,388.0,0,3,11,1,32.4,69.5,161.0,Restless,1,14171,395.4,42.9
synthetic_001450,ESP32_GREENHOUSE_01,2026-04-24T12:04:30.000Z,14,32.61,32.2,32.8,32.9,67.55,67.4,67.8,67.8,214.6,271.6,203.7,RESTLESS,35.6,36.1,11,15081,454.0,444.3,0,3,12,2,32.7,67.5,203.7,Restless,1,15081,457.6,36.1
synthetic_001206,ESP32_GREENHOUSE_01,2026-04-24T10:02:30.000Z,14,31.98,31.2,32.4,32.2,66.56,65.9,67.3,65.8,210.9,353.2,213.5,RESTLESS,42.9,42.8,6,14857,312.4,312.0,1,1,8,0,31.9,66.1,213.5,Restless,1,14857,307.5,42.8
synthetic_000809,ESP32_GREENHOUSE_01,2026-04-24T06:44:00.000Z,15,30.94,30.3,31.6,30.8,69.96,69.3,71.0,69.1,91.8,91.8,95.1,LIGHT_ACTIVITY,48.3,48.2,3,7908,50,47.9,2,11,1,0,30.9,70.2,95.1,Light Activity,0,7908,47.3,48.2
synthetic_000263,ESP32_GREENHOUSE_01,2026-04-24T02:11:00.000Z,15,28.18,27.9,28.8,28.3,72.64,71.3,74.0,73.1,28.6,33.1,29.0,QUIET,61.8,61.8,1,400,53.1,61.4,13,2,0,0,28.4,72.8,29.0,Quiet,0,400,54.2,61.8
synthetic_000115,ESP32_GREENHOUSE_01,2026-04-24T00:57:00.000Z,15,28.13,27.4,28.4,28.3,74.02,72.8,74.1,74.7,24.3,63.6,25.6,QUIET,61.3,61.2,0,1396,79.8,85.7,12,2,0,0,28.2,73.3,25.6,Quiet,0,1396,77.8,61.2
synthetic_000585,ESP32_GREENHOUSE_01,2026-04-24T04:52:00.000Z,15,29.01,28.8,29.8,28.8,75.79,74.4,76.9,74.8,12.5,41.2,13.9,QUIET,58.2,58.1,0,1347,32.1,39.7,13,0,0,0,29.2,75.0,13.9,Quiet,0,1347,36.6,58.1
synthetic_000175,ESP32_GREENHOUSE_01,2026-04-24T01:27:00.000Z,14,28.11,27.7,28.5,28.1,72.13,71.9,73.3,71.8,20.2,46.4,19.2,QUIET,62.7,62.7,2,1255,20.4,17.0,12,0,0,0,28.0,72.1,19.2,Quiet,0,1255,20.9,62.7
synthetic_001184,ESP32_GREENHOUSE_01,2026-04-24T09:51:30.000Z,14,32.21,32.0,32.5,32.3,70.08,69.0,71.0,69.5,66.4,142.8,66.9,LIGHT_ACTIVITY,45.7,45.6,4,5117,298.8,290.5,3,12,0,0,32.4,69.5,66.9,Light Activity,1,5117,296.8,45.6
synthetic_001362,ESP32_GREENHOUSE_01,2026-04-24T11:20:30.000Z,14,32.61,32.1,33.2,32.8,67.37,66.3,67.6,68.2,171.2,324.5,146.1,RESTLESS,37.4,38.4,7,19929,428.4,434.1,0,2,9,2,32.7,66.6,146.1,Restless,1,19929,431.9,38.4
synthetic_002063,ESP32_GREENHOUSE_01,2026-04-24T17:11:00.000Z,15,30.38,30.2,31.1,30.2,69.72,68.9,70.7,70.6,504.0,871.2,442.7,CRYING,28.9,31.3,10,28653,345.4,350.6,0,0,0,13,30.3,70.2,442.7,CRYING,1,28653,341.7,31.3
synthetic_000618,ESP32_GREENHOUSE_01,2026-04-24T05:08:30.000Z,14,29.71,29.3,30.2,29.8,69.16,69.1,69.7,70.0,80.7,172.6,87.5,LIGHT_ACTIVITY,57.7,57.4,3,3315,16.9,9.2,2,9,2,0,29.6,70.0,87.5,Light Activity,0,3315,18.5,57.4
synthetic_002015,ESP32_GREENHOUSE_01,2026-04-24T16:47:00.000Z,15,31.18,30.7,31.7,31.4,70.63,70.2,71.0,69.7,396.1,634.4,504.5,CRYING,30.3,26.1,8,28407,427.6,417.7,0,0,2,13,31.1,70.1,504.5,CRYING,1,28407,425.2,26.1
synthetic_001282,ESP32_GREENHOUSE_01,2026-04-24T10:40:30.000Z,14,32.12,31.3,32.7,32.3,70.24,69.5,70.3,69.6,213.4,322.1,230.5,RESTLESS,35.1,34.4,9,16711,328.4,325.4,1,3,9,0,32.0,69.5,230.5,Restless,1,16711,331.4,34.4
synthetic_000441,ESP32_GREENHOUSE_01,2026-04-24T03:40:00.000Z,14,28.63,28.5,28.8,28.7,73.37,73.2,74.7,73.2,38.8,70.6,47.4,QUIET,59.7,59.4,2,1417,27.1,17.1,14,2,0,0,28.5,72.8,47.4,Quiet,0,1417,26.0,59.4
synthetic_001277,ESP32_GREENHOUSE_01,2026-04-24T10:38:00.000Z,15,31.84,31.5,32.5,31.8,69.45,68.8,70.2,70.0,101.3,249.5,109.4,RESTLESS,40.7,40.4,12,17439,363.2,356.2,1,4,10,1,31.8,69.6,109.4,Restless,1,17439,361.2,40.4
synthetic_001529,ESP32_GREENHOUSE_01,2026-04-24T12:44:00.000Z,15,32.21,32.0,32.7,32.4,69.22,68.5,70.2,68.9,156.8,364.1,157.8,RESTLESS,42.7,42.6,9,12358,441.8,448.6,0,1,8,0,32.1,70.1,157.8,Restless,1,12358,436.8,42.6
synthetic_001246,ESP32_GREENHOUSE_01,2026-04-24T10:22:30.000Z,15,32.27,31.9,32.5,32.4,66.54,66.4,67.5,66.5,230.1,267.1,200.4,RESTLESS,36.3,37.5,6,19563,359.9,355.0,1,4,9,1,32.2,66.8,200.4,Restless,1,19563,358.5,37.5
synthetic_001948,ESP32_GREENHOUSE_01,2026-04-24T16:13:30.000Z,14,30.93,30.8,31.7,30.7,68.21,67.4,69.6,67.2,643.3,774.6,638.7,CRYING,22.9,23.0,8,17301,474.7,479.6,0,0,0,13,31.1,67.4,638.7,CRYING,1,17301,474.6,23.0
synthetic_000550,ESP32_GREENHOUSE_01,2026-04-24T04:34:30.000Z,14,29.57,29.3,29.8,29.5,69.66,69.4,70.9,69.5,34.6,65.1,33.6,QUIET,59.6,59.6,0,943,42.1,46.6,12,2,0,0,29.4,69.8,33.6,Quiet,0,943,44.9,59.6
synthetic_001320,ESP32_GREENHOUSE_01,2026-04-24T10:59:30.000Z,14,32.42,31.7,32.5,32.2,68.31,67.2,69.0,67.8,270.6,313.3,270.8,RESTLESS,38.2,38.2,9,9457,402.9,394.2,0,4,10,0,32.5,67.4,270.8,Restless,1,9457,402.8,38.2
synthetic_000334,ESP32_GREENHOUSE_01,2026-04-24T02:46:30.000Z,14,28.47,28.1,28.9,28.6,75.16,73.7,75.4,74.8,35.1,81.7,41.5,QUIET,59.2,58.9,1,182,22.5,28.5,12,0,0,0,28.6,76.0,41.5,Quiet,0,182,26.5,58.9
synthetic_000781,ESP32_GREENHOUSE_01,2026-04-24T06:30:00.000Z,14,30.39,30.2,30.6,30.2,69.81,68.7,70.5,70.3,73.9,168.3,72.5,LIGHT_ACTIVITY,55.6,55.7,2,2449,50,53.2,0,12,1,0,30.6,70.3,72.5,Light Activity,0,2449,54.3,55.7
synthetic_001085,ESP32_GREENHOUSE_01,2026-04-24T09:02:00.000Z,15,31.9,31.8,32.3,31.7,66.6,66.2,67.2,66.5,84.1,187.7,91.6,LIGHT_ACTIVITY,48.0,47.7,4,5903,264.8,259.9,1,13,1,0,31.8,65.8,91.6,Light Activity,1,5903,267.2,47.7
synthetic_000252,ESP32_GREENHOUSE_01,2026-04-24T02:05:30.000Z,14,29.22,28.6,29.5,29.0,65.6,65.1,66.4,66.1,21.7,72.2,29.6,QUIET,63.6,63.3,1,716,39.0,31.3,13,0,0,0,29.2,65.4,29.6,Quiet,0,716,39.7,63.3
synthetic_000177,ESP32_GREENHOUSE_01,2026-04-24T01:28:00.000Z,15,28.2,27.6,28.4,28.4,71.46,71.1,72.0,72.1,37.9,45.2,34.2,QUIET,62.1,62.3,1,679,67.2,76.5,15,2,0,0,28.1,71.5,34.2,Quiet,0,679,69.2,62.3
synthetic_002208,ESP32_GREENHOUSE_01,2026-04-24T18:23:30.000Z,14,29.77,29.0,30.1,29.7,66.2,65.1,67.5,65.8,500.6,882.4,513.8,CRYING,32.9,32.4,12,19349,346.6,345.9,0,0,2,15,29.8,66.1,513.8,CRYING,1,19349,342.5,32.4
synthetic_000720,ESP32_GREENHOUSE_01,2026-04-24T05:59:30.000Z,14,29.19,29.1,29.4,29.3,71.85,71.8,72.3,71.2,99.5,153.7,102.4,LIGHT_ACTIVITY,51.7,51.6,5,7204,29.4,22.5,2,11,1,0,29.3,72.3,102.4,Light Activity,1,7204,26.4,51.6
synthetic_000039,ESP32_GREENHOUSE_01,2026-04-24T00:19:00.000Z,14,28.02,27.2,28.5,27.9,73.7,73.5,74.5,73.8,17.1,70.4,10.0,QUIET,62.1,62.3,1,1430,74.9,66.8,15,0,0,0,28.2,74.5,10.0,Quiet,0,1430,74.5,62.3
synthetic_000074,ESP32_GREENHOUSE_01,2026-04-24T00:36:30.000Z,15,29.06,28.3,29.4,29.3,72.27,71.5,73.0,73.1,26.6,49.6,38.2,QUIET,59.7,59.2,1,894,29.1,29.5,15,2,0,0,29.2,72.7,38.2,Quiet,0,894,24.9,59.2
synthetic_000104,ESP32_GREENHOUSE_01,2026-04-24T00:51:30.000Z,15,28.94,28.6,29.7,28.9,70.3,69.1,71.4,70.8,23.4,48.6,20.9,QUIET,61.4,61.5,1,954,64.3,60.7,14,1,0,0,28.8,69.9,20.9,Quiet,0,954,59.8,61.5
synthetic_001335,ESP32_GREENHOUSE_01,2026-04-24T11:07:00.000Z,14,32.33,32.0,32.8,32.1,67.57,67.1,68.6,67.8,94.0,304.4,101.0,RESTLESS,45.8,45.5,5,14980,394.9,398.1,1,1,12,2,32.4,68.1,101.0,Restless,1,14980,399.0,45.5
synthetic_000087,ESP32_GREENHOUSE_01,2026-04-24T00:43:00.000Z,15,28.94,28.7,29.5,29.2,74.22,73.4,74.6,73.3,22.3,76.0,16.2,QUIET,59.0,59.2,2,1409,65.8,65.4,12,2,0,0,28.9,74.7,16.2,Quiet,0,1409,68.5,59.2
synthetic_001899,ESP32_GREENHOUSE_01,2026-04-24T15:49:00.000Z,14,31.88,31.8,32.4,31.9,64.33,63.9,64.6,64.3,662.6,662.6,556.8,CRYING,21.9,26.0,8,21718,500,501.6,0,0,1,12,31.8,64.1,556.8,CRYING,1,21718,497.6,26.0
synthetic_000896,ESP32_GREENHOUSE_01,2026-04-24T07:27:30.000Z,14,30.79,30.6,31.2,30.7,71.72,71.2,72.9,71.9,100.7,218.1,112.9,LIGHT_ACTIVITY,52.3,51.8,3,2839,135.9,138.8,0,11,1,0,30.9,71.1,112.9,Light Activity,0,2839,132.9,51.8
synthetic_000864,ESP32_GREENHOUSE_01,2026-04-24T07:11:30.000Z,14,31.09,30.4,31.8,31.2,69.48,68.4,70.1,69.2,99.8,137.2,93.8,LIGHT_ACTIVITY,52.9,53.1,5,1898,50,54.8,0,12,0,0,30.9,70.3,93.8,Light Activity,1,1898,49.6,53.1
synthetic_001104,ESP32_GREENHOUSE_01,2026-04-24T09:11:30.000Z,14,32.5,32.2,32.9,32.6,68.43,67.5,69.6,68.9,80.8,134.0,74.7,LIGHT_ACTIVITY,45.3,45.6,5,7929,317.2,322.9,0,12,2,0,32.3,67.6,74.7,Light Activity,1,7929,320.8,45.6
synthetic_000946,ESP32_GREENHOUSE_01,2026-04-24T07:52:30.000Z,15,30.99,30.8,31.2,30.8,71.83,70.6,72.7,72.3,109.2,216.6,108.1,LIGHT_ACTIVITY,51.3,51.4,5,2232,77.6,77.1,1,9,2,0,30.8,71.6,108.1,Light Activity,1,2232,74.0,51.4
synthetic_000756,ESP32_GREENHOUSE_01,2026-04-24T06:17:30.000Z,15,31.01,30.3,31.6,31.0,70.93,70.7,71.0,71.2,109.5,189.1,114.1,LIGHT_ACTIVITY,46.8,46.6,5,7060,50,58.7,2,9,1,0,30.8,71.1,114.1,Light Activity,1,7060,48.3,46.6
synthetic_000830,ESP32_GREENHOUSE_01,2026-04-24T06:54:30.000Z,14,30.77,30.0,31.3,31.0,73.01,71.7,73.4,72.1,91.9,206.0,88.5,LIGHT_ACTIVITY,51.9,52.0,3,3781,50,49.7,3,10,2,0,30.8,73.8,88.5,Light Activity,0,3781,50.2,52.0
synthetic_001012,ESP32_GREENHOUSE_01,2026-04-24T08:25:30.000Z,14,31.94,31.6,32.6,31.9,69.48,69.0,69.5,69.9,82.3,122.9,92.7,LIGHT_ACTIVITY,46.2,45.8,5,6823,199.5,198.4,3,9,1,0,32.1,69.7,92.7,Light Activity,1,6823,197.0,45.8
synthetic_000965,ESP32_GREENHOUSE_01,2026-04-24T08:02:00.000Z,15,31.47,30.8,32.1,31.4,68.04,67.6,68.7,68.5,85.7,166.3,89.4,LIGHT_ACTIVITY,53.3,53.1,5,3968,189.1,186.7,1,10,0,0,31.3,67.3,89.4,Light Activity,1,3968,185.0,53.1
synthetic_000243,ESP32_GREENHOUSE_01,2026-04-24T02:01:00.000Z,14,29.01,28.8,29.8,29.0,68.56,67.6,69.6,69.3,19.4,63.8,21.6,QUIET,62.4,62.3,1,455,74.8,82.6,13,0,0,0,29.0,69.1,21.6,Quiet,0,455,75.9,62.3
synthetic_000566,ESP32_GREENHOUSE_01,2026-04-24T04:42:30.000Z,14,30.1,29.5,30.9,30.3,73.86,73.1,74.9,74.1,33.1,55.6,42.7,QUIET,55.5,55.1,1,1064,57.7,67.5,15,1,0,0,30.2,73.7,42.7,Quiet,0,1064,61.0,55.1
synthetic_000702,ESP32_GREENHOUSE_01,2026-04-24T05:50:30.000Z,14,29.94,29.7,30.6,29.8,72.71,71.7,73.7,72.5,82.0,157.2,77.2,LIGHT_ACTIVITY,49.8,50.0,4,6798,40.1,48.2,1,12,0,0,29.8,72.0,77.2,Light Activity,1,6798,36.1,50.0
synthetic_000237,ESP32_GREENHOUSE_01,2026-04-24T01:58:00.000Z,14,28.64,28.5,28.9,28.8,74.77,74.4,75.5,75.7,20.3,53.6,10.6,QUIET,59.5,59.9,2,1358,11.3,2.6,12,1,0,0,28.7,75.1,10.6,Quiet,0,1358,15.4,59.9
synthetic_001552,ESP32_GREENHOUSE_01,2026-04-24T12:55:30.000Z,15,31.95,31.3,32.7,32.1,65.53,64.8,66.2,65.4,197.3,304.9,182.1,RESTLESS,44.1,44.7,12,10137,445.8,443.2,0,4,11,0,31.8,65.5,182.1,Restless,1,10137,445.4,44.7
synthetic_000675,ESP32_GREENHOUSE_01,2026-04-24T05:37:00.000Z,14,29.98,29.3,30.5,29.7,73.79,73.3,74.7,73.3,103.7,195.4,106.0,LIGHT_ACTIVITY,48.1,48.0,3,7921,47.5,46.1,0,12,0,0,29.9,74.0,106.0,Light Activity,0,7921,48.2,48.0
synthetic_000551,ESP32_GREENHOUSE_01,2026-04-24T04:35:00.000Z,15,29.8,29.6,30.4,29.6,71.81,70.7,73.2,72.4,33.9,55.2,40.0,QUIET,57.6,57.4,1,949,43.1,47.7,13,0,0,0,29.8,71.6,40.0,Quiet,0,949,38.8,57.4
synthetic_002331,ESP32_GREENHOUSE_01,2026-04-24T19:25:00.000Z,15,29.68,29.0,30.4,29.6,68.26,67.5,68.8,69.0,320.9,994.4,284.9,CRYING,38.9,40.3,8,29216,286.3,282.6,0,0,1,14,29.6,68.8,284.9,CRYING,1,29216,287.6,40.3
synthetic_000429,ESP32_GREENHOUSE_01,2026-04-24T03:34:00.000Z,15,29.48,29.2,29.9,29.6,73.06,72.7,73.3,73.1,29.6,56.6,33.6,QUIET,57.9,57.7,1,879,57.5,52.5,12,1,0,0,29.6,73.8,33.6,Quiet,0,879,62.4,57.7
synthetic_000290,ESP32_GREENHOUSE_01,2026-04-24T02:24:30.000Z,14,28.62,28.1,29.2,28.8,71.11,69.8,72.2,71.6,30.2,43.4,36.7,QUIET,61.5,61.2,0,685,64.2,69.4,13,2,0,0,28.5,71.9,36.7,Quiet,0,685,64.2,61.2
synthetic_001316,ESP32_GREENHOUSE_01,2026-04-24T10:57:30.000Z,14,31.64,31.0,32.3,31.8,67.39,66.5,68.5,68.1,173.3,340.4,176.0,RESTLESS,44.8,44.7,5,12320,369.5,367.1,1,1,12,2,31.7,67.6,176.0,Restless,1,12320,373.4,44.7
synthetic_002067,ESP32_GREENHOUSE_01,2026-04-24T17:13:00.000Z,14,31.41,30.9,31.7,31.6,64.65,63.6,65.5,65.1,691.9,691.9,650.9,CRYING,21.8,23.4,15,27220,384.8,392.1,0,0,0,15,31.3,65.1,650.9,CRYING,1,27220,381.6,23.4
synthetic_001547,ESP32_GREENHOUSE_01,2026-04-24T12:53:00.000Z,15,32.17,32.0,32.8,32.2,68.33,67.4,69.4,68.8,204.6,204.6,277.6,RESTLESS,41.5,38.6,7,11546,500,497.1,0,2,12,0,32.3,68.7,277.6,Restless,1,11546,502.4,38.6
synthetic_000985,ESP32_GREENHOUSE_01,2026-04-24T08:12:00.000Z,14,31.14,30.4,31.3,30.9,71.51,70.3,71.7,72.3,85.8,142.1,80.2,LIGHT_ACTIVITY,52.0,52.2,5,4539,198.7,196.1,3,12,2,0,31.1,72.2,80.2,Light Activity,1,4539,197.7,52.2
synthetic_000458,ESP32_GREENHOUSE_01,2026-04-24T03:48:30.000Z,15,29.27,29.1,29.6,29.2,77.34,76.6,78.4,76.7,22.2,43.1,24.1,QUIET,56.1,56.0,0,189,22.9,26.8,15,1,0,0,29.2,77.7,24.1,Quiet,0,189,21.8,56.0
synthetic_000457,ESP32_GREENHOUSE_01,2026-04-24T03:48:00.000Z,14,29.18,28.9,29.3,29.3,71.78,71.1,72.2,71.1,14.0,58.2,13.4,QUIET,60.1,60.2,1,880,75.6,68.4,15,0,0,0,29.1,70.9,13.4,Quiet,0,880,79.3,60.2
synthetic_001413,ESP32_GREENHOUSE_01,2026-04-24T11:46:00.000Z,15,31.92,31.5,32.3,31.7,68.63,68.5,69.7,69.0,123.2,316.4,115.9,RESTLESS,40.2,40.4,7,17730,404.9,411.8,1,3,10,2,32.0,68.3,115.9,Restless,1,17730,404.3,40.4
synthetic_001111,ESP32_GREENHOUSE_01,2026-04-24T09:15:00.000Z,14,31.89,31.1,32.5,31.7,73.27,71.9,74.7,72.9,99.8,146.3,97.9,LIGHT_ACTIVITY,48.3,48.3,6,1824,264.3,259.5,1,11,0,0,31.8,72.4,97.9,Light Activity,1,1824,262.5,48.3
synthetic_001915,ESP32_GREENHOUSE_01,2026-04-24T15:57:00.000Z,14,32.46,31.8,33.1,32.7,63.01,61.6,63.5,63.7,552.0,738.4,555.9,CRYING,25.4,25.2,10,16921,500,507.9,0,0,1,15,32.3,63.7,555.9,CRYING,1,16921,495.1,25.2
synthetic_001625,ESP32_GREENHOUSE_01,2026-04-24T13:32:00.000Z,14,32.44,31.6,33.0,32.4,66.03,65.0,67.3,65.7,135.6,291.7,127.0,RESTLESS,39.8,40.2,11,15406,455.6,455.8,1,1,8,2,32.4,66.5,127.0,Restless,1,15406,450.7,40.2
synthetic_002353,ESP32_GREENHOUSE_01,2026-04-24T19:36:00.000Z,15,30.23,29.7,30.4,30.0,68.14,67.6,69.2,68.6,562.8,971.8,548.5,CRYING,28.0,28.6,11,20532,318.5,310.2,0,0,1,14,30.4,68.8,548.5,CRYING,1,20532,317.9,28.6
synthetic_001963,ESP32_GREENHOUSE_01,2026-04-24T16:21:00.000Z,15,31.27,30.7,31.5,31.1,65.04,65.0,65.4,64.2,577.9,856.3,589.1,CRYING,26.4,26.0,14,27277,500,509.9,0,0,0,15,31.1,64.2,589.1,CRYING,1,27277,498.4,26.0
synthetic_000370,ESP32_GREENHOUSE_01,2026-04-24T03:04:30.000Z,15,28.45,28.0,29.0,28.3,72.33,72.1,72.4,71.6,37.4,73.9,38.1,QUIET,60.9,60.9,0,1305,73.3,75.0,14,1,0,0,28.5,72.6,38.1,Quiet,0,1305,71.9,60.9
synthetic_000391,ESP32_GREENHOUSE_01,2026-04-24T03:15:00.000Z,15,29.12,28.3,29.3,29.1,74.59,73.1,75.9,73.9,24.0,65.9,21.9,QUIET,58.2,58.2,0,447,35.8,45.0,15,1,0,0,29.2,75.6,21.9,Quiet,0,447,37.8,58.2
synthetic_000366,ESP32_GREENHOUSE_01,2026-04-24T03:02:30.000Z,14,29.41,28.7,29.7,29.3,72.96,72.3,73.6,72.0,20.0,66.8,17.6,QUIET,58.5,58.6,1,1014,57.6,51.5,14,2,0,0,29.2,73.1,17.6,Quiet,0,1014,52.9,58.6
synthetic_001901,ESP32_GREENHOUSE_01,2026-04-24T15:50:00.000Z,15,31.77,31.2,32.2,31.5,66.64,65.4,67.0,67.5,460.7,938.0,562.0,CRYING,28.6,24.7,11,19345,489.6,484.4,0,0,1,12,31.7,66.9,562.0,CRYING,1,19345,487.0,24.7
synthetic_000493,ESP32_GREENHOUSE_01,2026-04-24T04:06:00.000Z,15,29.62,28.9,30.2,29.8,72.53,71.6,73.2,72.8,33.5,59.6,22.3,QUIET,57.7,58.1,1,990,18.5,12.2,13,0,0,0,29.7,72.8,22.3,Quiet,0,990,15.2,58.1
synthetic_000973,ESP32_GREENHOUSE_01,2026-04-24T08:06:00.000Z,15,31.0,30.4,31.3,31.2,71.58,71.4,72.9,72.5,87.5,165.1,85.8,LIGHT_ACTIVITY,52.3,52.4,6,1757,158.5,151.7,0,10,2,0,31.1,71.4,85.8,Light Activity,1,1757,153.9,52.4
synthetic_001482,ESP32_GREENHOUSE_01,2026-04-24T12:20:30.000Z,14,31.83,31.3,32.0,31.8,62.64,62.3,63.5,62.8,130.0,322.7,95.2,RESTLESS,43.9,45.3,7,17825,443.4,452.7,0,2,11,0,32.0,61.8,95.2,Restless,1,17825,445.8,45.3
synthetic_000200,ESP32_GREENHOUSE_01,2026-04-24T01:39:30.000Z,15,28.32,27.6,28.8,28.1,72.52,71.2,73.4,73.3,12.4,47.7,17.9,QUIET,62.1,61.9,0,33,37.0,37.6,13,2,0,0,28.4,71.7,17.9,Quiet,0,33,38.6,61.9
synthetic_001002,ESP32_GREENHOUSE_01,2026-04-24T08:20:30.000Z,14,31.3,30.8,31.9,31.2,73.01,71.8,73.7,72.3,88.9,164.3,91.7,LIGHT_ACTIVITY,50.5,50.4,2,3854,249.1,247.1,1,13,0,0,31.2,73.7,91.7,Light Activity,0,3854,247.5,50.4
synthetic_002211,ESP32_GREENHOUSE_01,2026-04-24T18:25:00.000Z,14,30.63,30.3,31.4,30.5,67.58,66.5,68.5,66.8,753.0,972.2,709.2,CRYING,19.8,21.5,9,29260,322.3,325.4,0,0,0,14,30.8,68.5,709.2,CRYING,1,29260,317.9,21.5
synthetic_002007,ESP32_GREENHOUSE_01,2026-04-24T16:43:00.000Z,15,31.94,31.3,32.3,31.9,66.38,65.4,67.4,66.1,427.9,724.2,361.3,CRYING,29.6,32.2,12,21622,426.5,425.9,0,0,2,12,32.1,67.2,361.3,CRYING,1,21622,426.0,32.2
synthetic_000917,ESP32_GREENHOUSE_01,2026-04-24T07:38:00.000Z,15,31.42,30.7,32.2,31.5,67.04,66.2,67.3,67.8,67.3,141.8,70.3,LIGHT_ACTIVITY,49.7,49.6,4,5038,82.7,88.8,3,13,0,0,31.2,67.3,70.3,Light Activity,1,5038,79.7,49.6
synthetic_000392,ESP32_GREENHOUSE_01,2026-04-24T03:15:30.000Z,15,28.96,28.8,29.7,28.9,72.0,71.2,73.1,72.0,14.7,40.9,5,QUIET,60.6,61.0,2,651,54.5,58.6,15,0,0,0,28.8,71.0,5,Quiet,0,651,57.1,61.0
synthetic_000539,ESP32_GREENHOUSE_01,2026-04-24T04:29:00.000Z,15,29.23,28.7,29.7,29.2,75.33,74.8,75.4,75.1,42.3,42.3,56.2,QUIET,56.7,56.1,2,904,68.8,68.1,15,2,0,0,29.3,75.8,56.2,Quiet,0,904,65.9,56.1
synthetic_000909,ESP32_GREENHOUSE_01,2026-04-24T07:34:00.000Z,15,30.55,30.2,31.1,30.5,70.33,69.4,70.9,70.5,99.6,140.0,87.2,LIGHT_ACTIVITY,48.9,49.3,7,7236,92.8,82.9,0,12,1,0,30.7,70.4,87.2,Light Activity,1,7236,88.8,49.3
synthetic_000434,ESP32_GREENHOUSE_01,2026-04-24T03:36:30.000Z,15,28.87,28.4,29.6,29.0,75.38,75.1,75.8,76.3,20.4,63.7,14.1,QUIET,58.5,58.8,0,893,54.1,49.9,12,1,0,0,29.1,74.5,14.1,Quiet,0,893,58.8,58.8
synthetic_002295,ESP32_GREENHOUSE_01,2026-04-24T19:07:00.000Z,14,30.0,29.5,30.7,30.3,66.43,65.4,66.7,66.9,380.0,741.9,356.5,CRYING,36.9,37.8,14,29137,236.7,236.3,0,0,2,12,29.9,66.1,356.5,CRYING,1,29137,236.9,37.8
synthetic_001429,ESP32_GREENHOUSE_01,2026-04-24T11:54:00.000Z,15,32.02,31.7,32.6,32.1,65.17,65.0,65.9,65.6,110.2,411.3,98.2,RESTLESS,42.6,43.0,5,18691,436.7,442.5,1,3,10,2,32.0,65.5,98.2,Restless,1,18691,436.1,43.0
synthetic_000028,ESP32_GREENHOUSE_01,2026-04-24T00:13:30.000Z,14,28.3,28.1,28.9,28.4,74.99,74.8,76.1,75.7,27.2,56.2,23.7,QUIET,60.1,60.2,2,1387,75.0,77.0,15,1,0,0,28.1,76.0,23.7,Quiet,0,1387,77.8,60.2
synthetic_001604,ESP32_GREENHOUSE_01,2026-04-24T13:21:30.000Z,15,32.52,32.0,33.0,32.7,68.09,67.6,69.1,67.3,153.8,201.2,165.3,RESTLESS,37.7,37.2,8,15371,445.4,441.2,0,1,9,1,32.4,68.7,165.3,Restless,1,15371,441.3,37.2
synthetic_000036,ESP32_GREENHOUSE_01,2026-04-24T00:17:30.000Z,15,28.69,28.3,29.1,28.6,73.23,72.6,73.6,73.3,28.3,61.4,31.1,QUIET,60.0,59.9,0,339,20.0,18.8,14,2,0,0,28.7,74.0,31.1,Quiet,0,339,22.3,59.9
synthetic_000018,ESP32_GREENHOUSE_01,2026-04-24T00:08:30.000Z,15,28.07,27.8,28.2,28.2,75.9,75.4,76.7,76.3,24.7,63.4,37.5,QUIET,60.3,59.8,0,48,71.0,77.9,13,1,0,0,28.0,75.0,37.5,Quiet,0,48,74.8,59.8
synthetic_000625,ESP32_GREENHOUSE_01,2026-04-24T05:12:00.000Z,15,30.0,29.5,30.2,30.3,75.72,74.2,77.0,75.5,96.1,148.2,90.2,LIGHT_ACTIVITY,47.2,47.4,3,5220,43.5,33.9,2,10,0,0,30.1,75.0,90.2,Light Activity,0,5220,43.1,47.4
synthetic_001035,ESP32_GREENHOUSE_01,2026-04-24T08:37:00.000Z,15,32.22,31.5,32.9,32.1,68.64,68.5,70.1,67.7,97.4,105.5,91.8,LIGHT_ACTIVITY,45.3,45.5,4,5541,231.4,238.1,3,9,1,0,32.2,67.8,91.8,Light Activity,1,5541,234.0,45.5
synthetic_001646,ESP32_GREENHOUSE_01,2026-04-24T13:42:30.000Z,14,33.2,32.4,34.0,33.3,60.48,59.2,61.1,61.1,236.7,264.0,214.2,RESTLESS,39.2,40.1,10,19918,495.7,502.6,0,3,8,0,33.0,60.8,214.2,Restless,1,19918,498.8,40.1
synthetic_000340,ESP32_GREENHOUSE_01,2026-04-24T02:49:30.000Z,15,28.74,28.2,29.4,28.5,71.22,71.2,72.2,71.6,32.9,74.3,41.5,QUIET,61.0,60.6,0,920,44.0,53.6,13,0,0,0,28.9,71.7,41.5,Quiet,0,920,45.0,60.6
synthetic_000570,ESP32_GREENHOUSE_01,2026-04-24T04:44:30.000Z,15,29.04,28.6,29.4,29.3,75.59,74.6,76.9,75.6,39.9,53.9,19.9,QUIET,57.1,57.9,1,1318,21.9,21.6,13,2,0,0,29.0,75.9,19.9,Quiet,0,1318,17.5,57.9
synthetic_002069,ESP32_GREENHOUSE_01,2026-04-24T17:14:00.000Z,14,30.76,30.4,31.5,30.6,69.85,68.4,70.2,69.6,444.1,585.7,482.7,CRYING,30.1,28.6,9,19553,410.9,409.8,0,0,1,12,30.6,70.2,482.7,CRYING,1,19553,412.4,28.6
synthetic_001559,ESP32_GREENHOUSE_01,2026-04-24T12:59:00.000Z,14,32.55,32.0,33.1,32.4,67.83,66.7,68.5,67.1,132.0,289.7,135.2,RESTLESS,43.7,43.6,5,11783,484.5,491.3,0,2,10,1,32.6,68.4,135.2,Restless,1,11783,485.2,43.6
synthetic_000844,ESP32_GREENHOUSE_01,2026-04-24T07:01:30.000Z,14,31.19,30.7,32.0,31.1,72.14,71.9,72.7,71.7,100.9,163.9,88.2,LIGHT_ACTIVITY,50.9,51.4,2,3285,75.3,74.5,1,11,0,0,31.1,72.3,88.2,Light Activity,0,3285,76.6,51.4
synthetic_000521,ESP32_GREENHOUSE_01,2026-04-24T04:20:00.000Z,14,29.23,29.1,29.9,28.9,74.61,74.3,76.0,74.8,44.7,53.6,52.6,QUIET,57.0,56.7,0,56,68.7,73.3,12,2,0,0,29.2,75.3,52.6,Quiet,0,56,66.6,56.7
synthetic_001458,ESP32_GREENHOUSE_01,2026-04-24T12:08:30.000Z,15,33.44,32.8,33.6,33.3,64.24,63.1,64.4,63.9,131.2,308.4,119.6,RESTLESS,41.0,41.4,8,20570,474.8,471.3,1,2,9,2,33.3,64.2,119.6,Restless,1,20570,475.1,41.4
synthetic_001352,ESP32_GREENHOUSE_01,2026-04-24T11:15:30.000Z,15,32.96,32.3,33.3,32.7,62.15,60.7,62.8,62.3,178.6,310.3,181.2,RESTLESS,40.4,40.3,9,20809,360.0,366.6,1,3,11,2,33.1,61.4,181.2,Restless,1,20809,361.4,40.3
synthetic_001505,ESP32_GREENHOUSE_01,2026-04-24T12:32:00.000Z,15,32.77,32.5,33.2,32.6,68.31,67.6,68.9,67.5,210.2,328.7,245.9,RESTLESS,35.3,33.9,12,18676,440.6,449.8,1,3,10,2,32.7,69.1,245.9,Restless,1,18676,443.6,33.9
synthetic_000813,ESP32_GREENHOUSE_01,2026-04-24T06:46:00.000Z,14,30.14,29.6,30.7,30.0,71.53,71.0,71.9,72.1,88.1,150.6,68.3,LIGHT_ACTIVITY,49.7,50.5,4,5711,50,59.6,1,11,0,0,30.0,70.6,68.3,Light Activity,1,5711,54.4,50.5
synthetic_002124,ESP32_GREENHOUSE_01,2026-04-24T17:41:30.000Z,15,30.92,30.7,31.1,30.7,63.88,63.9,64.6,64.3,577.4,1023,561.7,CRYING,28.2,28.8,10,15979,395.1,397.4,0,0,2,13,30.8,64.4,561.7,CRYING,1,15979,399.8,28.8
synthetic_001694,ESP32_GREENHOUSE_01,2026-04-24T14:06:30.000Z,15,32.54,31.8,33.1,32.8,61.06,60.0,61.4,60.3,233.4,278.2,206.2,RESTLESS,44.0,45.0,12,12608,494.7,499.0,0,1,11,0,32.6,60.8,206.2,Restless,1,12608,492.0,45.0
synthetic_002038,ESP32_GREENHOUSE_01,2026-04-24T16:58:30.000Z,15,31.99,31.6,32.8,32.2,65.46,64.5,65.9,65.8,471.7,726.2,427.6,CRYING,28.3,30.0,11,18928,467.3,470.3,0,0,1,14,32.1,64.7,427.6,CRYING,1,18928,466.6,30.0
synthetic_001100,ESP32_GREENHOUSE_01,2026-04-24T09:09:30.000Z,15,31.7,31.2,32.1,31.9,70.0,68.8,70.4,70.1,90.1,142.2,82.9,LIGHT_ACTIVITY,46.2,46.5,2,7477,295.2,297.9,2,10,1,0,31.6,70.2,82.9,Light Activity,0,7477,298.5,46.5
synthetic_000782,ESP32_GREENHOUSE_01,2026-04-24T06:30:30.000Z,15,30.39,29.7,30.6,30.5,70.5,70.1,70.7,70.1,93.8,199.7,93.5,LIGHT_ACTIVITY,54.4,54.4,4,3207,50,55.8,0,10,1,0,30.5,70.8,93.5,Light Activity,1,3207,46.4,54.4
synthetic_002053,ESP32_GREENHOUSE_01,2026-04-24T17:06:00.000Z,15,31.36,30.9,32.0,31.4,62.78,62.2,62.9,61.8,591.7,591.7,570.8,CRYING,27.1,27.9,15,21937,453.4,453.8,0,0,2,14,31.3,62.2,570.8,CRYING,1,21937,456.2,27.9
synthetic_002355,ESP32_GREENHOUSE_01,2026-04-24T19:37:00.000Z,15,30.2,29.4,31.0,30.2,69.63,68.7,70.0,69.7,403.4,685.8,313.4,CRYING,33.4,36.9,8,22892,300.5,292.7,0,0,2,15,30.2,69.9,313.4,CRYING,1,22892,304.4,36.9
synthetic_000643,ESP32_GREENHOUSE_01,2026-04-24T05:21:00.000Z,15,30.03,29.5,30.4,29.8,72.97,72.8,73.5,73.2,74.5,146.4,82.0,LIGHT_ACTIVITY,49.6,49.4,4,6692,58.2,67.6,3,11,2,0,29.9,73.2,82.0,Light Activity,1,6692,55.6,49.4
synthetic_001302,ESP32_GREENHOUSE_01,2026-04-24T10:50:30.000Z,14,32.99,32.3,33.4,33.1,68.59,68.4,69.9,68.9,107.8,311.8,71.0,RESTLESS,44.2,45.6,8,10845,335.1,342.6,0,3,11,0,33.1,69.4,71.0,Restless,1,10845,337.3,45.6
synthetic_000527,ESP32_GREENHOUSE_01,2026-04-24T04:23:00.000Z,14,30.12,29.4,30.6,30.0,71.68,70.8,71.7,72.1,26.1,74.2,20.2,QUIET,57.1,57.3,0,1097,50.1,56.1,13,2,0,0,30.0,72.1,20.2,Quiet,0,1097,54.2,57.3
synthetic_001247,ESP32_GREENHOUSE_01,2026-04-24T10:23:00.000Z,14,31.81,31.5,32.3,31.6,70.87,69.6,71.5,70.3,146.6,403.2,151.2,RESTLESS,38.2,38.0,12,16673,326.6,317.4,1,2,8,0,31.9,70.5,151.2,Restless,1,16673,326.4,38.0
synthetic_001878,ESP32_GREENHOUSE_01,2026-04-24T15:38:30.000Z,14,31.99,31.4,32.4,32.2,64.18,63.7,65.1,64.6,541.4,1023,587.3,CRYING,26.4,24.6,11,18943,500,493.1,0,0,0,13,31.8,63.2,587.3,CRYING,1,18943,502.8,24.6
synthetic_002191,ESP32_GREENHOUSE_01,2026-04-24T18:15:00.000Z,15,30.43,30.3,30.6,30.2,66.67,66.6,66.9,66.3,306.0,841.7,363.1,CRYING,38.4,36.2,8,19455,340.4,345.5,0,0,0,12,30.3,65.7,363.1,CRYING,1,19455,337.2,36.2
synthetic_000181,ESP32_GREENHOUSE_01,2026-04-24T01:30:00.000Z,14,28.0,27.4,28.5,28.0,75.89,74.5,77.0,76.2,32.0,73.4,26.8,QUIET,60.2,60.4,0,1031,78.3,86.2,14,2,0,0,28.0,76.6,26.8,Quiet,0,1031,77.5,60.4
synthetic_002203,ESP32_GREENHOUSE_01,2026-04-24T18:21:00.000Z,15,30.59,30.2,30.8,30.4,67.55,67.1,68.4,68.0,576.9,946.0,502.3,CRYING,26.8,29.7,10,16934,317.6,318.8,0,0,0,15,30.6,68.4,502.3,CRYING,1,16934,322.2,29.7
synthetic_001668,ESP32_GREENHOUSE_01,2026-04-24T13:53:30.000Z,15,32.23,31.5,32.6,32.2,65.74,65.6,66.7,64.8,146.9,312.5,136.2,RESTLESS,40.2,40.6,7,19640,446.4,452.5,1,3,9,2,32.3,65.2,136.2,Restless,1,19640,445.1,40.6
synthetic_002151,ESP32_GREENHOUSE_01,2026-04-24T17:55:00.000Z,15,31.12,30.5,31.5,31.0,66.42,64.9,67.4,66.7,598.0,971.9,550.7,CRYING,25.2,27.1,14,22178,385.8,388.6,0,0,2,14,31.3,67.2,550.7,CRYING,1,22178,381.8,27.1
synthetic_001377,ESP32_GREENHOUSE_01,2026-04-24T11:28:00.000Z,15,32.5,32.1,32.9,32.4,69.12,68.2,70.5,70.0,92.4,296.7,50.1,RESTLESS,44.4,46.1,7,9052,379.8,379.4,1,4,10,2,32.5,68.6,50.1,Restless,1,9052,379.5,46.1
synthetic_001678,ESP32_GREENHOUSE_01,2026-04-24T13:58:30.000Z,14,31.96,31.5,32.3,32.0,65.49,64.7,66.3,64.8,229.6,263.4,203.2,RESTLESS,37.9,38.9,8,21439,500,494.0,0,3,8,0,31.8,65.1,203.2,Restless,1,21439,504.3,38.9
synthetic_001415,ESP32_GREENHOUSE_01,2026-04-24T11:47:00.000Z,14,31.89,31.7,32.5,31.8,67.34,66.4,68.0,68.2,191.9,351.3,188.3,RESTLESS,43.4,43.5,5,8868,370.9,375.7,0,4,8,1,31.8,68.1,188.3,Restless,1,8868,374.6,43.5
synthetic_002148,ESP32_GREENHOUSE_01,2026-04-24T17:53:30.000Z,14,31.16,30.8,31.4,31.1,65.69,65.4,67.0,65.4,403.3,773.8,404.9,CRYING,33.2,33.1,13,23450,429.9,430.1,0,0,1,12,31.2,65.3,404.9,CRYING,1,23450,428.7,33.1
synthetic_000949,ESP32_GREENHOUSE_01,2026-04-24T07:54:00.000Z,14,31.08,30.7,31.2,31.1,70.32,69.1,71.4,69.4,102.8,108.0,101.6,LIGHT_ACTIVITY,52.3,52.3,7,4392,69.7,79.1,2,9,0,0,30.9,71.2,101.6,Light Activity,1,4392,73.0,52.3
synthetic_000260,ESP32_GREENHOUSE_01,2026-04-24T02:09:30.000Z,14,28.38,28.0,28.8,28.2,77.41,76.3,78.3,76.7,44.0,65.9,56.2,QUIET,57.7,57.2,1,61,32.7,24.8,12,1,0,0,28.5,78.0,56.2,Quiet,0,61,31.0,57.2
synthetic_000409,ESP32_GREENHOUSE_01,2026-04-24T03:24:00.000Z,15,28.95,28.8,29.6,28.8,72.09,70.9,72.5,71.5,27.3,44.7,24.0,QUIET,60.1,60.2,2,258,64.0,67.6,13,0,0,0,28.8,71.7,24.0,Quiet,0,258,66.5,60.2
synthetic_002213,ESP32_GREENHOUSE_01,2026-04-24T18:26:00.000Z,14,30.06,29.5,30.6,30.0,67.73,66.5,68.9,68.7,463.1,996.1,508.3,CRYING,32.6,30.9,13,20092,377.4,387.0,0,0,0,14,30.2,68.4,508.3,CRYING,1,20092,378.2,30.9
synthetic_001569,ESP32_GREENHOUSE_01,2026-04-24T13:04:00.000Z,15,33.2,32.6,33.5,33.1,61.4,60.4,61.7,61.8,132.7,322.6,169.5,RESTLESS,42.7,41.2,6,19577,500,503.9,1,3,9,0,33.2,60.9,169.5,Restless,1,19577,501.3,41.2
synthetic_000697,ESP32_GREENHOUSE_01,2026-04-24T05:48:00.000Z,15,30.2,29.6,30.9,30.2,73.06,71.8,74.2,73.5,84.6,161.3,87.4,LIGHT_ACTIVITY,53.7,53.6,4,4691,69.7,72.9,1,12,1,0,30.4,73.6,87.4,Light Activity,1,4691,73.4,53.6
synthetic_002247,ESP32_GREENHOUSE_01,2026-04-24T18:43:00.000Z,15,30.41,30.0,30.8,30.6,64.88,64.8,66.0,64.6,659.3,1023,726.3,CRYING,25.8,23.2,13,16208,334.3,328.7,0,0,2,15,30.5,64.0,726.3,CRYING,1,16208,332.4,23.2
synthetic_002282,ESP32_GREENHOUSE_01,2026-04-24T19:00:30.000Z,14,29.7,29.5,30.2,29.4,69.92,68.8,70.6,70.4,348.1,670.8,216.0,CRYING,36.8,41.9,10,16578,267.1,259.2,0,0,1,14,29.5,70.0,216.0,CRYING,1,16578,269.2,41.9
synthetic_000315,ESP32_GREENHOUSE_01,2026-04-24T02:37:00.000Z,15,28.52,28.4,29.3,28.5,71.56,71.2,72.7,70.7,28.9,44.1,24.6,QUIET,61.5,61.7,0,1097,69.3,76.2,13,1,0,0,28.4,71.2,24.6,Quiet,0,1097,65.0,61.7
synthetic_000109,ESP32_GREENHOUSE_01,2026-04-24T00:54:00.000Z,14,28.57,28.3,29.3,28.3,74.97,74.7,75.2,75.6,38.1,63.3,42.1,QUIET,58.9,58.8,0,152,43.3,49.7,14,2,0,0,28.7,74.6,42.1,Quiet,0,152,43.9,58.8
synthetic_000714,ESP32_GREENHOUSE_01,2026-04-24T05:56:30.000Z,14,29.77,29.4,30.5,29.6,73.72,73.3,74.4,72.7,90.4,138.9,92.7,LIGHT_ACTIVITY,49.3,49.2,2,7630,64.7,70.4,3,13,1,0,29.8,73.9,92.7,Light Activity,0,7630,63.2,49.2
synthetic_000489,ESP32_GREENHOUSE_01,2026-04-24T04:04:00.000Z,14,29.36,29.0,29.6,29.2,69.8,69.4,71.2,69.7,45.6,45.6,42.6,QUIET,59.6,59.8,0,1399,66.3,60.0,13,1,0,0,29.5,70.5,42.6,Quiet,0,1399,62.3,59.8
synthetic_000041,ESP32_GREENHOUSE_01,2026-04-24T00:20:00.000Z,15,28.51,28.0,29.0,28.5,73.61,73.1,73.9,74.0,29.9,45.8,39.6,QUIET,60.2,59.9,0,914,56.2,57.6,15,1,0,0,28.4,74.2,39.6,Quiet,0,914,51.6,59.9
synthetic_001771,ESP32_GREENHOUSE_01,2026-04-24T14:45:00.000Z,14,32.25,32.0,32.8,32.4,68.28,67.5,69.2,68.3,175.8,256.6,177.3,RESTLESS,37.4,37.3,12,15887,482.4,473.7,0,3,8,1,32.3,69.1,177.3,Restless,1,15887,485.5,37.3
synthetic_000249,ESP32_GREENHOUSE_01,2026-04-24T02:04:00.000Z,15,28.11,27.6,28.7,28.2,72.99,71.8,73.3,72.9,47.1,60.4,41.4,QUIET,61.1,61.3,1,365,13.4,15.0,13,2,0,0,28.3,72.2,41.4,Quiet,0,365,11.4,61.3
synthetic_000404,ESP32_GREENHOUSE_01,2026-04-24T03:21:30.000Z,15,29.89,29.1,30.5,29.7,72.36,71.7,73.4,73.1,45.2,70.2,37.4,QUIET,56.6,56.9,0,52,38.1,38.4,12,2,0,0,30.0,71.4,37.4,Quiet,0,52,39.5,56.9
synthetic_002350,ESP32_GREENHOUSE_01,2026-04-24T19:34:30.000Z,14,29.21,28.4,29.6,29.1,66.04,64.7,66.1,65.1,561.0,668.3,661.3,CRYING,32.3,28.3,10,27268,293.0,301.2,0,0,1,15,29.0,65.5,661.3,CRYING,1,27268,288.2,28.3
synthetic_000375,ESP32_GREENHOUSE_01,2026-04-24T03:07:00.000Z,15,28.98,28.7,29.4,29.1,76.45,75.1,77.6,76.6,48.7,54.6,50.3,QUIET,56.4,56.4,0,1090,65.6,72.7,15,2,0,0,28.9,75.7,50.3,Quiet,0,1090,63.1,56.4
synthetic_000080,ESP32_GREENHOUSE_01,2026-04-24T00:39:30.000Z,14,28.74,28.4,29.0,29.0,69.66,69.3,71.1,69.7,23.1,48.7,22.8,QUIET,62.3,62.3,0,886,51.1,46.8,12,0,0,0,28.6,69.1,22.8,Quiet,0,886,55.7,62.3
synthetic_001751,ESP32_GREENHOUSE_01,2026-04-24T14:35:00.000Z,14,32.07,31.4,32.6,32.1,68.34,67.5,69.0,68.3,136.4,225.9,148.7,RESTLESS,39.4,38.9,8,17901,480.0,471.2,1,3,9,1,32.0,68.4,148.7,Restless,1,17901,480.8,38.9
synthetic_001469,ESP32_GREENHOUSE_01,2026-04-24T12:14:00.000Z,14,32.86,32.6,33.5,32.6,63.62,63.2,64.5,63.8,133.8,358.6,144.5,RESTLESS,46.3,45.8,12,13998,477.3,471.7,0,3,12,1,33.0,63.7,144.5,Restless,1,13998,481.9,45.8
synthetic_000947,ESP32_GREENHOUSE_01,2026-04-24T07:53:00.000Z,14,31.83,31.3,32.6,31.6,69.75,68.5,70.4,69.4,105.1,197.1,104.7,LIGHT_ACTIVITY,45.4,45.4,5,7990,74.0,72.1,0,12,0,0,32.0,69.0,104.7,Light Activity,1,7990,71.3,45.4
synthetic_000748,ESP32_GREENHOUSE_01,2026-04-24T06:13:30.000Z,14,30.45,30.1,30.6,30.5,72.57,72.4,73.5,71.7,94.5,159.9,102.2,LIGHT_ACTIVITY,47.9,47.6,3,6512,50,54.8,2,9,0,0,30.3,72.4,102.2,Light Activity,0,6512,46.8,47.6
synthetic_001030,ESP32_GREENHOUSE_01,2026-04-24T08:34:30.000Z,14,30.84,30.6,31.5,30.8,73.57,73.3,74.5,73.7,93.6,112.4,85.5,LIGHT_ACTIVITY,51.3,51.6,6,2079,156.0,148.6,1,11,0,0,30.9,73.7,85.5,Light Activity,1,2079,157.4,51.6
synthetic_001937,ESP32_GREENHOUSE_01,2026-04-24T16:08:00.000Z,14,31.71,31.2,31.9,31.9,63.78,63.1,64.2,64.3,484.2,684.1,472.0,CRYING,29.7,30.1,8,26097,496.2,504.5,0,0,2,15,31.6,63.6,472.0,CRYING,1,26097,493.6,30.1
synthetic_002396,ESP32_GREENHOUSE_01,2026-04-24T19:57:30.000Z,14,29.56,29.0,29.8,29.6,68.53,67.7,68.9,68.7,325.9,652.0,374.4,CRYING,38.9,37.0,9,26320,332.7,328.3,0,0,2,12,29.4,68.5,374.4,CRYING,1,26320,335.8,37.0
synthetic_001088,ESP32_GREENHOUSE_01,2026-04-24T09:03:30.000Z,14,31.52,31.1,31.9,31.3,70.95,69.8,72.4,70.8,97.1,226.7,100.2,LIGHT_ACTIVITY,50.9,50.7,7,1742,255.6,264.7,3,10,0,0,31.3,71.9,100.2,Light Activity,1,1742,258.1,50.7
synthetic_001055,ESP32_GREENHOUSE_01,2026-04-24T08:47:00.000Z,14,32.06,31.7,32.3,32.0,67.58,66.2,67.7,68.4,85.6,180.0,82.3,LIGHT_ACTIVITY,51.9,52.0,6,1574,169.0,165.5,3,11,1,0,32.1,67.8,82.3,Light Activity,1,1574,164.7,52.0
synthetic_000826,ESP32_GREENHOUSE_01,2026-04-24T06:52:30.000Z,15,30.35,29.6,30.5,30.4,76.01,75.8,77.4,75.3,80.3,120.9,80.9,LIGHT_ACTIVITY,51.6,51.6,5,2979,50,57.6,2,12,0,0,30.5,75.7,80.9,Light Activity,1,2979,53.5,51.6
synthetic_001743,ESP32_GREENHOUSE_01,2026-04-24T14:31:00.000Z,15,32.45,32.0,33.0,32.6,64.05,62.6,64.1,64.1,148.4,239.7,131.7,RESTLESS,45.6,46.2,10,9764,500,490.0,1,1,12,2,32.4,64.9,131.7,Restless,1,9764,500.1,46.2
synthetic_001764,ESP32_GREENHOUSE_01,2026-04-24T14:41:30.000Z,14,31.69,31.2,32.2,31.8,67.96,67.5,68.7,68.3,83.5,334.1,99.0,RESTLESS,42.8,42.2,7,16253,500,501.0,0,1,12,1,31.8,68.5,99.0,Restless,1,16253,504.8,42.2
synthetic_000664,ESP32_GREENHOUSE_01,2026-04-24T05:31:30.000Z,15,30.16,29.5,30.6,30.3,68.06,67.7,68.2,68.1,82.5,201.4,93.7,LIGHT_ACTIVITY,57.0,56.6,6,2984,41.1,34.6,3,11,2,0,30.1,68.8,93.7,Light Activity,1,2984,36.5,56.6
synthetic_002139,ESP32_GREENHOUSE_01,2026-04-24T17:49:00.000Z,15,30.7,30.1,31.1,30.8,65.51,64.2,66.6,65.1,594.5,978.7,594.5,CRYING,27.1,27.1,11,23395,409.6,410.1,0,0,2,12,30.5,65.6,594.5,CRYING,1,23395,408.6,27.1
synthetic_001989,ESP32_GREENHOUSE_01,2026-04-24T16:34:00.000Z,14,31.71,31.2,31.9,32.0,66.82,66.6,67.9,66.5,511.5,1007.1,434.9,CRYING,26.7,29.7,8,23509,460.1,450.9,0,0,1,15,31.8,67.1,434.9,CRYING,1,23509,461.2,29.7
synthetic_001602,ESP32_GREENHOUSE_01,2026-04-24T13:20:30.000Z,14,32.6,31.9,33.0,32.4,63.91,62.6,64.3,63.3,173.2,370.4,149.2,RESTLESS,44.5,45.5,10,13078,493.6,499.0,0,3,11,0,32.7,63.2,149.2,Restless,1,13078,491.3,45.5
synthetic_001163,ESP32_GREENHOUSE_01,2026-04-24T09:41:00.000Z,14,31.87,31.2,32.6,31.7,72.68,71.2,74.0,71.9,100.0,192.3,92.8,LIGHT_ACTIVITY,43.7,44.0,4,7888,272.7,282.3,3,11,1,0,31.9,73.6,92.8,Light Activity,1,7888,274.4,44.0
synthetic_000393,ESP32_GREENHOUSE_01,2026-04-24T03:16:00.000Z,14,29.22,29.0,29.8,29.5,74.25,73.6,75.6,73.5,33.2,61.2,29.2,QUIET,57.7,57.9,0,310,44.9,41.3,15,0,0,0,29.3,73.3,29.2,Quiet,0,310,47.8,57.9
synthetic_000998,ESP32_GREENHOUSE_01,2026-04-24T08:18:30.000Z,15,31.22,30.6,31.7,31.0,74.38,74.1,75.8,73.4,82.7,150.4,80.6,LIGHT_ACTIVITY,45.1,45.2,6,5966,249.9,255.3,1,11,2,0,31.2,73.5,80.6,Light Activity,1,5966,249.8,45.2
synthetic_000250,ESP32_GREENHOUSE_01,2026-04-24T02:04:30.000Z,15,29.15,28.8,29.5,29.0,73.65,73.3,73.7,73.8,49.5,49.5,53.8,QUIET,57.7,57.5,1,964,48.5,58.1,13,0,0,0,29.2,72.8,53.8,Quiet,0,964,50.7,57.5
synthetic_000205,ESP32_GREENHOUSE_01,2026-04-24T01:42:00.000Z,15,29.57,29.3,30.2,29.6,74.65,73.6,75.6,75.0,16.1,65.2,12.6,QUIET,57.2,57.3,1,899,22.3,19.5,12,0,0,0,29.6,75.6,12.6,Quiet,0,899,18.2,57.3
synthetic_001477,ESP32_GREENHOUSE_01,2026-04-24T12:18:00.000Z,14,32.57,32.3,33.0,32.8,66.79,65.9,67.1,67.0,149.4,272.1,174.9,RESTLESS,38.7,37.7,5,20662,439.6,434.6,1,1,10,0,32.6,66.4,174.9,Restless,1,20662,442.0,37.7
synthetic_001258,ESP32_GREENHOUSE_01,2026-04-24T10:28:30.000Z,15,33.34,32.5,33.8,33.2,65.37,64.0,65.9,65.9,115.3,342.5,113.4,RESTLESS,45.9,46.0,8,12765,323.1,313.8,0,3,10,2,33.3,64.8,113.4,Restless,1,12765,326.3,46.0
synthetic_001158,ESP32_GREENHOUSE_01,2026-04-24T09:38:30.000Z,15,31.8,31.0,32.2,31.7,67.38,66.1,68.6,66.4,70.7,209.5,67.7,LIGHT_ACTIVITY,53.3,53.5,2,3565,263.3,257.5,3,10,2,0,32.0,68.3,67.7,Light Activity,0,3565,265.2,53.5
synthetic_000722,ESP32_GREENHOUSE_01,2026-04-24T06:00:30.000Z,15,30.63,29.9,30.8,30.9,70.22,69.4,71.1,71.1,83.2,166.1,84.9,LIGHT_ACTIVITY,54.3,54.3,7,2861,50,48.5,2,13,2,0,30.7,70.8,84.9,Light Activity,1,2861,47.8,54.3
synthetic_002130,ESP32_GREENHOUSE_01,2026-04-24T17:44:30.000Z,14,29.99,29.7,30.3,30.2,66.97,66.5,67.5,68.0,482.4,893.1,507.0,CRYING,32.6,31.6,8,29158,347.1,350.8,0,0,1,15,30.0,66.4,507.0,CRYING,1,29158,349.3,31.6
synthetic_000540,ESP32_GREENHOUSE_01,2026-04-24T04:29:30.000Z,15,29.86,29.4,30.0,29.7,72.08,71.9,72.6,71.6,14.4,15.8,6.7,QUIET,58.0,58.3,2,21,22.5,30.9,13,1,0,0,29.9,71.1,6.7,Quiet,0,21,20.2,58.3
synthetic_000372,ESP32_GREENHOUSE_01,2026-04-24T03:05:30.000Z,15,28.8,28.6,29.2,29.0,72.87,72.8,73.2,71.9,23.0,43.4,7.0,QUIET,60.2,60.8,1,1261,50.5,45.0,14,1,0,0,28.7,73.1,7.0,Quiet,0,1261,47.9,60.8
synthetic_001099,ESP32_GREENHOUSE_01,2026-04-24T09:09:00.000Z,15,32.16,31.8,32.9,32.3,69.7,69.2,70.0,69.1,89.0,173.7,89.7,LIGHT_ACTIVITY,50.2,50.1,2,3258,304.4,302.4,1,10,2,0,32.3,69.3,89.7,Light Activity,0,3258,303.8,50.1
synthetic_000963,ESP32_GREENHOUSE_01,2026-04-24T08:01:00.000Z,14,31.51,31.3,31.8,31.3,70.58,69.6,71.8,70.9,93.9,206.7,89.5,LIGHT_ACTIVITY,51.2,51.4,5,2180,229.5,223.2,3,12,2,0,31.5,69.6,89.5,Light Activity,1,2180,228.4,51.4
synthetic_000586,ESP32_GREENHOUSE_01,2026-04-24T04:52:30.000Z,15,29.67,29.2,29.9,30.0,72.01,71.2,72.9,72.0,25.5,78.8,27.4,QUIET,58.2,58.1,1,817,13.4,6.7,13,0,0,0,29.6,72.9,27.4,Quiet,0,817,15.8,58.1
synthetic_001916,ESP32_GREENHOUSE_01,2026-04-24T15:57:30.000Z,14,32.39,32.2,32.9,32.5,66.62,66.5,67.9,66.6,600.0,1023,574.1,CRYING,21.5,22.5,9,25402,490.4,497.6,0,0,1,13,32.2,66.4,574.1,CRYING,1,25402,489.4,22.5
synthetic_000032,ESP32_GREENHOUSE_01,2026-04-24T00:15:30.000Z,15,28.44,28.1,29.0,28.6,70.63,69.7,72.1,71.3,39.3,52.0,43.4,QUIET,61.9,61.8,2,379,62.0,57.9,13,0,0,0,28.4,70.2,43.4,Quiet,0,379,64.1,61.8
synthetic_000239,ESP32_GREENHOUSE_01,2026-04-24T01:59:00.000Z,15,28.87,28.2,29.6,29.1,71.43,71.4,72.3,71.0,23.4,59.4,20.2,QUIET,60.9,61.0,2,564,78.5,71.5,12,2,0,0,29.0,71.7,20.2,Quiet,0,564,74.4,61.0
synthetic_000916,ESP32_GREENHOUSE_01,2026-04-24T07:37:30.000Z,15,30.82,30.2,31.2,30.9,71.45,70.1,72.3,71.7,89.5,156.2,97.1,LIGHT_ACTIVITY,52.8,52.5,2,3243,101.0,91.3,0,11,2,0,31.0,71.2,97.1,Light Activity,0,3243,98.9,52.5
synthetic_002171,ESP32_GREENHOUSE_01,2026-04-24T18:05:00.000Z,14,30.74,30.5,30.9,30.9,64.77,63.3,65.1,64.4,566.7,735.5,531.3,CRYING,28.5,29.9,10,26296,367.5,373.0,0,0,2,15,30.7,65.5,531.3,CRYING,1,26296,364.4,29.9
synthetic_002076,ESP32_GREENHOUSE_01,2026-04-24T17:17:30.000Z,14,30.62,30.3,31.3,30.6,63.81,63.4,65.2,64.0,691.5,691.5,732.1,CRYING,24.6,23.0,12,18114,467.8,475.7,0,0,0,12,30.6,64.3,732.1,CRYING,1,18114,472.3,23.0
synthetic_000870,ESP32_GREENHOUSE_01,2026-04-24T07:14:30.000Z,15,30.64,30.0,31.1,30.5,70.53,69.4,70.7,69.9,101.0,136.1,82.5,LIGHT_ACTIVITY,48.4,49.2,5,6957,50,59.4,3,11,2,0,30.5,70.9,82.5,Light Activity,1,6957,46.5,49.2
synthetic_000597,ESP32_GREENHOUSE_01,2026-04-24T04:58:00.000Z,14,29.22,29.1,29.6,29.0,76.86,75.6,78.0,77.5,49.7,49.7,55.0,QUIET,55.5,55.2,1,1450,10.0,19.0,14,0,0,0,29.1,77.4,55.0,Quiet,0,1450,11.5,55.2
synthetic_000063,ESP32_GREENHOUSE_01,2026-04-24T00:31:00.000Z,15,28.63,28.2,29.1,28.8,71.52,70.2,72.2,72.1,31.8,39.6,30.4,QUIET,61.1,61.2,1,157,35.8,38.8,12,2,0,0,28.6,71.5,30.4,Quiet,0,157,32.3,61.2
synthetic_001703,ESP32_GREENHOUSE_01,2026-04-24T14:11:00.000Z,15,32.27,31.6,32.4,32.1,62.08,61.7,62.7,62.4,218.7,360.7,199.0,RESTLESS,39.5,40.3,6,19334,500,500.1,0,4,8,1,32.2,63.0,199.0,Restless,1,19334,499.0,40.3
synthetic_001170,ESP32_GREENHOUSE_01,2026-04-24T09:44:30.000Z,14,31.66,31.2,32.4,31.6,72.49,71.5,73.0,73.5,94.0,161.6,99.1,LIGHT_ACTIVITY,44.6,44.4,5,6624,281.4,274.6,0,12,1,0,31.8,72.3,99.1,Light Activity,1,6624,278.5,44.4
synthetic_001084,ESP32_GREENHOUSE_01,2026-04-24T09:01:30.000Z,14,32.66,32.1,32.9,32.9,66.7,66.2,67.3,67.1,74.4,195.0,83.6,LIGHT_ACTIVITY,51.7,51.3,3,2355,239.1,235.2,3,13,2,0,32.5,67.3,83.6,Light Activity,0,2355,236.4,51.3
synthetic_000101,ESP32_GREENHOUSE_01,2026-04-24T00:50:00.000Z,14,28.81,28.3,29.2,28.8,73.61,72.2,75.0,74.0,15.8,44.7,13.6,QUIET,60.0,60.0,1,563,25.5,31.2,12,2,0,0,28.7,73.4,13.6,Quiet,0,563,22.0,60.0
synthetic_001880,ESP32_GREENHOUSE_01,2026-04-24T15:39:30.000Z,14,31.34,31.2,32.0,31.4,66.98,66.7,67.7,66.1,383.2,836.7,451.9,CRYING,32.7,30.0,11,29465,487.9,491.6,0,0,0,15,31.3,67.0,451.9,CRYING,1,29465,492.1,30.0
synthetic_000786,ESP32_GREENHOUSE_01,2026-04-24T06:32:30.000Z,14,29.97,29.4,30.7,29.9,73.6,72.9,75.0,73.9,104.0,117.6,99.5,LIGHT_ACTIVITY,53.3,53.4,4,1765,50,47.4,1,9,0,0,30.1,73.2,99.5,Light Activity,1,1765,45.6,53.4
synthetic_001594,ESP32_GREENHOUSE_01,2026-04-24T13:16:30.000Z,15,32.09,31.8,32.3,32.0,63.12,62.9,63.7,62.8,191.1,313.0,229.1,RESTLESS,45.5,44.0,11,13794,488.1,483.6,1,3,10,2,32.1,63.0,229.1,Restless,1,13794,485.6,44.0
synthetic_001472,ESP32_GREENHOUSE_01,2026-04-24T12:15:30.000Z,14,32.9,32.5,33.3,32.7,64.69,64.4,65.2,65.3,84.4,350.2,58.3,RESTLESS,42.5,43.5,5,17568,474.3,475.7,1,1,8,0,32.9,64.0,58.3,Restless,1,17568,472.0,43.5
synthetic_001180,ESP32_GREENHOUSE_01,2026-04-24T09:49:30.000Z,15,32.23,32.0,32.9,32.2,68.83,68.5,69.5,68.6,73.1,101.4,69.0,LIGHT_ACTIVITY,46.1,46.3,5,7222,256.7,266.7,0,12,0,0,32.1,68.0,69.0,Light Activity,1,7222,254.9,46.3
synthetic_002140,ESP32_GREENHOUSE_01,2026-04-24T17:49:30.000Z,14,31.1,30.4,31.8,31.2,64.17,62.8,65.0,64.7,466.2,962.1,473.4,CRYING,31.8,31.6,12,17003,415.5,420.5,0,0,0,14,30.9,63.8,473.4,CRYING,1,17003,411.4,31.6
synthetic_001202,ESP32_GREENHOUSE_01,2026-04-24T10:00:30.000Z,14,31.84,31.5,32.4,31.6,71.51,70.8,71.8,71.2,119.8,379.4,110.7,RESTLESS,38.7,39.1,6,15703,392.8,388.7,1,3,12,0,31.8,71.2,110.7,Restless,1,15703,390.0,39.1
synthetic_001982,ESP32_GREENHOUSE_01,2026-04-24T16:30:30.000Z,14,31.64,31.2,32.0,31.8,67.55,67.3,68.0,67.3,655.5,848.6,629.5,CRYING,20.8,21.8,9,25813,424.5,426.5,0,0,1,13,31.7,66.7,629.5,CRYING,1,25813,420.3,21.8
synthetic_001929,ESP32_GREENHOUSE_01,2026-04-24T16:04:00.000Z,15,31.72,31.0,31.9,31.4,64.64,64.3,65.0,63.7,548.0,939.2,547.7,CRYING,26.6,26.6,15,27969,423.1,421.5,0,0,2,15,31.6,65.0,547.7,CRYING,1,27969,425.8,26.6
synthetic_000342,ESP32_GREENHOUSE_01,2026-04-24T02:50:30.000Z,15,28.9,28.7,29.2,29.0,74.87,73.4,76.1,75.2,20.6,64.8,21.2,QUIET,58.7,58.7,0,1203,26.2,30.9,14,2,0,0,29.0,75.5,21.2,Quiet,0,1203,29.6,58.7
synthetic_001536,ESP32_GREENHOUSE_01,2026-04-24T12:47:30.000Z,15,32.08,31.5,32.5,32.4,67.09,66.3,67.9,66.9,155.3,328.2,192.7,RESTLESS,44.4,43.0,12,12947,455.2,457.7,0,2,8,2,32.1,67.5,192.7,Restless,1,12947,451.7,43.0
synthetic_000269,ESP32_GREENHOUSE_01,2026-04-24T02:14:00.000Z,14,28.79,28.2,29.3,29.0,76.41,75.3,77.4,76.1,27.8,52.2,24.7,QUIET,57.8,57.9,2,575,27.6,21.1,14,1,0,0,28.9,75.9,24.7,Quiet,0,575,24.4,57.9
synthetic_000483,ESP32_GREENHOUSE_01,2026-04-24T04:01:00.000Z,14,29.37,28.9,29.5,29.1,75.16,74.1,75.6,74.6,26.2,56.1,38.4,QUIET,57.0,56.5,1,970,10.7,10.8,12,1,0,0,29.5,75.7,38.4,Quiet,0,970,6.7,56.5
synthetic_002205,ESP32_GREENHOUSE_01,2026-04-24T18:22:00.000Z,15,30.23,29.5,30.6,30.2,65.37,64.3,65.9,65.5,668.3,1023,781.6,CRYING,25.6,21.2,12,23154,378.8,386.0,0,0,1,15,30.4,64.5,781.6,CRYING,1,23154,378.4,21.2
synthetic_001819,ESP32_GREENHOUSE_01,2026-04-24T15:09:00.000Z,14,31.86,31.1,32.5,31.7,65.59,64.5,66.4,66.2,640.3,987.8,541.0,CRYING,22.0,25.9,9,21101,471.3,477.4,0,0,0,13,31.9,65.0,541.0,CRYING,1,21101,472.7,25.9
synthetic_001773,ESP32_GREENHOUSE_01,2026-04-24T14:46:00.000Z,15,32.08,31.7,32.6,31.8,63.52,63.5,64.8,63.2,225.1,379.5,229.6,RESTLESS,43.9,43.7,11,9463,468.2,464.2,0,3,8,2,32.3,63.6,229.6,Restless,1,9463,464.6,43.7
synthetic_000367,ESP32_GREENHOUSE_01,2026-04-24T03:03:00.000Z,15,29.16,28.8,29.3,29.3,73.38,72.0,74.6,72.9,25.8,25.8,23.7,QUIET,58.7,58.8,2,1280,31.8,31.3,12,0,0,0,29.3,74.0,23.7,Quiet,0,1280,35.0,58.8
synthetic_001932,ESP32_GREENHOUSE_01,2026-04-24T16:05:30.000Z,15,30.31,29.6,30.9,30.5,67.31,66.5,68.4,67.2,718.0,1023,714.3,CRYING,22.2,22.4,9,28589,486.7,491.4,0,0,1,15,30.1,68.3,714.3,CRYING,1,28589,491.6,22.4
synthetic_001879,ESP32_GREENHOUSE_01,2026-04-24T15:39:00.000Z,15,31.46,31.3,31.7,31.3,64.16,63.1,65.1,65.1,536.9,1023,680.4,CRYING,28.1,22.5,8,28300,500,494.1,0,0,1,13,31.5,63.9,680.4,CRYING,1,28300,504.7,22.5
synthetic_000083,ESP32_GREENHOUSE_01,2026-04-24T00:41:00.000Z,15,28.48,27.8,28.9,28.8,72.33,71.0,73.6,73.2,14.4,67.1,11.6,QUIET,61.7,61.8,0,198,41.5,45.9,12,1,0,0,28.4,71.6,11.6,Quiet,0,198,46.5,61.8
synthetic_000009,ESP32_GREENHOUSE_01,2026-04-24T00:04:00.000Z,15,28.37,28.1,28.6,28.6,72.91,72.1,73.6,73.5,27.0,54.2,26.5,QUIET,61.2,61.2,2,487,33.1,39.2,14,2,0,0,28.2,72.1,26.5,Quiet,0,487,32.4,61.2
synthetic_001919,ESP32_GREENHOUSE_01,2026-04-24T15:59:00.000Z,14,31.9,31.2,32.2,32.1,64.97,64.1,65.5,64.2,387.9,963.7,466.2,CRYING,32.2,29.1,11,15200,500,509.9,0,0,0,15,32.0,65.6,466.2,CRYING,1,15200,497.2,29.1
synthetic_001406,ESP32_GREENHOUSE_01,2026-04-24T11:42:30.000Z,14,32.23,31.6,32.5,32.2,67.94,67.1,68.2,68.4,169.7,361.7,181.0,RESTLESS,37.9,37.5,11,20807,352.6,346.5,0,2,10,2,32.4,68.6,181.0,Restless,1,20807,349.5,37.5
synthetic_000011,ESP32_GREENHOUSE_01,2026-04-24T00:05:00.000Z,15,28.09,27.8,28.5,27.8,73.75,73.2,75.2,73.3,30.8,50.7,26.5,QUIET,61.3,61.5,0,340,62.7,68.4,15,1,0,0,28.1,73.6,26.5,Quiet,0,340,67.3,61.5
synthetic_000966,ESP32_GREENHOUSE_01,2026-04-24T08:02:30.000Z,15,32.15,31.5,32.7,31.9,68.21,68.0,69.2,68.4,91.5,129.1,91.3,LIGHT_ACTIVITY,46.0,46.0,6,7936,213.5,219.0,1,9,1,0,32.2,67.4,91.3,Light Activity,1,7936,210.0,46.0
synthetic_001042,ESP32_GREENHOUSE_01,2026-04-24T08:40:30.000Z,15,31.56,31.0,31.9,31.7,70.91,69.5,71.0,71.0,93.9,117.3,94.7,LIGHT_ACTIVITY,50.9,50.9,7,1557,255.7,263.5,3,12,1,0,31.7,71.7,94.7,Light Activity,1,1557,259.7,50.9
synthetic_000248,ESP32_GREENHOUSE_01,2026-04-24T02:03:30.000Z,15,28.4,28.2,28.9,28.2,72.44,71.6,73.4,72.6,23.5,33.2,23.6,QUIET,61.5,61.5,2,974,25.2,31.7,15,1,0,0,28.2,71.7,23.6,Quiet,0,974,26.7,61.5
synthetic_001812,ESP32_GREENHOUSE_01,2026-04-24T15:05:30.000Z,14,31.61,31.0,31.8,31.7,62.27,62.1,63.7,61.9,277.7,794.6,211.9,CRYING,39.0,41.5,8,21451,480.4,473.2,0,0,2,13,31.6,62.8,211.9,CRYING,1,21451,484.2,41.5
synthetic_000150,ESP32_GREENHOUSE_01,2026-04-24T01:14:30.000Z,15,28.85,28.1,29.6,28.8,73.14,72.6,74.0,72.3,15.5,54.1,20.0,QUIET,60.2,60.0,0,98,17.6,17.2,15,1,0,0,29.0,73.4,20.0,Quiet,0,98,19.5,60.0
synthetic_000353,ESP32_GREENHOUSE_01,2026-04-24T02:56:00.000Z,15,28.66,28.5,29.0,28.5,73.02,72.2,73.2,72.6,39.8,52.1,30.7,QUIET,59.8,60.2,2,756,21.0,18.5,12,2,0,0,28.6,72.1,30.7,Quiet,0,756,17.4,60.2
synthetic_001862,ESP32_GREENHOUSE_01,2026-04-24T15:30:30.000Z,14,31.31,31.2,31.8,31.0,65.52,64.5,66.8,65.2,557.4,674.5,548.6,CRYING,26.8,27.2,15,27835,500,509.2,0,0,0,14,31.4,65.6,548.6,CRYING,1,27835,495.1,27.2
synthetic_000683,ESP32_GREENHOUSE_01,2026-04-24T05:41:00.000Z,15,30.23,29.8,30.9,30.3,73.72,73.1,74.5,73.5,78.6,149.1,78.7,LIGHT_ACTIVITY,53.5,53.5,2,2049,54.8,55.3,3,10,0,0,30.4,74.6,78.7,Light Activity,0,2049,53.3,53.5
synthetic_001191,ESP32_GREENHOUSE_01,2026-04-24T09:55:00.000Z,14,31.96,31.8,32.1,31.7,69.17,68.8,70.2,69.7,78.3,163.0,77.4,LIGHT_ACTIVITY,46.5,46.5,4,6808,237.6,246.9,3,12,1,0,32.1,69.1,77.4,Light Activity,1,6808,236.9,46.5
synthetic_000387,ESP32_GREENHOUSE_01,2026-04-24T03:13:00.000Z,14,28.46,27.9,28.7,28.6,72.0,71.3,72.7,71.2,24.2,56.1,20.8,QUIET,61.6,61.7,1,77,69.9,73.0,12,1,0,0,28.5,71.9,20.8,Quiet,0,77,69.6,61.7
synthetic_002185,ESP32_GREENHOUSE_01,2026-04-24T18:12:00.000Z,14,30.76,30.5,31.5,30.5,65.7,64.8,66.3,65.7,532.5,612.3,475.0,CRYING,29.2,31.5,13,25589,332.7,340.6,0,0,1,13,30.9,65.1,475.0,CRYING,1,25589,331.3,31.5
synthetic_000848,ESP32_GREENHOUSE_01,2026-04-24T07:03:30.000Z,14,30.94,30.5,31.7,31.1,66.92,65.9,67.8,66.8,98.8,200.4,94.1,LIGHT_ACTIVITY,49.9,50.1,2,6800,129.0,134.5,1,9,1,0,30.9,66.3,94.1,Light Activity,0,6800,127.7,50.1
synthetic_000708,ESP32_GREENHOUSE_01,2026-04-24T05:53:30.000Z,14,29.45,29.2,29.7,29.6,73.3,73.0,73.7,74.0,80.8,173.6,83.1,LIGHT_ACTIVITY,55.8,55.7,2,2279,17.0,18.0,2,11,1,0,29.5,74.0,83.1,Light Activity,0,2279,20.1,55.7
synthetic_000491,ESP32_GREENHOUSE_01,2026-04-24T04:05:00.000Z,14,29.41,29.3,30.1,29.5,74.07,73.6,74.2,73.7,12.4,37.3,13.8,QUIET,58.1,58.1,1,1060,56.9,56.5,15,0,0,0,29.3,73.2,13.8,Quiet,0,1060,59.3,58.1
synthetic_001457,ESP32_GREENHOUSE_01,2026-04-24T12:08:00.000Z,15,32.14,31.9,32.5,32.4,65.41,64.9,66.1,66.0,178.8,351.6,156.6,RESTLESS,39.4,40.3,6,16228,416.8,421.9,0,1,8,2,32.1,64.8,156.6,Restless,1,16228,415.1,40.3
synthetic_001356,ESP32_GREENHOUSE_01,2026-04-24T11:17:30.000Z,15,32.32,32.1,32.9,32.4,67.62,66.4,68.0,67.5,209.8,365.6,206.8,RESTLESS,36.3,36.4,7,21457,427.6,422.8,1,3,9,0,32.4,67.0,206.8,Restless,1,21457,432.3,36.4
synthetic_001527,ESP32_GREENHOUSE_01,2026-04-24T12:43:00.000Z,15,32.37,32.1,32.9,32.2,64.15,63.8,65.5,63.3,154.2,268.0,190.2,RESTLESS,40.5,39.1,6,15515,463.0,466.8,1,2,8,0,32.4,63.2,190.2,Restless,1,15515,463.9,39.1
synthetic_000452,ESP32_GREENHOUSE_01,2026-04-24T03:45:30.000Z,14,29.58,28.8,30.0,29.9,74.08,73.2,74.9,74.6,31.9,64.6,39.6,QUIET,56.9,56.6,0,441,76.7,75.6,13,2,0,0,29.4,73.7,39.6,Quiet,0,441,77.9,56.6
synthetic_001775,ESP32_GREENHOUSE_01,2026-04-24T14:47:00.000Z,15,32.57,31.9,33.1,32.4,61.35,60.4,62.7,61.6,94.3,319.7,87.2,RESTLESS,49.2,49.5,12,8628,496.9,503.5,0,2,10,0,32.5,61.8,87.2,Restless,1,8628,498.6,49.5
synthetic_001629,ESP32_GREENHOUSE_01,2026-04-24T13:34:00.000Z,14,32.25,31.8,32.6,32.0,65.62,64.3,66.9,65.6,95.0,358.4,76.2,RESTLESS,47.2,48.0,5,9579,500,506.0,1,1,12,0,32.1,64.9,76.2,Restless,1,9579,497.1,48.0
synthetic_001767,ESP32_GREENHOUSE_01,2026-04-24T14:43:00.000Z,15,32.23,31.7,33.0,32.3,63.89,63.4,64.6,64.3,207.8,336.4,198.8,RESTLESS,43.9,44.3,12,10696,500,505.3,1,3,12,0,32.3,64.5,198.8,Restless,1,10696,498.6,44.3
synthetic_000829,ESP32_GREENHOUSE_01,2026-04-24T06:54:00.000Z,14,31.05,30.9,31.6,30.8,70.47,69.2,71.2,69.5,86.8,136.5,96.6,LIGHT_ACTIVITY,52.9,52.5,5,1871,50,51.5,2,12,2,0,31.2,69.6,96.6,Light Activity,1,1871,51.3,52.5
synthetic_001154,ESP32_GREENHOUSE_01,2026-04-24T09:36:30.000Z,15,31.8,31.0,32.4,31.8,69.26,68.5,69.8,69.7,85.7,180.3,84.6,LIGHT_ACTIVITY,46.6,46.6,7,6924,243.4,242.1,3,12,0,0,31.9,69.1,84.6,Light Activity,1,6924,243.0,46.6
synthetic_001891,ESP32_GREENHOUSE_01,2026-04-24T15:45:00.000Z,14,32.47,31.9,32.6,32.4,65.67,65.6,65.8,66.3,781.8,926.2,813.6,CRYING,14.7,13.5,10,21724,500,498.3,0,0,0,15,32.4,65.5,813.6,CRYING,1,21724,503.3,13.5
synthetic_001292,ESP32_GREENHOUSE_01,2026-04-24T10:45:30.000Z,14,32.55,31.9,32.8,32.8,66.61,65.6,67.6,65.9,230.3,449.8,210.8,RESTLESS,40.6,41.4,9,11650,379.7,379.1,0,2,12,2,32.7,67.5,210.8,Restless,1,11650,381.0,41.4
synthetic_001400,ESP32_GREENHOUSE_01,2026-04-24T11:39:30.000Z,15,31.82,31.0,32.4,31.9,72.25,72.1,73.0,71.3,130.5,449.7,125.2,RESTLESS,37.9,38.1,8,20457,458.0,461.1,1,4,11,0,31.9,73.1,125.2,Restless,1,20457,453.9,38.1
synthetic_001504,ESP32_GREENHOUSE_01,2026-04-24T12:31:30.000Z,15,32.45,31.9,32.9,32.4,65.67,64.4,67.0,66.6,149.0,428.1,127.8,RESTLESS,39.5,40.3,9,20897,461.9,468.4,1,3,12,1,32.4,65.4,127.8,Restless,1,20897,463.7,40.3
synthetic_001492,ESP32_GREENHOUSE_01,2026-04-24T12:25:30.000Z,14,32.07,31.5,32.5,32.2,68.65,68.2,69.8,68.6,130.0,390.4,95.4,RESTLESS,39.5,40.8,10,16328,450.4,450.3,0,1,12,2,32.1,68.4,95.4,Restless,1,16328,454.1,40.8
synthetic_000006,ESP32_GREENHOUSE_01,2026-04-24T00:02:30.000Z,15,29.14,28.7,29.6,29.4,71.52,70.2,71.9,71.5,17.4,78.4,15.2,QUIET,60.3,60.4,2,546,57.7,51.3,14,0,0,0,29.3,72.3,15.2,Quiet,0,546,55.7,60.4
synthetic_001271,ESP32_GREENHOUSE_01,2026-04-24T10:35:00.000Z,14,32.19,31.5,32.5,32.0,67.64,66.9,68.1,68.0,214.5,360.9,219.4,RESTLESS,36.5,36.3,9,16427,321.6,324.0,0,2,12,0,32.0,67.5,219.4,Restless,1,16427,321.1,36.3
synthetic_001455,ESP32_GREENHOUSE_01,2026-04-24T12:07:00.000Z,14,32.46,32.4,32.6,32.2,63.45,62.1,63.9,63.0,198.4,342.5,202.2,RESTLESS,43.9,43.8,8,12721,425.3,430.2,0,2,9,0,32.6,64.0,202.2,Restless,1,12721,423.1,43.8
synthetic_001186,ESP32_GREENHOUSE_01,2026-04-24T09:52:30.000Z,14,32.08,31.4,32.3,31.8,66.27,65.4,66.9,67.1,95.6,148.8,97.6,LIGHT_ACTIVITY,47.3,47.2,2,7591,297.9,303.6,0,13,1,0,32.1,66.6,97.6,Light Activity,0,7591,297.3,47.2
synthetic_002275,ESP32_GREENHOUSE_01,2026-04-24T18:57:00.000Z,15,29.45,29.3,29.7,29.5,62.85,62.5,64.0,62.0,377.9,694.6,224.2,CRYING,40.7,46.7,14,23486,331.1,327.5,0,0,1,14,29.6,63.3,224.2,CRYING,1,23486,329.3,46.7
synthetic_001280,ESP32_GREENHOUSE_01,2026-04-24T10:39:30.000Z,14,32.59,32.4,33.3,32.4,66.49,65.3,66.8,66.7,182.0,182.0,203.8,RESTLESS,42.6,41.7,5,14666,362.9,357.5,0,3,9,0,32.5,65.5,203.8,Restless,1,14666,361.9,41.7
synthetic_002147,ESP32_GREENHOUSE_01,2026-04-24T17:53:00.000Z,15,30.42,29.9,30.5,30.2,64.62,63.7,65.4,65.1,536.5,892.6,675.7,CRYING,30.7,25.3,15,20036,428.5,425.1,0,0,2,14,30.2,63.8,675.7,CRYING,1,20036,427.2,25.3
synthetic_000776,ESP32_GREENHOUSE_01,2026-04-24T06:27:30.000Z,14,30.25,29.8,30.5,30.1,69.1,68.1,70.0,69.6,90.8,119.3,90.0,LIGHT_ACTIVITY,50.8,50.8,6,5094,50,58.2,0,10,2,0,30.3,68.5,90.0,Light Activity,1,5094,52.1,50.8
synthetic_000086,ESP32_GREENHOUSE_01,2026-04-24T00:42:30.000Z,14,28.61,28.3,29.1,28.4,72.23,70.7,73.3,71.8,24.4,45.3,20.8,QUIET,61.0,61.2,1,1063,60.0,56.7,15,0,0,0,28.7,72.3,20.8,Quiet,0,1063,62.1,61.2
synthetic_002122,ESP32_GREENHOUSE_01,2026-04-24T17:40:30.000Z,14,30.22,29.8,30.9,30.1,64.98,64.0,66.1,65.8,610.7,610.7,643.3,CRYING,28.1,26.9,11,22158,391.7,391.9,0,0,2,15,30.1,65.3,643.3,CRYING,1,22158,396.0,26.9
synthetic_002177,ESP32_GREENHOUSE_01,2026-04-24T18:08:00.000Z,15,30.56,30.4,31.2,30.4,65.93,65.2,66.0,65.6,615.9,839.3,584.2,CRYING,26.4,27.6,10,24681,360.3,365.0,0,0,1,13,30.5,66.9,584.2,CRYING,1,24681,358.5,27.6
synthetic_000630,ESP32_GREENHOUSE_01,2026-04-24T05:14:30.000Z,15,30.43,29.8,30.7,30.6,75.73,75.4,75.9,76.6,90.7,142.3,104.0,LIGHT_ACTIVITY,46.2,45.6,2,5860,21.4,29.6,3,10,2,0,30.3,74.8,104.0,Light Activity,0,5860,25.2,45.6
synthetic_001306,ESP32_GREENHOUSE_01,2026-04-24T10:52:30.000Z,15,32.25,31.9,32.4,32.3,66.48,65.4,67.5,65.5,235.1,280.2,235.9,RESTLESS,36.2,36.2,9,15330,324.4,325.1,0,2,11,0,32.1,66.3,235.9,Restless,1,15330,323.8,36.2
synthetic_001463,ESP32_GREENHOUSE_01,2026-04-24T12:11:00.000Z,15,32.47,32.2,32.9,32.7,64.28,63.5,65.0,63.9,219.7,340.9,174.0,RESTLESS,42.6,44.4,7,9894,466.5,473.8,1,2,11,2,32.7,63.7,174.0,Restless,1,9894,462.7,44.4
synthetic_002276,ESP32_GREENHOUSE_01,2026-04-24T18:57:30.000Z,14,30.29,30.1,30.9,30.4,64.58,63.8,65.9,63.9,601.5,799.6,601.2,CRYING,28.6,28.6,8,26727,350.2,353.4,0,0,0,15,30.3,64.3,601.2,CRYING,1,26727,346.1,28.6
synthetic_001511,ESP32_GREENHOUSE_01,2026-04-24T12:35:00.000Z,15,32.85,32.2,33.1,33.0,65.17,65.0,65.2,66.1,133.4,306.0,149.5,RESTLESS,45.3,44.7,12,10274,476.8,484.9,0,2,11,2,33.0,66.0,149.5,Restless,1,10274,481.0,44.7
synthetic_000849,ESP32_GREENHOUSE_01,2026-04-24T07:04:00.000Z,14,30.83,30.2,31.5,31.0,71.65,70.3,72.4,72.2,82.9,156.2,77.2,LIGHT_ACTIVITY,52.9,53.1,5,2871,51.6,55.6,0,12,2,0,31.0,70.8,77.2,Light Activity,1,2871,56.4,53.1
synthetic_001822,ESP32_GREENHOUSE_01,2026-04-24T15:10:30.000Z,15,31.85,31.1,32.5,31.7,65.25,64.1,65.9,64.3,556.5,556.5,439.5,CRYING,25.5,30.1,13,21982,500,498.2,0,0,1,12,31.9,65.2,439.5,CRYING,1,21982,501.4,30.1
synthetic_000511,ESP32_GREENHOUSE_01,2026-04-24T04:15:00.000Z,15,29.38,29.2,29.9,29.2,72.19,71.3,72.3,71.4,28.7,59.1,33.2,QUIET,58.7,58.6,0,528,14.5,5.3,14,1,0,0,29.5,72.9,33.2,Quiet,0,528,15.3,58.6
synthetic_002258,ESP32_GREENHOUSE_01,2026-04-24T18:48:30.000Z,14,29.87,29.1,30.2,30.2,63.64,63.1,64.0,64.3,430.7,719.0,349.6,CRYING,37.0,40.2,8,19210,315.7,312.1,0,0,2,15,29.9,63.2,349.6,CRYING,1,19210,313.7,40.2
synthetic_000064,ESP32_GREENHOUSE_01,2026-04-24T00:31:30.000Z,14,28.8,28.2,29.6,28.8,70.71,69.8,71.3,71.5,28.7,60.2,29.8,QUIET,61.3,61.3,2,1323,60.0,57.7,13,0,0,0,28.9,71.1,29.8,Quiet,0,1323,55.5,61.3
synthetic_001121,ESP32_GREENHOUSE_01,2026-04-24T09:20:00.000Z,15,32.41,31.6,32.9,32.1,64.71,63.6,65.5,63.8,115.9,136.2,121.6,LIGHT_ACTIVITY,46.5,46.3,2,7984,240.6,249.1,3,11,0,0,32.2,63.9,121.6,Light Activity,0,7984,244.5,46.3
synthetic_001058,ESP32_GREENHOUSE_01,2026-04-24T08:48:30.000Z,14,30.78,30.4,31.5,31.0,68.1,67.5,68.3,68.8,96.3,145.7,89.2,LIGHT_ACTIVITY,54.7,55.0,6,2868,199.8,194.7,3,12,1,0,30.7,68.7,89.2,Light Activity,1,2868,201.4,55.0
synthetic_000333,ESP32_GREENHOUSE_01,2026-04-24T02:46:00.000Z,15,28.25,27.9,28.9,28.4,69.35,67.9,70.2,68.8,30.3,59.1,34.6,QUIET,63.6,63.5,0,674,51.6,42.6,12,2,0,0,28.3,69.0,34.6,Quiet,0,674,47.2,63.5
synthetic_000899,ESP32_GREENHOUSE_01,2026-04-24T07:29:00.000Z,14,31.44,31.3,32.2,31.7,72.63,71.5,73.0,71.9,74.9,182.2,81.6,LIGHT_ACTIVITY,50.9,50.6,7,2791,102.5,98.9,1,13,1,0,31.5,73.0,81.6,Light Activity,1,2791,101.5,50.6
synthetic_002365,ESP32_GREENHOUSE_01,2026-04-24T19:42:00.000Z,15,29.81,29.6,30.0,29.9,67.76,67.3,68.1,66.8,491.8,810.5,534.1,CRYING,32.2,30.5,15,17950,210.4,204.4,0,0,1,13,30.0,67.4,534.1,CRYING,1,17950,209.2,30.5
synthetic_002043,ESP32_GREENHOUSE_01,2026-04-24T17:01:00.000Z,14,31.27,31.1,32.0,31.0,61.1,60.1,61.7,61.4,587.3,1023,580.6,CRYING,28.5,28.8,12,27856,357.6,365.7,0,0,1,12,31.2,60.6,580.6,CRYING,1,27856,356.8,28.8
synthetic_002256,ESP32_GREENHOUSE_01,2026-04-24T18:47:30.000Z,14,30.26,30.0,30.9,30.2,66.98,66.3,68.1,67.6,468.0,821.1,449.6,CRYING,32.4,33.1,9,26308,353.6,349.2,0,0,0,13,30.3,66.3,449.6,CRYING,1,26308,353.7,33.1
synthetic_002186,ESP32_GREENHOUSE_01,2026-04-24T18:12:30.000Z,15,30.37,29.8,30.9,30.2,63.2,62.7,64.2,64.2,473.9,607.6,448.4,CRYING,34.2,35.2,15,21705,315.1,309.6,0,0,0,14,30.4,62.6,448.4,CRYING,1,21705,314.2,35.2
synthetic_000014,ESP32_GREENHOUSE_01,2026-04-24T00:06:30.000Z,15,28.04,27.8,28.7,28.2,72.38,71.5,73.9,72.7,20.2,49.9,19.1,QUIET,62.7,62.8,1,140,19.3,9.5,13,1,0,0,28.2,72.0,19.1,Quiet,0,140,20.9,62.8
synthetic_002273,ESP32_GREENHOUSE_01,2026-04-24T18:56:00.000Z,14,31.34,30.8,32.0,31.2,65.19,64.0,66.5,65.1,710.0,710.0,682.6,CRYING,21.0,22.1,14,17605,335.2,340.5,0,0,2,15,31.1,65.4,682.6,CRYING,1,17605,331.6,22.1
synthetic_000227,ESP32_GREENHOUSE_01,2026-04-24T01:53:00.000Z,14,28.47,28.0,29.2,28.6,74.23,73.4,75.3,73.7,26.0,59.9,25.0,QUIET,60.1,60.2,0,994,12.2,9.5,13,0,0,0,28.5,73.4,25.0,Quiet,0,994,16.5,60.2
synthetic_000378,ESP32_GREENHOUSE_01,2026-04-24T03:08:30.000Z,15,28.78,28.4,29.0,28.6,72.5,71.5,73.0,71.7,14.0,43.4,10.6,QUIET,60.8,60.9,1,752,42.7,49.6,15,1,0,0,28.8,72.8,10.6,Quiet,0,752,45.6,60.9
synthetic_001925,ESP32_GREENHOUSE_01,2026-04-24T16:02:00.000Z,15,31.53,31.4,31.9,31.6,66.55,65.9,67.7,66.9,634.5,799.3,575.8,CRYING,22.6,24.9,11,16368,462.9,465.1,0,0,1,12,31.6,66.5,575.8,CRYING,1,16368,460.5,24.9
synthetic_001942,ESP32_GREENHOUSE_01,2026-04-24T16:10:30.000Z,14,31.82,31.2,32.0,31.8,65.39,64.4,65.6,65.5,742.6,987.3,817.7,CRYING,18.2,15.3,8,29727,500,490.4,0,0,0,15,31.7,65.3,817.7,CRYING,1,29727,495.3,15.3
synthetic_002168,ESP32_GREENHOUSE_01,2026-04-24T18:03:30.000Z,14,30.51,29.9,30.8,30.5,66.54,65.9,66.8,67.2,518.4,797.5,510.8,CRYING,30.0,30.3,11,22415,360.3,354.9,0,0,0,14,30.4,65.8,510.8,CRYING,1,22415,359.4,30.3
synthetic_001241,ESP32_GREENHOUSE_01,2026-04-24T10:20:00.000Z,14,32.11,31.4,32.9,32.3,67.28,66.0,68.1,66.3,144.1,353.0,209.5,RESTLESS,44.7,42.1,8,14379,338.1,333.7,0,4,9,0,32.2,66.8,209.5,Restless,1,14379,340.6,42.1
synthetic_000146,ESP32_GREENHOUSE_01,2026-04-24T01:12:30.000Z,14,28.98,28.4,29.3,29.0,69.03,68.8,70.5,69.7,17.4,58.3,12.0,QUIET,62.3,62.5,2,651,22.3,28.5,14,2,0,0,29.2,69.1,12.0,Quiet,0,651,19.1,62.5
synthetic_001299,ESP32_GREENHOUSE_01,2026-04-24T10:49:00.000Z,15,32.0,31.9,32.5,31.9,69.11,68.0,69.8,68.2,144.7,381.2,153.3,RESTLESS,43.8,43.5,9,9662,373.2,367.8,0,2,10,1,31.8,69.9,153.3,Restless,1,9662,372.2,43.5
synthetic_001006,ESP32_GREENHOUSE_01,2026-04-24T08:22:30.000Z,14,31.59,31.2,32.0,31.7,70.5,69.9,71.0,71.4,86.8,173.0,82.9,LIGHT_ACTIVITY,51.3,51.5,4,3761,204.4,212.3,2,9,2,0,31.7,70.3,82.9,Light Activity,1,3761,206.3,51.5
synthetic_002112,ESP32_GREENHOUSE_01,2026-04-24T17:35:30.000Z,15,30.74,30.1,31.5,30.5,68.2,67.5,68.6,67.7,525.9,936.3,570.9,CRYING,28.0,26.2,8,16115,383.2,384.0,0,0,2,15,30.9,67.5,570.9,CRYING,1,16115,386.9,26.2
synthetic_000071,ESP32_GREENHOUSE_01,2026-04-24T00:35:00.000Z,14,28.7,28.1,29.0,28.4,70.16,69.6,71.0,69.5,29.2,46.3,32.4,QUIET,61.9,61.8,1,1222,14.4,17.8,12,2,0,0,28.7,69.9,32.4,Quiet,0,1222,18.9,61.8
synthetic_000717,ESP32_GREENHOUSE_01,2026-04-24T05:58:00.000Z,15,29.68,29.1,30.4,29.6,74.27,73.0,74.8,74.8,96.6,176.2,97.1,LIGHT_ACTIVITY,49.0,48.9,7,6428,54.0,54.6,2,9,1,0,29.7,74.1,97.1,Light Activity,1,6428,54.6,48.9
synthetic_000970,ESP32_GREENHOUSE_01,2026-04-24T08:04:30.000Z,15,31.69,31.5,32.2,31.9,72.58,71.6,73.8,72.2,89.2,121.9,101.6,LIGHT_ACTIVITY,44.7,44.2,3,7730,157.8,155.1,2,13,0,0,31.5,71.8,101.6,Light Activity,0,7730,154.9,44.2
synthetic_001645,ESP32_GREENHOUSE_01,2026-04-24T13:42:00.000Z,14,32.36,31.7,32.9,32.3,63.64,63.0,64.7,63.8,197.0,345.4,189.6,RESTLESS,44.2,44.5,8,13269,500,490.8,1,3,9,1,32.3,64.4,189.6,Restless,1,13269,504.2,44.5
synthetic_001424,ESP32_GREENHOUSE_01,2026-04-24T11:51:30.000Z,14,33.07,32.4,33.4,33.3,66.19,65.8,66.4,67.0,185.0,301.6,170.6,RESTLESS,42.6,43.2,11,10941,405.1,414.1,1,2,8,0,33.0,65.2,170.6,Restless,1,10941,409.2,43.2
synthetic_000384,ESP32_GREENHOUSE_01,2026-04-24T03:11:30.000Z,15,29.3,28.8,29.8,29.4,77.06,76.6,77.1,76.3,48.9,48.9,57.2,QUIET,55.1,54.8,2,1361,31.7,23.0,15,0,0,0,29.3,77.7,57.2,Quiet,0,1361,32.0,54.8
synthetic_001396,ESP32_GREENHOUSE_01,2026-04-24T11:37:30.000Z,15,33.07,32.8,33.6,33.2,67.19,67.2,67.6,66.5,166.9,219.8,168.8,RESTLESS,42.7,42.7,9,12681,425.7,430.0,0,2,12,0,33.2,68.0,168.8,Restless,1,12681,424.3,42.7
synthetic_000390,ESP32_GREENHOUSE_01,2026-04-24T03:14:30.000Z,15,29.2,28.7,29.4,29.0,72.26,71.4,73.7,71.5,37.2,70.8,30.0,QUIET,58.9,59.2,1,1049,21.7,16.0,12,1,0,0,29.1,71.6,30.0,Quiet,0,1049,20.7,59.2
synthetic_000775,ESP32_GREENHOUSE_01,2026-04-24T06:27:00.000Z,15,30.1,29.5,30.8,29.9,73.59,72.4,74.0,74.5,85.1,138.5,70.5,LIGHT_ACTIVITY,53.6,54.2,4,3685,50,51.4,3,9,1,0,30.0,73.1,70.5,Light Activity,1,3685,53.1,54.2
synthetic_000277,ESP32_GREENHOUSE_01,2026-04-24T02:18:00.000Z,14,29.03,28.3,29.6,28.9,73.75,73.2,73.9,74.1,11.0,32.6,17.2,QUIET,59.4,59.2,1,1326,42.2,41.9,13,0,0,0,29.2,73.6,17.2,Quiet,0,1326,39.1,59.2
synthetic_002057,ESP32_GREENHOUSE_01,2026-04-24T17:08:00.000Z,14,30.85,30.3,31.4,31.1,63.64,63.1,64.0,64.1,596.2,935.0,590.8,CRYING,27.8,28.0,11,20750,348.2,351.4,0,0,0,15,30.9,63.0,590.8,CRYING,1,20750,343.7,28.0
synthetic_001459,ESP32_GREENHOUSE_01,2026-04-24T12:09:00.000Z,15,32.52,32.1,33.0,32.4,66.23,65.7,66.3,65.5,150.9,296.5,158.2,RESTLESS,39.0,38.7,8,17077,489.1,490.0,0,4,9,0,32.5,65.9,158.2,Restless,1,17077,491.1,38.7
synthetic_001032,ESP32_GREENHOUSE_01,2026-04-24T08:35:30.000Z,14,31.14,30.4,31.3,31.2,72.06,71.7,73.5,72.0,83.1,149.4,100.2,LIGHT_ACTIVITY,46.8,46.1,2,6816,158.0,156.2,2,12,2,0,31.0,72.1,100.2,Light Activity,0,6816,158.7,46.1
synthetic_000707,ESP32_GREENHOUSE_01,2026-04-24T05:53:00.000Z,15,30.03,29.3,30.8,30.3,75.6,75.1,76.3,76.1,74.7,152.7,78.3,LIGHT_ACTIVITY,53.0,52.9,7,3615,79.9,78.0,3,10,1,0,29.8,75.2,78.3,Light Activity,1,3615,76.7,52.9
synthetic_001392,ESP32_GREENHOUSE_01,2026-04-24T11:35:30.000Z,14,32.85,32.4,33.5,32.7,65.25,64.6,65.3,65.5,139.3,362.9,139.7,RESTLESS,45.0,45.0,6,8625,397.1,396.1,0,1,10,0,32.7,65.8,139.7,Restless,1,8625,392.8,45.0
synthetic_001137,ESP32_GREENHOUSE_01,2026-04-24T09:28:00.000Z,14,31.69,31.6,31.9,31.6,68.74,67.4,70.0,69.3,86.6,146.4,83.8,LIGHT_ACTIVITY,52.2,52.3,6,2086,249.5,242.8,2,10,2,0,31.7,68.3,83.8,Light Activity,1,2086,248.8,52.3
synthetic_000710,ESP32_GREENHOUSE_01,2026-04-24T05:54:30.000Z,14,29.32,28.7,29.5,29.5,72.58,71.3,73.6,72.1,84.5,156.4,94.9,LIGHT_ACTIVITY,56.5,56.1,3,3016,15.7,13.9,0,9,1,0,29.4,73.3,94.9,Light Activity,0,3016,16.5,56.1
synthetic_000394,ESP32_GREENHOUSE_01,2026-04-24T03:16:30.000Z,14,29.09,28.4,29.7,28.9,72.04,71.0,73.1,72.3,30.6,36.1,36.2,QUIET,59.6,59.4,1,496,61.3,58.9,13,2,0,0,29.0,71.9,36.2,Quiet,0,496,56.4,59.4
synthetic_000030,ESP32_GREENHOUSE_01,2026-04-24T00:14:30.000Z,14,28.58,28.1,28.9,28.6,71.39,70.9,71.8,70.9,44.4,52.3,56.0,QUIET,60.9,60.4,0,951,71.7,73.6,15,1,0,0,28.7,71.5,56.0,Quiet,0,951,71.9,60.4
synthetic_001173,ESP32_GREENHOUSE_01,2026-04-24T09:46:00.000Z,15,32.49,32.0,33.1,32.5,72.71,71.4,73.7,73.6,87.4,208.2,85.2,LIGHT_ACTIVITY,47.4,47.5,7,4931,228.3,231.4,2,13,0,0,32.7,73.0,85.2,Light Activity,1,4931,231.8,47.5
synthetic_001726,ESP32_GREENHOUSE_01,2026-04-24T14:22:30.000Z,14,31.75,31.1,32.2,31.5,65.77,65.0,67.0,66.0,110.8,276.2,136.3,RESTLESS,47.9,46.9,7,14583,485.0,475.2,0,4,12,0,31.9,66.6,136.3,Restless,1,14583,485.1,46.9
synthetic_000026,ESP32_GREENHOUSE_01,2026-04-24T00:12:30.000Z,15,28.41,28.1,28.8,28.3,71.67,70.4,72.1,72.6,28.7,68.4,24.3,QUIET,61.8,62.0,1,372,40.0,38.4,12,1,0,0,28.5,71.6,24.3,Quiet,0,372,42.5,62.0
synthetic_001654,ESP32_GREENHOUSE_01,2026-04-24T13:46:30.000Z,15,32.41,32.1,32.6,32.3,69.27,68.6,69.8,69.2,190.5,264.3,164.8,RESTLESS,40.8,41.8,11,12680,500,493.4,0,3,9,1,32.3,68.3,164.8,Restless,1,12680,497.3,41.8
synthetic_000204,ESP32_GREENHOUSE_01,2026-04-24T01:41:30.000Z,14,28.74,28.1,29.4,28.7,70.05,69.1,70.2,69.6,23.9,34.0,23.3,QUIET,62.1,62.1,0,329,57.9,55.3,15,2,0,0,28.8,70.5,23.3,Quiet,0,329,62.2,62.1
synthetic_001452,ESP32_GREENHOUSE_01,2026-04-24T12:05:30.000Z,15,32.47,32.1,33.1,32.5,71.29,70.6,72.4,70.9,140.7,361.2,137.2,RESTLESS,41.3,41.4,11,10121,445.7,446.1,1,4,8,0,32.4,72.2,137.2,Restless,1,10121,449.5,41.4
synthetic_000438,ESP32_GREENHOUSE_01,2026-04-24T03:38:30.000Z,15,28.63,28.3,29.1,28.8,70.85,69.7,71.1,70.3,22.8,54.7,16.9,QUIET,61.9,62.1,2,422,54.4,58.9,15,0,0,0,28.6,71.7,16.9,Quiet,0,422,50.3,62.1
synthetic_002286,ESP32_GREENHOUSE_01,2026-04-24T19:02:30.000Z,15,29.65,29.3,30.0,29.8,64.4,63.6,64.6,65.1,566.4,965.2,552.3,CRYING,31.8,32.4,15,20337,245.9,253.0,0,0,1,14,29.6,64.6,552.3,CRYING,1,20337,246.5,32.4
synthetic_000761,ESP32_GREENHOUSE_01,2026-04-24T06:20:00.000Z,14,30.1,29.9,30.8,29.9,72.6,71.5,73.9,72.1,74.5,108.3,74.8,LIGHT_ACTIVITY,49.7,49.7,5,6162,50,43.7,0,9,2,0,30.1,72.5,74.8,Light Activity,1,6162,48.9,49.7
synthetic_002086,ESP32_GREENHOUSE_01,2026-04-24T17:22:30.000Z,15,31.14,30.9,31.4,30.9,66.16,65.5,66.9,66.4,430.8,735.5,377.1,CRYING,31.9,34.0,13,16148,420.5,415.2,0,0,0,13,31.1,66.1,377.1,CRYING,1,16148,416.2,34.0
synthetic_001083,ESP32_GREENHOUSE_01,2026-04-24T09:01:00.000Z,14,31.84,31.7,32.1,31.6,68.16,67.7,68.5,68.2,77.9,158.2,88.0,LIGHT_ACTIVITY,47.5,47.1,3,7825,341.9,345.1,3,12,1,0,32.0,67.9,88.0,Light Activity,0,7825,346.3,47.1
synthetic_000876,ESP32_GREENHOUSE_01,2026-04-24T07:17:30.000Z,15,31.42,30.8,31.5,31.7,69.96,68.9,71.4,70.0,79.0,157.0,83.6,LIGHT_ACTIVITY,47.5,47.3,6,7811,98.8,98.3,1,10,1,0,31.4,69.7,83.6,Light Activity,1,7811,102.2,47.3
synthetic_000573,ESP32_GREENHOUSE_01,2026-04-24T04:46:00.000Z,14,29.05,28.6,29.5,28.8,77.39,76.5,78.3,77.0,30.0,63.7,30.5,QUIET,56.4,56.3,2,149,13.6,3.8,13,1,0,0,29.0,78.2,30.5,Quiet,0,149,15.8,56.3
synthetic_001172,ESP32_GREENHOUSE_01,2026-04-24T09:45:30.000Z,15,31.94,31.4,32.7,31.8,71.61,70.5,72.4,71.6,111.4,168.5,97.8,LIGHT_ACTIVITY,48.7,49.2,4,3999,301.3,295.5,3,13,1,0,32.0,71.1,97.8,Light Activity,1,3999,300.0,49.2
synthetic_001734,ESP32_GREENHOUSE_01,2026-04-24T14:26:30.000Z,14,32.41,31.8,32.5,32.2,65.66,65.2,67.0,64.7,205.1,216.0,256.1,RESTLESS,37.4,35.5,7,16420,445.5,450.5,0,1,11,1,32.5,65.8,256.1,Restless,1,16420,443.2,35.5
synthetic_000880,ESP32_GREENHOUSE_01,2026-04-24T07:19:30.000Z,15,30.58,30.1,31.2,30.4,74.03,73.5,74.3,73.4,82.1,165.2,74.6,LIGHT_ACTIVITY,52.1,52.4,3,4130,132.7,131.0,1,9,2,0,30.5,73.6,74.6,Light Activity,0,4130,137.6,52.4
synthetic_001644,ESP32_GREENHOUSE_01,2026-04-24T13:41:30.000Z,14,32.25,32.1,32.7,32.0,65.06,64.8,65.3,64.7,168.8,314.7,156.6,RESTLESS,44.7,45.2,11,8280,500,503.1,1,3,8,0,32.4,65.1,156.6,Restless,1,8280,503.8,45.2
synthetic_001864,ESP32_GREENHOUSE_01,2026-04-24T15:31:30.000Z,15,31.95,31.5,32.2,32.2,65.23,64.5,66.7,65.8,591.1,732.5,693.1,CRYING,23.9,19.9,10,22413,476.4,467.5,0,0,0,14,32.0,65.4,693.1,CRYING,1,22413,473.1,19.9
synthetic_002361,ESP32_GREENHOUSE_01,2026-04-24T19:40:00.000Z,15,30.46,29.7,31.1,30.3,65.56,64.2,65.8,65.4,503.5,860.9,441.6,CRYING,31.3,33.7,15,25309,234.7,233.7,0,0,1,13,30.4,65.1,441.6,CRYING,1,25309,231.9,33.7
synthetic_000650,ESP32_GREENHOUSE_01,2026-04-24T05:24:30.000Z,15,29.69,29.2,29.8,29.7,76.38,76.1,77.3,75.4,72.6,184.3,65.9,LIGHT_ACTIVITY,48.5,48.8,2,5679,56.9,60.9,2,12,0,0,29.7,76.1,65.9,Light Activity,0,5679,60.9,48.8
synthetic_000606,ESP32_GREENHOUSE_01,2026-04-24T05:02:30.000Z,15,30.78,30.1,31.1,30.6,74.76,73.3,74.8,74.2,88.8,106.1,99.4,LIGHT_ACTIVITY,45.9,45.5,4,6525,67.0,70.9,0,11,0,0,30.7,75.5,99.4,Light Activity,1,6525,66.4,45.5
synthetic_001648,ESP32_GREENHOUSE_01,2026-04-24T13:43:30.000Z,14,32.07,31.4,32.6,31.8,65.06,63.6,66.1,65.3,226.3,310.4,227.6,RESTLESS,42.9,42.9,9,10351,420.7,420.3,1,3,11,1,32.2,64.7,227.6,Restless,1,10351,421.9,42.9
synthetic_000793,ESP32_GREENHOUSE_01,2026-04-24T06:36:00.000Z,15,30.83,30.3,31.5,30.8,74.6,73.8,75.0,74.4,101.0,101.0,92.6,LIGHT_ACTIVITY,50.4,50.7,7,2033,50,47.6,1,12,2,0,30.7,74.0,92.6,Light Activity,1,2033,47.9,50.7
synthetic_000323,ESP32_GREENHOUSE_01,2026-04-24T02:41:00.000Z,14,29.53,28.9,30.3,29.5,73.35,72.7,74.6,73.8,43.5,47.1,40.0,QUIET,57.0,57.2,2,832,32.2,39.7,12,1,0,0,29.7,74.0,40.0,Quiet,0,832,34.2,57.2
synthetic_000612,ESP32_GREENHOUSE_01,2026-04-24T05:05:30.000Z,14,29.71,29.4,30.3,29.7,73.98,73.9,74.9,74.9,105.6,153.0,110.1,LIGHT_ACTIVITY,53.7,53.5,4,4788,16.4,7.6,1,10,1,0,29.7,73.3,110.1,Light Activity,1,4788,21.0,53.5
synthetic_000268,ESP32_GREENHOUSE_01,2026-04-24T02:13:30.000Z,14,29.2,28.6,29.7,29.1,71.25,70.1,71.6,71.5,40.6,68.2,41.0,QUIET,59.4,59.4,1,603,33.2,34.8,14,0,0,0,29.2,71.6,41.0,Quiet,0,603,31.1,59.4
synthetic_000085,ESP32_GREENHOUSE_01,2026-04-24T00:42:00.000Z,15,28.54,27.9,29.1,28.6,70.43,70.2,70.6,70.2,21.2,64.1,23.1,QUIET,62.5,62.4,1,1032,30.2,39.9,15,2,0,0,28.6,70.2,23.1,Quiet,0,1032,26.6,62.4
synthetic_001380,ESP32_GREENHOUSE_01,2026-04-24T11:29:30.000Z,15,32.98,32.4,33.5,32.9,69.24,67.9,69.3,69.0,185.0,366.4,185.2,RESTLESS,35.7,35.7,9,20904,452.6,453.7,1,4,12,0,32.9,69.7,185.2,Restless,1,20904,454.6,35.7
synthetic_000240,ESP32_GREENHOUSE_01,2026-04-24T01:59:30.000Z,15,28.14,27.4,28.5,28.2,71.75,71.4,72.0,71.8,22.8,32.5,33.1,QUIET,62.7,62.3,0,1173,25.9,31.9,13,1,0,0,28.3,71.4,33.1,Quiet,0,1173,28.0,62.3
synthetic_000432,ESP32_GREENHOUSE_01,2026-04-24T03:35:30.000Z,14,29.08,28.7,29.7,29.0,75.83,74.7,76.6,75.6,29.6,45.0,25.6,QUIET,57.3,57.4,0,198,33.4,36.4,12,2,0,0,29.0,75.6,25.6,Quiet,0,198,37.3,57.4
synthetic_000997,ESP32_GREENHOUSE_01,2026-04-24T08:18:00.000Z,14,31.74,31.6,32.3,31.6,71.18,70.2,71.3,71.9,95.4,203.7,106.4,LIGHT_ACTIVITY,50.2,49.7,4,2270,169.7,169.4,2,10,2,0,31.8,71.5,106.4,Light Activity,1,2270,167.3,49.7
synthetic_001708,ESP32_GREENHOUSE_01,2026-04-24T14:13:30.000Z,15,31.91,31.6,32.6,32.2,64.07,63.6,64.8,64.0,171.2,270.1,189.1,RESTLESS,41.2,40.5,5,17435,500,502.2,1,4,12,0,31.7,64.9,189.1,Restless,1,17435,501.6,40.5
synthetic_001079,ESP32_GREENHOUSE_01,2026-04-24T08:59:00.000Z,15,31.37,30.6,31.6,31.3,69.41,68.8,69.9,69.4,80.7,162.0,73.4,LIGHT_ACTIVITY,47.9,48.2,4,7287,177.8,176.1,3,11,2,0,31.4,69.9,73.4,Light Activity,1,7287,175.1,48.2
synthetic_001640,ESP32_GREENHOUSE_01,2026-04-24T13:39:30.000Z,14,31.44,31.2,32.0,31.5,65.63,65.4,65.7,65.6,193.8,240.6,208.8,RESTLESS,45.6,45.0,7,9848,488.8,486.7,0,1,12,1,31.4,65.8,208.8,Restless,1,9848,490.2,45.0
synthetic_000851,ESP32_GREENHOUSE_01,2026-04-24T07:05:00.000Z,14,31.34,31.2,32.1,31.6,69.28,68.4,70.3,69.7,84.1,145.1,84.0,LIGHT_ACTIVITY,47.9,47.9,3,7489,99.5,103.0,1,13,2,0,31.4,69.7,84.0,Light Activity,0,7489,95.8,47.9
synthetic_001421,ESP32_GREENHOUSE_01,2026-04-24T11:50:00.000Z,15,32.56,32.5,33.2,32.6,67.09,65.6,67.8,67.7,152.1,264.8,171.1,RESTLESS,43.4,42.6,7,9776,371.2,370.9,0,1,9,2,32.7,67.1,171.1,Restless,1,9776,371.3,42.6
synthetic_001546,ESP32_GREENHOUSE_01,2026-04-24T12:52:30.000Z,14,32.68,32.4,33.1,32.7,68.95,67.6,69.2,68.4,145.9,337.4,159.5,RESTLESS,42.5,41.9,8,14584,408.5,401.2,1,1,10,2,32.8,68.9,159.5,Restless,1,14584,408.5,41.9
synthetic_001656,ESP32_GREENHOUSE_01,2026-04-24T13:47:30.000Z,14,32.26,31.6,32.4,32.1,67.02,65.6,67.3,67.8,232.2,348.5,214.2,RESTLESS,41.0,41.7,9,12891,450.3,459.9,1,3,10,0,32.4,67.5,214.2,Restless,1,12891,449.1,41.7
synthetic_000766,ESP32_GREENHOUSE_01,2026-04-24T06:22:30.000Z,14,30.57,29.9,30.8,30.5,68.56,67.8,70.1,69.0,92.3,128.9,91.7,LIGHT_ACTIVITY,50.2,50.2,3,7210,50,50.5,0,11,0,0,30.6,68.8,91.7,Light Activity,0,7210,53.3,50.2
synthetic_000226,ESP32_GREENHOUSE_01,2026-04-24T01:52:30.000Z,14,28.65,28.3,28.8,28.9,70.46,69.2,70.7,70.8,29.0,42.2,27.3,QUIET,61.9,61.9,0,1269,61.4,66.7,14,2,0,0,28.5,70.0,27.3,Quiet,0,1269,60.5,61.9
synthetic_001720,ESP32_GREENHOUSE_01,2026-04-24T14:19:30.000Z,15,32.76,32.5,33.0,32.6,62.89,61.4,64.0,63.7,137.1,332.9,121.6,RESTLESS,46.6,47.2,7,12550,500,499.3,0,1,11,2,32.8,62.6,121.6,Restless,1,12550,503.9,47.2
synthetic_000473,ESP32_GREENHOUSE_01,2026-04-24T03:56:00.000Z,15,28.63,28.2,29.4,28.6,72.34,72.2,72.6,72.0,45.1,47.8,41.4,QUIET,60.1,60.3,1,405,40.5,38.2,13,0,0,0,28.7,71.9,41.4,Quiet,0,405,41.9,60.3
synthetic_000212,ESP32_GREENHOUSE_01,2026-04-24T01:45:30.000Z,15,28.0,27.3,28.2,28.2,71.36,70.3,72.1,70.4,28.8,44.3,32.6,QUIET,63.1,63.0,0,1476,58.0,56.4,14,0,0,0,27.9,72.1,32.6,Quiet,0,1476,59.3,63.0
synthetic_000143,ESP32_GREENHOUSE_01,2026-04-24T01:11:00.000Z,15,28.99,28.5,29.4,28.9,72.66,72.1,74.0,72.2,16.9,37.7,26.6,QUIET,60.0,59.6,0,344,76.0,74.9,15,2,0,0,28.8,72.9,26.6,Quiet,0,344,77.2,59.6
synthetic_000898,ESP32_GREENHOUSE_01,2026-04-24T07:28:30.000Z,15,31.12,30.7,31.4,31.1,70.84,70.1,71.3,70.2,79.1,208.7,73.4,LIGHT_ACTIVITY,47.7,48.0,5,6699,79.4,87.6,1,10,2,0,31.1,69.9,73.4,Light Activity,1,6699,75.2,48.0
synthetic_001805,ESP32_GREENHOUSE_01,2026-04-24T15:02:00.000Z,14,32.14,31.7,32.6,32.1,66.25,65.9,67.5,67.1,498.9,1023,530.5,CRYING,26.3,25.1,12,17069,454.4,460.6,0,0,2,12,32.0,66.7,530.5,CRYING,1,17069,455.5,25.1
synthetic_001340,ESP32_GREENHOUSE_01,2026-04-24T11:09:30.000Z,14,32.44,32.0,33.0,32.6,64.26,63.9,64.9,63.4,160.1,341.1,157.4,RESTLESS,45.0,45.1,9,10256,376.8,379.3,1,3,8,1,32.5,64.0,157.4,Restless,1,10256,372.7,45.1
synthetic_002304,ESP32_GREENHOUSE_01,2026-04-24T19:11:30.000Z,15,29.38,29.3,30.0,29.4,71.23,70.7,72.7,71.8,434.8,830.1,407.3,CRYING,33.5,34.5,10,17733,280.1,280.7,0,0,1,15,29.5,70.8,407.3,CRYING,1,17733,279.9,34.5
synthetic_000961,ESP32_GREENHOUSE_01,2026-04-24T08:00:00.000Z,14,31.35,31.2,32.1,31.6,72.71,71.6,72.7,73.2,110.6,192.9,115.0,LIGHT_ACTIVITY,49.7,49.5,7,4999,169.3,168.0,0,11,0,0,31.3,73.6,115.0,Light Activity,1,4999,172.0,49.5
synthetic_001692,ESP32_GREENHOUSE_01,2026-04-24T14:05:30.000Z,15,32.09,31.7,32.9,31.9,67.33,66.7,67.4,67.7,111.7,307.8,105.7,RESTLESS,45.9,46.2,10,8977,500,506.5,1,2,12,1,32.3,66.7,105.7,Restless,1,8977,495.2,46.2
synthetic_002395,ESP32_GREENHOUSE_01,2026-04-24T19:57:00.000Z,14,29.23,28.8,29.8,29.3,69.18,68.2,70.3,68.6,555.3,836.9,522.6,CRYING,30.5,31.7,12,23773,264.3,254.5,0,0,0,15,29.1,68.7,522.6,CRYING,1,23773,260.8,31.7
synthetic_001943,ESP32_GREENHOUSE_01,2026-04-24T16:11:00.000Z,15,30.96,30.8,31.6,31.1,68.23,68.2,68.9,67.5,682.3,856.2,796.7,CRYING,21.2,16.8,8,16224,483.8,483.6,0,0,1,15,30.8,68.7,796.7,CRYING,1,16224,482.4,16.8
synthetic_000704,ESP32_GREENHOUSE_01,2026-04-24T05:51:30.000Z,14,30.16,29.8,30.6,30.3,70.3,70.0,71.8,70.8,103.5,175.7,106.2,LIGHT_ACTIVITY,49.8,49.7,2,6581,27.5,24.5,0,9,0,0,30.1,70.1,106.2,Light Activity,0,6581,30.1,49.7
synthetic_001676,ESP32_GREENHOUSE_01,2026-04-24T13:57:30.000Z,15,32.3,32.1,32.5,32.6,65.94,64.7,66.6,66.7,129.9,344.1,91.0,RESTLESS,40.5,42.0,10,16478,500,492.6,1,1,8,0,32.2,65.9,91.0,Restless,1,16478,500.1,42.0
synthetic_001460,ESP32_GREENHOUSE_01,2026-04-24T12:09:30.000Z,14,32.38,32.0,33.0,32.2,65.09,64.9,66.1,64.2,158.8,309.9,154.7,RESTLESS,39.7,39.9,8,19743,465.4,472.2,1,3,12,0,32.5,66.0,154.7,Restless,1,19743,463.0,39.9
synthetic_000520,ESP32_GREENHOUSE_01,2026-04-24T04:19:30.000Z,15,29.96,29.5,30.5,29.7,75.53,75.1,75.7,75.1,19.7,51.9,23.1,QUIET,55.4,55.3,2,431,61.4,60.2,15,2,0,0,30.1,75.1,23.1,Quiet,0,431,65.6,55.3
synthetic_000615,ESP32_GREENHOUSE_01,2026-04-24T05:07:00.000Z,14,29.85,29.1,30.6,30.0,73.15,71.8,74.2,73.8,94.6,94.6,93.2,LIGHT_ACTIVITY,54.3,54.3,5,3042,77.2,69.2,3,9,1,0,29.9,73.5,93.2,Light Activity,1,3042,75.4,54.3
synthetic_001725,ESP32_GREENHOUSE_01,2026-04-24T14:22:00.000Z,15,31.75,31.6,32.2,31.6,66.01,64.8,66.8,66.8,206.6,264.7,205.1,RESTLESS,39.0,39.1,9,16651,499.7,502.9,0,2,12,2,31.6,66.5,205.1,Restless,1,16651,504.2,39.1
synthetic_001724,ESP32_GREENHOUSE_01,2026-04-24T14:21:30.000Z,15,32.75,32.6,33.0,32.9,63.33,62.0,64.5,62.8,167.1,307.7,236.9,RESTLESS,45.1,42.4,8,12404,500,506.2,1,1,11,1,32.6,63.7,236.9,Restless,1,12404,497.6,42.4
synthetic_000382,ESP32_GREENHOUSE_01,2026-04-24T03:10:30.000Z,14,28.81,28.0,29.0,28.7,76.38,75.7,76.9,77.3,37.3,71.9,49.5,QUIET,57.4,56.9,2,1175,52.2,55.0,15,1,0,0,28.7,75.7,49.5,Quiet,0,1175,53.9,56.9
synthetic_001998,ESP32_GREENHOUSE_01,2026-04-24T16:38:30.000Z,15,30.56,30.4,30.8,30.6,69.43,69.3,70.4,70.2,739.0,972.2,703.6,CRYING,19.4,20.8,13,15869,423.7,423.4,0,0,2,15,30.5,68.8,703.6,CRYING,1,15869,422.8,20.8
synthetic_002202,ESP32_GREENHOUSE_01,2026-04-24T18:20:30.000Z,14,29.96,29.6,30.4,30.0,67.92,67.2,68.8,68.5,594.4,848.9,595.9,CRYING,27.7,27.6,15,20353,377.8,386.4,0,0,1,12,30.1,67.3,595.9,CRYING,1,20353,373.0,27.6
synthetic_001336,ESP32_GREENHOUSE_01,2026-04-24T11:07:30.000Z,15,32.48,31.7,33.2,32.5,66.11,65.9,66.4,66.6,167.3,275.6,140.1,RESTLESS,38.4,39.5,10,17455,404.0,401.9,0,2,8,2,32.6,65.5,140.1,Restless,1,17455,400.9,39.5
synthetic_001474,ESP32_GREENHOUSE_01,2026-04-24T12:16:30.000Z,15,32.25,32.0,32.6,32.2,64.52,63.1,65.8,65.2,111.8,367.1,87.3,RESTLESS,42.3,43.2,11,20358,483.0,489.6,0,1,12,1,32.2,63.9,87.3,Restless,1,20358,485.0,43.2
synthetic_001497,ESP32_GREENHOUSE_01,2026-04-24T12:28:00.000Z,15,32.76,32.0,33.4,32.8,64.13,62.7,65.4,64.5,188.8,374.8,174.1,RESTLESS,43.8,44.4,7,9531,466.6,465.0,1,2,9,1,32.8,65.0,174.1,Restless,1,9531,470.4,44.4
synthetic_001382,ESP32_GREENHOUSE_01,2026-04-24T11:30:30.000Z,14,32.46,32.3,32.6,32.5,66.3,66.3,67.1,65.7,136.0,228.9,106.3,RESTLESS,39.6,40.8,9,15480,402.3,410.4,1,4,9,0,32.5,66.9,106.3,Restless,1,15480,406.4,40.8
synthetic_001441,ESP32_GREENHOUSE_01,2026-04-24T12:00:00.000Z,14,32.48,32.2,32.8,32.7,68.61,68.0,69.7,68.4,136.1,290.5,81.3,RESTLESS,43.1,45.2,5,8694,478.4,470.4,1,1,10,2,32.4,68.2,81.3,Restless,1,8694,480.9,45.2
synthetic_002341,ESP32_GREENHOUSE_01,2026-04-24T19:30:00.000Z,15,29.91,29.6,30.2,29.8,69.9,68.9,70.5,68.9,648.7,648.7,752.4,CRYING,24.4,20.4,8,22465,283.6,280.8,0,0,0,14,30.0,70.2,752.4,CRYING,1,22465,284.7,20.4
synthetic_001704,ESP32_GREENHOUSE_01,2026-04-24T14:11:30.000Z,15,32.55,31.9,33.2,32.8,64.33,63.1,64.7,63.6,153.8,248.4,159.0,RESTLESS,45.0,44.8,11,8080,500,501.2,1,2,9,1,32.6,63.7,159.0,Restless,1,8080,500.2,44.8
synthetic_001875,ESP32_GREENHOUSE_01,2026-04-24T15:37:00.000Z,14,32.07,31.5,32.4,31.8,65.48,64.9,66.1,64.6,654.5,696.6,572.9,CRYING,20.9,24.1,10,26049,473.1,464.7,0,0,1,13,32.0,66.1,572.9,CRYING,1,26049,469.3,24.1
synthetic_000937,ESP32_GREENHOUSE_01,2026-04-24T07:48:00.000Z,14,30.79,30.7,31.4,30.8,73.68,73.5,75.2,72.7,99.1,153.2,104.6,LIGHT_ACTIVITY,51.1,50.9,4,4855,66.9,59.8,2,9,1,0,30.8,73.5,104.6,Light Activity,1,4855,71.2,50.9
synthetic_002257,ESP32_GREENHOUSE_01,2026-04-24T18:48:00.000Z,14,30.21,29.6,31.0,30.2,70.33,69.0,71.5,70.2,512.3,821.5,597.0,CRYING,28.7,25.4,12,25029,369.0,370.4,0,0,1,13,30.0,69.6,597.0,CRYING,1,25029,371.9,25.4
synthetic_000923,ESP32_GREENHOUSE_01,2026-04-24T07:41:00.000Z,14,31.69,31.3,32.0,31.9,69.16,68.3,69.5,68.7,89.5,188.4,92.4,LIGHT_ACTIVITY,46.8,46.7,7,7589,155.9,163.9,2,9,1,0,31.6,68.8,92.4,Light Activity,1,7589,155.8,46.7
synthetic_000845,ESP32_GREENHOUSE_01,2026-04-24T07:02:00.000Z,14,30.74,30.2,31.5,30.9,72.11,72.0,72.5,72.4,79.1,126.8,80.1,LIGHT_ACTIVITY,53.0,53.0,2,2071,124.0,133.2,0,9,2,0,30.8,71.9,80.1,Light Activity,0,2071,121.5,53.0
synthetic_001358,ESP32_GREENHOUSE_01,2026-04-24T11:18:30.000Z,14,31.75,31.1,32.1,31.7,69.06,68.5,70.4,68.4,188.7,235.5,201.8,RESTLESS,37.8,37.3,8,18857,427.1,420.1,0,2,11,2,31.9,69.4,201.8,Restless,1,18857,428.7,37.3
synthetic_001779,ESP32_GREENHOUSE_01,2026-04-24T14:49:00.000Z,15,32.89,32.2,33.5,32.9,64.3,63.0,64.8,65.0,146.6,319.2,154.1,RESTLESS,45.3,45.0,11,8603,486.8,482.0,1,2,11,0,32.7,63.7,154.1,Restless,1,8603,484.4,45.0
synthetic_001849,ESP32_GREENHOUSE_01,2026-04-24T15:24:00.000Z,15,32.67,31.9,33.3,32.8,61.87,61.1,63.2,62.3,376.4,891.2,352.3,CRYING,32.9,33.8,11,26320,456.9,464.5,0,0,1,13,32.7,62.5,352.3,CRYING,1,26320,460.5,33.8
synthetic_002099,ESP32_GREENHOUSE_01,2026-04-24T17:29:00.000Z,15,31.43,30.7,31.8,31.5,67.42,67.4,68.9,66.5,614.3,848.9,593.1,CRYING,23.1,23.9,12,19178,437.4,434.0,0,0,0,13,31.4,68.0,593.1,CRYING,1,19178,437.1,23.9
synthetic_001574,ESP32_GREENHOUSE_01,2026-04-24T13:06:30.000Z,14,32.0,31.6,32.6,31.7,65.5,65.2,66.4,65.0,79.2,366.4,47.2,RESTLESS,48.6,49.9,10,9961,484.6,494.5,0,1,9,1,32.0,66.4,47.2,Restless,1,9961,485.3,49.9
synthetic_001589,ESP32_GREENHOUSE_01,2026-04-24T13:14:00.000Z,14,32.7,32.5,33.5,32.8,67.76,67.7,68.8,68.7,195.6,327.5,200.3,RESTLESS,41.3,41.1,7,10009,448.8,444.0,1,1,8,1,32.8,67.6,200.3,Restless,1,10009,453.0,41.1
synthetic_000262,ESP32_GREENHOUSE_01,2026-04-24T02:10:30.000Z,14,28.39,27.9,29.0,28.4,72.69,71.5,73.2,73.0,35.2,42.6,32.1,QUIET,61.0,61.1,1,360,48.9,40.1,14,1,0,0,28.3,72.0,32.1,Quiet,0,360,49.7,61.1
synthetic_000228,ESP32_GREENHOUSE_01,2026-04-24T01:53:30.000Z,14,28.69,28.0,29.0,28.4,72.22,72.1,72.7,73.1,25.6,58.6,32.3,QUIET,60.8,60.5,0,739,66.1,75.3,15,1,0,0,28.5,72.7,32.3,Quiet,0,739,66.4,60.5
synthetic_002094,ESP32_GREENHOUSE_01,2026-04-24T17:26:30.000Z,15,31.17,30.5,31.8,31.1,64.81,64.7,65.3,64.3,772.7,772.7,843.3,CRYING,19.3,16.5,13,29458,446.5,450.5,0,0,1,15,31.4,64.4,843.3,CRYING,1,29458,447.5,16.5
synthetic_000245,ESP32_GREENHOUSE_01,2026-04-24T02:02:00.000Z,15,28.97,28.8,29.4,28.8,74.09,73.2,75.4,74.2,35.9,58.0,31.8,QUIET,58.4,58.6,2,111,39.6,37.5,13,1,0,0,28.9,73.1,31.8,Quiet,0,111,39.1,58.6
synthetic_001113,ESP32_GREENHOUSE_01,2026-04-24T09:16:00.000Z,14,31.94,31.7,32.4,32.2,71.68,71.2,71.9,71.6,78.8,214.2,83.0,LIGHT_ACTIVITY,49.9,49.8,2,2823,253.0,256.9,0,11,0,0,32.0,71.9,83.0,Light Activity,0,2823,257.7,49.8
synthetic_000978,ESP32_GREENHOUSE_01,2026-04-24T08:08:30.000Z,15,31.81,31.1,32.0,31.9,68.22,67.1,69.0,67.4,93.9,102.6,100.2,LIGHT_ACTIVITY,51.9,51.6,2,2620,182.9,180.1,0,12,1,0,31.7,68.9,100.2,Light Activity,0,2620,184.3,51.6
synthetic_000043,ESP32_GREENHOUSE_01,2026-04-24T00:21:00.000Z,15,28.43,27.7,28.6,28.2,71.33,70.4,72.7,72.3,34.4,66.1,39.8,QUIET,61.7,61.5,2,1092,69.6,74.5,15,1,0,0,28.4,70.5,39.8,Quiet,0,1092,70.9,61.5
synthetic_002163,ESP32_GREENHOUSE_01,2026-04-24T18:01:00.000Z,14,30.25,30.0,30.6,30.4,66.12,65.9,67.5,66.8,499.1,796.5,512.8,CRYING,31.7,31.2,14,22510,355.3,364.9,0,0,0,14,30.2,66.5,512.8,CRYING,1,22510,358.0,31.2
synthetic_002214,ESP32_GREENHOUSE_01,2026-04-24T18:26:30.000Z,14,30.45,30.2,30.9,30.6,68.81,68.0,69.4,69.0,342.2,1023,450.8,CRYING,35.6,31.4,12,16847,378.1,387.7,0,0,0,14,30.6,69.0,450.8,CRYING,1,16847,376.7,31.4
synthetic_000345,ESP32_GREENHOUSE_01,2026-04-24T02:52:00.000Z,15,28.27,28.1,28.6,28.2,76.16,75.4,77.3,75.4,45.2,51.7,36.0,QUIET,58.7,59.1,0,1290,45.5,48.4,12,0,0,0,28.2,75.4,36.0,Quiet,0,1290,49.0,59.1
synthetic_001264,ESP32_GREENHOUSE_01,2026-04-24T10:31:30.000Z,15,32.33,31.6,32.9,32.2,65.15,63.8,66.2,64.5,223.4,229.4,233.4,RESTLESS,37.3,36.9,7,21810,356.5,360.2,1,3,11,1,32.3,64.7,233.4,Restless,1,21810,352.3,36.9
synthetic_001507,ESP32_GREENHOUSE_01,2026-04-24T12:33:00.000Z,14,32.46,32.2,32.9,32.5,67.64,66.6,68.8,66.9,188.5,431.7,181.2,RESTLESS,41.7,42.0,8,11041,474.2,468.3,0,4,11,1,32.3,67.4,181.2,Restless,1,11041,478.4,42.0
synthetic_000401,ESP32_GREENHOUSE_01,2026-04-24T03:20:00.000Z,15,29.04,28.4,29.3,29.0,74.7,73.6,75.0,74.1,32.2,74.3,32.0,QUIET,58.0,58.0,2,855,16.8,25.8,15,2,0,0,29.0,75.3,32.0,Quiet,0,855,13.7,58.0
synthetic_001065,ESP32_GREENHOUSE_01,2026-04-24T08:52:00.000Z,15,30.9,30.2,31.2,31.2,69.91,69.7,70.6,69.5,75.7,217.9,74.4,LIGHT_ACTIVITY,49.1,49.1,5,6951,204.8,194.9,3,11,1,0,30.9,69.8,74.4,Light Activity,1,6951,205.0,49.1
synthetic_001257,ESP32_GREENHOUSE_01,2026-04-24T10:28:00.000Z,14,32.23,32.0,32.8,32.4,67.2,66.2,67.9,66.8,193.9,260.6,159.0,RESTLESS,37.4,38.8,9,18290,363.6,362.9,0,2,11,0,32.1,67.8,159.0,Restless,1,18290,368.6,38.8
synthetic_001028,ESP32_GREENHOUSE_01,2026-04-24T08:33:30.000Z,14,32.15,31.8,32.8,31.9,68.99,68.8,69.4,68.3,103.6,148.6,106.4,LIGHT_ACTIVITY,45.1,45.0,5,6054,131.6,132.1,3,12,1,0,32.3,68.5,106.4,Light Activity,1,6054,132.7,45.0
synthetic_001027,ESP32_GREENHOUSE_01,2026-04-24T08:33:00.000Z,15,31.86,31.6,32.6,31.8,69.59,68.1,71.0,70.5,77.8,141.8,81.8,LIGHT_ACTIVITY,51.5,51.3,5,4761,188.3,191.4,0,12,2,0,31.7,70.4,81.8,Light Activity,1,4761,189.3,51.3
synthetic_000749,ESP32_GREENHOUSE_01,2026-04-24T06:14:00.000Z,14,30.29,29.6,30.7,30.3,71.62,71.0,71.7,72.5,82.1,145.6,74.8,LIGHT_ACTIVITY,54.5,54.8,7,4517,50,57.7,1,11,1,0,30.4,72.1,74.8,Light Activity,1,4517,49.1,54.8
synthetic_001817,ESP32_GREENHOUSE_01,2026-04-24T15:08:00.000Z,14,32.99,32.7,33.7,32.8,62.95,62.6,63.2,62.0,496.5,735.9,484.1,CRYING,27.5,28.0,12,26656,500,499.7,0,0,2,12,32.9,63.5,484.1,CRYING,1,26656,503.9,28.0
synthetic_000306,ESP32_GREENHOUSE_01,2026-04-24T02:32:30.000Z,14,29.19,28.5,29.7,29.5,74.25,74.1,74.6,74.3,30.3,55.8,38.1,QUIET,57.9,57.6,0,1465,11.0,15.2,13,1,0,0,29.1,74.4,38.1,Quiet,0,1465,10.4,57.6
synthetic_001914,ESP32_GREENHOUSE_01,2026-04-24T15:56:30.000Z,14,32.01,31.4,32.5,32.0,62.72,61.3,62.8,61.8,353.0,886.4,280.1,CRYING,34.6,37.5,14,20943,450.3,440.4,0,0,2,15,32.0,62.9,280.1,CRYING,1,20943,453.2,37.5
synthetic_001363,ESP32_GREENHOUSE_01,2026-04-24T11:21:00.000Z,15,33.19,33.0,33.8,33.1,66.64,65.7,67.1,67.1,182.3,377.8,211.3,RESTLESS,42.5,41.3,7,10380,418.4,419.1,0,4,11,2,33.2,66.0,211.3,Restless,1,10380,418.9,41.3
synthetic_001394,ESP32_GREENHOUSE_01,2026-04-24T11:36:30.000Z,14,32.34,31.6,33.1,32.5,68.54,67.6,69.3,69.1,93.7,299.3,112.7,RESTLESS,45.2,44.5,10,10628,425.4,416.9,1,2,10,0,32.4,67.7,112.7,Restless,1,10628,421.1,44.5
synthetic_002179,ESP32_GREENHOUSE_01,2026-04-24T18:09:00.000Z,14,30.79,30.4,31.3,30.8,63.77,62.8,65.1,63.3,337.2,550.9,367.9,CRYING,38.0,36.8,10,26294,356.5,361.9,0,0,2,13,30.9,63.1,367.9,CRYING,1,26294,356.6,36.8
synthetic_000191,ESP32_GREENHOUSE_01,2026-04-24T01:35:00.000Z,14,29.41,28.8,29.9,29.1,72.32,71.2,73.8,72.4,27.1,35.7,30.2,QUIET,58.6,58.5,2,517,22.9,25.8,13,0,0,0,29.2,72.7,30.2,Quiet,0,517,20.4,58.5
synthetic_001867,ESP32_GREENHOUSE_01,2026-04-24T15:33:00.000Z,15,32.34,31.6,32.5,32.5,68.11,67.7,69.4,68.1,696.1,928.9,750.5,CRYING,16.9,14.8,14,29310,435.0,428.8,0,0,2,13,32.2,67.2,750.5,CRYING,1,29310,431.5,14.8
synthetic_000556,ESP32_GREENHOUSE_01,2026-04-24T04:37:30.000Z,14,29.12,28.6,29.5,28.9,75.0,74.2,75.2,74.3,40.0,53.9,45.0,QUIET,57.3,57.1,0,1220,30.8,30.7,12,1,0,0,29.3,74.7,45.0,Quiet,0,1220,30.4,57.1
synthetic_001904,ESP32_GREENHOUSE_01,2026-04-24T15:51:30.000Z,15,30.73,30.1,30.9,30.7,68.02,66.5,69.1,68.3,524.1,1023,541.6,CRYING,28.2,27.5,10,15054,500,498.8,0,0,1,12,30.9,68.0,541.6,CRYING,1,15054,501.6,27.5
synthetic_000305,ESP32_GREENHOUSE_01,2026-04-24T02:32:00.000Z,14,28.94,28.7,29.3,28.7,74.72,73.5,76.1,75.6,20.8,41.4,7.9,QUIET,58.7,59.2,0,253,10.7,7.7,13,2,0,0,28.8,74.7,7.9,Quiet,0,253,13.0,59.2
synthetic_001118,ESP32_GREENHOUSE_01,2026-04-24T09:18:30.000Z,15,31.88,31.2,32.1,31.6,70.3,68.8,71.8,70.1,82.1,140.2,82.5,LIGHT_ACTIVITY,50.8,50.8,5,2974,245.2,246.0,2,9,2,0,31.7,69.8,82.5,Light Activity,1,2974,249.9,50.8
synthetic_000860,ESP32_GREENHOUSE_01,2026-04-24T07:09:30.000Z,14,31.22,30.5,31.4,31.0,72.65,72.2,72.7,73.0,98.6,234.4,89.3,LIGHT_ACTIVITY,45.6,45.9,5,7464,96.2,86.4,3,9,1,0,31.2,73.3,89.3,Light Activity,1,7464,97.4,45.9
synthetic_001255,ESP32_GREENHOUSE_01,2026-04-24T10:27:00.000Z,14,32.29,31.6,32.9,32.4,67.31,66.6,67.6,68.2,184.1,323.7,195.9,RESTLESS,42.6,42.1,12,11747,373.4,372.8,1,3,9,2,32.3,67.1,195.9,Restless,1,11747,369.4,42.1
synthetic_001234,ESP32_GREENHOUSE_01,2026-04-24T10:16:30.000Z,14,32.62,32.5,32.8,32.5,67.85,67.8,68.5,67.0,140.9,485.1,134.0,RESTLESS,43.3,43.6,10,13938,365.4,369.6,0,1,8,1,32.8,68.1,134.0,Restless,1,13938,369.3,43.6
synthetic_002241,ESP32_GREENHOUSE_01,2026-04-24T18:40:00.000Z,15,29.89,29.4,30.3,29.7,64.94,64.8,66.2,65.9,533.9,694.9,538.6,CRYING,32.1,31.9,12,17413,393.9,402.4,0,0,1,14,29.7,65.2,538.6,CRYING,1,17413,391.8,31.9
synthetic_001561,ESP32_GREENHOUSE_01,2026-04-24T13:00:00.000Z,14,33.01,32.3,33.8,33.1,65.03,63.8,65.2,65.6,165.1,381.9,209.4,RESTLESS,39.2,37.4,11,20579,500,493.3,1,2,9,0,33.0,64.2,209.4,Restless,1,20579,503.2,37.4
synthetic_000569,ESP32_GREENHOUSE_01,2026-04-24T04:44:00.000Z,14,30.43,30.2,30.7,30.4,73.5,72.5,73.5,72.9,21.5,63.3,17.8,QUIET,55.3,55.4,1,1378,43.3,39.4,14,0,0,0,30.5,73.0,17.8,Quiet,0,1378,45.5,55.4
synthetic_002210,ESP32_GREENHOUSE_01,2026-04-24T18:24:30.000Z,15,30.19,30.0,31.0,30.2,65.06,65.0,65.9,65.1,428.7,876.4,581.5,CRYING,35.3,29.3,13,17345,321.4,317.4,0,0,0,15,30.2,64.6,581.5,CRYING,1,17345,317.0,29.3
synthetic_000866,ESP32_GREENHOUSE_01,2026-04-24T07:12:30.000Z,14,31.34,30.6,31.9,31.1,68.37,67.0,69.5,68.4,91.0,174.1,88.5,LIGHT_ACTIVITY,53.2,53.3,2,4985,50,52.6,0,13,1,0,31.2,69.4,88.5,Light Activity,0,4985,54.1,53.3
synthetic_001272,ESP32_GREENHOUSE_01,2026-04-24T10:35:30.000Z,14,32.41,32.1,33.1,32.6,69.58,69.4,70.4,69.0,201.7,274.8,219.6,RESTLESS,35.1,34.4,8,20640,339.2,340.6,1,1,8,0,32.4,70.5,219.6,Restless,1,20640,340.0,34.4
synthetic_001840,ESP32_GREENHOUSE_01,2026-04-24T15:19:30.000Z,14,31.6,31.3,31.9,31.5,64.54,64.3,65.6,65.5,619.9,783.3,618.6,CRYING,24.2,24.2,15,21395,500,490.5,0,0,2,15,31.6,64.2,618.6,CRYING,1,21395,497.2,24.2
synthetic_000357,ESP32_GREENHOUSE_01,2026-04-24T02:58:00.000Z,14,28.69,28.0,29.0,28.5,71.49,71.3,71.6,70.8,24.3,52.6,19.1,QUIET,61.3,61.5,1,895,75.4,68.3,13,1,0,0,28.6,70.7,19.1,Quiet,0,895,73.5,61.5
synthetic_001102,ESP32_GREENHOUSE_01,2026-04-24T09:10:30.000Z,15,32.31,31.7,32.6,32.3,66.98,65.9,68.0,66.8,47.9,176.0,49.4,LIGHT_ACTIVITY,48.0,48.0,4,5117,263.6,268.8,2,12,1,0,32.5,67.1,49.4,Light Activity,1,5117,267.5,48.0
synthetic_000703,ESP32_GREENHOUSE_01,2026-04-24T05:51:00.000Z,14,29.85,29.2,30.2,29.9,78.3,77.0,79.1,78.3,98.2,149.3,88.7,LIGHT_ACTIVITY,50.9,51.3,2,3462,71.1,70.7,0,11,0,0,29.9,78.9,88.7,Light Activity,0,3462,69.7,51.3
synthetic_001123,ESP32_GREENHOUSE_01,2026-04-24T09:21:00.000Z,14,32.28,31.7,32.4,32.5,71.24,70.3,72.6,71.1,85.9,155.9,87.2,LIGHT_ACTIVITY,49.0,48.9,7,1704,273.3,281.9,1,12,2,0,32.4,71.9,87.2,Light Activity,1,1704,272.3,48.9
synthetic_000729,ESP32_GREENHOUSE_01,2026-04-24T06:04:00.000Z,14,30.21,29.9,30.3,30.0,68.2,67.6,69.5,67.4,89.1,200.7,82.6,LIGHT_ACTIVITY,51.6,51.8,6,7878,86.6,87.7,1,10,0,0,30.2,67.2,82.6,Light Activity,1,7878,87.9,51.8
synthetic_001854,ESP32_GREENHOUSE_01,2026-04-24T15:26:30.000Z,15,32.0,31.5,32.4,31.7,61.87,60.7,62.7,62.6,606.5,688.2,555.9,CRYING,25.3,27.2,8,16366,459.4,467.8,0,0,0,12,31.9,62.3,555.9,CRYING,1,16366,463.4,27.2
synthetic_000113,ESP32_GREENHOUSE_01,2026-04-24T00:56:00.000Z,15,28.28,27.8,28.4,28.1,72.39,72.0,73.3,72.6,28.6,69.5,27.2,QUIET,61.7,61.8,0,890,20.2,14.1,14,1,0,0,28.1,72.0,27.2,Quiet,0,890,24.7,61.8
synthetic_002310,ESP32_GREENHOUSE_01,2026-04-24T19:14:30.000Z,15,29.51,28.9,29.9,29.5,66.36,65.0,67.0,66.2,490.6,1015.4,542.8,CRYING,34.0,31.9,15,17522,308.0,312.8,0,0,2,13,29.5,66.9,542.8,CRYING,1,17522,311.5,31.9
synthetic_002181,ESP32_GREENHOUSE_01,2026-04-24T18:10:00.000Z,15,30.57,30.3,31.0,30.3,64.54,63.4,65.7,65.2,595.4,888.4,537.1,CRYING,28.0,30.3,14,28533,374.5,372.2,0,0,0,14,30.4,64.5,537.1,CRYING,1,28533,372.1,30.3
synthetic_000891,ESP32_GREENHOUSE_01,2026-04-24T07:25:00.000Z,14,30.51,30.4,31.0,30.5,72.01,70.6,73.2,72.6,111.5,122.5,110.5,LIGHT_ACTIVITY,52.5,52.5,3,1737,132.2,138.1,1,11,2,0,30.7,71.0,110.5,Light Activity,0,1737,131.7,52.5
synthetic_001952,ESP32_GREENHOUSE_01,2026-04-24T16:15:30.000Z,15,31.86,31.6,32.4,31.6,66.69,65.5,66.7,66.7,719.7,790.1,671.9,CRYING,18.2,20.1,12,17215,456.8,450.0,0,0,1,13,31.8,67.0,671.9,CRYING,1,17215,453.0,20.1
synthetic_000915,ESP32_GREENHOUSE_01,2026-04-24T07:37:00.000Z,15,30.69,30.4,31.4,30.7,72.98,72.1,74.1,72.5,78.1,153.4,81.8,LIGHT_ACTIVITY,47.7,47.5,6,5920,110.5,117.6,1,9,1,0,30.9,73.1,81.8,Light Activity,1,5920,109.7,47.5
synthetic_000498,ESP32_GREENHOUSE_01,2026-04-24T04:08:30.000Z,15,29.59,29.4,30.0,29.4,72.57,71.6,73.4,72.0,23.3,50.5,21.4,QUIET,58.1,58.2,2,1292,63.4,63.2,12,0,0,0,29.7,72.0,21.4,Quiet,0,1292,65.8,58.2
synthetic_000528,ESP32_GREENHOUSE_01,2026-04-24T04:23:30.000Z,14,29.23,28.9,29.4,29.2,71.75,71.1,72.6,71.2,37.6,56.6,30.0,QUIET,59.1,59.4,0,321,35.3,25.6,15,2,0,0,29.4,72.3,30.0,Quiet,0,321,35.6,59.4
synthetic_001661,ESP32_GREENHOUSE_01,2026-04-24T13:50:00.000Z,14,32.82,32.1,33.4,32.8,66.01,65.2,67.3,66.8,200.6,306.2,199.0,RESTLESS,37.2,37.2,11,17944,498.1,499.3,1,1,12,0,32.9,66.8,199.0,Restless,1,17944,498.9,37.2
synthetic_001900,ESP32_GREENHOUSE_01,2026-04-24T15:49:30.000Z,14,32.13,32.0,32.7,32.1,66.87,66.0,67.0,67.4,632.7,942.3,556.8,CRYING,20.8,23.7,8,29198,482.1,488.7,0,0,0,14,32.2,66.3,556.8,CRYING,1,29198,483.9,23.7
synthetic_002305,ESP32_GREENHOUSE_01,2026-04-24T19:12:00.000Z,14,30.02,29.8,30.2,29.9,69.13,68.4,69.2,68.3,488.9,680.9,485.9,CRYING,30.9,31.0,14,19716,316.8,310.1,0,0,0,12,30.0,69.6,485.9,CRYING,1,19716,318.7,31.0
synthetic_001360,ESP32_GREENHOUSE_01,2026-04-24T11:19:30.000Z,14,32.49,31.9,33.2,32.4,68.19,67.6,69.2,68.8,187.1,394.6,139.8,RESTLESS,41.3,43.2,5,12306,460.6,453.4,1,1,8,2,32.7,69.0,139.8,Restless,1,12306,461.2,43.2
synthetic_001116,ESP32_GREENHOUSE_01,2026-04-24T09:17:30.000Z,15,32.16,31.7,32.9,32.2,66.55,65.1,66.6,65.8,83.7,206.9,94.9,LIGHT_ACTIVITY,52.3,51.9,6,3760,257.5,267.3,2,12,1,0,32.2,66.2,94.9,Light Activity,1,3760,257.0,51.9
synthetic_000476,ESP32_GREENHOUSE_01,2026-04-24T03:57:30.000Z,14,29.04,28.8,29.6,29.2,72.95,72.4,74.0,73.8,27.0,53.8,26.9,QUIET,59.3,59.3,0,226,71.8,73.5,12,1,0,0,28.9,72.6,26.9,Quiet,0,226,68.3,59.3
synthetic_000448,ESP32_GREENHOUSE_01,2026-04-24T03:43:30.000Z,15,29.16,28.6,29.9,29.2,73.03,71.8,74.4,73.0,26.2,53.4,29.6,QUIET,58.9,58.8,2,328,62.6,66.8,12,1,0,0,29.1,72.3,29.6,Quiet,0,328,67.3,58.8
synthetic_000288,ESP32_GREENHOUSE_01,2026-04-24T02:23:30.000Z,15,28.87,28.2,29.5,28.6,80.0,79.3,81.2,80.7,38.5,57.3,44.0,QUIET,54.9,54.7,2,624,11.1,9.2,13,2,0,0,29.0,79.7,44.0,Quiet,0,624,10.7,54.7
synthetic_000428,ESP32_GREENHOUSE_01,2026-04-24T03:33:30.000Z,15,29.23,28.6,29.8,29.1,75.44,74.3,76.8,75.4,38.1,60.8,36.0,QUIET,56.8,56.8,1,243,56.6,65.1,15,1,0,0,29.4,75.2,36.0,Quiet,0,243,52.7,56.8
synthetic_001650,ESP32_GREENHOUSE_01,2026-04-24T13:44:30.000Z,14,32.9,32.1,33.5,33.0,64.15,64.1,65.4,63.7,195.2,285.9,200.8,RESTLESS,38.5,38.3,6,15880,500,491.7,0,4,8,0,33.0,63.6,200.8,Restless,1,15880,501.5,38.3
synthetic_001674,ESP32_GREENHOUSE_01,2026-04-24T13:56:30.000Z,14,33.0,32.4,33.3,33.2,62.86,62.1,64.3,62.6,83.6,266.3,105.7,RESTLESS,43.7,42.8,12,15022,475.5,473.9,0,4,9,0,32.8,63.1,105.7,Restless,1,15022,476.3,42.8
synthetic_000127,ESP32_GREENHOUSE_01,2026-04-24T01:03:00.000Z,14,28.18,27.7,28.6,28.1,77.17,76.1,77.2,76.4,21.7,32.9,23.4,QUIET,59.3,59.2,1,580,44.6,50.3,14,2,0,0,28.2,76.4,23.4,Quiet,0,580,48.2,59.2
synthetic_001591,ESP32_GREENHOUSE_01,2026-04-24T13:15:00.000Z,14,32.76,32.7,33.3,33.0,63.24,62.0,63.4,63.1,175.5,249.4,156.6,RESTLESS,39.9,40.6,9,15875,500,496.6,1,1,12,1,32.7,62.6,156.6,Restless,1,15875,499.9,40.6
synthetic_001872,ESP32_GREENHOUSE_01,2026-04-24T15:35:30.000Z,15,32.28,32.0,32.4,32.4,62.1,60.7,62.6,61.7,457.0,795.4,432.0,CRYING,30.2,31.2,8,22281,488.1,485.5,0,0,0,14,32.1,61.5,432.0,CRYING,1,22281,484.7,31.2
synthetic_000449,ESP32_GREENHOUSE_01,2026-04-24T03:44:00.000Z,15,29.28,28.8,29.8,29.2,72.17,71.6,72.3,71.9,5,50.5,7.9,QUIET,60.0,59.9,2,1145,22.9,21.4,12,2,0,0,29.2,71.4,7.9,Quiet,0,1145,21.5,59.9
synthetic_002133,ESP32_GREENHOUSE_01,2026-04-24T17:46:00.000Z,14,30.67,30.3,30.9,30.4,66.79,66.7,68.2,67.4,657.1,721.5,602.1,CRYING,23.9,26.1,8,18141,376.0,374.2,0,0,1,12,30.7,66.4,602.1,CRYING,1,18141,374.5,26.1
synthetic_000558,ESP32_GREENHOUSE_01,2026-04-24T04:38:30.000Z,14,29.32,29.0,29.8,29.5,74.02,73.4,75.1,74.6,16.3,71.9,8.6,QUIET,58.3,58.6,1,620,23.4,18.9,13,2,0,0,29.4,74.2,8.6,Quiet,0,620,27.5,58.6
synthetic_000865,ESP32_GREENHOUSE_01,2026-04-24T07:12:00.000Z,15,30.65,29.9,30.8,30.9,71.98,71.4,73.0,72.3,97.3,183.5,94.0,LIGHT_ACTIVITY,52.6,52.8,4,2007,99.9,90.8,0,11,0,0,30.5,71.3,94.0,Light Activity,1,2007,103.5,52.8
synthetic_000635,ESP32_GREENHOUSE_01,2026-04-24T05:17:00.000Z,15,30.08,29.4,30.6,29.9,71.97,71.0,73.3,71.9,96.8,109.6,99.2,LIGHT_ACTIVITY,54.3,54.2,2,2117,66.1,73.6,0,9,2,0,30.2,71.2,99.2,Light Activity,0,2117,62.3,54.2
synthetic_001953,ESP32_GREENHOUSE_01,2026-04-24T16:16:00.000Z,15,31.58,31.5,31.8,31.4,65.1,64.6,66.5,65.4,485.6,605.2,447.1,CRYING,29.2,30.7,12,16840,465.1,456.7,0,0,1,12,31.5,64.3,447.1,CRYING,1,16840,464.3,30.7
synthetic_001804,ESP32_GREENHOUSE_01,2026-04-24T15:01:30.000Z,15,31.71,30.9,32.3,31.9,65.05,63.8,65.4,66.0,631.4,720.8,648.8,CRYING,23.1,22.4,12,18371,500,496.3,0,0,1,13,31.6,64.8,648.8,CRYING,1,18371,499.4,22.4
synthetic_000526,ESP32_GREENHOUSE_01,2026-04-24T04:22:30.000Z,14,29.86,29.1,30.5,29.6,70.76,69.6,71.2,70.4,18.2,72.0,10.5,QUIET,58.7,59.0,0,595,58.1,55.9,14,2,0,0,29.8,70.6,10.5,Quiet,0,595,62.2,59.0
synthetic_002184,ESP32_GREENHOUSE_01,2026-04-24T18:11:30.000Z,14,30.62,29.9,31.1,30.5,68.45,67.8,69.7,68.7,527.3,826.6,501.3,CRYING,28.1,29.1,12,15800,384.0,385.6,0,0,0,15,30.5,67.7,501.3,CRYING,1,15800,388.3,29.1
synthetic_000873,ESP32_GREENHOUSE_01,2026-04-24T07:16:00.000Z,14,30.61,30.3,30.9,30.6,71.52,71.0,71.9,70.7,89.2,141.6,84.3,LIGHT_ACTIVITY,48.4,48.5,6,7399,127.0,120.5,3,11,1,0,30.7,70.7,84.3,Light Activity,1,7399,122.9,48.5
synthetic_000330,ESP32_GREENHOUSE_01,2026-04-24T02:44:30.000Z,15,29.29,28.8,29.7,29.1,69.83,68.7,70.6,70.7,30.2,61.0,31.1,QUIET,60.4,60.4,1,579,62.3,63.4,14,2,0,0,29.5,70.1,31.1,Quiet,0,579,61.7,60.4
synthetic_000492,ESP32_GREENHOUSE_01,2026-04-24T04:05:30.000Z,14,29.76,29.4,30.1,30.1,73.4,73.4,74.1,73.8,23.7,46.0,14.9,QUIET,57.1,57.5,2,1014,20.1,12.4,13,0,0,0,29.6,73.6,14.9,Quiet,0,1014,16.3,57.5
synthetic_002292,ESP32_GREENHOUSE_01,2026-04-24T19:05:30.000Z,15,29.67,29.2,30.2,29.4,65.23,64.8,66.1,65.1,565.6,649.5,649.0,CRYING,31.3,28.0,12,20728,272.0,281.2,0,0,2,15,29.8,65.1,649.0,CRYING,1,20728,273.5,28.0
synthetic_001530,ESP32_GREENHOUSE_01,2026-04-24T12:44:30.000Z,15,32.47,32.2,32.8,32.5,64.23,63.3,64.4,63.9,217.5,223.3,168.4,RESTLESS,42.7,44.6,6,11508,434.7,434.7,0,2,10,1,32.6,63.8,168.4,Restless,1,11508,433.4,44.6
synthetic_001896,ESP32_GREENHOUSE_01,2026-04-24T15:47:30.000Z,15,31.96,31.6,32.5,32.0,63.7,62.3,64.5,64.2,879.8,1023,965.2,CRYING,13.5,10.2,11,26748,431.8,423.0,0,0,2,15,32.0,64.0,965.2,CRYING,1,26748,435.6,10.2
synthetic_000951,ESP32_GREENHOUSE_01,2026-04-24T07:55:00.000Z,14,31.11,30.7,31.7,31.4,73.67,72.2,73.8,72.7,80.1,169.9,78.1,LIGHT_ACTIVITY,46.0,46.0,4,5237,99.8,95.6,2,9,2,0,31.2,72.9,78.1,Light Activity,1,5237,99.2,46.0
synthetic_001787,ESP32_GREENHOUSE_01,2026-04-24T14:53:00.000Z,15,32.43,31.7,32.6,32.3,65.34,64.2,66.3,64.8,180.9,316.1,165.3,RESTLESS,43.5,44.1,11,10214,484.0,483.7,0,1,12,0,32.6,65.1,165.3,Restless,1,10214,481.5,44.1
synthetic_001557,ESP32_GREENHOUSE_01,2026-04-24T12:58:00.000Z,14,31.87,31.1,32.0,32.0,70.73,70.3,71.9,69.9,196.5,294.1,188.2,RESTLESS,36.1,36.4,5,20128,453.5,446.0,0,4,9,2,31.7,70.5,188.2,Restless,1,20128,455.4,36.4
synthetic_000588,ESP32_GREENHOUSE_01,2026-04-24T04:53:30.000Z,14,29.8,29.1,30.0,29.5,69.1,68.3,69.3,69.0,34.4,49.7,26.1,QUIET,59.3,59.6,1,1494,11.1,1.9,14,0,0,0,29.8,68.5,26.1,Quiet,0,1494,13.5,59.6
synthetic_000496,ESP32_GREENHOUSE_01,2026-04-24T04:07:30.000Z,15,29.57,29.2,30.0,29.7,71.67,70.8,73.1,72.2,13.9,44.9,22.0,QUIET,59.1,58.8,1,806,63.4,63.9,12,2,0,0,29.4,71.3,22.0,Quiet,0,806,68.0,58.8
synthetic_000975,ESP32_GREENHOUSE_01,2026-04-24T08:07:00.000Z,14,31.69,30.9,32.5,31.8,70.54,69.4,71.9,69.9,94.1,165.0,88.6,LIGHT_ACTIVITY,50.8,51.0,5,1579,200.6,207.6,1,10,1,0,31.8,70.9,88.6,Light Activity,1,1579,201.8,51.0
synthetic_000055,ESP32_GREENHOUSE_01,2026-04-24T00:27:00.000Z,14,28.74,28.3,29.4,28.7,70.91,70.7,71.0,71.8,18.1,58.6,23.3,QUIET,61.8,61.5,1,137,20.7,21.9,12,0,0,0,28.8,70.7,23.3,Quiet,0,137,24.4,61.5
synthetic_002307,ESP32_GREENHOUSE_01,2026-04-24T19:13:00.000Z,14,30.04,29.5,30.7,30.1,66.96,66.1,67.9,67.5,392.5,817.5,413.1,CRYING,35.9,35.1,14,19470,314.4,320.2,0,0,0,15,29.9,67.6,413.1,CRYING,1,19470,317.1,35.1
synthetic_001486,ESP32_GREENHOUSE_01,2026-04-24T12:22:30.000Z,15,32.23,32.0,32.9,32.3,69.81,68.5,70.7,70.0,185.3,307.2,169.1,RESTLESS,41.1,41.8,10,10531,463.5,465.9,1,1,8,2,32.2,69.2,169.1,Restless,1,10531,468.1,41.8
synthetic_000325,ESP32_GREENHOUSE_01,2026-04-24T02:42:00.000Z,15,28.27,27.6,28.5,28.2,74.56,74.3,75.9,75.4,36.2,37.2,41.4,QUIET,60.1,59.9,2,273,43.5,51.2,14,0,0,0,28.2,75.5,41.4,Quiet,0,273,47.7,59.9
synthetic_000361,ESP32_GREENHOUSE_01,2026-04-24T03:00:00.000Z,14,29.51,29.0,30.3,29.4,73.64,72.6,74.2,73.2,32.4,46.8,36.3,QUIET,57.3,57.2,0,1484,58.9,64.0,14,1,0,0,29.5,73.1,36.3,Quiet,0,1484,63.7,57.2
synthetic_000422,ESP32_GREENHOUSE_01,2026-04-24T03:30:30.000Z,15,28.7,28.2,29.3,29.0,75.16,74.8,76.1,74.3,49.3,58.1,40.4,QUIET,58.0,58.3,1,959,40.7,36.8,14,1,0,0,28.8,75.9,40.4,Quiet,0,959,42.0,58.3
synthetic_000095,ESP32_GREENHOUSE_01,2026-04-24T00:47:00.000Z,15,28.54,28.0,29.1,28.8,71.94,71.4,72.3,72.9,22.9,73.2,31.6,QUIET,61.5,61.1,1,327,18.3,17.9,15,2,0,0,28.5,72.9,31.6,Quiet,0,327,17.0,61.1
synthetic_001538,ESP32_GREENHOUSE_01,2026-04-24T12:48:30.000Z,15,31.67,31.3,32.4,31.7,67.61,67.5,68.0,68.2,107.9,380.7,113.4,RESTLESS,42.1,41.9,9,19718,480.9,471.1,0,2,9,2,31.5,67.1,113.4,Restless,1,19718,484.3,41.9
synthetic_000111,ESP32_GREENHOUSE_01,2026-04-24T00:55:00.000Z,14,29.25,29.1,29.5,29.4,68.38,67.4,69.5,68.0,39.6,54.4,30.8,QUIET,61.1,61.4,0,1266,56.2,48.3,14,0,0,0,29.1,68.0,30.8,Quiet,0,1266,54.8,61.4
synthetic_001981,ESP32_GREENHOUSE_01,2026-04-24T16:30:00.000Z,14,31.4,30.7,31.7,31.3,63.81,63.5,64.9,64.3,428.7,677.1,536.6,CRYING,32.7,28.5,8,27848,423.3,430.1,0,0,1,15,31.2,64.0,536.6,CRYING,1,27848,418.4,28.5
synthetic_000159,ESP32_GREENHOUSE_01,2026-04-24T01:19:00.000Z,15,28.97,28.8,29.3,28.8,69.76,69.2,70.5,69.6,42.4,62.6,33.8,QUIET,60.9,61.2,0,118,22.2,30.7,13,0,0,0,29.0,69.2,33.8,Quiet,0,118,22.1,61.2
synthetic_000762,ESP32_GREENHOUSE_01,2026-04-24T06:20:30.000Z,14,30.33,29.8,31.1,30.4,72.61,72.5,73.2,72.1,103.5,203.3,99.7,LIGHT_ACTIVITY,47.9,48.0,7,5863,73.8,77.5,2,12,0,0,30.5,72.0,99.7,Light Activity,1,5863,76.4,48.0
synthetic_002279,ESP32_GREENHOUSE_01,2026-04-24T18:59:00.000Z,15,30.13,29.5,30.5,30.1,74.27,72.9,75.1,74.6,419.5,1002.4,448.0,CRYING,30.1,29.0,10,28554,394.5,384.9,0,0,1,12,30.3,74.7,448.0,CRYING,1,28554,393.8,29.0
synthetic_001021,ESP32_GREENHOUSE_01,2026-04-24T08:30:00.000Z,15,31.26,30.5,31.5,31.3,69.96,69.0,70.1,69.8,81.1,169.5,85.6,LIGHT_ACTIVITY,47.8,47.6,2,6910,226.3,216.3,0,12,0,0,31.4,70.3,85.6,Light Activity,0,6910,228.5,47.6
synthetic_000926,ESP32_GREENHOUSE_01,2026-04-24T07:42:30.000Z,15,31.03,30.8,31.7,30.8,69.53,68.6,69.9,69.3,81.1,218.4,68.4,LIGHT_ACTIVITY,48.7,49.2,3,6353,107.9,113.8,3,13,0,0,30.9,70.3,68.4,Light Activity,0,6353,103.4,49.2
synthetic_001856,ESP32_GREENHOUSE_01,2026-04-24T15:27:30.000Z,15,31.82,31.3,32.6,32.1,66.66,65.4,67.3,67.3,736.8,870.9,799.9,CRYING,17.7,15.2,11,16147,500,493.0,0,0,2,12,31.8,67.2,799.9,CRYING,1,16147,503.0,15.2
synthetic_001761,ESP32_GREENHOUSE_01,2026-04-24T14:40:00.000Z,15,32.54,32.0,32.7,32.4,63.91,63.5,64.6,63.6,188.3,301.0,145.8,RESTLESS,38.9,40.6,9,15822,500,508.0,1,4,10,0,32.4,64.6,145.8,Restless,1,15822,501.2,40.6
synthetic_001101,ESP32_GREENHOUSE_01,2026-04-24T09:10:00.000Z,15,32.25,31.8,33.0,32.5,74.41,73.9,74.8,74.7,72.7,204.7,82.7,LIGHT_ACTIVITY,47.6,47.2,5,4538,276.3,267.5,2,13,0,0,32.4,74.2,82.7,Light Activity,1,4538,272.4,47.2
synthetic_001570,ESP32_GREENHOUSE_01,2026-04-24T13:04:30.000Z,15,32.13,31.6,32.7,32.0,63.5,62.3,64.4,64.0,125.8,306.1,179.3,RESTLESS,42.7,40.6,7,19234,500,497.1,0,4,8,1,32.2,64.2,179.3,Restless,1,19234,502.3,40.6
synthetic_000003,ESP32_GREENHOUSE_01,2026-04-24T00:01:00.000Z,15,28.64,28.1,29.0,28.6,70.22,69.9,70.6,71.1,35.1,47.5,35.9,QUIET,61.8,61.8,0,206,79.0,82.0,15,1,0,0,28.7,69.6,35.9,Quiet,0,206,81.3,61.8
synthetic_000017,ESP32_GREENHOUSE_01,2026-04-24T00:08:00.000Z,15,28.39,27.7,28.8,28.5,73.73,72.6,74.1,73.0,9.0,46.0,18.8,QUIET,61.3,60.9,0,844,21.4,25.4,12,0,0,0,28.3,72.8,18.8,Quiet,0,844,21.1,60.9
synthetic_001001,ESP32_GREENHOUSE_01,2026-04-24T08:20:00.000Z,15,31.82,31.2,32.4,31.9,71.75,71.5,73.1,71.3,72.0,197.6,64.3,LIGHT_ACTIVITY,45.5,45.8,2,7684,244.9,238.3,0,13,0,0,31.8,71.9,64.3,Light Activity,0,7684,242.4,45.8
synthetic_000471,ESP32_GREENHOUSE_01,2026-04-24T03:55:00.000Z,15,29.31,29.0,30.0,29.4,71.17,69.7,71.7,70.2,18.2,43.6,11.2,QUIET,60.0,60.3,0,69,14.5,8.1,14,2,0,0,29.2,71.8,11.2,Quiet,0,69,13.1,60.3
synthetic_002074,ESP32_GREENHOUSE_01,2026-04-24T17:16:30.000Z,15,31.34,30.9,31.9,31.1,61.93,61.0,62.8,61.5,720.4,720.4,675.0,CRYING,22.6,24.4,10,21927,347.5,338.5,0,0,2,15,31.3,61.7,675.0,CRYING,1,21927,347.3,24.4
synthetic_001956,ESP32_GREENHOUSE_01,2026-04-24T16:17:30.000Z,15,31.69,31.4,32.5,32.0,66.92,66.0,67.2,66.9,520.7,1010.5,493.7,CRYING,26.3,27.4,13,15949,439.3,429.6,0,0,2,12,31.7,67.7,493.7,CRYING,1,15949,439.4,27.4
synthetic_001371,ESP32_GREENHOUSE_01,2026-04-24T11:25:00.000Z,15,32.48,31.9,33.2,32.4,64.02,63.1,65.1,63.9,167.4,299.6,203.3,RESTLESS,39.7,38.3,10,18229,372.9,369.1,1,3,11,2,32.6,63.4,203.3,Restless,1,18229,369.4,38.3
synthetic_002259,ESP32_GREENHOUSE_01,2026-04-24T18:49:00.000Z,15,30.3,30.1,30.8,30.3,64.92,64.0,65.2,65.7,417.6,912.9,410.2,CRYING,35.5,35.8,15,16822,294.0,293.3,0,0,1,13,30.2,65.8,410.2,CRYING,1,16822,296.8,35.8
synthetic_001465,ESP32_GREENHOUSE_01,2026-04-24T12:12:00.000Z,14,32.55,32.4,33.2,32.4,61.31,60.0,61.9,62.2,212.1,303.7,247.8,RESTLESS,44.6,43.2,7,10655,486.0,479.3,0,1,9,2,32.6,60.8,247.8,Restless,1,10655,485.4,43.2
synthetic_000222,ESP32_GREENHOUSE_01,2026-04-24T01:50:30.000Z,14,28.57,28.1,29.4,28.6,76.36,75.3,76.8,76.0,35.2,69.8,42.3,QUIET,58.2,57.9,2,68,41.0,43.6,13,1,0,0,28.4,77.2,42.3,Quiet,0,68,41.2,57.9
synthetic_001721,ESP32_GREENHOUSE_01,2026-04-24T14:20:00.000Z,15,32.3,31.6,32.5,32.1,65.21,65.0,65.9,66.2,181.7,466.4,202.9,RESTLESS,38.9,38.1,11,20710,500,497.0,1,4,10,1,32.2,65.2,202.9,Restless,1,20710,498.6,38.1
synthetic_002254,ESP32_GREENHOUSE_01,2026-04-24T18:46:30.000Z,15,30.58,30.3,31.4,30.7,67.12,65.7,67.4,67.6,729.2,1022.1,585.1,CRYING,21.2,26.8,12,27889,375.7,382.6,0,0,2,15,30.6,67.7,585.1,CRYING,1,27889,379.9,26.8
synthetic_000665,ESP32_GREENHOUSE_01,2026-04-24T05:32:00.000Z,15,29.01,28.8,29.3,29.1,76.42,75.2,76.8,76.3,77.0,141.2,69.1,LIGHT_ACTIVITY,50.2,50.6,5,7854,27.4,31.4,1,12,0,0,29.2,75.6,69.1,Light Activity,1,7854,23.8,50.6
synthetic_000066,ESP32_GREENHOUSE_01,2026-04-24T00:32:30.000Z,15,29.8,29.7,30.1,30.1,68.07,67.6,69.2,67.5,33.0,68.0,39.7,QUIET,60.0,59.7,0,1323,73.9,83.9,15,2,0,0,29.7,67.7,39.7,Quiet,0,1323,76.8,59.7
synthetic_002080,ESP32_GREENHOUSE_01,2026-04-24T17:19:30.000Z,15,31.34,31.2,31.7,31.5,64.9,64.2,66.1,65.2,481.8,1023,597.0,CRYING,30.1,25.6,9,20970,418.7,414.0,0,0,2,15,31.2,64.4,597.0,CRYING,1,20970,423.1,25.6
synthetic_001044,ESP32_GREENHOUSE_01,2026-04-24T08:41:30.000Z,15,31.7,31.6,32.4,31.4,67.51,67.2,68.1,67.0,72.1,192.7,70.8,LIGHT_ACTIVITY,53.5,53.5,5,1548,194.7,201.3,1,12,2,0,31.6,66.8,70.8,Light Activity,1,1548,195.0,53.5
synthetic_000785,ESP32_GREENHOUSE_01,2026-04-24T06:32:00.000Z,14,30.75,30.3,31.5,30.5,71.17,70.8,71.4,70.7,77.1,173.3,80.1,LIGHT_ACTIVITY,48.7,48.5,6,6574,50,53.0,0,12,2,0,30.9,70.9,80.1,Light Activity,1,6574,47.6,48.5
synthetic_000431,ESP32_GREENHOUSE_01,2026-04-24T03:35:00.000Z,15,29.45,28.7,30.0,29.3,70.58,69.2,70.9,69.6,23.1,70.9,23.7,QUIET,59.8,59.8,1,225,55.1,58.3,14,1,0,0,29.4,70.2,23.7,Quiet,0,225,52.9,59.8
synthetic_000161,ESP32_GREENHOUSE_01,2026-04-24T01:20:00.000Z,15,28.62,28.2,29.0,28.5,71.22,70.8,71.9,71.6,31.2,34.9,44.4,QUIET,61.4,60.9,1,1245,10.6,17.1,14,2,0,0,28.6,70.4,44.4,Quiet,0,1245,10.7,60.9
synthetic_002389,ESP32_GREENHOUSE_01,2026-04-24T19:54:00.000Z,14,30.01,29.6,30.6,30.0,67.73,67.3,68.4,68.3,490.1,733.7,506.1,CRYING,31.7,31.1,9,22810,219.2,220.0,0,0,0,15,30.2,68.3,506.1,CRYING,1,22810,223.9,31.1
synthetic_001040,ESP32_GREENHOUSE_01,2026-04-24T08:39:30.000Z,15,31.56,30.8,31.7,31.4,74.59,73.1,75.7,74.8,104.1,143.2,98.1,LIGHT_ACTIVITY,43.2,43.4,2,7743,199.8,202.1,3,12,0,0,31.6,75.0,98.1,Light Activity,0,7743,201.7,43.4
synthetic_001403,ESP32_GREENHOUSE_01,2026-04-24T11:41:00.000Z,15,32.28,32.2,32.6,32.3,70.59,70.0,71.5,71.3,226.4,245.3,289.6,RESTLESS,33.9,31.4,11,20640,401.3,399.2,0,1,11,1,32.4,70.1,289.6,Restless,1,20640,403.5,31.4
synthetic_001322,ESP32_GREENHOUSE_01,2026-04-24T11:00:30.000Z,14,32.19,31.4,32.9,32.2,67.28,66.6,68.4,67.2,133.9,368.9,108.8,RESTLESS,39.8,40.8,6,15656,438.4,447.4,0,2,11,0,32.3,66.7,108.8,Restless,1,15656,438.2,40.8
synthetic_001912,ESP32_GREENHOUSE_01,2026-04-24T15:55:30.000Z,15,32.1,31.9,32.8,32.3,64.31,62.9,64.4,64.4,687.5,717.3,632.1,CRYING,20.3,22.5,9,29675,482.1,481.2,0,0,2,13,32.3,64.3,632.1,CRYING,1,29675,482.9,22.5
synthetic_000198,ESP32_GREENHOUSE_01,2026-04-24T01:38:30.000Z,14,28.26,27.7,28.6,28.1,74.3,74.1,75.2,73.6,54.8,62.2,46.7,QUIET,59.5,59.9,2,980,17.9,18.2,15,0,0,0,28.4,73.6,46.7,Quiet,0,980,14.6,59.9
synthetic_001344,ESP32_GREENHOUSE_01,2026-04-24T11:11:30.000Z,15,33.19,33.1,33.9,33.3,66.58,65.1,67.2,66.7,208.8,344.5,244.9,RESTLESS,36.5,35.1,5,17606,399.7,403.8,0,3,8,0,33.0,67.0,244.9,Restless,1,17606,396.7,35.1
synthetic_000699,ESP32_GREENHOUSE_01,2026-04-24T05:49:00.000Z,14,29.98,29.6,30.7,30.2,71.47,70.8,72.5,71.6,63.9,166.0,58.5,LIGHT_ACTIVITY,56.1,56.3,6,3740,61.6,62.4,3,13,2,0,30.1,70.6,58.5,Light Activity,1,3740,59.9,56.3
synthetic_002103,ESP32_GREENHOUSE_01,2026-04-24T17:31:00.000Z,15,30.8,30.0,31.0,30.8,65.23,63.9,66.5,64.9,374.8,980.4,110.9,CRYING,35.6,45.9,8,17251,451.2,459.9,0,0,2,15,30.6,64.3,110.9,CRYING,1,17251,455.1,45.9
synthetic_002234,ESP32_GREENHOUSE_01,2026-04-24T18:36:30.000Z,15,30.04,29.4,30.8,29.9,68.56,67.6,68.8,67.6,375.1,770.7,565.9,CRYING,35.6,28.2,9,24320,361.4,359.1,0,0,2,13,30.1,69.2,565.9,CRYING,1,24320,360.0,28.2
synthetic_000373,ESP32_GREENHOUSE_01,2026-04-24T03:06:00.000Z,14,29.66,29.2,29.9,29.6,72.98,72.0,74.3,72.7,25.6,25.6,20.8,QUIET,57.6,57.8,1,20,79.3,88.8,12,1,0,0,29.5,72.5,20.8,Quiet,0,20,76.5,57.8
synthetic_000078,ESP32_GREENHOUSE_01,2026-04-24T00:38:30.000Z,14,29.02,28.5,29.3,28.9,73.06,72.8,74.1,73.5,32.9,65.5,29.0,QUIET,59.0,59.2,1,1367,69.2,62.7,14,2,0,0,29.0,72.5,29.0,Quiet,0,1367,74.1,59.2
synthetic_002237,ESP32_GREENHOUSE_01,2026-04-24T18:38:00.000Z,14,29.96,29.3,30.7,29.7,66.98,66.1,67.1,66.3,612.2,691.9,529.9,CRYING,27.6,30.8,13,23239,315.8,313.9,0,0,0,15,30.2,66.9,529.9,CRYING,1,23239,312.1,30.8
synthetic_002125,ESP32_GREENHOUSE_01,2026-04-24T17:42:00.000Z,15,31.53,30.7,31.7,31.6,65.76,64.6,66.8,66.7,725.4,725.4,844.7,CRYING,19.5,14.8,13,25185,343.5,343.8,0,0,1,14,31.7,64.8,844.7,CRYING,1,25185,345.8,14.8
synthetic_000164,ESP32_GREENHOUSE_01,2026-04-24T01:21:30.000Z,14,29.0,28.4,29.6,29.0,69.11,67.7,70.5,69.9,33.0,48.3,26.7,QUIET,61.6,61.8,0,601,71.4,74.5,12,1,0,0,28.9,68.6,26.7,Quiet,0,601,75.1,61.8
synthetic_001922,ESP32_GREENHOUSE_01,2026-04-24T16:00:30.000Z,14,31.64,31.0,32.2,31.7,63.53,63.0,64.4,63.0,606.1,606.1,759.4,CRYING,25.3,19.3,12,19610,447.7,442.8,0,0,2,14,31.5,63.6,759.4,CRYING,1,19610,451.6,19.3
synthetic_000189,ESP32_GREENHOUSE_01,2026-04-24T01:34:00.000Z,14,28.93,28.6,29.4,28.8,72.54,71.5,73.4,72.1,18.3,58.7,15.9,QUIET,60.2,60.3,0,1199,60.4,68.9,12,2,0,0,28.9,73.2,15.9,Quiet,0,1199,55.7,60.3
synthetic_002019,ESP32_GREENHOUSE_01,2026-04-24T16:49:00.000Z,15,31.71,31.0,32.5,32.0,64.76,64.6,65.3,65.6,568.5,869.2,463.0,CRYING,25.8,29.9,9,28943,461.8,461.5,0,0,2,15,31.8,64.7,463.0,CRYING,1,28943,457.5,29.9
synthetic_001207,ESP32_GREENHOUSE_01,2026-04-24T10:03:00.000Z,14,31.76,31.5,32.0,31.6,68.41,67.1,68.6,68.5,204.9,285.3,184.6,RESTLESS,37.6,38.3,6,19277,281.6,284.6,0,1,11,2,31.7,67.9,184.6,Restless,1,19277,279.6,38.3
synthetic_000091,ESP32_GREENHOUSE_01,2026-04-24T00:45:00.000Z,14,28.29,28.2,28.7,28.4,70.58,70.4,71.7,69.6,5.4,48.3,5,QUIET,63.7,63.7,2,1087,27.0,28.0,13,2,0,0,28.5,70.4,5,Quiet,0,1087,31.4,63.7
synthetic_001695,ESP32_GREENHOUSE_01,2026-04-24T14:07:00.000Z,15,32.01,31.6,32.7,32.2,64.91,64.3,65.2,65.1,157.2,336.6,157.3,RESTLESS,45.9,45.9,9,9185,500,491.5,1,1,12,2,32.1,65.2,157.3,Restless,1,9185,500.1,45.9
synthetic_001162,ESP32_GREENHOUSE_01,2026-04-24T09:40:30.000Z,14,31.65,31.1,32.0,31.4,69.75,68.6,70.3,69.8,92.5,156.7,74.5,LIGHT_ACTIVITY,46.4,47.1,2,6592,235.8,238.7,1,9,1,0,31.7,70.4,74.5,Light Activity,0,6592,232.2,47.1
synthetic_001404,ESP32_GREENHOUSE_01,2026-04-24T11:41:30.000Z,14,32.3,32.0,32.4,32.3,64.04,63.7,64.4,63.5,205.1,306.3,202.0,RESTLESS,38.8,38.9,10,16567,417.9,408.5,0,1,12,1,32.4,63.7,202.0,Restless,1,16567,418.2,38.9
synthetic_000504,ESP32_GREENHOUSE_01,2026-04-24T04:11:30.000Z,14,29.32,29.1,29.9,29.6,74.59,73.4,75.4,75.6,7.9,82.3,5,QUIET,58.2,58.3,0,487,40.6,30.9,13,0,0,0,29.4,75.2,5,Quiet,0,487,36.4,58.3
synthetic_002366,ESP32_GREENHOUSE_01,2026-04-24T19:42:30.000Z,14,30.09,29.6,30.5,30.2,68.03,66.5,69.2,68.4,636.2,738.9,584.6,CRYING,25.6,27.6,11,16146,266.4,259.6,0,0,0,14,30.1,67.9,584.6,CRYING,1,16146,262.3,27.6
synthetic_000627,ESP32_GREENHOUSE_01,2026-04-24T05:13:00.000Z,14,29.51,29.1,30.0,29.5,75.68,74.3,77.1,76.4,97.0,217.4,91.2,LIGHT_ACTIVITY,53.5,53.8,5,4570,63.5,61.7,2,10,1,0,29.4,75.4,91.2,Light Activity,1,4570,67.4,53.8
synthetic_000940,ESP32_GREENHOUSE_01,2026-04-24T07:49:30.000Z,14,30.95,30.4,31.6,31.2,71.65,70.9,72.0,71.6,99.4,99.4,113.1,LIGHT_ACTIVITY,46.9,46.4,4,7854,50,53.0,0,10,1,0,30.9,71.7,113.1,Light Activity,1,7854,52.3,46.4
synthetic_000354,ESP32_GREENHOUSE_01,2026-04-24T02:56:30.000Z,15,29.08,28.9,29.2,29.1,72.22,71.8,72.9,71.9,28.7,57.6,22.6,QUIET,59.6,59.8,0,1001,29.8,27.3,12,0,0,0,29.2,72.9,22.6,Quiet,0,1001,26.1,59.8
synthetic_001187,ESP32_GREENHOUSE_01,2026-04-24T09:53:00.000Z,14,32.31,31.9,32.5,32.2,67.7,67.2,67.7,68.7,65.7,165.2,59.3,LIGHT_ACTIVITY,46.9,47.2,5,6771,246.2,236.3,2,11,2,0,32.4,67.5,59.3,Light Activity,1,6771,249.3,47.2
synthetic_000088,ESP32_GREENHOUSE_01,2026-04-24T00:43:30.000Z,15,28.53,28.3,29.1,28.5,74.81,73.6,76.2,75.6,26.3,38.7,33.9,QUIET,59.6,59.3,0,38,59.0,63.7,15,1,0,0,28.4,74.1,33.9,Quiet,0,38,56.1,59.3
synthetic_001903,ESP32_GREENHOUSE_01,2026-04-24T15:51:00.000Z,14,31.91,31.5,32.4,32.2,59.81,58.7,60.8,60.7,567.1,567.1,516.7,CRYING,28.3,30.3,8,22988,500,497.7,0,0,0,14,31.8,59.7,516.7,CRYING,1,22988,496.8,30.3
synthetic_001408,ESP32_GREENHOUSE_01,2026-04-24T11:43:30.000Z,15,32.69,32.5,32.9,32.6,65.97,65.6,66.5,65.1,137.2,331.5,153.5,RESTLESS,39.7,39.0,6,20276,449.8,448.1,1,3,8,1,32.6,65.2,153.5,Restless,1,20276,448.7,39.0
synthetic_000287,ESP32_GREENHOUSE_01,2026-04-24T02:23:00.000Z,14,28.43,28.0,28.8,28.6,75.4,74.4,75.5,75.4,21.9,69.0,28.1,QUIET,59.7,59.4,0,82,10.4,2.1,15,2,0,0,28.5,75.8,28.1,Quiet,0,82,9.5,59.4
synthetic_001632,ESP32_GREENHOUSE_01,2026-04-24T13:35:30.000Z,14,32.58,32.1,33.1,32.7,65.7,65.1,66.9,65.0,170.2,341.5,139.6,RESTLESS,38.5,39.7,11,21042,500,495.0,1,2,9,2,32.8,66.4,139.6,Restless,1,21042,503.3,39.7
synthetic_000574,ESP32_GREENHOUSE_01,2026-04-24T04:46:30.000Z,15,29.02,28.6,29.2,29.0,72.56,71.8,74.0,72.2,40.0,40.0,43.0,QUIET,59.1,59.0,0,515,62.9,70.2,15,2,0,0,28.9,72.1,43.0,Quiet,0,515,63.5,59.0
synthetic_001402,ESP32_GREENHOUSE_01,2026-04-24T11:40:30.000Z,14,32.07,31.4,32.6,32.3,69.08,68.3,69.2,69.4,138.1,311.4,131.6,RESTLESS,43.9,44.1,8,9232,390.1,397.2,1,2,8,1,32.2,69.6,131.6,Restless,1,9232,388.3,44.1
synthetic_001086,ESP32_GREENHOUSE_01,2026-04-24T09:02:30.000Z,14,31.18,30.8,31.9,31.4,67.08,67.0,68.1,66.9,73.3,143.5,63.0,LIGHT_ACTIVITY,55.2,55.6,6,2441,281.8,282.8,3,9,1,0,31.2,68.0,63.0,Light Activity,1,2441,285.7,55.6
synthetic_001491,ESP32_GREENHOUSE_01,2026-04-24T12:25:00.000Z,14,32.89,32.4,33.1,32.7,63.69,63.1,64.1,63.2,171.5,380.6,144.1,RESTLESS,39.7,40.8,9,16396,500,496.6,1,1,10,2,32.9,64.4,144.1,Restless,1,16396,501.0,40.8
synthetic_000292,ESP32_GREENHOUSE_01,2026-04-24T02:25:30.000Z,15,28.67,27.9,29.1,28.4,76.55,76.0,77.2,76.8,27.8,60.6,27.0,QUIET,58.0,58.1,0,1066,44.7,40.5,12,1,0,0,28.5,77.3,27.0,Quiet,0,1066,42.0,58.1
synthetic_000169,ESP32_GREENHOUSE_01,2026-04-24T01:24:00.000Z,14,28.97,28.8,29.2,28.9,72.69,72.5,73.1,73.1,23.7,34.4,17.6,QUIET,59.8,60.0,0,1355,51.6,45.7,12,2,0,0,29.0,71.7,17.6,Quiet,0,1355,50.8,60.0
synthetic_000497,ESP32_GREENHOUSE_01,2026-04-24T04:08:00.000Z,14,29.57,28.8,30.2,29.7,73.95,73.6,75.3,73.3,20.0,68.6,18.5,QUIET,57.5,57.5,0,1022,16.8,24.6,15,1,0,0,29.7,73.8,18.5,Quiet,0,1022,12.4,57.5
synthetic_001860,ESP32_GREENHOUSE_01,2026-04-24T15:29:30.000Z,14,31.56,31.2,32.0,31.5,67.25,66.1,67.5,67.3,528.9,645.0,468.0,CRYING,26.2,28.6,8,16061,500,507.6,0,0,1,12,31.7,67.1,468.0,CRYING,1,16061,497.9,28.6
synthetic_000797,ESP32_GREENHOUSE_01,2026-04-24T06:38:00.000Z,15,30.52,30.1,30.7,30.7,73.93,72.7,74.5,73.1,73.6,173.1,72.5,LIGHT_ACTIVITY,47.7,47.8,4,5924,50,51.9,0,12,1,0,30.4,74.2,72.5,Light Activity,1,5924,45.8,47.8
synthetic_000616,ESP32_GREENHOUSE_01,2026-04-24T05:07:30.000Z,14,29.59,29.3,30.1,29.5,73.11,72.5,73.8,73.1,95.2,121.3,93.5,LIGHT_ACTIVITY,55.0,55.0,3,3814,48.2,44.6,2,10,1,0,29.6,72.9,93.5,Light Activity,0,3814,48.2,55.0
synthetic_001555,ESP32_GREENHOUSE_01,2026-04-24T12:57:00.000Z,15,32.06,31.8,32.4,32.0,64.16,63.5,64.4,63.3,173.1,294.7,209.6,RESTLESS,40.6,39.2,7,15340,431.6,431.0,0,3,10,0,32.1,64.7,209.6,Restless,1,15340,428.6,39.2
synthetic_001946,ESP32_GREENHOUSE_01,2026-04-24T16:12:30.000Z,15,31.25,30.8,31.5,31.3,64.26,63.4,65.6,63.3,477.8,743.4,378.6,CRYING,30.9,34.8,8,18642,473.2,463.4,0,0,1,13,31.4,63.9,378.6,CRYING,1,18642,472.1,34.8
synthetic_000549,ESP32_GREENHOUSE_01,2026-04-24T04:34:00.000Z,14,29.14,28.4,29.9,29.4,75.53,74.1,75.8,76.5,34.6,51.2,47.2,QUIET,57.1,56.6,2,820,28.9,33.9,12,0,0,0,29.0,75.2,47.2,Quiet,0,820,33.5,56.6
synthetic_000364,ESP32_GREENHOUSE_01,2026-04-24T03:01:30.000Z,14,30.12,29.3,30.7,29.9,71.29,70.9,72.0,70.6,10.7,58.0,6.7,QUIET,57.9,58.1,1,1441,12.6,6.5,13,0,0,0,30.2,71.6,6.7,Quiet,0,1441,13.6,58.1
synthetic_001024,ESP32_GREENHOUSE_01,2026-04-24T08:31:30.000Z,15,31.53,31.4,32.3,31.4,70.08,69.5,70.3,70.6,90.1,188.1,100.0,LIGHT_ACTIVITY,51.6,51.3,7,1981,224.0,227.8,1,13,1,0,31.3,69.8,100.0,Light Activity,1,1981,226.0,51.3
synthetic_001134,ESP32_GREENHOUSE_01,2026-04-24T09:26:30.000Z,14,31.68,31.0,32.2,31.5,72.26,71.9,73.3,72.0,82.2,167.6,83.2,LIGHT_ACTIVITY,45.2,45.1,4,5405,301.9,304.4,0,12,2,0,31.8,72.1,83.2,Light Activity,1,5405,300.8,45.1
synthetic_001209,ESP32_GREENHOUSE_01,2026-04-24T10:04:00.000Z,14,32.58,32.3,32.9,32.3,65.61,64.7,65.7,66.4,185.7,263.5,177.6,RESTLESS,43.0,43.3,6,11154,324.8,318.4,1,1,10,1,32.7,65.9,177.6,Restless,1,11154,328.0,43.3
synthetic_001160,ESP32_GREENHOUSE_01,2026-04-24T09:39:30.000Z,14,31.96,31.3,32.7,32.1,69.34,69.0,69.7,70.1,86.3,163.9,87.8,LIGHT_ACTIVITY,46.1,46.0,3,5559,253.6,260.5,0,12,2,0,32.1,69.1,87.8,Light Activity,0,5559,255.7,46.0
synthetic_001962,ESP32_GREENHOUSE_01,2026-04-24T16:20:30.000Z,14,31.61,30.8,32.3,31.6,66.51,65.3,67.3,66.8,747.9,1023,796.4,CRYING,17.9,16.0,14,23492,500,505.0,0,0,2,13,31.4,66.2,796.4,CRYING,1,23492,502.2,16.0
synthetic_001090,ESP32_GREENHOUSE_01,2026-04-24T09:04:30.000Z,15,32.19,32.0,32.5,32.1,69.23,68.7,70.6,68.5,83.2,163.4,87.1,LIGHT_ACTIVITY,50.6,50.4,4,1720,263.8,270.0,1,10,0,0,32.3,68.5,87.1,Light Activity,1,1720,262.6,50.4
synthetic_001835,ESP32_GREENHOUSE_01,2026-04-24T15:17:00.000Z,15,31.27,30.8,31.8,31.3,65.91,65.5,66.5,66.2,467.0,695.0,552.1,CRYING,30.2,26.9,10,25557,500,506.1,0,0,2,14,31.2,65.4,552.1,CRYING,1,25557,500.7,26.9
synthetic_001029,ESP32_GREENHOUSE_01,2026-04-24T08:34:00.000Z,14,31.1,30.4,31.4,30.8,73.62,72.2,74.7,74.5,88.2,186.7,77.9,LIGHT_ACTIVITY,50.7,51.1,3,2532,185.3,178.2,3,9,0,0,31.1,74.1,77.9,Light Activity,0,2532,181.0,51.1
synthetic_000680,ESP32_GREENHOUSE_01,2026-04-24T05:39:30.000Z,14,29.57,29.4,30.3,29.3,72.31,71.3,72.4,71.5,92.6,171.5,97.2,LIGHT_ACTIVITY,55.6,55.5,3,1797,47.2,55.8,3,11,0,0,29.6,71.9,97.2,Light Activity,0,1797,50.8,55.5
synthetic_001476,ESP32_GREENHOUSE_01,2026-04-24T12:17:30.000Z,15,31.89,31.6,32.3,32.0,67.45,67.4,68.5,67.8,173.7,254.5,197.6,RESTLESS,44.0,43.1,9,13238,500,505.0,0,2,10,0,31.9,67.1,197.6,Restless,1,13238,497.3,43.1
synthetic_000831,ESP32_GREENHOUSE_01,2026-04-24T06:55:00.000Z,14,30.55,30.4,30.9,30.6,72.95,71.9,74.4,72.1,93.4,179.8,90.2,LIGHT_ACTIVITY,47.5,47.6,6,7827,50,51.5,2,9,1,0,30.7,73.2,90.2,Light Activity,1,7827,53.4,47.6
synthetic_000596,ESP32_GREENHOUSE_01,2026-04-24T04:57:30.000Z,14,29.03,28.3,29.7,28.8,67.63,66.2,68.5,68.3,38.0,40.4,36.5,QUIET,62.2,62.3,0,205,21.7,17.3,13,2,0,0,29.2,68.5,36.5,Quiet,0,205,19.7,62.3
synthetic_000872,ESP32_GREENHOUSE_01,2026-04-24T07:15:30.000Z,14,30.88,30.8,31.4,30.7,70.1,69.3,70.6,69.3,91.7,126.8,92.6,LIGHT_ACTIVITY,53.4,53.4,4,4750,68.0,69.2,3,11,0,0,30.7,70.9,92.6,Light Activity,1,4750,63.7,53.4
synthetic_001730,ESP32_GREENHOUSE_01,2026-04-24T14:24:30.000Z,15,31.51,31.2,31.7,31.4,65.3,65.2,65.9,66.1,142.3,337.2,174.1,RESTLESS,42.6,41.4,9,17415,484.8,488.9,1,1,10,0,31.5,64.9,174.1,Restless,1,17415,487.7,41.4
synthetic_001889,ESP32_GREENHOUSE_01,2026-04-24T15:44:00.000Z,14,31.96,31.6,32.6,31.7,64.5,63.7,65.2,65.3,493.8,797.8,456.0,CRYING,28.1,29.6,12,15715,457.1,451.8,0,0,1,12,31.9,64.6,456.0,CRYING,1,15715,454.3,29.6
synthetic_002283,ESP32_GREENHOUSE_01,2026-04-24T19:01:00.000Z,14,30.27,29.8,31.0,30.6,65.49,64.9,66.1,66.1,487.4,699.7,539.8,CRYING,32.5,30.5,13,17108,327.0,318.6,0,0,2,13,30.4,64.9,539.8,CRYING,1,17108,324.1,30.5
synthetic_000854,ESP32_GREENHOUSE_01,2026-04-24T07:06:30.000Z,14,30.93,30.2,31.5,31.1,73.99,73.9,74.6,73.3,97.8,171.3,99.3,LIGHT_ACTIVITY,50.6,50.5,6,3287,84.1,85.4,0,9,1,0,31.1,73.4,99.3,Light Activity,1,3287,80.3,50.5
synthetic_001672,ESP32_GREENHOUSE_01,2026-04-24T13:55:30.000Z,14,32.36,32.2,32.6,32.5,68.76,67.3,69.9,68.5,240.0,320.1,244.6,RESTLESS,34.3,34.1,10,17737,454.5,463.2,1,4,11,2,32.4,68.1,244.6,Restless,1,17737,457.6,34.1
synthetic_000112,ESP32_GREENHOUSE_01,2026-04-24T00:55:30.000Z,15,28.67,28.2,29.2,28.8,74.01,72.7,74.0,73.8,34.3,54.2,37.5,QUIET,59.4,59.3,1,211,48.8,54.4,12,0,0,0,28.8,74.1,37.5,Quiet,0,211,53.7,59.3
synthetic_000407,ESP32_GREENHOUSE_01,2026-04-24T03:23:00.000Z,14,28.71,28.0,29.3,28.7,74.2,73.0,74.7,73.6,26.7,48.1,38.4,QUIET,59.4,59.0,1,1373,28.0,29.5,12,2,0,0,28.9,73.3,38.4,Quiet,0,1373,26.4,59.0
synthetic_001075,ESP32_GREENHOUSE_01,2026-04-24T08:57:00.000Z,15,31.63,31.5,32.4,31.5,73.1,72.4,73.8,72.7,92.6,175.0,78.2,LIGHT_ACTIVITY,49.4,49.9,5,4091,207.7,202.9,2,13,2,0,31.7,73.0,78.2,Light Activity,1,4091,207.7,49.9
synthetic_000958,ESP32_GREENHOUSE_01,2026-04-24T07:58:30.000Z,14,31.65,31.1,32.1,31.7,69.76,68.6,71.2,69.1,92.3,163.4,102.7,LIGHT_ACTIVITY,46.4,46.0,7,7807,50,57.8,0,13,0,0,31.5,69.8,102.7,Light Activity,1,7807,50.0,46.0
synthetic_000609,ESP32_GREENHOUSE_01,2026-04-24T05:04:00.000Z,14,30.19,30.0,30.5,30.5,78.69,78.3,79.1,79.5,95.5,131.5,85.9,LIGHT_ACTIVITY,44.8,45.2,5,6079,11.5,2.1,0,11,1,0,30.2,78.6,85.9,Light Activity,1,6079,14.1,45.2
synthetic_001175,ESP32_GREENHOUSE_01,2026-04-24T09:47:00.000Z,15,31.85,31.5,32.0,32.1,67.86,67.8,68.1,67.4,87.9,182.4,96.1,LIGHT_ACTIVITY,52.2,51.9,6,1759,262.2,261.5,2,9,2,0,31.9,66.9,96.1,Light Activity,1,1759,261.8,51.9
synthetic_002108,ESP32_GREENHOUSE_01,2026-04-24T17:33:30.000Z,15,30.47,29.9,31.1,30.5,64.22,64.1,64.8,63.7,549.7,736.1,517.0,CRYING,30.3,31.6,9,22268,434.6,442.8,0,0,2,13,30.3,64.2,517.0,CRYING,1,22268,432.1,31.6
synthetic_001666,ESP32_GREENHOUSE_01,2026-04-24T13:52:30.000Z,14,31.93,31.3,32.1,32.2,60.54,59.8,60.7,60.5,107.7,358.1,98.6,RESTLESS,45.8,46.2,7,18835,487.3,489.4,0,3,9,2,32.1,60.0,98.6,Restless,1,18835,486.2,46.2
synthetic_001905,ESP32_GREENHOUSE_01,2026-04-24T15:52:00.000Z,15,32.41,32.1,32.6,32.5,60.79,59.9,61.8,61.8,695.5,1023,730.4,CRYING,21.3,19.9,14,24268,500,508.3,0,0,0,14,32.4,61.2,730.4,CRYING,1,24268,500.7,19.9
synthetic_000818,ESP32_GREENHOUSE_01,2026-04-24T06:48:30.000Z,15,29.78,29.1,30.4,30.0,72.61,71.8,73.2,72.8,107.7,164.5,108.2,LIGHT_ACTIVITY,54.3,54.3,6,2510,50,50.3,1,13,1,0,29.6,73.4,108.2,Light Activity,1,2510,51.9,54.3
synthetic_000778,ESP32_GREENHOUSE_01,2026-04-24T06:28:30.000Z,14,30.18,29.9,30.7,30.4,71.48,70.3,72.9,72.1,73.0,167.6,78.5,LIGHT_ACTIVITY,50.2,50.0,7,7274,50,56.3,2,13,1,0,30.0,70.5,78.5,Light Activity,1,7274,54.8,50.0
synthetic_000126,ESP32_GREENHOUSE_01,2026-04-24T01:02:30.000Z,15,28.52,27.9,29.2,28.5,75.05,74.3,75.9,75.8,20.1,39.3,20.6,QUIET,59.7,59.7,2,190,41.6,48.5,15,2,0,0,28.4,76.0,20.6,Quiet,0,190,42.9,59.7
synthetic_001233,ESP32_GREENHOUSE_01,2026-04-24T10:16:00.000Z,15,32.63,32.0,32.9,32.8,67.38,67.3,68.3,68.2,189.2,304.6,188.0,RESTLESS,41.7,41.8,7,13107,400.3,393.8,0,1,12,1,32.6,66.7,188.0,Restless,1,13107,404.3,41.8
synthetic_000060,ESP32_GREENHOUSE_01,2026-04-24T00:29:30.000Z,15,28.26,27.8,28.8,28.4,74.21,73.6,74.4,73.3,25.4,38.4,22.2,QUIET,60.7,60.9,1,38,61.9,58.4,15,0,0,0,28.4,74.4,22.2,Quiet,0,38,65.2,60.9
synthetic_002034,ESP32_GREENHOUSE_01,2026-04-24T16:56:30.000Z,15,31.9,31.5,32.7,31.6,64.78,64.8,64.8,64.9,617.0,931.2,583.8,CRYING,23.3,24.6,10,18899,465.6,456.1,0,0,2,15,32.0,65.5,583.8,CRYING,1,18899,468.3,24.6
synthetic_001259,ESP32_GREENHOUSE_01,2026-04-24T10:29:00.000Z,15,32.72,32.2,33.2,32.7,67.11,66.2,68.5,66.7,188.0,324.3,167.1,RESTLESS,37.0,37.8,6,15181,346.4,350.0,0,4,11,2,32.7,67.5,167.1,Restless,1,15181,342.5,37.8
synthetic_002235,ESP32_GREENHOUSE_01,2026-04-24T18:37:00.000Z,15,30.98,30.3,31.1,30.7,63.39,62.6,63.5,62.9,590.4,648.9,734.7,CRYING,27.8,22.2,13,16748,339.6,349.1,0,0,1,15,31.1,63.3,734.7,CRYING,1,16748,338.5,22.2
synthetic_001155,ESP32_GREENHOUSE_01,2026-04-24T09:37:00.000Z,15,31.53,31.3,32.3,31.7,70.63,69.2,72.1,70.4,82.9,199.3,81.6,LIGHT_ACTIVITY,51.6,51.6,4,1631,262.2,266.5,0,13,2,0,31.4,70.5,81.6,Light Activity,1,1631,259.2,51.6
synthetic_000713,ESP32_GREENHOUSE_01,2026-04-24T05:56:00.000Z,15,30.17,29.8,30.4,30.3,71.58,71.3,72.1,72.3,103.4,189.7,97.3,LIGHT_ACTIVITY,54.0,54.2,2,4520,55.4,62.6,2,12,1,0,30.2,71.6,97.3,Light Activity,0,4520,59.9,54.2
synthetic_000567,ESP32_GREENHOUSE_01,2026-04-24T04:43:00.000Z,14,28.93,28.8,29.6,29.1,76.16,75.3,77.3,76.6,45.0,63.0,49.6,QUIET,56.9,56.7,2,1330,74.9,72.2,15,1,0,0,29.0,75.4,49.6,Quiet,0,1330,72.3,56.7
synthetic_001076,ESP32_GREENHOUSE_01,2026-04-24T08:57:30.000Z,14,31.85,31.5,32.0,31.8,71.47,71.4,72.3,71.2,81.2,197.0,93.9,LIGHT_ACTIVITY,50.2,49.7,7,1825,163.3,173.1,3,10,1,0,32.0,71.7,93.9,Light Activity,1,1825,160.0,49.7
synthetic_001250,ESP32_GREENHOUSE_01,2026-04-24T10:24:30.000Z,14,32.89,32.5,33.5,33.1,69.99,69.1,70.1,70.2,210.6,266.1,206.3,RESTLESS,34.3,34.4,7,16122,351.0,344.1,0,1,10,2,32.9,71.0,206.3,Restless,1,16122,350.1,34.4
synthetic_001740,ESP32_GREENHOUSE_01,2026-04-24T14:29:30.000Z,14,31.73,31.3,32.4,31.7,65.26,64.6,66.3,65.8,158.2,366.0,180.9,RESTLESS,46.4,45.5,9,14742,467.4,459.0,1,4,12,2,31.6,65.4,180.9,Restless,1,14742,468.6,45.5
synthetic_000804,ESP32_GREENHOUSE_01,2026-04-24T06:41:30.000Z,14,29.94,29.2,30.4,30.0,75.3,75.2,75.4,74.8,67.0,169.2,81.4,LIGHT_ACTIVITY,53.7,53.2,7,3619,50,50.3,0,13,2,0,30.1,75.9,81.4,Light Activity,1,3619,53.4,53.2
synthetic_000613,ESP32_GREENHOUSE_01,2026-04-24T05:06:00.000Z,14,30.05,29.3,30.2,30.2,74.95,74.7,75.5,74.3,86.8,159.5,85.4,LIGHT_ACTIVITY,52.9,52.9,3,3044,70.2,69.0,3,10,2,0,30.2,75.5,85.4,Light Activity,0,3044,70.3,52.9
synthetic_001874,ESP32_GREENHOUSE_01,2026-04-24T15:36:30.000Z,15,31.9,31.5,32.4,32.1,64.79,64.5,65.9,64.7,749.3,1023,754.6,CRYING,18.1,17.9,12,27041,500,504.0,0,0,1,12,31.8,65.3,754.6,CRYING,1,27041,500.6,17.9
synthetic_000532,ESP32_GREENHOUSE_01,2026-04-24T04:25:30.000Z,14,30.0,29.9,30.4,29.9,71.64,70.5,72.9,70.7,27.3,47.4,25.8,QUIET,57.4,57.5,1,1262,15.9,19.7,15,2,0,0,30.0,72.4,25.8,Quiet,0,1262,13.6,57.5
synthetic_000295,ESP32_GREENHOUSE_01,2026-04-24T02:27:00.000Z,15,28.73,28.2,29.0,29.0,77.97,76.5,79.1,79.0,5,65.4,5,QUIET,57.9,57.9,1,655,63.8,67.1,13,0,0,0,28.8,78.4,5,Quiet,0,655,68.0,57.9
synthetic_001281,ESP32_GREENHOUSE_01,2026-04-24T10:40:00.000Z,14,31.44,31.2,31.8,31.7,64.39,63.9,64.6,64.0,172.6,296.3,206.3,RESTLESS,42.2,40.9,8,19141,320.8,313.5,0,4,12,1,31.4,64.4,206.3,Restless,1,19141,324.1,40.9
synthetic_000110,ESP32_GREENHOUSE_01,2026-04-24T00:54:30.000Z,15,28.28,28.1,28.7,28.5,70.34,69.8,71.5,71.2,12.6,33.7,7.8,QUIET,63.6,63.8,2,286,36.9,34.8,12,2,0,0,28.4,69.4,7.8,Quiet,0,286,34.6,63.8
synthetic_000955,ESP32_GREENHOUSE_01,2026-04-24T07:57:00.000Z,15,30.88,30.6,31.7,31.2,71.1,69.7,72.4,71.2,87.2,120.4,74.0,LIGHT_ACTIVITY,52.9,53.5,6,1866,50,49.6,3,9,2,0,30.8,70.6,74.0,Light Activity,1,1866,45.5,53.5
synthetic_000389,ESP32_GREENHOUSE_01,2026-04-24T03:14:00.000Z,14,28.58,27.8,28.9,28.4,76.7,76.6,77.3,77.7,19.9,44.1,15.3,QUIET,58.5,58.7,2,9,41.1,37.8,12,1,0,0,28.5,77.0,15.3,Quiet,0,9,38.3,58.7
synthetic_001327,ESP32_GREENHOUSE_01,2026-04-24T11:03:00.000Z,14,32.45,31.7,32.6,32.2,65.66,65.6,66.7,65.8,165.3,315.7,188.1,RESTLESS,38.9,38.0,8,21512,389.2,391.4,1,4,12,0,32.6,65.4,188.1,Restless,1,21512,386.8,38.0
synthetic_001845,ESP32_GREENHOUSE_01,2026-04-24T15:22:00.000Z,14,32.66,32.2,32.8,32.6,60.27,59.4,60.8,60.5,659.7,763.8,675.3,CRYING,22.8,22.2,10,27417,500,492.4,0,0,1,14,32.7,59.6,675.3,CRYING,1,27417,503.5,22.2
synthetic_000220,ESP32_GREENHOUSE_01,2026-04-24T01:49:30.000Z,15,28.63,28.3,29.2,28.4,73.53,73.5,73.6,73.6,35.3,45.7,34.4,QUIET,59.7,59.8,0,1304,19.6,13.3,15,2,0,0,28.5,73.1,34.4,Quiet,0,1304,21.8,59.8
synthetic_000972,ESP32_GREENHOUSE_01,2026-04-24T08:05:30.000Z,15,31.32,30.7,31.8,31.3,71.4,70.1,71.5,72.2,90.7,126.8,92.8,LIGHT_ACTIVITY,46.4,46.3,6,6691,230.0,231.2,3,11,1,0,31.2,72.2,92.8,Light Activity,1,6691,226.8,46.3
synthetic_000291,ESP32_GREENHOUSE_01,2026-04-24T02:25:00.000Z,15,29.08,28.4,29.8,29.3,69.12,67.7,69.2,69.9,25.0,56.9,20.4,QUIET,61.6,61.8,2,1389,42.9,42.1,14,1,0,0,28.9,69.9,20.4,Quiet,0,1389,40.8,61.8
synthetic_000875,ESP32_GREENHOUSE_01,2026-04-24T07:17:00.000Z,14,31.07,30.3,31.6,31.2,70.77,70.1,72.2,70.6,81.0,167.0,91.8,LIGHT_ACTIVITY,47.9,47.4,7,6920,86.5,87.1,0,10,1,0,31.1,70.6,91.8,Light Activity,1,6920,87.2,47.4
synthetic_000686,ESP32_GREENHOUSE_01,2026-04-24T05:42:30.000Z,15,29.72,29.0,30.2,29.4,74.64,73.2,75.9,73.8,76.2,151.2,73.4,LIGHT_ACTIVITY,49.4,49.5,7,5050,73.7,70.3,0,13,1,0,29.6,74.7,73.4,Light Activity,1,5050,68.8,49.5
synthetic_001551,ESP32_GREENHOUSE_01,2026-04-24T12:55:00.000Z,14,32.68,32.6,33.0,32.5,65.35,65.0,65.9,66.3,181.2,349.5,177.4,RESTLESS,38.3,38.5,5,21185,467.8,466.9,0,3,11,0,32.6,64.4,177.4,Restless,1,21185,467.5,38.5
synthetic_000559,ESP32_GREENHOUSE_01,2026-04-24T04:39:00.000Z,14,29.54,29.3,30.1,29.4,72.38,71.5,73.5,72.6,24.5,46.4,23.5,QUIET,58.3,58.4,2,1300,28.7,27.9,14,0,0,0,29.5,72.6,23.5,Quiet,0,1300,29.1,58.4
synthetic_001046,ESP32_GREENHOUSE_01,2026-04-24T08:42:30.000Z,15,31.33,31.2,32.0,31.3,72.81,71.4,74.2,73.7,77.9,184.4,73.3,LIGHT_ACTIVITY,51.0,51.2,3,4714,219.5,222.7,0,9,2,0,31.2,72.4,73.3,Light Activity,0,4714,220.8,51.2
synthetic_000647,ESP32_GREENHOUSE_01,2026-04-24T05:23:00.000Z,15,30.3,29.8,30.7,30.2,71.85,70.8,72.7,72.1,88.3,145.7,87.4,LIGHT_ACTIVITY,54.1,54.1,3,4144,21.4,24.3,0,9,0,0,30.3,71.5,87.4,Light Activity,0,4144,24.8,54.1
synthetic_001828,ESP32_GREENHOUSE_01,2026-04-24T15:13:30.000Z,15,31.6,31.1,32.1,31.4,64.34,63.0,64.4,63.8,466.9,684.8,484.1,CRYING,30.3,29.6,9,26949,483.1,478.2,0,0,1,15,31.7,63.9,484.1,CRYING,1,26949,478.4,29.6
synthetic_000929,ESP32_GREENHOUSE_01,2026-04-24T07:44:00.000Z,14,31.16,30.6,31.9,31.1,71.09,71.0,71.1,70.7,101.3,185.8,102.6,LIGHT_ACTIVITY,46.6,46.6,6,6490,64.1,65.7,0,10,1,0,31.1,72.0,102.6,Light Activity,1,6490,68.4,46.6
synthetic_001601,ESP32_GREENHOUSE_01,2026-04-24T13:20:00.000Z,14,32.47,32.2,32.8,32.6,66.73,65.3,66.9,67.5,177.3,297.1,177.1,RESTLESS,37.7,37.7,5,18153,481.6,481.1,0,4,11,0,32.5,66.7,177.1,Restless,1,18153,480.1,37.7
synthetic_002009,ESP32_GREENHOUSE_01,2026-04-24T16:44:00.000Z,15,31.99,31.3,32.6,31.7,62.1,61.4,63.1,62.2,650.0,839.8,644.6,CRYING,23.5,23.7,10,15678,466.3,457.9,0,0,0,14,32.0,62.3,644.6,CRYING,1,15678,468.0,23.7
synthetic_001183,ESP32_GREENHOUSE_01,2026-04-24T09:51:00.000Z,15,31.83,31.1,32.0,31.7,70.12,69.9,70.3,70.3,98.5,98.5,103.7,LIGHT_ACTIVITY,45.4,45.2,6,6055,222.6,217.4,0,11,2,0,31.7,69.2,103.7,Light Activity,1,6055,224.4,45.2
synthetic_000284,ESP32_GREENHOUSE_01,2026-04-24T02:21:30.000Z,15,28.54,28.0,28.9,28.4,73.42,72.4,73.9,74.0,31.1,58.1,32.3,QUIET,60.2,60.2,2,237,12.0,8.5,12,0,0,0,28.4,73.9,32.3,Quiet,0,237,15.7,60.2
synthetic_000423,ESP32_GREENHOUSE_01,2026-04-24T03:31:00.000Z,15,29.38,28.9,30.2,29.6,74.47,73.4,75.1,74.7,34.6,59.1,41.1,QUIET,57.1,56.8,0,868,75.1,83.3,13,1,0,0,29.5,74.9,41.1,Quiet,0,868,77.1,56.8
synthetic_001019,ESP32_GREENHOUSE_01,2026-04-24T08:29:00.000Z,14,31.75,31.6,32.3,31.6,68.1,66.9,69.5,68.4,58.2,159.1,52.5,LIGHT_ACTIVITY,53.5,53.7,7,2433,157.1,165.1,2,13,2,0,31.8,67.3,52.5,Light Activity,1,2433,152.1,53.7
synthetic_001544,ESP32_GREENHOUSE_01,2026-04-24T12:51:30.000Z,15,32.26,31.7,32.7,32.4,63.87,63.5,65.3,64.5,250.3,250.3,218.1,RESTLESS,42.2,43.5,11,11241,428.2,436.4,1,4,11,2,32.2,64.1,218.1,Restless,1,11241,431.4,43.5
synthetic_001665,ESP32_GREENHOUSE_01,2026-04-24T13:52:00.000Z,14,32.09,31.4,32.8,31.8,62.98,62.1,64.0,62.3,167.4,312.3,167.7,RESTLESS,41.5,41.5,9,19383,483.4,492.7,1,2,10,0,32.2,63.1,167.7,Restless,1,19383,485.3,41.5
synthetic_001057,ESP32_GREENHOUSE_01,2026-04-24T08:48:00.000Z,15,31.63,31.4,32.1,31.5,72.71,71.8,72.8,73.4,107.0,138.9,120.8,LIGHT_ACTIVITY,49.1,48.5,2,3450,192.2,195.0,3,9,1,0,31.7,72.3,120.8,Light Activity,0,3450,187.7,48.5
synthetic_001230,ESP32_GREENHOUSE_01,2026-04-24T10:14:30.000Z,14,31.48,30.7,31.6,31.6,65.38,65.4,65.9,65.1,110.4,286.9,95.6,RESTLESS,43.9,44.5,12,15849,388.9,384.3,1,1,9,0,31.7,65.2,95.6,Restless,1,15849,387.1,44.5
synthetic_000799,ESP32_GREENHOUSE_01,2026-04-24T06:39:00.000Z,14,30.77,30.4,31.1,30.5,69.31,67.9,70.2,70.0,102.6,180.9,108.9,LIGHT_ACTIVITY,53.8,53.5,3,2950,50,53.2,3,11,2,0,30.8,68.7,108.9,Light Activity,0,2950,51.4,53.5
synthetic_000557,ESP32_GREENHOUSE_01,2026-04-24T04:38:00.000Z,14,28.97,28.6,29.8,28.7,75.26,73.9,76.4,75.1,11.4,36.9,22.8,QUIET,58.7,58.2,1,763,12.8,3.2,12,0,0,0,29.2,74.8,22.8,Quiet,0,763,14.3,58.2
synthetic_001074,ESP32_GREENHOUSE_01,2026-04-24T08:56:30.000Z,14,31.72,31.0,32.5,31.6,68.62,67.9,68.8,68.9,73.0,166.9,71.8,LIGHT_ACTIVITY,47.7,47.7,4,6113,210.6,203.0,2,12,2,0,31.8,69.5,71.8,Light Activity,1,6113,205.9,47.7
synthetic_000021,ESP32_GREENHOUSE_01,2026-04-24T00:10:00.000Z,14,29.18,28.6,29.5,29.3,69.85,68.9,70.0,70.8,32.3,46.2,34.9,QUIET,60.6,60.5,2,437,40.9,35.6,15,2,0,0,29.1,70.5,34.9,Quiet,0,437,37.4,60.5
synthetic_001314,ESP32_GREENHOUSE_01,2026-04-24T10:56:30.000Z,14,32.54,32.1,33.1,32.7,67.34,66.1,68.6,66.9,209.2,362.6,204.0,RESTLESS,36.0,36.2,11,21101,347.7,343.8,0,4,8,1,32.3,66.7,204.0,Restless,1,21101,352.5,36.2
synthetic_001051,ESP32_GREENHOUSE_01,2026-04-24T08:45:00.000Z,15,31.21,30.5,31.6,31.0,71.03,70.5,72.4,71.1,81.9,190.2,70.5,LIGHT_ACTIVITY,47.3,47.7,7,6215,121.8,115.7,3,12,2,0,31.1,71.2,70.5,Light Activity,1,6215,119.4,47.7
synthetic_001204,ESP32_GREENHOUSE_01,2026-04-24T10:01:30.000Z,14,31.51,31.3,32.0,31.3,71.09,70.2,71.6,70.3,215.6,251.4,244.2,RESTLESS,41.2,40.0,11,10940,304.1,298.3,0,2,9,1,31.6,70.6,244.2,Restless,1,10940,301.4,40.0
synthetic_002162,ESP32_GREENHOUSE_01,2026-04-24T18:00:30.000Z,14,30.54,30.2,31.1,30.3,67.47,67.2,68.4,67.3,582.8,1008.5,545.2,CRYING,26.8,28.3,14,16268,337.2,342.4,0,0,2,15,30.6,67.2,545.2,CRYING,1,16268,335.1,28.3
synthetic_002075,ESP32_GREENHOUSE_01,2026-04-24T17:17:00.000Z,15,31.78,31.5,32.5,31.9,65.4,65.2,66.0,64.5,531.3,977.6,516.9,CRYING,26.6,27.2,11,26716,393.5,403.3,0,0,0,12,31.7,64.5,516.9,CRYING,1,26716,395.2,27.2
synthetic_001060,ESP32_GREENHOUSE_01,2026-04-24T08:49:30.000Z,15,31.05,30.4,31.2,30.9,73.41,72.4,74.4,72.7,98.8,120.0,104.6,LIGHT_ACTIVITY,45.6,45.3,7,5645,210.3,208.6,3,9,2,0,31.2,73.0,104.6,Light Activity,1,5645,206.6,45.3
synthetic_002363,ESP32_GREENHOUSE_01,2026-04-24T19:41:00.000Z,14,30.2,30.0,30.5,30.5,69.17,68.6,69.4,68.7,442.2,999.4,316.2,CRYING,32.2,37.1,10,15313,276.8,270.0,0,0,2,12,30.3,68.2,316.2,CRYING,1,15313,279.8,37.1
synthetic_000538,ESP32_GREENHOUSE_01,2026-04-24T04:28:30.000Z,15,29.66,29.3,30.1,29.4,73.11,72.3,73.7,72.9,26.0,63.5,31.3,QUIET,57.5,57.3,0,1047,77.9,77.4,15,1,0,0,29.6,73.2,31.3,Quiet,0,1047,78.2,57.3
synthetic_002033,ESP32_GREENHOUSE_01,2026-04-24T16:56:00.000Z,15,30.72,30.4,30.9,30.8,63.16,62.6,64.0,62.8,514.0,789.8,561.5,CRYING,31.7,29.8,10,24276,450.4,443.5,0,0,2,12,30.7,63.1,561.5,CRYING,1,24276,447.9,29.8
synthetic_002197,ESP32_GREENHOUSE_01,2026-04-24T18:18:00.000Z,15,29.77,29.5,30.6,29.9,64.96,64.7,66.2,65.3,465.3,920.7,381.3,CRYING,35.1,38.4,13,19783,325.6,320.2,0,0,1,13,29.9,65.9,381.3,CRYING,1,19783,322.0,38.4
synthetic_001663,ESP32_GREENHOUSE_01,2026-04-24T13:51:00.000Z,14,32.35,31.9,32.8,32.3,65.17,64.5,66.2,64.2,174.9,353.9,186.9,RESTLESS,44.1,43.6,5,9812,500,500.5,1,4,9,0,32.4,64.6,186.9,Restless,1,9812,498.9,43.6
synthetic_002348,ESP32_GREENHOUSE_01,2026-04-24T19:33:30.000Z,15,30.01,29.4,30.3,30.2,65.18,64.7,66.3,64.8,814.2,814.2,687.9,CRYING,20.6,25.6,12,17925,242.7,248.4,0,0,0,14,29.9,65.2,687.9,CRYING,1,17925,244.8,25.6
synthetic_000800,ESP32_GREENHOUSE_01,2026-04-24T06:39:30.000Z,14,30.19,29.9,30.6,30.0,71.2,70.5,71.4,70.9,110.2,114.6,108.3,LIGHT_ACTIVITY,48.9,49.0,3,7401,50,47.7,2,13,1,0,30.1,72.1,108.3,Light Activity,0,7401,50.8,49.0
synthetic_002189,ESP32_GREENHOUSE_01,2026-04-24T18:14:00.000Z,15,29.92,29.5,30.0,29.6,65.17,64.0,65.4,65.5,466.0,921.5,568.5,CRYING,34.5,30.5,14,17408,337.5,337.2,0,0,1,13,30.0,66.2,568.5,CRYING,1,17408,340.4,30.5
synthetic_000494,ESP32_GREENHOUSE_01,2026-04-24T04:06:30.000Z,15,29.17,28.8,29.8,28.9,74.09,73.5,74.7,73.1,29.2,54.2,21.7,QUIET,58.1,58.4,2,1009,56.7,55.8,14,2,0,0,29.2,73.1,21.7,Quiet,0,1009,54.7,58.4
synthetic_002084,ESP32_GREENHOUSE_01,2026-04-24T17:21:30.000Z,14,31.17,31.0,31.8,31.2,69.3,67.9,69.5,69.9,514.8,614.2,517.0,CRYING,26.5,26.4,12,27658,353.8,346.5,0,0,0,12,31.3,69.9,517.0,CRYING,1,27658,350.6,26.4
synthetic_001687,ESP32_GREENHOUSE_01,2026-04-24T14:03:00.000Z,15,31.68,31.5,32.4,31.9,64.66,63.6,65.9,65.5,131.3,374.0,156.6,RESTLESS,48.0,47.0,10,10267,489.4,492.2,1,3,11,0,31.6,64.7,156.6,Restless,1,10267,484.5,47.0
synthetic_001623,ESP32_GREENHOUSE_01,2026-04-24T13:31:00.000Z,15,32.44,31.8,33.2,32.1,65.56,65.1,66.1,65.6,193.3,433.2,187.7,RESTLESS,37.9,38.1,12,16282,477.9,485.4,0,1,11,1,32.5,65.4,187.7,Restless,1,16282,475.2,38.1
synthetic_001126,ESP32_GREENHOUSE_01,2026-04-24T09:22:30.000Z,15,31.96,31.5,32.6,32.2,67.18,66.9,68.4,67.8,93.8,176.3,100.1,LIGHT_ACTIVITY,52.1,51.9,6,2816,281.8,282.4,3,11,1,0,32.0,66.7,100.1,Light Activity,1,2816,278.2,51.9
synthetic_000136,ESP32_GREENHOUSE_01,2026-04-24T01:07:30.000Z,15,29.06,28.7,29.3,29.3,74.36,73.1,75.2,75.2,48.7,69.1,43.2,QUIET,57.5,57.7,0,500,10.2,15.0,12,1,0,0,29.0,74.0,43.2,Quiet,0,500,9.4,57.7
synthetic_001447,ESP32_GREENHOUSE_01,2026-04-24T12:03:00.000Z,14,32.14,31.9,32.8,32.3,66.91,66.4,67.6,67.2,190.2,190.2,165.5,RESTLESS,43.0,44.0,10,13851,472.3,472.4,1,2,8,1,32.2,67.6,165.5,Restless,1,13851,468.4,44.0
synthetic_001357,ESP32_GREENHOUSE_01,2026-04-24T11:18:00.000Z,15,32.62,31.8,32.7,32.9,63.67,63.6,64.3,63.6,176.2,378.8,198.7,RESTLESS,39.6,38.7,8,19638,375.1,366.6,1,3,10,1,32.6,63.3,198.7,Restless,1,19638,379.5,38.7
synthetic_002161,ESP32_GREENHOUSE_01,2026-04-24T18:00:00.000Z,14,30.68,30.4,30.9,30.9,66.6,66.3,66.8,67.0,591.1,591.1,548.2,CRYING,26.6,28.3,14,23992,375.9,373.2,0,0,1,15,30.7,65.9,548.2,CRYING,1,23992,376.8,28.3
synthetic_002198,ESP32_GREENHOUSE_01,2026-04-24T18:18:30.000Z,15,30.63,30.4,31.4,30.7,64.88,64.0,65.2,65.8,550.9,988.2,534.9,CRYING,29.4,30.0,8,25729,390.6,396.2,0,0,0,14,30.8,64.1,534.9,CRYING,1,25729,389.4,30.0
synthetic_000772,ESP32_GREENHOUSE_01,2026-04-24T06:25:30.000Z,14,30.99,30.3,31.4,30.9,70.13,69.0,70.7,70.4,75.0,177.6,77.8,LIGHT_ACTIVITY,53.7,53.6,5,4809,50,49.7,0,12,0,0,30.9,70.9,77.8,Light Activity,1,4809,54.4,53.6
synthetic_002314,ESP32_GREENHOUSE_01,2026-04-24T19:16:30.000Z,15,29.16,28.6,29.9,28.9,64.5,64.1,64.5,64.5,687.6,830.3,747.8,CRYING,28.4,26.1,10,27847,305.6,304.9,0,0,2,14,29.0,64.9,747.8,CRYING,1,27847,305.5,26.1
synthetic_000938,ESP32_GREENHOUSE_01,2026-04-24T07:48:30.000Z,15,30.57,30.1,30.7,30.6,69.69,69.3,70.8,70.5,82.0,159.2,74.2,LIGHT_ACTIVITY,54.9,55.2,6,3383,108.2,115.4,2,10,0,0,30.6,70.1,74.2,Light Activity,1,3383,103.2,55.2
synthetic_000740,ESP32_GREENHOUSE_01,2026-04-24T06:09:30.000Z,14,31.08,30.5,31.9,31.3,70.11,69.7,71.6,69.3,93.4,222.8,84.5,LIGHT_ACTIVITY,52.8,53.1,6,2391,50,46.1,3,12,1,0,31.1,70.7,84.5,Light Activity,1,2391,54.9,53.1
synthetic_000614,ESP32_GREENHOUSE_01,2026-04-24T05:06:30.000Z,14,29.31,28.8,29.5,29.1,70.68,70.4,70.9,70.9,78.6,172.8,70.8,LIGHT_ACTIVITY,57.9,58.2,2,4053,72.2,68.9,2,9,1,0,29.3,71.0,70.8,Light Activity,0,4053,75.5,58.2
synthetic_000888,ESP32_GREENHOUSE_01,2026-04-24T07:23:30.000Z,15,31.28,31.0,31.4,31.1,69.34,68.9,69.6,69.4,75.4,186.9,90.9,LIGHT_ACTIVITY,48.4,47.8,5,5089,61.9,67.7,2,9,1,0,31.2,68.4,90.9,Light Activity,1,5089,58.5,47.8
synthetic_001189,ESP32_GREENHOUSE_01,2026-04-24T09:54:00.000Z,14,32.18,31.5,32.7,32.1,70.99,70.9,72.3,70.6,83.3,137.2,94.5,LIGHT_ACTIVITY,44.5,44.1,6,5636,319.8,314.7,0,9,0,0,32.1,70.1,94.5,Light Activity,1,5636,320.3,44.1
synthetic_001011,ESP32_GREENHOUSE_01,2026-04-24T08:25:00.000Z,14,30.85,30.5,31.2,31.0,71.24,70.5,72.5,71.7,70.0,173.1,79.9,LIGHT_ACTIVITY,53.6,53.2,5,2576,222.3,223.7,3,10,1,0,31.0,70.5,79.9,Light Activity,1,2576,222.1,53.2
synthetic_001991,ESP32_GREENHOUSE_01,2026-04-24T16:35:00.000Z,14,30.91,30.6,31.4,31.0,65.86,64.8,66.9,64.9,669.5,931.2,541.6,CRYING,23.4,28.4,15,23947,464.4,467.4,0,0,0,12,30.9,65.8,541.6,CRYING,1,23947,464.0,28.4
synthetic_001830,ESP32_GREENHOUSE_01,2026-04-24T15:14:30.000Z,15,31.77,31.4,32.0,31.7,64.1,64.0,65.5,64.2,556.2,698.7,684.7,CRYING,26.5,21.5,8,19621,500,503.9,0,0,2,13,31.8,64.6,684.7,CRYING,1,19621,495.9,21.5
synthetic_001475,ESP32_GREENHOUSE_01,2026-04-24T12:17:00.000Z,15,33.32,32.7,34.0,33.5,66.88,66.1,67.9,66.7,201.9,420.9,194.5,RESTLESS,36.6,36.8,7,16028,471.2,473.6,1,4,11,1,33.4,67.1,194.5,Restless,1,16028,475.9,36.8
synthetic_001364,ESP32_GREENHOUSE_01,2026-04-24T11:21:30.000Z,14,32.93,32.2,33.2,33.1,63.33,62.8,64.2,62.6,199.7,358.0,221.2,RESTLESS,43.9,43.0,5,9296,410.4,418.0,0,4,12,2,32.9,62.4,221.2,Restless,1,9296,411.1,43.0
synthetic_001291,ESP32_GREENHOUSE_01,2026-04-24T10:45:00.000Z,15,32.0,31.6,32.7,31.9,65.68,65.4,66.1,65.9,125.1,301.9,119.8,RESTLESS,41.7,41.9,12,19921,292.8,289.7,1,2,11,2,31.9,66.5,119.8,Restless,1,19921,293.0,41.9
synthetic_001814,ESP32_GREENHOUSE_01,2026-04-24T15:06:30.000Z,14,32.38,31.9,32.6,32.3,64.19,63.8,64.9,63.4,582.2,1023,591.4,CRYING,23.7,23.3,9,26079,500,503.0,0,0,1,13,32.4,64.4,591.4,CRYING,1,26079,501.2,23.3
synthetic_001041,ESP32_GREENHOUSE_01,2026-04-24T08:40:00.000Z,15,31.67,31.2,32.2,31.6,68.24,67.0,68.6,68.6,96.0,143.9,96.6,LIGHT_ACTIVITY,52.2,52.1,5,4601,131.6,123.8,0,9,1,0,31.7,67.3,96.6,Light Activity,1,4601,136.5,52.1
synthetic_000131,ESP32_GREENHOUSE_01,2026-04-24T01:05:00.000Z,14,28.77,28.1,29.3,28.7,72.48,71.7,73.2,73.0,8.8,75.5,7.5,QUIET,61.0,61.1,2,1476,48.7,44.6,14,2,0,0,28.6,73.3,7.5,Quiet,0,1476,53.2,61.1
synthetic_000211,ESP32_GREENHOUSE_01,2026-04-24T01:45:00.000Z,15,28.53,28.3,28.8,28.4,75.97,74.5,76.5,75.3,23.1,56.6,17.9,QUIET,59.0,59.2,0,666,36.6,35.1,14,2,0,0,28.5,76.5,17.9,Quiet,0,666,35.3,59.2
synthetic_001139,ESP32_GREENHOUSE_01,2026-04-24T09:29:00.000Z,15,31.6,31.1,32.4,31.6,69.04,68.5,70.4,69.8,93.6,180.5,95.7,LIGHT_ACTIVITY,52.0,51.9,4,4832,289.0,281.9,1,11,0,0,31.7,69.8,95.7,Light Activity,1,4832,291.7,51.9
synthetic_000337,ESP32_GREENHOUSE_01,2026-04-24T02:48:00.000Z,14,28.93,28.5,29.5,28.8,72.12,71.0,73.3,72.0,21.1,51.2,21.0,QUIET,60.3,60.3,0,373,56.3,62.5,15,0,0,0,28.9,73.0,21.0,Quiet,0,373,59.4,60.3
synthetic_000587,ESP32_GREENHOUSE_01,2026-04-24T04:53:00.000Z,14,29.64,29.3,30.0,29.9,75.14,75.0,75.7,74.8,7.4,85.6,5,QUIET,57.0,57.1,2,229,43.5,34.8,15,0,0,0,29.8,75.4,5,Quiet,0,229,40.8,57.1
synthetic_000246,ESP32_GREENHOUSE_01,2026-04-24T02:02:30.000Z,14,28.9,28.7,29.5,29.0,72.56,72.4,73.6,73.0,18.2,75.3,10.5,QUIET,60.3,60.6,2,1457,32.7,42.2,13,2,0,0,28.9,71.9,10.5,Quiet,0,1457,33.2,60.6
synthetic_000206,ESP32_GREENHOUSE_01,2026-04-24T01:42:30.000Z,15,28.37,27.8,28.9,28.4,71.44,70.9,72.7,70.9,34.1,53.0,40.1,QUIET,61.8,61.6,0,1441,24.0,33.3,12,0,0,0,28.4,71.2,40.1,Quiet,0,1441,19.0,61.6
synthetic_002050,ESP32_GREENHOUSE_01,2026-04-24T17:04:30.000Z,14,31.45,30.7,31.9,31.5,60.31,59.7,61.8,59.8,651.7,651.7,571.8,CRYING,26.0,29.1,11,21209,433.1,431.4,0,0,0,14,31.6,60.3,571.8,CRYING,1,21209,438.1,29.1
synthetic_002382,ESP32_GREENHOUSE_01,2026-04-24T19:50:30.000Z,15,29.75,29.2,30.1,29.5,67.53,66.8,68.9,66.9,719.9,1023,689.6,CRYING,23.6,24.8,15,15228,291.8,298.9,0,0,2,14,29.7,67.1,689.6,CRYING,1,15228,294.0,24.8
synthetic_000878,ESP32_GREENHOUSE_01,2026-04-24T07:18:30.000Z,14,31.05,30.9,31.4,31.1,73.89,73.3,74.4,74.2,100.3,116.7,92.7,LIGHT_ACTIVITY,50.2,50.5,5,3827,95.9,94.6,3,9,2,0,31.0,74.0,92.7,Light Activity,1,3827,96.8,50.5
synthetic_000339,ESP32_GREENHOUSE_01,2026-04-24T02:49:00.000Z,14,28.39,28.0,28.6,28.2,73.58,72.3,74.9,73.7,18.4,68.8,16.2,QUIET,61.1,61.1,0,32,11.0,2.7,13,0,0,0,28.5,72.9,16.2,Quiet,0,32,10.2,61.1
synthetic_000510,ESP32_GREENHOUSE_01,2026-04-24T04:14:30.000Z,15,29.06,28.6,29.4,28.9,75.71,75.4,76.4,75.6,13.2,44.5,11.8,QUIET,58.0,58.1,2,513,35.3,34.6,12,0,0,0,29.2,75.7,11.8,Quiet,0,513,38.7,58.1
synthetic_002104,ESP32_GREENHOUSE_01,2026-04-24T17:31:30.000Z,14,31.11,30.6,31.7,31.3,63.13,61.8,63.5,64.1,546.7,752.7,604.4,CRYING,29.3,27.1,14,15374,409.8,416.0,0,0,0,14,30.9,63.3,604.4,CRYING,1,15374,406.3,27.1
synthetic_000652,ESP32_GREENHOUSE_01,2026-04-24T05:25:30.000Z,15,30.2,29.8,30.3,30.3,69.49,68.6,70.8,69.0,77.4,163.5,79.5,LIGHT_ACTIVITY,51.2,51.2,3,7723,71.2,71.4,2,10,2,0,30.1,68.9,79.5,Light Activity,0,7723,68.0,51.2
synthetic_000737,ESP32_GREENHOUSE_01,2026-04-24T06:08:00.000Z,15,30.62,30.4,31.0,30.6,73.0,71.7,73.9,73.5,89.8,144.5,96.1,LIGHT_ACTIVITY,47.4,47.1,6,6737,50,48.1,2,9,2,0,30.5,73.4,96.1,Light Activity,1,6737,54.4,47.1
synthetic_000024,ESP32_GREENHOUSE_01,2026-04-24T00:11:30.000Z,14,28.79,28.5,29.4,28.9,72.58,72.5,73.2,72.7,32.9,48.3,29.5,QUIET,60.0,60.1,1,1106,29.0,27.3,12,0,0,0,28.7,72.4,29.5,Quiet,0,1106,33.0,60.1
synthetic_000572,ESP32_GREENHOUSE_01,2026-04-24T04:45:30.000Z,15,29.04,28.8,29.8,28.9,74.84,74.4,76.0,75.3,23.0,73.8,28.1,QUIET,58.3,58.1,2,374,27.1,35.4,13,0,0,0,29.2,74.1,28.1,Quiet,0,374,25.1,58.1
synthetic_000977,ESP32_GREENHOUSE_01,2026-04-24T08:08:00.000Z,14,31.21,31.1,31.3,31.0,68.47,67.3,69.8,68.3,79.8,176.1,78.4,LIGHT_ACTIVITY,53.9,54.0,4,3406,130.2,135.6,2,13,0,0,31.1,68.5,78.4,Light Activity,1,3406,133.3,54.0
synthetic_001554,ESP32_GREENHOUSE_01,2026-04-24T12:56:30.000Z,14,32.99,32.6,33.4,32.9,65.92,65.4,66.2,66.1,113.2,336.1,107.5,RESTLESS,40.6,40.8,11,20760,457.5,462.8,1,1,9,2,33.0,65.6,107.5,Restless,1,20760,459.1,40.8
synthetic_000470,ESP32_GREENHOUSE_01,2026-04-24T03:54:30.000Z,14,29.94,29.4,30.6,29.8,70.72,69.5,72.2,70.7,26.1,59.7,20.1,QUIET,58.2,58.4,0,1407,27.5,35.2,14,1,0,0,29.9,71.2,20.1,Quiet,0,1407,30.7,58.4
synthetic_001300,ESP32_GREENHOUSE_01,2026-04-24T10:49:30.000Z,14,32.89,32.6,33.1,33.0,66.3,65.3,66.7,66.0,227.3,389.0,206.7,RESTLESS,40.9,41.7,10,13312,354.6,350.7,1,1,12,1,32.7,66.5,206.7,Restless,1,13312,353.3,41.7
synthetic_000802,ESP32_GREENHOUSE_01,2026-04-24T06:40:30.000Z,14,30.76,30.0,31.5,30.9,73.14,73.0,73.5,73.6,84.6,152.4,82.9,LIGHT_ACTIVITY,52.1,52.2,7,3533,50,57.9,2,13,2,0,30.7,74.1,82.9,Light Activity,1,3533,45.4,52.2
synthetic_001853,ESP32_GREENHOUSE_01,2026-04-24T15:26:00.000Z,14,31.96,31.2,32.4,31.9,64.7,64.7,65.4,64.2,600.8,877.4,621.5,CRYING,23.8,23.0,15,19509,479.9,473.6,0,0,2,13,31.8,65.6,621.5,CRYING,1,19509,484.9,23.0
synthetic_001992,ESP32_GREENHOUSE_01,2026-04-24T16:35:30.000Z,15,31.55,31.0,31.9,31.7,63.49,62.9,63.9,64.0,634.5,712.8,680.6,CRYING,24.4,22.6,10,20280,427.4,427.0,0,0,1,15,31.5,63.5,680.6,CRYING,1,20280,424.2,22.6
synthetic_001480,ESP32_GREENHOUSE_01,2026-04-24T12:19:30.000Z,15,32.36,32.2,32.7,32.4,66.76,65.9,67.5,66.9,225.3,288.1,229.1,RESTLESS,36.1,36.0,12,15146,457.6,457.0,0,4,12,0,32.4,67.8,229.1,Restless,1,15146,461.2,36.0
synthetic_000632,ESP32_GREENHOUSE_01,2026-04-24T05:15:30.000Z,15,29.71,28.9,30.1,29.6,76.18,75.4,77.7,77.0,87.1,122.6,69.7,LIGHT_ACTIVITY,53.0,53.7,2,4405,76.4,66.9,3,9,2,0,29.6,75.5,69.7,Light Activity,0,4405,77.9,53.7
synthetic_002101,ESP32_GREENHOUSE_01,2026-04-24T17:30:00.000Z,15,30.59,29.8,31.0,30.5,65.87,64.5,66.5,66.2,586.5,801.8,619.4,CRYING,27.5,26.2,14,15724,360.4,364.5,0,0,0,12,30.4,65.6,619.4,CRYING,1,15724,359.6,26.2
synthetic_001533,ESP32_GREENHOUSE_01,2026-04-24T12:46:00.000Z,14,32.31,32.0,32.5,32.2,66.93,66.8,67.7,67.7,224.8,335.1,226.5,RESTLESS,36.2,36.1,9,18361,476.9,473.6,0,2,8,0,32.2,67.6,226.5,Restless,1,18361,477.2,36.1
synthetic_002400,ESP32_GREENHOUSE_01,2026-04-24T19:59:30.000Z,15,30.11,30.0,30.6,30.4,66.37,65.9,66.9,66.0,675.3,932.0,707.6,CRYING,25.1,23.8,15,27324,293.6,286.9,0,0,1,12,30.0,67.0,707.6,CRYING,1,27324,289.4,23.8
synthetic_001078,ESP32_GREENHOUSE_01,2026-04-24T08:58:30.000Z,14,31.25,30.7,31.7,31.5,67.94,67.4,69.1,68.9,90.1,147.1,100.2,LIGHT_ACTIVITY,48.8,48.4,7,7923,180.6,171.3,0,13,0,0,31.1,67.8,100.2,Light Activity,1,7923,176.9,48.4
synthetic_000548,ESP32_GREENHOUSE_01,2026-04-24T04:33:30.000Z,15,29.79,29.3,30.4,29.9,72.03,71.3,72.4,72.5,22.3,51.7,20.1,QUIET,57.9,58.0,0,44,42.7,44.7,15,2,0,0,29.8,71.8,20.1,Quiet,0,44,38.1,58.0
synthetic_000319,ESP32_GREENHOUSE_01,2026-04-24T02:39:00.000Z,15,28.59,27.9,29.3,28.5,76.71,76.2,77.7,75.9,30.0,45.6,21.8,QUIET,58.1,58.4,0,171,64.8,73.7,14,2,0,0,28.7,76.0,21.8,Quiet,0,171,60.9,58.4
synthetic_001263,ESP32_GREENHOUSE_01,2026-04-24T10:31:00.000Z,15,32.04,31.6,32.5,31.8,68.7,68.5,68.9,68.1,211.2,301.2,245.1,RESTLESS,36.3,35.0,9,19592,401.9,407.9,0,2,12,2,31.9,69.0,245.1,Restless,1,19592,398.6,35.0
synthetic_001588,ESP32_GREENHOUSE_01,2026-04-24T13:13:30.000Z,15,32.06,31.3,32.6,31.9,66.95,65.9,67.9,67.0,126.4,453.1,139.3,RESTLESS,45.7,45.2,12,13039,500,493.5,0,3,9,1,31.9,66.5,139.3,Restless,1,13039,500.7,45.2
synthetic_000754,ESP32_GREENHOUSE_01,2026-04-24T06:16:30.000Z,14,30.32,29.6,30.8,30.5,70.88,69.6,71.1,71.2,81.0,143.2,88.4,LIGHT_ACTIVITY,49.9,49.6,5,7925,50,46.4,3,10,1,0,30.1,70.3,88.4,Light Activity,1,7925,52.5,49.6
synthetic_000676,ESP32_GREENHOUSE_01,2026-04-24T05:37:30.000Z,14,30.11,29.6,30.2,29.9,71.77,70.9,72.7,72.7,90.6,156.0,100.4,LIGHT_ACTIVITY,49.5,49.2,4,7745,48.8,55.0,1,10,1,0,30.0,71.3,100.4,Light Activity,1,7745,47.9,49.2
synthetic_001514,ESP32_GREENHOUSE_01,2026-04-24T12:36:30.000Z,14,32.4,31.9,32.6,32.3,67.14,66.6,67.5,68.1,148.6,219.9,136.7,RESTLESS,43.8,44.2,6,13291,464.4,458.5,1,1,10,0,32.3,66.8,136.7,Restless,1,13291,466.5,44.2
synthetic_001372,ESP32_GREENHOUSE_01,2026-04-24T11:25:30.000Z,14,32.12,31.7,32.2,32.3,67.19,66.2,67.7,68.0,143.6,232.5,145.2,RESTLESS,44.7,44.6,6,14626,407.5,417.4,1,1,10,2,32.0,68.1,145.2,Restless,1,14626,412.3,44.6
synthetic_000439,ESP32_GREENHOUSE_01,2026-04-24T03:39:00.000Z,15,28.89,28.3,29.1,28.7,70.56,69.9,71.2,70.9,30.7,62.0,33.2,QUIET,61.1,61.0,0,635,55.3,53.4,13,0,0,0,29.0,69.8,33.2,Quiet,0,635,57.8,61.0
synthetic_000152,ESP32_GREENHOUSE_01,2026-04-24T01:15:30.000Z,15,28.64,28.3,28.8,28.6,74.06,73.2,74.8,73.2,50.4,58.1,52.7,QUIET,58.8,58.7,2,1494,58.8,48.9,14,2,0,0,28.5,74.7,52.7,Quiet,0,1494,60.1,58.7
synthetic_001897,ESP32_GREENHOUSE_01,2026-04-24T15:48:00.000Z,15,31.79,31.2,31.9,31.9,68.13,67.2,69.6,68.3,639.4,1023,515.4,CRYING,20.7,25.5,8,28202,465.0,464.9,0,0,0,15,31.9,67.7,515.4,CRYING,1,28202,467.7,25.5
synthetic_001699,ESP32_GREENHOUSE_01,2026-04-24T14:09:00.000Z,14,32.96,32.6,33.5,32.7,66.2,65.3,67.7,65.9,143.9,286.2,142.4,RESTLESS,44.2,44.3,7,12795,500,492.2,0,2,8,0,32.9,66.0,142.4,Restless,1,12795,495.0,44.3
synthetic_000971,ESP32_GREENHOUSE_01,2026-04-24T08:05:00.000Z,14,31.38,30.9,32.0,31.4,75.01,74.9,75.4,74.2,79.5,168.2,67.5,LIGHT_ACTIVITY,44.4,44.9,6,5829,201.0,199.3,3,13,2,0,31.4,75.1,67.5,Light Activity,1,5829,201.1,44.9
synthetic_001434,ESP32_GREENHOUSE_01,2026-04-24T11:56:30.000Z,15,32.45,31.9,32.9,32.6,67.88,66.6,68.1,68.3,221.1,404.7,234.5,RESTLESS,40.3,39.8,8,14228,384.2,379.9,1,2,9,1,32.5,67.4,234.5,Restless,1,14228,381.3,39.8
synthetic_000058,ESP32_GREENHOUSE_01,2026-04-24T00:28:30.000Z,14,28.69,28.5,29.2,28.8,73.41,73.0,74.4,73.4,18.7,45.6,23.3,QUIET,60.3,60.1,2,1221,32.7,31.5,12,0,0,0,28.6,73.9,23.3,Quiet,0,1221,28.8,60.1
synthetic_002025,ESP32_GREENHOUSE_01,2026-04-24T16:52:00.000Z,14,30.9,30.3,31.3,30.7,67.53,66.3,68.3,67.1,658.7,747.8,537.9,CRYING,22.8,27.5,15,17375,457.1,447.5,0,0,1,14,30.9,67.5,537.9,CRYING,1,17375,453.4,27.5
synthetic_000420,ESP32_GREENHOUSE_01,2026-04-24T03:29:30.000Z,14,29.13,28.8,29.3,29.4,72.32,72.1,73.4,71.9,17.3,77.3,24.3,QUIET,59.8,59.5,1,20,65.9,72.3,12,1,0,0,29.1,72.4,24.3,Quiet,0,20,67.9,59.5
synthetic_000218,ESP32_GREENHOUSE_01,2026-04-24T01:48:30.000Z,14,28.59,28.5,29.3,28.8,73.75,73.2,74.5,72.8,45.4,66.6,41.7,QUIET,59.3,59.5,1,532,31.6,40.0,13,1,0,0,28.8,73.7,41.7,Quiet,0,532,26.7,59.5
synthetic_002157,ESP32_GREENHOUSE_01,2026-04-24T17:58:00.000Z,14,31.34,30.9,31.7,31.3,65.01,65.0,65.1,65.6,499.7,751.7,424.0,CRYING,29.3,32.3,8,28113,429.7,422.6,0,0,0,13,31.5,64.2,424.0,CRYING,1,28113,428.3,32.3
synthetic_001789,ESP32_GREENHOUSE_01,2026-04-24T14:54:00.000Z,15,32.06,31.9,32.2,31.9,63.78,63.7,65.1,64.5,157.3,289.4,176.6,RESTLESS,46.5,45.7,7,14983,471.0,478.8,0,2,10,0,32.1,64.1,176.6,Restless,1,14983,469.9,45.7
synthetic_001039,ESP32_GREENHOUSE_01,2026-04-24T08:39:00.000Z,15,31.38,31.2,32.1,31.2,69.2,68.5,70.1,69.9,83.8,137.8,96.5,LIGHT_ACTIVITY,52.9,52.4,2,2741,160.0,164.4,3,11,0,0,31.3,69.0,96.5,Light Activity,0,2741,157.0,52.4
synthetic_000443,ESP32_GREENHOUSE_01,2026-04-24T03:41:00.000Z,15,29.47,28.9,30.2,29.7,75.3,74.2,75.4,74.3,19.9,59.7,22.5,QUIET,56.9,56.8,1,713,53.7,62.4,12,1,0,0,29.3,75.6,22.5,Quiet,0,713,51.9,56.8
synthetic_001290,ESP32_GREENHOUSE_01,2026-04-24T10:44:30.000Z,14,31.69,30.9,32.5,31.9,71.32,70.9,72.5,72.0,243.0,363.9,254.1,RESTLESS,34.4,34.0,5,20903,373.9,375.6,1,3,11,1,31.6,70.6,254.1,Restless,1,20903,374.9,34.0
synthetic_001750,ESP32_GREENHOUSE_01,2026-04-24T14:34:30.000Z,15,32.48,32.0,33.2,32.8,64.54,63.3,65.8,63.7,189.3,309.8,170.5,RESTLESS,43.6,44.3,5,13876,485.4,481.4,0,4,10,0,32.6,63.8,170.5,Restless,1,13876,482.4,44.3
synthetic_002085,ESP32_GREENHOUSE_01,2026-04-24T17:22:00.000Z,15,31.17,30.6,31.5,31.1,64.35,64.3,65.0,63.9,295.1,781.4,285.2,CRYING,38.2,38.6,12,25201,357.7,351.2,0,0,0,14,31.1,65.2,285.2,CRYING,1,25201,357.0,38.6
synthetic_001762,ESP32_GREENHOUSE_01,2026-04-24T14:40:30.000Z,15,31.84,31.3,32.2,31.8,63.86,63.7,64.2,63.5,235.4,265.8,248.8,RESTLESS,44.0,43.5,8,10078,500,497.3,0,1,8,0,31.7,64.3,248.8,Restless,1,10078,495.7,43.5
synthetic_000193,ESP32_GREENHOUSE_01,2026-04-24T01:36:00.000Z,15,29.21,28.9,29.5,29.2,68.44,68.2,69.3,69.1,35.5,55.3,37.3,QUIET,61.3,61.2,2,679,19.4,26.6,15,1,0,0,29.1,68.5,37.3,Quiet,0,679,17.0,61.2
synthetic_001984,ESP32_GREENHOUSE_01,2026-04-24T16:31:30.000Z,14,31.27,31.0,31.6,31.0,62.89,62.3,63.2,62.5,417.3,670.7,352.0,CRYING,34.1,36.6,9,23419,490.2,489.1,0,0,1,14,31.2,62.2,352.0,CRYING,1,23419,492.6,36.6
synthetic_002056,ESP32_GREENHOUSE_01,2026-04-24T17:07:30.000Z,14,31.51,31.2,31.9,31.4,64.63,63.6,65.6,64.8,575.7,575.7,472.4,CRYING,26.1,30.2,14,15033,436.0,436.9,0,0,0,15,31.7,63.7,472.4,CRYING,1,15033,432.7,30.2
synthetic_000514,ESP32_GREENHOUSE_01,2026-04-24T04:16:30.000Z,14,29.67,28.9,30.4,30.0,76.77,75.9,78.3,77.0,19.2,45.4,16.5,QUIET,55.4,55.5,2,307,12.3,17.0,15,2,0,0,29.7,76.0,16.5,Quiet,0,307,16.1,55.5
synthetic_000957,ESP32_GREENHOUSE_01,2026-04-24T07:58:00.000Z,15,30.47,30.3,30.8,30.7,71.81,70.9,72.2,72.0,89.5,164.6,80.2,LIGHT_ACTIVITY,53.6,53.9,3,4153,87.8,91.9,1,11,1,0,30.6,71.7,80.2,Light Activity,0,4153,84.3,53.9
synthetic_000294,ESP32_GREENHOUSE_01,2026-04-24T02:26:30.000Z,14,29.03,28.8,29.8,29.1,75.05,74.4,75.6,74.5,20.9,71.0,18.6,QUIET,58.2,58.3,0,1450,22.8,26.9,13,0,0,0,29.1,76.0,18.6,Quiet,0,1450,19.3,58.3
synthetic_001201,ESP32_GREENHOUSE_01,2026-04-24T10:00:00.000Z,14,32.56,32.0,32.7,32.4,66.57,65.3,67.3,66.4,172.8,209.7,198.6,RESTLESS,42.9,41.9,6,9452,340.3,340.2,0,1,11,2,32.4,66.9,198.6,Restless,1,9452,337.0,41.9
synthetic_000261,ESP32_GREENHOUSE_01,2026-04-24T02:10:00.000Z,14,28.69,28.0,29.2,28.9,71.08,70.4,72.3,71.2,17.5,37.8,11.6,QUIET,61.8,62.0,1,786,48.4,43.1,12,1,0,0,28.8,70.2,11.6,Quiet,0,786,52.7,62.0
synthetic_000544,ESP32_GREENHOUSE_01,2026-04-24T04:31:30.000Z,14,29.33,29.1,29.8,29.6,71.16,70.0,72.3,70.6,15.3,46.5,21.8,QUIET,60.1,59.8,0,185,42.4,39.9,13,2,0,0,29.2,71.6,21.8,Quiet,0,185,39.9,59.8
synthetic_000352,ESP32_GREENHOUSE_01,2026-04-24T02:55:30.000Z,15,28.34,27.8,29.1,28.5,74.31,72.9,75.4,74.1,36.4,78.2,41.2,QUIET,60.0,59.8,2,824,35.9,29.2,15,1,0,0,28.3,74.3,41.2,Quiet,0,824,35.5,59.8
synthetic_000954,ESP32_GREENHOUSE_01,2026-04-24T07:56:30.000Z,14,31.03,30.9,31.8,31.2,68.23,67.7,69.4,68.5,88.4,174.5,97.8,LIGHT_ACTIVITY,54.3,53.9,2,2493,74.9,81.3,2,9,1,0,30.9,68.2,97.8,Light Activity,0,2493,79.2,53.9
synthetic_001418,ESP32_GREENHOUSE_01,2026-04-24T11:48:30.000Z,14,32.47,31.7,33.3,32.7,68.62,68.3,69.8,68.5,260.4,260.4,229.0,RESTLESS,38.3,39.5,6,12926,436.5,442.5,1,3,10,1,32.3,69.2,229.0,Restless,1,12926,440.2,39.5
synthetic_000465,ESP32_GREENHOUSE_01,2026-04-24T03:52:00.000Z,15,29.85,29.2,30.4,29.7,70.21,69.4,71.6,69.6,10.0,30.1,16.0,QUIET,59.4,59.2,0,1032,17.0,8.9,12,2,0,0,29.8,70.5,16.0,Quiet,0,1032,17.9,59.2
synthetic_001303,ESP32_GREENHOUSE_01,2026-04-24T10:51:00.000Z,15,32.22,31.8,32.6,32.3,67.45,66.6,68.1,66.6,176.7,341.8,177.4,RESTLESS,43.0,42.9,5,12737,358.1,351.9,0,1,10,2,32.1,68.4,177.4,Restless,1,12737,353.3,42.9
synthetic_001658,ESP32_GREENHOUSE_01,2026-04-24T13:48:30.000Z,15,32.56,32.4,32.8,32.5,65.09,64.8,65.5,65.6,207.8,361.2,250.0,RESTLESS,37.4,35.8,12,19650,500,501.7,0,4,9,1,32.4,65.5,250.0,Restless,1,19650,495.9,35.8
synthetic_002309,ESP32_GREENHOUSE_01,2026-04-24T19:14:00.000Z,15,29.5,29.3,30.0,29.5,67.18,66.6,68.0,68.0,460.8,971.4,506.8,CRYING,34.6,32.8,15,23903,237.5,239.4,0,0,1,13,29.3,66.6,506.8,CRYING,1,23903,234.6,32.8
synthetic_002149,ESP32_GREENHOUSE_01,2026-04-24T17:54:00.000Z,15,31.15,30.6,31.6,30.9,63.96,62.6,65.2,64.0,458.7,770.4,511.8,CRYING,32.1,30.0,8,23505,387.7,382.9,0,0,2,12,31.1,63.1,511.8,CRYING,1,23505,384.3,30.0
synthetic_001667,ESP32_GREENHOUSE_01,2026-04-24T13:53:00.000Z,15,31.66,31.3,31.9,31.9,66.32,65.6,66.4,65.7,153.4,338.6,120.4,RESTLESS,41.2,42.4,6,18650,500,503.3,0,2,11,1,31.6,67.3,120.4,Restless,1,18650,503.3,42.4
synthetic_001073,ESP32_GREENHOUSE_01,2026-04-24T08:56:00.000Z,15,31.69,31.5,32.2,31.8,69.43,68.5,70.5,69.2,80.4,143.1,66.0,LIGHT_ACTIVITY,47.0,47.5,2,5132,226.2,235.8,1,9,1,0,31.7,70.2,66.0,Light Activity,0,5132,228.8,47.5
synthetic_000858,ESP32_GREENHOUSE_01,2026-04-24T07:08:30.000Z,14,30.66,29.9,31.2,30.6,71.79,71.4,72.2,72.7,90.3,148.6,80.8,LIGHT_ACTIVITY,53.0,53.4,4,3461,117.6,126.6,1,11,1,0,30.5,72.2,80.8,Light Activity,1,3461,113.4,53.4
synthetic_001660,ESP32_GREENHOUSE_01,2026-04-24T13:49:30.000Z,15,32.64,32.3,32.7,32.7,62.8,62.2,63.0,62.6,205.9,232.6,227.8,RESTLESS,43.9,43.1,9,8706,475.9,483.2,0,4,9,1,32.5,62.2,227.8,Restless,1,8706,474.2,43.1
synthetic_000286,ESP32_GREENHOUSE_01,2026-04-24T02:22:30.000Z,14,28.83,28.7,29.5,28.8,74.9,73.4,75.8,75.6,24.4,37.3,29.4,QUIET,58.8,58.6,2,1252,21.0,16.6,13,2,0,0,28.9,75.4,29.4,Quiet,0,1252,18.5,58.6
synthetic_000591,ESP32_GREENHOUSE_01,2026-04-24T04:55:00.000Z,15,29.92,29.3,30.6,29.7,73.58,73.3,73.8,74.5,16.7,44.7,14.2,QUIET,56.8,56.9,1,1256,55.9,50.4,12,1,0,0,29.8,72.8,14.2,Quiet,0,1256,54.9,56.9
synthetic_000719,ESP32_GREENHOUSE_01,2026-04-24T05:59:00.000Z,14,29.75,29.6,30.3,29.8,73.74,72.8,74.8,72.8,95.7,176.7,88.5,LIGHT_ACTIVITY,54.1,54.4,2,2266,26.6,33.4,2,13,2,0,29.9,73.2,88.5,Light Activity,0,2266,25.7,54.4
synthetic_001653,ESP32_GREENHOUSE_01,2026-04-24T13:46:00.000Z,14,32.38,32.2,32.7,32.3,63.46,62.3,64.1,63.2,165.7,273.8,175.1,RESTLESS,45.4,45.1,6,13100,500,495.6,1,3,8,1,32.2,63.7,175.1,Restless,1,13100,496.2,45.1
synthetic_002332,ESP32_GREENHOUSE_01,2026-04-24T19:25:30.000Z,14,29.58,29.0,29.9,29.8,65.95,64.8,66.3,66.6,416.6,924.3,441.2,CRYING,36.9,36.0,13,25129,309.9,301.9,0,0,2,12,29.6,65.3,441.2,CRYING,1,25129,309.2,36.0
synthetic_001928,ESP32_GREENHOUSE_01,2026-04-24T16:03:30.000Z,14,32.11,31.7,32.2,32.3,64.87,64.0,65.2,64.8,450.0,887.6,601.5,CRYING,29.2,23.3,13,21036,451.8,459.7,0,0,0,13,32.2,64.2,601.5,CRYING,1,21036,456.6,23.3
synthetic_001329,ESP32_GREENHOUSE_01,2026-04-24T11:04:00.000Z,14,31.95,31.3,32.6,31.7,68.27,67.1,68.4,68.9,195.6,353.0,158.4,RESTLESS,42.5,43.9,7,14380,418.0,416.5,0,1,8,2,31.9,69.0,158.4,Restless,1,14380,417.6,43.9
synthetic_000125,ESP32_GREENHOUSE_01,2026-04-24T01:02:00.000Z,15,28.48,27.7,29.3,28.7,72.59,72.4,73.9,72.1,23.2,62.9,18.1,QUIET,61.2,61.4,2,1391,28.7,32.9,12,0,0,0,28.6,73.1,18.1,Quiet,0,1391,30.5,61.4
synthetic_001354,ESP32_GREENHOUSE_01,2026-04-24T11:16:30.000Z,14,32.64,32.3,33.1,32.9,65.88,65.6,66.3,65.0,160.2,235.0,134.5,RESTLESS,38.8,39.8,8,19008,448.6,455.4,1,3,11,2,32.7,65.0,134.5,Restless,1,19008,448.0,39.8
synthetic_000038,ESP32_GREENHOUSE_01,2026-04-24T00:18:30.000Z,14,28.1,27.8,28.4,28.4,74.08,73.5,74.9,75.1,17.8,60.6,20.0,QUIET,61.6,61.5,1,1126,56.4,59.6,12,1,0,0,28.1,73.9,20.0,Quiet,0,1126,53.3,61.5
synthetic_000716,ESP32_GREENHOUSE_01,2026-04-24T05:57:30.000Z,14,29.86,29.3,30.6,29.6,73.52,72.1,74.0,73.9,89.9,134.3,89.2,LIGHT_ACTIVITY,54.2,54.2,2,3476,77.0,78.1,2,11,0,0,29.9,72.5,89.2,Light Activity,0,3476,73.9,54.2
synthetic_002225,ESP32_GREENHOUSE_01,2026-04-24T18:32:00.000Z,15,30.17,29.8,30.7,30.2,66.73,65.3,67.9,66.4,626.7,636.3,631.8,CRYING,26.6,26.4,10,26122,410.4,417.9,0,0,0,15,30.1,66.3,631.8,CRYING,1,26122,412.3,26.4
synthetic_001795,ESP32_GREENHOUSE_01,2026-04-24T14:57:00.000Z,14,32.31,32.0,33.0,32.2,64.48,63.8,65.1,63.5,199.4,322.9,186.8,RESTLESS,38.7,39.2,8,20548,491.2,482.2,1,1,10,0,32.2,63.5,186.8,Restless,1,20548,495.1,39.2
synthetic_001565,ESP32_GREENHOUSE_01,2026-04-24T13:02:00.000Z,15,32.13,31.6,32.6,32.3,64.48,63.7,65.5,65.4,158.0,328.2,143.5,RESTLESS,45.8,46.4,9,8514,485.4,490.1,0,2,9,0,32.2,65.2,143.5,Restless,1,8514,482.1,46.4
synthetic_002138,ESP32_GREENHOUSE_01,2026-04-24T17:48:30.000Z,14,31.08,30.8,31.6,31.2,63.76,62.3,64.0,63.8,618.0,1023,692.3,CRYING,26.2,23.3,13,25250,401.6,393.6,0,0,1,15,31.0,63.3,692.3,CRYING,1,25250,405.5,23.3
synthetic_002071,ESP32_GREENHOUSE_01,2026-04-24T17:15:00.000Z,15,30.88,30.5,31.3,30.9,63.48,63.4,64.5,62.9,388.4,795.0,452.7,CRYING,35.9,33.4,8,20576,381.5,387.7,0,0,0,12,30.9,62.9,452.7,CRYING,1,20576,383.9,33.4
synthetic_001679,ESP32_GREENHOUSE_01,2026-04-24T13:59:00.000Z,15,32.19,32.0,32.7,31.9,65.3,65.0,66.1,65.5,145.5,298.2,149.5,RESTLESS,45.6,45.5,5,11216,480.2,485.0,1,3,8,2,32.2,65.8,149.5,Restless,1,11216,477.5,45.5
synthetic_002287,ESP32_GREENHOUSE_01,2026-04-24T19:03:00.000Z,14,29.45,29.2,29.6,29.2,63.2,62.7,64.2,62.9,619.6,1023,742.7,CRYING,31.1,26.2,15,19579,273.3,274.2,0,0,0,14,29.5,62.8,742.7,CRYING,1,19579,272.5,26.2
synthetic_001713,ESP32_GREENHOUSE_01,2026-04-24T14:16:00.000Z,14,32.25,31.6,32.6,32.4,64.65,64.0,66.1,64.6,170.5,360.8,210.2,RESTLESS,44.9,43.3,10,14722,500,501.7,0,2,9,0,32.3,64.0,210.2,Restless,1,14722,502.3,43.3
synthetic_001993,ESP32_GREENHOUSE_01,2026-04-24T16:36:00.000Z,14,31.01,30.4,31.2,30.7,69.79,69.5,70.9,69.6,422.6,909.6,431.0,CRYING,30.3,30.0,11,27543,489.5,485.6,0,0,2,15,31.1,69.8,431.0,CRYING,1,27543,487.5,30.0
synthetic_002037,ESP32_GREENHOUSE_01,2026-04-24T16:58:00.000Z,14,30.85,30.5,31.5,30.7,65.54,64.7,66.6,65.3,468.2,842.8,397.6,CRYING,31.6,34.4,10,25849,437.7,438.9,0,0,2,15,31.0,65.8,397.6,CRYING,1,25849,438.1,34.4
synthetic_000734,ESP32_GREENHOUSE_01,2026-04-24T06:06:30.000Z,15,30.07,29.6,30.7,30.2,75.22,74.4,76.1,74.6,93.4,194.4,79.6,LIGHT_ACTIVITY,52.4,52.9,3,2337,50,51.9,0,9,2,0,30.1,74.6,79.6,Light Activity,0,2337,47.2,52.9
synthetic_001798,ESP32_GREENHOUSE_01,2026-04-24T14:58:30.000Z,14,32.05,31.8,32.3,32.3,64.18,64.0,64.5,65.0,107.2,349.5,98.1,RESTLESS,48.2,48.6,10,9425,500,500.5,1,4,9,1,32.2,64.1,98.1,Restless,1,9425,496.0,48.6
synthetic_002146,ESP32_GREENHOUSE_01,2026-04-24T17:52:30.000Z,15,30.9,30.7,31.7,30.8,66.0,65.1,66.3,66.3,492.5,820.3,556.6,CRYING,30.2,27.7,9,17359,424.1,432.3,0,0,1,12,30.8,66.1,556.6,CRYING,1,17359,427.2,27.7
synthetic_000276,ESP32_GREENHOUSE_01,2026-04-24T02:17:30.000Z,14,28.34,27.9,28.4,28.6,72.9,71.7,73.6,73.0,25.3,47.0,12.9,QUIET,61.3,61.8,1,979,75.8,84.5,15,1,0,0,28.3,73.3,12.9,Quiet,0,979,74.8,61.8
synthetic_002244,ESP32_GREENHOUSE_01,2026-04-24T18:41:30.000Z,15,30.89,30.1,31.4,31.0,62.6,62.5,63.8,62.2,517.5,1012.1,448.2,CRYING,31.4,34.1,15,19258,330.3,328.0,0,0,0,14,30.8,62.6,448.2,CRYING,1,19258,329.3,34.1
synthetic_000075,ESP32_GREENHOUSE_01,2026-04-24T00:37:00.000Z,15,28.4,28.1,28.5,28.6,74.98,74.5,76.5,74.5,13.1,41.6,8.0,QUIET,60.4,60.6,2,1469,31.5,41.1,15,0,0,0,28.6,74.1,8.0,Quiet,0,1469,32.9,60.6
synthetic_000317,ESP32_GREENHOUSE_01,2026-04-24T02:38:00.000Z,14,28.32,28.0,28.5,28.1,76.3,75.3,76.8,76.2,33.9,84.9,33.6,QUIET,58.9,59.0,1,1159,53.0,49.4,12,2,0,0,28.5,75.4,33.6,Quiet,0,1159,50.0,59.0
synthetic_001826,ESP32_GREENHOUSE_01,2026-04-24T15:12:30.000Z,14,31.84,31.5,32.6,31.7,65.11,63.7,65.9,65.2,681.4,1020.0,837.6,CRYING,20.8,14.7,13,22810,482.5,487.6,0,0,2,12,32.0,65.8,837.6,CRYING,1,22810,482.9,14.7
synthetic_000807,ESP32_GREENHOUSE_01,2026-04-24T06:43:00.000Z,14,30.84,30.3,31.4,30.7,71.62,71.4,72.4,71.8,70.7,185.1,77.3,LIGHT_ACTIVITY,53.4,53.1,2,4604,50,43.6,3,9,0,0,30.8,71.4,77.3,Light Activity,0,4604,48.8,53.1
synthetic_001670,ESP32_GREENHOUSE_01,2026-04-24T13:54:30.000Z,14,32.44,32.0,33.2,32.7,67.28,66.2,68.5,67.1,167.6,376.4,148.6,RESTLESS,42.8,43.6,6,14688,500,506.8,1,4,11,1,32.5,67.6,148.6,Restless,1,14688,502.1,43.6
synthetic_001823,ESP32_GREENHOUSE_01,2026-04-24T15:11:00.000Z,14,31.62,30.8,32.1,31.5,68.3,68.0,69.2,68.3,466.5,690.4,471.6,CRYING,27.8,27.6,9,26774,500,504.5,0,0,1,12,31.8,67.8,471.6,CRYING,1,26774,495.6,27.6
synthetic_001232,ESP32_GREENHOUSE_01,2026-04-24T10:15:30.000Z,14,32.6,31.8,32.8,32.4,70.64,69.8,72.1,69.8,138.4,290.6,119.8,RESTLESS,36.7,37.4,11,15548,314.4,322.2,1,2,9,2,32.7,71.1,119.8,Restless,1,15548,319.3,37.4
synthetic_002219,ESP32_GREENHOUSE_01,2026-04-24T18:29:00.000Z,15,31.08,30.6,31.6,31.2,67.67,66.4,67.8,67.7,693.5,914.0,748.7,CRYING,20.8,18.7,10,29404,291.6,297.1,0,0,0,14,31.2,66.9,748.7,CRYING,1,29404,295.4,18.7
synthetic_001988,ESP32_GREENHOUSE_01,2026-04-24T16:33:30.000Z,15,31.21,31.0,32.0,31.2,65.55,65.0,66.4,65.4,577.1,874.0,609.2,CRYING,26.3,25.1,10,23816,468.5,464.1,0,0,2,14,31.1,65.9,609.2,CRYING,1,23816,467.4,25.1
synthetic_001960,ESP32_GREENHOUSE_01,2026-04-24T16:19:30.000Z,14,31.05,30.6,31.4,30.8,66.99,66.0,67.9,67.5,657.0,844.6,874.4,CRYING,22.8,14.3,15,28082,447.5,445.0,0,0,1,15,31.0,67.2,874.4,CRYING,1,28082,448.5,14.3
synthetic_001166,ESP32_GREENHOUSE_01,2026-04-24T09:42:30.000Z,15,32.09,31.9,32.5,32.3,70.16,69.9,71.0,70.4,81.1,149.5,73.4,LIGHT_ACTIVITY,45.4,45.7,6,7228,246.3,249.8,1,12,2,0,32.2,71.1,73.4,Light Activity,1,7228,241.3,45.7
synthetic_001122,ESP32_GREENHOUSE_01,2026-04-24T09:20:30.000Z,15,31.2,30.9,31.7,31.4,70.36,69.9,71.7,69.6,96.6,174.8,109.1,LIGHT_ACTIVITY,47.1,46.6,4,7718,289.8,280.5,1,13,0,0,31.0,70.4,109.1,Light Activity,1,7718,290.4,46.6
synthetic_000279,ESP32_GREENHOUSE_01,2026-04-24T02:19:00.000Z,14,28.48,28.4,29.0,28.7,76.71,75.5,76.9,76.9,36.5,44.2,36.3,QUIET,58.1,58.1,0,965,44.2,50.9,12,0,0,0,28.3,77.3,36.3,Quiet,0,965,40.3,58.1
synthetic_001064,ESP32_GREENHOUSE_01,2026-04-24T08:51:30.000Z,15,31.14,30.9,31.5,30.9,71.27,70.0,71.4,72.0,68.3,155.6,61.1,LIGHT_ACTIVITY,47.8,48.1,7,5936,172.5,170.8,1,9,2,0,31.1,70.5,61.1,Light Activity,1,5936,168.5,48.1
synthetic_000986,ESP32_GREENHOUSE_01,2026-04-24T08:12:30.000Z,14,31.67,31.0,32.5,32.0,67.75,66.6,67.8,68.7,84.9,157.5,86.5,LIGHT_ACTIVITY,47.9,47.8,3,6288,209.3,217.1,1,10,0,0,31.5,67.5,86.5,Light Activity,0,6288,209.3,47.8
synthetic_001611,ESP32_GREENHOUSE_01,2026-04-24T13:25:00.000Z,14,33.14,32.8,33.8,33.0,65.28,63.8,65.6,64.6,149.9,327.8,168.4,RESTLESS,44.6,43.9,12,10543,493.8,495.9,0,2,8,0,33.1,64.5,168.4,Restless,1,10543,498.7,43.9
synthetic_002173,ESP32_GREENHOUSE_01,2026-04-24T18:06:00.000Z,15,30.88,30.7,31.5,30.9,67.27,67.0,68.6,67.6,725.6,827.2,682.1,CRYING,20.4,22.1,14,21473,317.8,316.9,0,0,2,14,30.8,67.4,682.1,CRYING,1,21473,318.6,22.1
synthetic_001969,ESP32_GREENHOUSE_01,2026-04-24T16:24:00.000Z,15,31.42,30.8,32.1,31.2,68.65,68.5,69.2,68.1,377.6,847.4,468.0,CRYING,31.6,28.1,15,25632,496.8,498.4,0,0,0,13,31.4,68.7,468.0,CRYING,1,25632,494.3,28.1
synthetic_001913,ESP32_GREENHOUSE_01,2026-04-24T15:56:00.000Z,14,32.22,31.4,32.8,32.0,66.91,66.5,67.3,65.9,496.3,1023,442.9,CRYING,25.8,27.9,14,26930,468.5,460.1,0,0,1,15,32.4,66.7,442.9,CRYING,1,26930,467.2,27.9
synthetic_000355,ESP32_GREENHOUSE_01,2026-04-24T02:57:00.000Z,14,28.18,27.4,28.5,27.9,76.14,75.1,76.8,75.7,37.2,68.1,37.9,QUIET,59.3,59.3,2,1360,16.3,8.1,15,1,0,0,28.0,75.2,37.9,Quiet,0,1360,17.6,59.3
synthetic_000442,ESP32_GREENHOUSE_01,2026-04-24T03:40:30.000Z,14,29.62,29.4,30.4,29.5,71.26,71.1,71.8,71.0,38.7,49.0,42.6,QUIET,58.3,58.1,2,230,58.1,66.6,15,0,0,0,29.5,70.3,42.6,Quiet,0,230,54.6,58.1
synthetic_001337,ESP32_GREENHOUSE_01,2026-04-24T11:08:00.000Z,15,32.19,31.4,32.9,32.1,66.25,65.7,67.1,66.5,159.5,308.7,163.8,RESTLESS,39.5,39.3,12,15674,455.6,448.5,0,4,12,0,32.3,65.8,163.8,Restless,1,15674,451.5,39.3
synthetic_000852,ESP32_GREENHOUSE_01,2026-04-24T07:05:30.000Z,14,31.64,31.1,31.8,31.6,72.75,72.5,74.1,73.3,64.0,97.9,61.9,LIGHT_ACTIVITY,45.7,45.8,3,7373,144.9,145.0,3,12,1,0,31.6,73.5,61.9,Light Activity,0,7373,144.0,45.8
synthetic_002010,ESP32_GREENHOUSE_01,2026-04-24T16:44:30.000Z,14,30.83,30.1,31.0,30.9,64.9,63.4,65.5,64.7,585.0,885.2,590.5,CRYING,27.5,27.3,9,27041,463.3,463.0,0,0,1,14,31.0,64.9,590.5,CRYING,1,27041,464.0,27.3
synthetic_002136,ESP32_GREENHOUSE_01,2026-04-24T17:47:30.000Z,14,30.79,30.2,31.0,30.6,65.28,64.9,66.0,65.1,613.7,876.1,711.6,CRYING,26.2,22.4,15,16003,370.7,362.9,0,0,0,12,30.9,64.9,711.6,CRYING,1,16003,375.4,22.4
synthetic_000752,ESP32_GREENHOUSE_01,2026-04-24T06:15:30.000Z,15,30.51,30.2,30.6,30.8,71.66,70.4,72.1,70.9,84.6,146.0,74.4,LIGHT_ACTIVITY,48.7,49.1,3,5165,50,47.9,0,13,1,0,30.5,72.6,74.4,Light Activity,0,5165,45.9,49.1
synthetic_000592,ESP32_GREENHOUSE_01,2026-04-24T04:55:30.000Z,15,29.54,28.9,29.7,29.5,74.55,73.6,75.4,75.4,25.0,59.3,23.2,QUIET,57.0,57.0,1,1455,56.2,46.9,15,2,0,0,29.7,74.3,23.2,Quiet,0,1455,51.7,57.0
synthetic_001417,ESP32_GREENHOUSE_01,2026-04-24T11:48:00.000Z,14,32.17,31.5,32.8,31.9,64.33,63.5,65.8,64.3,195.8,319.8,213.4,RESTLESS,44.3,43.6,12,9570,359.9,350.7,0,3,12,2,32.3,64.9,213.4,Restless,1,9570,357.7,43.6
synthetic_001633,ESP32_GREENHOUSE_01,2026-04-24T13:36:00.000Z,15,32.22,31.6,32.4,32.1,66.77,65.7,67.2,67.1,227.8,227.8,259.2,RESTLESS,41.4,40.2,11,11185,495.3,492.2,0,3,8,0,32.4,66.6,259.2,Restless,1,11185,494.3,40.2
synthetic_000374,ESP32_GREENHOUSE_01,2026-04-24T03:06:30.000Z,14,29.26,28.9,29.9,29.0,72.0,70.6,72.5,71.5,34.1,54.4,37.8,QUIET,59.0,58.8,0,536,23.7,29.9,12,0,0,0,29.3,72.9,37.8,Quiet,0,536,28.5,58.8
synthetic_001488,ESP32_GREENHOUSE_01,2026-04-24T12:23:30.000Z,14,32.18,31.5,32.3,32.2,68.39,68.2,69.4,68.5,153.5,283.5,103.0,RESTLESS,43.4,45.4,8,9284,462.6,470.8,0,1,11,2,32.0,69.3,103.0,Restless,1,9284,460.6,45.4
synthetic_000522,ESP32_GREENHOUSE_01,2026-04-24T04:20:30.000Z,14,29.74,29.0,30.4,29.9,71.19,70.9,71.3,70.5,33.3,69.5,39.3,QUIET,58.2,57.9,1,177,40.3,37.0,13,1,0,0,29.7,71.7,39.3,Quiet,0,177,42.0,57.9
synthetic_001581,ESP32_GREENHOUSE_01,2026-04-24T13:10:00.000Z,14,31.65,31.2,32.4,31.7,65.69,64.4,66.3,65.7,135.6,314.8,106.7,RESTLESS,47.3,48.4,9,9746,478.1,484.8,1,4,11,1,31.8,66.5,106.7,Restless,1,9746,482.6,48.4
synthetic_001087,ESP32_GREENHOUSE_01,2026-04-24T09:03:00.000Z,15,32.22,31.6,32.5,32.4,65.72,65.5,66.9,66.4,106.6,190.7,104.7,LIGHT_ACTIVITY,46.8,46.9,2,7277,283.8,284.5,2,13,0,0,32.1,66.0,104.7,Light Activity,0,7277,281.2,46.9
synthetic_000992,ESP32_GREENHOUSE_01,2026-04-24T08:15:30.000Z,15,31.75,31.4,32.5,31.5,71.18,69.9,71.5,70.9,97.7,143.5,99.6,LIGHT_ACTIVITY,50.0,50.0,4,2050,192.1,188.7,0,10,1,0,31.8,72.0,99.6,Light Activity,1,2050,189.4,50.0
synthetic_001837,ESP32_GREENHOUSE_01,2026-04-24T15:18:00.000Z,14,32.27,31.9,33.0,32.3,63.36,62.0,63.4,63.9,583.0,857.3,608.4,CRYING,24.5,23.5,13,24451,500,498.4,0,0,2,13,32.4,63.0,608.4,CRYING,1,24451,496.2,23.5
synthetic_000564,ESP32_GREENHOUSE_01,2026-04-24T04:41:30.000Z,15,29.95,29.4,30.7,29.7,73.93,73.0,75.1,73.7,18.3,44.0,13.8,QUIET,56.5,56.6,0,665,38.6,38.8,13,0,0,0,29.8,74.8,13.8,Quiet,0,665,38.2,56.6
synthetic_001135,ESP32_GREENHOUSE_01,2026-04-24T09:27:00.000Z,14,32.2,31.5,32.6,32.3,70.59,69.5,71.6,70.3,96.4,122.3,98.1,LIGHT_ACTIVITY,44.2,44.1,2,5916,314.8,309.2,2,13,0,0,32.2,69.8,98.1,Light Activity,0,5916,318.3,44.1
synthetic_000736,ESP32_GREENHOUSE_01,2026-04-24T06:07:30.000Z,15,30.31,30.0,30.6,30.6,74.41,74.2,75.5,74.2,94.1,162.6,94.8,LIGHT_ACTIVITY,52.2,52.2,2,3502,50,40.1,3,11,1,0,30.4,73.8,94.8,Light Activity,0,3502,48.7,52.2
synthetic_000360,ESP32_GREENHOUSE_01,2026-04-24T02:59:30.000Z,15,28.36,27.8,28.6,28.1,73.47,72.1,73.9,73.0,26.8,75.9,25.8,QUIET,60.9,60.9,1,85,73.8,77.4,12,1,0,0,28.6,74.2,25.8,Quiet,0,85,70.9,60.9
synthetic_001502,ESP32_GREENHOUSE_01,2026-04-24T12:30:30.000Z,15,32.88,32.6,33.6,32.8,65.26,64.6,66.8,65.3,175.3,419.4,162.9,RESTLESS,43.6,44.1,9,8167,477.5,486.7,0,4,12,0,32.7,66.2,162.9,Restless,1,8167,474.3,44.1
synthetic_001226,ESP32_GREENHOUSE_01,2026-04-24T10:12:30.000Z,15,33.23,32.5,33.7,33.4,67.03,66.4,67.8,66.0,160.7,262.1,174.1,RESTLESS,43.1,42.5,11,9253,330.1,334.5,1,3,11,1,33.3,66.9,174.1,Restless,1,9253,331.8,42.5
synthetic_001616,ESP32_GREENHOUSE_01,2026-04-24T13:27:30.000Z,15,32.37,31.8,32.7,32.6,65.65,65.3,66.1,64.7,65.1,340.5,83.8,RESTLESS,48.0,47.3,9,8311,500,501.2,0,3,8,2,32.4,66.0,83.8,Restless,1,8311,497.4,47.3
synthetic_001523,ESP32_GREENHOUSE_01,2026-04-24T12:41:00.000Z,15,32.51,32.0,32.8,32.5,67.76,67.2,68.7,67.9,169.4,240.9,140.8,RESTLESS,37.3,38.4,12,17948,453.5,458.5,0,3,12,2,32.4,67.0,140.8,Restless,1,17948,448.9,38.4
synthetic_001799,ESP32_GREENHOUSE_01,2026-04-24T14:59:00.000Z,15,32.34,31.8,32.7,32.1,60.43,59.9,60.7,60.9,146.6,342.2,133.7,RESTLESS,43.2,43.7,10,15303,461.8,469.1,1,4,10,0,32.4,60.7,133.7,Restless,1,15303,465.2,43.7
synthetic_001388,ESP32_GREENHOUSE_01,2026-04-24T11:33:30.000Z,14,33.19,32.9,33.5,33.4,61.82,61.0,62.9,62.2,186.1,277.3,155.6,RESTLESS,40.3,41.5,9,19619,436.9,431.4,0,3,8,2,33.2,61.7,155.6,Restless,1,19619,441.1,41.5
synthetic_002170,ESP32_GREENHOUSE_01,2026-04-24T18:04:30.000Z,14,30.38,29.9,30.9,30.1,68.18,68.2,68.5,68.0,755.3,806.1,729.4,CRYING,20.0,21.1,9,25891,336.9,330.4,0,0,2,12,30.2,67.7,729.4,CRYING,1,25891,334.9,21.1
synthetic_001412,ESP32_GREENHOUSE_01,2026-04-24T11:45:30.000Z,14,32.74,32.4,33.2,32.6,67.1,66.7,68.4,68.0,185.5,229.8,216.8,RESTLESS,42.1,40.8,6,9140,411.4,417.7,0,4,10,0,32.6,67.5,216.8,Restless,1,9140,408.1,40.8
synthetic_001791,ESP32_GREENHOUSE_01,2026-04-24T14:55:00.000Z,15,32.49,31.8,33.1,32.4,64.84,64.2,64.9,63.9,232.4,340.3,180.3,RESTLESS,36.7,38.7,8,18143,460.6,454.1,0,2,8,0,32.6,64.4,180.3,Restless,1,18143,458.5,38.7
synthetic_001171,ESP32_GREENHOUSE_01,2026-04-24T09:45:00.000Z,14,32.47,31.7,33.0,32.4,73.33,72.9,74.5,73.2,100.2,186.2,88.0,LIGHT_ACTIVITY,46.6,47.1,7,3102,284.1,278.9,0,10,1,0,32.6,73.8,88.0,Light Activity,1,3102,282.0,47.1
synthetic_001951,ESP32_GREENHOUSE_01,2026-04-24T16:15:00.000Z,15,31.68,31.3,31.8,31.6,68.1,67.2,68.6,69.0,330.2,839.0,381.0,CRYING,33.1,31.1,15,16884,500,509.2,0,0,2,15,31.5,68.4,381.0,CRYING,1,16884,504.0,31.1
synthetic_001471,ESP32_GREENHOUSE_01,2026-04-24T12:15:00.000Z,14,33.07,32.8,33.6,33.3,64.72,63.8,66.2,64.4,151.7,310.1,219.0,RESTLESS,44.9,42.2,11,9593,454.2,462.3,1,3,11,2,33.0,65.0,219.0,Restless,1,9593,449.5,42.2
synthetic_001808,ESP32_GREENHOUSE_01,2026-04-24T15:03:30.000Z,15,32.51,32.0,33.3,32.6,66.52,65.8,67.8,66.0,368.4,714.5,316.7,CRYING,30.3,32.3,11,15224,500,495.3,0,0,1,12,32.4,67.5,316.7,CRYING,1,15224,503.3,32.3
synthetic_001994,ESP32_GREENHOUSE_01,2026-04-24T16:36:30.000Z,15,32.06,31.3,32.7,32.3,62.31,60.9,63.3,61.9,436.2,722.9,346.5,CRYING,31.5,35.0,13,18686,448.5,441.1,0,0,1,14,32.1,62.1,346.5,CRYING,1,18686,444.0,35.0
synthetic_000145,ESP32_GREENHOUSE_01,2026-04-24T01:12:00.000Z,14,28.82,28.0,29.0,28.9,75.3,74.9,76.5,76.1,23.2,59.9,21.4,QUIET,58.6,58.7,1,1084,14.1,5.2,14,2,0,0,29.0,74.7,21.4,Quiet,0,1084,17.6,58.7
synthetic_002082,ESP32_GREENHOUSE_01,2026-04-24T17:20:30.000Z,15,30.81,30.6,31.1,30.6,66.81,65.5,66.9,66.2,522.4,1023,480.5,CRYING,28.8,30.4,14,20334,418.9,426.8,0,0,0,14,30.7,65.8,480.5,CRYING,1,20334,415.4,30.4
synthetic_002329,ESP32_GREENHOUSE_01,2026-04-24T19:24:00.000Z,15,29.78,29.1,30.5,29.5,70.16,70.0,70.6,69.6,638.0,863.5,539.1,CRYING,25.1,28.9,11,23920,255.6,256.5,0,0,0,14,29.9,70.8,539.1,CRYING,1,23920,253.9,28.9
synthetic_000640,ESP32_GREENHOUSE_01,2026-04-24T05:19:30.000Z,15,30.36,30.0,30.5,30.1,71.67,71.2,73.2,71.9,70.2,135.9,82.6,LIGHT_ACTIVITY,49.7,49.2,5,5204,70.8,68.8,1,10,2,0,30.2,72.3,82.6,Light Activity,1,5204,72.4,49.2
synthetic_001159,ESP32_GREENHOUSE_01,2026-04-24T09:39:00.000Z,14,32.44,32.1,32.6,32.2,69.72,68.4,70.7,69.0,93.5,132.0,84.5,LIGHT_ACTIVITY,49.2,49.5,4,3661,301.1,302.0,1,12,2,0,32.5,68.9,84.5,Light Activity,1,3661,302.8,49.5
synthetic_002070,ESP32_GREENHOUSE_01,2026-04-24T17:14:30.000Z,14,30.67,30.1,31.1,30.4,65.16,63.8,66.4,65.3,564.6,1023,656.7,CRYING,28.6,25.0,10,26372,435.5,441.7,0,0,2,13,30.8,65.9,656.7,CRYING,1,26372,432.6,25.0
synthetic_001203,ESP32_GREENHOUSE_01,2026-04-24T10:01:00.000Z,14,31.97,31.8,32.3,32.2,66.37,65.9,67.0,65.9,145.6,187.9,153.1,RESTLESS,45.6,45.3,6,10509,330.6,337.3,1,3,9,2,32.1,65.7,153.1,Restless,1,10509,331.2,45.3
synthetic_000479,ESP32_GREENHOUSE_01,2026-04-24T03:59:00.000Z,15,29.37,28.6,29.9,29.1,72.09,71.4,72.3,71.3,43.3,74.5,38.3,QUIET,58.3,58.5,0,569,38.0,28.3,15,0,0,0,29.4,71.6,38.3,Quiet,0,569,37.8,58.5
synthetic_001136,ESP32_GREENHOUSE_01,2026-04-24T09:27:30.000Z,14,32.15,31.9,32.4,32.1,69.02,68.0,69.8,68.8,81.3,147.9,99.2,LIGHT_ACTIVITY,45.9,45.2,3,6167,334.2,336.5,1,10,2,0,32.0,69.0,99.2,Light Activity,0,6167,338.8,45.2
synthetic_000763,ESP32_GREENHOUSE_01,2026-04-24T06:21:00.000Z,15,31.37,31.2,32.1,31.6,66.91,66.8,68.0,66.6,82.8,91.4,91.0,LIGHT_ACTIVITY,54.4,54.0,3,4806,50.7,41.2,1,10,1,0,31.4,66.9,91.0,Light Activity,0,4806,55.3,54.0
synthetic_000838,ESP32_GREENHOUSE_01,2026-04-24T06:58:30.000Z,14,30.79,30.4,31.3,31.0,74.65,74.2,76.0,74.2,90.5,159.5,87.4,LIGHT_ACTIVITY,45.8,46.0,2,7125,50,58.8,1,10,2,0,30.9,75.6,87.4,Light Activity,0,7125,53.9,46.0
synthetic_001332,ESP32_GREENHOUSE_01,2026-04-24T11:05:30.000Z,14,32.6,32.1,33.1,32.7,64.05,62.8,64.3,63.9,181.8,236.9,190.4,RESTLESS,39.1,38.8,11,21466,442.4,447.7,1,1,11,1,32.7,63.9,190.4,Restless,1,21466,439.8,38.8
synthetic_001590,ESP32_GREENHOUSE_01,2026-04-24T13:14:30.000Z,14,32.15,31.6,32.9,32.1,65.78,64.6,66.2,65.7,137.2,316.1,146.0,RESTLESS,45.8,45.4,11,14399,457.0,455.0,0,3,10,1,32.3,66.4,146.0,Restless,1,14399,461.5,45.4
synthetic_001540,ESP32_GREENHOUSE_01,2026-04-24T12:49:30.000Z,14,31.94,31.8,32.6,32.1,66.02,64.7,66.6,65.2,222.2,333.9,256.5,RESTLESS,37.9,36.5,5,15353,463.3,467.1,1,2,10,2,32.1,66.5,256.5,Restless,1,15353,465.4,36.5
synthetic_001110,ESP32_GREENHOUSE_01,2026-04-24T09:14:30.000Z,14,32.21,31.6,32.3,32.1,69.54,68.2,69.8,70.4,71.9,176.3,96.1,LIGHT_ACTIVITY,50.8,49.8,5,1585,270.7,263.7,2,13,2,0,32.2,70.3,96.1,Light Activity,1,1585,274.2,49.8
synthetic_001950,ESP32_GREENHOUSE_01,2026-04-24T16:14:30.000Z,14,31.91,31.2,32.2,32.2,64.42,63.6,65.1,65.2,511.3,596.7,460.7,CRYING,27.6,29.6,15,27854,419.3,425.9,0,0,0,12,31.9,64.8,460.7,CRYING,1,27854,416.6,29.6
synthetic_002014,ESP32_GREENHOUSE_01,2026-04-24T16:46:30.000Z,15,31.13,30.7,31.5,31.3,65.38,64.7,65.4,64.8,493.8,582.8,449.3,CRYING,29.9,31.7,12,22617,410.9,415.5,0,0,2,15,31.1,65.3,449.3,CRYING,1,22617,413.2,31.7
synthetic_001723,ESP32_GREENHOUSE_01,2026-04-24T14:21:00.000Z,15,32.61,31.9,32.9,32.5,68.46,68.4,69.9,68.4,167.7,291.3,204.4,RESTLESS,36.9,35.5,12,19383,481.7,475.7,1,1,12,0,32.7,68.0,204.4,Restless,1,19383,485.4,35.5
synthetic_001498,ESP32_GREENHOUSE_01,2026-04-24T12:28:30.000Z,14,32.43,32.2,32.6,32.3,67.99,67.9,69.1,68.4,225.0,302.1,221.8,RESTLESS,35.2,35.3,8,17784,477.0,481.7,0,1,8,1,32.5,68.9,221.8,Restless,1,17784,476.3,35.3
synthetic_002391,ESP32_GREENHOUSE_01,2026-04-24T19:55:00.000Z,15,29.65,29.5,30.2,29.5,66.43,65.4,66.9,65.6,603.8,873.0,476.4,CRYING,29.1,34.1,8,26586,253.1,257.8,0,0,2,12,29.5,65.8,476.4,CRYING,1,26586,257.0,34.1
synthetic_002313,ESP32_GREENHOUSE_01,2026-04-24T19:16:00.000Z,15,30.04,29.9,30.5,30.1,65.93,64.9,66.4,65.4,538.4,962.4,482.8,CRYING,30.9,33.1,13,22795,289.4,292.4,0,0,0,15,30.1,66.0,482.8,CRYING,1,22795,293.1,33.1
synthetic_000932,ESP32_GREENHOUSE_01,2026-04-24T07:45:30.000Z,15,30.35,30.2,31.0,30.1,69.13,68.8,70.0,68.2,82.1,192.8,82.2,LIGHT_ACTIVITY,55.9,55.8,7,4108,108.5,117.7,1,10,2,0,30.4,69.8,82.2,Light Activity,1,4108,113.3,55.8
synthetic_000577,ESP32_GREENHOUSE_01,2026-04-24T04:48:00.000Z,15,30.43,30.0,30.8,30.4,72.93,71.8,73.5,73.9,26.9,46.4,25.8,QUIET,55.4,55.5,2,724,31.4,28.5,14,1,0,0,30.6,73.9,25.8,Quiet,0,724,34.1,55.5
synthetic_000792,ESP32_GREENHOUSE_01,2026-04-24T06:35:30.000Z,15,30.76,30.5,31.6,30.5,72.04,70.9,72.1,72.3,58.2,140.5,69.4,LIGHT_ACTIVITY,48.8,48.4,7,7205,50,50.0,2,13,0,0,30.9,71.6,69.4,Light Activity,1,7205,53.3,48.4
synthetic_002128,ESP32_GREENHOUSE_01,2026-04-24T17:43:30.000Z,15,31.65,31.5,32.1,31.4,67.19,65.9,67.3,67.8,454.0,1023,562.7,CRYING,28.9,24.6,12,23880,342.2,332.5,0,0,2,13,31.8,66.9,562.7,CRYING,1,23880,347.0,24.6
synthetic_001144,ESP32_GREENHOUSE_01,2026-04-24T09:31:30.000Z,15,31.9,31.5,32.5,31.7,71.02,70.7,71.0,70.7,94.0,145.2,99.4,LIGHT_ACTIVITY,49.9,49.7,5,1687,241.2,244.7,1,13,2,0,31.9,70.6,99.4,Light Activity,1,1687,240.5,49.7
synthetic_000626,ESP32_GREENHOUSE_01,2026-04-24T05:12:30.000Z,15,30.04,29.4,30.5,30.0,74.85,74.3,75.3,74.6,85.7,150.8,76.3,LIGHT_ACTIVITY,53.0,53.4,4,3204,68.8,73.3,3,12,1,0,29.9,74.3,76.3,Light Activity,1,3204,65.7,53.4
synthetic_000887,ESP32_GREENHOUSE_01,2026-04-24T07:23:00.000Z,15,31.2,30.6,31.7,30.9,70.16,69.3,71.5,71.1,85.3,182.7,86.3,LIGHT_ACTIVITY,47.7,47.7,7,6246,139.5,135.8,3,13,2,0,31.3,69.4,86.3,Light Activity,1,6246,143.1,47.7
synthetic_000020,ESP32_GREENHOUSE_01,2026-04-24T00:09:30.000Z,15,28.2,27.9,28.8,28.2,76.27,76.0,77.3,76.0,22.7,49.5,18.1,QUIET,59.7,59.9,1,1038,60.4,65.4,14,2,0,0,28.1,76.4,18.1,Quiet,0,1038,59.5,59.9
synthetic_000757,ESP32_GREENHOUSE_01,2026-04-24T06:18:00.000Z,15,30.44,29.8,31.1,30.7,69.44,69.2,70.8,70.1,76.5,179.8,74.7,LIGHT_ACTIVITY,55.6,55.7,4,3426,50,56.0,3,13,2,0,30.6,69.8,74.7,Light Activity,1,3426,47.3,55.7
synthetic_001870,ESP32_GREENHOUSE_01,2026-04-24T15:34:30.000Z,15,32.26,31.8,32.8,32.0,65.36,64.1,65.8,65.5,356.8,593.1,287.6,CRYING,32.1,34.8,13,25220,472.1,467.0,0,0,0,14,32.2,64.4,287.6,CRYING,1,25220,472.0,34.8
synthetic_000119,ESP32_GREENHOUSE_01,2026-04-24T00:59:00.000Z,14,28.28,27.6,28.8,28.1,74.07,73.1,74.7,74.5,36.4,40.9,34.8,QUIET,60.3,60.4,0,677,22.2,29.9,15,1,0,0,28.3,73.9,34.8,Quiet,0,677,17.2,60.4
synthetic_001608,ESP32_GREENHOUSE_01,2026-04-24T13:23:30.000Z,15,32.85,32.1,33.5,32.8,65.21,64.1,66.3,64.9,158.2,273.2,154.4,RESTLESS,39.3,39.5,9,21435,500,499.3,1,3,11,2,32.8,64.8,154.4,Restless,1,21435,504.9,39.5
synthetic_001959,ESP32_GREENHOUSE_01,2026-04-24T16:19:00.000Z,14,30.98,30.3,31.7,31.0,64.59,64.5,65.1,64.6,406.5,891.7,431.5,CRYING,34.2,33.3,9,27033,404.7,414.1,0,0,0,14,31.1,64.3,431.5,CRYING,1,27033,406.8,33.3
synthetic_000930,ESP32_GREENHOUSE_01,2026-04-24T07:44:30.000Z,14,30.76,30.2,31.0,30.8,67.69,66.6,69.0,66.9,96.6,110.8,98.1,LIGHT_ACTIVITY,55.0,55.0,6,4704,98.9,90.5,0,9,0,0,30.7,68.7,98.1,Light Activity,1,4704,98.8,55.0
synthetic_000482,ESP32_GREENHOUSE_01,2026-04-24T04:00:30.000Z,15,29.09,28.5,29.8,29.2,71.59,71.3,72.6,70.9,7.9,58.9,11.5,QUIET,60.7,60.6,0,193,30.2,26.8,13,2,0,0,29.1,72.5,11.5,Quiet,0,193,31.9,60.6
synthetic_000120,ESP32_GREENHOUSE_01,2026-04-24T00:59:30.000Z,14,28.3,27.9,28.6,28.5,69.13,68.3,70.1,69.3,27.2,57.1,31.9,QUIET,63.7,63.6,2,382,50.4,52.6,14,1,0,0,28.3,68.8,31.9,Quiet,0,382,53.9,63.6
synthetic_001883,ESP32_GREENHOUSE_01,2026-04-24T15:41:00.000Z,14,31.63,31.3,32.2,31.7,65.23,63.9,65.7,65.7,490.7,1023,429.3,CRYING,28.7,31.1,9,15676,488.0,483.1,0,0,2,12,31.6,65.1,429.3,CRYING,1,15676,488.7,31.1
synthetic_000795,ESP32_GREENHOUSE_01,2026-04-24T06:37:00.000Z,14,30.05,29.8,30.6,30.2,73.33,72.5,74.2,74.1,72.7,167.4,76.8,LIGHT_ACTIVITY,54.4,54.3,2,2797,50,55.6,0,11,0,0,30.0,72.6,76.8,Light Activity,0,2797,46.1,54.3
synthetic_001313,ESP32_GREENHOUSE_01,2026-04-24T10:56:00.000Z,14,32.38,31.7,32.8,32.6,66.18,65.7,66.8,66.0,232.2,232.2,236.1,RESTLESS,36.1,36.0,5,21534,381.9,386.1,1,1,12,2,32.5,66.9,236.1,Restless,1,21534,379.1,36.0
synthetic_002269,ESP32_GREENHOUSE_01,2026-04-24T18:54:00.000Z,15,30.87,30.5,31.4,31.1,64.93,64.9,65.4,65.3,544.5,845.4,622.2,CRYING,28.9,25.9,15,22299,343.9,344.8,0,0,2,14,30.8,64.2,622.2,CRYING,1,22299,346.3,25.9
synthetic_000869,ESP32_GREENHOUSE_01,2026-04-24T07:14:00.000Z,14,30.74,30.1,31.0,30.5,69.47,69.4,69.7,69.3,100.8,166.5,109.0,LIGHT_ACTIVITY,48.8,48.5,5,6473,106.7,103.8,3,9,2,0,30.9,70.1,109.0,Light Activity,1,6473,107.2,48.5
synthetic_000733,ESP32_GREENHOUSE_01,2026-04-24T06:06:00.000Z,14,31.12,30.5,31.5,31.0,67.58,66.6,69.1,67.2,88.9,174.2,89.5,LIGHT_ACTIVITY,54.4,54.4,4,4216,50,44.1,1,12,2,0,31.0,68.5,89.5,Light Activity,1,4216,53.2,54.4
synthetic_002215,ESP32_GREENHOUSE_01,2026-04-24T18:27:00.000Z,15,29.89,29.5,30.5,30.1,63.81,62.9,64.5,62.9,665.6,787.0,656.6,CRYING,27.7,28.0,10,21813,324.6,325.1,0,0,2,12,29.8,63.7,656.6,CRYING,1,21813,319.8,28.0
synthetic_001308,ESP32_GREENHOUSE_01,2026-04-24T10:53:30.000Z,14,32.63,32.2,33.4,32.7,65.93,65.6,67.3,65.0,188.1,294.4,179.6,RESTLESS,37.7,38.0,10,21451,386.6,377.2,1,2,10,0,32.6,66.6,179.6,Restless,1,21451,385.1,38.0
synthetic_001848,ESP32_GREENHOUSE_01,2026-04-24T15:23:30.000Z,14,32.5,31.9,32.7,32.5,69.75,69.4,69.9,69.1,412.5,667.8,359.5,CRYING,26.5,28.6,10,29322,495.6,486.5,0,0,1,15,32.6,69.5,359.5,CRYING,1,29322,492.2,28.6
synthetic_000466,ESP32_GREENHOUSE_01,2026-04-24T03:52:30.000Z,15,29.23,29.0,29.8,29.1,72.89,72.6,74.2,73.3,26.8,73.5,28.4,QUIET,58.8,58.7,2,267,36.8,42.9,15,2,0,0,29.2,72.4,28.4,Quiet,0,267,32.3,58.7
synthetic_000671,ESP32_GREENHOUSE_01,2026-04-24T05:35:00.000Z,14,29.95,29.5,30.1,29.9,74.38,73.9,75.2,74.6,84.4,202.7,91.5,LIGHT_ACTIVITY,48.6,48.3,5,5689,74.4,69.4,3,12,2,0,29.9,73.9,91.5,Light Activity,1,5689,72.3,48.3
synthetic_002379,ESP32_GREENHOUSE_01,2026-04-24T19:49:00.000Z,14,29.43,29.3,29.5,29.1,67.18,66.8,68.6,66.6,426.5,561.2,340.4,CRYING,36.2,39.5,15,17313,267.6,260.0,0,0,0,13,29.3,66.3,340.4,CRYING,1,17313,269.7,39.5
synthetic_000768,ESP32_GREENHOUSE_01,2026-04-24T06:23:30.000Z,15,30.41,30.2,30.6,30.7,71.86,70.5,73.3,72.5,83.8,125.5,100.2,LIGHT_ACTIVITY,48.9,48.3,7,6319,50,48.6,3,11,1,0,30.3,71.1,100.2,Light Activity,1,6319,53.5,48.3
synthetic_000634,ESP32_GREENHOUSE_01,2026-04-24T05:16:30.000Z,15,28.71,28.2,29.2,28.6,74.33,73.0,75.7,73.5,130.0,139.7,135.3,LIGHT_ACTIVITY,55.3,55.1,7,4302,39.7,43.0,1,11,2,0,28.6,74.3,135.3,Light Activity,1,4302,35.8,55.1
synthetic_001777,ESP32_GREENHOUSE_01,2026-04-24T14:48:00.000Z,15,31.55,31.0,32.1,31.6,70.43,69.9,70.6,69.9,86.1,225.4,134.4,RESTLESS,46.5,44.6,6,11651,483.3,478.5,0,2,12,1,31.5,71.4,134.4,Restless,1,11651,482.0,44.6
synthetic_001528,ESP32_GREENHOUSE_01,2026-04-24T12:43:30.000Z,14,32.6,31.9,32.9,32.4,69.54,69.4,70.3,70.3,210.9,270.9,229.1,RESTLESS,34.5,33.8,11,17691,473.3,479.1,1,4,10,1,32.8,70.2,229.1,Restless,1,17691,473.7,33.8
synthetic_002036,ESP32_GREENHOUSE_01,2026-04-24T16:57:30.000Z,14,31.71,31.4,31.9,31.9,66.7,65.7,68.2,67.7,543.3,625.5,564.2,CRYING,25.5,24.7,14,25609,433.3,424.5,0,0,1,13,31.5,67.3,564.2,CRYING,1,25609,437.2,24.7
synthetic_000641,ESP32_GREENHOUSE_01,2026-04-24T05:20:00.000Z,15,30.15,29.9,30.6,30.3,71.79,71.1,73.2,71.1,96.1,195.6,97.5,LIGHT_ACTIVITY,49.2,49.1,2,5574,33.6,43.0,3,10,1,0,30.0,72.7,97.5,Light Activity,0,5574,29.3,49.1
synthetic_001839,ESP32_GREENHOUSE_01,2026-04-24T15:19:00.000Z,14,31.89,31.3,32.5,32.0,66.69,65.4,67.2,67.3,605.8,927.1,619.0,CRYING,22.6,22.1,12,19195,500,492.6,0,0,2,14,31.8,66.9,619.0,CRYING,1,19195,499.9,22.1
synthetic_001534,ESP32_GREENHOUSE_01,2026-04-24T12:46:30.000Z,15,32.69,32.2,33.1,32.8,66.62,65.6,67.7,66.7,209.7,294.6,221.8,RESTLESS,41.4,40.9,5,10301,490.2,491.5,1,1,10,1,32.8,66.0,221.8,Restless,1,10301,493.2,40.9
synthetic_000170,ESP32_GREENHOUSE_01,2026-04-24T01:24:30.000Z,14,28.12,27.5,28.6,28.2,71.43,70.3,72.7,72.4,14.2,66.7,18.5,QUIET,63.3,63.1,0,1047,39.3,36.5,12,1,0,0,28.1,70.8,18.5,Quiet,0,1047,39.8,63.1
synthetic_000976,ESP32_GREENHOUSE_01,2026-04-24T08:07:30.000Z,14,32.26,31.6,32.6,32.1,67.8,67.6,68.4,66.9,99.3,130.6,95.6,LIGHT_ACTIVITY,50.7,50.8,2,3969,190.9,190.4,0,12,2,0,32.2,68.4,95.6,Light Activity,0,3969,191.4,50.8
synthetic_001566,ESP32_GREENHOUSE_01,2026-04-24T13:02:30.000Z,15,32.22,31.5,32.6,32.1,68.14,67.1,68.9,68.1,139.0,303.9,164.1,RESTLESS,39.0,38.0,6,17599,500,495.7,1,2,10,1,32.4,68.3,164.1,Restless,1,17599,497.6,38.0
synthetic_001747,ESP32_GREENHOUSE_01,2026-04-24T14:33:00.000Z,14,32.4,32.1,32.6,32.7,66.54,65.3,67.4,67.0,228.4,250.2,189.7,RESTLESS,41.0,42.5,10,14390,500,507.7,1,2,8,0,32.3,66.4,189.7,Restless,1,14390,502.4,42.5
synthetic_001411,ESP32_GREENHOUSE_01,2026-04-24T11:45:00.000Z,14,32.36,31.9,32.9,32.6,63.51,62.1,64.0,63.9,190.9,190.9,213.8,RESTLESS,39.5,38.6,7,19312,381.7,380.7,0,4,9,1,32.6,63.7,213.8,Restless,1,19312,379.3,38.6
synthetic_000302,ESP32_GREENHOUSE_01,2026-04-24T02:30:30.000Z,15,28.61,27.9,28.7,28.6,75.15,74.6,75.9,74.8,31.2,49.1,29.1,QUIET,59.0,59.0,1,555,69.1,77.3,14,0,0,0,28.5,74.5,29.1,Quiet,0,555,66.3,59.0
synthetic_001124,ESP32_GREENHOUSE_01,2026-04-24T09:21:30.000Z,15,32.22,32.0,32.9,31.9,67.49,66.9,68.9,67.6,77.9,148.0,74.5,LIGHT_ACTIVITY,46.8,46.9,4,6352,306.8,297.8,2,9,2,0,32.1,68.3,74.5,Light Activity,1,6352,307.0,46.9
synthetic_001220,ESP32_GREENHOUSE_01,2026-04-24T10:09:30.000Z,15,32.43,32.0,33.1,32.4,70.98,69.9,71.3,70.2,201.6,322.6,195.3,RESTLESS,39.2,39.4,8,12157,336.8,328.2,1,3,9,2,32.6,70.4,195.3,Restless,1,12157,335.5,39.4
synthetic_001052,ESP32_GREENHOUSE_01,2026-04-24T08:45:30.000Z,14,31.49,31.0,31.8,31.2,70.12,69.2,71.0,69.4,81.1,130.8,80.2,LIGHT_ACTIVITY,52.1,52.1,3,3489,182.6,184.7,3,12,2,0,31.5,69.6,80.2,Light Activity,0,3489,179.5,52.1
synthetic_000225,ESP32_GREENHOUSE_01,2026-04-24T01:52:00.000Z,14,29.21,28.7,29.5,29.2,69.83,68.5,70.7,70.6,24.5,44.5,33.0,QUIET,60.9,60.5,2,1003,30.6,23.8,13,2,0,0,29.2,69.7,33.0,Quiet,0,1003,33.8,60.5
synthetic_000099,ESP32_GREENHOUSE_01,2026-04-24T00:49:00.000Z,15,28.63,28.0,28.9,28.5,75.82,75.4,77.2,76.3,51.1,80.6,48.6,QUIET,57.7,57.8,1,948,62.9,55.2,15,2,0,0,28.8,75.7,48.6,Quiet,0,948,65.6,57.8
synthetic_000096,ESP32_GREENHOUSE_01,2026-04-24T00:47:30.000Z,15,28.53,28.1,28.9,28.8,68.61,68.4,69.9,69.4,24.6,47.1,11.9,QUIET,63.5,64.0,0,1393,67.8,61.8,12,2,0,0,28.5,67.9,11.9,Quiet,0,1393,71.3,64.0
synthetic_001531,ESP32_GREENHOUSE_01,2026-04-24T12:45:00.000Z,15,32.44,32.0,32.7,32.7,68.58,67.1,69.8,68.3,191.6,318.7,216.1,RESTLESS,41.1,40.1,7,14297,410.2,405.2,0,3,10,1,32.4,69.0,216.1,Restless,1,14297,406.9,40.1
synthetic_001407,ESP32_GREENHOUSE_01,2026-04-24T11:43:00.000Z,15,32.56,31.8,32.8,32.5,65.11,64.4,65.2,64.2,222.1,288.4,258.3,RESTLESS,41.9,40.5,9,14771,432.8,427.4,1,3,12,1,32.5,64.8,258.3,Restless,1,14771,429.5,40.5
synthetic_001859,ESP32_GREENHOUSE_01,2026-04-24T15:29:00.000Z,15,32.68,32.0,33.0,32.8,65.04,64.9,65.5,66.0,319.4,821.3,242.9,CRYING,33.1,36.1,15,27091,495.2,500.1,0,0,2,15,32.7,65.9,242.9,CRYING,1,27091,497.9,36.1
synthetic_001420,ESP32_GREENHOUSE_01,2026-04-24T11:49:30.000Z,14,32.99,32.5,33.6,32.9,65.93,65.9,66.7,65.7,218.3,432.8,240.4,RESTLESS,36.5,35.6,5,17021,378.0,382.4,0,2,11,1,32.9,66.9,240.4,Restless,1,17021,381.3,35.6
synthetic_000106,ESP32_GREENHOUSE_01,2026-04-24T00:52:30.000Z,14,28.0,27.4,28.4,28.2,73.33,73.0,74.4,72.3,20.0,64.3,28.4,QUIET,62.2,61.9,2,120,47.9,48.0,12,0,0,0,27.9,73.6,28.4,Quiet,0,120,49.6,61.9
synthetic_002158,ESP32_GREENHOUSE_01,2026-04-24T17:58:30.000Z,15,31.52,31.3,32.3,31.6,61.33,61.0,62.7,60.7,455.5,553.3,416.6,CRYING,32.9,34.4,14,15449,424.8,424.7,0,0,1,15,31.3,60.9,416.6,CRYING,1,15449,420.6,34.4
synthetic_000584,ESP32_GREENHOUSE_01,2026-04-24T04:51:30.000Z,14,29.22,28.6,29.7,29.1,74.45,73.1,75.8,73.8,31.4,63.5,31.9,QUIET,57.7,57.7,2,668,25.6,31.1,15,2,0,0,29.1,73.8,31.9,Quiet,0,668,20.9,57.7
synthetic_000138,ESP32_GREENHOUSE_01,2026-04-24T01:08:30.000Z,15,29.26,29.1,29.7,29.3,71.84,70.8,71.9,71.5,27.7,33.3,39.5,QUIET,59.3,58.9,2,502,61.3,66.5,13,0,0,0,29.2,72.3,39.5,Quiet,0,502,59.4,58.9
synthetic_000233,ESP32_GREENHOUSE_01,2026-04-24T01:56:00.000Z,14,28.0,27.7,28.6,27.8,71.89,70.9,73.4,72.8,30.1,35.2,38.2,QUIET,62.7,62.4,2,84,13.8,18.9,14,2,0,0,28.0,71.1,38.2,Quiet,0,84,13.1,62.4
synthetic_000283,ESP32_GREENHOUSE_01,2026-04-24T02:21:00.000Z,15,28.73,28.3,28.9,29.0,70.67,70.6,71.2,70.1,13.4,38.7,20.5,QUIET,62.1,61.8,0,396,24.6,19.6,12,0,0,0,28.8,71.5,20.5,Quiet,0,396,24.1,61.8
synthetic_000545,ESP32_GREENHOUSE_01,2026-04-24T04:32:00.000Z,14,29.35,28.9,29.7,29.6,73.61,73.2,73.9,74.6,35.5,40.3,38.7,QUIET,57.7,57.6,2,587,13.7,8.9,13,1,0,0,29.3,72.8,38.7,Quiet,0,587,12.3,57.6
synthetic_001630,ESP32_GREENHOUSE_01,2026-04-24T13:34:30.000Z,14,32.67,32.5,33.4,32.8,61.33,60.4,61.6,60.9,237.4,312.5,227.2,RESTLESS,38.6,39.0,12,15543,500,501.3,0,3,9,2,32.7,60.8,227.2,Restless,1,15543,502.1,39.0
synthetic_001977,ESP32_GREENHOUSE_01,2026-04-24T16:28:00.000Z,14,31.29,30.7,32.0,31.2,64.77,64.3,65.2,64.4,818.5,1000.1,896.4,CRYING,17.2,14.1,12,23869,431.4,425.0,0,0,2,13,31.4,64.5,896.4,CRYING,1,23869,432.8,14.1
synthetic_002343,ESP32_GREENHOUSE_01,2026-04-24T19:31:00.000Z,15,30.27,29.8,30.4,30.4,67.64,66.5,68.9,68.6,682.9,875.3,679.5,CRYING,23.5,23.7,10,21853,333.8,335.1,0,0,2,14,30.4,68.2,679.5,CRYING,1,21853,337.2,23.7
synthetic_000668,ESP32_GREENHOUSE_01,2026-04-24T05:33:30.000Z,14,30.47,29.8,31.1,30.3,72.38,71.7,73.1,71.6,93.3,135.2,100.0,LIGHT_ACTIVITY,53.0,52.8,6,1572,28.6,26.4,2,10,1,0,30.5,72.5,100.0,Light Activity,1,1572,31.6,52.8
synthetic_001655,ESP32_GREENHOUSE_01,2026-04-24T13:47:00.000Z,14,32.42,31.9,33.1,32.6,64.65,63.2,65.1,64.9,204.7,204.7,188.4,RESTLESS,38.1,38.7,10,16948,493.8,502.8,0,3,12,2,32.4,65.1,188.4,Restless,1,16948,495.0,38.7
synthetic_001439,ESP32_GREENHOUSE_01,2026-04-24T11:59:00.000Z,14,32.29,31.7,32.7,32.5,68.67,67.9,68.8,68.7,198.0,299.3,216.3,RESTLESS,36.2,35.5,11,17746,395.7,386.6,1,2,8,0,32.2,68.3,216.3,Restless,1,17746,396.9,35.5
synthetic_000883,ESP32_GREENHOUSE_01,2026-04-24T07:21:00.000Z,14,31.48,31.3,31.6,31.7,70.45,69.6,70.6,70.8,75.2,140.4,83.9,LIGHT_ACTIVITY,47.1,46.8,6,6980,76.8,69.1,2,9,0,0,31.5,69.5,83.9,Light Activity,1,6980,75.1,46.8
synthetic_000163,ESP32_GREENHOUSE_01,2026-04-24T01:21:00.000Z,15,28.19,27.8,28.3,28.3,73.03,72.2,73.3,73.5,46.5,63.3,48.7,QUIET,60.9,60.8,1,605,11.8,6.2,14,1,0,0,28.2,73.6,48.7,Quiet,0,605,15.9,60.8
synthetic_000380,ESP32_GREENHOUSE_01,2026-04-24T03:09:30.000Z,14,28.61,28.2,29.1,28.8,74.63,73.5,75.7,74.6,34.3,39.6,30.1,QUIET,59.2,59.3,0,814,63.3,69.1,13,0,0,0,28.5,74.0,30.1,Quiet,0,814,66.0,59.3
synthetic_000484,ESP32_GREENHOUSE_01,2026-04-24T04:01:30.000Z,15,29.13,29.0,29.5,29.3,74.01,72.7,75.2,74.7,42.8,58.6,37.7,QUIET,57.8,58.0,2,996,48.2,56.2,14,1,0,0,29.2,73.2,37.7,Quiet,0,996,50.1,58.0
synthetic_001525,ESP32_GREENHOUSE_01,2026-04-24T12:42:00.000Z,14,32.44,32.3,33.0,32.3,66.74,65.9,67.5,66.7,144.0,252.8,104.9,RESTLESS,44.1,45.6,8,13397,433.5,426.0,1,2,11,2,32.3,66.1,104.9,Restless,1,13397,434.4,45.6
synthetic_000079,ESP32_GREENHOUSE_01,2026-04-24T00:39:00.000Z,15,28.51,28.1,29.1,28.5,70.22,69.6,70.8,70.4,29.9,46.5,24.2,QUIET,62.4,62.6,0,1253,78.8,71.3,12,0,0,0,28.4,69.4,24.2,Quiet,0,1253,78.5,62.6
synthetic_001907,ESP32_GREENHOUSE_01,2026-04-24T15:53:00.000Z,15,32.23,31.5,32.9,32.3,65.03,64.4,65.2,65.0,621.9,1023,460.5,CRYING,22.0,28.4,11,25504,500,497.2,0,0,1,15,32.1,64.3,460.5,CRYING,1,25504,495.2,28.4
synthetic_000280,ESP32_GREENHOUSE_01,2026-04-24T02:19:30.000Z,14,29.02,28.2,29.5,28.8,73.49,72.2,74.7,74.0,35.1,41.3,30.4,QUIET,58.7,58.9,2,1389,33.6,35.5,15,1,0,0,29.0,72.7,30.4,Quiet,0,1389,30.0,58.9
synthetic_001718,ESP32_GREENHOUSE_01,2026-04-24T14:18:30.000Z,15,32.16,31.4,32.5,32.1,65.13,64.6,65.2,64.7,197.1,295.1,201.8,RESTLESS,43.8,43.6,6,14492,474.1,480.2,0,1,10,2,32.4,65.2,201.8,Restless,1,14492,478.9,43.6
synthetic_001827,ESP32_GREENHOUSE_01,2026-04-24T15:13:00.000Z,15,32.27,32.0,32.5,32.6,63.03,62.6,64.4,63.3,617.7,617.7,612.5,CRYING,23.3,23.6,9,28506,500,508.1,0,0,2,15,32.5,63.9,612.5,CRYING,1,28506,504.2,23.6
synthetic_002340,ESP32_GREENHOUSE_01,2026-04-24T19:29:30.000Z,15,30.41,29.8,31.1,30.4,67.07,66.3,67.4,67.1,436.3,963.1,467.2,CRYING,33.1,31.9,15,17864,314.6,322.3,0,0,2,15,30.4,67.2,467.2,CRYING,1,17864,314.9,31.9
synthetic_001143,ESP32_GREENHOUSE_01,2026-04-24T09:31:00.000Z,14,32.53,32.4,33.3,32.3,70.73,69.4,71.7,70.3,80.4,171.7,90.3,LIGHT_ACTIVITY,48.9,48.5,3,1535,273.1,281.5,0,9,0,0,32.4,71.4,90.3,Light Activity,0,1535,275.8,48.5
synthetic_002052,ESP32_GREENHOUSE_01,2026-04-24T17:05:30.000Z,14,30.63,29.9,30.9,30.4,66.55,65.1,66.6,66.2,516.8,879.5,441.6,CRYING,29.7,32.6,15,28717,425.3,432.2,0,0,2,12,30.5,65.8,441.6,CRYING,1,28717,426.6,32.6
synthetic_000312,ESP32_GREENHOUSE_01,2026-04-24T02:35:30.000Z,15,28.62,28.2,29.3,28.6,75.4,74.8,76.1,76.3,39.3,61.5,44.8,QUIET,58.5,58.2,2,1382,63.5,65.8,15,2,0,0,28.6,76.4,44.8,Quiet,0,1382,61.7,58.2
synthetic_000013,ESP32_GREENHOUSE_01,2026-04-24T00:06:00.000Z,14,28.31,27.7,28.6,28.2,70.23,70.0,71.2,70.1,28.5,61.0,32.0,QUIET,63.0,62.8,2,1157,39.3,47.9,14,1,0,0,28.5,69.2,32.0,Quiet,0,1157,40.5,62.8
synthetic_002320,ESP32_GREENHOUSE_01,2026-04-24T19:19:30.000Z,14,30.82,30.2,31.3,30.6,65.45,64.8,65.7,64.5,648.9,648.9,688.9,CRYING,24.7,23.1,10,23501,268.9,266.4,0,0,1,14,30.9,64.9,688.9,CRYING,1,23501,269.2,23.1
synthetic_001935,ESP32_GREENHOUSE_01,2026-04-24T16:07:00.000Z,14,31.45,30.9,31.7,31.2,61.37,59.9,62.4,61.4,523.8,743.9,445.9,CRYING,30.4,33.4,14,15726,439.5,439.9,0,0,2,15,31.3,60.7,445.9,CRYING,1,15726,438.3,33.4
synthetic_000235,ESP32_GREENHOUSE_01,2026-04-24T01:57:00.000Z,15,28.22,27.9,28.8,28.4,74.22,74.0,74.7,74.9,28.1,59.6,29.0,QUIET,60.7,60.7,1,748,57.0,63.1,14,0,0,0,28.3,74.1,29.0,Quiet,0,748,61.2,60.7
synthetic_000771,ESP32_GREENHOUSE_01,2026-04-24T06:25:00.000Z,14,31.45,31.3,32.0,31.7,72.1,71.1,73.0,72.3,79.6,95.5,75.1,LIGHT_ACTIVITY,46.0,46.2,3,7296,50,41.2,0,10,0,0,31.5,72.9,75.1,Light Activity,0,7296,50.2,46.2
synthetic_001887,ESP32_GREENHOUSE_01,2026-04-24T15:43:00.000Z,15,32.1,31.7,32.3,32.1,65.89,64.7,67.3,65.8,619.3,795.4,630.9,CRYING,22.0,21.5,11,26835,487.7,483.2,0,0,0,14,32.3,65.4,630.9,CRYING,1,26835,482.8,21.5
synthetic_001996,ESP32_GREENHOUSE_01,2026-04-24T16:37:30.000Z,15,31.62,30.9,31.8,31.5,65.14,64.5,65.9,64.7,502.7,795.6,541.2,CRYING,28.3,26.8,13,17179,474.7,480.7,0,0,1,12,31.6,65.2,541.2,CRYING,1,17179,479.5,26.8
synthetic_000417,ESP32_GREENHOUSE_01,2026-04-24T03:28:00.000Z,15,29.03,28.8,29.5,28.9,76.48,75.1,78.0,76.7,34.0,62.1,37.6,QUIET,56.8,56.7,0,1063,27.4,27.6,14,2,0,0,29.1,76.8,37.6,Quiet,0,1063,22.8,56.7
synthetic_001715,ESP32_GREENHOUSE_01,2026-04-24T14:17:00.000Z,14,31.67,31.3,32.3,31.4,68.2,67.6,69.4,68.1,72.1,248.6,52.8,RESTLESS,48.1,48.9,6,8980,490.3,491.5,1,2,12,2,31.5,68.0,52.8,Restless,1,8980,493.0,48.9
synthetic_002303,ESP32_GREENHOUSE_01,2026-04-24T19:11:00.000Z,15,30.48,29.8,30.8,30.5,63.03,62.0,64.3,62.9,846.8,846.8,864.1,CRYING,19.4,18.7,14,27830,277.6,280.5,0,0,1,15,30.6,62.6,864.1,CRYING,1,27830,279.1,18.7
synthetic_001586,ESP32_GREENHOUSE_01,2026-04-24T13:12:30.000Z,15,33.0,32.3,33.4,32.7,64.04,63.6,64.6,64.7,253.7,368.5,254.6,RESTLESS,36.3,36.3,10,15105,500,505.7,1,4,11,0,32.9,63.9,254.6,Restless,1,15105,504.9,36.3
synthetic_001213,ESP32_GREENHOUSE_01,2026-04-24T10:06:00.000Z,15,32.06,31.4,32.6,32.3,72.27,71.8,72.6,72.5,134.4,405.8,114.8,RESTLESS,37.1,37.8,10,17974,344.0,350.8,1,4,8,0,32.0,71.9,114.8,Restless,1,17974,341.6,37.8
synthetic_001319,ESP32_GREENHOUSE_01,2026-04-24T10:59:00.000Z,14,32.06,31.6,32.3,31.9,63.64,62.4,65.0,63.2,188.6,257.8,204.8,RESTLESS,40.3,39.7,7,15499,365.4,367.8,1,4,12,1,32.1,64.5,204.8,Restless,1,15499,365.7,39.7
synthetic_000173,ESP32_GREENHOUSE_01,2026-04-24T01:26:00.000Z,14,29.08,28.7,29.6,29.3,73.05,72.0,73.3,72.8,35.7,52.8,26.9,QUIET,58.8,59.1,0,271,65.8,63.0,12,0,0,0,28.9,73.4,26.9,Quiet,0,271,69.2,59.1
synthetic_000258,ESP32_GREENHOUSE_01,2026-04-24T02:08:30.000Z,15,28.94,28.8,29.1,29.2,70.63,70.6,71.2,69.8,47.5,51.2,61.7,QUIET,60.2,59.7,1,1255,22.0,19.8,14,2,0,0,29.0,71.4,61.7,Quiet,0,1255,23.3,59.7
synthetic_000732,ESP32_GREENHOUSE_01,2026-04-24T06:05:30.000Z,14,31.15,30.6,31.6,31.0,70.93,69.7,72.2,71.0,81.3,219.0,86.6,LIGHT_ACTIVITY,47.5,47.3,6,7096,50,59.2,1,11,0,0,31.2,71.8,86.6,Light Activity,1,7096,45.2,47.3
synthetic_001020,ESP32_GREENHOUSE_01,2026-04-24T08:29:30.000Z,14,31.59,31.5,32.1,31.3,69.27,68.3,70.6,70.0,108.8,140.8,110.8,LIGHT_ACTIVITY,51.3,51.2,7,3944,181.2,180.3,0,12,0,0,31.6,69.3,110.8,Light Activity,1,3944,182.2,51.2
synthetic_001161,ESP32_GREENHOUSE_01,2026-04-24T09:40:00.000Z,15,31.98,31.5,32.6,32.2,69.67,69.2,70.9,70.6,92.3,142.6,109.2,LIGHT_ACTIVITY,45.6,44.9,2,5811,280.7,274.2,1,9,2,0,32.0,70.6,109.2,Light Activity,0,5811,279.1,44.9
synthetic_002049,ESP32_GREENHOUSE_01,2026-04-24T17:04:00.000Z,14,30.6,30.3,31.4,30.4,64.71,64.6,65.7,64.6,403.7,784.9,477.8,CRYING,35.3,32.4,10,17919,447.2,456.4,0,0,2,12,30.6,63.9,477.8,CRYING,1,17919,447.4,32.4
synthetic_001626,ESP32_GREENHOUSE_01,2026-04-24T13:32:30.000Z,14,32.93,32.7,33.3,32.7,66.31,66.1,67.5,65.8,151.1,310.6,168.2,RESTLESS,38.9,38.2,7,16986,487.9,486.4,0,1,8,2,32.8,66.1,168.2,Restless,1,16986,483.2,38.2
synthetic_001270,ESP32_GREENHOUSE_01,2026-04-24T10:34:30.000Z,15,32.47,31.7,32.6,32.3,65.27,63.9,66.4,65.8,208.4,251.9,227.9,RESTLESS,42.4,41.6,12,8176,342.6,339.4,1,3,9,0,32.3,65.9,227.9,Restless,1,8176,339.0,41.6
synthetic_001216,ESP32_GREENHOUSE_01,2026-04-24T10:07:30.000Z,14,32.11,31.9,32.7,32.4,71.19,70.6,72.5,72.2,211.4,310.0,184.0,RESTLESS,34.6,35.7,11,16051,337.7,339.2,1,3,12,2,32.0,72.0,184.0,Restless,1,16051,342.6,35.7
synthetic_001305,ESP32_GREENHOUSE_01,2026-04-24T10:52:00.000Z,15,32.49,32.0,33.1,32.4,66.91,65.4,68.0,67.0,177.1,382.9,153.2,RESTLESS,37.5,38.5,6,16641,306.5,299.7,1,4,12,0,32.5,67.0,153.2,Restless,1,16641,301.6,38.5
synthetic_001253,ESP32_GREENHOUSE_01,2026-04-24T10:26:00.000Z,15,32.37,32.0,32.7,32.3,65.6,64.3,66.3,65.3,143.3,385.9,125.9,RESTLESS,40.0,40.7,8,16476,344.2,340.3,1,4,10,1,32.4,65.9,125.9,Restless,1,16476,346.3,40.7
synthetic_000991,ESP32_GREENHOUSE_01,2026-04-24T08:15:00.000Z,14,31.54,30.8,32.2,31.8,74.33,73.0,74.7,73.4,91.9,161.2,104.2,LIGHT_ACTIVITY,43.9,43.4,3,6374,237.3,232.5,0,10,0,0,31.6,73.4,104.2,Light Activity,0,6374,234.6,43.4
synthetic_000048,ESP32_GREENHOUSE_01,2026-04-24T00:23:30.000Z,14,28.0,27.4,28.3,28.1,73.41,72.4,74.0,74.1,36.1,54.0,47.3,QUIET,61.6,61.1,1,235,62.3,63.4,15,0,0,0,27.8,73.2,47.3,Quiet,0,235,59.9,61.1
synthetic_002337,ESP32_GREENHOUSE_01,2026-04-24T19:28:00.000Z,14,30.35,30.2,30.7,30.5,70.04,69.0,70.1,70.7,671.7,687.7,654.8,CRYING,22.2,22.9,11,20099,332.7,336.0,0,0,2,14,30.3,70.9,654.8,CRYING,1,20099,330.7,22.9
synthetic_002055,ESP32_GREENHOUSE_01,2026-04-24T17:07:00.000Z,14,31.29,30.8,31.4,31.1,67.96,67.3,68.9,68.9,610.1,1023,603.9,CRYING,23.3,23.6,10,23426,447.3,439.9,0,0,1,13,31.4,67.0,603.9,CRYING,1,23426,446.1,23.6
synthetic_000195,ESP32_GREENHOUSE_01,2026-04-24T01:37:00.000Z,14,28.54,28.1,28.8,28.8,70.02,69.0,71.5,70.5,25.2,68.0,19.2,QUIET,62.6,62.8,2,1401,69.4,69.1,13,2,0,0,28.5,69.5,19.2,Quiet,0,1401,69.3,62.8
synthetic_000953,ESP32_GREENHOUSE_01,2026-04-24T07:56:00.000Z,15,30.83,30.7,31.1,30.7,72.99,72.9,73.0,73.0,81.3,167.1,84.2,LIGHT_ACTIVITY,47.1,47.0,7,5527,97.3,92.3,1,9,1,0,30.7,73.4,84.2,Light Activity,1,5527,96.3,47.0
synthetic_000931,ESP32_GREENHOUSE_01,2026-04-24T07:45:00.000Z,15,30.75,30.2,31.1,30.5,72.1,70.8,73.5,72.3,77.9,154.2,86.7,LIGHT_ACTIVITY,48.0,47.7,6,6879,93.4,87.8,1,9,1,0,30.9,71.3,86.7,Light Activity,1,6879,96.7,47.7
synthetic_001973,ESP32_GREENHOUSE_01,2026-04-24T16:26:00.000Z,15,31.21,30.8,31.3,31.0,68.51,67.5,68.6,67.8,430.5,586.8,431.3,CRYING,30.2,30.2,15,24052,476.8,484.5,0,0,0,12,31.0,68.1,431.3,CRYING,1,24052,472.9,30.2
synthetic_000666,ESP32_GREENHOUSE_01,2026-04-24T05:32:30.000Z,15,29.59,29.0,29.8,29.6,72.69,72.3,73.5,72.5,94.9,155.6,76.0,LIGHT_ACTIVITY,50.3,51.0,7,5022,35.7,27.0,0,13,2,0,29.5,73.6,76.0,Light Activity,1,5022,34.3,51.0
synthetic_001682,ESP32_GREENHOUSE_01,2026-04-24T14:00:30.000Z,15,32.17,31.5,32.6,32.1,65.92,65.8,66.1,66.3,221.8,278.8,210.4,RESTLESS,37.3,37.7,6,21315,500,507.5,1,4,8,1,32.2,66.0,210.4,Restless,1,21315,496.3,37.7
synthetic_000884,ESP32_GREENHOUSE_01,2026-04-24T07:21:30.000Z,14,31.55,31.4,31.9,31.6,70.99,69.7,71.6,70.1,100.7,138.5,104.6,LIGHT_ACTIVITY,45.6,45.5,5,6297,69.4,73.9,1,10,0,0,31.4,70.1,104.6,Light Activity,1,6297,64.7,45.5
synthetic_000758,ESP32_GREENHOUSE_01,2026-04-24T06:18:30.000Z,14,29.88,29.3,30.2,29.9,73.15,72.3,73.8,73.8,95.6,133.2,93.2,LIGHT_ACTIVITY,54.1,54.2,7,2564,79.1,87.4,2,13,1,0,30.0,73.0,93.2,Light Activity,1,2564,77.7,54.2
synthetic_001803,ESP32_GREENHOUSE_01,2026-04-24T15:01:00.000Z,14,32.72,32.6,33.2,32.8,66.0,64.7,67.4,66.8,554.3,763.3,643.0,CRYING,23.3,19.9,14,20859,483.0,478.8,0,0,1,14,32.6,65.8,643.0,CRYING,1,20859,478.6,19.9
synthetic_001466,ESP32_GREENHOUSE_01,2026-04-24T12:12:30.000Z,15,32.77,32.2,33.1,33.0,68.41,67.6,69.9,67.6,118.8,351.9,122.3,RESTLESS,38.8,38.7,10,18548,409.2,403.2,1,2,8,1,32.8,67.9,122.3,Restless,1,18548,414.2,38.7
synthetic_000803,ESP32_GREENHOUSE_01,2026-04-24T06:41:00.000Z,14,30.7,30.4,31.2,30.7,72.15,71.2,73.5,72.5,87.5,198.2,93.3,LIGHT_ACTIVITY,52.8,52.5,3,4451,50,45.5,2,11,1,0,30.8,72.0,93.3,Light Activity,0,4451,53.5,52.5
synthetic_001792,ESP32_GREENHOUSE_01,2026-04-24T14:55:30.000Z,14,32.39,31.7,33.1,32.2,62.52,61.3,62.8,61.8,213.5,213.5,185.8,RESTLESS,44.1,45.2,7,9034,492.1,491.2,0,2,11,0,32.5,63.4,185.8,Restless,1,9034,490.4,45.2
synthetic_002399,ESP32_GREENHOUSE_01,2026-04-24T19:59:00.000Z,15,29.81,29.1,30.5,29.9,64.37,63.4,64.9,63.9,430.3,924.7,576.9,CRYING,36.7,31.0,13,18034,290.8,291.6,0,0,2,15,29.9,65.2,576.9,CRYING,1,18034,291.2,31.0
synthetic_001945,ESP32_GREENHOUSE_01,2026-04-24T16:12:00.000Z,14,31.14,30.6,31.6,30.9,67.48,66.2,68.4,68.4,497.9,823.7,581.8,CRYING,28.4,25.1,9,18390,394.2,400.1,0,0,0,13,31.1,66.5,581.8,CRYING,1,18390,392.3,25.1
synthetic_001278,ESP32_GREENHOUSE_01,2026-04-24T10:38:30.000Z,15,31.62,31.3,32.1,31.7,66.67,65.3,68.1,67.1,124.8,432.4,107.7,RESTLESS,42.2,42.8,9,19227,333.8,332.0,1,3,11,0,31.5,65.9,107.7,Restless,1,19227,332.9,42.8
synthetic_000725,ESP32_GREENHOUSE_01,2026-04-24T06:02:00.000Z,15,30.44,29.6,30.8,30.2,75.22,75.2,75.3,75.5,91.4,201.9,80.5,LIGHT_ACTIVITY,51.4,51.9,6,2156,50,40.5,2,12,0,0,30.6,74.3,80.5,Light Activity,1,2156,48.2,51.9
synthetic_001600,ESP32_GREENHOUSE_01,2026-04-24T13:19:30.000Z,15,31.68,31.6,32.4,31.7,70.55,69.4,70.9,69.9,142.8,301.7,119.0,RESTLESS,43.9,44.8,9,11106,500,491.1,1,1,11,1,31.7,71.4,119.0,Restless,1,11106,500.7,44.8
synthetic_001200,ESP32_GREENHOUSE_01,2026-04-24T09:59:30.000Z,15,31.75,31.4,32.0,32.0,73.3,73.0,73.4,73.5,74.9,198.6,65.8,LIGHT_ACTIVITY,44.6,45.0,2,5044,320.4,330.0,0,12,0,0,31.7,73.0,65.8,Light Activity,0,5044,323.6,45.0
synthetic_000069,ESP32_GREENHOUSE_01,2026-04-24T00:34:00.000Z,14,28.96,28.2,29.2,28.9,72.53,72.0,72.6,71.6,36.9,44.1,46.2,QUIET,59.4,59.0,1,920,63.4,63.4,13,1,0,0,28.9,73.5,46.2,Quiet,0,920,62.1,59.0
synthetic_001273,ESP32_GREENHOUSE_01,2026-04-24T10:36:00.000Z,14,32.08,31.8,32.4,32.1,68.52,67.2,69.9,68.1,122.8,318.8,142.7,RESTLESS,39.8,39.0,6,16073,312.8,305.4,1,1,11,2,32.2,68.9,142.7,Restless,1,16073,307.8,39.0
synthetic_000308,ESP32_GREENHOUSE_01,2026-04-24T02:33:30.000Z,14,28.0,27.2,28.4,27.8,77.69,77.0,78.7,76.9,35.0,59.7,31.4,QUIET,58.9,59.1,0,974,40.0,32.9,14,0,0,0,28.0,77.9,31.4,Quiet,0,974,36.0,59.1
synthetic_002236,ESP32_GREENHOUSE_01,2026-04-24T18:37:30.000Z,14,30.89,30.5,31.3,30.9,64.46,63.8,64.9,64.6,708.1,1021.6,720.5,CRYING,22.8,22.3,9,15401,382.2,390.8,0,0,0,12,30.9,64.7,720.5,CRYING,1,15401,382.7,22.3
synthetic_000715,ESP32_GREENHOUSE_01,2026-04-24T05:57:00.000Z,15,29.68,29.3,30.5,29.7,71.41,70.4,71.6,70.9,79.2,134.2,76.8,LIGHT_ACTIVITY,51.4,51.5,3,5089,21.2,18.6,1,9,0,0,29.6,70.6,76.8,Light Activity,0,5089,24.8,51.5
synthetic_002262,ESP32_GREENHOUSE_01,2026-04-24T18:50:30.000Z,14,29.77,29.0,30.6,30.0,67.73,66.8,67.7,67.1,225.0,762.4,237.6,CRYING,42.8,42.3,12,24908,309.2,315.4,0,0,2,13,29.8,67.5,237.6,CRYING,1,24908,312.1,42.3
synthetic_000868,ESP32_GREENHOUSE_01,2026-04-24T07:13:30.000Z,15,31.52,30.8,32.1,31.7,71.18,70.0,71.5,70.9,94.2,150.8,101.2,LIGHT_ACTIVITY,50.8,50.5,6,3057,77.8,70.4,1,9,1,0,31.5,70.4,101.2,Light Activity,1,3057,76.3,50.5
synthetic_001269,ESP32_GREENHOUSE_01,2026-04-24T10:34:00.000Z,15,33.01,32.5,33.3,32.8,67.03,65.8,68.5,67.4,144.3,270.4,121.2,RESTLESS,43.7,44.6,5,14339,312.4,314.3,1,1,12,2,33.1,66.3,121.2,Restless,1,14339,308.1,44.6
synthetic_002204,ESP32_GREENHOUSE_01,2026-04-24T18:21:30.000Z,15,30.89,30.7,31.2,30.8,63.04,62.7,63.7,63.7,641.4,761.5,806.1,CRYING,26.3,19.8,8,24559,325.7,330.8,0,0,2,14,31.0,63.9,806.1,CRYING,1,24559,330.5,19.8
synthetic_001133,ESP32_GREENHOUSE_01,2026-04-24T09:26:00.000Z,14,31.16,30.4,31.7,31.4,67.1,66.5,67.7,67.0,82.7,181.6,81.2,LIGHT_ACTIVITY,49.8,49.9,2,6537,295.9,287.1,2,11,0,0,31.0,67.0,81.2,Light Activity,0,6537,299.9,49.9
synthetic_000987,ESP32_GREENHOUSE_01,2026-04-24T08:13:00.000Z,15,31.52,30.8,31.6,31.4,66.24,66.2,66.3,66.4,100.0,174.7,103.0,LIGHT_ACTIVITY,53.7,53.6,2,3269,205.2,199.4,0,12,0,0,31.5,66.2,103.0,Light Activity,0,3269,202.7,53.6
synthetic_000415,ESP32_GREENHOUSE_01,2026-04-24T03:27:00.000Z,15,28.37,28.2,29.1,28.5,75.53,75.3,76.7,74.6,20.8,50.8,20.5,QUIET,59.8,59.8,1,611,55.1,56.2,13,0,0,0,28.4,76.2,20.5,Quiet,0,611,55.0,59.8
synthetic_000090,ESP32_GREENHOUSE_01,2026-04-24T00:44:30.000Z,15,28.59,27.8,29.3,28.5,70.58,70.1,71.7,70.3,47.5,47.5,58.9,QUIET,61.2,60.8,2,1112,18.5,17.3,15,1,0,0,28.5,70.5,58.9,Quiet,0,1112,15.5,60.8
synthetic_000690,ESP32_GREENHOUSE_01,2026-04-24T05:44:30.000Z,15,29.2,28.5,29.8,29.0,72.59,71.4,73.2,72.1,87.5,182.3,85.8,LIGHT_ACTIVITY,51.7,51.8,4,6673,67.0,75.8,2,13,0,0,29.1,73.5,85.8,Light Activity,1,6673,71.9,51.8
synthetic_001224,ESP32_GREENHOUSE_01,2026-04-24T10:11:30.000Z,15,32.33,31.8,32.7,32.2,66.31,64.9,67.7,67.0,164.5,233.6,163.4,RESTLESS,43.9,43.9,7,11967,369.9,362.5,1,3,10,0,32.3,67.3,163.4,Restless,1,11967,371.2,43.9
synthetic_000331,ESP32_GREENHOUSE_01,2026-04-24T02:45:00.000Z,15,29.18,28.8,29.4,29.3,73.89,73.7,74.4,73.3,29.3,58.7,32.1,QUIET,58.2,58.1,1,83,18.1,13.8,15,1,0,0,29.3,74.4,32.1,Quiet,0,83,21.3,58.1
synthetic_001141,ESP32_GREENHOUSE_01,2026-04-24T09:30:00.000Z,15,32.19,31.6,32.6,32.4,67.38,66.8,68.7,67.0,97.2,219.8,75.4,LIGHT_ACTIVITY,46.2,47.1,7,7479,223.1,226.2,0,11,1,0,32.2,66.8,75.4,Light Activity,1,7479,224.6,47.1
synthetic_001796,ESP32_GREENHOUSE_01,2026-04-24T14:57:30.000Z,14,32.06,31.3,32.7,31.8,70.09,69.5,71.3,69.5,121.9,148.4,140.5,RESTLESS,43.9,43.2,7,10853,500,492.3,1,1,12,0,31.9,69.2,140.5,Restless,1,10853,500.5,43.2
synthetic_000255,ESP32_GREENHOUSE_01,2026-04-24T02:07:00.000Z,15,29.19,28.5,29.8,29.4,70.11,69.4,70.1,70.1,26.0,45.8,36.5,QUIET,60.7,60.3,2,619,31.2,31.2,13,0,0,0,29.1,71.0,36.5,Quiet,0,619,33.5,60.3
synthetic_001890,ESP32_GREENHOUSE_01,2026-04-24T15:44:30.000Z,15,32.39,31.8,33.0,32.2,64.3,63.7,64.9,63.5,535.4,900.5,561.4,CRYING,25.4,24.4,10,17541,453.8,448.3,0,0,1,14,32.4,64.3,561.4,CRYING,1,17541,455.2,24.4
synthetic_002153,ESP32_GREENHOUSE_01,2026-04-24T17:56:00.000Z,15,31.07,30.6,31.2,30.9,69.14,68.2,69.7,69.0,557.4,813.2,639.7,CRYING,25.2,22.0,9,17479,457.5,450.0,0,0,1,13,30.9,68.9,639.7,CRYING,1,17479,460.4,22.0
synthetic_000823,ESP32_GREENHOUSE_01,2026-04-24T06:51:00.000Z,15,30.34,29.7,30.6,30.2,75.74,74.6,76.3,76.4,99.3,157.1,97.7,LIGHT_ACTIVITY,46.1,46.1,2,5244,50,46.6,3,10,0,0,30.5,74.8,97.7,Light Activity,0,5244,49.3,46.1
synthetic_002364,ESP32_GREENHOUSE_01,2026-04-24T19:41:30.000Z,14,29.53,29.4,29.9,29.4,67.06,66.9,67.1,67.4,545.2,820.2,551.2,CRYING,31.3,31.1,11,20864,238.3,235.3,0,0,0,14,29.4,67.1,551.2,CRYING,1,20864,238.0,31.1
synthetic_000463,ESP32_GREENHOUSE_01,2026-04-24T03:51:00.000Z,15,28.32,27.7,28.8,28.2,72.54,71.6,73.0,73.3,23.3,53.1,32.4,QUIET,61.7,61.3,2,1441,42.5,50.7,15,0,0,0,28.4,71.5,32.4,Quiet,0,1441,46.6,61.3
synthetic_002352,ESP32_GREENHOUSE_01,2026-04-24T19:35:30.000Z,15,30.25,29.8,31.0,30.2,64.94,64.2,65.0,65.6,528.7,746.3,524.4,CRYING,31.3,31.5,8,19369,282.1,273.7,0,0,1,12,30.1,64.6,524.4,CRYING,1,19369,283.2,31.5
synthetic_000925,ESP32_GREENHOUSE_01,2026-04-24T07:42:00.000Z,14,31.16,30.4,31.8,31.1,72.33,71.1,73.1,71.5,112.3,163.4,106.1,LIGHT_ACTIVITY,45.4,45.6,5,7164,104.8,106.1,2,12,1,0,31.0,72.2,106.1,Light Activity,1,7164,104.6,45.6
synthetic_000416,ESP32_GREENHOUSE_01,2026-04-24T03:27:30.000Z,14,28.93,28.8,29.3,28.8,70.28,70.2,71.1,70.6,38.4,39.2,37.5,QUIET,60.8,60.9,0,1348,18.7,10.5,12,0,0,0,28.8,70.8,37.5,Quiet,0,1348,14.5,60.9
synthetic_000103,ESP32_GREENHOUSE_01,2026-04-24T00:51:00.000Z,14,28.02,27.3,28.4,28.3,73.88,73.9,75.3,74.8,30.9,63.8,27.1,QUIET,61.4,61.6,2,1375,63.3,55.6,13,1,0,0,28.2,73.8,27.1,Quiet,0,1375,60.7,61.6
synthetic_001508,ESP32_GREENHOUSE_01,2026-04-24T12:33:30.000Z,15,32.38,31.9,33.0,32.3,65.87,65.0,66.4,65.1,173.2,238.9,211.7,RESTLESS,43.6,42.1,7,10079,462.4,452.8,0,3,10,1,32.3,66.1,211.7,Restless,1,10079,461.7,42.1
synthetic_002116,ESP32_GREENHOUSE_01,2026-04-24T17:37:30.000Z,15,31.27,30.8,32.0,31.1,65.35,64.2,66.1,64.7,320.4,698.4,260.7,CRYING,36.3,38.7,10,20090,400.7,400.0,0,0,2,15,31.5,65.6,260.7,CRYING,1,20090,397.0,38.7
synthetic_001811,ESP32_GREENHOUSE_01,2026-04-24T15:05:00.000Z,14,31.7,31.5,32.0,31.6,63.1,61.9,64.2,63.9,499.3,848.6,611.0,CRYING,29.5,25.2,10,19718,464.0,466.7,0,0,0,15,31.9,62.9,611.0,CRYING,1,19718,466.4,25.2
synthetic_001579,ESP32_GREENHOUSE_01,2026-04-24T13:09:00.000Z,15,32.13,31.4,32.2,32.0,68.32,67.2,68.8,67.4,184.1,263.4,236.8,RESTLESS,37.4,35.3,11,16087,500,502.4,1,4,10,1,32.3,67.7,236.8,Restless,1,16087,497.5,35.3
synthetic_002183,ESP32_GREENHOUSE_01,2026-04-24T18:11:00.000Z,15,30.31,29.9,30.6,30.5,64.98,63.7,65.9,64.3,496.6,784.1,497.9,CRYING,32.4,32.3,15,20136,376.2,373.5,0,0,2,15,30.2,64.2,497.9,CRYING,1,20136,380.9,32.3
synthetic_002199,ESP32_GREENHOUSE_01,2026-04-24T18:19:00.000Z,14,30.97,30.3,31.6,31.0,60.56,60.0,61.5,61.0,512.8,714.7,532.9,CRYING,32.6,31.8,13,28435,380.7,375.4,0,0,0,14,31.0,60.7,532.9,CRYING,1,28435,382.9,31.8
