_id,deviceId,ts,sampleCount,temp.avg,temp.min,temp.max,temp.last,humidity.avg,humidity.min,humidity.max,humidity.last,sound.avg,sound.max,sound.last,sound.event,comfort.avg,comfort.last,motion.samplesActive,motion.durationMs,light.avg,light.last,soundHist.QUIET,soundHist.LIGHT_ACTIVITY,soundHist.RESTLESS,soundHist.CRYING,lastRaw.temperature,lastRaw.humidity,lastRaw.sound_level,lastRaw.sound_event,lastRaw.motion,lastRaw.motion_duration,lastRaw.light,lastRaw.comfort
69eaffe9899ce378bc9d3f47,ESP32_GREENHOUSE_01,2026-04-24T05:30:17.789Z,14,30.62,30,30.9,30,66,66,66,66,62.6,122,55,CRYING,57.9,60,0,0,443.8,445,0,0,0,9,30,66,55,Light Activity,0,0,445,60
69eb0007899ce378bc9d3f52,ESP32_GREENHOUSE_01,2026-04-24T05:30:47.803Z,15,30.36,30,30.9,30.4,66,66,66,66,91.3,566,25,Quiet,57.5,60,0,0,446.3,448,0,0,0,3,30.4,66,25,Quiet,0,0,448,60
69eb0025899ce378bc9d3f56,ESP32_GREENHOUSE_01,2026-04-24T05:31:17.816Z,15,30.38,30,30.9,30.9,66,66,66,66,64.1,241,100,Quiet,58.4,56,0,0,449.8,451,0,0,0,6,30.9,66,100,CRYING,0,0,451,56
69eb0043899ce378bc9d3f57,ESP32_GREENHOUSE_01,2026-04-24T05:31:47.827Z,15,30.31,30,30.7,30.3,66,66,66,66,165.3,342,295,CRYING,54.7,50,0,0,452.5,452,0,0,0,15,30.3,66,295,CRYING,0,0,452,50
69eb0061899ce378bc9d3f58,ESP32_GREENHOUSE_01,2026-04-24T05:32:17.835Z,15,30.64,30,30.9,30.9,66,66,66,66,116.7,230,170,CRYING,55.6,53,0,0,453.6,454,0,0,0,15,30.9,66,170,CRYING,0,0,454,53
69eb007f899ce378bc9d3f59,ESP32_GREENHOUSE_01,2026-04-24T05:32:47.842Z,15,30.49,30.1,30.9,30.5,66,66,66,66,80.3,168,18,CRYING,57.5,60,0,0,454.6,455,0,0,0,15,30.5,66,18,CRYING,0,0,455,60
69eb009d899ce378bc9d3f5b,ESP32_GREENHOUSE_01,2026-04-24T05:33:17.857Z,15,30.58,30.1,30.9,30.9,66,66,66,66,21.7,30,30,Quiet,59.5,58,0,0,455.5,456,0,0,0,5,30.9,66,30,Quiet,0,0,456,58
69eb00bb899ce378bc9d3f5e,ESP32_GREENHOUSE_01,2026-04-24T05:33:47.857Z,15,30.49,30,30.9,30.5,66,66,66,66,37.1,212,29,Quiet,59.1,59,0,0,456.4,457,0,0,0,0,30.5,66,29,Quiet,0,0,457,59
69eb00d9899ce378bc9d3f64,ESP32_GREENHOUSE_01,2026-04-24T05:34:17.864Z,15,30.31,30,30.9,30.4,66,66,66,66,52.8,218,78,Quiet,59.1,58,0,0,457.5,458,0,0,0,0,30.4,66,78,Restless,0,0,458,58
69eb00f7899ce378bc9d3f69,ESP32_GREENHOUSE_01,2026-04-24T05:34:47.872Z,14,30.53,30,30.9,30.8,66,66,66,66,38.4,85,20,Quiet,59.1,59,0,0,457.9,458,0,0,0,0,30.8,66,20,Quiet,0,0,458,59
69eb0115899ce378bc9d3f6a,ESP32_GREENHOUSE_01,2026-04-24T05:35:17.884Z,15,30.47,30,30.9,30.2,66,66,66,66,26.8,41,17,Quiet,59.7,61,0,0,457.9,458,0,0,0,0,30.2,66,17,Quiet,0,0,458,61
69eb0133899ce378bc9d3f6b,ESP32_GREENHOUSE_01,2026-04-24T05:35:47.885Z,15,30.64,30,30.9,30.7,66,66,66,66,26.5,54,54,Quiet,59.1,58,0,0,457.1,457,0,0,0,0,30.7,66,54,Quiet,0,0,457,58
69eb0151899ce378bc9d3f6e,ESP32_GREENHOUSE_01,2026-04-24T05:36:17.890Z,15,30.55,30,30.9,30.9,66,66,66,66,34.1,231,25,Quiet,59.2,59,0,0,456.7,456,0,0,0,0,30.9,66,25,Quiet,0,0,456,59
69eb016f899ce378bc9d3f71,ESP32_GREENHOUSE_01,2026-04-24T05:36:47.900Z,15,30.38,30,30.9,30.5,66,66,66,66,35.8,63,26,Quiet,59.7,60,0,0,455.8,455,0,0,0,0,30.5,66,26,Quiet,0,0,455,60
69eb018d899ce378bc9d3f74,ESP32_GREENHOUSE_01,2026-04-24T05:37:17.900Z,15,30.39,30,30.9,30.1,66,66,66,66,36.7,82,52,Quiet,59.5,60,0,0,454.8,454,0,0,0,1,30.1,66,52,Quiet,0,0,454,60
69eb01ab899ce378bc9d3f7a,ESP32_GREENHOUSE_01,2026-04-24T05:37:47.910Z,15,30.34,30,30.8,30,66,66,66,66,46.5,77,46,Quiet,59.2,60,0,0,454.3,455,0,0,0,1,30,66,46,Quiet,0,0,455,60
69eb01c9899ce378bc9d3f83,ESP32_GREENHOUSE_01,2026-04-24T05:38:17.912Z,15,30.38,30,30.8,30.1,66,66,66,66,88,208,19,CRYING,57.5,61,0,0,454.4,454,0,0,0,9,30.1,66,19,Quiet,0,0,454,61
69eb01e7899ce378bc9d3f8a,ESP32_GREENHOUSE_01,2026-04-24T05:38:47.927Z,14,30.25,30,30.8,30.7,66,66,66,66,61.1,192,21,Quiet,58.9,59,0,0,452.5,452,0,0,0,5,30.7,66,21,Quiet,0,0,452,59
69eb0205899ce378bc9d3f95,ESP32_GREENHOUSE_01,2026-04-24T05:39:17.932Z,15,30.53,30,30.9,30.3,66,66,66,66,81.5,268,58,Quiet,57.2,59,0,0,450.6,450,0,0,0,3,30.3,66,58,CRYING,0,0,450,59
69eb0223899ce378bc9d3f9d,ESP32_GREENHOUSE_01,2026-04-24T05:39:47.935Z,15,30.49,30,30.9,30.9,66,66,66,66,69.5,179,163,Quiet,58,53,0,0,449.4,449,0,0,0,5,30.9,66,163,CRYING,0,0,449,53
69eb0241899ce378bc9d3f9e,ESP32_GREENHOUSE_01,2026-04-24T05:40:17.941Z,15,30.38,30.1,30.9,30.7,66,66,66,66,112.5,307,30,CRYING,56.5,59,0,0,450,451,0,0,0,15,30.7,66,30,CRYING,0,0,451,59
69eb025f899ce378bc9d3fa3,ESP32_GREENHOUSE_01,2026-04-24T05:40:47.952Z,15,30.42,30,30.9,30.1,66,66,66,66,99,197,84,CRYING,57,58,0,0,451.7,452,0,0,0,11,30.1,66,84,CRYING,0,0,452,58
69eb027d899ce378bc9d3fb0,ESP32_GREENHOUSE_01,2026-04-24T05:41:17.954Z,15,30.65,30.1,30.9,30.6,66,66,66,66,82.5,192,47,Restless,57,58,0,0,452.5,455,0,0,0,3,30.6,66,47,Quiet,0,0,455,58
69eb029b899ce378bc9d3fbd,ESP32_GREENHOUSE_01,2026-04-24T05:41:47.956Z,15,30.51,30,30.9,30.7,65.73,65,66,66,85.5,167,129,Quiet,57.3,55,0,0,455.3,456,0,0,0,4,30.7,66,129,CRYING,0,0,456,55
69eb02b9899ce378bc9d3fc8,ESP32_GREENHOUSE_01,2026-04-24T05:42:17.960Z,14,30.41,30,30.9,30.4,65.93,65,66,66,58.1,131,32,CRYING,58.9,60,0,0,455.8,457,0,0,0,6,30.4,66,32,Quiet,0,0,457,60
69eb02d7899ce378bc9d3fd2,ESP32_GREENHOUSE_01,2026-04-24T05:42:47.970Z,15,30.45,30,30.9,30.1,66,66,66,66,107.1,338,237,CRYING,56.5,52,0,0,457.5,458,0,0,0,8,30.1,66,237,CRYING,0,0,458,52
69eb02f5899ce378bc9d3fd3,ESP32_GREENHOUSE_01,2026-04-24T05:43:17.981Z,15,30.47,30,30.9,30.9,65.8,65,66,66,79.9,335,335,CRYING,57.6,46,0,0,459.1,461,0,0,0,15,30.9,66,335,CRYING,0,0,461,46
69eb0313899ce378bc9d3fd4,ESP32_GREENHOUSE_01,2026-04-24T05:43:47.982Z,15,30.49,30.2,30.9,30.9,66,66,66,66,142.3,310,58,CRYING,54.9,57,0,0,461.9,463,0,0,0,15,30.9,66,58,CRYING,0,0,463,57
69eb0331899ce378bc9d3fd5,ESP32_GREENHOUSE_01,2026-04-24T05:44:17.996Z,15,30.64,30.1,30.9,30.4,65.73,65,66,65,146.1,404,149,CRYING,54.7,56,0,0,463.7,465,0,0,0,15,30.4,65,149,CRYING,0,0,465,56
69eb034f899ce378bc9d3fd6,ESP32_GREENHOUSE_01,2026-04-24T05:44:47.997Z,15,30.5,30,30.9,30.4,65.4,65,66,65,172.1,464,369,CRYING,54.2,47,0,0,465.9,467,0,0,0,15,30.4,65,369,CRYING,0,0,467,47
69eb036e899ce378bc9d3fd7,ESP32_GREENHOUSE_01,2026-04-24T05:45:18.004Z,15,30.29,30,30.7,30.2,65,65,65,65,112.4,475,81,CRYING,57.5,59,0,0,467.9,469,0,0,0,15,30.2,65,81,CRYING,0,0,469,59
69eb038c899ce378bc9d3fd9,ESP32_GREENHOUSE_01,2026-04-24T05:45:48.011Z,15,30.51,30.1,30.9,30.4,65,65,65,65,38.5,176,24,CRYING,59.7,61,0,0,471,473,0,0,0,12,30.4,65,24,Quiet,0,0,473,61
69eb03aa899ce378bc9d3fdc,ESP32_GREENHOUSE_01,2026-04-24T05:46:18.016Z,14,30.45,30,30.9,30.9,65,65,65,65,102.1,200,145,CRYING,57.3,54,0,0,473,474,0,0,0,11,30.9,65,145,CRYING,0,0,474,54
69eb03c8899ce378bc9d3fdd,ESP32_GREENHOUSE_01,2026-04-24T05:46:48.021Z,15,30.32,30,30.9,30.3,65,65,65,65,118.3,238,202,CRYING,57.1,54,0,0,475,476,0,0,0,15,30.3,65,202,CRYING,0,0,476,54
69eb03e6899ce378bc9d3fde,ESP32_GREENHOUSE_01,2026-04-24T05:47:18.023Z,15,30.43,30.1,30.9,30.4,65,65,65,65,102.1,243,55,CRYING,57.4,59,0,0,477.3,478,0,0,0,15,30.4,65,55,CRYING,0,0,478,59
69eb0404899ce378bc9d3fdf,ESP32_GREENHOUSE_01,2026-04-24T05:47:48.030Z,15,30.51,30.1,30.9,30.4,65,65,65,65,124.5,332,23,CRYING,56.3,61,0,0,478.3,478,0,0,0,15,30.4,65,23,CRYING,0,0,478,61
69eb0422899ce378bc9d3fe0,ESP32_GREENHOUSE_01,2026-04-24T05:48:18.037Z,15,30.37,30,30.9,30.4,65,65,65,65,82.7,245,150,CRYING,58.4,56,0,0,477.9,478,0,0,0,15,30.4,65,150,CRYING,0,0,478,56
69eb0440899ce378bc9d3fe8,ESP32_GREENHOUSE_01,2026-04-24T05:48:48.037Z,15,30.45,30,30.9,30.8,65,65,65,65,108.1,430,47,CRYING,57.2,59,0,0,478,477,0,0,0,10,30.8,65,47,Quiet,0,0,477,59
69eb045e899ce378bc9d3ff1,ESP32_GREENHOUSE_01,2026-04-24T05:49:18.039Z,15,30.43,30,30.9,30.6,65,65,65,65,112.1,286,38,CRYING,57.1,59,0,0,477.3,477,0,0,0,11,30.6,65,38,CRYING,0,0,477,59
69eb047c899ce378bc9d3ffc,ESP32_GREENHOUSE_01,2026-04-24T05:49:48.042Z,15,30.57,30,30.9,30.9,65,65,65,65,106.6,272,74,CRYING,57,57,0,0,476.5,476,0,0,0,9,30.9,65,74,Restless,0,0,476,57
69eb049a899ce378bc9d4003,ESP32_GREENHOUSE_01,2026-04-24T05:50:18.052Z,14,30.36,30,30.8,30.2,65,65,65,65,96.1,368,55,CRYING,57.8,60,0,0,475.6,476,0,0,0,9,30.2,65,55,CRYING,0,0,476,60
69eb04b8899ce378bc9d4006,ESP32_GREENHOUSE_01,2026-04-24T05:50:48.057Z,15,30.6,30.1,30.9,30.7,65,65,65,65,151,258,148,CRYING,54.9,55,0,0,475.9,476,0,0,0,14,30.7,65,148,CRYING,0,0,476,55
69eb04d6899ce378bc9d4008,ESP32_GREENHOUSE_01,2026-04-24T05:51:18.071Z,15,30.42,30,30.8,30.6,65,65,65,65,36.1,52,16,CRYING,60.1,60,0,0,476.2,477,0,0,0,11,30.6,65,16,Quiet,0,0,477,60
69eb04f4899ce378bc9d400b,ESP32_GREENHOUSE_01,2026-04-24T05:51:48.071Z,15,30.39,30,30.7,30.6,65,65,65,65,96.3,445,34,Quiet,57.7,60,0,0,475.4,475,0,0,0,6,30.6,65,34,Quiet,0,0,475,60
69eb0512899ce378bc9d4012,ESP32_GREENHOUSE_01,2026-04-24T05:52:18.073Z,15,30.45,30,30.9,30.4,65,65,65,65,112.3,810,24,Quiet,57,61,0,0,475.1,476,0,0,0,7,30.4,65,24,Quiet,0,0,476,61
69eb0530899ce378bc9d4016,ESP32_GREENHOUSE_01,2026-04-24T05:52:48.087Z,15,30.5,30.1,30.9,30.1,65,65,65,65,270.3,889,371,CRYING,50.7,48,0,0,476,476,0,0,0,10,30.1,65,371,CRYING,0,0,476,48
69eb054e899ce378bc9d401c,ESP32_GREENHOUSE_01,2026-04-24T05:53:18.090Z,15,30.42,30,30.7,30,65,65,65,65,37.1,83,19,CRYING,60,62,0,0,476.6,477,0,0,0,9,30,65,19,Quiet,0,0,477,62
69eb056c899ce378bc9d4022,ESP32_GREENHOUSE_01,2026-04-24T05:53:48.095Z,14,30.43,30,30.9,30.8,65,65,65,65,144.4,713,182,Quiet,55.8,53,0,0,477.6,479,0,0,0,7,30.8,65,182,CRYING,0,0,479,53
69eb058a899ce378bc9d4029,ESP32_GREENHOUSE_01,2026-04-24T05:54:18.098Z,15,30.54,30,30.9,30.4,65,65,65,65,91.1,364,321,Quiet,57.6,49,0,0,479.7,481,0,0,0,5,30.4,65,321,CRYING,0,0,481,49
69eb05a8899ce378bc9d4031,ESP32_GREENHOUSE_01,2026-04-24T05:54:48.104Z,15,30.47,30,30.9,30.1,65,65,65,65,163.9,618,84,CRYING,55,59,0,0,481.9,483,0,0,0,10,30.1,65,84,CRYING,0,0,483,59
69eb05c6899ce378bc9d4039,ESP32_GREENHOUSE_01,2026-04-24T05:55:18.110Z,15,30.41,30,30.8,30.5,65,65,65,65,34.2,78,64,Quiet,60.1,59,0,0,483.7,484,0,0,0,4,30.5,65,64,Light Activity,0,0,484,59
69eb05e4899ce378bc9d403d,ESP32_GREENHOUSE_01,2026-04-24T05:55:48.122Z,15,30.47,30,30.9,30.8,65,65,65,65,170.1,626,73,CRYING,54.7,58,0,0,484,484,0,0,0,14,30.8,65,73,CRYING,0,0,484,58
69eb0602899ce378bc9d4044,ESP32_GREENHOUSE_01,2026-04-24T05:56:18.134Z,15,30.4,30,30.9,30.9,65,65,65,65,175.5,827,607,CRYING,54.6,36,0,0,484.9,486,0,0,0,11,30.9,65,607,CRYING,0,0,486,36
69eb0620899ce378bc9d4047,ESP32_GREENHOUSE_01,2026-04-24T05:56:48.147Z,15,30.48,30,30.9,30.6,65,65,65,65,244.4,749,749,CRYING,51.8,32,0,0,486.1,486,0,0,0,14,30.6,65,749,CRYING,0,0,486,32
69eb063e899ce378bc9d4049,ESP32_GREENHOUSE_01,2026-04-24T05:57:18.147Z,15,30.47,30,30.9,30.7,65,65,65,65,169.3,762,20,CRYING,54.7,60,0,0,486,486,0,0,0,14,30.7,65,20,Quiet,0,0,486,60
69eb065c899ce378bc9d404b,ESP32_GREENHOUSE_01,2026-04-24T05:57:48.150Z,14,30.42,30,30.9,30.1,65,65,65,65,300.4,1023,24,CRYING,49.7,61,0,0,485.9,486,0,0,0,10,30.1,65,24,CRYING,0,0,486,61
69eb067a899ce378bc9d4052,ESP32_GREENHOUSE_01,2026-04-24T05:58:18.152Z,15,30.4,30,30.9,30.2,65,65,65,65,125.6,544,38,Quiet,56.6,61,0,0,486.1,487,0,0,0,5,30.2,65,38,CRYING,0,0,487,61
69eb0698899ce378bc9d4059,ESP32_GREENHOUSE_01,2026-04-24T05:58:48.165Z,15,30.48,30,30.9,30.7,65,65,65,65,223.2,1023,215,CRYING,52.6,52,0,0,487,487,0,0,0,11,30.7,65,215,Restless,0,0,487,52
69eb06b6899ce378bc9d405b,ESP32_GREENHOUSE_01,2026-04-24T05:59:18.177Z,15,30.57,30,30.7,30,65,65,65,65,189.4,612,23,CRYING,53.7,62,0,0,487,487,0,0,0,15,30,65,23,CRYING,0,0,487,62
69eb06d4899ce378bc9d4061,ESP32_GREENHOUSE_01,2026-04-24T05:59:48.183Z,15,30.54,30,30.9,30.8,65,65,65,65,135.1,586,51,CRYING,55.8,58,0,0,486.9,487,0,0,0,12,30.8,65,51,CRYING,0,0,487,58
69eb06f2899ce378bc9d4066,ESP32_GREENHOUSE_01,2026-04-24T06:00:18.191Z,15,30.31,30,30.9,30.2,65,65,65,65,121.6,669,32,CRYING,56.9,61,0,0,487.1,487,0,0,0,8,30.2,65,32,Quiet,0,0,487,61
69eb0710899ce378bc9d406c,ESP32_GREENHOUSE_01,2026-04-24T06:00:48.201Z,15,30.27,30,30.9,30.3,65,65,65,65,74.5,289,27,CRYING,59,61,0,0,486,484,0,0,0,9,30.3,65,27,Quiet,0,0,484,61
69eb072e899ce378bc9d406f,ESP32_GREENHOUSE_01,2026-04-24T06:01:18.206Z,15,30.37,30,30.8,30.6,65,65,65,65,24.9,70,16,Quiet,60.7,60,0,0,484.7,486,0,0,0,0,30.6,65,16,Quiet,0,0,486,60
69eb074c899ce378bc9d4070,ESP32_GREENHOUSE_01,2026-04-24T06:01:48.211Z,14,30.52,30,30.9,30.4,65,65,65,65,22,38,15,Quiet,60.4,61,0,0,485.3,483,0,0,0,0,30.4,65,15,Quiet,0,0,483,61
69eb076a899ce378bc9d4071,ESP32_GREENHOUSE_01,2026-04-24T06:02:18.213Z,15,30.43,30,30.8,30.6,65,65,65,65,27.9,53,53,Quiet,60.5,59,0,0,480.9,480,0,0,0,0,30.6,65,53,Quiet,0,0,480,59
69eb0788899ce378bc9d407e,ESP32_GREENHOUSE_01,2026-04-24T06:02:48.227Z,15,30.42,30,30.9,30.5,64.93,64,65,65,60.5,173,22,Quiet,58.9,60,0,0,481.4,483,0,0,0,3,30.5,65,22,Quiet,0,0,483,60
69eb07a6899ce378bc9d4084,ESP32_GREENHOUSE_01,2026-04-24T06:03:18.241Z,15,30.43,30,30.9,30.2,65,65,65,65,41.5,166,29,Quiet,59.8,61,0,0,484.9,485,0,0,0,2,30.2,65,29,Quiet,0,0,485,61
69eb07c4899ce378bc9d4087,ESP32_GREENHOUSE_01,2026-04-24T06:03:48.253Z,15,30.42,30,30.8,30.3,65,65,65,65,29.5,65,30,Quiet,60.2,61,0,0,484.5,484,0,0,0,0,30.3,65,30,Quiet,0,0,484,61
69eb07e2899ce378bc9d4088,ESP32_GREENHOUSE_01,2026-04-24T06:04:18.264Z,15,30.39,30,30.8,30.7,65,65,65,65,27,38,21,Quiet,60.6,60,0,0,483,482,0,0,0,0,30.7,65,21,Quiet,0,0,482,60
69eb0800899ce378bc9d4089,ESP32_GREENHOUSE_01,2026-04-24T06:04:48.269Z,15,30.43,30,30.8,30.2,65,65,65,65,26.8,44,27,Quiet,60.4,61,0,0,481.3,480,0,0,0,0,30.2,65,27,Quiet,0,0,480,61
69eb081e899ce378bc9d408a,ESP32_GREENHOUSE_01,2026-04-24T06:05:18.271Z,14,30.54,30,30.9,30.9,65,65,65,65,24.6,39,24,Quiet,60.2,59,0,0,479.6,480,0,0,0,0,30.9,65,24,Quiet,0,0,480,59
69eb083c899ce378bc9d408b,ESP32_GREENHOUSE_01,2026-04-24T06:05:48.274Z,15,30.39,30,30.9,30.1,65,65,65,65,28.3,39,30,Quiet,60.4,61,0,0,480.9,481,0,0,0,0,30.1,65,30,Quiet,0,0,481,61
69eb085a899ce378bc9d408c,ESP32_GREENHOUSE_01,2026-04-24T06:06:18.282Z,15,30.47,30,30.8,30.8,65,65,65,65,27.9,41,19,Quiet,60.3,60,0,0,482,482,0,0,0,0,30.8,65,19,Quiet,0,0,482,60
69eb0878899ce378bc9d408d,ESP32_GREENHOUSE_01,2026-04-24T06:06:48.284Z,15,30.62,30,30.9,30,65,65,65,65,24.3,47,47,Quiet,59.9,61,0,0,482.3,482,0,0,0,0,30,65,47,Quiet,0,0,482,61
69eb0896899ce378bc9d408e,ESP32_GREENHOUSE_01,2026-04-24T06:07:18.293Z,15,30.34,30,30.7,30.4,65,65,65,65,22.9,39,25,Quiet,60.7,61,0,0,482.1,482,0,0,0,0,30.4,65,25,Quiet,0,0,482,61
69eb08b4899ce378bc9d408f,ESP32_GREENHOUSE_01,2026-04-24T06:07:48.300Z,15,30.45,30.1,30.9,30.6,65,65,65,65,25,36,27,Quiet,60.3,60,0,0,481.1,481,0,0,0,0,30.6,65,27,Quiet,0,0,481,60
69eb08d2899ce378bc9d4090,ESP32_GREENHOUSE_01,2026-04-24T06:08:18.302Z,15,30.34,30,30.8,30.4,65,65,65,65,24.8,43,41,Quiet,60.7,60,0,0,479.5,479,0,0,0,0,30.4,65,41,Quiet,0,0,479,60
69eb08f0899ce378bc9d4091,ESP32_GREENHOUSE_01,2026-04-24T06:08:48.303Z,15,30.53,30,30.9,30.8,65,65,65,65,22.1,44,16,Quiet,60.4,60,0,0,478.3,478,0,0,0,0,30.8,65,16,Quiet,0,0,478,60
69eb090e899ce378bc9d4092,ESP32_GREENHOUSE_01,2026-04-24T06:09:18.305Z,14,30.34,30,30.9,30.7,64.57,64,65,64,22.4,36,18,Quiet,61.1,61,0,0,477.4,477,0,0,0,0,30.7,64,18,Quiet,0,0,477,61
69eb092c899ce378bc9d4093,ESP32_GREENHOUSE_01,2026-04-24T06:09:48.308Z,15,30.55,30,30.8,30,64,64,64,64,26.3,41,29,Quiet,60.6,62,0,0,476.1,476,0,0,0,0,30,64,29,Quiet,0,0,476,62
69eb094a899ce378bc9d4094,ESP32_GREENHOUSE_01,2026-04-24T06:10:18.321Z,15,30.57,30.1,30.8,30.4,64.07,64,65,64,25.7,39,22,Quiet,60.6,61,0,0,474.9,475,0,0,0,0,30.4,64,22,Quiet,0,0,475,61
69eb0968899ce378bc9d4095,ESP32_GREENHOUSE_01,2026-04-24T06:10:48.332Z,15,30.46,30.1,30.9,30.5,64,64,64,64,24.9,32,21,Quiet,61,61,0,0,474.5,475,0,0,0,0,30.5,64,21,Quiet,0,0,475,61
69eb0986899ce378bc9d409b,ESP32_GREENHOUSE_01,2026-04-24T06:11:18.344Z,15,30.38,30,30.9,30.9,64,64,64,64,36,81,56,Quiet,60.9,59,0,0,474.3,474,0,0,0,0,30.9,64,56,Light Activity,0,0,474,59
69eb09a4899ce378bc9d40a1,ESP32_GREENHOUSE_01,2026-04-24T06:11:48.349Z,15,30.39,30,30.8,30.7,64,64,64,64,37.9,71,30,Quiet,60.6,60,0,0,473.7,473,0,0,0,0,30.7,64,30,Quiet,0,0,473,60
69eb09c2899ce378bc9d40a4,ESP32_GREENHOUSE_01,2026-04-24T06:12:18.354Z,15,30.45,30,30.9,30.2,64,64,64,64,31.7,73,23,Quiet,60.8,62,0,0,473.1,473,0,0,0,0,30.2,64,23,Quiet,0,0,473,62
69eb09e0899ce378bc9d40a5,ESP32_GREENHOUSE_01,2026-04-24T06:12:48.355Z,15,30.45,30,30.9,30.9,64,64,64,64,26,39,22,Quiet,60.9,60,0,0,472,471,0,0,0,0,30.9,64,22,Quiet,0,0,471,60
69eb09fe899ce378bc9d40a6,ESP32_GREENHOUSE_01,2026-04-24T06:13:18.363Z,14,30.36,30,30.9,30.9,64,64,64,64,33.9,43,34,Quiet,60.9,59,0,0,471.4,471,0,0,0,0,30.9,64,34,Quiet,0,0,471,59
69eb0a1c899ce378bc9d40ac,ESP32_GREENHOUSE_01,2026-04-24T06:13:48.373Z,15,30.3,30,30.7,30.4,64,64,64,64,39.2,67,17,Quiet,60.9,61,0,0,470.9,471,0,0,0,1,30.4,64,17,Quiet,0,0,471,61
69eb0a3a899ce378bc9d40ad,ESP32_GREENHOUSE_01,2026-04-24T06:14:18.376Z,15,30.48,30.1,30.9,30.4,64,64,64,64,22.9,33,33,Quiet,61,61,0,0,470.3,470,0,0,0,0,30.4,64,33,Quiet,0,0,470,61
69eb0a58899ce378bc9d40ae,ESP32_GREENHOUSE_01,2026-04-24T06:14:48.377Z,15,30.43,30,30.9,30,64,64,64,64,25.7,40,18,Quiet,61,63,0,0,470,470,0,0,0,0,30,64,18,Quiet,0,0,470,63
69eb0a76899ce378bc9d40af,ESP32_GREENHOUSE_01,2026-04-24T06:15:18.389Z,15,30.47,30.1,30.9,30.5,64,64,64,64,26.1,35,25,Quiet,60.8,61,0,0,469.4,471,0,0,0,0,30.5,64,25,Quiet,0,0,471,61
69eb0a94899ce378bc9d40b0,ESP32_GREENHOUSE_01,2026-04-24T06:15:48.389Z,15,30.49,30,30.9,30.3,64,64,64,64,23.3,34,19,Quiet,60.9,62,0,0,468.7,468,0,0,0,0,30.3,64,19,Quiet,0,0,468,62
69eb0ab2899ce378bc9d40b1,ESP32_GREENHOUSE_01,2026-04-24T06:16:18.401Z,15,30.41,30,30.9,30.3,63.6,63,64,63,31.6,54,22,Quiet,61.1,62,0,0,467.2,466,0,0,0,0,30.3,63,22,Quiet,0,0,466,62
69eb0ad0899ce378bc9d40b4,ESP32_GREENHOUSE_01,2026-04-24T06:16:48.414Z,14,30.46,30,30.9,30.6,63,63,63,63,34.5,85,24,Quiet,61.2,61,0,0,466.1,465,0,0,0,0,30.6,63,24,Quiet,0,0,465,61
69eb0aee899ce378bc9d40b5,ESP32_GREENHOUSE_01,2026-04-24T06:17:18.422Z,15,30.37,30,30.9,30.1,63,63,63,63,27.7,36,36,Quiet,61.7,62,0,0,465.5,464,0,0,0,0,30.1,63,36,Quiet,0,0,464,62
69eb0b0c899ce378bc9d40b8,ESP32_GREENHOUSE_01,2026-04-24T06:17:48.437Z,15,30.41,30,30.8,30.8,63,63,63,63,36.3,55,19,Quiet,61.3,61,0,0,463.4,462,0,0,0,0,30.8,63,19,Quiet,0,0,462,61
69eb0b2a899ce378bc9d40ba,ESP32_GREENHOUSE_01,2026-04-24T06:18:18.448Z,15,30.35,30,30.8,30.3,63,63,63,63,82.5,261,89,Quiet,59.7,60,0,0,461.7,461,0,0,0,7,30.3,63,89,CRYING,0,0,461,60
69eb0b48899ce378bc9d40c0,ESP32_GREENHOUSE_01,2026-04-24T06:18:48.448Z,15,30.47,30.1,30.8,30.1,63,63,63,63,44.9,91,29,Quiet,60.8,62,0,0,460.2,460,0,0,0,4,30.1,63,29,Quiet,0,0,460,62
69eb0b66899ce378bc9d40c1,ESP32_GREENHOUSE_01,2026-04-24T06:19:18.449Z,15,30.47,30,30.9,30.8,63,63,63,63,26.7,35,32,Quiet,61.5,60,0,0,458.9,458,0,0,0,0,30.8,63,32,Quiet,0,0,458,60
69eb0b84899ce378bc9d40c2,ESP32_GREENHOUSE_01,2026-04-24T06:19:48.464Z,15,30.35,30,30.9,30.1,63,63,63,63,29.6,48,34,Quiet,61.8,62,0,0,457.6,457,0,0,0,0,30.1,63,34,Quiet,0,0,457,62
69eb0ba2899ce378bc9d40c5,ESP32_GREENHOUSE_01,2026-04-24T06:20:18.466Z,15,30.44,30.1,30.8,30.6,63,63,63,63,35.7,67,39,Quiet,61.4,61,0,0,457,457,0,0,0,0,30.6,63,39,Quiet,0,0,457,61
69eb0bc0899ce378bc9d40c6,ESP32_GREENHOUSE_01,2026-04-24T06:20:48.475Z,14,30.48,30,30.7,30.7,63,63,63,63,31.6,50,44,Quiet,61.3,60,0,0,457.6,457,0,0,0,0,30.7,63,44,Quiet,0,0,457,60
69eb0bde899ce378bc9d40cb,ESP32_GREENHOUSE_01,2026-04-24T06:21:18.475Z,15,30.53,30.1,30.9,30.3,63,63,63,63,75.1,789,14,Quiet,59.3,62,0,0,453.2,453,0,0,0,1,30.3,63,14,Quiet,0,0,453,62
69eb0bfc899ce378bc9d40cc,ESP32_GREENHOUSE_01,2026-04-24T06:21:48.483Z,15,30.37,30,30.9,30.9,63,63,63,63,25,45,30,Quiet,61.9,60,0,0,452.7,453,0,0,0,0,30.9,63,30,Quiet,0,0,453,60
69eb0c1a899ce378bc9d40d3,ESP32_GREENHOUSE_01,2026-04-24T06:22:18.487Z,15,30.38,30,30.8,30.5,63,63,63,63,42.1,86,28,Quiet,61.1,61,0,0,452.7,453,0,0,0,0,30.5,63,28,Quiet,0,0,453,61
69eb0c38899ce378bc9d40d4,ESP32_GREENHOUSE_01,2026-04-24T06:22:48.491Z,15,30.39,30.1,30.9,30.2,63,63,63,63,21.2,29,14,Quiet,61.9,63,0,0,452.9,453,0,0,0,0,30.2,63,14,Quiet,0,0,453,63
69eb0c56899ce378bc9d40d5,ESP32_GREENHOUSE_01,2026-04-24T06:23:18.493Z,15,30.35,30,30.9,30.7,63,63,63,63,25,47,19,Quiet,61.9,61,0,0,452.9,453,0,0,0,0,30.7,63,19,Quiet,0,0,453,61
69eb0c74899ce378bc9d40d6,ESP32_GREENHOUSE_01,2026-04-24T06:23:48.506Z,15,30.47,30,30.9,30.2,63,63,63,63,23.1,45,22,Quiet,61.6,62,0,0,452.5,453,0,0,0,0,30.2,63,22,Quiet,0,0,453,62
69eb0c92899ce378bc9d40d7,ESP32_GREENHOUSE_01,2026-04-24T06:24:18.509Z,14,30.34,30,30.8,30.4,63,63,63,63,30.1,47,42,Quiet,61.8,61,0,0,452,452,0,0,0,0,30.4,63,42,Quiet,0,0,452,61
69eb0cb0899ce378bc9d40d8,ESP32_GREENHOUSE_01,2026-04-24T06:24:48.509Z,15,30.44,30,30.9,30.4,63,63,63,63,29.5,44,37,Quiet,61.5,61,0,0,451.3,451,0,0,0,0,30.4,63,37,Quiet,0,0,451,61
69eb0cce899ce378bc9d40d9,ESP32_GREENHOUSE_01,2026-04-24T06:25:18.523Z,15,30.51,30.1,30.9,30.4,63,63,63,63,25.5,35,16,Quiet,61.4,62,0,0,450.9,450,0,0,0,0,30.4,63,16,Quiet,0,0,450,62
69eb0cec899ce378bc9d40da,ESP32_GREENHOUSE_01,2026-04-24T06:25:48.537Z,15,30.45,30.1,30.8,30.4,63,63,63,63,22.5,30,14,Quiet,61.7,62,0,0,450.3,450,0,0,0,0,30.4,63,14,Quiet,0,0,450,62
69eb0d0a899ce378bc9d40db,ESP32_GREENHOUSE_01,2026-04-24T06:26:18.550Z,15,30.46,30,30.9,30.9,63,63,63,63,23.6,40,27,Quiet,61.7,60,0,0,450.1,450,0,0,0,0,30.9,63,27,Quiet,0,0,450,60
69eb0d28899ce378bc9d40dc,ESP32_GREENHOUSE_01,2026-04-24T06:26:48.559Z,15,30.45,30,30.9,30.5,63,63,63,63,23.6,37,22,Quiet,61.7,62,0,0,450.2,450,0,0,0,0,30.5,63,22,Quiet,0,0,450,62
69eb0d46899ce378bc9d40dd,ESP32_GREENHOUSE_01,2026-04-24T06:27:18.564Z,15,30.46,30,30.9,30.3,63,63,63,63,21.9,29,29,Quiet,61.7,62,0,0,450.5,451,0,0,0,0,30.3,63,29,Quiet,0,0,451,62
69eb0d64899ce378bc9d40de,ESP32_GREENHOUSE_01,2026-04-24T06:27:48.566Z,15,30.45,30.1,30.9,30.2,63,63,63,63,23.8,55,17,Quiet,61.7,63,0,0,451.1,452,0,0,0,0,30.2,63,17,Quiet,0,0,452,63
69eb0d82899ce378bc9d40df,ESP32_GREENHOUSE_01,2026-04-24T06:28:18.577Z,14,30.61,30.2,30.9,30.8,63,63,63,63,18.9,23,17,Quiet,61.4,61,0,0,451.6,452,0,0,0,0,30.8,63,17,Quiet,0,0,452,61
69eb0da0899ce378bc9d40e0,ESP32_GREENHOUSE_01,2026-04-24T06:28:48.581Z,15,30.47,30,30.8,30.3,63,63,63,63,25.7,38,31,Quiet,61.7,62,0,0,451.8,452,0,0,0,0,30.3,63,31,Quiet,0,0,452,62
69eb0dbe899ce378bc9d40e1,ESP32_GREENHOUSE_01,2026-04-24T06:29:18.595Z,15,30.51,30,30.9,30.7,63,63,63,63,30.5,38,31,Quiet,61.3,61,0,0,451.2,451,0,0,0,0,30.7,63,31,Quiet,0,0,451,61
69eb0ddc899ce378bc9d40e4,ESP32_GREENHOUSE_01,2026-04-24T06:29:48.604Z,15,30.35,30.1,30.8,30.7,63,63,63,63,48.3,242,24,Quiet,61.1,61,0,0,450.9,451,0,0,0,2,30.7,63,24,Quiet,0,0,451,61
69eb0dfa899ce378bc9d40e5,ESP32_GREENHOUSE_01,2026-04-24T06:30:18.610Z,15,30.45,30,30.9,30.3,63,63,63,63,25.2,45,35,Quiet,61.7,62,0,0,450.5,450,0,0,0,0,30.3,63,35,Quiet,0,0,450,62
69eb0e18899ce378bc9d40e8,ESP32_GREENHOUSE_01,2026-04-24T06:30:48.612Z,15,30.35,30,30.8,30.5,63,63,63,63,30.2,69,29,Quiet,61.7,61,0,0,449.7,450,0,0,0,0,30.5,63,29,Quiet,0,0,450,61
69eb0e36899ce378bc9d40e9,ESP32_GREENHOUSE_01,2026-04-24T06:31:18.613Z,15,30.47,30,30.9,30,63,63,63,63,21.8,27,26,Quiet,61.6,63,0,0,448.7,448,0,0,0,0,30,63,26,Quiet,0,0,448,63
69eb0e54899ce378bc9d40ea,ESP32_GREENHOUSE_01,2026-04-24T06:31:48.621Z,14,30.44,30.1,30.8,30.5,63,63,63,63,21.2,31,17,Quiet,61.9,62,0,0,447.5,447,0,0,0,0,30.5,63,17,Quiet,0,0,447,62
69eb0e72899ce378bc9d40eb,ESP32_GREENHOUSE_01,2026-04-24T06:32:18.621Z,15,30.47,30,30.9,30.9,63,63,63,63,21.1,35,24,Quiet,61.6,60,0,0,447.1,447,0,0,0,0,30.9,63,24,Quiet,0,0,447,60
69eb0e90899ce378bc9d40ec,ESP32_GREENHOUSE_01,2026-04-24T06:32:48.629Z,15,30.47,30,30.9,30.4,63,63,63,63,23.3,27,20,Quiet,61.7,62,0,0,447,447,0,0,0,0,30.4,63,20,Quiet,0,0,447,62
69eb0eae899ce378bc9d40ed,ESP32_GREENHOUSE_01,2026-04-24T06:33:18.632Z,15,30.32,30,30.8,30.3,63,63,63,63,23.9,39,39,Quiet,62.1,62,0,0,446.4,446,0,0,0,0,30.3,63,39,Quiet,0,0,446,62
69eb0ecc899ce378bc9d40ee,ESP32_GREENHOUSE_01,2026-04-24T06:33:48.636Z,15,30.55,30,30.9,30.8,63,63,63,63,26.7,37,31,Quiet,61.1,60,0,0,446.3,446,0,0,0,0,30.8,63,31,Quiet,0,0,446,60
69eb0eea899ce378bc9d40ef,ESP32_GREENHOUSE_01,2026-04-24T06:34:18.640Z,15,30.35,30,30.9,30.3,63,63,63,63,28.6,46,36,Quiet,61.8,62,0,0,446.3,446,0,0,0,0,30.3,63,36,Quiet,0,0,446,62
69eb0f08899ce378bc9d40f4,ESP32_GREENHOUSE_01,2026-04-24T06:34:48.652Z,15,30.47,30.1,30.9,30.3,63,63,63,63,40.6,82,21,Quiet,60.9,62,0,0,446.2,447,0,0,0,0,30.3,63,21,Quiet,0,0,447,62
69eb0f26899ce378bc9d40f5,ESP32_GREENHOUSE_01,2026-04-24T06:35:18.659Z,15,30.42,30,30.9,30,63,63,63,63,25.1,40,19,Quiet,61.7,63,0,0,445.7,446,0,0,0,0,30,63,19,Quiet,0,0,446,63
69eb0f44899ce378bc9d40f6,ESP32_GREENHOUSE_01,2026-04-24T06:35:48.672Z,14,30.46,30,30.9,30.9,63,63,63,63,27.1,44,19,Quiet,61.5,61,0,0,445.4,445,0,0,0,0,30.9,63,19,Quiet,0,0,445,61
69eb0f62899ce378bc9d40f7,ESP32_GREENHOUSE_01,2026-04-24T06:36:18.674Z,15,30.51,30,30.9,30.7,63,63,63,63,27.8,37,34,Quiet,61.4,61,0,0,445.3,446,0,0,0,0,30.7,63,34,Quiet,0,0,446,61
69eb0f80899ce378bc9d40ff,ESP32_GREENHOUSE_01,2026-04-24T06:36:48.687Z,15,30.42,30,30.8,30.3,63,63,63,63,50.1,72,23,Quiet,60.7,62,0,0,445.1,445,0,0,0,3,30.3,63,23,Quiet,0,0,445,62
69eb0f9e899ce378bc9d4100,ESP32_GREENHOUSE_01,2026-04-24T06:37:18.698Z,15,30.51,30.1,30.9,30.6,63,63,63,63,24.9,34,33,Quiet,61.5,61,0,0,445.3,446,0,0,0,0,30.6,63,33,Quiet,0,0,446,61
69eb0fbc899ce378bc9d4101,ESP32_GREENHOUSE_01,2026-04-24T06:37:48.706Z,15,30.35,30,30.9,30.8,63,63,63,63,31.1,48,21,Quiet,61.7,61,0,0,445.3,445,0,0,0,0,30.8,63,21,Quiet,0,0,445,61
69eb0fda899ce378bc9d4104,ESP32_GREENHOUSE_01,2026-04-24T06:38:18.712Z,15,30.61,30,30.9,30.6,63,63,63,63,32.9,60,43,Quiet,60.9,61,0,0,444.9,443,0,0,0,0,30.6,63,43,Quiet,0,0,443,61
69eb0ff8899ce378bc9d4108,ESP32_GREENHOUSE_01,2026-04-24T06:38:48.718Z,15,30.43,30,30.9,30,63,63,63,63,35.2,64,57,Quiet,61.3,62,0,0,444.7,446,0,0,0,0,30,63,57,Light Activity,0,0,446,62
69eb1016899ce378bc9d410a,ESP32_GREENHOUSE_01,2026-04-24T06:39:18.722Z,15,30.45,30,30.8,30.6,63,63,63,63,25.3,49,13,Quiet,61.7,62,0,0,445.1,445,0,0,0,0,30.6,63,13,Quiet,0,0,445,62
69eb1034899ce378bc9d4110,ESP32_GREENHOUSE_01,2026-04-24T06:39:48.731Z,14,30.47,30.1,30.9,30.9,63,63,63,63,47.4,188,69,Quiet,60.8,59,0,0,442.9,443,0,0,0,3,30.9,63,69,Light Activity,0,0,443,59
69eb1052899ce378bc9d4118,ESP32_GREENHOUSE_01,2026-04-24T06:40:18.738Z,15,30.49,30,30.9,30.7,63,63,63,63,48.8,132,69,Quiet,60.6,59,0,0,445.1,446,0,0,0,1,30.7,63,69,Light Activity,0,0,446,59
69eb1070899ce378bc9d411c,ESP32_GREENHOUSE_01,2026-04-24T06:40:48.741Z,15,30.45,30,30.8,30.8,63,63,63,63,35.9,82,29,Quiet,61.4,61,0,0,444.5,444,0,0,0,0,30.8,63,29,Quiet,0,0,444,61
69eb108e899ce378bc9d4121,ESP32_GREENHOUSE_01,2026-04-24T06:41:18.756Z,15,30.42,30,30.7,30.3,63,63,63,63,52.6,181,33,Quiet,60.7,62,0,0,442.3,443,0,0,0,4,30.3,63,33,Quiet,0,0,443,62
69eb10ac899ce378bc9d4122,ESP32_GREENHOUSE_01,2026-04-24T06:41:48.765Z,15,30.57,30.1,30.9,30.7,63,63,63,63,26.9,38,25,Quiet,61.2,61,0,0,439.5,438,0,0,0,0,30.7,63,25,Quiet,0,0,438,61
69eb10ca899ce378bc9d4127,ESP32_GREENHOUSE_01,2026-04-24T06:42:18.766Z,15,30.53,30,30.9,30.7,63,63,63,63,41.8,159,40,Quiet,60.7,60,0,0,441.7,442,0,0,0,2,30.7,63,40,Quiet,0,0,442,60
69eb10e8899ce378bc9d412c,ESP32_GREENHOUSE_01,2026-04-24T06:42:48.776Z,15,30.49,30,30.9,30.8,63,63,63,63,37.4,122,34,Quiet,61,60,0,0,442,443,0,0,0,2,30.8,63,34,Quiet,0,0,443,60
69eb1106899ce378bc9d412f,ESP32_GREENHOUSE_01,2026-04-24T06:43:18.786Z,14,30.49,30,30.9,30.8,63,63,63,63,28.1,103,26,Quiet,61.5,61,0,0,445.1,446,0,0,0,1,30.8,63,26,Quiet,0,0,446,61
69eb1124899ce378bc9d4136,ESP32_GREENHOUSE_01,2026-04-24T06:43:48.793Z,15,30.47,30,30.9,30.1,63,63,63,63,44.2,109,23,Quiet,60.9,63,0,0,444.7,445,0,0,0,2,30.1,63,23,Quiet,0,0,445,63
69eb1142899ce378bc9d413e,ESP32_GREENHOUSE_01,2026-04-24T06:44:18.802Z,15,30.48,30.1,30.9,30.1,63,63,63,63,65.1,278,278,Quiet,59.9,53,0,0,444.4,444,0,0,0,3,30.1,63,278,CRYING,0,0,444,53
69eb1160899ce378bc9d4140,ESP32_GREENHOUSE_01,2026-04-24T06:44:48.808Z,15,30.44,30,30.9,30.9,63,63,63,63,29.1,49,26,Quiet,61.4,60,0,0,443.7,443,0,0,0,0,30.9,63,26,Quiet,0,0,443,60
69eb117e899ce378bc9d4142,ESP32_GREENHOUSE_01,2026-04-24T06:45:18.810Z,15,30.27,30,30.8,30.5,63,63,63,63,32.1,73,73,Quiet,61.9,60,0,0,443.1,443,0,0,0,0,30.5,63,73,Light Activity,0,0,443,60
69eb119c899ce378bc9d414b,ESP32_GREENHOUSE_01,2026-04-24T06:45:48.816Z,15,30.42,30,30.9,30.3,63,63,63,63,63.5,125,105,CRYING,60.1,59,0,0,444.2,445,0,0,0,8,30.3,63,105,CRYING,0,0,445,59
69eb11ba899ce378bc9d4151,ESP32_GREENHOUSE_01,2026-04-24T06:46:18.821Z,15,30.39,30,30.8,30.2,62.8,62,63,63,46.9,217,41,Quiet,61.1,62,0,0,446.1,446,0,0,0,1,30.2,63,41,Quiet,0,0,446,62
69eb11d8899ce378bc9d4154,ESP32_GREENHOUSE_01,2026-04-24T06:46:48.828Z,15,30.46,30.1,30.9,30.1,63,63,63,63,32.3,82,52,Quiet,61.3,62,0,0,447.1,447,0,0,0,0,30.1,63,52,Quiet,0,0,447,62
69eb11f6899ce378bc9d4156,ESP32_GREENHOUSE_01,2026-04-24T06:47:18.837Z,14,30.44,30.1,30.9,30.2,63,63,63,63,49.5,263,90,Quiet,60.8,60,0,0,447.4,443,0,0,0,3,30.2,63,90,CRYING,0,0,443,60
69eb1214899ce378bc9d415d,ESP32_GREENHOUSE_01,2026-04-24T06:47:48.850Z,15,30.49,30,30.8,30.6,63,63,63,63,75.6,241,50,CRYING,59.7,60,0,0,444.1,443,0,0,0,9,30.6,63,50,Quiet,0,0,443,60
69eb1232899ce378bc9d4165,ESP32_GREENHOUSE_01,2026-04-24T06:48:18.863Z,15,30.56,30.1,30.9,30.7,63,63,63,63,57.3,144,52,Quiet,60.1,60,0,0,447.8,450,0,0,0,5,30.7,63,52,Quiet,0,0,450,60
69eb1250899ce378bc9d416d,ESP32_GREENHOUSE_01,2026-04-24T06:48:48.864Z,15,30.39,30,30.9,30.7,63,63,63,63,111.4,764,25,Quiet,58.4,61,0,0,449.1,447,0,0,0,5,30.7,63,25,Quiet,0,0,447,61
69eb126e899ce378bc9d4176,ESP32_GREENHOUSE_01,2026-04-24T06:49:18.869Z,15,30.42,30,30.8,30.4,63,63,63,63,86.1,314,108,CRYING,59.4,59,5,0,433.8,423,0,0,0,9,30.4,63,108,CRYING,1,0,423,59
69eb128c899ce378bc9d417e,ESP32_GREENHOUSE_01,2026-04-24T06:49:48.882Z,15,30.43,30,30.9,30.2,63,63,63,63,64.3,147,89,CRYING,60.3,60,10,0,327.6,354,0,0,0,10,30.2,63,89,CRYING,0,0,354,60
69eb12aa899ce378bc9d4182,ESP32_GREENHOUSE_01,2026-04-24T06:50:18.888Z,15,30.83,30,31.9,31.8,62.6,62,63,62,95.4,281,15,CRYING,58.1,59,0,0,359.3,362,0,0,0,10,31.8,62,15,Quiet,0,0,362,59
69eb12c8899ce378bc9d4188,ESP32_GREENHOUSE_01,2026-04-24T06:50:48.901Z,14,31.51,31.1,31.9,31.5,62,62,62,62,81.7,403,47,Quiet,57,58,0,0,361.9,362,0,0,0,5,31.5,62,47,CRYING,0,0,362,58
69eb12e6899ce378bc9d4191,ESP32_GREENHOUSE_01,2026-04-24T06:51:18.908Z,15,31.25,30.3,31.8,30.3,62.07,62,63,62,63.3,186,22,Quiet,58.3,63,0,0,362.5,361,0,0,0,6,30.3,62,22,Quiet,0,0,361,63
69eb1304899ce378bc9d4192,ESP32_GREENHOUSE_01,2026-04-24T06:51:48.923Z,15,30.48,30,30.9,30.6,62.33,62,63,62,18.9,27,18,Quiet,62.3,62,0,0,361,361,0,0,0,0,30.6,62,18,Quiet,0,0,361,62
69eb1322899ce378bc9d4193,ESP32_GREENHOUSE_01,2026-04-24T06:52:18.924Z,15,30.41,30,30.8,30.4,62.8,62,63,63,24.1,40,31,Quiet,62,62,0,0,361.6,362,0,0,0,0,30.4,63,31,Quiet,0,0,362,62
69eb1340899ce378bc9d4194,ESP32_GREENHOUSE_01,2026-04-24T06:52:48.932Z,15,30.4,30,30.8,30.4,63,63,63,63,15.6,25,25,Quiet,62.2,62,0,0,363,363,0,0,0,0,30.4,63,25,Quiet,0,0,363,62
69eb135e899ce378bc9d4195,ESP32_GREENHOUSE_01,2026-04-24T06:53:18.938Z,15,30.51,30,30.9,30.4,63,63,63,63,17.2,24,12,Quiet,61.7,62,0,0,363.9,365,0,0,0,0,30.4,63,12,Quiet,0,0,365,62
69eb137c899ce378bc9d4196,ESP32_GREENHOUSE_01,2026-04-24T06:53:48.949Z,15,30.37,30,30.8,30.4,63,63,63,63,17.6,32,18,Quiet,62.1,62,0,0,365.2,366,0,0,0,0,30.4,63,18,Quiet,0,0,366,62
69eb139a899ce378bc9d4197,ESP32_GREENHOUSE_01,2026-04-24T06:54:18.956Z,15,30.51,30,30.9,30.6,63,63,63,63,14.7,21,17,Quiet,61.9,62,0,0,366,366,0,0,0,0,30.6,63,17,Quiet,0,0,366,62
69eb13b8899ce378bc9d4198,ESP32_GREENHOUSE_01,2026-04-24T06:54:48.965Z,14,30.27,30,30.7,30.4,63,63,63,63,17.2,26,25,Quiet,62.4,62,0,0,365.3,365,0,0,0,0,30.4,63,25,Quiet,0,0,365,62
69eb13d6899ce378bc9d4199,ESP32_GREENHOUSE_01,2026-04-24T06:55:18.966Z,15,30.45,30.1,30.8,30.5,63,63,63,63,20.5,36,17,Quiet,61.8,62,0,0,365,365,0,0,0,0,30.5,63,17,Quiet,0,0,365,62
69eb13f4899ce378bc9d419a,ESP32_GREENHOUSE_01,2026-04-24T06:55:48.980Z,15,30.52,30,30.9,30.9,63,63,63,63,30,49,48,Quiet,61.1,59,0,0,365,365,0,0,0,0,30.9,63,48,Quiet,0,0,365,59
69eb1412899ce378bc9d41a0,ESP32_GREENHOUSE_01,2026-04-24T06:56:18.981Z,15,30.33,30,30.8,30.5,63,63,63,63,45.7,100,36,Quiet,61.3,61,0,0,365.5,366,0,0,0,1,30.5,63,36,Quiet,0,0,366,61
69eb1430899ce378bc9d41a1,ESP32_GREENHOUSE_01,2026-04-24T06:56:48.983Z,15,30.39,30,30.9,30.3,63,63,63,63,22.1,34,24,Quiet,61.9,62,0,0,365.6,365,0,0,0,0,30.3,63,24,Quiet,0,0,365,62
69eb144e899ce378bc9d41a2,ESP32_GREENHOUSE_01,2026-04-24T06:57:18.983Z,15,30.68,30.2,30.9,30.6,63,63,63,63,24.8,53,15,Quiet,61.1,62,0,0,364.9,364,0,0,0,0,30.6,63,15,Quiet,0,0,364,62
69eb146c899ce378bc9d41a3,ESP32_GREENHOUSE_01,2026-04-24T06:57:48.993Z,15,30.37,30,30.9,30.8,63,63,63,63,18.1,38,38,Quiet,62.1,60,0,0,363.1,362,0,0,0,0,30.8,63,38,Quiet,0,0,362,60
69eb148b899ce378bc9d41a4,ESP32_GREENHOUSE_01,2026-04-24T06:58:19.002Z,14,30.39,30.1,30.9,30.1,63,63,63,63,23,38,14,Quiet,62,63,0,0,361.3,361,0,0,0,0,30.1,63,14,Quiet,0,0,361,63
69eb14a9899ce378bc9d41a5,ESP32_GREENHOUSE_01,2026-04-24T06:58:49.009Z,15,30.49,30,30.9,30.4,63,63,63,63,18.5,35,16,Quiet,61.7,62,0,0,359.9,359,0,0,0,0,30.4,63,16,Quiet,0,0,359,62
69eb14c7899ce378bc9d41a6,ESP32_GREENHOUSE_01,2026-04-24T06:59:19.010Z,15,30.43,30,30.8,30.2,63,63,63,63,23.9,43,15,Quiet,61.7,63,0,0,358.3,358,0,0,0,0,30.2,63,15,Quiet,0,0,358,63
69eb14e5899ce378bc9d41a7,ESP32_GREENHOUSE_01,2026-04-24T06:59:49.015Z,15,30.45,30,30.8,30.6,63,63,63,63,16.8,33,12,Quiet,62.1,62,0,0,357.3,357,0,0,0,0,30.6,63,12,Quiet,0,0,357,62
69eb1503899ce378bc9d41a8,ESP32_GREENHOUSE_01,2026-04-24T07:00:19.015Z,15,30.49,30,30.9,30.7,63,63,63,63,16.7,29,18,Quiet,61.9,61,0,0,356.9,357,0,0,0,0,30.7,63,18,Quiet,0,0,357,61
69eb1521899ce378bc9d41a9,ESP32_GREENHOUSE_01,2026-04-24T07:00:49.027Z,15,30.59,30.1,30.9,30.2,63,63,63,63,11.6,16,16,Quiet,61.8,63,0,0,356,355,0,0,0,0,30.2,63,16,Quiet,0,0,355,63
69eb153f899ce378bc9d41aa,ESP32_GREENHOUSE_01,2026-04-24T07:01:19.027Z,15,30.53,30,30.9,30.5,63,63,63,63,16.3,25,13,Quiet,61.9,62,0,0,355.3,355,0,0,0,0,30.5,63,13,Quiet,0,0,355,62
69eb155d899ce378bc9d41ad,ESP32_GREENHOUSE_01,2026-04-24T07:01:49.040Z,15,30.49,30.2,30.9,30.6,63,63,63,63,22.8,68,12,Quiet,61.7,62,0,0,355.3,356,0,0,0,0,30.6,63,12,Quiet,0,0,356,62
69eb157b899ce378bc9d41b3,ESP32_GREENHOUSE_01,2026-04-24T07:02:19.044Z,14,30.49,30,30.9,30,63,63,63,63,41.1,111,46,Quiet,60.9,62,0,0,356.8,357,0,0,0,1,30,63,46,Quiet,0,0,357,62
69eb1599899ce378bc9d41b4,ESP32_GREENHOUSE_01,2026-04-24T07:02:49.050Z,15,30.34,30,30.9,30.6,63,63,63,63,17.4,37,19,Quiet,62.2,61,0,0,356.7,356,0,0,0,0,30.6,63,19,Quiet,0,0,356,61
69eb15b7899ce378bc9d41b5,ESP32_GREENHOUSE_01,2026-04-24T07:03:19.051Z,15,30.43,30,30.9,30.3,63,63,63,63,15.9,25,15,Quiet,61.9,62,0,0,354.7,354,0,0,0,0,30.3,63,15,Quiet,0,0,354,62
69eb15d5899ce378bc9d41b6,ESP32_GREENHOUSE_01,2026-04-24T07:03:49.060Z,15,30.33,30,30.9,30.3,63,63,63,63,17.6,29,11,Quiet,62.3,63,0,0,352.7,352,0,0,0,0,30.3,63,11,Quiet,0,0,352,63
69eb15f3899ce378bc9d41b7,ESP32_GREENHOUSE_01,2026-04-24T07:04:19.076Z,15,30.37,30,30.9,30.1,63,63,63,63,22.4,51,23,Quiet,61.9,63,0,0,351.3,351,0,0,0,0,30.1,63,23,Quiet,0,0,351,63
69eb1611899ce378bc9d41b8,ESP32_GREENHOUSE_01,2026-04-24T07:04:49.082Z,15,30.55,30.1,30.9,30.8,63,63,63,63,18.5,39,29,Quiet,61.6,61,0,0,350.5,350,0,0,0,0,30.8,63,29,Quiet,0,0,350,61
69eb162f899ce378bc9d41bb,ESP32_GREENHOUSE_01,2026-04-24T07:05:19.097Z,15,30.37,30,30.8,30.3,63,63,63,63,43.3,86,29,Quiet,61.2,62,0,0,349,349,0,0,0,0,30.3,63,29,Quiet,0,0,349,62
69eb164d899ce378bc9d41bc,ESP32_GREENHOUSE_01,2026-04-24T07:05:49.098Z,15,30.52,30,30.9,30.7,63,63,63,63,22.9,40,21,Quiet,61.5,61,0,0,349,349,0,0,0,0,30.7,63,21,Quiet,0,0,349,61
69eb166b899ce378bc9d41bf,ESP32_GREENHOUSE_01,2026-04-24T07:06:19.107Z,14,30.37,30,30.9,30.5,63,63,63,63,22.5,55,20,Quiet,61.9,62,0,0,348.6,349,0,0,0,0,30.5,63,20,Quiet,0,0,349,62
69eb1689899ce378bc9d41c0,ESP32_GREENHOUSE_01,2026-04-24T07:06:49.114Z,15,30.39,30,30.9,30.1,63,63,63,63,24,45,16,Quiet,61.9,63,0,0,348.4,348,0,0,0,0,30.1,63,16,Quiet,0,0,348,63
69eb16a7899ce378bc9d41c1,ESP32_GREENHOUSE_01,2026-04-24T07:07:19.116Z,15,30.44,30,30.9,30.6,63,63,63,63,17.9,30,11,Quiet,62.1,62,0,0,348.5,349,0,0,0,0,30.6,63,11,Quiet,0,0,349,62
69eb16c5899ce378bc9d41c2,ESP32_GREENHOUSE_01,2026-04-24T07:07:49.116Z,15,30.45,30,30.8,30,63,63,63,63,19.1,47,9,Quiet,61.8,64,0,0,350.1,351,0,0,0,0,30,63,9,Quiet,0,0,351,64
69eb16e3899ce378bc9d41c3,ESP32_GREENHOUSE_01,2026-04-24T07:08:19.117Z,15,30.51,30,30.8,30.3,63,63,63,63,15.7,23,23,Quiet,61.7,62,0,0,350.5,350,0,0,0,0,30.3,63,23,Quiet,0,0,350,62
69eb1701899ce378bc9d41c4,ESP32_GREENHOUSE_01,2026-04-24T07:08:49.117Z,15,30.4,30,30.8,30.2,63,63,63,63,26.5,48,19,Quiet,61.9,63,0,0,350.2,350,0,0,0,0,30.2,63,19,Quiet,0,0,350,63
69eb171f899ce378bc9d41c5,ESP32_GREENHOUSE_01,2026-04-24T07:09:19.117Z,15,30.36,30,30.9,30.5,63,63,63,63,19.6,41,16,Quiet,62.1,62,0,0,350.5,351,0,0,0,0,30.5,63,16,Quiet,0,0,351,62
69eb173d899ce378bc9d41c6,ESP32_GREENHOUSE_01,2026-04-24T07:09:49.118Z,14,30.46,30.1,30.8,30.8,63,63,63,63,28.5,40,33,Quiet,61.4,60,0,0,351.4,352,0,0,0,0,30.8,63,33,Quiet,0,0,352,60
69eb175b899ce378bc9d41c7,ESP32_GREENHOUSE_01,2026-04-24T07:10:19.117Z,15,30.39,30,30.8,30.5,63,63,63,63,14.3,22,8,Quiet,62.2,62,0,0,351.5,351,0,0,0,0,30.5,63,8,Quiet,0,0,351,62
69eb1779899ce378bc9d41ca,ESP32_GREENHOUSE_01,2026-04-24T07:10:49.117Z,15,30.37,30.1,30.7,30.2,63,63,63,63,22.1,72,11,Quiet,62.1,63,0,0,350.7,350,0,0,0,0,30.2,63,11,Quiet,0,0,350,63
69eb1797899ce378bc9d41cb,ESP32_GREENHOUSE_01,2026-04-24T07:11:19.117Z,15,30.48,30.1,30.9,30.3,63,63,63,63,23.9,38,17,Quiet,61.7,62,0,0,349.9,350,0,0,0,0,30.3,63,17,Quiet,0,0,350,62
69eb17b5899ce378bc9d41cc,ESP32_GREENHOUSE_01,2026-04-24T07:11:49.117Z,15,30.63,30,30.9,30.9,63,63,63,63,14,22,13,Quiet,61.7,61,0,0,350,350,0,0,0,0,30.9,63,13,Quiet,0,0,350,61
69eb17d3899ce378bc9d41cd,ESP32_GREENHOUSE_01,2026-04-24T07:12:19.117Z,15,30.58,30.2,30.9,30.6,63,63,63,63,12.6,19,13,Quiet,61.7,62,0,0,351.7,353,0,0,0,0,30.6,63,13,Quiet,0,0,353,62
69eb17f1899ce378bc9d41ce,ESP32_GREENHOUSE_01,2026-04-24T07:12:49.118Z,15,30.42,30,30.9,30.5,63,63,63,63,20.9,40,24,Quiet,61.9,62,0,0,353.9,355,0,0,0,0,30.5,63,24,Quiet,0,0,355,62
69eb180f899ce378bc9d41cf,ESP32_GREENHOUSE_01,2026-04-24T07:13:19.128Z,14,30.41,30,30.9,30.9,63,63,63,63,13.3,22,19,Quiet,62.2,61,0,0,355.8,356,0,0,0,0,30.9,63,19,Quiet,0,0,356,61
69eb182d899ce378bc9d41d0,ESP32_GREENHOUSE_01,2026-04-24T07:13:49.130Z,15,30.57,30.2,30.9,30.6,63,63,63,63,23.3,40,23,Quiet,61.4,61,0,0,357.5,359,0,0,0,0,30.6,63,23,Quiet,0,0,359,61
69eb184b899ce378bc9d41d1,ESP32_GREENHOUSE_01,2026-04-24T07:14:19.138Z,15,30.43,30.1,30.9,30.3,63,63,63,63,12.1,17,13,Quiet,62.2,63,0,0,360.1,361,0,0,0,0,30.3,63,13,Quiet,0,0,361,63
69eb1869899ce378bc9d41d2,ESP32_GREENHOUSE_01,2026-04-24T07:14:49.143Z,15,30.37,30,30.9,30.8,62.93,62,63,62,16.2,27,15,Quiet,62.4,62,0,0,363.3,364,0,0,0,0,30.8,62,15,Quiet,0,0,364,62
69eb1887899ce378bc9d41d3,ESP32_GREENHOUSE_01,2026-04-24T07:15:19.144Z,15,30.45,30,30.9,30.3,62.47,62,63,62,18.7,28,14,Quiet,62.3,63,0,0,366.1,367,0,0,0,0,30.3,62,14,Quiet,0,0,367,63
69eb18a5899ce378bc9d41d4,ESP32_GREENHOUSE_01,2026-04-24T07:15:49.157Z,15,30.54,30,30.9,30.6,62.07,62,63,62,27.4,53,15,Quiet,61.9,62,0,0,368.4,370,0,0,0,0,30.6,62,15,Quiet,0,0,370,62
69eb18c3899ce378bc9d41d5,ESP32_GREENHOUSE_01,2026-04-24T07:16:19.165Z,15,30.33,30,30.9,30.4,62.07,62,63,63,14.9,21,20,Quiet,63.1,62,0,0,371.3,372,0,0,0,0,30.4,63,20,Quiet,0,0,372,62
69eb18e1899ce378bc9d41d6,ESP32_GREENHOUSE_01,2026-04-24T07:16:49.172Z,15,30.37,30,30.8,30,62.13,62,63,62,27.9,51,21,Quiet,62.5,64,0,0,373.7,375,0,0,0,0,30,62,21,Quiet,0,0,375,64
69eb18ff899ce378bc9d41d7,ESP32_GREENHOUSE_01,2026-04-24T07:17:19.175Z,14,30.44,30,30.9,30.3,62.07,62,63,62,23.4,48,19,Quiet,62.4,63,0,0,375.9,377,0,0,0,0,30.3,62,19,Quiet,0,0,377,63
69eb191d899ce378bc9d41d8,ESP32_GREENHOUSE_01,2026-04-24T07:17:49.184Z,15,30.47,30,31.7,31.7,62,62,62,62,30.1,51,25,Quiet,62,59,0,0,377.6,378,0,0,0,0,31.7,62,25,Quiet,0,0,378,59
69eb193b899ce378bc9d41db,ESP32_GREENHOUSE_01,2026-04-24T07:18:19.198Z,15,31.54,31,31.9,31,62,62,62,62,21.1,43,36,Quiet,59.4,60,0,0,379.6,381,0,0,0,1,31,62,36,Quiet,0,0,381,60
69eb1959899ce378bc9d41e5,ESP32_GREENHOUSE_01,2026-04-24T07:18:49.207Z,15,31.56,31.1,31.9,31.9,61.67,61,62,62,103.7,786,53,Quiet,56.2,57,0,0,382.1,410,0,0,0,5,31.9,62,53,CRYING,0,0,410,57
69eb1977899ce378bc9d41e9,ESP32_GREENHOUSE_01,2026-04-24T07:19:19.218Z,15,31.47,31,31.9,31.2,61.93,61,62,62,38.8,93,26,Quiet,59,60,0,0,411.5,416,0,0,0,2,31.2,62,26,Quiet,0,0,416,60
69eb1995899ce378bc9d41f0,ESP32_GREENHOUSE_01,2026-04-24T07:19:49.225Z,15,31.39,31,31.8,31,62,62,62,62,51.1,141,37,Quiet,58.5,60,0,0,416.3,420,0,0,0,3,31,62,37,Quiet,0,0,420,60
69eb19b3899ce378bc9d41fc,ESP32_GREENHOUSE_01,2026-04-24T07:20:19.240Z,15,31.57,31,31.9,31.3,62,62,62,62,88.1,290,212,Quiet,56.7,53,0,0,418.8,421,0,0,0,2,31.3,62,212,CRYING,0,0,421,53
69eb19d1899ce378bc9d4206,ESP32_GREENHOUSE_01,2026-04-24T07:20:49.253Z,15,31.42,31.1,31.9,31.6,61.93,61,62,61,82.4,275,38,CRYING,57.4,59,0,0,420.9,415,0,0,0,6,31.6,61,38,Quiet,0,0,415,59
69eb19ef899ce378bc9d4209,ESP32_GREENHOUSE_01,2026-04-24T07:21:19.255Z,14,31.59,31,31.9,31.9,62,62,62,62,35.4,144,13,Quiet,58.5,59,0,0,420.9,423,0,0,0,0,31.9,62,13,Quiet,0,0,423,59
69eb1a0d899ce378bc9d420d,ESP32_GREENHOUSE_01,2026-04-24T07:21:49.270Z,15,31.33,31,31.8,31.4,62,62,62,62,83.3,285,285,CRYING,57.5,49,0,0,423,423,0,0,0,9,31.4,62,285,CRYING,0,0,423,49
69eb1a2b899ce378bc9d420e,ESP32_GREENHOUSE_01,2026-04-24T07:22:19.270Z,15,31.54,31.1,31.9,31.8,62,62,62,62,149.3,518,450,CRYING,54.4,42,0,0,423.5,424,0,0,0,15,31.8,62,450,CRYING,0,0,424,42
69eb1a49899ce378bc9d420f,ESP32_GREENHOUSE_01,2026-04-24T07:22:49.277Z,15,31.55,31,31.9,31.7,62,62,62,62,268.3,630,66,CRYING,49.7,57,0,0,423.9,424,0,0,0,15,31.7,62,66,CRYING,0,0,424,57
69eb1a67899ce378bc9d4210,ESP32_GREENHOUSE_01,2026-04-24T07:23:19.287Z,15,31.46,31,31.9,31.8,62,62,62,62,158.5,494,494,CRYING,54.2,40,0,0,424,424,0,0,0,15,31.8,62,494,CRYING,0,0,424,40
69eb1a85899ce378bc9d4211,ESP32_GREENHOUSE_01,2026-04-24T07:23:49.295Z,15,31.39,31,31.9,31.4,62,62,62,62,220.5,659,167,CRYING,52.1,54,0,0,424.1,424,0,0,0,15,31.4,62,167,CRYING,0,0,424,54
69eb1aa3899ce378bc9d4212,ESP32_GREENHOUSE_01,2026-04-24T07:24:19.309Z,15,31.48,31,31.9,31.5,62,62,62,62,285.8,581,207,CRYING,49.2,52,0,0,424.4,425,0,0,0,15,31.5,62,207,CRYING,0,0,425,52
69eb1ac1899ce378bc9d4213,ESP32_GREENHOUSE_01,2026-04-24T07:24:49.316Z,14,31.52,31.1,31.8,31.6,62.29,62,63,62,154.9,478,76,CRYING,54.1,57,0,0,424.2,423,0,0,0,14,31.6,62,76,CRYING,0,0,423,57
69eb1adf899ce378bc9d4214,ESP32_GREENHOUSE_01,2026-04-24T07:25:19.331Z,15,31.41,31,31.9,31.1,62.6,62,63,63,155.1,397,273,CRYING,54.1,50,0,0,424,424,0,0,0,15,31.1,63,273,CRYING,0,0,424,50
69eb1afd899ce378bc9d4215,ESP32_GREENHOUSE_01,2026-04-24T07:25:49.338Z,15,31.44,31,31.8,31.2,62.93,62,63,62,203.6,626,67,CRYING,51.9,59,0,0,425.1,425,0,0,0,15,31.2,62,67,CRYING,0,0,425,59
69eb1b1b899ce378bc9d4216,ESP32_GREENHOUSE_01,2026-04-24T07:26:19.344Z,15,31.57,31.2,31.9,31.3,62.07,62,63,62,335.7,1023,163,CRYING,46.9,54,0,0,425.7,426,0,0,0,15,31.3,62,163,CRYING,0,0,426,54
69eb1b39899ce378bc9d4217,ESP32_GREENHOUSE_01,2026-04-24T07:26:49.357Z,15,31.36,31,31.7,31.6,62.13,62,63,63,160.4,304,114,CRYING,54.4,55,0,0,426.1,426,0,0,0,15,31.6,63,114,CRYING,0,0,426,55
69eb1b57899ce378bc9d4218,ESP32_GREENHOUSE_01,2026-04-24T07:27:19.369Z,15,31.42,31,31.7,31.7,62.87,62,63,62,168.6,253,139,CRYING,53.3,54,0,0,425.9,426,0,0,0,15,31.7,62,139,CRYING,0,0,426,54
69eb1b75899ce378bc9d4219,ESP32_GREENHOUSE_01,2026-04-24T07:27:49.371Z,15,31.39,31,31.9,31.4,62.07,62,63,63,199.9,416,292,CRYING,52.7,49,0,0,426.1,426,0,0,0,15,31.4,63,292,CRYING,0,0,426,49
69eb1b93899ce378bc9d421a,ESP32_GREENHOUSE_01,2026-04-24T07:28:19.385Z,15,31.45,31,31.9,31.4,62.47,62,63,63,202.1,552,47,CRYING,52.1,58,0,0,426,426,0,0,0,15,31.4,63,47,CRYING,0,0,426,58
69eb1bb1899ce378bc9d421b,ESP32_GREENHOUSE_01,2026-04-24T07:28:49.396Z,14,31.46,31,31.8,31.5,62.43,62,63,63,322.1,862,521,CRYING,47.5,39,0,0,426.1,426,0,0,0,14,31.5,63,521,CRYING,0,0,426,39
69eb1bcf899ce378bc9d421c,ESP32_GREENHOUSE_01,2026-04-24T07:29:19.404Z,15,31.52,31,31.9,31.8,62.47,62,63,62,114.1,235,146,CRYING,55.5,54,0,0,426,426,0,0,0,15,31.8,62,146,CRYING,0,0,426,54
69eb1bed899ce378bc9d421d,ESP32_GREENHOUSE_01,2026-04-24T07:29:49.412Z,15,31.34,31,31.9,31.9,62,62,62,62,142.5,534,88,CRYING,55.3,56,0,0,426,426,0,0,0,15,31.9,62,88,CRYING,0,0,426,56
69eb1c0b899ce378bc9d421e,ESP32_GREENHOUSE_01,2026-04-24T07:30:19.425Z,15,31.43,31,31.8,31.2,61.07,61,62,61,149.8,589,589,CRYING,55.3,39,0,0,426.1,426,0,0,0,15,31.2,61,589,CRYING,0,0,426,39
69eb1c29899ce378bc9d421f,ESP32_GREENHOUSE_01,2026-04-24T07:30:49.426Z,15,31.4,31,31.9,31.2,61,61,61,61,168.3,441,233,CRYING,54.6,53,0,0,425.9,425,0,0,0,15,31.2,61,233,CRYING,0,0,425,53
69eb1c47899ce378bc9d4220,ESP32_GREENHOUSE_01,2026-04-24T07:31:19.428Z,15,31.45,31,31.9,31,61.93,61,62,62,213.2,687,191,CRYING,52.3,54,0,0,425.8,425,0,0,0,15,31,62,191,CRYING,0,0,425,54
69eb1c65899ce378bc9d4221,ESP32_GREENHOUSE_01,2026-04-24T07:31:49.440Z,14,31.41,31,31.8,31,62,62,62,62,178.7,661,59,CRYING,53.5,59,0,0,425.3,425,0,0,0,14,31,62,59,CRYING,0,0,425,59
69eb1c83899ce378bc9d4222,ESP32_GREENHOUSE_01,2026-04-24T07:32:19.440Z,16,31.46,31,31.9,31.3,62,62,62,62,286.9,1023,181,CRYING,49.2,54,0,0,424.9,425,0,0,0,16,31.3,62,181,CRYING,0,0,425,54
69eb1ca1899ce378bc9d4223,ESP32_GREENHOUSE_01,2026-04-24T07:32:49.451Z,14,31.52,31.2,31.8,31.8,62,62,62,62,82.1,264,66,CRYING,57.1,57,0,0,424.9,425,0,0,0,14,31.8,62,66,CRYING,0,0,425,57
69eb1cbf899ce378bc9d4224,ESP32_GREENHOUSE_01,2026-04-24T07:33:19.463Z,15,31.45,31,31.9,31.5,62.2,62,63,62,217.8,491,491,CRYING,51.9,41,0,0,423.3,425,0,0,0,15,31.5,62,491,CRYING,0,0,425,41
69eb1cdd899ce378bc9d4225,ESP32_GREENHOUSE_01,2026-04-24T07:33:49.469Z,15,31.38,31,31.9,31.2,62,62,62,62,147.3,523,63,CRYING,54.9,59,0,0,422.4,416,0,0,0,15,31.2,62,63,CRYING,0,0,416,59
69eb1cfb899ce378bc9d4226,ESP32_GREENHOUSE_01,2026-04-24T07:34:19.471Z,15,31.51,31.1,31.9,31.6,62,62,62,62,46.8,74,36,CRYING,58.5,59,0,0,417.2,421,0,0,0,15,31.6,62,36,CRYING,0,0,421,59
69eb1d19899ce378bc9d4227,ESP32_GREENHOUSE_01,2026-04-24T07:34:49.477Z,14,31.46,31,31.9,31.3,62,62,62,62,34,51,27,CRYING,59,60,0,0,422.4,419,0,0,0,14,31.3,62,27,CRYING,0,0,419,60
69eb1d37899ce378bc9d4228,ESP32_GREENHOUSE_01,2026-04-24T07:35:19.486Z,16,31.44,31,31.9,31.2,62,62,62,62,124.5,679,72,CRYING,55.6,58,0,0,419.4,418,0,0,0,16,31.2,62,72,CRYING,0,0,418,58
69eb1d55899ce378bc9d4229,ESP32_GREENHOUSE_01,2026-04-24T07:35:49.497Z,15,31.47,31,31.9,31,62,62,62,62,51.5,125,32,CRYING,58.4,60,0,0,418.4,419,0,0,0,15,31,62,32,CRYING,0,0,419,60
69eb1d73899ce378bc9d422a,ESP32_GREENHOUSE_01,2026-04-24T07:36:19.507Z,14,31.45,31.1,31.9,31.2,62,62,62,62,55.1,179,37,CRYING,58.4,60,0,0,419.1,419,0,0,0,14,31.2,62,37,CRYING,0,0,419,60
69eb1d91899ce378bc9d422b,ESP32_GREENHOUSE_01,2026-04-24T07:36:49.519Z,15,31.41,31,31.8,31.2,62,62,62,62,137.6,524,413,CRYING,55.2,45,0,0,418.1,418,0,0,0,15,31.2,62,413,CRYING,0,0,418,45
69eb1daf899ce378bc9d422c,ESP32_GREENHOUSE_01,2026-04-24T07:37:19.520Z,15,31.44,31,31.9,31,61.67,61,62,61,40.1,64,38,CRYING,59.1,61,0,0,417.8,417,0,0,0,15,31,61,38,CRYING,0,0,417,61
69eb1dcd899ce378bc9d422d,ESP32_GREENHOUSE_01,2026-04-24T07:37:49.526Z,15,31.36,31,31.7,31.5,61.93,61,62,62,54.3,128,128,CRYING,58.6,55,0,0,417,416,0,0,0,15,31.5,62,128,CRYING,0,0,416,55
69eb1deb899ce378bc9d422e,ESP32_GREENHOUSE_01,2026-04-24T07:38:19.532Z,15,31.45,31,31.9,31.3,61.27,61,62,61,58.6,154,105,CRYING,58.7,57,0,0,416.1,416,0,0,0,15,31.3,61,105,CRYING,0,0,416,57
69eb1e09899ce378bc9d422f,ESP32_GREENHOUSE_01,2026-04-24T07:38:49.539Z,15,31.43,31,31.9,31.3,61.93,61,62,62,42.5,95,38,CRYING,58.9,59,0,0,416,416,0,0,0,15,31.3,62,38,CRYING,0,0,416,59
69eb1e27899ce378bc9d4230,ESP32_GREENHOUSE_01,2026-04-24T07:39:19.552Z,15,31.43,31,31.9,31.3,62,62,62,62,43.9,108,54,CRYING,58.8,59,0,0,415.9,416,0,0,0,15,31.3,62,54,CRYING,0,0,416,59
69eb1e45899ce378bc9d4238,ESP32_GREENHOUSE_01,2026-04-24T07:39:49.563Z,15,31.52,31,31.9,31.1,62,62,62,62,55.7,104,25,Quiet,58.1,60,0,0,415.3,415,0,0,0,4,31.1,62,25,Quiet,0,0,415,60
69eb1e63899ce378bc9d4243,ESP32_GREENHOUSE_01,2026-04-24T07:40:19.578Z,14,31.45,31,31.9,31.3,62,62,62,62,74.8,303,39,Quiet,57.5,59,0,0,414.9,415,0,0,0,3,31.3,62,39,Quiet,0,0,415,59
69eb1e81899ce378bc9d424c,ESP32_GREENHOUSE_01,2026-04-24T07:40:49.588Z,15,31.33,31.1,31.6,31.5,62,62,62,62,83.8,222,67,CRYING,57.6,58,0,0,414.3,414,0,0,0,8,31.5,62,67,CRYING,0,0,414,58
69eb1e9f899ce378bc9d4255,ESP32_GREENHOUSE_01,2026-04-24T07:41:19.596Z,15,31.45,31.1,31.8,31.4,62,62,62,62,62.4,117,41,Quiet,58.1,59,0,0,414,414,0,0,0,5,31.4,62,41,Quiet,0,0,414,59
69eb1ebd899ce378bc9d425a,ESP32_GREENHOUSE_01,2026-04-24T07:41:49.609Z,15,31.37,31,31.7,31.3,62,62,62,62,75.1,185,136,CRYING,57.7,56,0,0,413.1,413,0,0,0,8,31.3,62,136,CRYING,0,0,413,56
69eb1edb899ce378bc9d425b,ESP32_GREENHOUSE_01,2026-04-24T07:42:19.618Z,15,31.5,31,31.9,31,62,62,62,62,106.7,191,94,CRYING,56.1,58,0,0,413.1,413,0,0,0,15,31,62,94,CRYING,0,0,413,58
69eb1ef9899ce378bc9d425e,ESP32_GREENHOUSE_01,2026-04-24T07:42:49.633Z,15,31.49,31,31.9,31.5,62,62,62,62,79.7,126,102,CRYING,57.3,56,0,0,412.9,413,0,0,0,14,31.5,62,102,CRYING,0,0,413,56
69eb1f17899ce378bc9d4261,ESP32_GREENHOUSE_01,2026-04-24T07:43:19.634Z,15,31.45,31,31.9,31.4,62,62,62,62,96.2,159,87,CRYING,56.7,57,0,0,412.1,412,0,0,0,13,31.4,62,87,CRYING,0,0,412,57
69eb1f35899ce378bc9d4262,ESP32_GREENHOUSE_01,2026-04-24T07:43:49.636Z,14,31.45,31.2,31.9,31.9,62,62,62,62,106.2,150,65,CRYING,56.3,57,0,0,412,412,0,0,0,14,31.9,62,65,CRYING,0,0,412,57
69eb1f53899ce378bc9d4263,ESP32_GREENHOUSE_01,2026-04-24T07:44:19.637Z,15,31.47,31.2,31.9,31.2,62,62,62,62,87.9,228,48,CRYING,57,59,0,0,411.1,411,0,0,0,15,31.2,62,48,CRYING,0,0,411,59
69eb1f71899ce378bc9d4264,ESP32_GREENHOUSE_01,2026-04-24T07:44:49.647Z,15,31.46,31.1,31.9,31.3,62,62,62,62,106.3,215,150,CRYING,56.3,55,0,0,411,411,0,0,0,15,31.3,62,150,CRYING,0,0,411,55
69eb1f8f899ce378bc9d4265,ESP32_GREENHOUSE_01,2026-04-24T07:45:19.661Z,15,31.51,31,31.9,31,62,62,62,62,67.1,164,43,CRYING,57.7,60,0,0,410.7,411,0,0,0,15,31,62,43,CRYING,0,0,411,60
69eb1fad899ce378bc9d426e,ESP32_GREENHOUSE_01,2026-04-24T07:45:49.670Z,15,31.39,31,31.8,31.6,62,62,62,62,60.7,103,59,CRYING,58.3,58,0,0,410,410,0,0,0,6,31.6,62,59,Light Activity,0,0,410,58
69eb1fcb899ce378bc9d4278,ESP32_GREENHOUSE_01,2026-04-24T07:46:19.685Z,15,31.51,31,31.9,31.3,62,62,62,62,67.5,139,94,Quiet,57.5,57,0,0,409.9,410,0,0,0,2,31.3,62,94,CRYING,0,0,410,57
69eb1fe9899ce378bc9d427f,ESP32_GREENHOUSE_01,2026-04-24T07:46:49.696Z,15,31.6,31.1,31.9,31.7,62,62,62,62,97.7,170,108,CRYING,56.3,56,0,0,409.1,409,0,0,0,11,31.7,62,108,CRYING,0,0,409,56
69eb2007899ce378bc9d4284,ESP32_GREENHOUSE_01,2026-04-24T07:47:19.700Z,15,31.54,31,31.9,31.5,62,62,62,62,104.5,170,64,CRYING,56.1,58,0,0,409.1,410,0,0,0,13,31.5,62,64,CRYING,0,0,410,58
69eb2025899ce378bc9d4285,ESP32_GREENHOUSE_01,2026-04-24T07:47:49.709Z,14,31.4,31,31.9,31.4,62,62,62,62,101.9,156,60,CRYING,56.6,58,0,0,409.1,409,0,0,0,14,31.4,62,60,CRYING,0,0,409,58
69eb2043899ce378bc9d4288,ESP32_GREENHOUSE_01,2026-04-24T07:48:19.717Z,15,31.45,31,31.9,31.4,62,62,62,62,101.1,310,95,CRYING,56.5,57,0,0,408,408,0,0,0,13,31.4,62,95,CRYING,0,0,408,57
69eb2061899ce378bc9d4296,ESP32_GREENHOUSE_01,2026-04-24T07:48:49.723Z,15,31.42,31,31.8,31,62,62,62,62,78.4,145,138,CRYING,57.4,56,0,0,407.6,408,0,0,0,6,31,62,138,Restless,0,0,408,56
69eb207f899ce378bc9d4299,ESP32_GREENHOUSE_01,2026-04-24T07:49:19.734Z,15,31.48,31,31.9,31.2,62,62,62,62,101.1,145,76,CRYING,56.3,58,0,0,407.1,406,0,0,0,14,31.2,62,76,CRYING,0,0,406,58
69eb209d899ce378bc9d429a,ESP32_GREENHOUSE_01,2026-04-24T07:49:49.745Z,15,31.37,31,31.9,31.2,62,62,62,62,156.6,570,102,CRYING,54.6,57,0,0,403.9,407,0,0,0,15,31.2,62,102,CRYING,0,0,407,57
69eb20bb899ce378bc9d429b,ESP32_GREENHOUSE_01,2026-04-24T07:50:19.748Z,15,31.47,31,31.7,31.7,62,62,62,62,121.9,177,114,CRYING,55.5,55,0,0,407,409,0,0,0,15,31.7,62,114,CRYING,0,0,409,55
69eb20d9899ce378bc9d429c,ESP32_GREENHOUSE_01,2026-04-24T07:50:49.762Z,15,31.47,31.2,31.9,31.5,62,62,62,62,98.1,141,77,CRYING,56.5,57,0,0,408.6,409,0,0,0,15,31.5,62,77,CRYING,0,0,409,57
69eb20f7899ce378bc9d429d,ESP32_GREENHOUSE_01,2026-04-24T07:51:19.770Z,15,31.51,31,31.9,31.4,62,62,62,62,121.1,198,123,CRYING,55.5,56,0,0,409.1,409,0,0,0,15,31.4,62,123,CRYING,0,0,409,56
69eb2115899ce378bc9d429e,ESP32_GREENHOUSE_01,2026-04-24T07:51:49.784Z,14,31.39,31,31.7,31.7,62,62,62,62,117.8,204,97,CRYING,55.9,56,0,0,409.2,410,0,0,0,14,31.7,62,97,CRYING,0,0,410,56
69eb2133899ce378bc9d429f,ESP32_GREENHOUSE_01,2026-04-24T07:52:19.785Z,15,31.38,31,31.9,31.5,62,62,62,62,131,304,88,CRYING,55.6,57,0,0,410.2,410,0,0,0,15,31.5,62,88,CRYING,0,0,410,57
69eb2151899ce378bc9d42a0,ESP32_GREENHOUSE_01,2026-04-24T07:52:49.800Z,7,31.76,31.5,31.9,31.7,62,62,62,62,73.4,207,114,CRYING,56.6,55,0,0,411.1,412,0,0,0,7,31.7,62,114,CRYING,0,0,412,55
69eb216f899ce378bc9d42a1,ESP32_GREENHOUSE_01,2026-04-24T07:53:19.815Z,19,31.48,31,31.9,31.6,62,62,62,62,128.6,301,183,CRYING,55.3,53,0,0,411.4,412,0,0,0,19,31.6,62,183,CRYING,0,0,412,53
69eb218d899ce378bc9d42a2,ESP32_GREENHOUSE_01,2026-04-24T07:53:49.823Z,13,31.41,31,31.9,31.1,62,62,62,62,138.8,328,307,CRYING,54.9,49,0,0,412.5,413,0,0,0,13,31.1,62,307,CRYING,0,0,413,49
69eb21ab899ce378bc9d42a3,ESP32_GREENHOUSE_01,2026-04-24T07:54:19.829Z,15,31.45,31,31.9,31.8,62,62,62,62,114.4,402,39,CRYING,56.1,58,0,0,413.1,413,0,0,0,15,31.8,62,39,CRYING,0,0,413,58
69eb21c9899ce378bc9d42a4,ESP32_GREENHOUSE_01,2026-04-24T07:54:49.838Z,15,31.43,31,31.9,31.9,62,62,62,62,154.8,379,96,CRYING,54.5,55,0,0,413.7,414,0,0,0,15,31.9,62,96,CRYING,0,0,414,55
69eb21e7899ce378bc9d42a5,ESP32_GREENHOUSE_01,2026-04-24T07:55:19.845Z,15,31.39,31.1,31.8,31.6,62,62,62,62,126.6,423,60,CRYING,55.7,58,0,0,413,413,0,0,0,15,31.6,62,60,CRYING,0,0,413,58
69eb2205899ce378bc9d42a6,ESP32_GREENHOUSE_01,2026-04-24T07:55:49.855Z,15,31.48,31.1,31.8,31.6,62,62,62,62,82.4,160,36,CRYING,57.1,59,0,0,413.1,414,0,0,0,15,31.6,62,36,CRYING,0,0,414,59
69eb2223899ce378bc9d42a7,ESP32_GREENHOUSE_01,2026-04-24T07:56:19.867Z,15,31.45,31,31.9,31.3,62,62,62,62,72.9,245,54,CRYING,57.6,59,0,0,413.5,413,0,0,0,15,31.3,62,54,CRYING,0,0,413,59
69eb2241899ce378bc9d42a8,ESP32_GREENHOUSE_01,2026-04-24T07:56:49.874Z,15,31.41,31,31.9,31,62,62,62,62,127.1,400,41,CRYING,55.5,60,0,0,412.6,413,0,0,0,15,31,62,41,CRYING,0,0,413,60
69eb225f899ce378bc9d42a9,ESP32_GREENHOUSE_01,2026-04-24T07:57:19.882Z,15,31.53,31,31.9,31.4,62,62,62,62,44.5,69,50,CRYING,58.5,59,0,0,412.7,411,0,0,0,15,31.4,62,50,CRYING,0,0,411,59
69eb227d899ce378bc9d42aa,ESP32_GREENHOUSE_01,2026-04-24T07:57:49.888Z,15,31.45,31.1,31.9,31.1,62,62,62,62,40.4,74,43,CRYING,58.9,60,0,0,411.1,408,0,0,0,15,31.1,62,43,CRYING,0,0,408,60
69eb229b899ce378bc9d42ab,ESP32_GREENHOUSE_01,2026-04-24T07:58:19.896Z,14,31.56,31.1,31.9,31.7,62,62,62,62,63.9,142,21,CRYING,57.7,59,0,0,404,399,0,0,0,14,31.7,62,21,CRYING,0,0,399,59
69eb22b9899ce378bc9d42b2,ESP32_GREENHOUSE_01,2026-04-24T07:58:49.901Z,15,31.43,31,31.9,31.6,62,62,62,62,55.3,81,53,CRYING,58.4,58,0,0,403.3,406,0,0,0,4,31.6,62,53,CRYING,0,0,406,58
69eb22d7899ce378bc9d42bd,ESP32_GREENHOUSE_01,2026-04-24T07:59:19.912Z,15,31.32,31,31.8,31.4,62,62,62,62,65.3,203,32,Quiet,58.2,59,0,0,398.9,407,0,0,0,4,31.4,62,32,Quiet,0,0,407,59
69eb22f5899ce378bc9d42c5,ESP32_GREENHOUSE_01,2026-04-24T07:59:49.922Z,15,31.42,31,31.9,31,62.13,62,63,63,74,376,57,Quiet,57.5,59,0,0,405.1,406,0,0,0,1,31,63,57,Light Activity,0,0,406,59
69eb2313899ce378bc9d42c9,ESP32_GREENHOUSE_01,2026-04-24T08:00:19.923Z,15,31.42,31,31.9,31.5,62.27,62,63,62,37.9,157,25,Quiet,58.8,59,0,0,405.4,409,0,0,0,1,31.5,62,25,Quiet,0,0,409,59
69eb2331899ce378bc9d42ca,ESP32_GREENHOUSE_01,2026-04-24T08:00:49.926Z,15,31.44,31,31.9,31.2,62,62,62,62,24.2,35,24,Quiet,59.5,60,0,0,407.5,407,0,0,0,0,31.2,62,24,Quiet,0,0,407,60
69eb234f899ce378bc9d42cd,ESP32_GREENHOUSE_01,2026-04-24T08:01:19.937Z,15,31.53,31,31.9,31.6,62,62,62,62,31.9,64,25,Quiet,59.1,59,0,0,407.3,408,0,0,0,0,31.6,62,25,Quiet,0,0,408,59
69eb236d899ce378bc9d42ce,ESP32_GREENHOUSE_01,2026-04-24T08:01:49.952Z,15,31.35,31,31.8,31.3,62.47,62,63,62,29.5,53,53,Quiet,59.2,59,0,0,407,407,0,0,0,0,31.3,62,53,Quiet,0,0,407,59
69eb238b899ce378bc9d42d1,ESP32_GREENHOUSE_01,2026-04-24T08:02:19.962Z,14,31.43,31.1,31.9,31.7,62.29,62,63,63,38.5,82,39,Quiet,58.8,58,0,0,407.2,408,0,0,0,0,31.7,63,39,Quiet,0,0,408,58
69eb23a9899ce378bc9d42d6,ESP32_GREENHOUSE_01,2026-04-24T08:02:49.968Z,15,31.48,31,31.9,31.8,62.8,62,63,62,38,71,31,Quiet,58.3,58,0,0,407.6,408,0,0,0,0,31.8,62,31,Quiet,0,0,408,58
69eb23c7899ce378bc9d42db,ESP32_GREENHOUSE_01,2026-04-24T08:03:19.969Z,15,31.34,31,31.7,31.3,62,62,62,62,41.4,57,53,Quiet,59.2,59,0,0,407.9,408,0,0,0,0,31.3,62,53,Quiet,0,0,408,59
69eb23e5899ce378bc9d42dc,ESP32_GREENHOUSE_01,2026-04-24T08:03:49.973Z,15,31.5,31.1,31.9,31.4,62,62,62,62,32.8,51,29,Quiet,59,59,0,0,408.4,408,0,0,0,0,31.4,62,29,Quiet,0,0,408,59
69eb2403899ce378bc9d42df,ESP32_GREENHOUSE_01,2026-04-24T08:04:19.976Z,15,31.45,31,31.8,31.7,62,62,62,62,33.3,68,39,Quiet,59.1,58,0,0,408.7,410,0,0,0,0,31.7,62,39,Quiet,0,0,410,58
69eb2421899ce378bc9d42e4,ESP32_GREENHOUSE_01,2026-04-24T08:04:49.988Z,15,31.45,31,31.9,31.6,62,62,62,62,41.4,91,40,Quiet,58.8,58,0,0,409.5,409,0,0,0,0,31.6,62,40,Quiet,0,0,409,58
69eb243f899ce378bc9d42e5,ESP32_GREENHOUSE_01,2026-04-24T08:05:19.999Z,15,31.49,31,31.9,31.9,61.93,61,62,61,36.3,54,38,Quiet,59,58,0,0,409.7,410,0,0,0,0,31.9,61,38,Quiet,0,0,410,58
69eb245e899ce378bc9d42e6,ESP32_GREENHOUSE_01,2026-04-24T08:05:50.002Z,15,31.41,31,31.9,31.1,61.47,61,62,62,32,42,24,Quiet,59.5,60,0,0,409.8,410,0,0,0,0,31.1,62,24,Quiet,0,0,410,60
69eb247c899ce378bc9d42eb,ESP32_GREENHOUSE_01,2026-04-24T08:06:20.008Z,15,31.44,31,31.9,31.6,61.87,61,62,62,51.9,138,25,Quiet,58.5,59,0,0,410.5,410,0,0,0,3,31.6,62,25,Quiet,0,0,410,59
69eb249a899ce378bc9d42ee,ESP32_GREENHOUSE_01,2026-04-24T08:06:50.019Z,14,31.56,31.1,31.9,31.6,61.07,61,62,61,37.4,111,28,Quiet,59.3,60,0,0,408.9,408,0,0,0,1,31.6,61,28,Quiet,0,0,408,60
69eb24b8899ce378bc9d42f3,ESP32_GREENHOUSE_01,2026-04-24T08:07:20.030Z,15,31.39,31,31.9,31.4,61.13,61,62,61,45.3,128,46,Quiet,59.3,59,0,0,410.1,413,0,0,0,0,31.4,61,46,Quiet,0,0,413,59
69eb24d6899ce378bc9d42f8,ESP32_GREENHOUSE_01,2026-04-24T08:07:50.039Z,15,31.55,31.1,31.9,31.4,61.27,61,62,62,40.8,78,39,Quiet,59,59,0,0,413,414,0,0,0,0,31.4,62,39,Quiet,0,0,414,59
69eb24f4899ce378bc9d42f9,ESP32_GREENHOUSE_01,2026-04-24T08:08:20.054Z,15,31.39,31,31.9,31.5,62,62,62,62,33.3,51,32,Quiet,59.3,59,0,0,413.7,414,0,0,0,0,31.5,62,32,Quiet,0,0,414,59
69eb2512899ce378bc9d42fd,ESP32_GREENHOUSE_01,2026-04-24T08:08:50.059Z,15,31.39,31,31.9,31,61.73,61,62,61,44.2,95,40,Quiet,59.2,61,0,0,413.9,414,0,0,0,0,31,61,40,Quiet,0,0,414,61
69eb2530899ce378bc9d4302,ESP32_GREENHOUSE_01,2026-04-24T08:09:20.072Z,15,31.23,31,31.7,31.2,61.13,61,62,61,37.2,69,41,Quiet,60.1,60,0,0,414.1,414,0,0,0,0,31.2,61,41,Quiet,0,0,414,60
69eb254e899ce378bc9d4303,ESP32_GREENHOUSE_01,2026-04-24T08:09:50.076Z,15,31.4,31,31.9,31.2,61.8,61,62,62,35.1,49,39,Quiet,59.4,60,0,0,414.5,415,0,0,0,0,31.2,62,39,Quiet,0,0,415,60
69eb256c899ce378bc9d4306,ESP32_GREENHOUSE_01,2026-04-24T08:10:20.075Z,15,31.43,31,31.9,31.9,62,62,62,62,42.3,67,45,Quiet,58.9,57,0,0,414.6,415,0,0,0,0,31.9,62,45,Quiet,0,0,415,57
69eb258a899ce378bc9d4307,ESP32_GREENHOUSE_01,2026-04-24T08:10:50.081Z,14,31.46,31,31.9,31.8,62,62,62,62,32.7,43,35,Quiet,59.1,58,0,0,412.7,411,0,0,0,0,31.8,62,35,Quiet,0,0,411,58
69eb25a8899ce378bc9d430c,ESP32_GREENHOUSE_01,2026-04-24T08:11:20.085Z,15,31.33,31,31.8,31.7,62,62,62,62,39.6,64,37,Quiet,59.1,58,0,0,411,410,0,0,0,0,31.7,62,37,Quiet,0,0,410,58
69eb25c6899ce378bc9d4312,ESP32_GREENHOUSE_01,2026-04-24T08:11:50.092Z,15,31.43,31.1,31.9,31.4,62,62,62,62,45.8,86,86,Quiet,58.7,57,0,0,410.3,410,0,0,0,1,31.4,62,86,Restless,0,0,410,57
69eb25e4899ce378bc9d431e,ESP32_GREENHOUSE_01,2026-04-24T08:12:20.098Z,15,31.44,31,31.9,31,62,62,62,62,62.2,130,66,Quiet,58,59,0,0,408.8,408,0,0,0,0,31,62,66,Light Activity,0,0,408,59
69eb2602899ce378bc9d4322,ESP32_GREENHOUSE_01,2026-04-24T08:12:50.107Z,15,31.33,31,31.9,31.3,62,62,62,62,37,56,37,Quiet,59.3,59,0,0,407.4,406,0,0,0,0,31.3,62,37,Quiet,0,0,406,59
69eb2620899ce378bc9d4328,ESP32_GREENHOUSE_01,2026-04-24T08:13:20.112Z,15,31.38,31,31.9,31.3,62,62,62,62,47.7,102,102,Quiet,58.8,57,0,0,405.7,405,0,0,0,1,31.3,62,102,CRYING,0,0,405,57
69eb263e899ce378bc9d432b,ESP32_GREENHOUSE_01,2026-04-24T08:13:50.116Z,15,31.42,31,31.9,31.4,62,62,62,62,39,65,25,Quiet,59.1,60,0,0,403.7,405,0,0,0,1,31.4,62,25,Quiet,0,0,405,60
69eb265c899ce378bc9d4332,ESP32_GREENHOUSE_01,2026-04-24T08:14:20.125Z,14,31.34,31,31.7,31.3,62,62,62,62,42.2,71,37,Quiet,59.1,59,0,0,398.6,403,0,0,0,1,31.3,62,37,Quiet,0,0,403,59
69eb267a899ce378bc9d4337,ESP32_GREENHOUSE_01,2026-04-24T08:14:50.129Z,15,31.41,31.1,31.9,31.1,62,62,62,62,49.8,102,52,Quiet,58.7,59,0,0,403.1,402,0,0,0,0,31.1,62,52,Quiet,0,0,402,59
69eb2698899ce378bc9d433d,ESP32_GREENHOUSE_01,2026-04-24T08:15:20.141Z,15,31.44,31,31.9,31.6,62,62,62,62,93.6,165,111,CRYING,56.8,56,0,0,400.1,401,0,0,0,11,31.6,62,111,CRYING,0,0,401,56
69eb26b6899ce378bc9d4341,ESP32_GREENHOUSE_01,2026-04-24T08:15:50.153Z,15,31.39,31,31.7,31.5,62,62,62,62,58.1,157,41,Quiet,58.4,59,0,0,401.8,402,0,0,0,6,31.5,62,41,Quiet,0,0,402,59
69eb26d4899ce378bc9d4342,ESP32_GREENHOUSE_01,2026-04-24T08:16:20.161Z,15,31.44,31,31.9,31.3,62,62,62,62,31,46,33,Quiet,59.3,60,0,0,400.9,400,0,0,0,0,31.3,62,33,Quiet,0,0,400,60
69eb26f2899ce378bc9d4348,ESP32_GREENHOUSE_01,2026-04-24T08:16:50.166Z,15,31.36,31,31.8,31,62,62,62,62,60.8,301,301,Quiet,58.3,50,0,0,399.5,393,0,0,0,2,31,62,301,CRYING,0,0,393,50
69eb2710899ce378bc9d434b,ESP32_GREENHOUSE_01,2026-04-24T08:17:20.169Z,15,31.47,31,31.9,31,62,62,62,62,37.1,60,26,Quiet,58.9,61,0,0,397.9,400,0,0,0,2,31,62,26,Quiet,0,0,400,61
69eb272e899ce378bc9d434c,ESP32_GREENHOUSE_01,2026-04-24T08:17:50.181Z,15,31.48,31,31.8,31.4,62,62,62,62,35.7,53,21,Quiet,59.1,60,0,0,399.4,399,0,0,0,0,31.4,62,21,Quiet,0,0,399,60
69eb274c899ce378bc9d4350,ESP32_GREENHOUSE_01,2026-04-24T08:18:20.182Z,14,31.44,31,31.9,31.6,62,62,62,62,39.7,73,73,Quiet,58.9,57,0,0,398.2,397,0,0,0,0,31.6,62,73,Light Activity,0,0,397,57
69eb276a899ce378bc9d435c,ESP32_GREENHOUSE_01,2026-04-24T08:18:50.185Z,15,31.45,31,31.9,31.3,62,62,62,62,58,101,36,Quiet,58.3,59,0,0,392.5,397,0,0,0,2,31.3,62,36,Quiet,0,0,397,59
69eb2788899ce378bc9d4364,ESP32_GREENHOUSE_01,2026-04-24T08:19:20.194Z,15,31.39,31,31.9,31.9,62,62,62,62,50.2,106,60,Quiet,58.7,57,0,0,395.3,394,0,0,0,0,31.9,62,60,Light Activity,0,0,394,57
69eb27a6899ce378bc9d436f,ESP32_GREENHOUSE_01,2026-04-24T08:19:50.200Z,15,31.45,31,31.9,31.5,62.13,62,63,63,49.5,82,36,Quiet,58.4,58,0,0,392.9,393,0,0,0,2,31.5,63,36,Quiet,0,0,393,58
69eb27c4899ce378bc9d4374,ESP32_GREENHOUSE_01,2026-04-24T08:20:20.211Z,15,31.43,31.1,31.8,31.2,62.67,62,63,63,45,87,30,Quiet,58.3,59,0,0,388.3,387,0,0,0,0,31.2,63,30,Quiet,0,0,387,59
69eb27e2899ce378bc9d4378,ESP32_GREENHOUSE_01,2026-04-24T08:20:50.225Z,15,31.46,31,31.9,31.8,63,63,63,63,58.2,154,93,Quiet,57.6,55,0,0,383.3,380,0,0,0,4,31.8,63,93,CRYING,0,0,380,55
69eb2800899ce378bc9d4382,ESP32_GREENHOUSE_01,2026-04-24T08:21:20.237Z,15,31.45,31,31.9,31.5,62.93,62,63,63,58.6,146,46,Quiet,57.6,58,0,0,380.5,375,0,0,0,3,31.5,63,46,Quiet,0,0,375,58
69eb281e899ce378bc9d438c,ESP32_GREENHOUSE_01,2026-04-24T08:21:50.247Z,14,31.48,31,31.9,31.3,62.64,62,63,63,65.6,123,89,CRYING,57.4,57,0,0,384.3,389,0,0,0,5,31.3,63,89,Restless,0,0,389,57
69eb283c899ce378bc9d4391,ESP32_GREENHOUSE_01,2026-04-24T08:22:20.257Z,15,31.39,31,31.8,31.6,63,63,63,63,62.3,177,39,Quiet,57.4,58,0,0,385.5,391,0,0,0,6,31.6,63,39,Quiet,0,0,391,58
69eb285a899ce378bc9d4396,ESP32_GREENHOUSE_01,2026-04-24T08:22:50.270Z,15,31.48,31.1,31.8,31.3,63,63,63,63,43.9,87,47,Quiet,57.9,58,0,0,391.3,392,0,0,0,1,31.3,63,47,Quiet,0,0,392,58
69eb2878899ce378bc9d439b,ESP32_GREENHOUSE_01,2026-04-24T08:23:20.273Z,15,31.39,31,31.9,31.5,62,62,62,62,49,61,37,Quiet,58.7,59,0,0,392.8,393,0,0,0,0,31.5,62,37,Quiet,0,0,393,59
69eb2896899ce378bc9d43a6,ESP32_GREENHOUSE_01,2026-04-24T08:23:50.283Z,15,31.41,31,31.7,31.5,62,62,62,62,68.7,124,93,Quiet,57.9,57,0,0,391.6,393,0,0,0,4,31.5,62,93,Restless,0,0,393,57
69eb28b4899ce378bc9d43af,ESP32_GREENHOUSE_01,2026-04-24T08:24:20.283Z,15,31.56,31.1,31.9,31.7,62,62,62,62,71.7,177,71,Light Activity,57.4,57,0,0,390.4,393,0,0,0,5,31.7,62,71,Light Activity,0,0,393,57
69eb28d2899ce378bc9d43ba,ESP32_GREENHOUSE_01,2026-04-24T08:24:50.292Z,15,31.35,31,31.9,31.9,62,62,62,62,134.8,1023,76,CRYING,55.4,56,0,0,393.1,390,0,0,0,7,31.9,62,76,Restless,0,0,390,56
69eb28f0899ce378bc9d43bf,ESP32_GREENHOUSE_01,2026-04-24T08:25:20.301Z,15,31.33,31,31.8,31.4,62,62,62,62,38.3,68,24,Quiet,59.2,60,0,0,395.1,396,0,0,0,0,31.4,62,24,Quiet,0,0,396,60
69eb290e899ce378bc9d43c2,ESP32_GREENHOUSE_01,2026-04-24T08:25:50.310Z,14,31.42,31,31.9,31.5,62,62,62,62,27.2,66,23,Quiet,59.4,59,0,0,395.6,396,0,0,0,0,31.5,62,23,Quiet,0,0,396,59
69eb292c899ce378bc9d43c3,ESP32_GREENHOUSE_01,2026-04-24T08:26:20.309Z,15,31.47,31,31.9,31.5,62,62,62,62,28.2,52,25,Quiet,59.2,59,0,0,396,396,0,0,0,0,31.5,62,25,Quiet,0,0,396,59
69eb294a899ce378bc9d43c4,ESP32_GREENHOUSE_01,2026-04-24T08:26:50.325Z,15,31.42,31,31.9,31.7,62,62,62,62,27.7,51,32,Quiet,59.4,58,0,0,395.7,395,0,0,0,0,31.7,62,32,Quiet,0,0,395,58
69eb2968899ce378bc9d43c7,ESP32_GREENHOUSE_01,2026-04-24T08:27:20.326Z,15,31.47,31,31.7,31.6,62,62,62,62,34.5,56,22,Quiet,59.1,59,0,0,395.5,395,0,0,0,0,31.6,62,22,Quiet,0,0,395,59
69eb2986899ce378bc9d43c8,ESP32_GREENHOUSE_01,2026-04-24T08:27:50.334Z,15,31.5,31,31.9,31,62,62,62,62,21.1,42,22,Quiet,59.5,61,0,0,395,395,0,0,0,0,31,62,22,Quiet,0,0,395,61
69eb29a4899ce378bc9d43c9,ESP32_GREENHOUSE_01,2026-04-24T08:28:20.348Z,15,31.45,31.1,31.8,31.6,62,62,62,62,20.5,30,30,Quiet,59.6,59,0,0,393.7,393,0,0,0,0,31.6,62,30,Quiet,0,0,393,59
69eb29c2899ce378bc9d43d3,ESP32_GREENHOUSE_01,2026-04-24T08:28:50.355Z,15,31.38,31,31.8,31.3,62,62,62,62,49.2,86,43,Quiet,58.7,59,0,0,392.4,392,0,0,0,0,31.3,62,43,Quiet,0,0,392,59
69eb29e0899ce378bc9d43dd,ESP32_GREENHOUSE_01,2026-04-24T08:29:20.359Z,15,31.45,31.1,31.9,31.6,62,62,62,62,42.9,74,21,Quiet,58.7,59,0,0,391.1,390,0,0,0,0,31.6,62,21,Quiet,0,0,390,59
69eb29fe899ce378bc9d43de,ESP32_GREENHOUSE_01,2026-04-24T08:29:50.366Z,14,31.39,31,31.7,31.3,62,62,62,62,21.9,37,29,Quiet,59.8,60,0,0,389.6,389,0,0,0,0,31.3,62,29,Quiet,0,0,389,60
69eb2a1c899ce378bc9d43df,ESP32_GREENHOUSE_01,2026-04-24T08:30:20.376Z,15,31.32,31,31.7,31.2,62,62,62,62,20.4,27,24,Quiet,60.1,60,0,0,388.4,388,0,0,0,0,31.2,62,24,Quiet,0,0,388,60
69eb2a3a899ce378bc9d43e0,ESP32_GREENHOUSE_01,2026-04-24T08:30:50.388Z,15,31.43,31,31.9,31.2,62,62,62,62,22.7,38,19,Quiet,59.7,60,0,0,387.3,387,0,0,0,0,31.2,62,19,Quiet,0,0,387,60
69eb2a58899ce378bc9d43e1,ESP32_GREENHOUSE_01,2026-04-24T08:31:20.394Z,15,31.47,31,31.7,31.7,62,62,62,62,27.7,41,41,Quiet,59.3,58,0,0,386.7,386,0,0,0,0,31.7,62,41,Quiet,0,0,386,58
69eb2a76899ce378bc9d43e6,ESP32_GREENHOUSE_01,2026-04-24T08:31:50.406Z,15,31.49,31.1,31.9,31.5,62,62,62,62,33.6,67,30,Quiet,59.1,59,0,0,385.9,385,0,0,0,0,31.5,62,30,Quiet,0,0,385,59
69eb2a94899ce378bc9d43e7,ESP32_GREENHOUSE_01,2026-04-24T08:32:20.420Z,15,31.57,31.2,31.9,31.7,62,62,62,62,31.9,51,29,Quiet,58.9,59,0,0,385,385,0,0,0,0,31.7,62,29,Quiet,0,0,385,59
69eb2ab2899ce378bc9d43e8,ESP32_GREENHOUSE_01,2026-04-24T08:32:50.427Z,15,31.35,31,31.8,31.5,62,62,62,62,24.8,41,16,Quiet,59.7,60,0,0,384.6,384,0,0,0,0,31.5,62,16,Quiet,0,0,384,60
69eb2ad0899ce378bc9d43ea,ESP32_GREENHOUSE_01,2026-04-24T08:33:20.439Z,14,31.42,31,31.9,31.5,61.71,61,62,61,31.4,68,68,Quiet,59.4,58,0,0,383.6,384,0,0,0,0,31.5,61,68,Light Activity,0,0,384,58
69eb2aee899ce378bc9d43ee,ESP32_GREENHOUSE_01,2026-04-24T08:33:50.454Z,15,31.45,31,31.9,31.3,61,61,61,61,30.5,65,40,Quiet,60,60,0,0,383,383,0,0,0,0,31.3,61,40,Quiet,0,0,383,60
69eb2b0c899ce378bc9d43f3,ESP32_GREENHOUSE_01,2026-04-24T08:34:20.457Z,15,31.33,31,31.9,31.4,61,61,61,61,38.9,64,26,Quiet,59.8,60,0,0,382.7,382,0,0,0,0,31.4,61,26,Quiet,0,0,382,60
69eb2b2a899ce378bc9d43f4,ESP32_GREENHOUSE_01,2026-04-24T08:34:50.469Z,15,31.42,31,31.9,31.1,61,61,61,61,28.1,39,24,Quiet,60,61,0,0,382,382,0,0,0,0,31.1,61,24,Quiet,0,0,382,61
69eb2b48899ce378bc9d43f7,ESP32_GREENHOUSE_01,2026-04-24T08:35:20.476Z,15,31.39,31,31.9,31.7,61.47,61,62,62,41.5,70,36,Quiet,59.3,58,0,0,382,382,0,0,0,0,31.7,62,36,Quiet,0,0,382,58
69eb2b66899ce378bc9d43fc,ESP32_GREENHOUSE_01,2026-04-24T08:35:50.484Z,15,31.53,31.1,31.9,31.4,62,62,62,62,38.2,55,35,Quiet,58.7,59,0,0,381.1,381,0,0,0,0,31.4,62,35,Quiet,0,0,381,59
69eb2b84899ce378bc9d43ff,ESP32_GREENHOUSE_01,2026-04-24T08:36:20.495Z,15,31.46,31.2,31.9,31.4,62,62,62,62,34.3,58,20,Quiet,59.1,60,0,0,380.5,381,0,0,0,0,31.4,62,20,Quiet,0,0,381,60
69eb2ba2899ce378bc9d4401,ESP32_GREENHOUSE_01,2026-04-24T08:36:50.505Z,15,31.39,31,31.9,31.9,61.13,61,62,61,35.1,80,80,Quiet,59.8,57,0,0,379.9,380,0,0,0,0,31.9,61,80,Restless,0,0,380,57
69eb2bc0899ce378bc9d4405,ESP32_GREENHOUSE_01,2026-04-24T08:37:20.519Z,14,31.35,31,31.9,31.9,61,61,61,61,33.4,55,22,Quiet,60.1,59,0,0,379.3,379,0,0,0,0,31.9,61,22,Quiet,0,0,379,59
69eb2bde899ce378bc9d4406,ESP32_GREENHOUSE_01,2026-04-24T08:37:50.534Z,15,31.47,31,31.9,31.9,61,61,61,61,26.5,35,19,Quiet,59.9,59,0,0,379.6,380,0,0,0,0,31.9,61,19,Quiet,0,0,380,59
69eb2bfc899ce378bc9d4409,ESP32_GREENHOUSE_01,2026-04-24T08:38:20.549Z,15,31.44,31,31.9,31.8,61,61,61,61,32.3,114,40,Quiet,59.7,59,0,0,380,380,0,0,0,1,31.8,61,40,Quiet,0,0,380,59
69eb2c1a899ce378bc9d440a,ESP32_GREENHOUSE_01,2026-04-24T08:38:50.551Z,15,31.45,31,31.9,31.4,61,61,61,61,34.3,53,24,Quiet,59.7,60,0,0,379.9,380,0,0,0,0,31.4,61,24,Quiet,0,0,380,60
69eb2c38899ce378bc9d440c,ESP32_GREENHOUSE_01,2026-04-24T08:39:20.556Z,15,31.53,31.1,31.9,31.9,61,61,61,61,31.1,70,70,Quiet,59.7,57,0,0,381.3,382,0,0,0,0,31.9,61,70,Light Activity,0,0,382,57
69eb2c56899ce378bc9d4416,ESP32_GREENHOUSE_01,2026-04-24T08:39:50.563Z,15,31.51,31.1,31.9,31.7,61,61,61,61,115.2,1023,50,CRYING,56.4,58,0,0,380.5,381,0,0,0,6,31.7,61,50,CRYING,0,0,381,58
69eb2c74899ce378bc9d4417,ESP32_GREENHOUSE_01,2026-04-24T08:40:20.573Z,15,31.21,31,31.5,31,61.47,61,62,62,192.7,1023,138,CRYING,53.9,56,0,0,382.1,382,0,0,0,15,31,62,138,CRYING,0,0,382,56
69eb2c92899ce378bc9d4418,ESP32_GREENHOUSE_01,2026-04-24T08:40:50.583Z,14,31.44,31,31.7,31.6,62,62,62,62,133,249,98,CRYING,55.4,56,0,0,382.7,384,0,0,0,14,31.6,62,98,CRYING,0,0,384,56
69eb2cb0899ce378bc9d4419,ESP32_GREENHOUSE_01,2026-04-24T08:41:20.583Z,15,31.46,31,31.9,31.4,62,62,62,62,121,246,175,CRYING,55.6,54,0,0,384.7,385,0,0,0,15,31.4,62,175,CRYING,0,0,385,54
69eb2cce899ce378bc9d441a,ESP32_GREENHOUSE_01,2026-04-24T08:41:50.595Z,15,31.44,31,31.9,31.5,62,62,62,62,54.4,186,30,CRYING,58.5,59,0,0,385.2,386,0,0,0,15,31.5,62,30,CRYING,0,0,386,59
69eb2cec899ce378bc9d441d,ESP32_GREENHOUSE_01,2026-04-24T08:42:20.597Z,15,31.53,31.2,31.9,31.5,61.33,61,62,61,36.7,75,75,CRYING,59.3,58,0,0,386,386,0,0,0,11,31.5,61,75,CRYING,0,0,386,58
69eb2d0a899ce378bc9d4422,ESP32_GREENHOUSE_01,2026-04-24T08:42:50.604Z,15,31.58,31.1,31.9,31.5,61,61,61,61,43,73,57,Quiet,59,59,0,0,387.2,388,0,0,0,0,31.5,61,57,Light Activity,0,0,388,59
69eb2d28899ce378bc9d4426,ESP32_GREENHOUSE_01,2026-04-24T08:43:20.615Z,15,31.56,31,31.9,31.8,61,61,61,61,53.3,483,37,Quiet,58.7,59,0,0,373.2,365,0,0,0,1,31.8,61,37,Quiet,0,0,365,59
69eb2d46899ce378bc9d4427,ESP32_GREENHOUSE_01,2026-04-24T08:43:50.618Z,15,31.41,31,31.9,31.3,61,61,61,61,29.3,42,31,Quiet,59.9,60,0,0,365.9,367,0,0,0,0,31.3,61,31,Quiet,0,0,367,60
69eb2d64899ce378bc9d4428,ESP32_GREENHOUSE_01,2026-04-24T08:44:20.623Z,15,31.43,31,31.9,31.5,61,61,61,61,23.9,29,25,Quiet,60.2,60,0,0,367.8,369,0,0,0,0,31.5,61,25,Quiet,0,0,369,60
69eb2d82899ce378bc9d442d,ESP32_GREENHOUSE_01,2026-04-24T08:44:50.626Z,14,31.41,31,31.7,31.5,61,61,61,61,38.7,104,30,Quiet,59.6,60,0,0,369.9,371,0,0,0,0,31.5,61,30,Quiet,0,0,371,60
69eb2da0899ce378bc9d442e,ESP32_GREENHOUSE_01,2026-04-24T08:45:20.634Z,15,31.45,31.1,31.9,31.4,61,61,61,61,29.7,51,22,Quiet,59.9,60,0,0,372.1,373,0,0,0,0,31.4,61,22,Quiet,0,0,373,60
69eb2dbe899ce378bc9d4431,ESP32_GREENHOUSE_01,2026-04-24T08:45:50.649Z,15,31.41,31,31.8,31,61,61,61,61,28.9,66,40,Quiet,60.1,61,0,0,374.1,375,0,0,0,0,31,61,40,Quiet,0,0,375,61
69eb2ddc899ce378bc9d4438,ESP32_GREENHOUSE_01,2026-04-24T08:46:20.661Z,15,31.45,31,31.8,31.8,61,61,61,61,66.7,310,310,Quiet,58.4,48,0,0,376.2,377,0,0,0,1,31.8,61,310,Restless,0,0,377,48
69eb2dfa899ce378bc9d443c,ESP32_GREENHOUSE_01,2026-04-24T08:46:50.667Z,15,31.48,31,31.9,31.5,61,61,61,61,32.7,124,24,Quiet,59.6,60,0,0,377.7,378,0,0,0,1,31.5,61,24,Quiet,0,0,378,60
69eb2e18899ce378bc9d4441,ESP32_GREENHOUSE_01,2026-04-24T08:47:20.681Z,15,31.38,31,31.9,31.2,61,61,61,61,48.3,81,73,Quiet,59.5,59,0,0,378.1,378,0,0,0,1,31.2,61,73,Restless,0,0,378,59
69eb2e36899ce378bc9d4446,ESP32_GREENHOUSE_01,2026-04-24T08:47:50.696Z,15,31.45,31,31.9,31.2,61.47,61,62,62,100.5,254,82,CRYING,56.8,58,0,0,381.5,385,0,0,0,11,31.2,62,82,CRYING,0,0,385,58
69eb2e54899ce378bc9d4447,ESP32_GREENHOUSE_01,2026-04-24T08:48:20.710Z,15,31.37,31,31.9,31.4,61.93,61,62,62,119.3,232,59,CRYING,56,58,0,0,383.2,383,0,0,0,15,31.4,62,59,CRYING,0,0,383,58
69eb2e72899ce378bc9d4448,ESP32_GREENHOUSE_01,2026-04-24T08:48:50.716Z,14,31.34,31,31.8,31.3,61.93,61,62,62,125.6,267,200,CRYING,55.9,53,0,0,384.1,385,0,0,0,14,31.3,62,200,CRYING,0,0,385,53
69eb2e90899ce378bc9d4449,ESP32_GREENHOUSE_01,2026-04-24T08:49:20.721Z,15,31.46,31,31.9,31.6,61.4,61,62,61,133.3,284,235,CRYING,55.6,51,0,0,384.6,385,0,0,0,15,31.6,61,235,CRYING,0,0,385,51
69eb2eae899ce378bc9d444a,ESP32_GREENHOUSE_01,2026-04-24T08:49:50.728Z,15,31.36,31,31.7,31,61.27,61,62,61,141.1,227,53,CRYING,55.6,60,0,0,385.1,385,0,0,0,15,31,61,53,CRYING,0,0,385,60
69eb2ecc899ce378bc9d444b,ESP32_GREENHOUSE_01,2026-04-24T08:50:20.732Z,15,31.47,31,31.8,31.2,61.67,61,62,62,127.7,268,239,CRYING,55.6,52,0,0,383.9,384,0,0,0,15,31.2,62,239,CRYING,0,0,384,52
69eb2eea899ce378bc9d444c,ESP32_GREENHOUSE_01,2026-04-24T08:50:50.736Z,15,31.41,31.2,31.8,31.4,61.67,61,62,62,165.6,253,127,CRYING,54.2,56,0,0,385.1,383,0,0,0,15,31.4,62,127,CRYING,0,0,383,56
69eb2f08899ce378bc9d444d,ESP32_GREENHOUSE_01,2026-04-24T08:51:20.736Z,15,31.48,31,31.7,31.1,62,62,62,62,119.1,229,41,CRYING,55.8,60,0,0,385.1,386,0,0,0,15,31.1,62,41,CRYING,0,0,386,60
69eb2f26899ce378bc9d444e,ESP32_GREENHOUSE_01,2026-04-24T08:51:50.745Z,15,31.44,31,31.7,31.1,62,62,62,62,106.1,340,55,CRYING,56.3,59,0,0,384.7,385,0,0,0,15,31.1,62,55,CRYING,0,0,385,59
69eb2f44899ce378bc9d444f,ESP32_GREENHOUSE_01,2026-04-24T08:52:20.750Z,14,31.43,31,31.9,31.9,62,62,62,62,107.4,191,55,CRYING,56.2,57,0,0,385.4,385,0,0,0,14,31.9,62,55,CRYING,0,0,385,57
69eb2f62899ce378bc9d4450,ESP32_GREENHOUSE_01,2026-04-24T08:52:50.755Z,15,31.54,31,31.9,31.6,62,62,62,62,164.7,276,114,CRYING,53.8,56,0,0,381,379,0,0,0,15,31.6,62,114,CRYING,0,0,379,56
69eb2f80899ce378bc9d4451,ESP32_GREENHOUSE_01,2026-04-24T08:53:20.758Z,15,31.26,31,31.7,31.2,62,62,62,62,133.8,263,57,CRYING,55.7,59,0,0,381.9,382,0,0,0,15,31.2,62,57,CRYING,0,0,382,59
69eb2f9e899ce378bc9d4452,ESP32_GREENHOUSE_01,2026-04-24T08:53:50.769Z,15,31.54,31,31.9,31.9,62,62,62,62,122.1,221,57,CRYING,55.3,57,0,0,380.1,379,0,0,0,15,31.9,62,57,CRYING,0,0,379,57
69eb2fbc899ce378bc9d4453,ESP32_GREENHOUSE_01,2026-04-24T08:54:20.783Z,15,31.51,31,31.9,31.8,62,62,62,62,109.5,174,55,CRYING,56,57,0,0,379.1,379,0,0,0,15,31.8,62,55,CRYING,0,0,379,57
69eb2fda899ce378bc9d4454,ESP32_GREENHOUSE_01,2026-04-24T08:54:50.792Z,15,31.46,31.1,31.8,31.7,62,62,62,62,153.4,295,197,CRYING,54.5,52,0,0,378.4,379,0,0,0,15,31.7,62,197,CRYING,0,0,379,52
69eb2ff8899ce378bc9d4455,ESP32_GREENHOUSE_01,2026-04-24T08:55:20.797Z,15,31.48,31,31.9,31.1,61.93,61,62,61,180.3,306,120,CRYING,53.3,57,0,0,376.7,377,0,0,0,15,31.1,61,120,CRYING,0,0,377,57
69eb3016899ce378bc9d4456,ESP32_GREENHOUSE_01,2026-04-24T08:55:50.804Z,15,31.55,31,31.9,31.4,61.6,61,62,62,64.9,188,71,CRYING,57.9,58,0,0,377.3,377,0,0,0,15,31.4,62,71,CRYING,0,0,377,58
69eb3034899ce378bc9d4457,ESP32_GREENHOUSE_01,2026-04-24T08:56:20.810Z,14,31.38,31,31.9,31.4,61.64,61,62,61,62.1,79,51,CRYING,58.4,59,0,0,375.6,376,0,0,0,14,31.4,61,51,CRYING,0,0,376,59
69eb3052899ce378bc9d4458,ESP32_GREENHOUSE_01,2026-04-24T08:56:50.814Z,15,31.49,31,31.8,31.4,61.73,61,62,62,53.1,65,44,CRYING,58.5,59,0,0,373.9,373,0,0,0,15,31.4,62,44,CRYING,0,0,373,59
69eb3070899ce378bc9d4459,ESP32_GREENHOUSE_01,2026-04-24T08:57:20.815Z,15,31.3,31,31.8,31.1,61.33,61,62,61,46.6,56,49,CRYING,59.3,60,0,0,372.6,373,0,0,0,15,31.1,61,49,CRYING,0,0,373,60
69eb308e899ce378bc9d445a,ESP32_GREENHOUSE_01,2026-04-24T08:57:50.827Z,15,31.42,31,31.9,31.6,61.33,61,62,62,140.5,285,285,CRYING,55.5,49,0,0,372.5,369,0,0,0,15,31.6,62,285,CRYING,0,0,369,49
69eb30ac899ce378bc9d445b,ESP32_GREENHOUSE_01,2026-04-24T08:58:20.838Z,15,31.35,31,31.7,31.5,61.93,61,62,62,294.9,1023,71,CRYING,49.4,58,0,0,372.5,373,0,0,0,15,31.5,62,71,CRYING,0,0,373,58
69eb30ca899ce378bc9d445c,ESP32_GREENHOUSE_01,2026-04-24T08:58:50.845Z,15,31.39,31,31.9,31.8,62,62,62,62,290.5,916,169,CRYING,49.3,53,0,0,371.8,373,0,0,0,15,31.8,62,169,CRYING,0,0,373,53
69eb30e8899ce378bc9d445d,ESP32_GREENHOUSE_01,2026-04-24T08:59:20.847Z,15,31.38,31,31.8,31.2,62,62,62,62,175.1,531,60,CRYING,53.7,59,0,0,373.9,370,0,0,0,15,31.2,62,60,CRYING,0,0,370,59
69eb3106899ce378bc9d445e,ESP32_GREENHOUSE_01,2026-04-24T08:59:50.847Z,14,31.46,31,31.9,31.4,62,62,62,62,214.6,561,55,CRYING,51.9,58,0,0,375.3,375,0,0,0,14,31.4,62,55,CRYING,0,0,375,58
69eb3124899ce378bc9d445f,ESP32_GREENHOUSE_01,2026-04-24T09:00:20.848Z,15,31.49,31,31.9,31.6,62,62,62,62,333.5,929,441,CRYING,47.3,43,0,0,371.9,375,0,0,0,15,31.6,62,441,CRYING,0,0,375,43
69eb3142899ce378bc9d4460,ESP32_GREENHOUSE_01,2026-04-24T09:00:50.856Z,15,31.35,31,31.9,31.1,62,62,62,62,289.5,927,641,CRYING,49.3,36,0,0,374.4,377,0,0,0,15,31.1,62,641,CRYING,0,0,377,36
69eb3160899ce378bc9d4461,ESP32_GREENHOUSE_01,2026-04-24T09:01:20.864Z,15,31.48,31,31.9,31.3,62,62,62,62,153.9,367,58,CRYING,54.4,59,0,0,375.9,379,0,0,0,15,31.3,62,58,CRYING,0,0,379,59
69eb317e899ce378bc9d4462,ESP32_GREENHOUSE_01,2026-04-24T09:01:50.869Z,15,31.58,31.1,31.9,31.7,62,62,62,62,186.2,833,33,CRYING,52.7,58,0,0,377.3,378,0,0,0,15,31.7,62,33,CRYING,0,0,378,58
69eb319c899ce378bc9d4463,ESP32_GREENHOUSE_01,2026-04-24T09:02:20.877Z,15,31.39,31,31.9,31.2,62,62,62,62,199.5,597,32,CRYING,52.8,60,0,0,377.4,378,0,0,0,15,31.2,62,32,CRYING,0,0,378,60
69eb31ba899ce378bc9d4464,ESP32_GREENHOUSE_01,2026-04-24T09:02:50.878Z,15,31.42,31,31.9,31.3,62,62,62,62,198.2,1023,93,CRYING,52.6,57,0,0,379.5,378,0,0,0,15,31.3,62,93,CRYING,0,0,378,57
69eb31d8899ce378bc9d4465,ESP32_GREENHOUSE_01,2026-04-24T09:03:20.887Z,15,31.5,31,31.8,31.4,62,62,62,62,102,445,43,CRYING,56.4,59,0,0,377.6,381,0,0,0,15,31.4,62,43,CRYING,0,0,381,59
69eb31f6899ce378bc9d4466,ESP32_GREENHOUSE_01,2026-04-24T09:03:50.899Z,14,31.56,31,31.9,31.8,62,62,62,62,215,1023,170,CRYING,51.8,53,0,0,373.9,381,0,0,0,14,31.8,62,170,CRYING,0,0,381,53
69eb3214899ce378bc9d4467,ESP32_GREENHOUSE_01,2026-04-24T09:04:20.903Z,15,31.49,31,31.9,31.8,62,62,62,62,138.6,592,28,CRYING,54.9,58,0,0,380.3,380,0,0,0,15,31.8,62,28,CRYING,0,0,380,58
69eb3232899ce378bc9d4468,ESP32_GREENHOUSE_01,2026-04-24T09:04:50.912Z,15,31.42,31,31.9,31,62,62,62,62,147.3,480,33,CRYING,54.7,60,0,0,377.5,382,0,0,0,15,31,62,33,CRYING,0,0,382,60
69eb3250899ce378bc9d4469,ESP32_GREENHOUSE_01,2026-04-24T09:05:20.917Z,15,31.33,31,31.9,31.5,62.6,62,63,63,261,1023,331,CRYING,50.3,47,0,0,382.2,383,0,0,0,15,31.5,63,331,CRYING,0,0,383,47
69eb326e899ce378bc9d446a,ESP32_GREENHOUSE_01,2026-04-24T09:05:50.923Z,15,31.45,31,31.9,31.9,62.33,62,63,62,298.7,1023,60,CRYING,48.6,57,0,0,383.7,386,0,0,0,15,31.9,62,60,CRYING,0,0,386,57
69eb328c899ce378bc9d446b,ESP32_GREENHOUSE_01,2026-04-24T09:06:20.928Z,15,31.49,31,31.9,31.4,62,62,62,62,302.9,635,303,CRYING,48.5,49,0,0,381.9,381,0,0,0,15,31.4,62,303,CRYING,0,0,381,49
69eb32aa899ce378bc9d446c,ESP32_GREENHOUSE_01,2026-04-24T09:06:50.932Z,15,31.54,31,31.9,31.1,62,62,62,62,305.7,997,75,CRYING,48,58,0,0,381.9,384,0,0,0,15,31.1,62,75,CRYING,0,0,384,58
69eb32c8899ce378bc9d446d,ESP32_GREENHOUSE_01,2026-04-24T09:07:20.935Z,15,31.45,31,31.8,31.8,62,62,62,62,249.9,1023,78,CRYING,50.6,56,0,0,383.6,383,0,0,0,15,31.8,62,78,CRYING,0,0,383,56
69eb32e6899ce378bc9d446e,ESP32_GREENHOUSE_01,2026-04-24T09:07:50.942Z,14,31.44,31,31.9,31.3,62,62,62,62,147.7,327,98,CRYING,54.6,57,0,0,383.6,383,0,0,0,14,31.3,62,98,CRYING,0,0,383,57
69eb3304899ce378bc9d446f,ESP32_GREENHOUSE_01,2026-04-24T09:08:20.949Z,15,31.37,31,31.8,31.7,62,62,62,62,178.1,870,77,CRYING,53.7,57,0,0,383.7,384,0,0,0,15,31.7,62,77,CRYING,0,0,384,57
69eb3322899ce378bc9d4470,ESP32_GREENHOUSE_01,2026-04-24T09:08:50.952Z,15,31.46,31.2,31.8,31.2,62,62,62,62,239.2,828,73,CRYING,50.9,58,0,0,383.9,384,0,0,0,15,31.2,62,73,CRYING,0,0,384,58
69eb3340899ce378bc9d4471,ESP32_GREENHOUSE_01,2026-04-24T09:09:20.965Z,15,31.53,31,31.9,31.8,62,62,62,62,227.7,717,190,CRYING,51.3,52,0,0,384.1,384,0,0,0,15,31.8,62,190,CRYING,0,0,384,52
69eb335e899ce378bc9d4472,ESP32_GREENHOUSE_01,2026-04-24T09:09:50.974Z,15,31.46,31.1,31.8,31.3,61.13,61,62,61,227.8,862,129,CRYING,51.9,56,0,0,384.8,385,0,0,0,15,31.3,61,129,CRYING,0,0,385,56
69eb337c899ce378bc9d4473,ESP32_GREENHOUSE_01,2026-04-24T09:10:20.980Z,15,31.39,31,31.9,31.1,61,61,61,61,131.3,361,226,CRYING,56.1,53,0,0,384.7,385,0,0,0,15,31.1,61,226,CRYING,0,0,385,53
69eb339a899ce378bc9d4474,ESP32_GREENHOUSE_01,2026-04-24T09:10:50.983Z,15,31.39,31.1,31.9,31.3,61,61,61,61,165.2,416,87,CRYING,54.7,58,0,0,383.5,383,0,0,0,15,31.3,61,87,CRYING,0,0,383,58
69eb33b8899ce378bc9d4475,ESP32_GREENHOUSE_01,2026-04-24T09:11:20.984Z,14,31.42,31,31.8,31.7,61,61,61,61,101.5,308,62,CRYING,57.1,58,0,0,384,384,0,0,0,14,31.7,61,62,CRYING,0,0,384,58
69eb33d6899ce378bc9d4476,ESP32_GREENHOUSE_01,2026-04-24T09:11:50.985Z,15,31.47,31.1,31.9,31.6,60.93,60,61,61,83.5,115,90,CRYING,57.8,57,0,0,383.1,383,0,0,0,15,31.6,61,90,CRYING,0,0,383,57
69eb33f4899ce378bc9d4477,ESP32_GREENHOUSE_01,2026-04-24T09:12:20.999Z,15,31.43,31,31.9,31.9,60.6,60,61,61,128.7,230,82,CRYING,56.2,57,0,0,383.4,384,0,0,0,15,31.9,61,82,CRYING,0,0,384,57
69eb3413899ce378bc9d4478,ESP32_GREENHOUSE_01,2026-04-24T09:12:51.012Z,15,31.62,31.1,31.9,31.2,60.2,60,61,60,109.1,222,83,CRYING,56.8,59,0,0,384.8,385,0,0,0,15,31.2,60,83,CRYING,0,0,385,59
69eb3431899ce378bc9d4479,ESP32_GREENHOUSE_01,2026-04-24T09:13:21.016Z,15,31.49,31,31.8,31.7,60.13,60,61,60,99.1,132,100,CRYING,57.7,57,0,0,385.5,386,0,0,0,15,31.7,60,100,CRYING,0,0,386,57
69eb344f899ce378bc9d447a,ESP32_GREENHOUSE_01,2026-04-24T09:13:51.017Z,15,31.48,31.1,31.9,31.4,60.33,60,61,60,152.9,313,78,CRYING,55.4,59,0,0,385.8,387,0,0,0,15,31.4,60,78,CRYING,0,0,387,59
69eb346d899ce378bc9d447b,ESP32_GREENHOUSE_01,2026-04-24T09:14:21.028Z,15,31.35,31,31.9,31.8,60.33,60,61,60,105.8,187,129,CRYING,57.6,56,0,0,387.7,388,0,0,0,15,31.8,60,129,CRYING,0,0,388,56
69eb348b899ce378bc9d447c,ESP32_GREENHOUSE_01,2026-04-24T09:14:51.042Z,15,31.36,31.1,31.7,31.4,60.13,60,61,60,127.3,176,66,CRYING,56.9,59,0,0,388,388,0,0,0,15,31.4,60,66,CRYING,0,0,388,59
69eb34a9899ce378bc9d447d,ESP32_GREENHOUSE_01,2026-04-24T09:15:21.047Z,14,31.4,31,31.9,31.5,60,60,60,60,111.9,229,95,CRYING,57.4,58,0,0,388.7,389,0,0,0,14,31.5,60,95,CRYING,0,0,389,58
69eb34c7899ce378bc9d447e,ESP32_GREENHOUSE_01,2026-04-24T09:15:51.058Z,15,31.38,31.1,31.7,31.6,60,60,60,60,140.7,386,180,CRYING,56.3,54,0,0,389.1,390,0,0,0,15,31.6,60,180,CRYING,0,0,390,54
69eb34e5899ce378bc9d447f,ESP32_GREENHOUSE_01,2026-04-24T09:16:21.058Z,15,31.35,31,31.9,31.2,60,60,60,60,136,304,131,CRYING,56.7,57,0,0,390,389,0,0,0,15,31.2,60,131,CRYING,0,0,389,57
69eb3503899ce378bc9d4480,ESP32_GREENHOUSE_01,2026-04-24T09:16:51.064Z,15,31.4,31,31.8,31.4,60,60,60,60,283.5,664,543,CRYING,50.7,41,0,0,396.1,399,0,0,0,15,31.4,60,543,CRYING,0,0,399,41
69eb3521899ce378bc9d4481,ESP32_GREENHOUSE_01,2026-04-24T09:17:21.067Z,15,31.44,31,31.8,31.8,60,60,60,60,215.4,579,342,CRYING,53.3,47,0,0,396.2,396,0,0,0,15,31.8,60,342,CRYING,0,0,396,47
69eb353f899ce378bc9d4482,ESP32_GREENHOUSE_01,2026-04-24T09:17:51.079Z,15,31.45,31,31.9,31.5,60,60,60,60,263.8,607,298,CRYING,51.5,50,0,0,396.9,397,0,0,0,15,31.5,60,298,CRYING,0,0,397,50
69eb355d899ce378bc9d4483,ESP32_GREENHOUSE_01,2026-04-24T09:18:21.089Z,15,31.57,31,31.9,31.9,60,60,60,60,260.5,612,394,CRYING,51.3,45,0,0,397.8,398,0,0,0,15,31.9,60,394,CRYING,0,0,398,45
69eb357b899ce378bc9d4484,ESP32_GREENHOUSE_01,2026-04-24T09:18:51.099Z,14,31.56,31.1,31.9,31.2,60,60,60,60,239.6,563,210,CRYING,52,54,0,0,398.1,398,0,0,0,14,31.2,60,210,CRYING,0,0,398,54
69eb3599899ce378bc9d4485,ESP32_GREENHOUSE_01,2026-04-24T09:19:21.113Z,9,31.4,31,31.9,31.5,60,60,60,60,194.7,407,407,CRYING,54.3,46,0,0,398.2,399,0,0,0,9,31.5,60,407,CRYING,0,0,399,46
69eb35b7899ce378bc9d4486,ESP32_GREENHOUSE_01,2026-04-24T09:19:51.118Z,1,31.5,31.5,31.5,31.5,60,60,60,60,342,342,342,CRYING,48,48,0,0,399,399,0,0,0,1,31.5,60,342,CRYING,0,0,399,48
69eb35d5899ce378bc9d4487,ESP32_GREENHOUSE_01,2026-04-24T09:20:21.123Z,14,31.33,31,31.9,31.3,59.43,59,60,59,82.3,114,78,CRYING,59.3,60,0,0,400,400,0,0,0,14,31.3,59,78,CRYING,0,0,400,60
69eb35f3899ce378bc9d4488,ESP32_GREENHOUSE_01,2026-04-24T09:20:51.138Z,15,31.45,31,31.9,31.9,59.33,59,60,59,96.7,174,121,CRYING,58.3,56,0,0,400,400,0,0,0,15,31.9,59,121,CRYING,0,0,400,56
69eb3611899ce378bc9d4489,ESP32_GREENHOUSE_01,2026-04-24T09:21:21.140Z,15,31.41,31,31.8,31.8,59,59,59,59,96.1,173,90,CRYING,58.8,58,0,0,400.5,402,0,0,0,15,31.8,59,90,CRYING,0,0,402,58
69eb362f899ce378bc9d448a,ESP32_GREENHOUSE_01,2026-04-24T09:21:51.153Z,15,31.42,31,31.9,31.8,59,59,59,59,81.4,103,62,CRYING,59.3,59,0,0,402.2,403,0,0,0,15,31.8,59,62,CRYING,0,0,403,59
69eb364d899ce378bc9d448b,ESP32_GREENHOUSE_01,2026-04-24T09:22:21.167Z,14,31.41,31,31.9,31.3,59,59,59,59,88.4,105,77,CRYING,58.9,60,0,0,402.6,403,0,0,0,14,31.3,59,77,CRYING,0,0,403,60
69eb366b899ce378bc9d448c,ESP32_GREENHOUSE_01,2026-04-24T09:22:51.182Z,15,31.42,31,31.9,31.2,59,59,59,59,84.9,111,88,CRYING,59.1,60,0,0,403.5,404,0,0,0,15,31.2,59,88,CRYING,0,0,404,60
69eb3689899ce378bc9d448d,ESP32_GREENHOUSE_01,2026-04-24T09:23:21.190Z,15,31.41,31,31.9,31,59,59,59,59,82.9,101,95,CRYING,59.1,60,0,0,404.5,405,0,0,0,15,31,59,95,CRYING,0,0,405,60
69eb36a7899ce378bc9d448e,ESP32_GREENHOUSE_01,2026-04-24T09:23:51.200Z,15,31.37,31,31.9,31.9,59,59,59,59,89.3,105,92,CRYING,58.9,57,0,0,404.7,405,0,0,0,15,31.9,59,92,CRYING,0,0,405,57
69eb36c5899ce378bc9d448f,ESP32_GREENHOUSE_01,2026-04-24T09:24:21.207Z,15,31.45,31,31.9,31.7,59,59,59,59,84,105,79,CRYING,59.1,59,0,0,405.1,405,0,0,0,15,31.7,59,79,CRYING,0,0,405,59
69eb36e3899ce378bc9d4490,ESP32_GREENHOUSE_01,2026-04-24T09:24:51.212Z,15,31.47,31,31.9,31.8,59,59,59,59,84.1,107,69,CRYING,58.9,59,0,0,404.9,405,0,0,0,15,31.8,59,69,CRYING,0,0,405,59
69eb3701899ce378bc9d4491,ESP32_GREENHOUSE_01,2026-04-24T09:25:21.226Z,15,31.56,31,31.9,31.7,59,59,59,59,86.4,110,79,CRYING,58.6,59,0,0,404.5,404,0,0,0,15,31.7,59,79,CRYING,0,0,404,59
69eb371f899ce378bc9d4492,ESP32_GREENHOUSE_01,2026-04-24T09:25:51.241Z,15,31.57,31,31.9,31.6,59,59,59,59,86.6,115,77,CRYING,58.7,59,0,0,403.7,404,0,0,0,15,31.6,59,77,CRYING,0,0,404,59
69eb373d899ce378bc9d4493,ESP32_GREENHOUSE_01,2026-04-24T09:26:21.244Z,15,31.48,31,31.8,31.2,59,59,59,59,87.7,129,76,CRYING,58.9,60,0,0,404.1,405,0,0,0,15,31.2,59,76,CRYING,0,0,405,60
69eb375b899ce378bc9d4494,ESP32_GREENHOUSE_01,2026-04-24T09:26:51.251Z,14,31.26,31,31.8,31,59,59,59,59,90.1,110,91,CRYING,59.3,60,0,0,403.4,402,0,0,0,14,31,59,91,CRYING,0,0,402,60
69eb3779899ce378bc9d4495,ESP32_GREENHOUSE_01,2026-04-24T09:27:21.266Z,15,31.47,31,31.9,31.1,59,59,59,59,79.3,105,75,CRYING,59.2,60,0,0,402,402,0,0,0,15,31.1,59,75,CRYING,0,0,402,60
69eb3797899ce378bc9d4496,ESP32_GREENHOUSE_01,2026-04-24T09:27:51.270Z,15,31.59,31,31.9,31.7,59,59,59,59,80.7,101,74,CRYING,58.7,59,0,0,401.7,401,0,0,0,15,31.7,59,74,CRYING,0,0,401,59
69eb37b5899ce378bc9d4497,ESP32_GREENHOUSE_01,2026-04-24T09:28:21.270Z,15,31.58,31,31.9,31.6,59,59,59,59,97.4,134,118,CRYING,58.2,57,0,0,400.3,399,0,0,0,15,31.6,59,118,CRYING,0,0,399,57
69eb37d3899ce378bc9d4498,ESP32_GREENHOUSE_01,2026-04-24T09:28:51.280Z,15,31.57,31,31.9,31.8,59,59,59,59,78.9,100,81,CRYING,58.9,58,0,0,399,399,0,0,0,15,31.8,59,81,CRYING,0,0,399,58
69eb37f1899ce378bc9d4499,ESP32_GREENHOUSE_01,2026-04-24T09:29:21.295Z,15,31.64,31.1,31.9,31.7,59,59,59,59,73.5,96,82,CRYING,58.9,58,0,0,399,399,0,0,0,15,31.7,59,82,CRYING,0,0,399,58
69eb380f899ce378bc9d449a,ESP32_GREENHOUSE_01,2026-04-24T09:29:51.302Z,15,31.37,31,31.8,31.4,59,59,59,59,101.5,173,94,CRYING,58.7,59,0,0,399,399,0,0,0,15,31.4,59,94,CRYING,0,0,399,59
69eb382d899ce378bc9d449b,ESP32_GREENHOUSE_01,2026-04-24T09:30:21.306Z,14,31.41,31,31.9,31.3,59,59,59,59,81.5,127,55,CRYING,59.3,61,0,0,399.1,399,0,0,0,14,31.3,59,55,CRYING,0,0,399,61
69eb384b899ce378bc9d449c,ESP32_GREENHOUSE_01,2026-04-24T09:30:51.313Z,15,31.41,31,31.9,31,59,59,59,59,82.6,109,71,CRYING,59.2,61,0,0,398,397,0,0,0,15,31,59,71,CRYING,0,0,397,61
69eb3869899ce378bc9d449d,ESP32_GREENHOUSE_01,2026-04-24T09:31:21.314Z,15,31.52,31,31.9,31.8,59,59,59,59,77.9,107,77,CRYING,59,58,0,0,397.1,397,0,0,0,15,31.8,59,77,CRYING,0,0,397,58
69eb3887899ce378bc9d449e,ESP32_GREENHOUSE_01,2026-04-24T09:31:51.328Z,15,31.55,31,31.9,31.5,59,59,59,59,85.8,147,79,CRYING,58.5,59,0,0,397.3,397,0,0,0,15,31.5,59,79,CRYING,0,0,397,59
69eb38a5899ce378bc9d449f,ESP32_GREENHOUSE_01,2026-04-24T09:32:21.328Z,15,31.49,31,31.9,31.4,59,59,59,59,83.6,122,99,CRYING,58.9,59,0,0,397.1,397,0,0,0,15,31.4,59,99,CRYING,0,0,397,59
69eb38c3899ce378bc9d44a0,ESP32_GREENHOUSE_01,2026-04-24T09:32:51.333Z,15,31.47,31,31.9,31.1,59,59,59,59,85.3,122,120,CRYING,59,59,0,0,396,395,0,0,0,15,31.1,59,120,CRYING,0,0,395,59
69eb38e1899ce378bc9d44a1,ESP32_GREENHOUSE_01,2026-04-24T09:33:21.335Z,15,31.37,31,31.9,31.2,59,59,59,59,91.7,112,81,CRYING,58.9,60,0,0,395.2,395,0,0,0,15,31.2,59,81,CRYING,0,0,395,60
69eb38ff899ce378bc9d44a2,ESP32_GREENHOUSE_01,2026-04-24T09:33:51.337Z,15,31.27,31,31.6,31.1,59,59,59,59,86.3,108,93,CRYING,59.5,60,0,0,394.3,394,0,0,0,15,31.1,59,93,CRYING,0,0,394,60
69eb391d899ce378bc9d44a3,ESP32_GREENHOUSE_01,2026-04-24T09:34:21.341Z,14,31.54,31,31.9,31.5,59,59,59,59,92.9,112,82,CRYING,58.4,59,0,0,394,394,0,0,0,14,31.5,59,82,CRYING,0,0,394,59
69eb393b899ce378bc9d44a4,ESP32_GREENHOUSE_01,2026-04-24T09:34:51.355Z,15,31.43,31,31.9,31.3,59,59,59,59,93.2,180,70,CRYING,58.7,60,0,0,393.3,393,0,0,0,15,31.3,59,70,CRYING,0,0,393,60
69eb3959899ce378bc9d44a5,ESP32_GREENHOUSE_01,2026-04-24T09:35:21.368Z,15,31.34,31,31.9,31.4,59,59,59,59,77.1,115,75,CRYING,59.5,60,0,0,392.5,392,0,0,0,15,31.4,59,75,CRYING,0,0,392,60
69eb3977899ce378bc9d44a6,ESP32_GREENHOUSE_01,2026-04-24T09:35:51.378Z,15,31.34,31,31.8,31.1,59,59,59,59,79.3,105,66,CRYING,59.5,61,0,0,392,392,0,0,0,15,31.1,59,66,CRYING,0,0,392,61
69eb3995899ce378bc9d44a7,ESP32_GREENHOUSE_01,2026-04-24T09:36:21.385Z,15,31.51,31,31.9,31.9,59,59,59,59,81.4,127,80,CRYING,59,58,0,0,391.8,391,0,0,0,15,31.9,59,80,CRYING,0,0,391,58
69eb39b3899ce378bc9d44a8,ESP32_GREENHOUSE_01,2026-04-24T09:36:51.396Z,15,31.36,31,31.8,31.8,59,59,59,59,78.4,106,88,CRYING,59.3,58,0,0,391.2,391,0,0,0,15,31.8,59,88,CRYING,0,0,391,58
69eb39d1899ce378bc9d44a9,ESP32_GREENHOUSE_01,2026-04-24T09:37:21.400Z,15,31.27,31,31.6,31.1,59,59,59,59,75,98,96,CRYING,59.9,60,0,0,390.3,390,0,0,0,15,31.1,59,96,CRYING,0,0,390,60
69eb39ef899ce378bc9d44aa,ESP32_GREENHOUSE_01,2026-04-24T09:37:51.404Z,14,31.51,31.2,31.9,31.5,59,59,59,59,93.4,139,79,CRYING,58.5,59,0,0,390,390,0,0,0,14,31.5,59,79,CRYING,0,0,390,59
69eb3a0d899ce378bc9d44ab,ESP32_GREENHOUSE_01,2026-04-24T09:38:21.416Z,15,31.49,31,31.9,31.8,59,59,59,59,88.2,148,104,CRYING,58.8,57,0,0,389.5,389,0,0,0,15,31.8,59,104,CRYING,0,0,389,57
69eb3a2b899ce378bc9d44ac,ESP32_GREENHOUSE_01,2026-04-24T09:38:51.422Z,15,31.48,31,31.9,31.8,59,59,59,59,100.3,165,84,CRYING,58.3,58,0,0,389.3,389,0,0,0,15,31.8,59,84,CRYING,0,0,389,58
69eb3a49899ce378bc9d44ad,ESP32_GREENHOUSE_01,2026-04-24T09:39:21.427Z,15,31.57,31.1,31.9,31.8,58.6,58,59,59,83.3,101,85,CRYING,59.1,58,0,0,387.9,388,0,0,0,15,31.8,59,85,CRYING,0,0,388,58
69eb3a67899ce378bc9d44b3,ESP32_GREENHOUSE_01,2026-04-24T09:39:51.432Z,15,31.45,31,31.9,31.1,58.2,58,59,58,82.9,110,71,CRYING,59.7,61,0,0,387.1,387,0,0,0,6,31.1,58,71,Light Activity,0,0,387,61
69eb3a85899ce378bc9d44bb,ESP32_GREENHOUSE_01,2026-04-24T09:40:21.441Z,15,31.45,31,31.9,31.6,58,58,58,58,86.9,168,75,CRYING,59.6,60,0,0,386.3,386,0,0,0,8,31.6,58,75,Restless,0,0,386,60
69eb3aa3899ce378bc9d44c5,ESP32_GREENHOUSE_01,2026-04-24T09:40:51.443Z,15,31.31,31,31.7,31.1,58,58,58,58,83.1,131,83,Restless,60.1,61,0,0,385.8,385,0,0,0,5,31.1,58,83,CRYING,0,0,385,61
69eb3ac1899ce378bc9d44cd,ESP32_GREENHOUSE_01,2026-04-24T09:41:21.446Z,15,31.39,31,31.8,31.6,58,58,58,58,82.6,118,100,CRYING,60.1,59,0,0,385,385,0,0,0,7,31.6,58,100,CRYING,0,0,385,59
69eb3adf899ce378bc9d44cf,ESP32_GREENHOUSE_01,2026-04-24T09:41:51.460Z,14,31.39,31.1,31.9,31.9,58,58,58,58,96.9,142,99,CRYING,59.3,58,0,0,384.3,384,0,0,0,13,31.9,58,99,Restless,0,0,384,58
69eb3afd899ce378bc9d44d7,ESP32_GREENHOUSE_01,2026-04-24T09:42:21.471Z,15,31.37,31,31.9,31.6,58,58,58,58,78.8,90,87,Restless,60.1,59,0,0,383.9,384,0,0,0,3,31.6,58,87,Restless,0,0,384,59
69eb3b1b899ce378bc9d44e4,ESP32_GREENHOUSE_01,2026-04-24T09:42:51.472Z,15,31.36,31,31.9,31.9,58,58,58,58,71.5,96,88,Light Activity,60.4,58,0,0,383.1,383,0,0,0,0,31.9,58,88,Restless,0,0,383,58
69eb3b39899ce378bc9d44ef,ESP32_GREENHOUSE_01,2026-04-24T09:43:21.477Z,15,31.31,31,31.9,31.9,58,58,58,58,77.3,94,73,Restless,60.3,59,0,0,383,383,0,0,0,3,31.9,58,73,CRYING,0,0,383,59
69eb3b57899ce378bc9d44fa,ESP32_GREENHOUSE_01,2026-04-24T09:43:51.486Z,15,31.43,31,31.9,31.2,58,58,58,58,77.6,99,99,Restless,59.9,60,0,0,382.6,382,0,0,0,1,31.2,58,99,Restless,0,0,382,60
69eb3b75899ce378bc9d4500,ESP32_GREENHOUSE_01,2026-04-24T09:44:21.485Z,15,31.35,31,31.8,31.1,58,58,58,58,101.5,172,92,CRYING,59.3,60,0,0,382,382,0,0,0,8,31.1,58,92,CRYING,0,0,382,60
69eb3b93899ce378bc9d4502,ESP32_GREENHOUSE_01,2026-04-24T09:44:51.487Z,15,31.5,31.1,31.9,31.1,58,58,58,58,90.3,146,67,CRYING,59.2,61,0,0,381.5,381,0,0,0,14,31.1,58,67,Light Activity,0,0,381,61
69eb3bb1899ce378bc9d4509,ESP32_GREENHOUSE_01,2026-04-24T09:45:21.500Z,14,31.43,31,31.9,31.7,58,58,58,58,72.1,91,65,Light Activity,60.4,60,0,0,381.3,381,0,0,0,0,31.7,58,65,Light Activity,0,0,381,60
69eb3bcf899ce378bc9d4513,ESP32_GREENHOUSE_01,2026-04-24T09:45:51.514Z,15,31.38,31,31.8,31.1,58,58,58,58,82.8,101,82,Restless,59.9,61,0,0,381,381,0,0,0,3,31.1,58,82,Restless,0,0,381,61
69eb3bed899ce378bc9d4515,ESP32_GREENHOUSE_01,2026-04-24T09:46:21.527Z,15,31.38,31,31.9,31.4,58,58,58,58,96.1,129,92,CRYING,59.3,59,0,0,381,381,0,0,0,13,31.4,58,92,CRYING,0,0,381,59
69eb3c0b899ce378bc9d4518,ESP32_GREENHOUSE_01,2026-04-24T09:46:51.528Z,15,31.33,31,31.7,31.5,58,58,58,58,81.9,118,78,CRYING,60.1,60,0,0,381,381,0,0,0,10,31.5,58,78,Restless,0,0,381,60
69eb3c29899ce378bc9d451f,ESP32_GREENHOUSE_01,2026-04-24T09:47:21.530Z,15,31.36,31,31.9,31.5,58,58,58,58,73.2,90,81,Restless,60.5,60,0,0,381,381,0,0,0,0,31.5,58,81,Restless,0,0,381,60
69eb3c47899ce378bc9d4526,ESP32_GREENHOUSE_01,2026-04-24T09:47:51.531Z,15,31.49,31,31.9,31.6,58,58,58,58,96.3,347,92,Restless,59.1,59,0,0,381,381,0,0,0,4,31.6,58,92,CRYING,0,0,381,59
69eb3c65899ce378bc9d4530,ESP32_GREENHOUSE_01,2026-04-24T09:48:21.545Z,15,31.39,31,31.9,31.4,57.93,57,58,58,119.7,495,73,CRYING,58.5,60,0,0,379.1,380,0,0,0,8,31.4,58,73,Restless,0,0,380,60
69eb3c83899ce378bc9d4539,ESP32_GREENHOUSE_01,2026-04-24T09:48:51.551Z,15,31.33,31,31.7,31.7,57.87,57,58,57,82.7,230,74,Light Activity,60.1,60,0,0,381.7,382,0,0,0,5,31.7,57,74,Restless,0,0,382,60
69eb3ca1899ce378bc9d4544,ESP32_GREENHOUSE_01,2026-04-24T09:49:21.566Z,14,31.41,31,31.9,31.1,57.36,57,58,57,77.1,103,85,Restless,60.4,61,0,0,381.9,382,0,0,0,0,31.1,57,85,Restless,0,0,382,61
69eb3cbf899ce378bc9d454d,ESP32_GREENHOUSE_01,2026-04-24T09:49:51.573Z,15,31.64,31,31.9,31,57,57,57,57,75.3,121,58,CRYING,60.2,63,0,0,380.6,380,0,0,0,5,31,57,58,Light Activity,0,0,380,63
69eb3cdd899ce378bc9d4553,ESP32_GREENHOUSE_01,2026-04-24T09:50:21.585Z,15,31.53,31,31.9,31.3,57,57,57,57,84.8,122,101,Light Activity,60,60,0,0,380,380,0,0,0,6,31.3,57,101,Restless,0,0,380,60
69eb3cfb899ce378bc9d4559,ESP32_GREENHOUSE_01,2026-04-24T09:50:51.588Z,15,31.54,31,31.9,31.6,57.13,57,58,57,93.3,141,86,CRYING,59.5,60,0,0,379.9,381,0,0,0,10,31.6,57,86,Restless,0,0,381,60
69eb3d19899ce378bc9d455f,ESP32_GREENHOUSE_01,2026-04-24T09:51:21.597Z,15,31.67,31.3,31.9,31.6,57.13,57,58,57,106.2,313,69,Light Activity,58.7,60,0,0,381,381,0,0,0,2,31.6,57,69,Light Activity,0,0,381,60
69eb3d37899ce378bc9d4566,ESP32_GREENHOUSE_01,2026-04-24T09:51:51.611Z,15,31.54,31,31.9,31.8,57.47,57,58,57,70.3,97,64,Light Activity,60.3,60,0,0,380.8,380,0,0,0,0,31.8,57,64,Light Activity,0,0,380,60
69eb3d55899ce378bc9d4572,ESP32_GREENHOUSE_01,2026-04-24T09:52:21.611Z,15,31.41,31,31.9,31.2,57.13,57,58,57,76.9,99,99,Light Activity,60.6,60,0,0,380,380,0,0,0,2,31.2,57,99,Restless,0,0,380,60
69eb3d73899ce378bc9d457e,ESP32_GREENHOUSE_01,2026-04-24T09:52:51.615Z,15,31.35,31,31.9,31.9,57.53,57,58,58,70.2,107,65,Light Activity,60.7,59,0,0,379.5,379,0,0,0,1,31.9,58,65,Light Activity,0,0,379,59
69eb3d91899ce378bc9d4588,ESP32_GREENHOUSE_01,2026-04-24T09:53:21.618Z,14,31.61,31.2,31.9,31.5,57.79,57,58,57,82,191,80,Restless,59.5,60,0,0,379,379,0,0,0,1,31.5,57,80,Restless,0,0,379,60
69eb3daf899ce378bc9d4591,ESP32_GREENHOUSE_01,2026-04-24T09:53:51.625Z,15,31.34,31,31.7,31,57.27,57,58,57,73.2,94,79,Restless,60.9,62,0,0,379,379,0,0,0,0,31,57,79,Restless,0,0,379,62
69eb3dcd899ce378bc9d459b,ESP32_GREENHOUSE_01,2026-04-24T09:54:21.634Z,15,31.3,31,31.8,31.8,57.13,57,58,57,79,106,80,Restless,60.7,59,0,0,378.8,379,0,0,0,1,31.8,57,80,Restless,0,0,379,59
69eb3deb899ce378bc9d45a3,ESP32_GREENHOUSE_01,2026-04-24T09:54:51.640Z,15,31.53,31,31.9,31.9,57,57,57,57,73.1,107,80,Light Activity,60.4,59,0,0,378.2,378,0,0,0,1,31.9,57,80,Restless,0,0,378,59
69eb3e09899ce378bc9d45ae,ESP32_GREENHOUSE_01,2026-04-24T09:55:21.651Z,15,31.54,31,31.9,31.8,57,57,57,57,80.7,110,95,Restless,60.3,59,0,0,378,378,0,0,0,2,31.8,57,95,Restless,0,0,378,59
69eb3e27899ce378bc9d45b9,ESP32_GREENHOUSE_01,2026-04-24T09:55:51.666Z,15,31.27,31,31.9,31.1,57,57,57,57,77.4,114,77,Restless,61.1,62,0,0,377.3,377,0,0,0,4,31.1,57,77,Restless,0,0,377,62
69eb3e45899ce378bc9d45c4,ESP32_GREENHOUSE_01,2026-04-24T09:56:21.682Z,15,31.61,31,31.9,31.3,57,57,57,57,68.4,78,66,Light Activity,60.4,61,0,0,376.9,376,0,0,0,1,31.3,57,66,CRYING,0,0,376,61
69eb3e63899ce378bc9d45ca,ESP32_GREENHOUSE_01,2026-04-24T09:56:51.688Z,14,31.34,31,31.9,31.5,57,57,57,57,80.7,217,71,Light Activity,60.7,61,0,0,376,376,0,0,0,3,31.5,57,71,Light Activity,0,0,376,61
69eb3e81899ce378bc9d45d1,ESP32_GREENHOUSE_01,2026-04-24T09:57:21.688Z,15,31.42,31,31.9,31.8,57,57,57,57,70.1,84,67,Light Activity,61.1,60,0,0,375.8,375,0,0,0,0,31.8,57,67,Light Activity,0,0,375,60
69eb3e9f899ce378bc9d45da,ESP32_GREENHOUSE_01,2026-04-24T09:57:51.690Z,15,31.45,31,31.9,31.8,57,57,57,57,80.5,111,72,Restless,60.5,60,0,0,375.5,375,0,0,0,2,31.8,57,72,Light Activity,0,0,375,60
69eb3ebd899ce378bc9d45e3,ESP32_GREENHOUSE_01,2026-04-24T09:58:21.705Z,15,31.47,31,31.9,31.8,57,57,57,57,92.3,265,57,Restless,59.9,60,0,0,375.1,375,0,0,0,2,31.8,57,57,Light Activity,0,0,375,60
69eb3edb899ce378bc9d45f0,ESP32_GREENHOUSE_01,2026-04-24T09:58:51.709Z,15,31.38,31,31.9,31.6,57,57,57,57,86.3,124,84,CRYING,60.3,60,0,0,374.9,375,0,0,0,6,31.6,57,84,Restless,0,0,375,60
69eb3ef9899ce378bc9d45f7,ESP32_GREENHOUSE_01,2026-04-24T09:59:21.722Z,15,31.53,31,31.9,31,57,57,57,57,83.8,160,68,Restless,60.1,62,0,0,374.2,374,0,0,0,1,31,57,68,Light Activity,0,0,374,62
69eb3f17899ce378bc9d45fe,ESP32_GREENHOUSE_01,2026-04-24T09:59:51.736Z,15,31.53,31,31.9,31.4,57,57,57,57,70.6,91,64,Light Activity,60.6,61,0,0,374.5,375,0,0,0,0,31.4,57,64,Light Activity,0,0,375,61
69eb3f35899ce378bc9d4603,ESP32_GREENHOUSE_01,2026-04-24T10:00:21.740Z,15,31.59,31,31.9,31.3,57,57,57,57,65.7,92,66,Light Activity,60.3,61,0,0,374.5,375,0,0,0,0,31.3,57,66,Light Activity,0,0,375,61
69eb3f53899ce378bc9d460b,ESP32_GREENHOUSE_01,2026-04-24T10:00:51.751Z,14,31.46,31,31.9,31.6,57,57,57,57,79.1,98,69,Restless,60.4,60,0,0,375.2,376,0,0,0,2,31.6,57,69,Light Activity,0,0,376,60
69eb3f71899ce378bc9d4616,ESP32_GREENHOUSE_01,2026-04-24T10:01:21.764Z,15,31.3,31,31.9,31.3,57,57,57,57,75.7,99,67,Light Activity,61.1,61,0,0,376.7,376,0,0,0,3,31.3,57,67,Light Activity,0,0,376,61
69eb3f8f899ce378bc9d461e,ESP32_GREENHOUSE_01,2026-04-24T10:01:51.778Z,15,31.61,31.1,31.9,31.6,57,57,57,57,74.4,101,78,Light Activity,60.1,60,0,0,375.2,375,0,0,0,1,31.6,57,78,Restless,0,0,375,60
69eb3fad899ce378bc9d4628,ESP32_GREENHOUSE_01,2026-04-24T10:02:21.789Z,15,31.6,31,31.9,31.9,56.8,56,57,56,76.1,89,89,Restless,60.2,59,0,0,375,375,0,0,0,2,31.9,56,89,Restless,0,0,375,59
69eb3fcb899ce378bc9d4632,ESP32_GREENHOUSE_01,2026-04-24T10:02:51.798Z,15,31.4,31.1,31.9,31.5,56.07,56,57,56,88.5,147,132,CRYING,60.9,59,0,0,375.3,376,0,0,0,7,31.5,56,132,CRYING,0,0,376,59
69eb3fe9899ce378bc9d463a,ESP32_GREENHOUSE_01,2026-04-24T10:03:21.806Z,15,31.32,31,31.7,31.3,56,56,56,56,85.1,133,76,CRYING,61.2,62,0,0,376.5,377,0,0,0,8,31.3,56,76,Restless,0,0,377,62
69eb4007899ce378bc9d4645,ESP32_GREENHOUSE_01,2026-04-24T10:03:51.819Z,15,31.38,31,31.9,31.9,56,56,56,56,79.2,114,71,Light Activity,61.1,60,0,0,377.6,378,0,0,0,2,31.9,56,71,Light Activity,0,0,378,60
69eb4025899ce378bc9d464b,ESP32_GREENHOUSE_01,2026-04-24T10:04:21.822Z,14,31.42,31,31.9,31.4,56,56,56,56,82.7,105,68,Restless,61.1,62,0,0,378.1,379,0,0,0,1,31.4,56,68,Light Activity,0,0,379,62
69eb4043899ce378bc9d4654,ESP32_GREENHOUSE_01,2026-04-24T10:04:51.832Z,15,31.43,31,31.8,31.6,56,56,56,56,70.7,102,69,Light Activity,61.5,61,0,0,378,377,0,0,0,0,31.6,56,69,Light Activity,0,0,377,61
69eb4061899ce378bc9d465b,ESP32_GREENHOUSE_01,2026-04-24T10:05:21.839Z,15,31.53,31,31.9,31.2,56,56,56,56,77.3,104,66,Restless,60.8,62,0,0,377.2,378,0,0,0,1,31.2,56,66,Light Activity,0,0,378,62
69eb407f899ce378bc9d4665,ESP32_GREENHOUSE_01,2026-04-24T10:05:51.854Z,15,31.34,31,31.9,31.2,56,56,56,56,79,91,69,Restless,61.4,62,0,0,378.4,379,0,0,0,3,31.2,56,69,Light Activity,0,0,379,62
69eb409d899ce378bc9d4670,ESP32_GREENHOUSE_01,2026-04-24T10:06:21.860Z,15,31.41,31,31.9,31.9,56,56,56,56,76.2,99,99,Restless,61.4,59,0,0,381.2,382,0,0,0,1,31.9,56,99,Restless,0,0,382,59
69eb40bb899ce378bc9d4678,ESP32_GREENHOUSE_01,2026-04-24T10:06:51.867Z,15,31.45,31,31.9,31.2,56,56,56,56,80.9,260,61,Light Activity,61.1,63,0,0,382.7,384,0,0,0,0,31.2,56,61,Light Activity,0,0,384,63
69eb40d9899ce378bc9d4680,ESP32_GREENHOUSE_01,2026-04-24T10:07:21.877Z,15,31.58,31,31.9,31.8,56,56,56,56,78.9,99,86,Restless,60.6,60,0,0,383.2,383,0,0,0,0,31.8,56,86,Restless,0,0,383,60
69eb40f7899ce378bc9d468a,ESP32_GREENHOUSE_01,2026-04-24T10:07:51.881Z,15,31.55,31,31.9,31.8,56.73,56,57,57,81.8,148,59,Restless,60.2,60,0,0,382,383,0,0,0,1,31.8,57,59,Light Activity,0,0,383,60
69eb4115899ce378bc9d4694,ESP32_GREENHOUSE_01,2026-04-24T10:08:21.890Z,14,31.63,31,31.9,31.9,57,57,57,57,78.5,184,60,Light Activity,60.1,60,0,0,385.1,386,0,0,0,1,31.9,57,60,Light Activity,0,0,386,60
69eb4133899ce378bc9d469e,ESP32_GREENHOUSE_01,2026-04-24T10:08:51.906Z,15,31.39,31,31.7,31.7,56.4,56,57,56,83.2,154,110,Restless,60.7,59,0,0,386.8,386,0,0,0,2,31.7,56,110,Restless,0,0,386,59
69eb4151899ce378bc9d46a5,ESP32_GREENHOUSE_01,2026-04-24T10:09:21.914Z,15,31.29,31,31.9,31.1,56,56,56,56,89.3,136,103,CRYING,61.2,61,0,0,386.9,388,0,0,0,8,31.1,56,103,Restless,0,0,388,61
69eb416f899ce378bc9d46ae,ESP32_GREENHOUSE_01,2026-04-24T10:09:51.920Z,12,31.37,31,31.7,31.7,56,56,56,56,73.8,95,71,Light Activity,61.6,61,0,0,388,388,0,0,0,1,31.7,56,71,Light Activity,0,0,388,61
69eb418d899ce378bc9d46b7,ESP32_GREENHOUSE_01,2026-04-24T10:10:21.921Z,18,31.47,31,31.9,31.3,56,56,56,56,76.1,97,70,Restless,61.2,62,0,0,387.3,387,0,0,0,0,31.3,56,70,Light Activity,0,0,387,62
69eb41ab899ce378bc9d46c1,ESP32_GREENHOUSE_01,2026-04-24T10:10:51.921Z,15,31.41,31,31.9,31.6,56,56,56,56,78,94,78,Restless,61.3,61,0,0,387.4,388,0,0,0,1,31.6,56,78,Restless,0,0,388,61
69eb41c9899ce378bc9d46ca,ESP32_GREENHOUSE_01,2026-04-24T10:11:21.931Z,15,31.48,31,31.8,31.3,56.67,56,57,57,95.8,316,62,Restless,59.9,62,0,0,388.1,388,0,0,0,3,31.3,57,62,Light Activity,0,0,388,62
69eb41e7899ce378bc9d46d4,ESP32_GREENHOUSE_01,2026-04-24T10:11:51.941Z,15,31.39,31,31.9,31.4,56.67,56,57,56,75.1,103,103,Restless,61,60,0,0,388.4,388,0,0,0,0,31.4,56,103,Restless,0,0,388,60
69eb4205899ce378bc9d46da,ESP32_GREENHOUSE_01,2026-04-24T10:12:21.941Z,14,31.45,31.1,31.9,31.2,56,56,56,56,90.1,177,61,CRYING,60.7,63,0,0,389,389,0,0,0,9,31.2,56,61,Light Activity,0,0,389,63
69eb4223899ce378bc9d46df,ESP32_GREENHOUSE_01,2026-04-24T10:12:51.947Z,15,31.48,31,31.9,31.2,56,56,56,56,95.7,143,106,CRYING,60.5,61,0,0,388.7,388,0,0,0,10,31.2,56,106,CRYING,0,0,388,61
69eb4241899ce378bc9d46e7,ESP32_GREENHOUSE_01,2026-04-24T10:13:21.953Z,15,31.41,31,31.9,31.3,56,56,56,56,97.4,229,73,CRYING,60.5,62,0,0,388.4,389,0,0,0,11,31.3,56,73,CRYING,0,0,389,62
69eb425f899ce378bc9d46e8,ESP32_GREENHOUSE_01,2026-04-24T10:13:51.958Z,15,31.54,31.1,31.9,31.1,56,56,56,56,107.1,234,126,CRYING,59.7,60,0,0,388.1,388,0,0,0,15,31.1,56,126,CRYING,0,0,388,60
69eb427d899ce378bc9d46e9,ESP32_GREENHOUSE_01,2026-04-24T10:14:21.960Z,15,31.35,31,31.7,31.4,56,56,56,56,101.5,224,88,CRYING,60.6,61,0,0,386.3,386,0,0,0,15,31.4,56,88,CRYING,0,0,386,61
69eb429b899ce378bc9d46ea,ESP32_GREENHOUSE_01,2026-04-24T10:14:51.974Z,15,31.45,31,31.9,31.5,56,56,56,56,112.3,239,84,CRYING,59.8,61,0,0,390,393,0,0,0,15,31.5,56,84,CRYING,0,0,393,61
69eb42b9899ce378bc9d46eb,ESP32_GREENHOUSE_01,2026-04-24T10:15:21.986Z,15,31.44,31,31.9,31.7,56,56,56,56,135.7,489,73,CRYING,58.9,61,0,0,390.5,387,0,0,0,15,31.7,56,73,CRYING,0,0,387,61
69eb42d7899ce378bc9d46ec,ESP32_GREENHOUSE_01,2026-04-24T10:15:51.999Z,14,31.5,31.1,31.9,31.1,56,56,56,56,121.3,202,127,CRYING,59.2,60,0,0,385.5,385,0,0,0,14,31.1,56,127,CRYING,0,0,385,60
69eb42f6899ce378bc9d46ed,ESP32_GREENHOUSE_01,2026-04-24T10:16:22.003Z,15,31.46,31,31.9,31.9,56,56,56,56,124.5,258,139,CRYING,59.3,57,0,0,386,388,0,0,0,15,31.9,56,139,CRYING,0,0,388,57
69eb4314899ce378bc9d46ee,ESP32_GREENHOUSE_01,2026-04-24T10:16:52.005Z,15,31.42,31,31.8,31.1,56,56,56,56,261.9,1023,1023,CRYING,54.1,25,0,0,387.8,388,0,0,0,15,31.1,56,1023,CRYING,0,0,388,25
69eb4332899ce378bc9d46ef,ESP32_GREENHOUSE_01,2026-04-24T10:17:22.007Z,15,31.46,31,31.9,31,56,56,56,56,204.5,1023,156,CRYING,56.1,59,0,0,386.1,384,0,0,0,15,31,56,156,CRYING,0,0,384,59
69eb4350899ce378bc9d46f0,ESP32_GREENHOUSE_01,2026-04-24T10:17:52.016Z,15,31.54,31.1,31.9,31.5,56,56,56,56,111.3,206,74,CRYING,59.6,61,0,0,380.5,375,0,0,0,15,31.5,56,74,CRYING,0,0,375,61
69eb436e899ce378bc9d46f1,ESP32_GREENHOUSE_01,2026-04-24T10:18:22.027Z,15,31.35,31,31.7,31.5,56,56,56,56,84.7,113,81,CRYING,61.2,61,0,0,372.7,372,0,0,0,15,31.5,56,81,CRYING,0,0,372,61
69eb438c899ce378bc9d46f2,ESP32_GREENHOUSE_01,2026-04-24T10:18:52.037Z,15,31.39,31,31.9,31.7,56,56,56,56,100.3,150,76,CRYING,60.5,61,0,0,371,370,0,0,0,15,31.7,56,76,CRYING,0,0,370,61
69eb43aa899ce378bc9d46f3,ESP32_GREENHOUSE_01,2026-04-24T10:19:22.038Z,15,31.33,31,31.9,31,56,56,56,56,133.5,399,399,CRYING,59.3,50,0,0,369.3,369,0,0,0,15,31,56,399,CRYING,0,0,369,50
69eb43c8899ce378bc9d46f4,ESP32_GREENHOUSE_01,2026-04-24T10:19:52.050Z,14,31.4,31,31.9,31.9,56,56,56,56,111.6,233,117,CRYING,59.8,58,0,0,369.6,370,0,0,0,14,31.9,56,117,CRYING,0,0,370,58
69eb43e6899ce378bc9d46f5,ESP32_GREENHOUSE_01,2026-04-24T10:20:22.063Z,15,31.48,31,31.9,31.7,56,56,56,56,107.5,142,137,CRYING,59.9,58,0,0,369.5,369,0,0,0,15,31.7,56,137,CRYING,0,0,369,58
69eb4404899ce378bc9d46f6,ESP32_GREENHOUSE_01,2026-04-24T10:20:52.066Z,15,31.35,31,31.8,31.2,56,56,56,56,165.2,376,251,CRYING,58.1,55,0,0,368.6,368,0,0,0,15,31.2,56,251,CRYING,0,0,368,55
69eb4422899ce378bc9d46f7,ESP32_GREENHOUSE_01,2026-04-24T10:21:22.071Z,15,31.36,31,31.8,31,56,56,56,56,126.4,225,106,CRYING,59.5,61,0,0,365.8,365,0,0,0,15,31,56,106,CRYING,0,0,365,61
69eb4440899ce378bc9d46f8,ESP32_GREENHOUSE_01,2026-04-24T10:21:52.076Z,15,31.35,31,31.8,31.5,56,56,56,56,86.1,125,79,CRYING,61.1,61,0,0,364.3,363,0,0,0,15,31.5,56,79,CRYING,0,0,363,61
69eb445e899ce378bc9d46f9,ESP32_GREENHOUSE_01,2026-04-24T10:22:22.089Z,15,31.38,31.1,31.9,31.5,56,56,56,56,188,1023,192,CRYING,57.1,57,0,0,361.8,361,0,0,0,15,31.5,56,192,CRYING,0,0,361,57
69eb447c899ce378bc9d46fa,ESP32_GREENHOUSE_01,2026-04-24T10:22:52.096Z,15,31.49,31.1,31.9,31.8,56,56,56,56,90.4,218,88,CRYING,60.5,60,0,0,360.8,361,0,0,0,15,31.8,56,88,CRYING,0,0,361,60
69eb449a899ce378bc9d46fb,ESP32_GREENHOUSE_01,2026-04-24T10:23:22.102Z,15,31.48,31.1,31.9,31.3,56,56,56,56,139.4,250,196,CRYING,58.9,57,0,0,362.3,364,0,0,0,15,31.3,56,196,CRYING,0,0,364,57
69eb44b8899ce378bc9d46fc,ESP32_GREENHOUSE_01,2026-04-24T10:23:52.116Z,14,31.51,31,31.9,31.2,56,56,56,56,206,1023,144,CRYING,56,59,0,0,363.5,363,0,0,0,14,31.2,56,144,CRYING,0,0,363,59
69eb44d6899ce378bc9d46fd,ESP32_GREENHOUSE_01,2026-04-24T10:24:22.118Z,15,31.42,31,31.9,31.1,56,56,56,56,154.3,277,89,CRYING,58.3,62,0,0,361.1,351,0,0,0,15,31.1,56,89,CRYING,0,0,351,62
69eb44f4899ce378bc9d46fe,ESP32_GREENHOUSE_01,2026-04-24T10:24:52.132Z,15,31.45,31.1,31.9,31.5,56,56,56,56,162.1,510,70,CRYING,57.8,61,0,0,360.3,361,0,0,0,15,31.5,56,70,CRYING,0,0,361,61
69eb4512899ce378bc9d46ff,ESP32_GREENHOUSE_01,2026-04-24T10:25:22.143Z,15,31.47,31,31.8,31.7,56,56,56,56,72,101,73,CRYING,61.2,61,0,0,361.3,362,0,0,0,15,31.7,56,73,CRYING,0,0,362,61
69eb4530899ce378bc9d4700,ESP32_GREENHOUSE_01,2026-04-24T10:25:52.147Z,15,31.48,31.2,31.9,31.8,56,56,56,56,75.2,113,86,CRYING,61.1,60,0,0,363.5,364,0,0,0,15,31.8,56,86,CRYING,0,0,364,60
69eb454e899ce378bc9d4701,ESP32_GREENHOUSE_01,2026-04-24T10:26:22.154Z,14,31.53,31,31.9,31.9,56,56,56,56,77.3,99,99,CRYING,60.9,59,0,0,364.1,365,0,0,0,14,31.9,56,99,CRYING,0,0,365,59
69eb456c899ce378bc9d4702,ESP32_GREENHOUSE_01,2026-04-24T10:26:52.155Z,16,31.44,31,31.9,31,56,56,56,56,76.6,106,68,CRYING,61.3,63,0,0,366.5,368,0,0,0,16,31,56,68,CRYING,0,0,368,63
69eb458a899ce378bc9d4703,ESP32_GREENHOUSE_01,2026-04-24T10:27:22.163Z,14,31.46,31,31.9,31.8,56,56,56,56,79.1,109,81,CRYING,61.1,60,0,0,367.4,367,0,0,0,14,31.8,56,81,CRYING,0,0,367,60
69eb45a8899ce378bc9d4704,ESP32_GREENHOUSE_01,2026-04-24T10:27:52.178Z,14,31.46,31,31.9,31.5,56,56,56,56,76.1,91,58,CRYING,61.2,62,0,0,363.1,359,0,0,0,14,31.5,56,58,CRYING,0,0,359,62
69eb45c6899ce378bc9d4705,ESP32_GREENHOUSE_01,2026-04-24T10:28:22.177Z,15,31.43,31,31.8,31.6,56,56,56,56,70.9,101,55,CRYING,61.6,62,0,0,357.3,356,0,0,0,15,31.6,56,55,CRYING,0,0,356,62
69eb45e4899ce378bc9d470b,ESP32_GREENHOUSE_01,2026-04-24T10:28:52.193Z,16,31.44,31,31.9,31.8,56,56,56,56,71.3,83,71,Light Activity,61.4,60,0,0,356.3,356,0,0,0,0,31.8,56,71,Light Activity,0,0,356,60
69eb4602899ce378bc9d4713,ESP32_GREENHOUSE_01,2026-04-24T10:29:22.204Z,15,31.42,31,31.9,31.7,56,56,56,56,72.7,95,53,Restless,61.5,61,0,0,356.1,356,0,0,0,0,31.7,56,53,Quiet,0,0,356,61
69eb4620899ce378bc9d4719,ESP32_GREENHOUSE_01,2026-04-24T10:29:52.209Z,15,31.37,31.1,31.9,31.3,56,56,56,56,75.3,103,81,Light Activity,61.4,61,0,0,356.7,357,0,0,0,1,31.3,56,81,Restless,0,0,357,61
69eb463e899ce378bc9d4721,ESP32_GREENHOUSE_01,2026-04-24T10:30:22.219Z,15,31.42,31.2,31.9,31.4,56,56,56,56,89.5,197,66,CRYING,60.8,62,0,0,356.7,357,0,0,0,9,31.4,56,66,Light Activity,0,0,357,62
69eb465c899ce378bc9d472d,ESP32_GREENHOUSE_01,2026-04-24T10:30:52.222Z,15,31.47,31,31.9,31.1,56,56,56,56,145.7,474,388,CRYING,58.5,50,0,0,357.8,359,0,0,0,7,31.1,56,388,CRYING,0,0,359,50
69eb467a899ce378bc9d4731,ESP32_GREENHOUSE_01,2026-04-24T10:31:22.232Z,14,31.34,31,31.8,31.1,56,56,56,56,97.5,289,67,CRYING,60.6,63,0,0,357.4,356,0,0,0,10,31.1,56,67,Light Activity,0,0,356,63
69eb4698899ce378bc9d4739,ESP32_GREENHOUSE_01,2026-04-24T10:31:52.244Z,15,31.33,31,31.9,31,56,56,56,56,85,132,132,CRYING,61.1,60,0,0,353.1,350,0,0,0,6,31,56,132,CRYING,0,0,350,60
69eb46b6899ce378bc9d473a,ESP32_GREENHOUSE_01,2026-04-24T10:32:22.244Z,15,31.46,31.1,31.9,31.3,56,56,56,56,281.9,585,96,CRYING,53.1,61,0,0,346.8,346,0,0,0,15,31.3,56,96,CRYING,0,0,346,61
69eb46d4899ce378bc9d473b,ESP32_GREENHOUSE_01,2026-04-24T10:32:52.257Z,15,31.41,31.1,31.9,31.1,56,56,56,56,237.4,923,64,CRYING,55.1,63,0,0,341.7,343,0,0,0,15,31.1,56,64,CRYING,0,0,343,63
69eb46f2899ce378bc9d473c,ESP32_GREENHOUSE_01,2026-04-24T10:33:22.257Z,15,31.37,31,31.8,31.1,56.93,56,57,57,203.2,491,95,CRYING,55.9,61,0,0,339.8,345,0,0,0,15,31.1,57,95,CRYING,0,0,345,61
69eb4710899ce378bc9d473d,ESP32_GREENHOUSE_01,2026-04-24T10:33:52.264Z,15,31.57,31,31.9,31.1,57,57,57,57,219.6,458,141,CRYING,54.7,59,0,0,344.3,344,0,0,0,15,31.1,57,141,CRYING,0,0,344,59
69eb472e899ce378bc9d473e,ESP32_GREENHOUSE_01,2026-04-24T10:34:22.274Z,15,31.34,31,31.9,31.8,57,57,57,57,329.6,1023,234,CRYING,51,53,0,0,336.5,326,0,0,0,15,31.8,57,234,CRYING,0,0,326,53
69eb474c899ce378bc9d473f,ESP32_GREENHOUSE_01,2026-04-24T10:34:52.283Z,15,31.43,31,31.8,31.4,57,57,57,57,388.9,783,254,CRYING,48.5,54,0,0,336.9,340,0,0,0,15,31.4,57,254,CRYING,0,0,340,54
69eb476a899ce378bc9d4740,ESP32_GREENHOUSE_01,2026-04-24T10:35:22.284Z,14,31.33,31,31.9,31.4,57,57,57,57,219.6,621,179,CRYING,55.3,57,0,0,337.8,336,0,0,0,14,31.4,57,179,CRYING,0,0,336,57
69eb4788899ce378bc9d4741,ESP32_GREENHOUSE_01,2026-04-24T10:35:52.290Z,15,31.55,31.3,31.9,31.4,57,57,57,57,125.5,344,344,CRYING,58.4,50,0,0,336.3,336,0,0,0,15,31.4,57,344,CRYING,0,0,336,50
69eb47a6899ce378bc9d4742,ESP32_GREENHOUSE_01,2026-04-24T10:36:22.303Z,15,32.14,31.6,32.8,32,56.2,56,57,56,177.7,779,779,CRYING,55.1,32,0,0,335.9,335,0,0,0,15,32,56,779,CRYING,0,0,335,32
69eb47c4899ce378bc9d4743,ESP32_GREENHOUSE_01,2026-04-24T10:36:52.306Z,15,32.25,31.5,32.9,31.7,56.13,56,57,57,116.7,191,96,CRYING,57.5,59,0,0,334.7,334,0,0,0,15,31.7,57,96,CRYING,0,0,334,59
69eb47e2899ce378bc9d4744,ESP32_GREENHOUSE_01,2026-04-24T10:37:22.319Z,15,31.61,31,31.9,31.2,57,57,57,57,191.2,663,61,CRYING,55.7,62,0,0,334.1,334,0,0,0,15,31.2,57,61,CRYING,0,0,334,62
69eb4800899ce378bc9d4745,ESP32_GREENHOUSE_01,2026-04-24T10:37:52.321Z,15,31.49,31,31.8,31.3,57,57,57,57,334.2,1023,74,CRYING,50.5,61,0,0,329.6,330,0,0,0,15,31.3,57,74,CRYING,0,0,330,61
69eb481e899ce378bc9d4746,ESP32_GREENHOUSE_01,2026-04-24T10:38:22.327Z,15,31.51,31,31.9,31.2,57,57,57,57,238.1,1023,107,CRYING,54.1,60,0,0,328.4,327,0,0,0,15,31.2,57,107,CRYING,0,0,327,60
69eb483c899ce378bc9d4747,ESP32_GREENHOUSE_01,2026-04-24T10:38:52.329Z,14,31.39,31,31.9,31.9,57,57,57,57,297.6,806,119,CRYING,52.1,58,0,0,326,329,0,0,0,14,31.9,57,119,CRYING,0,0,329,58
69eb485a899ce378bc9d4748,ESP32_GREENHOUSE_01,2026-04-24T10:39:22.340Z,15,31.65,31.1,31.9,31.1,57,57,57,57,161.5,340,100,CRYING,56.6,61,0,0,324.1,328,0,0,0,15,31.1,57,100,CRYING,0,0,328,61
69eb4878899ce378bc9d4749,ESP32_GREENHOUSE_01,2026-04-24T10:39:52.351Z,15,31.45,31,31.9,31.4,57,57,57,57,271.7,631,142,CRYING,52.9,58,0,0,325.7,327,0,0,0,15,31.4,57,142,CRYING,0,0,327,58
69eb4896899ce378bc9d474a,ESP32_GREENHOUSE_01,2026-04-24T10:40:22.351Z,15,31.99,31.3,32.7,32.4,57.07,57,58,57,319,1023,1023,CRYING,49.3,21,0,0,326.3,316,0,0,0,15,32.4,57,1023,CRYING,0,0,316,21
69eb48b4899ce378bc9d474b,ESP32_GREENHOUSE_01,2026-04-24T10:40:52.366Z,15,32.34,32.1,32.7,32.7,57,57,57,57,305.2,636,171,CRYING,49.2,54,0,0,327.7,329,0,0,0,15,32.7,57,171,CRYING,0,0,329,54
69eb48d2899ce378bc9d474c,ESP32_GREENHOUSE_01,2026-04-24T10:41:22.374Z,15,32.35,32,32.8,32.2,57,57,57,57,280.9,819,584,CRYING,50.3,39,0,0,324.8,324,0,0,0,15,32.2,57,584,CRYING,0,0,324,39
69eb48f0899ce378bc9d474d,ESP32_GREENHOUSE_01,2026-04-24T10:41:52.377Z,15,32.33,32,32.9,32,57,57,57,57,295.1,733,383,CRYING,49.7,47,0,0,322.5,322,0,0,0,15,32,57,383,CRYING,0,0,322,47
69eb490e899ce378bc9d474e,ESP32_GREENHOUSE_01,2026-04-24T10:42:22.378Z,15,32.25,32,32.6,32.5,57,57,57,57,528.7,1023,446,CRYING,40.7,43,0,0,319.5,328,0,0,0,15,32.5,57,446,CRYING,0,0,328,43
69eb492c899ce378bc9d474f,ESP32_GREENHOUSE_01,2026-04-24T10:42:52.390Z,14,32.34,32,32.9,32.1,57,57,57,57,238,637,84,CRYING,51.9,58,0,0,324.8,326,0,0,0,14,32.1,57,84,CRYING,0,0,326,58
69eb494a899ce378bc9d4750,ESP32_GREENHOUSE_01,2026-04-24T10:43:22.398Z,15,32.33,32,32.7,32.2,57,57,57,57,271.1,793,793,CRYING,50.6,30,0,0,324.2,322,0,0,0,15,32.2,57,793,CRYING,0,0,322,30
69eb4968899ce378bc9d4751,ESP32_GREENHOUSE_01,2026-04-24T10:43:52.411Z,15,32.32,32,32.9,32.9,57,57,57,57,452.9,1023,317,CRYING,43.5,48,0,0,322.9,323,0,0,0,15,32.9,57,317,CRYING,0,0,323,48
69eb4986899ce378bc9d4752,ESP32_GREENHOUSE_01,2026-04-24T10:44:22.418Z,15,32.39,32,32.7,32.1,57,57,57,57,195.8,417,194,CRYING,53.5,54,0,0,323.1,323,0,0,0,15,32.1,57,194,CRYING,0,0,323,54
69eb49a4899ce378bc9d4753,ESP32_GREENHOUSE_01,2026-04-24T10:44:52.425Z,15,32.34,32.1,32.8,32.1,57,57,57,57,174.7,433,145,CRYING,54.3,56,0,0,322.6,322,0,0,0,15,32.1,57,145,CRYING,0,0,322,56
69eb49c2899ce378bc9d4754,ESP32_GREENHOUSE_01,2026-04-24T10:45:22.430Z,15,32.43,32.1,32.7,32.2,57,57,57,57,283.3,892,294,CRYING,49.9,50,0,0,321.9,321,0,0,0,15,32.2,57,294,CRYING,0,0,321,50
69eb49e0899ce378bc9d4755,ESP32_GREENHOUSE_01,2026-04-24T10:45:52.437Z,15,32.44,32.1,32.9,32.4,57,57,57,57,321.6,623,578,CRYING,48.6,38,0,0,320.7,321,0,0,0,15,32.4,57,578,CRYING,0,0,321,38
69eb49fe899ce378bc9d4756,ESP32_GREENHOUSE_01,2026-04-24T10:46:22.446Z,14,32.39,32,32.9,32.7,57,57,57,57,253.1,854,105,CRYING,51.5,57,0,0,320.2,320,0,0,0,14,32.7,57,105,CRYING,0,0,320,57
69eb4a1c899ce378bc9d4757,ESP32_GREENHOUSE_01,2026-04-24T10:46:52.455Z,15,32.6,32,32.9,32.8,57,57,57,57,244.9,711,91,CRYING,51.3,57,0,0,320.1,320,0,0,0,15,32.8,57,91,CRYING,0,0,320,57
69eb4a3a899ce378bc9d4758,ESP32_GREENHOUSE_01,2026-04-24T10:47:22.456Z,15,32.39,32.1,32.9,32.2,57,57,57,57,267.8,743,265,CRYING,50.6,51,0,0,320,320,0,0,0,15,32.2,57,265,CRYING,0,0,320,51
69eb4a58899ce378bc9d4759,ESP32_GREENHOUSE_01,2026-04-24T10:47:52.463Z,15,32.47,32.1,32.9,32.5,56.53,56,57,57,371.5,1023,126,CRYING,46.8,56,0,0,318.4,318,0,0,0,15,32.5,57,126,CRYING,0,0,318,56
69eb4a76899ce378bc9d475a,ESP32_GREENHOUSE_01,2026-04-24T10:48:22.475Z,15,32.37,32,32.9,32.4,56.07,56,57,56,249.1,979,74,CRYING,52.2,59,0,0,317.1,317,0,0,0,15,32.4,56,74,CRYING,0,0,317,59
69eb4a94899ce378bc9d475b,ESP32_GREENHOUSE_01,2026-04-24T10:48:52.490Z,15,32.35,32,32.8,32.5,56.07,56,57,56,133.9,359,81,CRYING,56.5,58,0,0,317.1,317,0,0,0,15,32.5,56,81,CRYING,0,0,317,58
69eb4ab2899ce378bc9d475c,ESP32_GREENHOUSE_01,2026-04-24T10:49:22.501Z,15,32.41,32,32.9,32.5,56.07,56,57,56,183.7,534,89,CRYING,54.5,58,0,0,316.5,316,0,0,0,15,32.5,56,89,CRYING,0,0,316,58
69eb4ad0899ce378bc9d475d,ESP32_GREENHOUSE_01,2026-04-24T10:49:52.507Z,15,32.33,32,32.9,32.7,56.47,56,57,56,278.9,1023,112,CRYING,50.7,57,0,0,316.6,317,0,0,0,15,32.7,56,112,CRYING,0,0,317,57
69eb4aee899ce378bc9d475e,ESP32_GREENHOUSE_01,2026-04-24T10:50:22.516Z,14,32.51,32,32.9,32,56.71,56,57,57,133.2,294,121,CRYING,55.9,57,0,0,317,317,0,0,0,14,32,57,121,CRYING,0,0,317,57
69eb4b0c899ce378bc9d475f,ESP32_GREENHOUSE_01,2026-04-24T10:50:52.525Z,15,32.31,32,32.7,32.5,56.33,56,57,56,152.7,574,179,CRYING,55.7,54,0,0,318.3,320,0,0,0,15,32.5,56,179,CRYING,0,0,320,54
69eb4b2a899ce378bc9d4760,ESP32_GREENHOUSE_01,2026-04-24T10:51:22.530Z,15,32.35,32,32.7,32.2,56.2,56,57,56,98.1,277,277,CRYING,57.7,51,0,0,318.5,318,0,0,0,15,32.2,56,277,CRYING,0,0,318,51
69eb4b48899ce378bc9d4761,ESP32_GREENHOUSE_01,2026-04-24T10:51:52.539Z,15,32.45,32.1,32.9,32.3,56.13,56,57,56,94.5,212,212,CRYING,57.7,54,0,0,318,318,0,0,0,15,32.3,56,212,CRYING,0,0,318,54
69eb4b66899ce378bc9d4762,ESP32_GREENHOUSE_01,2026-04-24T10:52:22.553Z,15,32.55,32,32.9,32.5,56,56,56,56,114.6,234,139,CRYING,56.9,56,0,0,317.9,317,0,0,0,15,32.5,56,139,CRYING,0,0,317,56
69eb4b84899ce378bc9d4763,ESP32_GREENHOUSE_01,2026-04-24T10:52:52.565Z,15,32.47,32.1,32.9,32.6,56,56,56,56,114.7,453,69,CRYING,57.1,59,0,0,316.9,317,0,0,0,15,32.6,56,69,CRYING,0,0,317,59
69eb4ba2899ce378bc9d4764,ESP32_GREENHOUSE_01,2026-04-24T10:53:22.568Z,15,32.5,32.2,32.7,32.6,56,56,56,56,219.1,468,117,CRYING,52.9,57,0,0,316.9,316,0,0,0,15,32.6,56,117,CRYING,0,0,316,57
69eb4bc0899ce378bc9d4765,ESP32_GREENHOUSE_01,2026-04-24T10:53:52.576Z,14,32.46,32.2,32.9,32.3,56,56,56,56,78.9,132,81,CRYING,58.5,59,0,0,317,317,0,0,0,14,32.3,56,81,CRYING,0,0,317,59
69eb4bde899ce378bc9d4766,ESP32_GREENHOUSE_01,2026-04-24T10:54:22.588Z,15,32.5,32.1,32.8,32.4,56,56,56,56,209.1,831,92,CRYING,53.3,58,0,0,316.9,317,0,0,0,15,32.4,56,92,CRYING,0,0,317,58
69eb4bfc899ce378bc9d4767,ESP32_GREENHOUSE_01,2026-04-24T10:54:52.594Z,15,32.43,32.1,32.8,32.4,56,56,56,56,136.3,606,98,CRYING,56.4,58,0,0,315.2,314,0,0,0,15,32.4,56,98,CRYING,0,0,314,58
69eb4c1a899ce378bc9d4768,ESP32_GREENHOUSE_01,2026-04-24T10:55:22.609Z,15,32.48,32.1,32.8,32.5,56,56,56,56,110.6,187,95,CRYING,57.3,58,0,0,313.5,313,0,0,0,15,32.5,56,95,CRYING,0,0,313,58
69eb4c38899ce378bc9d4769,ESP32_GREENHOUSE_01,2026-04-24T10:55:52.611Z,15,32.46,32.1,32.8,32.5,56,56,56,56,112.8,267,120,CRYING,57.1,57,0,0,311.1,310,0,0,0,15,32.5,56,120,CRYING,0,0,310,57
69eb4c56899ce378bc9d476a,ESP32_GREENHOUSE_01,2026-04-24T10:56:22.626Z,15,32.44,32,32.8,32.5,56,56,56,56,326.1,844,189,CRYING,48.8,54,0,0,308.5,308,0,0,0,15,32.5,56,189,CRYING,0,0,308,54
69eb4c74899ce378bc9d476b,ESP32_GREENHOUSE_01,2026-04-24T10:56:52.629Z,15,32.37,32.1,32.9,32.3,56,56,56,56,371,1023,294,CRYING,47.1,50,0,0,307.1,306,0,0,0,15,32.3,56,294,CRYING,0,0,306,50
69eb4c92899ce378bc9d476c,ESP32_GREENHOUSE_01,2026-04-24T10:57:22.631Z,15,32.48,32,32.7,32.7,56,56,56,56,141,349,103,CRYING,56,57,0,0,306,306,0,0,0,15,32.7,56,103,CRYING,0,0,306,57
69eb4cb0899ce378bc9d476d,ESP32_GREENHOUSE_01,2026-04-24T10:57:52.636Z,15,32.45,32.1,32.9,32.3,55.6,55,56,56,82.5,103,78,CRYING,58.7,59,0,0,305.2,305,0,0,0,15,32.3,56,78,CRYING,0,0,305,59
69eb4cce899ce378bc9d476e,ESP32_GREENHOUSE_01,2026-04-24T10:58:22.648Z,14,32.35,32.1,32.7,32.3,56,56,56,56,172,359,282,CRYING,54.9,51,0,0,304.1,304,0,0,0,14,32.3,56,282,CRYING,0,0,304,51
69eb4cec899ce378bc9d476f,ESP32_GREENHOUSE_01,2026-04-24T10:58:52.663Z,15,32.31,32.1,32.7,32.4,56,56,56,56,132.9,321,70,CRYING,56.6,59,0,0,304,304,0,0,0,15,32.4,56,70,CRYING,0,0,304,59
69eb4d0a899ce378bc9d4770,ESP32_GREENHOUSE_01,2026-04-24T10:59:22.665Z,15,32.39,32,32.9,32.3,56,56,56,56,70.1,83,61,CRYING,59,59,0,0,303.2,303,0,0,0,15,32.3,56,61,CRYING,0,0,303,59
69eb4d28899ce378bc9d4771,ESP32_GREENHOUSE_01,2026-04-24T10:59:52.668Z,15,32.35,32,32.8,32.8,56,56,56,56,79.1,113,76,CRYING,58.7,58,0,0,302.4,302,0,0,0,15,32.8,56,76,CRYING,0,0,302,58
69eb4d46899ce378bc9d4772,ESP32_GREENHOUSE_01,2026-04-24T11:00:22.671Z,15,32.47,32,32.9,32.6,56,56,56,56,100.1,274,76,CRYING,57.7,58,0,0,300.5,299,0,0,0,15,32.6,56,76,CRYING,0,0,299,58
69eb4d64899ce378bc9d4773,ESP32_GREENHOUSE_01,2026-04-24T11:00:52.679Z,15,32.47,32,32.9,32.6,55.67,55,56,55,155.6,313,120,CRYING,55.7,57,0,0,297.7,297,0,0,0,15,32.6,55,120,CRYING,0,0,297,57
69eb4d82899ce378bc9d4774,ESP32_GREENHOUSE_01,2026-04-24T11:01:22.689Z,15,32.45,32.3,32.8,32.4,55.67,55,56,55,270.5,1023,1023,CRYING,51.3,22,0,0,296.5,296,0,0,0,15,32.4,55,1023,CRYING,0,0,296,22
69eb4da0899ce378bc9d4775,ESP32_GREENHOUSE_01,2026-04-24T11:01:52.698Z,14,32.56,32.1,32.9,32.7,55.5,55,56,56,371.4,1023,112,CRYING,47.2,57,0,0,295.7,296,0,0,0,14,32.7,56,112,CRYING,0,0,296,57
69eb4dbe899ce378bc9d4776,ESP32_GREENHOUSE_01,2026-04-24T11:02:22.707Z,15,32.53,32.2,32.9,32.8,55.6,55,56,55,135.1,216,171,CRYING,56.4,55,0,0,295.5,295,0,0,0,15,32.8,55,171,CRYING,0,0,295,55
69eb4ddc899ce378bc9d4777,ESP32_GREENHOUSE_01,2026-04-24T11:02:52.723Z,15,32.45,32,32.9,32.1,55,55,55,55,120.5,162,69,CRYING,57.7,60,0,0,295,295,0,0,0,15,32.1,55,69,CRYING,0,0,295,60
69eb4dfa899ce378bc9d4778,ESP32_GREENHOUSE_01,2026-04-24T11:03:22.737Z,15,32.51,32.1,32.9,32.1,55,55,55,55,108.3,143,90,CRYING,58,59,0,0,294.3,294,0,0,0,15,32.1,55,90,CRYING,0,0,294,59
69eb4e18899ce378bc9d4779,ESP32_GREENHOUSE_01,2026-04-24T11:03:52.738Z,15,32.62,32.3,32.9,32.8,55,55,55,55,163.3,699,403,CRYING,55.5,46,0,0,293.9,293,0,0,0,15,32.8,55,403,CRYING,0,0,293,46
69eb4e36899ce378bc9d477a,ESP32_GREENHOUSE_01,2026-04-24T11:04:22.751Z,15,32.57,32.3,32.8,32.3,55,55,55,55,248.5,854,78,CRYING,52.3,59,0,0,292.5,292,0,0,0,15,32.3,55,78,CRYING,0,0,292,59
69eb4e54899ce378bc9d477b,ESP32_GREENHOUSE_01,2026-04-24T11:04:52.763Z,15,32.55,32.2,32.9,32.4,55,55,55,55,369.5,1023,96,CRYING,47.7,58,0,0,290.7,290,0,0,0,15,32.4,55,96,CRYING,0,0,290,58
69eb4e72899ce378bc9d477c,ESP32_GREENHOUSE_01,2026-04-24T11:05:22.775Z,15,32.47,32.1,32.9,32.7,55,55,55,55,168.8,638,65,CRYING,55.5,59,0,0,289.5,290,0,0,0,15,32.7,55,65,CRYING,0,0,290,59
69eb4e90899ce378bc9d477d,ESP32_GREENHOUSE_01,2026-04-24T11:05:52.780Z,14,32.39,32,32.8,32.1,55,55,55,55,71.1,135,80,CRYING,59.6,60,0,0,289.6,289,0,0,0,14,32.1,55,80,CRYING,0,0,289,60
69eb4eae899ce378bc9d477e,ESP32_GREENHOUSE_01,2026-04-24T11:06:22.785Z,15,32.38,32,32.9,32.6,55,55,55,55,77,146,55,CRYING,59.5,60,0,0,288.9,288,0,0,0,15,32.6,55,55,CRYING,0,0,288,60
69eb4ecc899ce378bc9d477f,ESP32_GREENHOUSE_01,2026-04-24T11:06:52.795Z,15,32.47,32.1,32.7,32.5,55,55,55,55,73.1,93,62,CRYING,59.2,59,0,0,288.1,288,0,0,0,15,32.5,55,62,CRYING,0,0,288,59
69eb4eea899ce378bc9d4780,ESP32_GREENHOUSE_01,2026-04-24T11:07:22.804Z,15,32.49,32,32.9,32.3,55,55,55,55,76.6,224,60,CRYING,59.3,60,0,0,287.5,287,0,0,0,15,32.3,55,60,CRYING,0,0,287,60
69eb4f08899ce378bc9d4781,ESP32_GREENHOUSE_01,2026-04-24T11:07:52.810Z,15,32.43,32,32.8,32.8,55,55,55,55,124.3,342,101,CRYING,57.4,58,0,0,286.9,287,0,0,0,15,32.8,55,101,CRYING,0,0,287,58
69eb4f26899ce378bc9d4782,ESP32_GREENHOUSE_01,2026-04-24T11:08:22.816Z,15,32.45,32,32.9,32,55,55,55,55,201.4,1023,91,CRYING,54.5,60,0,0,286.5,288,0,0,0,15,32,55,91,CRYING,0,0,288,60
69eb4f44899ce378bc9d4783,ESP32_GREENHOUSE_01,2026-04-24T11:08:52.823Z,15,32.38,32,32.9,32.6,55,55,55,55,144.1,406,65,CRYING,56.6,59,0,0,286.5,283,0,0,0,15,32.6,55,65,CRYING,0,0,283,59
69eb504fd60a2236063606ee,ESP32_GREENHOUSE_01,2026-04-24T11:13:19.439Z,14,32.48,32,32.9,32.5,55,55,55,55,258.5,1023,330,CRYING,52.1,49,0,0,276.6,287,0,0,0,12,32.5,55,330,CRYING,0,0,287,49
69eb506dd60a2236063606ef,ESP32_GREENHOUSE_01,2026-04-24T11:13:49.447Z,15,32.49,32,32.8,32.8,55.07,55,56,55,230.3,1023,86,CRYING,53.1,59,0,0,285,286,0,0,0,15,32.8,55,86,CRYING,0,0,286,59
69eb508bd60a2236063606f7,ESP32_GREENHOUSE_01,2026-04-24T11:14:19.452Z,15,32.46,32,32.8,32.6,55,55,55,55,125.9,203,120,CRYING,57.3,57,0,0,285.6,285,0,0,0,4,32.6,55,120,Light Activity,0,0,285,57
69eb50a9d60a223606360700,ESP32_GREENHOUSE_01,2026-04-24T11:14:49.465Z,14,32.34,32,32.8,32.2,55,55,55,55,128.9,206,72,Light Activity,57.4,60,0,0,284.9,284,0,0,0,2,32.2,55,72,Quiet,0,0,284,60
69eb50c7d60a223606360708,ESP32_GREENHOUSE_01,2026-04-24T11:15:19.476Z,15,32.43,32,32.9,32.9,55,55,55,55,160,366,134,CRYING,56.1,57,0,0,284.1,285,0,0,0,7,32.9,55,134,Light Activity,0,0,285,57
69eb50e5d60a223606360711,ESP32_GREENHOUSE_01,2026-04-24T11:15:49.486Z,15,32.35,32.1,32.6,32.6,55,55,55,55,142.3,349,84,Light Activity,56.8,59,0,0,285.4,286,0,0,0,3,32.6,55,84,Quiet,0,0,286,59
69eb5103d60a223606360718,ESP32_GREENHOUSE_01,2026-04-24T11:16:19.489Z,15,32.49,32,32.9,32.7,55,55,55,55,137.9,295,116,CRYING,56.8,57,0,0,286.1,286,0,0,0,9,32.7,55,116,Light Activity,0,0,286,57
69eb5121d60a22360636071f,ESP32_GREENHOUSE_01,2026-04-24T11:16:49.493Z,15,32.39,32,32.9,32.2,55,55,55,55,131.9,280,280,CRYING,57.3,52,0,0,286,286,0,0,0,7,32.2,55,280,Restless,0,0,286,52
69eb513fd60a223606360728,ESP32_GREENHOUSE_01,2026-04-24T11:17:19.504Z,15,32.35,32,32.9,32.3,55,55,55,55,87.8,142,67,Quiet,59.1,60,0,0,285.7,285,0,0,0,0,32.3,55,67,Quiet,0,0,285,60
69eb515dd60a22360636072f,ESP32_GREENHOUSE_01,2026-04-24T11:17:49.507Z,15,32.42,32,32.9,32,55,55,55,55,110.4,328,64,Quiet,57.9,61,0,0,284.7,284,0,0,0,3,32,55,64,Quiet,0,0,284,61
69eb517bd60a223606360738,ESP32_GREENHOUSE_01,2026-04-24T11:18:19.512Z,15,32.43,32.1,32.9,32.5,55.93,55,56,56,99.1,200,66,Quiet,57.8,59,0,0,284.3,284,0,0,0,6,32.5,56,66,Quiet,0,0,284,59
69eb5199d60a223606360744,ESP32_GREENHOUSE_01,2026-04-24T11:18:49.514Z,14,32.29,32,32.6,32,56,56,56,56,142.3,206,112,Restless,56.2,58,0,0,284.9,285,0,0,0,2,32,56,112,Light Activity,0,0,285,58
69eb51b7d60a223606360752,ESP32_GREENHOUSE_01,2026-04-24T11:19:19.520Z,15,32.29,32,32.9,32.3,56,56,56,56,143.8,290,84,Light Activity,56.4,59,0,0,285,285,0,0,0,3,32.3,56,84,Quiet,0,0,285,59
69eb51d5d60a22360636075a,ESP32_GREENHOUSE_01,2026-04-24T11:19:49.525Z,15,32.37,32.1,32.7,32.1,56,56,56,56,225.9,814,66,CRYING,52.8,60,0,0,285.1,285,0,0,0,7,32.1,56,66,CRYING,0,0,285,60
69eb51f3d60a223606360765,ESP32_GREENHOUSE_01,2026-04-24T11:20:19.525Z,15,32.31,32,32.9,32.9,56,56,56,56,126,379,379,Quiet,56.9,46,0,0,285,285,0,0,0,4,32.9,56,379,CRYING,0,0,285,46
69eb5211d60a22360636076e,ESP32_GREENHOUSE_01,2026-04-24T11:20:49.532Z,15,32.3,32.1,32.9,32.1,56,56,56,56,114.8,520,59,Quiet,57.5,60,0,0,284.5,284,0,0,0,3,32.1,56,59,Quiet,0,0,284,60
69eb522fd60a22360636077a,ESP32_GREENHOUSE_01,2026-04-24T11:21:19.547Z,15,32.29,32,32.9,32,56,56,56,56,136.1,340,102,Quiet,56.8,59,0,0,283.6,283,0,0,0,3,32,56,102,Light Activity,0,0,283,59
69eb524dd60a223606360785,ESP32_GREENHOUSE_01,2026-04-24T11:21:49.558Z,15,32.34,32,32.9,32.5,56,56,56,56,130.8,249,208,Quiet,56.7,53,0,0,282.4,282,0,0,0,1,32.5,56,208,Restless,0,0,282,53
69eb526bd60a223606360792,ESP32_GREENHOUSE_01,2026-04-24T11:22:19.571Z,15,32.23,32,32.6,32.1,56,56,56,56,112.2,174,83,Quiet,57.5,59,0,0,281.1,281,0,0,0,3,32.1,56,83,Quiet,0,0,281,59
69eb5289d60a223606360799,ESP32_GREENHOUSE_01,2026-04-24T11:22:49.570Z,14,32.39,32,32.9,32.1,56,56,56,56,151.6,866,82,Quiet,56,59,0,0,281,280,0,0,0,1,32.1,56,82,Quiet,0,0,280,59
69eb52a7d60a22360636079d,ESP32_GREENHOUSE_01,2026-04-24T11:23:19.570Z,15,32.33,32,32.8,32.5,56,56,56,56,355.2,897,92,CRYING,47.9,58,0,0,270.5,264,0,0,0,14,32.5,56,92,CRYING,0,0,264,58
69eb52c5d60a22360636079e,ESP32_GREENHOUSE_01,2026-04-24T11:23:49.579Z,15,32.3,32.1,32.9,32.4,56,56,56,56,296.7,1023,784,CRYING,50.4,31,0,0,277.3,289,0,0,0,15,32.4,56,784,CRYING,0,0,289,31
69eb52e3d60a22360636079f,ESP32_GREENHOUSE_01,2026-04-24T11:24:19.595Z,15,32.3,32,32.8,32.1,56,56,56,56,236.3,834,95,CRYING,52.6,59,0,0,286.5,285,0,0,0,15,32.1,56,95,CRYING,0,0,285,59
69eb5301d60a2236063607a0,ESP32_GREENHOUSE_01,2026-04-24T11:24:49.606Z,15,32.3,32,32.9,32.4,56,56,56,56,224.3,811,82,CRYING,53.1,58,0,0,284.3,285,0,0,0,15,32.4,56,82,CRYING,0,0,285,58
69eb531fd60a2236063607a2,ESP32_GREENHOUSE_01,2026-04-24T11:25:19.608Z,15,32.24,32,32.5,32,56,56,56,56,394.7,1023,911,CRYING,46.5,27,5,0,261.3,227,0,0,0,15,32,56,911,CRYING,1,0,227,27
69eb533dd60a2236063607a4,ESP32_GREENHOUSE_01,2026-04-24T11:25:49.609Z,15,32.35,32,32.9,32.3,56,56,56,56,188.3,562,156,CRYING,54.5,56,0,0,267,282,0,0,0,15,32.3,56,156,CRYING,0,0,282,56
69eb535bd60a2236063607a5,ESP32_GREENHOUSE_01,2026-04-24T11:26:19.611Z,14,32.25,32,32.9,32.2,56,56,56,56,79.6,102,95,CRYING,58.9,58,0,0,289.3,293,0,0,0,14,32.2,56,95,CRYING,0,0,293,58
69eb5379d60a2236063607aa,ESP32_GREENHOUSE_01,2026-04-24T11:26:49.618Z,15,32.35,32,32.9,32.5,56,56,56,56,143.1,899,77,Quiet,56.2,58,0,0,291.5,293,0,0,0,3,32.5,56,77,Quiet,0,0,293,58
69eb5397d60a2236063607af,ESP32_GREENHOUSE_01,2026-04-24T11:27:19.625Z,15,32.55,32,32.9,32,56,56,56,56,81.6,131,73,Quiet,58.5,60,0,0,292.1,292,0,0,0,0,32,56,73,Quiet,0,0,292,60
69eb53b5d60a2236063607b6,ESP32_GREENHOUSE_01,2026-04-24T11:27:49.635Z,15,32.36,32,32.9,32.7,56,56,56,56,79.3,109,69,Quiet,58.8,59,0,0,291.5,291,0,0,0,0,32.7,56,69,Quiet,0,0,291,59
69eb53d3d60a2236063607b7,ESP32_GREENHOUSE_01,2026-04-24T11:28:19.639Z,15,32.16,31,32.9,31.1,56,56,56,56,71.8,86,65,Quiet,59.7,63,0,0,289.6,289,0,0,0,0,31.1,56,65,Quiet,0,0,289,63
69eb53f1d60a2236063607b8,ESP32_GREENHOUSE_01,2026-04-24T11:28:49.641Z,15,31.35,31.1,31.9,31.4,56,56,56,56,68,96,67,Quiet,61.7,62,0,0,286.7,285,0,0,0,0,31.4,56,67,Quiet,0,0,285,62
69eb540fd60a2236063607ba,ESP32_GREENHOUSE_01,2026-04-24T11:29:19.646Z,15,31.45,31,31.9,31.2,56,56,56,56,80.8,151,151,Quiet,61,59,0,0,283.4,282,0,0,0,0,31.2,56,151,Restless,0,0,282,59
69eb542dd60a2236063607be,ESP32_GREENHOUSE_01,2026-04-24T11:29:49.653Z,15,31.4,31,31.7,31.6,56,56,56,56,84.3,115,71,Quiet,61,61,0,0,281.1,280,0,0,0,0,31.6,56,71,Quiet,0,0,280,61
69eb544bd60a2236063607c1,ESP32_GREENHOUSE_01,2026-04-24T11:30:19.653Z,14,31.38,31,31.9,31.9,56,56,56,56,83.1,110,87,Quiet,61.4,60,0,0,279.3,278,0,0,0,0,31.9,56,87,Quiet,0,0,278,60
69eb5469d60a2236063607c8,ESP32_GREENHOUSE_01,2026-04-24T11:30:49.654Z,15,31.39,31,31.8,31.3,56,56,56,56,88.1,118,76,Quiet,61,62,0,0,277.6,277,0,0,0,0,31.3,56,76,Quiet,0,0,277,62
69eb5487d60a2236063607c9,ESP32_GREENHOUSE_01,2026-04-24T11:31:19.655Z,15,31.37,31,31.8,31.2,56,56,56,56,77.1,92,78,Quiet,61.4,62,0,0,275.4,274,0,0,0,0,31.2,56,78,Quiet,0,0,274,62
69eb54a5d60a2236063607ce,ESP32_GREENHOUSE_01,2026-04-24T11:31:49.669Z,15,31.42,31,31.9,31.5,56,56,56,56,85.1,155,74,Quiet,60.9,61,0,0,273.2,270,0,0,0,2,31.5,56,74,CRYING,0,0,270,61
69eb54c3d60a2236063607d9,ESP32_GREENHOUSE_01,2026-04-24T11:32:19.676Z,15,31.45,31.1,31.9,31.8,56,56,56,56,159.7,1023,84,Quiet,58,60,0,0,270.7,270,0,0,0,2,31.8,56,84,Quiet,0,0,270,60
69eb54e1d60a2236063607e0,ESP32_GREENHOUSE_01,2026-04-24T11:32:49.682Z,15,31.51,31,31.9,31.7,56,56,56,56,84,110,69,Quiet,60.8,61,0,0,269.3,268,0,0,0,0,31.7,56,69,Quiet,0,0,268,61
69eb54ffd60a2236063607e1,ESP32_GREENHOUSE_01,2026-04-24T11:33:19.692Z,15,31.38,31.1,31.7,31.3,56,56,56,56,73.7,102,59,Quiet,61.5,62,0,0,267.6,267,0,0,0,0,31.3,56,59,Quiet,0,0,267,62
69eb551dd60a2236063607e2,ESP32_GREENHOUSE_01,2026-04-24T11:33:49.694Z,14,31.37,31,31.9,31.2,56,56,56,56,75.9,95,88,Quiet,61.4,61,0,0,265.9,265,0,0,0,0,31.2,56,88,Quiet,0,0,265,61
69eb553bd60a2236063607e7,ESP32_GREENHOUSE_01,2026-04-24T11:34:19.709Z,15,31.53,31,31.9,31.8,56,56,56,56,81.7,108,85,Quiet,60.8,60,0,0,264.3,264,0,0,0,0,31.8,56,85,Quiet,0,0,264,60
69eb5559d60a2236063607e8,ESP32_GREENHOUSE_01,2026-04-24T11:34:49.724Z,15,31.42,31.1,31.8,31.4,56,56,56,56,70.4,102,63,Quiet,61.6,62,0,0,262.7,262,0,0,0,0,31.4,56,63,Quiet,0,0,262,62
69eb5577d60a2236063607e9,ESP32_GREENHOUSE_01,2026-04-24T11:35:19.727Z,15,31.48,31,31.9,31.2,56,56,56,56,77.9,99,98,Quiet,61,61,0,0,261.6,261,0,0,0,0,31.2,56,98,Quiet,0,0,261,61
69eb5595d60a2236063607ea,ESP32_GREENHOUSE_01,2026-04-24T11:35:49.732Z,15,31.51,31,31.9,31.8,56,56,56,56,76.6,96,96,Quiet,61.1,59,0,0,260.5,260,0,0,0,0,31.8,56,96,Quiet,0,0,260,59
69eb55b3d60a2236063607f2,ESP32_GREENHOUSE_01,2026-04-24T11:36:19.746Z,15,31.47,31.1,31.9,31.3,56,56,56,56,117.2,202,202,Quiet,59.5,57,0,0,259.7,259,0,0,0,5,31.3,56,202,CRYING,0,0,259,57
69eb55d1d60a2236063607f7,ESP32_GREENHOUSE_01,2026-04-24T11:36:49.749Z,15,31.51,31.2,31.9,31.5,56,56,56,56,93.6,182,71,Quiet,60.3,61,0,0,259,259,0,0,0,2,31.5,56,71,Quiet,0,0,259,61
69eb55efd60a2236063607fc,ESP32_GREENHOUSE_01,2026-04-24T11:37:19.751Z,15,31.49,31,31.9,31.7,56,56,56,56,81.7,111,79,Quiet,60.8,60,0,0,258.8,258,0,0,0,0,31.7,56,79,Quiet,0,0,258,60
69eb560dd60a2236063607ff,ESP32_GREENHOUSE_01,2026-04-24T11:37:49.756Z,14,31.46,31,31.7,31.6,56,56,56,56,84.9,113,87,Quiet,60.8,60,0,0,258.1,259,0,0,0,0,31.6,56,87,Quiet,0,0,259,60
69eb562bd60a223606360802,ESP32_GREENHOUSE_01,2026-04-24T11:38:19.758Z,15,31.43,31,31.9,31,56,56,56,56,78.1,105,78,Quiet,61.1,62,0,0,258.7,258,0,0,0,0,31,56,78,Quiet,0,0,258,62
69eb5649d60a223606360803,ESP32_GREENHOUSE_01,2026-04-24T11:38:49.759Z,15,31.51,31.1,31.9,31.3,56,56,56,56,78.2,100,73,Quiet,61.1,62,0,0,258.4,256,0,0,0,0,31.3,56,73,Quiet,0,0,256,62
69eb5667d60a223606360804,ESP32_GREENHOUSE_01,2026-04-24T11:39:19.766Z,15,31.43,31.1,31.9,31.1,56,56,56,56,70.4,86,72,Quiet,61.5,62,0,0,258.2,258,0,0,0,0,31.1,56,72,Quiet,0,0,258,62
69eb5685d60a223606360809,ESP32_GREENHOUSE_01,2026-04-24T11:39:49.781Z,15,31.35,31,31.9,31.6,56,56,56,56,107.1,319,66,Quiet,60.3,61,0,0,254.9,259,0,0,0,2,31.6,56,66,Quiet,0,0,259,61
69eb56a3d60a22360636080c,ESP32_GREENHOUSE_01,2026-04-24T11:40:19.785Z,15,31.49,31,31.9,31.4,56,56,56,56,79.7,128,80,Quiet,60.9,61,0,0,259,259,0,0,0,0,31.4,56,80,Quiet,0,0,259,61
69eb56c1d60a22360636080d,ESP32_GREENHOUSE_01,2026-04-24T11:40:49.801Z,15,31.43,31.1,31.8,31.7,56,56,56,56,73.5,101,68,Quiet,61.4,61,0,0,258.9,258,0,0,0,0,31.7,56,68,Quiet,0,0,258,61
69eb56dfd60a22360636080e,ESP32_GREENHOUSE_01,2026-04-24T11:41:19.805Z,15,31.4,31,31.8,31.2,56,56,56,56,71.2,98,80,Quiet,61.6,62,0,0,257.9,254,0,0,0,0,31.2,56,80,Quiet,0,0,254,62
69eb56fdd60a223606360812,ESP32_GREENHOUSE_01,2026-04-24T11:41:49.806Z,14,31.37,31,31.8,31.2,56,56,56,56,85.4,114,87,Quiet,61.2,61,0,0,242.9,243,0,0,0,1,31.2,56,87,Quiet,0,0,243,61
69eb571bd60a223606360816,ESP32_GREENHOUSE_01,2026-04-24T11:42:19.806Z,15,31.45,31,31.8,31.6,56,56,56,56,176.6,891,891,Quiet,57.3,29,0,0,241.3,240,0,0,0,2,31.6,56,891,CRYING,0,0,240,29
69eb5739d60a22360636081b,ESP32_GREENHOUSE_01,2026-04-24T11:42:49.813Z,15,31.51,31,31.9,31.2,56,56,56,56,247.9,524,135,CRYING,54.4,60,0,0,238.9,238,0,0,0,13,31.2,56,135,CRYING,0,0,238,60
69eb5757d60a223606360825,ESP32_GREENHOUSE_01,2026-04-24T11:43:19.813Z,15,31.41,31,31.9,31.3,56,56,56,56,205,619,154,CRYING,56.3,59,0,0,237.5,238,0,0,0,7,31.3,56,154,Restless,0,0,238,59
69eb5775d60a223606360833,ESP32_GREENHOUSE_01,2026-04-24T11:43:49.820Z,15,31.46,31,31.9,31.9,56,56,56,56,122.1,164,97,Light Activity,59.4,59,0,0,236.9,236,0,0,0,0,31.9,56,97,Quiet,0,0,236,59
69eb5793d60a22360636083c,ESP32_GREENHOUSE_01,2026-04-24T11:44:19.820Z,15,31.6,31,31.9,31.5,56,56,56,56,115.5,198,177,Light Activity,59.2,57,0,0,235.5,235,0,0,0,0,31.5,56,177,Restless,0,0,235,57
69eb57b1d60a22360636084a,ESP32_GREENHOUSE_01,2026-04-24T11:44:49.820Z,15,31.27,31,31.6,31.1,56,56,56,56,107.6,188,104,Quiet,60.4,61,0,0,234.3,234,0,0,0,2,31.1,56,104,Light Activity,0,0,234,61
69eb57cfd60a223606360855,ESP32_GREENHOUSE_01,2026-04-24T11:45:19.827Z,14,31.44,31,31.8,31.4,55.57,55,56,55,111.8,157,125,Quiet,60,60,0,0,233.1,232,0,0,0,1,31.4,55,125,Light Activity,0,0,232,60
69eb57edd60a22360636085e,ESP32_GREENHOUSE_01,2026-04-24T11:45:49.827Z,15,31.48,31,31.8,31.2,55.33,55,56,56,139.1,200,170,CRYING,59.1,58,0,0,232.1,231,0,0,0,8,31.2,56,170,Restless,0,0,231,58
69eb580bd60a223606360868,ESP32_GREENHOUSE_01,2026-04-24T11:46:19.826Z,15,31.38,31,31.9,31.9,55.53,55,56,55,116.5,174,83,Light Activity,60.1,60,0,0,230.6,230,0,0,0,0,31.9,55,83,Quiet,0,0,230,60
69eb5829d60a223606360871,ESP32_GREENHOUSE_01,2026-04-24T11:46:49.826Z,15,31.49,31,31.9,31.6,55.6,55,56,55,126.1,221,81,Quiet,59.4,61,0,0,229.2,229,0,0,0,4,31.6,55,81,Quiet,0,0,229,61
69eb5847d60a22360636087f,ESP32_GREENHOUSE_01,2026-04-24T11:47:19.830Z,15,31.47,31,31.9,31,55.8,55,56,56,175.4,505,251,CRYING,57.5,56,0,0,232.5,237,0,0,0,6,31,56,251,CRYING,0,0,237,56
69eb5865d60a223606360886,ESP32_GREENHOUSE_01,2026-04-24T11:47:49.841Z,15,31.4,31,31.9,31.6,56,56,56,56,314.5,1008,141,CRYING,51.8,58,0,0,229.8,224,0,0,0,11,31.6,56,141,Restless,0,0,224,58
69eb5883d60a22360636088a,ESP32_GREENHOUSE_01,2026-04-24T11:48:19.851Z,15,31.4,31.1,31.9,31.9,56,56,56,56,531.2,1023,780,CRYING,43.5,32,0,0,221.9,228,0,0,0,14,31.9,56,780,CRYING,0,0,228,32
69eb58a1d60a22360636088b,ESP32_GREENHOUSE_01,2026-04-24T11:48:49.851Z,15,31.6,31.1,31.9,31.9,56,56,56,56,435.5,1023,378,CRYING,46.7,48,0,0,232.7,233,0,0,0,15,31.9,56,378,CRYING,0,0,233,48
69eb58bfd60a22360636088c,ESP32_GREENHOUSE_01,2026-04-24T11:49:19.848Z,14,31.5,31,31.9,31.6,56,56,56,56,412.1,746,549,CRYING,48,42,0,0,232.4,232,0,0,0,14,31.6,56,549,CRYING,0,0,232,42
69eb58ddd60a22360636088d,ESP32_GREENHOUSE_01,2026-04-24T11:49:49.848Z,15,31.51,31,31.9,31.6,56,56,56,56,381.7,727,523,CRYING,49.1,43,0,0,231.8,231,0,0,0,15,31.6,56,523,CRYING,0,0,231,43
69eb58fbd60a22360636088e,ESP32_GREENHOUSE_01,2026-04-24T11:50:19.852Z,15,31.51,31,31.9,31,56.2,56,57,57,199.7,349,150,CRYING,56.1,59,0,0,230.6,230,0,0,0,15,31,57,150,CRYING,0,0,230,59
69eb5919d60a22360636088f,ESP32_GREENHOUSE_01,2026-04-24T11:50:49.854Z,15,31.51,31,31.9,31.1,56.73,56,57,57,384.4,1023,1023,CRYING,48.6,25,0,0,229.3,228,0,0,0,15,31.1,57,1023,CRYING,0,0,228,25
69eb5937d60a223606360890,ESP32_GREENHOUSE_01,2026-04-24T11:51:19.862Z,15,31.4,31,31.9,31.6,56.73,56,57,57,444.2,1023,232,CRYING,46.4,54,0,0,227.7,227,0,0,0,15,31.6,57,232,CRYING,0,0,227,54
69eb5955d60a223606360891,ESP32_GREENHOUSE_01,2026-04-24T11:51:49.861Z,15,31.42,31,31.9,31,56.87,56,57,57,387.2,1023,163,CRYING,48.7,58,0,0,226.2,227,0,0,0,15,31,57,163,CRYING,0,0,227,58
69eb5973d60a223606360892,ESP32_GREENHOUSE_01,2026-04-24T11:52:19.861Z,15,31.48,31,31.9,31.5,57,57,57,57,352,1023,236,CRYING,49.7,54,0,0,228.1,228,0,0,0,15,31.5,57,236,CRYING,0,0,228,54
69eb5991d60a223606360893,ESP32_GREENHOUSE_01,2026-04-24T11:52:49.862Z,14,31.41,31,31.8,31.5,57,57,57,57,211.1,658,301,CRYING,55.4,52,0,0,226.3,222,0,0,0,14,31.5,57,301,CRYING,0,0,222,52
69eb59afd60a223606360894,ESP32_GREENHOUSE_01,2026-04-24T11:53:19.873Z,15,31.51,31,31.9,31.6,57,57,57,57,187.7,529,87,CRYING,56.1,60,0,0,224.7,224,0,0,0,15,31.6,57,87,CRYING,0,0,224,60
69eb59cdd60a223606360895,ESP32_GREENHOUSE_01,2026-04-24T11:53:49.874Z,15,31.45,31,31.9,31.5,56.73,56,57,56,303.6,1023,355,CRYING,51.9,50,0,0,224.7,224,0,0,0,15,31.5,56,355,CRYING,0,0,224,50
69eb59ebd60a223606360896,ESP32_GREENHOUSE_01,2026-04-24T11:54:19.878Z,15,31.52,31.1,31.9,31.2,56.13,56,57,56,214.5,710,121,CRYING,55.5,60,0,0,228.7,229,0,0,0,15,31.2,56,121,CRYING,0,0,229,60
69eb5a09d60a223606360899,ESP32_GREENHOUSE_01,2026-04-24T11:54:49.878Z,15,31.39,31,31.9,31.3,56.33,56,57,57,163.5,421,421,CRYING,57.7,48,4,0,221.3,228,0,0,0,15,31.3,57,421,CRYING,0,0,228,48
69eb5a27d60a22360636089a,ESP32_GREENHOUSE_01,2026-04-24T11:55:19.873Z,15,31.29,31,31.8,31.8,56.47,56,57,57,200,391,217,CRYING,56.5,54,0,0,227.1,228,0,0,0,15,31.8,57,217,CRYING,0,0,228,54
69eb5a45d60a22360636089b,ESP32_GREENHOUSE_01,2026-04-24T11:55:49.873Z,15,31.31,31,31.9,31.5,56.27,56,57,56,202.3,379,270,CRYING,56.6,53,0,0,225.2,228,0,0,0,15,31.5,56,270,CRYING,0,0,228,53
69eb5a63d60a22360636089c,ESP32_GREENHOUSE_01,2026-04-24T11:56:19.874Z,14,31.46,31,31.9,31,56.43,56,57,56,190.1,543,95,CRYING,56.4,62,0,0,227.1,227,0,0,0,14,31,56,95,CRYING,0,0,227,62
69eb5a81d60a22360636089d,ESP32_GREENHOUSE_01,2026-04-24T11:56:49.880Z,15,31.5,31,31.9,31.3,56,56,56,56,133.1,350,94,CRYING,58.9,61,0,0,225.6,226,0,0,0,15,31.3,56,94,CRYING,0,0,226,61
69eb5a9fd60a22360636089e,ESP32_GREENHOUSE_01,2026-04-24T11:57:19.893Z,15,31.49,31,31.9,31.5,56,56,56,56,168.4,382,253,CRYING,57.3,54,0,0,222.6,224,0,0,0,15,31.5,56,253,CRYING,0,0,224,54
69eb5abdd60a22360636089f,ESP32_GREENHOUSE_01,2026-04-24T11:57:49.899Z,15,31.43,31,31.8,31.1,56,56,56,56,206.1,479,101,CRYING,56.1,61,0,0,222.9,219,0,0,0,15,31.1,56,101,CRYING,0,0,219,61
69eb5adbd60a2236063608a1,ESP32_GREENHOUSE_01,2026-04-24T11:58:19.899Z,15,31.43,31,31.9,31.5,56,56,56,56,247.5,577,262,CRYING,54.6,54,2,0,212.2,186,0,0,0,15,31.5,56,262,CRYING,1,0,186,54
69eb5af9d60a2236063608a3,ESP32_GREENHOUSE_01,2026-04-24T11:58:49.899Z,15,31.51,31,31.9,31.2,56,56,56,56,117.7,232,84,CRYING,59.3,62,3,0,218.5,218,0,0,0,15,31.2,56,84,CRYING,0,0,218,62
69eb5b17d60a2236063608a4,ESP32_GREENHOUSE_01,2026-04-24T11:59:19.899Z,15,31.51,31,31.9,31.6,56,56,56,56,207.3,481,191,CRYING,56,56,0,0,218.3,217,0,0,0,15,31.6,56,191,CRYING,0,0,217,56
69eb5b35d60a2236063608a5,ESP32_GREENHOUSE_01,2026-04-24T11:59:49.899Z,15,31.55,31.2,31.9,31.7,56.13,56,57,56,289.7,732,77,CRYING,52.5,60,0,0,208.9,190,0,0,0,15,31.7,56,77,CRYING,0,0,190,60
69eb5b53d60a2236063608a6,ESP32_GREENHOUSE_01,2026-04-24T12:00:19.902Z,14,31.41,31,31.9,31.7,56.5,56,57,57,311,888,888,CRYING,51.9,28,0,0,194.6,174,0,0,0,14,31.7,57,888,CRYING,0,0,174,28
69eb5b71d60a2236063608a7,ESP32_GREENHOUSE_01,2026-04-24T12:00:49.902Z,15,31.45,31,31.9,31.4,57,57,57,57,404.5,1023,164,CRYING,47.6,57,0,0,200.3,217,0,0,0,15,31.4,57,164,CRYING,0,0,217,57
69eb5b8fd60a2236063608a8,ESP32_GREENHOUSE_01,2026-04-24T12:01:19.909Z,15,31.37,31,31.9,31.2,57,57,57,57,232.7,361,313,CRYING,54.7,52,0,0,214.7,216,0,0,0,15,31.2,57,313,CRYING,0,0,216,52
69eb5badd60a2236063608a9,ESP32_GREENHOUSE_01,2026-04-24T12:01:49.910Z,15,31.49,31,31.9,31.1,57,57,57,57,188.5,282,126,CRYING,56,60,0,0,214.3,215,0,0,0,15,31.1,57,126,CRYING,0,0,215,60
69eb5bcbd60a2236063608aa,ESP32_GREENHOUSE_01,2026-04-24T12:02:19.909Z,15,31.54,31.1,31.9,31.5,57,57,57,57,157.5,375,194,CRYING,57.2,56,0,0,213.9,213,0,0,0,15,31.5,57,194,CRYING,0,0,213,56
69eb5be9d60a2236063608ab,ESP32_GREENHOUSE_01,2026-04-24T12:02:49.913Z,15,31.51,31.1,31.9,31.5,57,57,57,57,154.3,314,151,CRYING,57.3,58,0,0,212.3,210,0,0,0,15,31.5,57,151,CRYING,0,0,210,58
69eb5c07d60a2236063608ac,ESP32_GREENHOUSE_01,2026-04-24T12:03:19.915Z,15,31.45,31,31.9,31.1,57,57,57,57,234.3,619,176,CRYING,54.5,58,0,0,206.7,206,0,0,0,15,31.1,57,176,CRYING,0,0,206,58
69eb5c25d60a2236063608ad,ESP32_GREENHOUSE_01,2026-04-24T12:03:49.915Z,14,31.41,31,31.9,31,57,57,57,57,191.4,722,105,CRYING,56.3,61,0,0,205.4,205,0,0,0,14,31,57,105,CRYING,0,0,205,61
69eb5c43d60a2236063608ae,ESP32_GREENHOUSE_01,2026-04-24T12:04:19.916Z,15,31.43,31,31.9,31.1,57,57,57,57,175.5,530,116,CRYING,56.7,60,0,0,202.8,202,0,0,0,15,31.1,57,116,CRYING,0,0,202,60
69eb5c61d60a2236063608af,ESP32_GREENHOUSE_01,2026-04-24T12:04:49.922Z,15,31.45,31,31.9,31.1,57,57,57,57,270.2,560,280,CRYING,53,54,0,0,200.5,201,0,0,0,15,31.1,57,280,CRYING,0,0,201,54
69eb5c7fd60a2236063608b0,ESP32_GREENHOUSE_01,2026-04-24T12:05:19.923Z,15,31.45,31,31.9,31,57,57,57,57,359.6,929,191,CRYING,49.5,57,0,0,199.6,200,0,0,0,15,31,57,191,CRYING,0,0,200,57
69eb5c9dd60a2236063608b1,ESP32_GREENHOUSE_01,2026-04-24T12:05:49.923Z,15,31.41,31,31.8,31.3,57,57,57,57,477.2,1016,442,CRYING,45,47,0,0,198.1,197,0,0,0,15,31.3,57,442,CRYING,0,0,197,47
69eb5cbbd60a2236063608b2,ESP32_GREENHOUSE_01,2026-04-24T12:06:19.924Z,15,31.47,31,31.9,31.8,57,57,57,57,429.9,1020,145,CRYING,46.7,57,0,0,193.5,197,0,0,0,15,31.8,57,145,CRYING,0,0,197,57
69eb5cd9d60a2236063608b3,ESP32_GREENHOUSE_01,2026-04-24T12:06:49.925Z,15,31.41,31,31.9,31.2,57,57,57,57,601.1,1023,136,CRYING,40.3,59,0,0,193.2,191,0,0,0,15,31.2,57,136,CRYING,0,0,191,59
69eb5cf7d60a2236063608b4,ESP32_GREENHOUSE_01,2026-04-24T12:07:19.925Z,15,31.31,31,31.8,31.3,57.2,57,58,57,667.6,1023,607,CRYING,37.8,40,0,0,189.9,191,0,0,0,15,31.3,57,607,CRYING,0,0,191,40
69eb5d15d60a2236063608b6,ESP32_GREENHOUSE_01,2026-04-24T12:07:49.926Z,14,31.28,31,31.8,31.3,57.57,57,58,58,658.9,1023,417,CRYING,37.9,47,8,0,149.3,108,0,0,0,14,31.3,58,417,CRYING,1,0,108,47
69eb5d33d60a2236063608b8,ESP32_GREENHOUSE_01,2026-04-24T12:08:19.928Z,15,31.39,31,31.9,31.4,58.07,58,59,58,317.4,804,127,CRYING,50.6,58,12,0,159.1,166,0,0,0,15,31.4,58,127,CRYING,0,0,166,58
69eb5d51d60a2236063608bb,ESP32_GREENHOUSE_01,2026-04-24T12:08:49.935Z,15,31.38,31,31.9,31.5,58,58,58,58,431,1023,101,CRYING,46.1,59,8,0,161.8,177,0,0,0,15,31.5,58,101,CRYING,0,0,177,59
69eb5d6fd60a2236063608bc,ESP32_GREENHOUSE_01,2026-04-24T12:09:19.935Z,15,31.65,31,31.9,31.8,57.13,57,58,57,358.7,1023,352,CRYING,48.9,49,0,0,175.9,177,0,0,0,15,31.8,57,352,CRYING,0,0,177,49
69eb5d8dd60a2236063608bd,ESP32_GREENHOUSE_01,2026-04-24T12:09:49.941Z,15,31.38,31,31.8,31.1,57,57,57,57,398.9,1023,245,CRYING,48.3,55,0,0,180.7,180,0,0,0,15,31.1,57,245,CRYING,0,0,180,55
69eb5dabd60a2236063608be,ESP32_GREENHOUSE_01,2026-04-24T12:10:19.952Z,15,31.49,31,31.9,31,57,57,57,57,466.7,1023,193,CRYING,45.3,57,0,0,177.9,181,0,0,0,15,31,57,193,CRYING,0,0,181,57
69eb5dc9d60a2236063608bf,ESP32_GREENHOUSE_01,2026-04-24T12:10:49.959Z,15,31.37,31,31.8,31.3,57,57,57,57,444.5,1023,458,CRYING,46.4,46,0,0,178.1,181,0,0,0,15,31.3,57,458,CRYING,0,0,181,46
69eb5de7d60a2236063608c0,ESP32_GREENHOUSE_01,2026-04-24T12:11:19.959Z,14,31.48,31,31.9,31.8,57,57,57,57,499.8,1023,347,CRYING,44,49,0,0,177.6,178,0,0,0,14,31.8,57,347,CRYING,0,0,178,49
69eb5e05d60a2236063608c1,ESP32_GREENHOUSE_01,2026-04-24T12:11:49.959Z,15,31.38,31,31.9,31.2,57.53,57,58,57,493.8,1023,720,CRYING,44.1,36,0,0,177.3,176,0,0,0,15,31.2,57,720,CRYING,0,0,176,36
69eb5e23d60a2236063608c2,ESP32_GREENHOUSE_01,2026-04-24T12:12:19.956Z,15,31.48,31,31.9,31,57.33,57,58,58,358.9,929,324,CRYING,49.4,52,0,0,172.9,179,0,0,0,15,31,58,324,CRYING,0,0,179,52
69eb5e41d60a2236063608c3,ESP32_GREENHOUSE_01,2026-04-24T12:12:49.955Z,15,31.5,31,31.9,31.2,57.13,57,58,57,345.2,874,874,CRYING,49.7,30,0,0,179.1,177,0,0,0,15,31.2,57,874,CRYING,0,0,177,30
69eb5e5fd60a2236063608c4,ESP32_GREENHOUSE_01,2026-04-24T12:13:19.970Z,15,31.3,31,31.8,31.2,57,57,57,57,326.9,549,398,CRYING,51.2,49,0,0,177.9,178,0,0,0,15,31.2,57,398,CRYING,0,0,178,49
69eb5e7dd60a2236063608c5,ESP32_GREENHOUSE_01,2026-04-24T12:13:49.970Z,15,31.37,31,31.8,31,57,57,57,57,452.1,1023,237,CRYING,46.1,56,0,0,176.9,177,0,0,0,15,31,57,237,CRYING,0,0,177,56
69eb5e9bd60a2236063608c6,ESP32_GREENHOUSE_01,2026-04-24T12:14:19.977Z,15,31.54,31,31.9,31.7,57,57,57,57,330.3,746,76,CRYING,50.3,60,0,0,175.3,170,0,0,0,15,31.7,57,76,CRYING,0,0,170,60
69eb5eb9d60a2236063608c7,ESP32_GREENHOUSE_01,2026-04-24T12:14:49.984Z,15,31.53,31,31.9,31.2,57,57,57,57,584.2,1023,910,CRYING,40.5,29,0,0,163.2,163,0,0,0,15,31.2,57,910,CRYING,0,0,163,29
69eb5ed7d60a2236063608c8,ESP32_GREENHOUSE_01,2026-04-24T12:15:19.994Z,14,31.46,31,31.9,31.9,57,57,57,57,456.1,1023,418,CRYING,45.7,46,0,0,164.1,164,0,0,0,14,31.9,57,418,CRYING,0,0,164,46
69eb5ef5d60a2236063608c9,ESP32_GREENHOUSE_01,2026-04-24T12:15:49.994Z,15,31.5,31,31.9,31.3,57,57,57,57,341.9,747,174,CRYING,50,57,0,0,162.3,162,0,0,0,15,31.3,57,174,CRYING,0,0,162,57
69eb5f13d60a2236063608ca,ESP32_GREENHOUSE_01,2026-04-24T12:16:19.990Z,15,31.61,31,31.9,31,57,57,57,57,276.5,699,256,CRYING,52.3,55,0,0,160.1,159,0,0,0,15,31,57,256,CRYING,0,0,159,55
69eb5f31d60a2236063608cb,ESP32_GREENHOUSE_01,2026-04-24T12:16:49.997Z,15,31.23,31,31.9,31.9,57,57,57,57,423.9,800,77,CRYING,47.7,59,0,0,157.7,155,0,0,0,15,31.9,57,77,CRYING,0,0,155,59
69eb5f50d60a2236063608cc,ESP32_GREENHOUSE_01,2026-04-24T12:17:20.005Z,15,31.5,31,31.9,31.1,57,57,57,57,438.4,817,316,CRYING,46.3,52,0,0,155.9,157,0,0,0,15,31.1,57,316,CRYING,0,0,157,52
69eb5f6ed60a2236063608cd,ESP32_GREENHOUSE_01,2026-04-24T12:17:50.005Z,15,31.41,31.1,31.9,31.8,57,57,57,57,544.6,1023,353,CRYING,42.5,49,0,0,154.9,154,0,0,0,15,31.8,57,353,CRYING,0,0,154,49
69eb5f8cd60a2236063608ce,ESP32_GREENHOUSE_01,2026-04-24T12:18:20.009Z,15,31.5,31.2,31.9,31.4,57,57,57,57,213.4,417,109,CRYING,55.1,59,0,0,151.9,151,0,0,0,15,31.4,57,109,CRYING,0,0,151,59
69eb5faad60a2236063608cf,ESP32_GREENHOUSE_01,2026-04-24T12:18:50.009Z,14,31.57,31.3,31.9,31.5,57,57,57,57,340.9,985,139,CRYING,49.9,58,0,0,150.9,151,0,0,0,14,31.5,57,139,CRYING,0,0,151,58
69eb5fc8d60a2236063608d0,ESP32_GREENHOUSE_01,2026-04-24T12:19:20.014Z,15,31.38,31,31.9,31.3,57,57,57,57,349.5,1023,210,CRYING,50.1,56,0,0,149.1,149,0,0,0,15,31.3,57,210,CRYING,0,0,149,56
69eb5fe6d60a2236063608d1,ESP32_GREENHOUSE_01,2026-04-24T12:19:50.014Z,15,31.49,31,31.9,31.8,57,57,57,57,429.1,930,482,CRYING,46.7,44,0,0,148,147,0,0,0,15,31.8,57,482,CRYING,0,0,147,44
69eb6004d60a2236063608d2,ESP32_GREENHOUSE_01,2026-04-24T12:20:20.015Z,15,31.32,31,31.8,31,57,57,57,57,528.5,1023,1023,CRYING,43.3,25,0,0,146.5,145,0,0,0,15,31,57,1023,CRYING,0,0,145,25
69eb6022d60a2236063608d3,ESP32_GREENHOUSE_01,2026-04-24T12:20:50.014Z,15,31.61,31.1,31.9,31.7,57,57,57,57,337.6,887,499,CRYING,50,43,0,0,145.6,145,0,0,0,15,31.7,57,499,CRYING,0,0,145,43
69eb6040d60a2236063608d4,ESP32_GREENHOUSE_01,2026-04-24T12:21:20.020Z,15,31.62,31.3,31.9,31.7,57,57,57,57,481.9,1023,408,CRYING,44.3,47,0,0,143,142,0,0,0,15,31.7,57,408,CRYING,0,0,142,47
69eb605ed60a2236063608d5,ESP32_GREENHOUSE_01,2026-04-24T12:21:50.034Z,15,31.45,31,31.9,31.6,57,57,57,57,627.7,1023,153,CRYING,39,57,0,0,140.6,140,0,0,0,15,31.6,57,153,CRYING,0,0,140,57
69eb607cd60a2236063608d6,ESP32_GREENHOUSE_01,2026-04-24T12:22:20.037Z,15,31.47,31,31.9,31.4,57,57,57,57,409.7,1023,195,CRYING,47.5,56,0,0,138.9,137,0,0,0,15,31.4,57,195,CRYING,0,0,137,56
69eb609ad60a2236063608d7,ESP32_GREENHOUSE_01,2026-04-24T12:22:50.050Z,14,31.45,31,31.9,31,57,57,57,57,608.6,1023,321,CRYING,39.8,52,0,0,137,137,0,0,0,14,31,57,321,CRYING,0,0,137,52
69eb60b8d60a2236063608d8,ESP32_GREENHOUSE_01,2026-04-24T12:23:20.045Z,15,31.5,31.1,31.9,31.2,57,57,57,57,254.9,601,70,CRYING,53.5,62,0,0,136.3,135,0,0,0,15,31.2,57,70,CRYING,0,0,135,62
69eb60d6d60a2236063608d9,ESP32_GREENHOUSE_01,2026-04-24T12:23:50.056Z,15,31.43,31,31.9,31.3,57,57,57,57,263.3,570,415,CRYING,53.2,48,0,0,134,133,0,0,0,15,31.3,57,415,CRYING,0,0,133,48
69eb60f4d60a2236063608da,ESP32_GREENHOUSE_01,2026-04-24T12:24:20.074Z,15,31.44,31,31.9,31.3,57,57,57,57,328,756,543,CRYING,50.6,43,0,0,131.4,130,0,0,0,15,31.3,57,543,CRYING,0,0,130,43
69eb6112d60a2236063608db,ESP32_GREENHOUSE_01,2026-04-24T12:24:50.090Z,15,31.53,31,31.9,31.4,57,57,57,57,332.3,763,306,CRYING,50.4,52,0,0,129.3,129,0,0,0,15,31.4,57,306,CRYING,0,0,129,52
69eb6130d60a2236063608dc,ESP32_GREENHOUSE_01,2026-04-24T12:25:20.086Z,15,31.58,31,31.9,31.7,57,57,57,57,299.4,849,127,CRYING,51.5,58,0,0,125.9,127,0,0,0,15,31.7,57,127,CRYING,0,0,127,58
69eb614ed60a2236063608dd,ESP32_GREENHOUSE_01,2026-04-24T12:25:50.087Z,15,31.45,31,31.9,31.2,57,57,57,57,230.9,687,516,CRYING,54.5,44,0,0,121.1,99,0,0,0,15,31.2,57,516,CRYING,0,0,99,44
69eb616cd60a2236063608e0,ESP32_GREENHOUSE_01,2026-04-24T12:26:20.110Z,14,31.54,31,31.8,31.8,57,57,57,57,220.5,484,100,CRYING,54.9,59,4,0,126.7,128,0,0,0,14,31.8,57,100,CRYING,0,0,128,59
69eb618ad60a2236063608e1,ESP32_GREENHOUSE_01,2026-04-24T12:26:50.112Z,15,31.48,31,31.9,31.4,57,57,57,57,265.1,644,390,CRYING,53.1,48,0,0,121.1,119,0,0,0,15,31.4,57,390,CRYING,0,0,119,48
69eb61a8d60a2236063608e2,ESP32_GREENHOUSE_01,2026-04-24T12:27:20.117Z,15,31.27,31,31.8,31.8,57,57,57,57,144.4,437,100,CRYING,58.5,59,0,0,118.4,118,0,0,0,15,31.8,57,100,CRYING,0,0,118,59
69eb61c6d60a2236063608e3,ESP32_GREENHOUSE_01,2026-04-24T12:27:50.126Z,15,31.58,31,31.9,31.9,57,57,57,57,290.9,418,326,CRYING,51.8,50,0,0,179,354,0,0,0,15,31.9,57,326,CRYING,0,0,354,50
69eb61e4d60a2236063608e5,ESP32_GREENHOUSE_01,2026-04-24T12:28:20.126Z,15,31.56,31,31.9,31.8,57,57,57,57,282.1,802,272,CRYING,52.3,52,3,0,351.8,354,0,0,0,15,31.8,57,272,CRYING,1,0,354,52
69eb6202d60a2236063608e7,ESP32_GREENHOUSE_01,2026-04-24T12:28:50.134Z,15,31.36,31,31.9,31.4,57,57,57,57,475.7,1023,606,CRYING,45.2,40,2,0,351.3,349,0,0,0,15,31.4,57,606,CRYING,0,0,349,40
69eb6220d60a2236063608e8,ESP32_GREENHOUSE_01,2026-04-24T12:29:20.140Z,15,31.53,31,31.9,31.8,57,57,57,57,321.5,1023,1023,CRYING,50.8,23,0,0,347.9,349,0,0,0,15,31.8,57,1023,CRYING,0,0,349,23
69eb623ed60a2236063608e9,ESP32_GREENHOUSE_01,2026-04-24T12:29:50.154Z,15,31.43,31,31.9,31.8,57,57,57,57,493.1,1023,346,CRYING,44.3,49,0,0,348.3,349,0,0,0,15,31.8,57,346,CRYING,0,0,349,49
69eb625cd60a2236063608ea,ESP32_GREENHOUSE_01,2026-04-24T12:30:20.173Z,14,31.59,31,31.9,31.9,57,57,57,57,503.3,1023,893,CRYING,43.4,27,0,0,346.9,347,0,0,0,14,31.9,57,893,CRYING,0,0,347,27
69eb627ad60a2236063608eb,ESP32_GREENHOUSE_01,2026-04-24T12:30:50.184Z,15,31.55,31,31.9,31.8,57,57,57,57,514.7,1023,235,CRYING,43.1,53,0,0,348.9,349,0,0,0,15,31.8,57,235,CRYING,0,0,349,53
69eb6298d60a2236063608ec,ESP32_GREENHOUSE_01,2026-04-24T12:31:20.198Z,15,31.28,31.1,31.9,31.2,57,57,57,57,437,736,378,CRYING,47,49,0,0,348.6,348,0,0,0,15,31.2,57,378,CRYING,0,0,348,49
69eb62b6d60a2236063608ed,ESP32_GREENHOUSE_01,2026-04-24T12:31:50.212Z,15,31.45,31,31.9,31,57,57,57,57,478.4,1023,247,CRYING,44.9,55,0,0,346.9,346,0,0,0,15,31,57,247,CRYING,0,0,346,55
69eb62d4d60a2236063608ee,ESP32_GREENHOUSE_01,2026-04-24T12:32:20.219Z,15,31.48,31,31.9,31.9,57,57,57,57,244.5,615,73,CRYING,53.9,59,0,0,346.5,346,0,0,0,15,31.9,57,73,CRYING,0,0,346,59
69eb62f2d60a2236063608ef,ESP32_GREENHOUSE_01,2026-04-24T12:32:50.221Z,15,31.37,31,31.9,31.8,57,57,57,57,256.7,729,286,CRYING,53.7,51,0,0,345.4,345,0,0,0,15,31.8,57,286,CRYING,0,0,345,51
69eb6310d60a2236063608f0,ESP32_GREENHOUSE_01,2026-04-24T12:33:20.223Z,15,31.43,31,31.8,31.3,57,57,57,57,280.2,811,811,CRYING,52.7,32,0,0,344.6,344,0,0,0,15,31.3,57,811,CRYING,0,0,344,32
69eb632ed60a2236063608f1,ESP32_GREENHOUSE_01,2026-04-24T12:33:50.224Z,15,31.53,31.1,31.9,31.7,57,57,57,57,334.7,811,233,CRYING,50.1,54,0,0,344,344,0,0,0,15,31.7,57,233,CRYING,0,0,344,54
69eb634cd60a2236063608f2,ESP32_GREENHOUSE_01,2026-04-24T12:34:20.225Z,14,31.41,31,31.9,31.8,57,57,57,57,468.9,959,247,CRYING,45.4,53,0,0,344.2,345,0,0,0,14,31.8,57,247,CRYING,0,0,345,53
69eb636ad60a2236063608f3,ESP32_GREENHOUSE_01,2026-04-24T12:34:50.233Z,15,31.57,31,31.9,31.9,57,57,57,57,274.6,447,172,CRYING,52.5,56,0,0,344.7,344,0,0,0,15,31.9,57,172,CRYING,0,0,344,56
69eb6388d60a2236063608f4,ESP32_GREENHOUSE_01,2026-04-24T12:35:20.250Z,15,31.27,31,31.8,31.8,57,57,57,57,346.4,768,103,CRYING,50.6,59,0,0,344,344,0,0,0,15,31.8,57,103,CRYING,0,0,344,59
69eb63a6d60a2236063608f5,ESP32_GREENHOUSE_01,2026-04-24T12:35:50.251Z,15,31.31,31,31.9,31.5,57,57,57,57,380.9,679,212,CRYING,49.1,55,0,0,343.2,343,0,0,0,15,31.5,57,212,CRYING,0,0,343,55
69eb63c4d60a2236063608f6,ESP32_GREENHOUSE_01,2026-04-24T12:36:20.250Z,15,31.48,31,31.9,31.7,57.07,57,58,57,373.5,737,460,CRYING,48.7,45,0,0,343.1,343,0,0,0,15,31.7,57,460,CRYING,0,0,343,45
69eb63e2d60a2236063608f7,ESP32_GREENHOUSE_01,2026-04-24T12:36:50.265Z,15,31.4,31,31.8,31.2,57,57,57,57,467.1,1023,535,CRYING,45.5,43,0,0,342.2,342,0,0,0,15,31.2,57,535,CRYING,0,0,342,43
69eb6400d60a2236063608f8,ESP32_GREENHOUSE_01,2026-04-24T12:37:20.264Z,15,31.53,31,31.9,31.4,57.13,57,58,57,277.7,684,77,CRYING,52.4,61,0,0,341.9,341,0,0,0,15,31.4,57,77,CRYING,0,0,341,61
69eb641ed60a2236063608f9,ESP32_GREENHOUSE_01,2026-04-24T12:37:50.278Z,14,31.44,31,31.9,31.4,57.79,57,58,58,289.1,900,103,CRYING,51.9,59,0,0,341.3,341,0,0,0,14,31.4,58,103,CRYING,0,0,341,59
69eb643cd60a2236063608fa,ESP32_GREENHOUSE_01,2026-04-24T12:38:20.297Z,15,31.4,31,31.9,31.3,57.53,57,58,57,179.8,532,154,CRYING,56.3,58,0,0,340.7,340,0,0,0,15,31.3,57,154,CRYING,0,0,340,58
69eb645ad60a2236063608fb,ESP32_GREENHOUSE_01,2026-04-24T12:38:50.309Z,11,31.28,31,31.9,31.9,57.45,57,58,58,229.9,580,140,CRYING,54.7,56,0,0,339.6,342,0,0,0,11,31.9,58,140,CRYING,0,0,342,56
69eb6478d60a2236063608fc,ESP32_GREENHOUSE_01,2026-04-24T12:39:20.317Z,15,31.43,31.1,31.9,31.4,58,58,58,58,557,1023,237,CRYING,41.4,54,0,0,339.1,337,0,0,0,15,31.4,58,237,CRYING,0,0,337,54
69eb6496d60a2236063608fd,ESP32_GREENHOUSE_01,2026-04-24T12:39:50.321Z,15,31.43,31,31.8,31.8,58,58,58,58,339.3,746,230,CRYING,49.7,53,0,0,337.5,337,0,0,0,15,31.8,58,230,CRYING,0,0,337,53
69eb64b4d60a2236063608fe,ESP32_GREENHOUSE_01,2026-04-24T12:40:20.323Z,15,31.31,31,31.7,31,58,58,58,58,293.9,719,488,CRYING,51.9,45,0,0,337.7,337,0,0,0,15,31,58,488,CRYING,0,0,337,45
69eb64d2d60a2236063608ff,ESP32_GREENHOUSE_01,2026-04-24T12:40:50.337Z,15,31.25,31,31.9,31.1,58,58,58,58,448.1,812,624,CRYING,46,40,0,0,337.3,336,0,0,0,15,31.1,58,624,CRYING,0,0,336,40
69eb64f0d60a223606360900,ESP32_GREENHOUSE_01,2026-04-24T12:41:20.351Z,15,31.4,31,31.9,31.8,58,58,58,58,502.1,1023,177,CRYING,43.4,55,0,0,336.1,335,0,0,0,15,31.8,58,177,CRYING,0,0,335,55
69eb650ed60a223606360901,ESP32_GREENHOUSE_01,2026-04-24T12:41:50.365Z,15,31.49,31,31.9,31.3,58,58,58,58,491.5,1023,343,CRYING,43.5,50,0,0,335.3,335,0,0,0,15,31.3,58,343,CRYING,0,0,335,50
69eb652cd60a223606360902,ESP32_GREENHOUSE_01,2026-04-24T12:42:20.377Z,15,31.39,31,31.8,31.5,58,58,58,58,253.7,1023,106,CRYING,53.2,59,0,0,335.1,334,0,0,0,15,31.5,58,106,CRYING,0,0,334,59
69eb654ad60a223606360903,ESP32_GREENHOUSE_01,2026-04-24T12:42:50.390Z,14,31.39,31.1,31.8,31.4,58,58,58,58,319.3,1023,115,CRYING,50.8,59,0,0,334.1,334,0,0,0,14,31.4,58,115,CRYING,0,0,334,59
69eb6568d60a223606360904,ESP32_GREENHOUSE_01,2026-04-24T12:43:20.389Z,14,31.46,31.1,31.8,31.5,58,58,58,58,345.2,636,616,CRYING,49.5,39,0,0,335.1,333,0,0,0,14,31.5,58,616,CRYING,0,0,333,39
69eb6586d60a223606360905,ESP32_GREENHOUSE_01,2026-04-24T12:43:50.399Z,12,31.42,31.1,31.9,31.4,58,58,58,58,432.3,1023,295,CRYING,46.3,52,0,0,331.4,331,0,0,0,12,31.4,58,295,CRYING,0,0,331,52
69eb65a4d60a223606360906,ESP32_GREENHOUSE_01,2026-04-24T12:44:20.424Z,15,31.55,31,31.9,31.2,58,58,58,58,465.3,889,526,CRYING,44.3,43,0,0,333.3,333,0,0,0,15,31.2,58,526,CRYING,0,0,333,43
69eb65c2d60a223606360907,ESP32_GREENHOUSE_01,2026-04-24T12:44:50.427Z,15,31.31,31.1,31.8,31.1,58,58,58,58,610.2,1023,760,CRYING,39.5,34,0,0,335.1,336,0,0,0,15,31.1,58,760,CRYING,0,0,336,34
69eb65e0d60a223606360908,ESP32_GREENHOUSE_01,2026-04-24T12:45:20.434Z,15,31.49,31.1,31.9,31.3,58.13,58,59,59,574.7,1023,396,CRYING,40.2,47,0,0,332.5,334,0,0,0,15,31.3,59,396,CRYING,0,0,334,47
69eb65fed60a223606360909,ESP32_GREENHOUSE_01,2026-04-24T12:45:50.444Z,15,31.45,31,31.9,31,58.8,58,59,58,373.2,1023,220,CRYING,47.9,56,0,0,334.8,336,0,0,0,15,31,58,220,CRYING,0,0,336,56
69eb661cd60a22360636090a,ESP32_GREENHOUSE_01,2026-04-24T12:46:20.448Z,14,31.36,31,31.9,31.4,58.21,58,59,59,181,274,113,CRYING,55.9,58,0,0,335.1,336,0,0,0,14,31.4,59,113,CRYING,0,0,336,58
69eb663ad60a22360636090b,ESP32_GREENHOUSE_01,2026-04-24T12:46:50.451Z,15,31.39,31.1,31.9,31.5,58.4,58,59,59,237.5,740,221,CRYING,53.5,54,0,0,333.9,333,0,0,0,15,31.5,59,221,CRYING,0,0,333,54
69eb6658d60a22360636090c,ESP32_GREENHOUSE_01,2026-04-24T12:47:20.464Z,15,31.48,31,31.9,31,59,59,59,59,255.9,1023,86,CRYING,52.2,60,0,0,333.3,333,0,0,0,15,31,59,86,CRYING,0,0,333,60
69eb6676d60a22360636090d,ESP32_GREENHOUSE_01,2026-04-24T12:47:50.471Z,15,31.39,31,31.9,31.3,59,59,59,59,291.9,1023,132,CRYING,51.1,58,0,0,333.1,333,0,0,0,15,31.3,59,132,CRYING,0,0,333,58
69eb6694d60a22360636090e,ESP32_GREENHOUSE_01,2026-04-24T12:48:20.471Z,15,31.43,31,31.9,31.2,59,59,59,59,209.3,356,237,CRYING,54.3,54,0,0,333.1,333,0,0,0,15,31.2,59,237,CRYING,0,0,333,54
69eb66b2d60a22360636090f,ESP32_GREENHOUSE_01,2026-04-24T12:48:50.472Z,15,31.43,31,31.9,31.6,59,59,59,59,351.4,906,91,CRYING,48.5,58,0,0,331.9,331,0,0,0,15,31.6,59,91,CRYING,0,0,331,58
69eb66d0d60a223606360910,ESP32_GREENHOUSE_01,2026-04-24T12:49:20.500Z,15,31.43,31,31.8,31.6,59,59,59,59,312.8,760,413,CRYING,50.1,46,0,0,332,333,0,0,0,15,31.6,59,413,CRYING,0,0,333,46
69eb66eed60a223606360911,ESP32_GREENHOUSE_01,2026-04-24T12:49:50.514Z,15,31.51,31,31.9,31.9,59,59,59,59,540.6,1023,773,CRYING,41.1,31,0,0,332.4,331,0,0,0,15,31.9,59,773,CRYING,0,0,331,31
69eb670cd60a223606360913,ESP32_GREENHOUSE_01,2026-04-24T12:50:20.524Z,15,31.51,31,31.9,31.8,59,59,59,59,319.3,928,533,CRYING,49.5,40,4,0,317.9,287,0,0,0,15,31.8,59,533,CRYING,1,0,287,40
69eb672ad60a223606360915,ESP32_GREENHOUSE_01,2026-04-24T12:50:50.540Z,14,31.51,31,31.9,31.9,59.29,59,60,59,599.4,1023,358,CRYING,38.6,47,0,0,284.9,285,0,0,0,14,31.9,59,358,CRYING,0,0,285,47
69eb6748d60a223606360916,ESP32_GREENHOUSE_01,2026-04-24T12:51:20.553Z,15,31.47,31,31.9,31.8,59,59,59,59,369.3,1023,95,CRYING,47.9,58,0,0,284.5,286,0,0,0,15,31.8,59,95,CRYING,0,0,286,58
69eb6766d60a223606360917,ESP32_GREENHOUSE_01,2026-04-24T12:51:50.559Z,15,31.46,31.1,31.8,31.4,59,59,59,59,581.7,1023,92,CRYING,39.5,59,0,0,285.1,285,0,0,0,15,31.4,59,92,CRYING,0,0,285,59
69eb6784d60a223606360918,ESP32_GREENHOUSE_01,2026-04-24T12:52:20.552Z,15,31.43,31,31.9,31.7,59,59,59,59,614.1,1023,682,CRYING,38.3,35,0,0,284.9,285,0,0,0,15,31.7,59,682,CRYING,0,0,285,35
69eb67a2d60a223606360919,ESP32_GREENHOUSE_01,2026-04-24T12:52:50.562Z,15,31.57,31.1,31.9,31.8,59,59,59,59,742.9,1023,687,CRYING,32.9,34,0,0,285.8,285,0,0,0,15,31.8,59,687,CRYING,0,0,285,34
69eb67c0d60a22360636091a,ESP32_GREENHOUSE_01,2026-04-24T12:53:20.576Z,15,31.41,31,31.9,31.7,59,59,59,59,407.1,1023,393,CRYING,46.4,46,0,0,286.4,287,0,0,0,15,31.7,59,393,CRYING,0,0,287,46
69eb67ded60a22360636091b,ESP32_GREENHOUSE_01,2026-04-24T12:53:50.576Z,15,31.37,31,31.8,31.4,59.2,59,60,60,551.3,1023,150,CRYING,40.9,56,0,0,286.3,287,0,0,0,15,31.4,60,150,CRYING,0,0,287,56
69eb67fcd60a22360636091c,ESP32_GREENHOUSE_01,2026-04-24T12:54:20.569Z,15,31.32,31,31.8,31.4,59.13,59,60,59,578.8,1023,418,CRYING,40.1,46,0,0,287,288,0,0,0,15,31.4,59,418,CRYING,0,0,288,46
69eb681ad60a22360636091d,ESP32_GREENHOUSE_01,2026-04-24T12:54:50.575Z,15,31.26,31,31.8,31.6,59.07,59,60,59,440.2,1023,364,CRYING,45.7,48,0,0,287.1,287,0,0,0,15,31.6,59,364,CRYING,0,0,287,48
69eb6838d60a22360636091e,ESP32_GREENHOUSE_01,2026-04-24T12:55:20.583Z,14,31.44,31,31.7,31,59,59,59,59,433.4,1023,187,CRYING,45.2,56,0,0,286.9,288,0,0,0,14,31,59,187,CRYING,0,0,288,56
69eb6856d60a22360636091f,ESP32_GREENHOUSE_01,2026-04-24T12:55:50.583Z,15,31.26,31,31.7,31.3,59,59,59,59,378.3,1023,108,CRYING,48.1,59,0,0,287.3,288,0,0,0,15,31.3,59,108,CRYING,0,0,288,59
69eb6874d60a223606360920,ESP32_GREENHOUSE_01,2026-04-24T12:56:20.594Z,15,31.47,31,31.9,31.1,59,59,59,59,721.5,1023,105,CRYING,34.1,59,0,0,287.3,287,0,0,0,15,31.1,59,105,CRYING,0,0,287,59
69eb6892d60a223606360921,ESP32_GREENHOUSE_01,2026-04-24T12:56:50.607Z,15,31.53,31,31.9,31,59,59,59,59,372.2,858,307,CRYING,47.5,52,0,0,286.9,287,0,0,0,15,31,59,307,CRYING,0,0,287,52
69eb68b0d60a223606360922,ESP32_GREENHOUSE_01,2026-04-24T12:57:20.623Z,15,31.51,31.1,31.9,31.3,59,59,59,59,467.5,1023,1023,CRYING,43.9,23,0,0,286.7,286,0,0,0,15,31.3,59,1023,CRYING,0,0,286,23
69eb68ced60a223606360923,ESP32_GREENHOUSE_01,2026-04-24T12:57:50.624Z,15,31.51,31.1,31.9,31.3,59,59,59,59,496.3,1023,75,CRYING,42.7,60,0,0,283.1,280,0,0,0,15,31.3,59,75,CRYING,0,0,280,60
69eb68ecd60a223606360924,ESP32_GREENHOUSE_01,2026-04-24T12:58:20.634Z,15,31.46,31,31.9,31.8,59.87,59,60,60,397.5,1023,1023,CRYING,46.3,21,0,0,282.9,280,0,0,0,15,31.8,60,1023,CRYING,0,0,280,21
69eb690ad60a223606360925,ESP32_GREENHOUSE_01,2026-04-24T12:58:50.650Z,15,31.52,31,31.9,31.9,59.53,59,60,60,338.5,834,254,CRYING,48.5,50,0,0,277,286,0,0,0,15,31.9,60,254,CRYING,0,0,286,50
69eb6928d60a223606360926,ESP32_GREENHOUSE_01,2026-04-24T12:59:20.652Z,15,31.41,31,31.9,31.2,59.6,59,60,60,296.9,1023,149,CRYING,50.4,57,0,0,286.9,287,0,0,0,15,31.2,60,149,CRYING,0,0,287,57
69eb6946d60a223606360927,ESP32_GREENHOUSE_01,2026-04-24T12:59:50.652Z,14,31.47,31,31.9,31,60,60,60,60,553,1023,1023,CRYING,39.9,23,0,0,287,287,0,0,0,14,31,60,1023,CRYING,0,0,287,23
69eb6964d60a223606360928,ESP32_GREENHOUSE_01,2026-04-24T13:00:20.662Z,15,31.35,31,31.9,31.3,59.67,59,60,59,753.2,1023,658,CRYING,32.7,37,0,0,287.2,287,0,0,0,15,31.3,59,658,CRYING,0,0,287,37
69eb6982d60a223606360929,ESP32_GREENHOUSE_01,2026-04-24T13:00:50.668Z,15,31.39,31.1,31.9,31.4,59.13,59,60,59,516.1,1023,1023,CRYING,42.2,22,0,0,286.9,287,0,0,0,15,31.4,59,1023,CRYING,0,0,287,22
69eb69a0d60a22360636092a,ESP32_GREENHOUSE_01,2026-04-24T13:01:20.674Z,15,31.26,31,31.8,31.8,60,60,60,60,432.5,1023,426,CRYING,45.4,44,0,0,287,287,0,0,0,15,31.8,60,426,CRYING,0,0,287,44
69eb69bed60a22360636092b,ESP32_GREENHOUSE_01,2026-04-24T13:01:50.682Z,11,31.56,31.2,31.9,31.9,60,60,60,60,501.5,1023,375,CRYING,41.7,46,0,0,248,128,0,0,0,11,31.9,60,375,CRYING,0,0,128,46
69eb69dcd60a223606360931,ESP32_GREENHOUSE_01,2026-04-24T13:02:20.692Z,11,31.45,31,31.8,31.5,59.64,59,60,60,522.6,1023,132,CRYING,41.5,56,0,0,281,280,0,0,0,7,31.5,60,132,Quiet,0,0,280,56
69eb69fad60a223606360936,ESP32_GREENHOUSE_01,2026-04-24T13:02:50.699Z,15,31.41,31,31.9,31.3,59.93,59,60,60,343.6,1023,74,CRYING,48.4,59,0,0,282.3,283,0,0,0,9,31.3,60,74,CRYING,0,0,283,59
69eb6a18d60a223606360939,ESP32_GREENHOUSE_01,2026-04-24T13:03:20.700Z,15,31.55,31,31.9,31.6,60,60,60,60,450,1023,129,CRYING,43.7,56,0,0,281.6,283,0,0,0,13,31.6,60,129,CRYING,0,0,283,56
69eb6a36d60a22360636093a,ESP32_GREENHOUSE_01,2026-04-24T13:03:50.706Z,15,31.3,31,31.9,31.5,60,60,60,60,619.6,1023,466,CRYING,37.9,43,0,0,282.9,283,0,0,0,15,31.5,60,466,CRYING,0,0,283,43
69eb6a54d60a22360636093b,ESP32_GREENHOUSE_01,2026-04-24T13:04:20.714Z,15,31.49,31,31.9,31.4,60,60,60,60,623.6,1023,1023,CRYING,37.2,22,0,0,273.6,282,0,0,0,15,31.4,60,1023,CRYING,0,0,282,22
69eb6a72d60a22360636093d,ESP32_GREENHOUSE_01,2026-04-24T13:04:50.725Z,11,31.3,31,31.8,31.8,60,60,60,60,695.4,1023,239,CRYING,34.9,51,0,0,279.5,281,0,0,0,10,31.8,60,239,Light Activity,0,0,281,51
69eb6a90d60a223606360945,ESP32_GREENHOUSE_01,2026-04-24T13:05:20.728Z,15,31.55,31,31.9,31.9,60,60,60,60,321.5,811,91,CRYING,48.9,57,0,0,282.5,282,0,0,0,10,31.9,60,91,CRYING,0,0,282,57
69eb6aaed60a22360636094c,ESP32_GREENHOUSE_01,2026-04-24T13:05:50.740Z,15,31.55,31.2,31.9,31.2,60.27,60,61,61,390.1,1023,388,CRYING,45.9,47,0,0,281.4,281,0,0,0,10,31.2,61,388,CRYING,0,0,281,47
69eb6accd60a22360636094d,ESP32_GREENHOUSE_01,2026-04-24T13:06:20.742Z,14,31.36,31,31.9,31.2,60.57,60,61,61,396.8,1023,141,CRYING,46.1,56,0,0,280.9,282,0,0,0,14,31.2,61,141,CRYING,0,0,282,56
69eb6aead60a22360636094e,ESP32_GREENHOUSE_01,2026-04-24T13:06:50.751Z,15,31.57,31,31.9,31.8,60.2,60,61,60,502.4,1023,367,CRYING,41.6,46,0,0,281.2,281,0,0,0,15,31.8,60,367,CRYING,0,0,281,46
69eb6b08d60a22360636094f,ESP32_GREENHOUSE_01,2026-04-24T13:07:20.759Z,15,31.43,31.1,31.8,31.7,60.27,60,61,61,362.5,1004,428,CRYING,47.3,44,0,0,279.9,281,0,0,0,15,31.7,61,428,CRYING,0,0,281,44
69eb6b26d60a223606360950,ESP32_GREENHOUSE_01,2026-04-24T13:07:50.770Z,15,31.55,31,31.9,31.4,60.67,60,61,61,654,1023,774,CRYING,35.5,31,0,0,280.1,282,0,0,0,15,31.4,61,774,CRYING,0,0,282,31
69eb6b44d60a223606360951,ESP32_GREENHOUSE_01,2026-04-24T13:08:20.777Z,15,31.53,31,31.9,31.5,61,61,61,61,638.8,1023,1023,CRYING,35.9,21,0,0,281.1,280,0,0,0,15,31.5,61,1023,CRYING,0,0,280,21
69eb6b62d60a223606360952,ESP32_GREENHOUSE_01,2026-04-24T13:08:50.791Z,15,31.39,31,31.9,31.5,61,61,61,61,753.3,1023,1023,CRYING,31.7,21,0,0,280.4,280,0,0,0,15,31.5,61,1023,CRYING,0,0,280,21
69eb6b80d60a223606360953,ESP32_GREENHOUSE_01,2026-04-24T13:09:20.801Z,15,31.45,31.1,31.9,31.4,61.2,61,62,62,604.8,1023,824,CRYING,37.3,28,0,0,279.9,279,0,0,0,15,31.4,62,824,CRYING,0,0,279,28
69eb6b9ed60a223606360954,ESP32_GREENHOUSE_01,2026-04-24T13:09:50.809Z,15,31.41,31,31.9,31.9,61.93,61,62,62,434.6,1023,1023,CRYING,43.7,19,0,0,280.4,281,0,0,0,15,31.9,62,1023,CRYING,0,0,281,19
69eb6bbcd60a223606360955,ESP32_GREENHOUSE_01,2026-04-24T13:10:20.823Z,15,31.4,31,31.9,31.5,62,62,62,62,561.7,1023,728,CRYING,38.6,32,0,0,281.1,281,0,0,0,15,31.5,62,728,CRYING,0,0,281,32
69eb6bdad60a223606360956,ESP32_GREENHOUSE_01,2026-04-24T13:10:50.834Z,14,31.47,31,31.9,31.6,62,62,62,62,504.1,1023,1023,CRYING,40.6,20,0,0,281.4,282,0,0,0,14,31.6,62,1023,CRYING,0,0,282,20
69eb6bf8d60a223606360957,ESP32_GREENHOUSE_01,2026-04-24T13:11:20.843Z,15,31.55,31.1,31.9,31.5,62,62,62,62,483.3,1023,450,CRYING,41.2,43,0,0,282.4,283,0,0,0,15,31.5,62,450,CRYING,0,0,283,43
69eb6c16d60a223606360958,ESP32_GREENHOUSE_01,2026-04-24T13:11:50.858Z,15,31.43,31,31.9,31,62,62,62,62,708.8,1023,238,CRYING,32.7,52,0,0,282.8,283,0,0,0,15,31,62,238,CRYING,0,0,283,52
69eb6c34d60a223606360959,ESP32_GREENHOUSE_01,2026-04-24T13:12:20.869Z,15,31.48,31,31.9,31.4,62,62,62,62,418.6,1023,176,CRYING,44,54,0,0,281.4,281,0,0,0,15,31.4,62,176,CRYING,0,0,281,54
69eb6c52d60a22360636095a,ESP32_GREENHOUSE_01,2026-04-24T13:12:50.882Z,15,31.44,31,31.8,31.4,62.07,62,63,62,568.6,1023,621,CRYING,38.1,36,0,0,278.9,279,0,0,0,15,31.4,62,621,CRYING,0,0,279,36
69eb6c70d60a22360636095b,ESP32_GREENHOUSE_01,2026-04-24T13:13:20.891Z,15,31.41,31,31.9,31.5,62.8,62,63,63,500.8,940,217,CRYING,40.5,51,0,0,281.3,280,0,0,0,15,31.5,63,217,CRYING,0,0,280,51
69eb6c8ed60a22360636095c,ESP32_GREENHOUSE_01,2026-04-24T13:13:50.900Z,15,31.48,31,31.8,31,62.93,62,63,63,657.2,1023,806,CRYING,34.1,30,0,0,280.9,280,0,0,0,15,31,63,806,CRYING,0,0,280,30
69eb6cacd60a22360636095d,ESP32_GREENHOUSE_01,2026-04-24T13:14:20.905Z,15,31.49,31.1,31.9,31.1,63,63,63,63,457.1,1023,630,CRYING,41.8,36,0,0,279.8,281,0,0,0,15,31.1,63,630,CRYING,0,0,281,36
69eb6ccad60a22360636095e,ESP32_GREENHOUSE_01,2026-04-24T13:14:50.912Z,15,31.47,31,31.9,31.7,63,63,63,63,586.5,1023,963,CRYING,36.7,21,0,0,281.2,281,0,0,0,15,31.7,63,963,CRYING,0,0,281,21
69eb6ce8d60a22360636095f,ESP32_GREENHOUSE_01,2026-04-24T13:15:20.914Z,14,31.49,31.2,31.9,31.4,63,63,63,63,647.4,1023,148,CRYING,34.4,54,0,0,281.1,281,0,0,0,14,31.4,63,148,CRYING,0,0,281,54
69eb6d06d60a223606360960,ESP32_GREENHOUSE_01,2026-04-24T13:15:50.921Z,15,31.56,31.2,31.8,31.2,63,63,63,63,535,1023,1019,CRYING,38.7,21,0,0,280.7,277,0,0,0,15,31.2,63,1019,CRYING,0,0,277,21
69eb6d24d60a223606360961,ESP32_GREENHOUSE_01,2026-04-24T13:16:20.927Z,15,31.4,31,31.9,31.2,63,63,63,63,816.3,1023,1023,CRYING,28.1,21,0,0,280.7,281,0,0,0,15,31.2,63,1023,CRYING,0,0,281,21
69eb6d42d60a223606360962,ESP32_GREENHOUSE_01,2026-04-24T13:16:50.941Z,15,31.45,31,31.8,31.1,63,63,63,63,658.3,1023,624,CRYING,33.9,36,0,0,279.5,278,0,0,0,15,31.1,63,624,CRYING,0,0,278,36
69eb6d60d60a223606360963,ESP32_GREENHOUSE_01,2026-04-24T13:17:20.942Z,15,31.52,31.1,31.9,31.2,63.47,63,64,64,559.3,1023,159,CRYING,37.5,54,0,0,280.5,281,0,0,0,15,31.2,64,159,CRYING,0,0,281,54
69eb6d7ed60a223606360964,ESP32_GREENHOUSE_01,2026-04-24T13:17:50.953Z,15,31.44,31.1,31.9,31.2,63.8,63,64,63,343.6,1023,424,CRYING,46,44,0,0,281.5,282,0,0,0,15,31.2,63,424,CRYING,0,0,282,44
69eb6d9cd60a223606360965,ESP32_GREENHOUSE_01,2026-04-24T13:18:20.952Z,15,31.43,31,31.8,31.4,63.2,63,64,64,823.5,1023,1023,CRYING,27.5,19,0,0,281.9,282,0,0,0,15,31.4,64,1023,CRYING,0,0,282,19
69eb6dbad60a223606360966,ESP32_GREENHOUSE_01,2026-04-24T13:18:50.967Z,15,31.45,31,31.9,31,63.67,63,64,63,626.1,1023,152,CRYING,34.8,55,0,0,282,282,0,0,0,15,31,63,152,CRYING,0,0,282,55
69eb6dd8d60a223606360967,ESP32_GREENHOUSE_01,2026-04-24T13:19:20.974Z,14,31.59,31,31.9,31.3,63.07,63,64,63,588.3,1023,123,CRYING,36.4,55,0,0,282.2,283,0,0,0,14,31.3,63,123,CRYING,0,0,283,55
69eb6df6d60a223606360968,ESP32_GREENHOUSE_01,2026-04-24T13:19:50.987Z,15,31.41,31.1,31.7,31.2,63,63,63,63,543.5,1023,979,CRYING,38.7,22,0,0,282.8,283,0,0,0,15,31.2,63,979,CRYING,0,0,283,22
69eb6e15d60a223606360969,ESP32_GREENHOUSE_01,2026-04-24T13:20:21.000Z,15,31.47,31.2,31.8,31.3,63,63,63,63,488.7,1023,1023,CRYING,40.7,20,0,0,282.9,283,0,0,0,15,31.3,63,1023,CRYING,0,0,283,20
69eb6e33d60a22360636096a,ESP32_GREENHOUSE_01,2026-04-24T13:20:51.002Z,15,31.39,31.1,31.8,31.4,63,63,63,63,408.7,1023,91,CRYING,43.9,56,0,0,282.7,283,0,0,0,15,31.4,63,91,CRYING,0,0,283,56
69eb6e51d60a22360636096b,ESP32_GREENHOUSE_01,2026-04-24T13:21:21.005Z,15,31.51,31.1,31.9,31.4,63,63,63,63,512.6,944,944,CRYING,39.7,23,0,0,281.7,282,0,0,0,15,31.4,63,944,CRYING,0,0,282,23
69eb6e6fd60a22360636096c,ESP32_GREENHOUSE_01,2026-04-24T13:21:51.008Z,15,31.35,31,31.7,31.7,63,63,63,63,671.5,1023,380,CRYING,33.9,44,0,0,281.9,283,0,0,0,15,31.7,63,380,CRYING,0,0,283,44
69eb6e8dd60a22360636096d,ESP32_GREENHOUSE_01,2026-04-24T13:22:21.013Z,15,31.43,31.1,31.8,31.2,63,63,63,63,619.2,1023,500,CRYING,35.6,41,0,0,282.3,283,0,0,0,15,31.2,63,500,CRYING,0,0,283,41
69eb6eabd60a22360636096e,ESP32_GREENHOUSE_01,2026-04-24T13:22:51.013Z,15,31.47,31.1,31.9,31.4,63,63,63,63,698.1,1023,212,CRYING,32.4,52,0,0,283.1,283,0,0,0,15,31.4,63,212,CRYING,0,0,283,52
69eb6ec9d60a22360636096f,ESP32_GREENHOUSE_01,2026-04-24T13:23:21.021Z,15,31.57,31.2,31.9,31.8,63,63,63,63,588.2,1023,731,CRYING,36.5,30,0,0,282,281,0,0,0,15,31.8,63,731,CRYING,0,0,281,30
69eb6ee7d60a223606360970,ESP32_GREENHOUSE_01,2026-04-24T13:23:51.030Z,14,31.69,31.4,31.9,31.4,63,63,63,63,641.6,1023,846,CRYING,34.1,27,0,0,282,283,0,0,0,14,31.4,63,846,CRYING,0,0,283,27
69eb6f05d60a223606360971,ESP32_GREENHOUSE_01,2026-04-24T13:24:21.043Z,15,31.47,31,31.9,31.7,63,63,63,63,514.4,1023,838,CRYING,39.5,26,0,0,282.8,283,0,0,0,15,31.7,63,838,CRYING,0,0,283,26
69eb6f23d60a223606360972,ESP32_GREENHOUSE_01,2026-04-24T13:24:51.044Z,15,31.43,31.1,31.9,31.1,63,63,63,63,430.6,1023,94,CRYING,43,57,0,0,283.3,284,0,0,0,15,31.1,63,94,CRYING,0,0,284,57
69eb6f41d60a223606360973,ESP32_GREENHOUSE_01,2026-04-24T13:25:21.054Z,15,31.48,31,31.9,31.8,63,63,63,63,513.3,1023,1023,CRYING,39.7,19,0,0,283.9,283,0,0,0,15,31.8,63,1023,CRYING,0,0,283,19
69eb6f5fd60a223606360974,ESP32_GREENHOUSE_01,2026-04-24T13:25:51.066Z,15,31.51,31,31.9,31.7,63,63,63,63,446.4,919,238,CRYING,42.3,50,0,0,280.9,282,0,0,0,15,31.7,63,238,CRYING,0,0,282,50
69eb6f7dd60a223606360975,ESP32_GREENHOUSE_01,2026-04-24T13:26:21.068Z,15,31.49,31,31.9,31.5,63,63,63,63,672.4,1023,827,CRYING,33.4,27,0,0,282.9,282,0,0,0,15,31.5,63,827,CRYING,0,0,282,27
69eb6f9bd60a223606360976,ESP32_GREENHOUSE_01,2026-04-24T13:26:51.075Z,15,31.49,31.2,31.9,31.4,63,63,63,63,501.8,1023,365,CRYING,40.1,46,0,0,282.5,281,0,0,0,15,31.4,63,365,CRYING,0,0,281,46
69eb6fb9d60a223606360977,ESP32_GREENHOUSE_01,2026-04-24T13:27:21.075Z,14,31.44,31.1,31.8,31.8,63,63,63,63,684.6,1023,1023,CRYING,33.1,19,0,0,280.7,278,0,0,0,14,31.8,63,1023,CRYING,0,0,278,19
69eb6fd7d60a223606360978,ESP32_GREENHOUSE_01,2026-04-24T13:27:51.084Z,15,31.37,31,31.9,31.5,63.53,63,64,64,813.1,1023,898,CRYING,27.9,24,0,0,280,282,0,0,0,15,31.5,64,898,CRYING,0,0,282,24
69eb6ff5d60a223606360979,ESP32_GREENHOUSE_01,2026-04-24T13:28:21.086Z,15,31.61,31.2,31.9,31.8,63,63,63,63,764,1023,1023,CRYING,29.6,19,0,0,281.8,281,0,0,0,15,31.8,63,1023,CRYING,0,0,281,19
69eb7013d60a22360636097a,ESP32_GREENHOUSE_01,2026-04-24T13:28:51.090Z,15,31.49,31,31.9,31.5,63,63,63,63,610.5,1023,582,CRYING,35.9,37,0,0,282.5,283,0,0,0,15,31.5,63,582,CRYING,0,0,283,37
69eb7031d60a22360636097b,ESP32_GREENHOUSE_01,2026-04-24T13:29:21.092Z,15,31.51,31,31.8,31,63,63,63,63,719.1,1023,1023,CRYING,31.5,21,0,0,282.7,282,0,0,0,15,31,63,1023,CRYING,0,0,282,21
69eb704fd60a22360636097c,ESP32_GREENHOUSE_01,2026-04-24T13:29:51.101Z,15,31.49,31,31.9,31.8,63,63,63,63,650.4,1023,254,CRYING,34.1,49,0,0,282.7,283,0,0,0,15,31.8,63,254,CRYING,0,0,283,49
69eb706dd60a22360636097d,ESP32_GREENHOUSE_01,2026-04-24T13:30:21.102Z,15,31.47,31,31.9,31.4,63,63,63,63,722.8,1023,429,CRYING,31.4,43,0,0,282.1,283,0,0,0,15,31.4,63,429,CRYING,0,0,283,43
69eb708bd60a22360636097e,ESP32_GREENHOUSE_01,2026-04-24T13:30:51.107Z,14,31.58,31,31.9,31.7,63,63,63,63,418.1,1023,264,CRYING,43.1,49,0,0,283.3,282,0,0,0,14,31.7,63,264,CRYING,0,0,282,49
69eb70a9d60a22360636097f,ESP32_GREENHOUSE_01,2026-04-24T13:31:21.115Z,15,31.47,31.1,31.9,31.3,63,63,63,63,542.7,1023,404,CRYING,38.5,44,0,0,280.4,281,0,0,0,15,31.3,63,404,CRYING,0,0,281,44
69eb70c7d60a223606360980,ESP32_GREENHOUSE_01,2026-04-24T13:31:51.131Z,15,31.42,31,31.9,31,63,63,63,63,667.7,1023,699,CRYING,33.9,34,0,0,280.5,281,0,0,0,15,31,63,699,CRYING,0,0,281,34
69eb70e5d60a223606360981,ESP32_GREENHOUSE_01,2026-04-24T13:32:21.143Z,15,31.37,31,31.9,31.7,63,63,63,63,463.5,1023,391,CRYING,41.8,44,0,0,281.8,282,0,0,0,15,31.7,63,391,CRYING,0,0,282,44
69eb7103d60a223606360982,ESP32_GREENHOUSE_01,2026-04-24T13:32:51.158Z,15,31.35,31,31.9,31.1,63,63,63,63,815.3,1023,139,CRYING,28.2,55,0,0,281.9,282,0,0,0,15,31.1,63,139,CRYING,0,0,282,55
69eb7121d60a223606360983,ESP32_GREENHOUSE_01,2026-04-24T13:33:21.165Z,15,31.39,31,31.9,31.2,63,63,63,63,629.3,1023,609,CRYING,35.5,37,0,0,279.9,280,0,0,0,15,31.2,63,609,CRYING,0,0,280,37
69eb713fd60a223606360984,ESP32_GREENHOUSE_01,2026-04-24T13:33:51.182Z,15,31.3,31,31.5,31,63,63,63,63,530.9,813,575,CRYING,39.4,39,0,0,280.3,280,0,0,0,15,31,63,575,CRYING,0,0,280,39
69eb715dd60a223606360985,ESP32_GREENHOUSE_01,2026-04-24T13:34:21.192Z,15,31.41,31,31.9,31.5,63,63,63,63,537.8,1023,720,CRYING,38.9,32,0,0,280.4,281,0,0,0,15,31.5,63,720,CRYING,0,0,281,32
69eb717bd60a223606360986,ESP32_GREENHOUSE_01,2026-04-24T13:34:51.200Z,14,31.48,31,31.8,31.4,63,63,63,63,440.6,1023,241,CRYING,42.5,51,0,0,281.6,282,0,0,0,14,31.4,63,241,CRYING,0,0,282,51
69eb7199d60a223606360987,ESP32_GREENHOUSE_01,2026-04-24T13:35:21.204Z,15,31.41,31,31.9,31,63,63,63,63,516,1023,735,CRYING,39.7,32,0,0,281.5,281,0,0,0,15,31,63,735,CRYING,0,0,281,32
69eb71b7d60a223606360988,ESP32_GREENHOUSE_01,2026-04-24T13:35:51.212Z,15,31.41,31,31.9,31.1,63,63,63,63,639.1,1023,307,CRYING,34.9,49,0,0,282.8,283,0,0,0,15,31.1,63,307,CRYING,0,0,283,49
69eb71d5d60a223606360989,ESP32_GREENHOUSE_01,2026-04-24T13:36:21.224Z,15,31.36,31,31.9,31.7,63,63,63,63,581.4,1023,406,CRYING,37.4,43,0,0,280.5,280,0,0,0,15,31.7,63,406,CRYING,0,0,280,43
69eb71f3d60a22360636098a,ESP32_GREENHOUSE_01,2026-04-24T13:36:51.229Z,15,31.54,31.2,31.9,31.8,63,63,63,63,670,1023,1023,CRYING,33.4,19,0,0,281.2,281,0,0,0,15,31.8,63,1023,CRYING,0,0,281,19
69eb7211d60a22360636098b,ESP32_GREENHOUSE_01,2026-04-24T13:37:21.242Z,15,31.45,31,31.9,31.5,63,63,63,63,718,1023,1023,CRYING,31.9,20,0,0,280.6,277,0,0,0,15,31.5,63,1023,CRYING,0,0,277,20
69eb722fd60a22360636098c,ESP32_GREENHOUSE_01,2026-04-24T13:37:51.242Z,15,31.45,31,31.9,31.6,63.8,63,64,64,733.3,1023,796,CRYING,30.5,28,0,0,276.6,278,0,0,0,15,31.6,64,796,CRYING,0,0,278,28
69eb724dd60a22360636098d,ESP32_GREENHOUSE_01,2026-04-24T13:38:21.243Z,15,31.49,31,31.9,31.9,64,64,64,64,613.9,1023,134,CRYING,34.9,53,0,0,276.7,279,0,0,0,15,31.9,64,134,CRYING,0,0,279,53
69eb726bd60a22360636098e,ESP32_GREENHOUSE_01,2026-04-24T13:38:51.257Z,14,31.51,31,31.9,31.3,64,64,64,64,753.3,1023,1023,CRYING,29.6,20,0,0,278,277,0,0,0,14,31.3,64,1023,CRYING,0,0,277,20
69eb7289d60a22360636098f,ESP32_GREENHOUSE_01,2026-04-24T13:39:21.262Z,15,31.33,31,31.9,31,64,64,64,64,860.5,1023,1023,CRYING,25.8,20,0,0,267.9,133,0,0,0,15,31,64,1023,CRYING,0,0,133,20
69eb72a7d60a223606360991,ESP32_GREENHOUSE_01,2026-04-24T13:39:51.276Z,15,31.3,31,31.7,31.4,64,64,64,64,621.8,1023,779,CRYING,35.2,29,2,0,279.4,283,0,0,0,15,31.4,64,779,CRYING,1,0,283,29
69eb72c5d60a223606360993,ESP32_GREENHOUSE_01,2026-04-24T13:40:21.283Z,15,31.25,31,31.9,31.2,63.8,63,64,63,558.9,1023,1023,CRYING,38.1,21,2,0,283.7,283,0,0,0,15,31.2,63,1023,CRYING,0,0,283,21
69eb72e3d60a223606360994,ESP32_GREENHOUSE_01,2026-04-24T13:40:51.294Z,15,31.39,31,31.9,31.8,63.87,63,64,64,576.7,1023,136,CRYING,37,53,0,0,282,285,0,0,0,15,31.8,64,136,CRYING,0,0,285,53
69eb7301d60a223606360995,ESP32_GREENHOUSE_01,2026-04-24T13:41:21.307Z,15,31.41,31,31.9,31.2,64,64,64,64,162.9,335,335,CRYING,52.9,47,0,0,286.5,287,0,0,0,15,31.2,64,335,CRYING,0,0,287,47
69eb731fd60a223606360996,ESP32_GREENHOUSE_01,2026-04-24T13:41:51.312Z,15,31.45,31,31.9,31.2,63.07,63,64,63,157.9,275,142,CRYING,53.7,55,0,0,286.8,286,0,0,0,15,31.2,63,142,CRYING,0,0,286,55
69eb733dd60a223606360997,ESP32_GREENHOUSE_01,2026-04-24T13:42:21.318Z,14,31.44,31.2,31.7,31.5,63,63,63,63,222.9,1023,1023,CRYING,51.1,20,0,0,285.5,281,0,0,0,14,31.5,63,1023,CRYING,0,0,281,20
69eb735bd60a223606360998,ESP32_GREENHOUSE_01,2026-04-24T13:42:51.323Z,15,31.37,31,31.7,31.3,63,63,63,63,285.6,1023,209,CRYING,49,52,0,0,260.4,284,0,0,0,15,31.3,63,209,CRYING,0,0,284,52
69eb7379d60a223606360999,ESP32_GREENHOUSE_01,2026-04-24T13:43:21.327Z,15,31.37,31,31.8,31,63,63,63,63,244.7,1023,102,CRYING,50.5,57,0,0,283,282,0,0,0,15,31,63,102,CRYING,0,0,282,57
69eb7397d60a22360636099c,ESP32_GREENHOUSE_01,2026-04-24T13:43:51.341Z,15,31.37,31,31.9,31,63,63,63,63,194.7,503,98,CRYING,52.4,57,3,0,319.1,337,0,0,0,15,31,63,98,CRYING,0,0,337,57
69eb73b5d60a22360636099d,ESP32_GREENHOUSE_01,2026-04-24T13:44:21.356Z,15,31.47,31.1,31.8,31.6,63,63,63,63,366,1023,103,CRYING,45.5,55,0,0,336.7,336,0,0,0,15,31.6,63,103,CRYING,0,0,336,55
69eb73d3d60a22360636099e,ESP32_GREENHOUSE_01,2026-04-24T13:44:51.366Z,15,31.39,31,31.9,31.6,63.07,63,64,63,269.5,772,155,CRYING,49.3,53,0,0,337.1,338,0,0,0,15,31.6,63,155,CRYING,0,0,338,53
69eb73f1d60a22360636099f,ESP32_GREENHOUSE_01,2026-04-24T13:45:21.367Z,15,31.51,31.1,31.9,31.5,63,63,63,63,253.9,899,899,CRYING,49.7,25,0,0,337.1,337,0,0,0,15,31.5,63,899,CRYING,0,0,337,25
69eb740fd60a2236063609a0,ESP32_GREENHOUSE_01,2026-04-24T13:45:51.373Z,15,31.47,31.1,31.8,31.5,63,63,63,63,308.5,810,136,CRYING,47.7,54,0,0,336.9,338,0,0,0,15,31.5,63,136,CRYING,0,0,338,54
69eb742dd60a2236063609a1,ESP32_GREENHOUSE_01,2026-04-24T13:46:21.388Z,14,31.52,31,31.9,31.1,63,63,63,63,271.5,971,373,CRYING,48.9,46,0,0,336.9,337,0,0,0,14,31.1,63,373,CRYING,0,0,337,46
69eb744bd60a2236063609a2,ESP32_GREENHOUSE_01,2026-04-24T13:46:51.398Z,15,31.45,31,31.8,31.6,63,63,63,63,232.5,637,105,CRYING,50.7,55,0,0,337,337,0,0,0,15,31.6,63,105,CRYING,0,0,337,55
69eb7469d60a2236063609a3,ESP32_GREENHOUSE_01,2026-04-24T13:47:21.401Z,15,31.44,31,31.9,31.2,63,63,63,63,269.7,900,91,CRYING,49.4,57,0,0,336.9,337,0,0,0,15,31.2,63,91,CRYING,0,0,337,57
69eb7487d60a2236063609a4,ESP32_GREENHOUSE_01,2026-04-24T13:47:51.415Z,15,31.41,31,31.8,31.5,63,63,63,63,191.1,1023,92,CRYING,52.4,56,0,0,336.7,337,0,0,0,15,31.5,63,92,CRYING,0,0,337,56
69eb74a5d60a2236063609a5,ESP32_GREENHOUSE_01,2026-04-24T13:48:21.432Z,15,31.51,31,31.9,31.3,63,63,63,63,254.7,821,118,CRYING,49.7,56,0,0,336,334,0,0,0,15,31.3,63,118,CRYING,0,0,334,56
69eb74c3d60a2236063609a6,ESP32_GREENHOUSE_01,2026-04-24T13:48:51.432Z,15,31.5,31,31.9,31.9,62.93,62,63,63,124.4,319,98,CRYING,54.9,55,0,0,337.1,337,0,0,0,15,31.9,63,98,CRYING,0,0,337,55
69eb74e1d60a2236063609a7,ESP32_GREENHOUSE_01,2026-04-24T13:49:21.433Z,15,31.44,31,31.7,31.4,62.93,62,63,63,159.7,484,109,CRYING,53.7,56,0,0,338.5,339,0,0,0,15,31.4,63,109,CRYING,0,0,339,56
69eb74ffd60a2236063609a8,ESP32_GREENHOUSE_01,2026-04-24T13:49:51.439Z,15,31.57,31,31.9,31.8,63,63,63,63,150.8,232,105,CRYING,53.5,55,0,0,338.5,339,0,0,0,15,31.8,63,105,CRYING,0,0,339,55
69eb751dd60a2236063609a9,ESP32_GREENHOUSE_01,2026-04-24T13:50:21.442Z,14,31.66,31.1,31.9,31.9,62.57,62,63,62,137.9,169,164,CRYING,54.2,53,0,0,338.6,339,0,0,0,14,31.9,62,164,CRYING,0,0,339,53
69eb753bd60a2236063609aa,ESP32_GREENHOUSE_01,2026-04-24T13:50:51.448Z,15,31.41,31,31.7,31.6,62,62,62,62,112.3,139,122,CRYING,56.1,55,0,0,338.8,339,0,0,0,15,31.6,62,122,CRYING,0,0,339,55
69eb7559d60a2236063609ab,ESP32_GREENHOUSE_01,2026-04-24T13:51:21.452Z,15,31.48,31,31.8,31.5,62,62,62,62,157.9,304,104,CRYING,54.2,56,0,0,338.6,339,0,0,0,15,31.5,62,104,CRYING,0,0,339,56
69eb7577d60a2236063609ac,ESP32_GREENHOUSE_01,2026-04-24T13:51:51.456Z,15,31.37,31,31.9,31.7,62,62,62,62,107.6,169,93,CRYING,56.6,56,0,0,338.3,340,0,0,0,15,31.7,62,93,CRYING,0,0,340,56
69eb7595d60a2236063609ad,ESP32_GREENHOUSE_01,2026-04-24T13:52:21.472Z,15,31.44,31,31.8,31.2,62,62,62,62,132.3,367,110,CRYING,55.4,57,0,0,338.1,338,0,0,0,15,31.2,62,110,CRYING,0,0,338,57
69eb75b3d60a2236063609ae,ESP32_GREENHOUSE_01,2026-04-24T13:52:51.477Z,15,31.33,31,31.7,31.2,62,62,62,62,116.1,170,170,CRYING,56.2,54,0,0,338.3,338,0,0,0,15,31.2,62,170,CRYING,0,0,338,54
69eb75d1d60a2236063609af,ESP32_GREENHOUSE_01,2026-04-24T13:53:21.480Z,15,31.44,31,31.9,31.6,62,62,62,62,129.3,172,127,CRYING,55.3,55,0,0,338.3,338,0,0,0,15,31.6,62,127,CRYING,0,0,338,55
69eb75efd60a2236063609b0,ESP32_GREENHOUSE_01,2026-04-24T13:53:51.485Z,14,31.44,31,31.9,31.1,62,62,62,62,125.8,182,95,CRYING,55.6,58,0,0,338.4,339,0,0,0,14,31.1,62,95,CRYING,0,0,339,58
69eb760dd60a2236063609b1,ESP32_GREENHOUSE_01,2026-04-24T13:54:21.485Z,15,31.41,31.1,31.9,31.9,62,62,62,62,130.3,235,81,CRYING,55.4,56,0,0,338.4,338,0,0,0,15,31.9,62,81,CRYING,0,0,338,56
69eb762bd60a2236063609b2,ESP32_GREENHOUSE_01,2026-04-24T13:54:51.490Z,15,31.37,31,31.8,31.2,62,62,62,62,103.3,201,99,CRYING,56.7,57,0,0,338.2,338,0,0,0,15,31.2,62,99,CRYING,0,0,338,57
69eb7649d60a2236063609b4,ESP32_GREENHOUSE_01,2026-04-24T13:55:21.495Z,15,31.39,31,31.9,31.3,62,62,62,62,115,180,98,CRYING,56,57,0,0,338.5,338,0,0,0,12,31.3,62,98,Quiet,0,0,338,57
69eb7667d60a2236063609b5,ESP32_GREENHOUSE_01,2026-04-24T13:55:51.500Z,15,31.44,31,31.8,31,62,62,62,62,88.8,152,152,Quiet,57.1,56,0,0,338.3,338,0,0,0,0,31,62,152,Quiet,0,0,338,56
69eb7685d60a2236063609b7,ESP32_GREENHOUSE_01,2026-04-24T13:56:21.510Z,15,31.51,31,31.9,31.9,62,62,62,62,168.4,291,256,Quiet,53.7,49,0,0,338.2,338,0,0,0,0,31.9,62,256,Light Activity,0,0,338,49
69eb76a3d60a2236063609bd,ESP32_GREENHOUSE_01,2026-04-24T13:56:51.512Z,15,31.5,31,31.9,31.1,62,62,62,62,168.5,350,142,Quiet,53.7,56,0,0,338.3,339,0,0,0,0,31.1,62,142,Quiet,0,0,339,56
69eb76c1d60a2236063609c2,ESP32_GREENHOUSE_01,2026-04-24T13:57:21.515Z,15,31.43,31,31.9,31.7,62,62,62,62,167.5,300,178,Quiet,53.9,53,0,0,338.3,338,0,0,0,0,31.7,62,178,Quiet,0,0,338,53
69eb76dfd60a2236063609cb,ESP32_GREENHOUSE_01,2026-04-24T13:57:51.536Z,14,31.44,31,31.8,31,62,62,62,62,199,325,299,Quiet,52.6,50,0,0,338.2,338,0,0,0,1,31,62,299,Restless,0,0,338,50
69eb76fdd60a2236063609d1,ESP32_GREENHOUSE_01,2026-04-24T13:58:21.543Z,15,31.52,31,31.9,31.4,62,62,62,62,170,320,111,Quiet,53.7,56,0,0,338.1,338,0,0,0,0,31.4,62,111,Quiet,0,0,338,56
69eb771bd60a2236063609d4,ESP32_GREENHOUSE_01,2026-04-24T13:58:51.543Z,15,31.3,31,31.7,31,62,62,62,62,129.3,258,84,Quiet,55.7,58,0,0,338,338,0,0,0,0,31,62,84,Quiet,0,0,338,58
69eb7739d60a2236063609d5,ESP32_GREENHOUSE_01,2026-04-24T13:59:21.552Z,15,31.45,31,31.9,31.4,62,62,62,62,84.2,107,81,Quiet,57.1,57,0,0,338.3,338,0,0,0,0,31.4,62,81,Quiet,0,0,338,57
69eb7757d60a2236063609d6,ESP32_GREENHOUSE_01,2026-04-24T13:59:51.552Z,15,31.45,31,31.8,31.2,62,62,62,62,118.3,218,90,Quiet,55.7,58,0,0,338.1,338,0,0,0,0,31.2,62,90,Quiet,0,0,338,58
69eb7775d60a2236063609d7,ESP32_GREENHOUSE_01,2026-04-24T14:00:21.559Z,15,31.55,31,31.9,31.4,62,62,62,62,101.3,209,149,Quiet,56.2,55,0,0,338.2,338,0,0,0,0,31.4,62,149,Quiet,0,0,338,55
69eb7793d60a2236063609dc,ESP32_GREENHOUSE_01,2026-04-24T14:00:51.561Z,15,31.53,31.1,31.9,31.4,62,62,62,62,187.3,584,151,Quiet,52.8,55,0,0,337.4,337,0,0,0,0,31.4,62,151,Quiet,0,0,337,55
69eb77b1d60a2236063609e4,ESP32_GREENHOUSE_01,2026-04-24T14:01:21.568Z,14,31.34,31,31.9,31,61.93,61,62,62,235.6,593,184,Quiet,51.8,55,0,0,337,337,0,0,0,1,31,62,184,Quiet,0,0,337,55
69eb77cfd60a2236063609ee,ESP32_GREENHOUSE_01,2026-04-24T14:01:51.583Z,15,31.49,31.1,31.9,31.8,61.8,61,62,62,166.3,321,250,Quiet,54,50,0,0,337,337,0,0,0,1,31.8,62,250,Light Activity,0,0,337,50
69eb77edd60a2236063609f6,ESP32_GREENHOUSE_01,2026-04-24T14:02:21.591Z,15,31.39,31,31.8,31.1,61.4,61,62,61,213.3,634,103,Quiet,52.6,58,0,0,337,337,0,0,0,3,31.1,61,103,Quiet,0,0,337,58
69eb780bd60a223606360a01,ESP32_GREENHOUSE_01,2026-04-24T14:02:51.591Z,15,31.39,31,31.8,31.7,61.8,61,62,62,160.3,300,134,Quiet,54.4,55,0,0,337,337,0,0,0,0,31.7,62,134,Quiet,0,0,337,55
69eb7829d60a223606360a0c,ESP32_GREENHOUSE_01,2026-04-24T14:03:21.591Z,15,31.51,31.1,31.9,31.4,62,62,62,62,272.4,615,589,Light Activity,49.7,38,0,0,337,337,0,0,0,0,31.4,62,589,Restless,0,0,337,38
69eb7847d60a223606360a17,ESP32_GREENHOUSE_01,2026-04-24T14:03:51.601Z,15,31.53,31,31.9,31.9,62,62,62,62,298.4,660,97,Quiet,48.6,55,0,0,337,337,0,0,0,4,31.9,62,97,Quiet,0,0,337,55
69eb7865d60a223606360a21,ESP32_GREENHOUSE_01,2026-04-24T14:04:21.603Z,15,31.45,31.1,31.8,31.6,62,62,62,62,258.5,424,247,Quiet,50.5,50,0,0,337,337,0,0,0,1,31.6,62,247,Light Activity,0,0,337,50
69eb7883d60a223606360a2e,ESP32_GREENHOUSE_01,2026-04-24T14:04:51.611Z,15,31.34,31.1,31.7,31.7,62,62,62,62,357.7,935,144,Restless,46.9,54,0,0,337,337,0,0,0,1,31.7,62,144,Quiet,0,0,337,54
69eb78a1d60a223606360a3a,ESP32_GREENHOUSE_01,2026-04-24T14:05:21.615Z,14,31.42,31,31.9,31.9,62,62,62,62,292.9,474,149,CRYING,49,53,0,0,337,337,0,0,0,5,31.9,62,149,Quiet,0,0,337,53
69eb78bfd60a223606360a44,ESP32_GREENHOUSE_01,2026-04-24T14:05:51.624Z,15,31.48,31.2,31.9,31.4,62,62,62,62,265.5,580,228,Quiet,49.9,52,0,0,337,337,0,0,0,1,31.4,62,228,Light Activity,0,0,337,52
69eb78ddd60a223606360a4b,ESP32_GREENHOUSE_01,2026-04-24T14:06:21.633Z,15,31.43,31,31.9,31.3,62,62,62,62,254.1,591,180,Quiet,50.7,54,0,0,337,337,0,0,0,0,31.3,62,180,Quiet,0,0,337,54
69eb78fbd60a223606360a54,ESP32_GREENHOUSE_01,2026-04-24T14:06:51.648Z,15,31.45,31,31.9,31.6,62,62,62,62,219.9,556,196,Quiet,51.7,52,0,0,337,337,0,0,0,1,31.6,62,196,Quiet,0,0,337,52
69eb7919d60a223606360a59,ESP32_GREENHOUSE_01,2026-04-24T14:07:21.656Z,15,31.49,31,31.9,31,62,62,62,62,158.8,369,245,Quiet,54.2,52,0,0,337,337,0,0,0,0,31,62,245,Light Activity,0,0,337,52
69eb7937d60a223606360a66,ESP32_GREENHOUSE_01,2026-04-24T14:07:51.663Z,15,31.45,31.1,31.9,31.7,61.87,61,62,62,302.5,1023,177,Quiet,48.7,53,0,0,337,337,0,0,0,1,31.7,62,177,Quiet,0,0,337,53
69eb7955d60a223606360a73,ESP32_GREENHOUSE_01,2026-04-24T14:08:21.680Z,15,31.47,31,31.9,31.1,62,62,62,62,251.7,438,200,Quiet,50.6,54,0,0,337.1,337,0,0,0,0,31.1,62,200,Quiet,0,0,337,54
69eb7973d60a223606360a79,ESP32_GREENHOUSE_01,2026-04-24T14:08:51.690Z,14,31.42,31,31.9,31.2,61.86,61,62,62,192.2,320,149,Quiet,53.1,55,0,0,337,337,0,0,0,1,31.2,62,149,Quiet,0,0,337,55
69eb7991d60a223606360a84,ESP32_GREENHOUSE_01,2026-04-24T14:09:21.695Z,15,31.46,31,31.9,31,61.47,61,62,61,305.6,1023,170,Quiet,48.7,56,0,0,337,337,0,0,0,0,31,61,170,Quiet,0,0,337,56
69eb79afd60a223606360a8c,ESP32_GREENHOUSE_01,2026-04-24T14:09:51.696Z,15,31.43,31,31.9,31.3,62,62,62,62,238,381,205,Quiet,51.2,53,0,0,337,337,0,0,0,3,31.3,62,205,Quiet,0,0,337,53
69eb79cdd60a223606360a99,ESP32_GREENHOUSE_01,2026-04-24T14:10:21.707Z,15,31.61,31,31.9,31.9,61.73,61,62,61,262.4,514,169,Quiet,49.8,53,0,0,337,337,0,0,0,2,31.9,61,169,Quiet,0,0,337,53
69eb79ebd60a223606360aa0,ESP32_GREENHOUSE_01,2026-04-24T14:10:51.712Z,15,31.46,31,31.8,31,62,62,62,62,285.7,890,230,CRYING,49.3,53,0,0,335.6,333,0,0,0,10,31,62,230,Light Activity,0,0,333,53
69eb7a09d60a223606360aab,ESP32_GREENHOUSE_01,2026-04-24T14:11:21.714Z,15,31.39,31,31.9,31.8,62,62,62,62,336.1,1023,160,CRYING,47.4,53,0,0,337,337,0,0,0,7,31.8,62,160,Quiet,0,0,337,53
69ec82a065abc16ec863735b,ESP32_GREENHOUSE_01,2026-04-25T09:00:16.735Z,14,34.46,34,34.9,34.6,44,44,44,44,95.2,118,91,CRYING,57.6,58,0,0,407.6,408,0,0,0,14,34.6,44,91,CRYING,0,0,408,58
69ec82be65abc16ec863735c,ESP32_GREENHOUSE_01,2026-04-25T09:00:46.745Z,15,34.47,34,34.9,34.2,43.53,43,44,43,162.4,1023,119,CRYING,54.6,56,0,0,405.9,408,0,0,0,15,34.2,43,119,CRYING,0,0,408,56
69ec82dc65abc16ec863735d,ESP32_GREENHOUSE_01,2026-04-25T09:01:16.746Z,15,34.47,34.1,34.9,34.1,43.2,43,44,43,163.9,508,140,CRYING,54.3,55,0,0,405.3,404,0,0,0,15,34.1,43,140,CRYING,0,0,404,55
69ec82fa65abc16ec863735e,ESP32_GREENHOUSE_01,2026-04-25T09:01:46.748Z,15,34.45,34.1,34.9,34.9,43,43,43,43,112.9,186,80,CRYING,56.1,57,0,0,407.1,409,0,0,0,15,34.9,43,80,CRYING,0,0,409,57
69ec831865abc16ec863735f,ESP32_GREENHOUSE_01,2026-04-25T09:02:16.750Z,15,34.49,34.1,34.9,34.2,43,43,43,43,87.5,103,103,CRYING,57.3,57,0,0,406.5,406,0,0,0,15,34.2,43,103,CRYING,0,0,406,57
69ec833665abc16ec8637360,ESP32_GREENHOUSE_01,2026-04-25T09:02:46.756Z,15,34.48,34,34.9,34.9,43,43,43,43,85.3,109,99,CRYING,57.3,57,0,0,403.7,409,0,0,0,15,34.9,43,99,CRYING,0,0,409,57
69ec835465abc16ec8637361,ESP32_GREENHOUSE_01,2026-04-25T09:03:16.763Z,15,34.5,34,34.9,34.7,43,43,43,43,97.9,123,63,CRYING,56.8,58,0,0,405.7,409,0,0,0,15,34.7,43,63,CRYING,0,0,409,58
69ec837265abc16ec8637362,ESP32_GREENHOUSE_01,2026-04-25T09:03:46.763Z,15,34.43,34,34.9,34,43,43,43,43,79.7,116,75,CRYING,57.5,58,0,0,406.4,406,0,0,0,15,34,43,75,CRYING,0,0,406,58
69ec839065abc16ec8637363,ESP32_GREENHOUSE_01,2026-04-25T09:04:16.767Z,14,34.51,34,34.9,34.1,43,43,43,43,88.2,113,113,CRYING,57.4,56,0,0,408.1,411,0,0,0,14,34.1,43,113,CRYING,0,0,411,56
69ec83ae65abc16ec8637364,ESP32_GREENHOUSE_01,2026-04-25T09:04:46.774Z,15,34.39,34,34.8,34.8,43,43,43,43,94.3,226,78,CRYING,56.9,58,0,0,408.6,411,0,0,0,15,34.8,43,78,CRYING,0,0,411,58
69ec83cc65abc16ec8637365,ESP32_GREENHOUSE_01,2026-04-25T09:05:16.781Z,15,34.39,34,34.8,34.5,43,43,43,43,78.1,97,86,CRYING,57.5,57,0,0,411.7,412,0,0,0,15,34.5,43,86,CRYING,0,0,412,57
69ec83ea65abc16ec8637366,ESP32_GREENHOUSE_01,2026-04-25T09:05:46.793Z,15,34.52,34,34.9,34.7,42.87,42,43,43,77.3,98,73,CRYING,57.6,58,0,0,411.7,412,0,0,0,15,34.7,43,73,CRYING,0,0,412,58
69ec840865abc16ec8637367,ESP32_GREENHOUSE_01,2026-04-25T09:06:16.803Z,15,34.51,34,34.9,34.5,42.8,42,43,43,76.9,94,72,CRYING,57.5,58,0,0,411,411,0,0,0,15,34.5,43,72,CRYING,0,0,411,58
69ec842665abc16ec8637368,ESP32_GREENHOUSE_01,2026-04-25T09:06:46.817Z,15,34.42,34,34.9,34.9,42.4,42,43,42,71.1,83,78,CRYING,57.5,57,0,0,409.9,408,0,0,0,15,34.9,42,78,CRYING,0,0,408,57
69ec844465abc16ec8637369,ESP32_GREENHOUSE_01,2026-04-25T09:07:16.825Z,15,34.57,34.1,34.9,34.5,42.07,42,43,42,75.6,100,67,CRYING,57.1,57,0,0,407.6,409,0,0,0,15,34.5,42,67,CRYING,0,0,409,57
69ec846265abc16ec863736a,ESP32_GREENHOUSE_01,2026-04-25T09:07:46.826Z,15,34.47,34,34.9,34.2,42,42,42,42,76.3,89,55,CRYING,57.1,58,0,0,408.5,408,0,0,0,15,34.2,42,55,CRYING,0,0,408,58
69ec848065abc16ec863736b,ESP32_GREENHOUSE_01,2026-04-25T09:08:16.833Z,14,34.46,34.1,34.9,34.2,42,42,42,42,75.1,111,81,CRYING,57.1,57,0,0,407.6,407,0,0,0,14,34.2,42,81,CRYING,0,0,407,57
69ec849e65abc16ec863736c,ESP32_GREENHOUSE_01,2026-04-25T09:08:46.835Z,15,34.42,34,34.8,34.1,42.07,42,43,42,82.2,105,71,CRYING,56.7,57,0,0,407.3,407,0,0,0,15,34.1,42,71,CRYING,0,0,407,57
69ec84bc65abc16ec863736d,ESP32_GREENHOUSE_01,2026-04-25T09:09:16.850Z,15,34.37,34,34.8,34.4,42.13,42,43,43,85.6,118,69,CRYING,56.7,58,0,0,405.7,405,0,0,0,15,34.4,43,69,CRYING,0,0,405,58
69ec84da65abc16ec863736e,ESP32_GREENHOUSE_01,2026-04-25T09:09:46.854Z,15,34.33,34,34.8,34,42.4,42,43,43,80.9,106,81,CRYING,57,57,0,0,404.7,405,0,0,0,15,34,43,81,CRYING,0,0,405,57
69ec84f865abc16ec863736f,ESP32_GREENHOUSE_01,2026-04-25T09:10:16.858Z,15,34.43,34,34.8,34.7,42.07,42,43,42,82.3,107,78,CRYING,56.8,57,0,0,404.1,404,0,0,0,15,34.7,42,78,CRYING,0,0,404,57
69ec851665abc16ec8637370,ESP32_GREENHOUSE_01,2026-04-25T09:10:46.868Z,15,34.59,34,34.9,34.6,42,42,42,42,70.8,91,91,CRYING,57.1,56,0,0,403.9,405,0,0,0,15,34.6,42,91,CRYING,0,0,405,56
69ec853465abc16ec8637371,ESP32_GREENHOUSE_01,2026-04-25T09:11:16.874Z,15,34.41,34,34.9,34.5,42,42,42,42,78.7,116,83,CRYING,56.9,57,0,0,405.4,404,0,0,0,15,34.5,42,83,CRYING,0,0,404,57
69ec855265abc16ec8637372,ESP32_GREENHOUSE_01,2026-04-25T09:11:46.881Z,15,34.51,34,34.9,34.8,42,42,42,42,82.1,112,59,CRYING,56.9,58,0,0,409.9,419,0,0,0,15,34.8,42,59,CRYING,0,0,419,58
69ec857065abc16ec8637373,ESP32_GREENHOUSE_01,2026-04-25T09:12:16.885Z,14,34.54,34.1,34.9,34.8,42,42,42,42,79.8,102,87,CRYING,56.9,57,0,0,418,417,0,0,0,14,34.8,42,87,CRYING,0,0,417,57
69ec858e65abc16ec8637374,ESP32_GREENHOUSE_01,2026-04-25T09:12:46.888Z,15,34.51,34,34.9,34.5,42,42,42,42,77.8,108,72,CRYING,56.9,57,0,0,416.3,416,0,0,0,15,34.5,42,72,CRYING,0,0,416,57
69ec85ac65abc16ec8637375,ESP32_GREENHOUSE_01,2026-04-25T09:13:16.889Z,15,34.43,34,34.8,34,42,42,42,42,72.6,90,59,CRYING,57.1,58,0,0,415.2,413,0,0,0,15,34,42,59,CRYING,0,0,413,58
69ec85ca65abc16ec8637376,ESP32_GREENHOUSE_01,2026-04-25T09:13:46.898Z,15,34.45,34.1,34.9,34.2,42,42,42,42,74.9,100,71,CRYING,56.9,57,0,0,414.5,414,0,0,0,15,34.2,42,71,CRYING,0,0,414,57
69ec85e865abc16ec8637377,ESP32_GREENHOUSE_01,2026-04-25T09:14:16.904Z,15,34.37,34,34.9,34.3,42,42,42,42,73.7,87,61,CRYING,57.1,58,0,0,413.7,413,0,0,0,15,34.3,42,61,CRYING,0,0,413,58
69ec860665abc16ec8637378,ESP32_GREENHOUSE_01,2026-04-25T09:14:46.909Z,15,34.53,34,34.9,34.7,42,42,42,42,77.2,92,58,CRYING,57.1,58,0,0,413.7,414,0,0,0,15,34.7,42,58,CRYING,0,0,414,58
69ec862465abc16ec8637379,ESP32_GREENHOUSE_01,2026-04-25T09:15:16.918Z,15,34.47,34,34.9,34.4,42,42,42,42,79.1,107,71,CRYING,56.9,57,0,0,414.3,414,0,0,0,15,34.4,42,71,CRYING,0,0,414,57
69ec864265abc16ec863737a,ESP32_GREENHOUSE_01,2026-04-25T09:15:46.923Z,15,34.43,34.1,34.9,34.7,42,42,42,42,80.1,100,76,CRYING,56.9,57,0,0,406.1,404,0,0,0,15,34.7,42,76,CRYING,0,0,404,57
69ec866065abc16ec863737b,ESP32_GREENHOUSE_01,2026-04-25T09:16:16.936Z,14,34.44,34.1,34.9,34.2,42,42,42,42,76.6,104,60,CRYING,57,58,0,0,403.4,402,0,0,0,14,34.2,42,60,CRYING,0,0,402,58
69ec867e65abc16ec863737c,ESP32_GREENHOUSE_01,2026-04-25T09:16:46.947Z,15,34.45,34,34.8,34,42,42,42,42,84.1,115,69,CRYING,56.9,57,0,0,400.6,402,0,0,0,15,34,42,69,CRYING,0,0,402,57
69ec869c65abc16ec863737d,ESP32_GREENHOUSE_01,2026-04-25T09:17:16.947Z,15,34.46,34.1,34.9,34.6,43,43,43,43,58.4,84,35,CRYING,58.4,59,0,0,401.9,401,0,0,0,15,34.6,43,35,CRYING,0,0,401,59
69ec86ba65abc16ec863737e,ESP32_GREENHOUSE_01,2026-04-25T09:17:46.950Z,15,34.49,34,34.9,34.7,43,43,43,43,50.1,107,55,CRYING,58.7,58,0,0,400.7,401,0,0,0,15,34.7,43,55,CRYING,0,0,401,58
69ec86d865abc16ec863737f,ESP32_GREENHOUSE_01,2026-04-25T09:18:16.962Z,15,34.41,34,34.9,34.5,43,43,43,43,42.7,77,28,CRYING,59,60,0,0,399.7,400,0,0,0,15,34.5,43,28,CRYING,0,0,400,60
69ec86f665abc16ec8637380,ESP32_GREENHOUSE_01,2026-04-25T09:18:46.965Z,15,34.61,34.1,34.9,34.2,43,43,43,43,41.5,71,39,CRYING,58.9,59,0,0,399.5,399,0,0,0,15,34.2,43,39,CRYING,0,0,399,59
69ec871465abc16ec8637381,ESP32_GREENHOUSE_01,2026-04-25T09:19:16.965Z,15,34.38,34,34.9,34.6,43,43,43,43,37.4,59,43,CRYING,59,59,0,0,399.2,400,0,0,0,15,34.6,43,43,CRYING,0,0,400,59
69ec873265abc16ec8637382,ESP32_GREENHOUSE_01,2026-04-25T09:19:46.976Z,15,34.52,34,34.9,34.4,43,43,43,43,43.6,67,52,CRYING,58.9,59,0,0,398.9,398,0,0,0,15,34.4,43,52,CRYING,0,0,398,59
69ec875065abc16ec8637383,ESP32_GREENHOUSE_01,2026-04-25T09:20:16.976Z,14,34.46,34,34.9,34.1,43,43,43,43,38.6,52,51,CRYING,59.1,59,0,0,398.5,398,0,0,0,14,34.1,43,51,CRYING,0,0,398,59
69ec876e65abc16ec8637384,ESP32_GREENHOUSE_01,2026-04-25T09:20:46.991Z,15,34.39,34,34.9,34.4,43,43,43,43,46.5,62,54,CRYING,58.9,59,0,0,399.6,400,0,0,0,15,34.4,43,54,CRYING,0,0,400,59
69ec878c65abc16ec8637385,ESP32_GREENHOUSE_01,2026-04-25T09:21:16.996Z,15,34.45,34,34.9,34.7,43,43,43,43,36.1,55,55,CRYING,59.1,58,0,0,399.8,399,0,0,0,15,34.7,43,55,CRYING,0,0,399,58
69ec87ab65abc16ec8637386,ESP32_GREENHOUSE_01,2026-04-25T09:21:47.004Z,15,34.48,34,34.9,34.3,43.33,43,44,43,41.8,60,39,CRYING,59.1,59,0,0,400,400,0,0,0,15,34.3,43,39,CRYING,0,0,400,59
69ec87c965abc16ec8637387,ESP32_GREENHOUSE_01,2026-04-25T09:22:17.006Z,15,34.57,34.3,34.9,34.7,43.73,43,44,44,39,64,42,CRYING,59.6,60,0,0,400.1,400,0,0,0,15,34.7,44,42,CRYING,0,0,400,60
69ec87e765abc16ec8637388,ESP32_GREENHOUSE_01,2026-04-25T09:22:47.017Z,15,34.37,34.1,34.7,34.2,44,44,44,44,38.4,51,39,CRYING,59.8,60,0,0,399.8,400,0,0,0,15,34.2,44,39,CRYING,0,0,400,60
69ec880565abc16ec8637389,ESP32_GREENHOUSE_01,2026-04-25T09:23:17.019Z,15,34.44,34,34.9,34.4,44,44,44,44,39.9,73,54,CRYING,59.7,59,0,0,399.3,399,0,0,0,15,34.4,44,54,CRYING,0,0,399,59
69ec882365abc16ec863738a,ESP32_GREENHOUSE_01,2026-04-25T09:23:47.020Z,14,34.41,34,34.9,34.8,43.93,43,44,44,46.9,88,57,CRYING,59.4,59,0,0,397.9,398,0,0,0,14,34.8,44,57,CRYING,0,0,398,59
69ec884165abc16ec863738b,ESP32_GREENHOUSE_01,2026-04-25T09:24:17.024Z,15,34.49,34,34.9,34.9,44,44,44,44,48.5,103,43,CRYING,59.5,60,0,0,397.3,397,0,0,0,15,34.9,44,43,CRYING,0,0,397,60
69ec885f65abc16ec863738c,ESP32_GREENHOUSE_01,2026-04-25T09:24:47.039Z,15,34.41,34,34.9,34.7,43.67,43,44,44,50.3,107,37,CRYING,59.1,60,0,0,395.7,395,0,0,0,15,34.7,44,37,CRYING,0,0,395,60
69ec887d65abc16ec863738d,ESP32_GREENHOUSE_01,2026-04-25T09:25:17.043Z,15,34.47,34,34.9,34.4,44,44,44,44,48.3,70,49,CRYING,59.4,59,0,0,393.5,393,0,0,0,15,34.4,44,49,CRYING,0,0,393,59
69ec889b65abc16ec8637392,ESP32_GREENHOUSE_01,2026-04-25T09:25:47.056Z,15,34.51,34,34.9,34.3,43.6,43,44,43,46.1,59,50,CRYING,59.3,59,0,0,392.9,393,0,0,0,7,34.3,43,50,Light Activity,0,0,393,59
69ec88b965abc16ec863739c,ESP32_GREENHOUSE_01,2026-04-25T09:26:17.064Z,15,34.47,34,34.9,34.3,43,43,43,43,45.1,73,27,Quiet,58.9,60,0,0,391.7,391,0,0,0,0,34.3,43,27,Quiet,0,0,391,60
69ec88d765abc16ec86373a7,ESP32_GREENHOUSE_01,2026-04-25T09:26:47.070Z,15,34.39,34,34.9,34.9,43,43,43,43,47.1,63,56,Light Activity,58.7,58,0,0,391.3,392,0,0,0,0,34.9,43,56,Light Activity,0,0,392,58
69ec88f565abc16ec86373b3,ESP32_GREENHOUSE_01,2026-04-25T09:27:17.069Z,15,34.29,34,34.6,34.2,43,43,43,43,53.1,85,61,Light Activity,58.6,58,0,0,391.6,391,0,0,0,1,34.2,43,61,Restless,0,0,391,58
69ec891365abc16ec86373bd,ESP32_GREENHOUSE_01,2026-04-25T09:27:47.077Z,14,34.49,34,34.9,34.8,43,43,43,43,56.1,73,73,Light Activity,58.4,58,0,0,391.3,391,0,0,0,0,34.8,43,73,Restless,0,0,391,58
69ec893165abc16ec86373c8,ESP32_GREENHOUSE_01,2026-04-25T09:28:17.079Z,15,34.47,34,34.8,34,43,43,43,43,58.4,136,45,Light Activity,58.4,59,0,0,391.5,392,0,0,0,3,34,43,45,Light Activity,0,0,392,59
69ec894f65abc16ec86373d3,ESP32_GREENHOUSE_01,2026-04-25T09:28:47.088Z,15,34.55,34,34.9,34.5,43,43,43,43,49.3,71,45,Light Activity,58.6,59,0,0,391.1,392,0,0,0,0,34.5,43,45,Light Activity,0,0,392,59
69ec896d65abc16ec86373db,ESP32_GREENHOUSE_01,2026-04-25T09:29:17.094Z,15,34.55,34,34.9,34,43,43,43,43,41.7,55,28,Quiet,59.1,60,0,0,390.9,391,0,0,0,0,34,43,28,Quiet,0,0,391,60
69ec898b65abc16ec86373e4,ESP32_GREENHOUSE_01,2026-04-25T09:29:47.102Z,15,34.55,34.2,34.9,34.8,43,43,43,43,55.2,84,57,Light Activity,58.4,58,0,0,390.9,392,0,0,0,0,34.8,43,57,Light Activity,0,0,392,58
69ec89a965abc16ec86373ef,ESP32_GREENHOUSE_01,2026-04-25T09:30:17.106Z,15,34.33,34,34.8,34.4,43,43,43,43,52.1,100,100,Light Activity,58.7,57,0,0,390.7,391,0,0,0,1,34.4,43,100,CRYING,0,0,391,57
69ec89c765abc16ec86373f8,ESP32_GREENHOUSE_01,2026-04-25T09:30:47.113Z,15,34.45,34,34.9,34.5,43,43,43,43,54.5,101,46,Quiet,58.5,59,0,0,390.8,391,0,0,0,5,34.5,43,46,Light Activity,0,0,391,59
69ec89e565abc16ec8637401,ESP32_GREENHOUSE_01,2026-04-25T09:31:17.128Z,14,34.53,34,34.9,34.6,43,43,43,43,50.1,86,52,Quiet,58.7,59,0,0,389.7,390,0,0,0,1,34.6,43,52,Light Activity,0,0,390,59
69ec8a0365abc16ec863740a,ESP32_GREENHOUSE_01,2026-04-25T09:31:47.140Z,15,34.53,34.1,34.9,34.9,43,43,43,43,48.1,67,49,Quiet,58.7,59,0,0,389.2,389,0,0,0,0,34.9,43,49,Light Activity,0,0,389,59
69ec8a2165abc16ec8637414,ESP32_GREENHOUSE_01,2026-04-25T09:32:17.144Z,15,34.45,34,34.9,34.3,43,43,43,43,58.6,83,51,Light Activity,58.5,59,0,0,389.4,389,0,0,0,1,34.3,43,51,Light Activity,0,0,389,59
69ec8a3f65abc16ec8637420,ESP32_GREENHOUSE_01,2026-04-25T09:32:47.150Z,15,34.49,34.1,34.9,34.2,43,43,43,43,51.5,69,57,Quiet,58.5,58,0,0,389.4,389,0,0,0,1,34.2,43,57,Light Activity,0,0,389,58
69ec8a5d65abc16ec8637428,ESP32_GREENHOUSE_01,2026-04-25T09:33:17.164Z,15,34.37,34.1,34.9,34.6,43,43,43,43,42.3,59,35,Quiet,58.9,59,0,0,388.9,388,0,0,0,0,34.6,43,35,Quiet,0,0,388,59
69ec8a7b65abc16ec863742e,ESP32_GREENHOUSE_01,2026-04-25T09:33:47.178Z,15,34.51,34,34.9,34.2,43,43,43,43,34.4,47,46,Quiet,59.1,59,0,0,389,389,0,0,0,0,34.2,43,46,Light Activity,0,0,389,59
69ec8a9965abc16ec8637436,ESP32_GREENHOUSE_01,2026-04-25T09:34:17.193Z,15,34.37,34,34.7,34.6,43,43,43,43,40.6,55,42,Quiet,58.9,59,0,0,388.5,388,0,0,0,0,34.6,43,42,Quiet,0,0,388,59
69ec8ab765abc16ec8637441,ESP32_GREENHOUSE_01,2026-04-25T09:34:47.197Z,15,34.49,34.1,34.9,34.3,43,43,43,43,47.3,60,59,Light Activity,58.7,58,0,0,387.9,388,0,0,0,0,34.3,43,59,Restless,0,0,388,58
69ec8ad565abc16ec8637446,ESP32_GREENHOUSE_01,2026-04-25T09:35:17.199Z,14,34.43,34.1,34.8,34.6,43,43,43,43,36.8,49,42,Quiet,59.2,59,0,0,387.4,387,0,0,0,0,34.6,43,42,Quiet,0,0,387,59
69ec8af365abc16ec863744f,ESP32_GREENHOUSE_01,2026-04-25T09:35:47.210Z,15,34.49,34,34.9,34.7,43,43,43,43,43.9,60,53,Quiet,58.9,59,0,0,387,386,0,0,0,0,34.7,43,53,Light Activity,0,0,386,59
69ec8b1165abc16ec8637457,ESP32_GREENHOUSE_01,2026-04-25T09:36:17.213Z,15,34.51,34,34.9,34.1,43,43,43,43,47.7,60,45,Light Activity,58.8,59,0,0,386.7,387,0,0,0,0,34.1,43,45,Light Activity,0,0,387,59
69ec8b2f65abc16ec863745b,ESP32_GREENHOUSE_01,2026-04-25T09:36:47.213Z,15,34.39,34,34.9,34,43,43,43,43,37.7,57,31,Quiet,59,59,0,0,385.3,385,0,0,0,0,34,43,31,Quiet,0,0,385,59
69ec8b4d65abc16ec8637463,ESP32_GREENHOUSE_01,2026-04-25T09:37:17.219Z,15,34.54,34.2,34.9,34.4,43,43,43,43,53.4,87,62,Light Activity,58.5,58,0,0,386.1,387,0,0,0,3,34.4,43,62,Restless,0,0,387,58
69ec8b6b65abc16ec863746f,ESP32_GREENHOUSE_01,2026-04-25T09:37:47.219Z,15,34.54,34.1,34.9,34.7,43,43,43,43,53.9,80,37,Light Activity,58.5,59,0,0,387.6,388,0,0,0,3,34.7,43,37,Quiet,0,0,388,59
69ec8b8965abc16ec863747c,ESP32_GREENHOUSE_01,2026-04-25T09:38:17.225Z,15,34.39,34,34.9,34,43,43,43,43,55.4,84,47,Light Activity,58.5,59,0,0,386.9,387,0,0,0,1,34,43,47,Light Activity,0,0,387,59
69ec8ba765abc16ec8637482,ESP32_GREENHOUSE_01,2026-04-25T09:38:47.236Z,15,34.44,34.1,34.9,34.3,43,43,43,43,37.9,67,29,Quiet,59.1,59,0,0,386.9,387,0,0,0,0,34.3,43,29,Quiet,0,0,387,59
69ec8bc565abc16ec8637486,ESP32_GREENHOUSE_01,2026-04-25T09:39:17.241Z,14,34.52,34,34.9,34.9,43,43,43,43,34.5,46,45,Quiet,59.2,59,0,0,386.2,386,0,0,0,0,34.9,43,45,Light Activity,0,0,386,59
69ec8be365abc16ec863748a,ESP32_GREENHOUSE_01,2026-04-25T09:39:47.255Z,15,34.43,34,34.9,34.4,43,43,43,43,38,69,23,Quiet,59.1,60,0,0,385.8,385,0,0,0,0,34.4,43,23,Quiet,0,0,385,60
69ec8c0165abc16ec863748f,ESP32_GREENHOUSE_01,2026-04-25T09:40:17.265Z,15,34.39,34,34.9,34.2,43,43,43,43,63.1,196,48,CRYING,58.2,59,0,0,384.9,385,0,0,0,8,34.2,43,48,Light Activity,0,0,385,59
69ec8c1f65abc16ec8637499,ESP32_GREENHOUSE_01,2026-04-25T09:40:47.277Z,15,34.51,34,34.9,34.7,43,43,43,43,54.3,98,98,Light Activity,58.5,57,0,0,384.2,384,0,0,0,1,34.7,43,98,CRYING,0,0,384,57
69ec8c3d65abc16ec863749d,ESP32_GREENHOUSE_01,2026-04-25T09:41:17.276Z,15,34.59,34.2,34.9,34.7,43,43,43,43,74.8,299,44,CRYING,57.8,59,0,0,383.2,383,0,0,0,10,34.7,43,44,CRYING,0,0,383,59
69ec8c5b65abc16ec86374a3,ESP32_GREENHOUSE_01,2026-04-25T09:41:47.282Z,15,34.39,34,34.9,34.3,43,43,43,43,50.5,106,50,Quiet,58.6,59,0,0,383.5,384,0,0,0,4,34.3,43,50,Light Activity,0,0,384,59
69ec8c7965abc16ec86374ac,ESP32_GREENHOUSE_01,2026-04-25T09:42:17.288Z,15,34.53,34,34.9,34.8,43,43,43,43,38.9,67,30,Quiet,59,59,0,0,383.7,383,0,0,0,0,34.8,43,30,Quiet,0,0,383,59
69ec8c9765abc16ec86374af,ESP32_GREENHOUSE_01,2026-04-25T09:42:47.292Z,15,34.41,34,34.9,34.6,43,43,43,43,33.7,44,37,Quiet,59.3,59,0,0,383.8,383,0,0,0,0,34.6,43,37,Quiet,0,0,383,59
69ec8cb565abc16ec86374b4,ESP32_GREENHOUSE_01,2026-04-25T09:43:17.305Z,14,34.54,34,34.9,34.9,43,43,43,43,43,77,33,Quiet,58.9,59,0,0,383.7,384,0,0,0,0,34.9,43,33,Quiet,0,0,384,59
69ec8cd365abc16ec86374b9,ESP32_GREENHOUSE_01,2026-04-25T09:43:47.305Z,15,34.49,34,34.8,34.7,43,43,43,43,39.4,49,34,Quiet,59.1,59,0,0,383.5,383,0,0,0,0,34.7,43,34,Quiet,0,0,383,59
69ec8cf165abc16ec86374c4,ESP32_GREENHOUSE_01,2026-04-25T09:44:17.319Z,15,34.57,34.1,34.9,34.4,43,43,43,43,47.2,68,35,Light Activity,58.7,59,0,0,383.5,385,0,0,0,1,34.4,43,35,Quiet,0,0,385,59
69ec8d0f65abc16ec86374cf,ESP32_GREENHOUSE_01,2026-04-25T09:44:47.324Z,15,34.39,34,34.9,34.2,42.53,42,43,42,46.1,66,42,Quiet,58.5,58,0,0,384.1,384,0,0,0,0,34.2,42,42,Quiet,0,0,384,58
69ec8d2d65abc16ec86374d6,ESP32_GREENHOUSE_01,2026-04-25T09:45:17.331Z,15,34.39,34,34.8,34.5,42.8,42,43,43,40.1,51,42,Quiet,58.9,59,0,0,383.8,383,0,0,0,0,34.5,43,42,Quiet,0,0,383,59
69ec8d4b65abc16ec86374de,ESP32_GREENHOUSE_01,2026-04-25T09:45:47.337Z,15,34.55,34.2,34.9,34.3,42.93,42,43,43,42.7,65,50,Quiet,58.9,59,0,0,382.9,383,0,0,0,0,34.3,43,50,Light Activity,0,0,383,59
69ec8d6965abc16ec86374e7,ESP32_GREENHOUSE_01,2026-04-25T09:46:17.340Z,15,34.57,34.2,34.9,34.5,42.33,42,43,42,52.5,84,53,Light Activity,58.2,58,0,0,383.8,384,0,0,0,0,34.5,42,53,Light Activity,0,0,384,58
69ec8d8765abc16ec86374ef,ESP32_GREENHOUSE_01,2026-04-25T09:46:47.346Z,14,34.51,34.1,34.9,34.9,42,42,42,42,39.5,53,39,Quiet,58.5,58,0,0,384.1,385,0,0,0,0,34.9,42,39,Quiet,0,0,385,58
69ec8da565abc16ec86374f4,ESP32_GREENHOUSE_01,2026-04-25T09:47:17.359Z,15,34.43,34,34.8,34.6,42,42,42,42,34.7,55,24,Quiet,58.8,59,0,0,385.3,385,0,0,0,0,34.6,42,24,Quiet,0,0,385,59
69ec8dc365abc16ec86374f8,ESP32_GREENHOUSE_01,2026-04-25T09:47:47.364Z,15,34.41,34,34.9,34,42.47,42,43,43,36.4,52,52,Quiet,59,59,0,0,385.6,385,0,0,0,0,34,43,52,Light Activity,0,0,385,59
69ec8de165abc16ec8637502,ESP32_GREENHOUSE_01,2026-04-25T09:48:17.374Z,15,34.53,34,34.9,34.6,42.13,42,43,42,43,59,48,Quiet,58.3,58,0,0,385.4,385,0,0,0,0,34.6,42,48,Light Activity,0,0,385,58
69ec8dff65abc16ec8637509,ESP32_GREENHOUSE_01,2026-04-25T09:48:47.385Z,15,34.37,34,34.9,34.9,42,42,42,42,45.4,74,32,Quiet,58.1,59,0,0,386.1,387,0,0,0,0,34.9,42,32,Quiet,0,0,387,59
69ec8e1d65abc16ec863750f,ESP32_GREENHOUSE_01,2026-04-25T09:49:17.401Z,15,34.33,34,34.9,34,42,42,42,42,39.5,72,37,Quiet,58.5,59,0,0,386.5,386,0,0,0,0,34,42,37,Quiet,0,0,386,59
69ec8e3b65abc16ec8637517,ESP32_GREENHOUSE_01,2026-04-25T09:49:47.402Z,15,34.53,34,34.9,34.9,42.27,42,43,42,38.6,58,46,Quiet,58.8,58,0,0,387.5,387,0,0,0,0,34.9,42,46,Light Activity,0,0,387,58
69ec8e5965abc16ec8637522,ESP32_GREENHOUSE_01,2026-04-25T09:50:17.414Z,15,34.39,34.1,34.8,34.3,42.13,42,43,43,41.6,69,37,Quiet,58.4,59,0,0,388.6,389,0,0,0,0,34.3,43,37,Quiet,0,0,389,59
69ec8e7765abc16ec863752c,ESP32_GREENHOUSE_01,2026-04-25T09:50:47.425Z,14,34.56,34.2,34.9,34.4,43,43,43,43,44.6,88,69,Quiet,58.9,58,0,0,388.3,389,0,0,0,2,34.4,43,69,Restless,0,0,389,58
69ec8e9565abc16ec8637539,ESP32_GREENHOUSE_01,2026-04-25T09:51:17.440Z,15,34.6,34.3,34.9,34.3,42.93,42,43,42,60.8,142,41,Quiet,58.1,58,0,0,388.7,390,0,0,0,3,34.3,42,41,Quiet,0,0,390,58
69ec8eb365abc16ec863753f,ESP32_GREENHOUSE_01,2026-04-25T09:51:47.444Z,15,34.45,34,34.9,34.9,42.87,42,43,43,40.6,48,48,Quiet,58.9,59,0,0,390.7,392,0,0,0,0,34.9,43,48,Light Activity,0,0,392,59
69ec8ed165abc16ec8637549,ESP32_GREENHOUSE_01,2026-04-25T09:52:17.447Z,15,34.59,34.2,34.9,34.9,43,43,43,43,44.1,66,59,Quiet,58.8,58,0,0,391.7,393,0,0,0,0,34.9,43,59,Restless,0,0,393,58
69ec8eef65abc16ec8637553,ESP32_GREENHOUSE_01,2026-04-25T09:52:47.453Z,15,34.49,34,34.9,34.9,43,43,43,43,42.3,78,51,Quiet,59.1,59,0,0,390.5,391,0,0,0,1,34.9,43,51,Light Activity,0,0,391,59
69ec8f0d65abc16ec863755d,ESP32_GREENHOUSE_01,2026-04-25T09:53:17.454Z,15,34.43,34,34.8,34.3,43,43,43,43,43.3,92,45,Quiet,58.8,59,0,0,390.7,393,0,0,0,1,34.3,43,45,Light Activity,0,0,393,59
69ec8f2b65abc16ec863755f,ESP32_GREENHOUSE_01,2026-04-25T09:53:47.466Z,15,34.42,34.1,34.9,34.5,43,43,43,43,32.7,42,26,Quiet,59.2,60,0,0,392.3,392,0,0,0,0,34.5,43,26,Quiet,0,0,392,60
69ec8f4965abc16ec8637562,ESP32_GREENHOUSE_01,2026-04-25T09:54:17.476Z,15,34.46,34,34.8,34.7,43,43,43,43,33.6,44,37,Quiet,59.1,59,0,0,391.7,391,0,0,0,0,34.7,43,37,Quiet,0,0,391,59
69ec8f6765abc16ec863756a,ESP32_GREENHOUSE_01,2026-04-25T09:54:47.481Z,14,34.5,34.1,34.9,34.8,43,43,43,43,42.4,71,36,Quiet,58.9,59,0,0,391,390,0,0,0,0,34.8,43,36,Quiet,0,0,390,59
69ec8f8565abc16ec863756f,ESP32_GREENHOUSE_01,2026-04-25T09:55:17.493Z,15,34.37,34,34.8,34.1,42.93,42,43,43,38.1,51,39,Quiet,59,59,0,0,389.9,390,0,0,0,0,34.1,43,39,Quiet,0,0,390,59
69ec8fa365abc16ec8637573,ESP32_GREENHOUSE_01,2026-04-25T09:55:47.500Z,15,34.37,34,34.9,34.6,42.8,42,43,43,35.6,48,34,Quiet,59.1,59,0,0,388.5,388,0,0,0,2,34.6,43,34,Quiet,0,0,388,59
69ec8fc165abc16ec863757a,ESP32_GREENHOUSE_01,2026-04-25T09:56:17.511Z,15,34.51,34,34.9,34.5,42.87,42,43,43,39.5,56,36,Quiet,58.9,59,0,0,387,386,0,0,0,0,34.5,43,36,Quiet,0,0,386,59
69ec8fdf65abc16ec8637581,ESP32_GREENHOUSE_01,2026-04-25T09:56:47.519Z,15,34.52,34,34.9,34.1,42.4,42,43,42,42.5,73,33,Quiet,58.7,59,0,0,385.3,385,0,0,0,0,34.1,42,33,Quiet,0,0,385,59
69ec8ffd65abc16ec8637582,ESP32_GREENHOUSE_01,2026-04-25T09:57:17.534Z,15,34.45,34,34.8,34.8,42.73,42,43,43,31.3,42,29,Quiet,59.3,59,0,0,384.3,384,0,0,0,0,34.8,43,29,Quiet,0,0,384,59
69ec901b65abc16ec8637587,ESP32_GREENHOUSE_01,2026-04-25T09:57:47.549Z,15,34.55,34,34.9,34.7,42.93,42,43,43,33.3,49,26,Quiet,59.3,60,0,0,382.8,382,0,0,0,0,34.7,43,26,Quiet,0,0,382,60
69ec903965abc16ec863758a,ESP32_GREENHOUSE_01,2026-04-25T09:58:17.561Z,14,34.46,34,34.9,34.5,42.57,42,43,43,33.4,44,40,Quiet,59,59,0,0,382.7,383,0,0,0,0,34.5,43,40,Quiet,0,0,383,59
69ec905765abc16ec8637594,ESP32_GREENHOUSE_01,2026-04-25T09:58:47.560Z,15,34.44,34,34.9,34.9,42.67,42,43,43,37.2,57,24,Quiet,59.1,60,0,0,382.9,382,0,0,0,1,34.9,43,24,Quiet,0,0,382,60
69ec907565abc16ec8637599,ESP32_GREENHOUSE_01,2026-04-25T09:59:17.569Z,15,34.45,34.1,34.8,34.5,43,43,43,43,35.5,53,33,Quiet,59.1,59,0,0,383,383,0,0,0,0,34.5,43,33,Quiet,0,0,383,59
69ec909365abc16ec863759e,ESP32_GREENHOUSE_01,2026-04-25T09:59:47.581Z,15,34.41,34,34.9,34.5,43,43,43,43,34.1,50,23,Quiet,59.2,60,0,0,383.5,383,0,0,0,0,34.5,43,23,Quiet,0,0,383,60
69ec90b165abc16ec86375a1,ESP32_GREENHOUSE_01,2026-04-25T10:00:17.594Z,15,34.55,34,34.8,34.7,42.8,42,43,43,37.2,51,43,Quiet,59,59,0,0,383.5,384,0,0,0,0,34.7,43,43,Quiet,0,0,384,59
69ec90cf65abc16ec86375ab,ESP32_GREENHOUSE_01,2026-04-25T10:00:47.602Z,15,34.53,34,34.8,34,42.67,42,43,42,56.1,79,79,Restless,58.3,57,0,0,384.1,383,0,0,0,2,34,42,79,Restless,0,0,383,57
69ec90ed65abc16ec86375b2,ESP32_GREENHOUSE_01,2026-04-25T10:01:17.616Z,15,34.45,34,34.9,34,42.13,42,43,43,63.2,96,87,Light Activity,57.6,57,0,0,384.1,385,0,0,0,3,34,43,87,Restless,0,0,385,57
69ec910b65abc16ec86375b4,ESP32_GREENHOUSE_01,2026-04-25T10:01:47.623Z,15,34.59,34.2,34.9,34.4,42,42,42,42,113.5,221,56,CRYING,55.5,58,0,0,384.7,385,0,0,0,15,34.4,42,56,CRYING,0,0,385,58
69ec912965abc16ec86375b6,ESP32_GREENHOUSE_01,2026-04-25T10:02:17.626Z,14,34.51,34.1,34.9,34.3,42.29,42,43,42,35.9,50,33,CRYING,58.9,59,0,0,384.3,384,0,0,0,9,34.3,42,33,Quiet,0,0,384,59
69ec914765abc16ec86375bc,ESP32_GREENHOUSE_01,2026-04-25T10:02:47.640Z,15,34.6,34,34.9,34.6,42.13,42,43,42,40.7,63,37,Quiet,58.6,59,0,0,385.7,386,0,0,0,0,34.6,42,37,Quiet,0,0,386,59
69ec916565abc16ec86375c6,ESP32_GREENHOUSE_01,2026-04-25T10:03:17.646Z,15,34.49,34,34.9,34.3,42,42,42,42,50.5,77,44,Light Activity,58,58,0,0,385.5,384,0,0,0,3,34.3,42,44,Light Activity,0,0,384,58
69ec918365abc16ec86375d1,ESP32_GREENHOUSE_01,2026-04-25T10:03:47.655Z,15,34.36,34,34.9,34,42,42,42,42,49.2,83,53,Light Activity,58.1,58,0,0,383.3,383,0,0,0,3,34,42,53,CRYING,0,0,383,58
69ec91a165abc16ec86375da,ESP32_GREENHOUSE_01,2026-04-25T10:04:17.662Z,15,34.54,34.3,34.9,34.6,42,42,42,42,66.9,134,51,CRYING,57.4,58,0,0,382.7,383,0,0,0,5,34.6,42,51,Light Activity,0,0,383,58
69ec91bf65abc16ec86375e5,ESP32_GREENHOUSE_01,2026-04-25T10:04:47.667Z,15,34.51,34,34.9,34.9,42.27,42,43,42,48.5,61,45,Light Activity,58.3,58,0,0,383.9,385,0,0,0,0,34.9,42,45,Light Activity,0,0,385,58
69ec91dd65abc16ec86375f0,ESP32_GREENHOUSE_01,2026-04-25T10:05:17.680Z,15,34.53,34,34.9,34.4,42.67,42,43,43,40.7,57,46,Quiet,58.7,59,0,0,383.2,383,0,0,0,0,34.4,43,46,Light Activity,0,0,383,59
69ec91fb65abc16ec86375fb,ESP32_GREENHOUSE_01,2026-04-25T10:05:47.682Z,15,34.53,34.1,34.8,34.5,42.93,42,43,43,44.5,73,30,Quiet,58.9,59,0,0,381.1,380,0,0,0,1,34.5,43,30,Quiet,0,0,380,59
69ec921965abc16ec86375fe,ESP32_GREENHOUSE_01,2026-04-25T10:06:17.687Z,14,34.58,34,34.9,34.6,42.79,42,43,42,37.6,49,41,Quiet,58.9,58,0,0,380.7,381,0,0,0,0,34.6,42,41,Quiet,0,0,381,58
69ec923765abc16ec8637605,ESP32_GREENHOUSE_01,2026-04-25T10:06:47.694Z,15,34.38,34,34.8,34.5,42.27,42,43,42,41.1,61,30,Quiet,58.7,59,0,0,380.7,381,0,0,0,0,34.5,42,30,Quiet,0,0,381,59
69ec925565abc16ec8637606,ESP32_GREENHOUSE_01,2026-04-25T10:07:17.695Z,15,34.35,34.1,34.8,34.4,42.07,42,43,42,30.4,41,28,Quiet,58.9,59,0,0,380,379,0,0,0,0,34.4,42,28,Quiet,0,0,379,59
69ec927365abc16ec863760d,ESP32_GREENHOUSE_01,2026-04-25T10:07:47.696Z,15,34.4,34,34.9,34.7,42.6,42,43,42,44.1,113,50,Quiet,58.7,58,0,0,376,378,0,0,0,2,34.7,42,50,Light Activity,0,0,378,58
69ec929165abc16ec8637616,ESP32_GREENHOUSE_01,2026-04-25T10:08:17.706Z,15,34.43,34,34.9,34.4,42,42,42,42,43.1,80,37,Quiet,58.3,59,0,0,378.7,381,0,0,0,0,34.4,42,37,Quiet,0,0,381,59
69ec92af65abc16ec863761d,ESP32_GREENHOUSE_01,2026-04-25T10:08:47.709Z,15,34.28,34,34.7,34.1,42,42,42,42,40.3,70,23,Quiet,58.4,59,0,0,380.2,380,0,0,0,0,34.1,42,23,Quiet,0,0,380,59
69ec92cd65abc16ec863761f,ESP32_GREENHOUSE_01,2026-04-25T10:09:17.723Z,15,34.31,34,34.9,34,42,42,42,42,32,53,53,Quiet,58.9,58,0,0,380.1,380,0,0,0,0,34,42,53,Light Activity,0,0,380,58
69ec92eb65abc16ec8637624,ESP32_GREENHOUSE_01,2026-04-25T10:09:47.733Z,15,34.45,34,34.9,34.6,42,42,42,42,38.1,66,35,Quiet,58.5,59,0,0,379.5,380,0,0,0,0,34.6,42,35,Quiet,0,0,380,59
69ec930965abc16ec8637629,ESP32_GREENHOUSE_01,2026-04-25T10:10:17.743Z,14,34.35,34,34.9,34.2,42,42,42,42,33.4,47,25,Quiet,58.8,59,0,0,379.9,381,0,0,0,0,34.2,42,25,Quiet,0,0,381,59
69ec932765abc16ec8637630,ESP32_GREENHOUSE_01,2026-04-25T10:10:47.743Z,15,34.4,34,34.8,34.2,42,42,42,42,41.7,83,83,Quiet,58.5,57,0,0,380.1,380,0,0,0,1,34.2,42,83,CRYING,0,0,380,57
69ec934565abc16ec863763c,ESP32_GREENHOUSE_01,2026-04-25T10:11:17.754Z,15,34.55,34.1,34.9,34.1,42,42,42,42,50.4,92,92,Quiet,57.9,56,0,0,378.3,377,0,0,0,2,34.1,42,92,CRYING,0,0,377,56
69ec936365abc16ec8637641,ESP32_GREENHOUSE_01,2026-04-25T10:11:47.756Z,15,34.35,34,34.9,34,42,42,42,42,60.1,111,53,CRYING,57.5,58,0,0,375.7,376,0,0,0,8,34,42,53,Light Activity,0,0,376,58
69ec938165abc16ec863764d,ESP32_GREENHOUSE_01,2026-04-25T10:12:17.767Z,15,34.53,34,34.9,34.8,42,42,42,42,46.5,61,46,Light Activity,58.3,58,0,0,374.9,374,0,0,0,0,34.8,42,46,Light Activity,0,0,374,58
69ec939f65abc16ec8637653,ESP32_GREENHOUSE_01,2026-04-25T10:12:47.779Z,15,34.41,34,34.9,34.2,42,42,42,42,36.5,70,31,Quiet,58.7,59,0,0,373.1,372,0,0,0,0,34.2,42,31,Quiet,0,0,372,59
69ec93bd65abc16ec863765d,ESP32_GREENHOUSE_01,2026-04-25T10:13:17.791Z,15,34.3,34,34.7,34,42,42,42,42,48.3,71,71,Quiet,58.1,57,0,0,371.7,373,0,0,0,0,34,42,71,Restless,0,0,373,57
69ec93db65abc16ec8637665,ESP32_GREENHOUSE_01,2026-04-25T10:13:47.805Z,14,34.44,34,34.9,34.8,42,42,42,42,43.2,92,33,Quiet,58.3,59,0,0,371.4,370,0,0,0,1,34.8,42,33,Quiet,0,0,370,59
69ec93f965abc16ec8637671,ESP32_GREENHOUSE_01,2026-04-25T10:14:17.807Z,15,34.4,34,34.8,34.3,42,42,42,42,49.1,106,39,Quiet,58,58,0,0,369.7,371,0,0,0,0,34.3,42,39,Quiet,0,0,371,58
69ec941765abc16ec8637677,ESP32_GREENHOUSE_01,2026-04-25T10:14:47.819Z,15,34.31,34,34.7,34.3,42,42,42,42,38.1,72,44,Quiet,58.6,58,0,0,371.1,370,0,0,0,0,34.3,42,44,Light Activity,0,0,370,58
69ec943565abc16ec8637679,ESP32_GREENHOUSE_01,2026-04-25T10:15:17.820Z,15,34.44,34,34.9,34.9,42,42,42,42,35.1,58,34,Quiet,58.7,59,0,0,370.3,371,0,0,0,0,34.9,42,34,Quiet,0,0,371,59
69ec945365abc16ec863767e,ESP32_GREENHOUSE_01,2026-04-25T10:15:47.823Z,15,34.4,34,34.8,34.3,42,42,42,42,35.9,48,20,Quiet,58.6,59,0,0,371.3,371,0,0,0,0,34.3,42,20,Quiet,0,0,371,59
69ec947165abc16ec863767f,ESP32_GREENHOUSE_01,2026-04-25T10:16:17.830Z,15,34.46,34,34.9,34.2,42,42,42,42,31.3,42,34,Quiet,58.9,59,0,0,370.3,370,0,0,0,0,34.2,42,34,Quiet,0,0,370,59
69ec948f65abc16ec8637680,ESP32_GREENHOUSE_01,2026-04-25T10:16:47.840Z,15,34.47,34,34.9,34.1,42,42,42,42,33.7,39,28,Quiet,58.9,59,0,0,370.9,371,0,0,0,0,34.1,42,28,Quiet,0,0,371,59
69ec94ad65abc16ec8637689,ESP32_GREENHOUSE_01,2026-04-25T10:17:17.841Z,15,34.46,34,34.9,34.4,42,42,42,42,43.7,100,36,Quiet,58.4,59,0,0,370.9,372,0,0,0,2,34.4,42,36,CRYING,0,0,372,59
69ec94cb65abc16ec863768d,ESP32_GREENHOUSE_01,2026-04-25T10:17:47.855Z,14,34.31,34,34.7,34.7,42,42,42,42,32.1,57,30,Quiet,58.9,59,0,0,370.9,370,0,0,0,0,34.7,42,30,Quiet,0,0,370,59
69ec94e965abc16ec8637697,ESP32_GREENHOUSE_01,2026-04-25T10:18:17.868Z,15,34.43,34,34.9,34.4,42,42,42,42,43.2,66,36,Quiet,58.3,59,0,0,369.9,369,0,0,0,0,34.4,42,36,Quiet,0,0,369,59
69ec950765abc16ec863769a,ESP32_GREENHOUSE_01,2026-04-25T10:18:47.880Z,15,34.39,34,34.9,34.6,42,42,42,42,32.1,45,27,Quiet,58.8,59,0,0,369.1,369,0,0,0,0,34.6,42,27,Quiet,0,0,369,59
69ec952565abc16ec863769d,ESP32_GREENHOUSE_01,2026-04-25T10:19:17.881Z,15,34.45,34,34.9,34.9,42,42,42,42,32.5,46,35,Quiet,58.9,59,0,0,369.1,369,0,0,0,0,34.9,42,35,Quiet,0,0,369,59
69ec954365abc16ec86376a0,ESP32_GREENHOUSE_01,2026-04-25T10:19:47.893Z,15,34.47,34,34.9,34.2,41.8,41,42,42,31.8,52,39,Quiet,58.6,58,0,0,369.1,370,0,0,0,0,34.2,42,39,Quiet,0,0,370,58
69ec956165abc16ec86376a7,ESP32_GREENHOUSE_01,2026-04-25T10:20:17.904Z,15,34.43,34,34.8,34.3,41.4,41,42,41,38,56,30,Quiet,58.1,58,0,0,368.3,368,0,0,0,0,34.3,41,30,Quiet,0,0,368,58
69ec957f65abc16ec86376af,ESP32_GREENHOUSE_01,2026-04-25T10:20:47.912Z,15,34.44,34,34.9,34.7,41.8,41,42,42,38.9,53,53,Quiet,58.3,58,0,0,368.1,367,0,0,0,0,34.7,42,53,Light Activity,0,0,367,58
69ec959d65abc16ec86376b7,ESP32_GREENHOUSE_01,2026-04-25T10:21:17.918Z,15,34.44,34,34.9,34.2,42,42,42,42,40.6,57,35,Quiet,58.5,59,0,0,368,367,0,0,0,0,34.2,42,35,Quiet,0,0,367,59
69ec95bb65abc16ec86376c0,ESP32_GREENHOUSE_01,2026-04-25T10:21:47.925Z,14,34.35,34,34.9,34.1,42,42,42,42,55.2,93,34,CRYING,57.8,59,0,0,368.4,370,0,0,0,6,34.1,42,34,Quiet,0,0,370,59
69ec95d965abc16ec86376c7,ESP32_GREENHOUSE_01,2026-04-25T10:22:17.926Z,15,34.43,34,34.9,34.9,42,42,42,42,36.5,60,33,Quiet,58.7,59,0,0,367.9,367,0,0,0,0,34.9,42,33,Quiet,0,0,367,59
69ec95f765abc16ec86376ca,ESP32_GREENHOUSE_01,2026-04-25T10:22:47.935Z,15,34.43,34,34.9,34.4,42,42,42,42,33.8,46,36,Quiet,58.9,59,0,0,367.5,368,0,0,0,0,34.4,42,36,Quiet,0,0,368,59
69ec961565abc16ec86376d1,ESP32_GREENHOUSE_01,2026-04-25T10:23:17.939Z,15,34.42,34,34.9,34.3,42,42,42,42,40.2,65,65,Quiet,58.5,57,0,0,367.7,368,0,0,0,0,34.3,42,65,Restless,0,0,368,57
69ec963365abc16ec86376d9,ESP32_GREENHOUSE_01,2026-04-25T10:23:47.945Z,15,34.45,34,34.8,34.8,42,42,42,42,39.5,52,31,Quiet,58.5,59,0,0,367.9,367,0,0,0,0,34.8,42,31,Quiet,0,0,367,59
69ec965165abc16ec86376e4,ESP32_GREENHOUSE_01,2026-04-25T10:24:17.951Z,15,34.48,34.1,34.9,34.4,42,42,42,42,47.5,84,38,Quiet,58.2,59,0,0,367.3,367,0,0,0,0,34.4,42,38,Quiet,0,0,367,59
69ec966f65abc16ec86376eb,ESP32_GREENHOUSE_01,2026-04-25T10:24:47.963Z,15,34.49,34,34.9,34.4,42,42,42,42,39.3,57,25,Quiet,58.5,59,0,0,367.7,367,0,0,0,0,34.4,42,25,Quiet,0,0,367,59
69ec968d65abc16ec86376f5,ESP32_GREENHOUSE_01,2026-04-25T10:25:17.974Z,14,34.45,34,34.8,34.4,42,42,42,42,45.2,61,57,Light Activity,58.3,58,0,0,366.1,366,0,0,0,0,34.4,42,57,Light Activity,0,0,366,58
69ec96ab65abc16ec86376ff,ESP32_GREENHOUSE_01,2026-04-25T10:25:47.975Z,15,34.52,34,34.9,34.7,42,42,42,42,44.2,62,52,Quiet,58.3,58,0,0,366.5,366,0,0,0,0,34.7,42,52,Light Activity,0,0,366,58
69ec96c965abc16ec8637708,ESP32_GREENHOUSE_01,2026-04-25T10:26:17.981Z,15,34.43,34,34.9,34.3,42,42,42,42,47.2,69,49,Light Activity,58.3,58,0,0,366.1,366,0,0,0,0,34.3,42,49,Light Activity,0,0,366,58
69ec96e765abc16ec8637711,ESP32_GREENHOUSE_01,2026-04-25T10:26:47.991Z,15,34.59,34.2,34.9,34.9,42,42,42,42,44.5,56,47,Light Activity,58.1,58,0,0,364.9,365,0,0,0,0,34.9,42,47,Light Activity,0,0,365,58
69ec970565abc16ec863771b,ESP32_GREENHOUSE_01,2026-04-25T10:27:17.996Z,15,34.43,34,34.9,34.8,42,42,42,42,43.5,59,45,Quiet,58.3,58,0,0,364.5,365,0,0,0,0,34.8,42,45,Light Activity,0,0,365,58
69ec972465abc16ec8637721,ESP32_GREENHOUSE_01,2026-04-25T10:27:48.008Z,15,34.49,34,34.9,34.7,42,42,42,42,37.1,49,22,Quiet,58.5,59,0,0,364.6,365,0,0,0,0,34.7,42,22,Quiet,0,0,365,59
69ec974265abc16ec8637728,ESP32_GREENHOUSE_01,2026-04-25T10:28:18.021Z,15,34.41,34,34.9,34.5,42,42,42,42,38.3,52,30,Quiet,58.6,59,0,0,364.5,364,0,0,0,0,34.5,42,30,Quiet,0,0,364,59
69ec976065abc16ec8637731,ESP32_GREENHOUSE_01,2026-04-25T10:28:48.027Z,15,34.47,34.1,34.9,34.8,42,42,42,42,44.4,62,36,Light Activity,58.2,59,0,0,364.5,364,0,0,0,0,34.8,42,36,Quiet,0,0,364,59
69ec977e65abc16ec8637736,ESP32_GREENHOUSE_01,2026-04-25T10:29:18.031Z,14,34.51,34,34.8,34.4,42,42,42,42,37.4,51,42,Quiet,58.6,58,0,0,363.4,362,0,0,0,0,34.4,42,42,Quiet,0,0,362,58
69ec979c65abc16ec863773b,ESP32_GREENHOUSE_01,2026-04-25T10:29:48.044Z,15,34.38,34,34.8,34.3,42,42,42,42,37.3,46,37,Quiet,58.6,59,0,0,362.7,362,0,0,0,0,34.3,42,37,Quiet,0,0,362,59
69ec97ba65abc16ec863774a,ESP32_GREENHOUSE_01,2026-04-25T10:30:18.046Z,15,34.48,34,34.9,34.9,42,42,42,42,49.9,90,27,Light Activity,58.1,59,0,0,362.7,362,0,0,0,2,34.9,42,27,Quiet,0,0,362,59
69ec97d865abc16ec8637750,ESP32_GREENHOUSE_01,2026-04-25T10:30:48.058Z,15,34.55,34,34.9,34.8,42,42,42,42,39.7,60,56,Quiet,58.5,58,0,0,362.1,362,0,0,0,0,34.8,42,56,Light Activity,0,0,362,58
69ec97f665abc16ec8637757,ESP32_GREENHOUSE_01,2026-04-25T10:31:18.070Z,15,34.26,34,34.9,34.2,42,42,42,42,42.5,61,57,Quiet,58.5,58,0,0,362,362,0,0,0,0,34.2,42,57,Light Activity,0,0,362,58
69ec981465abc16ec863775c,ESP32_GREENHOUSE_01,2026-04-25T10:31:48.075Z,15,34.31,34,34.9,34,42,42,42,42,37.9,53,45,Quiet,58.6,58,0,0,362.5,363,0,0,0,0,34,42,45,Light Activity,0,0,363,58
69ec983265abc16ec8637763,ESP32_GREENHOUSE_01,2026-04-25T10:32:18.087Z,15,34.27,34,34.7,34.5,42,42,42,42,45.5,65,57,Light Activity,58.3,58,0,0,361.5,360,0,0,0,1,34.5,42,57,CRYING,0,0,360,58
69ec985065abc16ec863776f,ESP32_GREENHOUSE_01,2026-04-25T10:32:48.091Z,15,34.44,34,34.9,34.8,42,42,42,42,49.8,81,44,Quiet,58.1,58,0,0,360.9,361,0,0,0,1,34.8,42,44,Light Activity,0,0,361,58
69ec986e65abc16ec8637776,ESP32_GREENHOUSE_01,2026-04-25T10:33:18.097Z,14,34.49,34,34.9,34.9,42,42,42,42,45.6,69,32,Light Activity,58.2,59,0,0,360.7,360,0,0,0,0,34.9,42,32,Quiet,0,0,360,59
69ec988c65abc16ec863777f,ESP32_GREENHOUSE_01,2026-04-25T10:33:48.103Z,15,34.52,34.1,34.9,34.2,42,42,42,42,43.8,77,77,Quiet,58.3,57,0,0,359.4,359,0,0,0,1,34.2,42,77,CRYING,0,0,359,57
69ec98aa65abc16ec8637785,ESP32_GREENHOUSE_01,2026-04-25T10:34:18.105Z,15,34.41,34,34.9,34.3,42,42,42,42,47.9,67,52,Light Activity,58.1,58,0,0,358.1,357,0,0,0,3,34.3,42,52,Light Activity,0,0,357,58
69ec98c865abc16ec863778f,ESP32_GREENHOUSE_01,2026-04-25T10:34:48.117Z,15,34.4,34,34.9,34.3,41.8,41,42,42,74.1,176,176,CRYING,57,53,0,0,357.7,357,0,0,0,7,34.3,42,176,CRYING,0,0,357,53
69ec98e665abc16ec8637794,ESP32_GREENHOUSE_01,2026-04-25T10:35:18.122Z,15,34.41,34,34.9,34.2,41.07,41,42,41,50.7,91,39,Light Activity,57.5,58,0,0,356.8,355,0,0,0,4,34.2,41,39,Quiet,0,0,355,58
69ec990465abc16ec863779e,ESP32_GREENHOUSE_01,2026-04-25T10:35:48.129Z,15,34.43,34.1,34.8,34.4,41,41,41,41,41.2,74,47,Quiet,57.7,58,0,0,356.5,357,0,0,0,0,34.4,41,47,Light Activity,0,0,357,58
69ec992265abc16ec86377a6,ESP32_GREENHOUSE_01,2026-04-25T10:36:18.135Z,15,34.41,34.1,34.9,34.5,41.4,41,42,42,37.3,55,22,Quiet,58.3,59,0,0,355.9,355,0,0,0,0,34.5,42,22,Quiet,0,0,355,59
69ec994065abc16ec86377ae,ESP32_GREENHOUSE_01,2026-04-25T10:36:48.137Z,14,34.38,34,34.7,34.1,41.93,41,42,42,41.8,66,66,Quiet,58.3,57,0,0,356.5,356,0,0,0,0,34.1,42,66,Restless,0,0,356,57
69ec995e65abc16ec86377b8,ESP32_GREENHOUSE_01,2026-04-25T10:37:18.137Z,15,34.49,34,34.9,34,41.87,41,42,42,55.4,78,74,Light Activity,57.6,57,0,0,356.5,356,0,0,0,0,34,42,74,Restless,0,0,356,57
69ec997c65abc16ec86377c6,ESP32_GREENHOUSE_01,2026-04-25T10:37:48.141Z,15,34.43,34.1,34.9,34.9,41.8,41,42,42,54.7,82,82,Light Activity,57.8,57,0,0,356.1,357,0,0,0,2,34.9,42,82,CRYING,0,0,357,57
69ec999a65abc16ec86377d2,ESP32_GREENHOUSE_01,2026-04-25T10:38:18.146Z,15,34.57,34.3,34.9,34.3,42,42,42,42,60.8,77,62,Restless,57.5,58,0,0,356.8,357,0,0,0,3,34.3,42,62,Restless,0,0,357,58
69ec99b865abc16ec86377d7,ESP32_GREENHOUSE_01,2026-04-25T10:38:48.160Z,15,34.59,34.1,34.9,34.1,42,42,42,42,40,52,37,Quiet,58.4,59,0,0,357.4,360,0,0,0,0,34.1,42,37,Quiet,0,0,360,59
69ec99d665abc16ec86377db,ESP32_GREENHOUSE_01,2026-04-25T10:39:18.162Z,15,34.48,34,34.9,34.6,42,42,42,42,37.7,63,39,Quiet,58.6,58,0,0,355.7,355,0,0,0,0,34.6,42,39,Quiet,0,0,355,58
69ec99f465abc16ec86377e1,ESP32_GREENHOUSE_01,2026-04-25T10:39:48.167Z,15,34.41,34,34.9,34.4,41.33,41,42,41,40.3,53,53,Quiet,58.1,57,0,0,354.5,354,0,0,0,0,34.4,41,53,Light Activity,0,0,354,57
69ec9a1265abc16ec86377e8,ESP32_GREENHOUSE_01,2026-04-25T10:40:18.170Z,15,34.39,34,34.9,34.9,41,41,41,41,41.2,56,45,Light Activity,57.8,58,0,0,353.9,356,0,0,0,0,34.9,41,45,Light Activity,0,0,356,58
69ec9a3065abc16ec86377ef,ESP32_GREENHOUSE_01,2026-04-25T10:40:48.179Z,14,34.61,34.1,34.9,34.9,41,41,41,41,41.4,66,29,Quiet,57.7,58,0,0,352.8,353,0,0,0,0,34.9,41,29,Quiet,0,0,353,58
69ec9a4e65abc16ec86377f6,ESP32_GREENHOUSE_01,2026-04-25T10:41:18.181Z,15,34.5,34,34.9,34.6,41,41,41,41,41.5,75,33,Quiet,57.7,58,0,0,353.2,354,0,0,0,0,34.6,41,33,Quiet,0,0,354,58
69ec9a6c65abc16ec86377ff,ESP32_GREENHOUSE_01,2026-04-25T10:41:48.194Z,15,34.59,34,34.9,34.8,41,41,41,41,41.9,91,42,Quiet,57.9,58,0,0,353.3,353,0,0,0,1,34.8,41,42,Quiet,0,0,353,58
69ec9a8a65abc16ec8637805,ESP32_GREENHOUSE_01,2026-04-25T10:42:18.205Z,15,34.45,34.1,34.8,34.6,41,41,41,41,37.2,50,48,Quiet,57.8,57,0,0,352.6,352,0,0,0,0,34.6,41,48,Light Activity,0,0,352,57
69ec9aa865abc16ec8637811,ESP32_GREENHOUSE_01,2026-04-25T10:42:48.209Z,15,34.39,34,34.9,34.3,41,41,41,41,46.1,78,50,Quiet,57.5,57,0,0,352.3,352,0,0,0,1,34.3,41,50,Light Activity,0,0,352,57
69ec9ac665abc16ec863781c,ESP32_GREENHOUSE_01,2026-04-25T10:43:18.212Z,15,34.43,34,34.8,34.5,41,41,41,41,44.2,68,33,Quiet,57.6,58,0,0,352.1,353,0,0,0,0,34.5,41,33,Quiet,0,0,353,58
69ec9ae465abc16ec8637820,ESP32_GREENHOUSE_01,2026-04-25T10:43:48.226Z,15,34.49,34,34.9,34.9,41,41,41,41,36.7,58,36,Quiet,57.9,58,0,0,353.2,354,0,0,0,0,34.9,41,36,Quiet,0,0,354,58
69ec9b0265abc16ec8637828,ESP32_GREENHOUSE_01,2026-04-25T10:44:18.241Z,15,34.39,34,34.8,34.5,41,41,41,41,40,54,54,Quiet,57.7,57,0,0,353.1,353,0,0,0,0,34.5,41,54,Light Activity,0,0,353,57
69ec9b2065abc16ec8637831,ESP32_GREENHOUSE_01,2026-04-25T10:44:48.242Z,14,34.38,34.1,34.8,34.2,41,41,41,41,46.2,96,37,Quiet,57.6,58,0,0,351.7,351,0,0,0,1,34.2,41,37,Quiet,0,0,351,58
69ec9b3e65abc16ec8637837,ESP32_GREENHOUSE_01,2026-04-25T10:45:18.248Z,15,34.55,34.2,34.9,34.5,41,41,41,41,41,80,42,Quiet,57.7,58,0,0,349.3,344,0,0,0,0,34.5,41,42,Quiet,0,0,344,58
69ec9b5c65abc16ec863783f,ESP32_GREENHOUSE_01,2026-04-25T10:45:48.251Z,15,34.44,34,34.8,34,41,41,41,41,44.4,71,38,Quiet,57.7,58,0,0,349.1,343,0,0,0,0,34,41,38,Quiet,0,0,343,58
69ec9b7a65abc16ec8637844,ESP32_GREENHOUSE_01,2026-04-25T10:46:18.254Z,15,34.42,34,34.8,34.4,41,41,41,41,36.9,44,41,Quiet,58,58,0,0,349.3,344,0,0,0,0,34.4,41,41,Quiet,0,0,344,58
69ec9b9865abc16ec8637847,ESP32_GREENHOUSE_01,2026-04-25T10:46:48.257Z,15,34.47,34.1,34.9,34.3,41,41,41,41,35.1,68,68,Quiet,57.9,57,0,0,350.2,350,0,0,0,0,34.3,41,68,Restless,0,0,350,57
69ec9bb665abc16ec8637853,ESP32_GREENHOUSE_01,2026-04-25T10:47:18.269Z,15,34.47,34,34.9,34,41,41,41,41,43.4,70,25,Quiet,57.7,58,0,0,348.5,348,0,0,0,0,34,41,25,Quiet,0,0,348,58
69ec9bd465abc16ec863785c,ESP32_GREENHOUSE_01,2026-04-25T10:47:48.282Z,15,34.47,34,34.9,34.9,42,42,42,42,38.5,61,37,Quiet,58.7,59,0,0,350.3,349,0,0,0,0,34.9,42,37,Quiet,0,0,349,59
69ec9bf265abc16ec8637867,ESP32_GREENHOUSE_01,2026-04-25T10:48:18.286Z,14,34.39,34,34.9,34.2,41.5,41,42,41,51.4,79,60,Quiet,57.7,57,0,0,347.7,346,0,0,0,1,34.2,41,60,Restless,0,0,346,57
69ec9c1065abc16ec8637873,ESP32_GREENHOUSE_01,2026-04-25T10:48:48.292Z,15,34.39,34,34.8,34.4,42,42,42,42,45,64,50,Light Activity,58.2,58,0,0,344.3,343,0,0,0,0,34.4,42,50,Light Activity,0,0,343,58
69ec9c2e65abc16ec8637878,ESP32_GREENHOUSE_01,2026-04-25T10:49:18.300Z,15,34.53,34,34.9,34.8,42,42,42,42,36.1,63,42,Quiet,58.7,58,0,0,344.1,344,0,0,0,0,34.8,42,42,Quiet,0,0,344,58
69ec9c4c65abc16ec863787b,ESP32_GREENHOUSE_01,2026-04-25T10:49:48.306Z,15,34.59,34,34.9,34.8,42,42,42,42,35.1,47,34,Quiet,58.7,59,0,0,338.7,333,0,0,0,0,34.8,42,34,Quiet,0,0,333,59
69ec9c6a65abc16ec8637883,ESP32_GREENHOUSE_01,2026-04-25T10:50:18.305Z,15,34.65,34,34.9,34.8,42,42,42,42,50.1,93,88,Quiet,58.1,57,0,0,334.7,337,0,0,0,4,34.8,42,88,CRYING,0,0,337,57
69ec9c8865abc16ec8637891,ESP32_GREENHOUSE_01,2026-04-25T10:50:48.318Z,15,34.44,34,34.9,34.3,42,42,42,42,48,76,36,Light Activity,58.1,59,0,0,336.1,335,0,0,0,2,34.3,42,36,Quiet,0,0,335,59
69ec9ca665abc16ec863789a,ESP32_GREENHOUSE_01,2026-04-25T10:51:18.329Z,15,34.4,34,34.9,34,42,42,42,42,40.8,65,31,Quiet,58.5,59,0,0,338.1,340,0,0,0,0,34,42,31,Quiet,0,0,340,59
69ec9cc465abc16ec86378a3,ESP32_GREENHOUSE_01,2026-04-25T10:51:48.333Z,15,34.38,34,34.9,34.4,42,42,42,42,46.2,70,29,Light Activity,58.3,59,0,0,338.3,338,0,0,0,0,34.4,42,29,Quiet,0,0,338,59
69ec9ce265abc16ec86378ad,ESP32_GREENHOUSE_01,2026-04-25T10:52:18.342Z,14,34.45,34,34.8,34.7,42,42,42,42,43,70,55,Quiet,58.4,58,0,0,339.1,341,0,0,0,0,34.7,42,55,Light Activity,0,0,341,58
69ec9d0065abc16ec86378b4,ESP32_GREENHOUSE_01,2026-04-25T10:52:48.354Z,15,34.35,34,34.9,34.9,42,42,42,42,41.7,53,46,Quiet,58.3,58,0,0,340.5,341,0,0,0,0,34.9,42,46,Light Activity,0,0,341,58
69ec9d1e65abc16ec86378c0,ESP32_GREENHOUSE_01,2026-04-25T10:53:18.365Z,15,34.51,34.1,34.9,34.4,42,42,42,42,48.7,84,29,Quiet,58.2,59,0,0,340.4,339,0,0,0,0,34.4,42,29,Quiet,0,0,339,59
69ec9d3c65abc16ec86378ca,ESP32_GREENHOUSE_01,2026-04-25T10:53:48.367Z,15,34.55,34,34.9,34.9,42,42,42,42,46.5,66,56,Quiet,58.1,58,0,0,338.1,339,0,0,0,0,34.9,42,56,Light Activity,0,0,339,58
69ec9d5a65abc16ec86378d4,ESP32_GREENHOUSE_01,2026-04-25T10:54:18.369Z,15,34.57,34,34.9,34.3,42,42,42,42,51.9,134,32,Light Activity,57.9,59,0,0,341.3,342,0,0,0,1,34.3,42,32,CRYING,0,0,342,59
69ec9d7865abc16ec86378e0,ESP32_GREENHOUSE_01,2026-04-25T10:54:48.381Z,15,34.69,34,34.9,34.8,42,42,42,42,53.2,94,65,Quiet,57.8,57,0,0,341,341,0,0,0,3,34.8,42,65,Restless,0,0,341,57
69ec9d9665abc16ec86378e9,ESP32_GREENHOUSE_01,2026-04-25T10:55:18.383Z,15,34.69,34.2,34.9,34.8,42,42,42,42,40.7,68,31,Quiet,58.4,59,0,0,340.7,342,0,0,0,1,34.8,42,31,Quiet,0,0,342,59
69ec9db465abc16ec86378f1,ESP32_GREENHOUSE_01,2026-04-25T10:55:48.382Z,15,34.45,34,34.9,34.8,42,42,42,42,42.7,69,35,Quiet,58.4,59,0,0,338.9,335,0,0,0,2,34.8,42,35,Quiet,0,0,335,59
69ec9dd265abc16ec86378fb,ESP32_GREENHOUSE_01,2026-04-25T10:56:18.394Z,14,34.37,34,34.9,34,42.14,42,43,42,50.1,78,46,Quiet,58.1,58,0,0,335,334,0,0,0,1,34,42,46,Light Activity,0,0,334,58
69ec9df065abc16ec8637904,ESP32_GREENHOUSE_01,2026-04-25T10:56:48.406Z,15,34.39,34,34.8,34.5,42.93,42,43,43,44.5,80,36,Quiet,58.7,59,0,0,334,334,0,0,0,0,34.5,43,36,Quiet,0,0,334,59
69ec9e0e65abc16ec863790e,ESP32_GREENHOUSE_01,2026-04-25T10:57:18.414Z,15,34.42,34,34.9,34,43,43,43,43,54.3,95,57,Light Activity,58.6,58,0,0,334.3,333,0,0,0,1,34,43,57,Light Activity,0,0,333,58
69ec9e2c65abc16ec8637914,ESP32_GREENHOUSE_01,2026-04-25T10:57:48.416Z,15,34.57,34,34.9,34.8,42.8,42,43,43,64.5,78,71,CRYING,58.2,58,0,0,335.1,337,0,0,0,7,34.8,43,71,Restless,0,0,337,58
69ec9e4a65abc16ec8637916,ESP32_GREENHOUSE_01,2026-04-25T10:58:18.418Z,15,34.52,34,34.9,34.9,42.53,42,43,42,87.3,120,93,CRYING,57,56,0,0,333.9,331,0,0,0,15,34.9,42,93,CRYING,0,0,331,56
69ec9e6865abc16ec8637917,ESP32_GREENHOUSE_01,2026-04-25T10:58:48.426Z,15,34.53,34,34.9,34,42.2,42,43,42,81.9,116,81,CRYING,57,57,0,0,332.1,330,0,0,0,15,34,42,81,CRYING,0,0,330,57
69ec9e8665abc16ec8637918,ESP32_GREENHOUSE_01,2026-04-25T10:59:18.433Z,15,34.65,34.3,34.9,34.9,42,42,42,42,82.9,159,73,CRYING,56.7,57,0,0,327.4,326,0,0,0,15,34.9,42,73,CRYING,0,0,326,57
69ec9ea465abc16ec8637919,ESP32_GREENHOUSE_01,2026-04-25T10:59:48.435Z,14,34.46,34.1,34.9,34.4,42,42,42,42,74.1,97,80,CRYING,57.1,57,0,0,316.7,314,0,0,0,14,34.4,42,80,CRYING,0,0,314,57
69ec9ec265abc16ec863791a,ESP32_GREENHOUSE_01,2026-04-25T11:00:18.439Z,15,34.37,34,34.8,34.7,42,42,42,42,73.7,89,84,CRYING,57.1,57,0,0,313.1,309,0,0,0,15,34.7,42,84,CRYING,0,0,309,57
69ec9ee065abc16ec863791b,ESP32_GREENHOUSE_01,2026-04-25T11:00:48.454Z,15,34.5,34,34.9,34.7,42,42,42,42,73.7,89,80,CRYING,57.2,57,0,0,310,311,0,0,0,15,34.7,42,80,CRYING,0,0,311,57
69ec9efe65abc16ec863791c,ESP32_GREENHOUSE_01,2026-04-25T11:01:18.461Z,15,34.47,34,34.9,34.8,42,42,42,42,74.6,92,61,CRYING,57.2,58,0,0,313.7,316,0,0,0,15,34.8,42,61,CRYING,0,0,316,58
69ec9f1c65abc16ec863791d,ESP32_GREENHOUSE_01,2026-04-25T11:01:48.468Z,15,34.49,34,34.9,34.4,42,42,42,42,82.1,111,111,CRYING,56.8,56,0,0,315.2,313,0,0,0,15,34.4,42,111,CRYING,0,0,313,56
69ec9f3a65abc16ec863791e,ESP32_GREENHOUSE_01,2026-04-25T11:02:18.479Z,15,34.59,34.3,34.9,34.6,42,42,42,42,92.9,174,68,CRYING,56.3,57,0,0,321.7,328,0,0,0,15,34.6,42,68,CRYING,0,0,328,57
69ec9f5865abc16ec863791f,ESP32_GREENHOUSE_01,2026-04-25T11:02:48.491Z,15,34.65,34,34.9,34.9,42,42,42,42,82.5,98,82,CRYING,56.8,57,0,0,326.7,329,0,0,0,15,34.9,42,82,CRYING,0,0,329,57
69ec9f7665abc16ec8637920,ESP32_GREENHOUSE_01,2026-04-25T11:03:18.497Z,15,34.53,34,34.9,34.9,42,42,42,42,81.5,114,114,CRYING,56.7,56,0,0,329.3,329,0,0,0,15,34.9,42,114,CRYING,0,0,329,56
69ec9f9465abc16ec8637921,ESP32_GREENHOUSE_01,2026-04-25T11:03:48.510Z,14,34.41,34,34.9,34.6,42,42,42,42,82.3,118,82,CRYING,56.7,57,0,0,335.6,338,0,0,0,14,34.6,42,82,CRYING,0,0,338,57
69ec9fb265abc16ec8637922,ESP32_GREENHOUSE_01,2026-04-25T11:04:18.517Z,15,34.55,34.1,34.9,34.7,42,42,42,42,76.2,104,72,CRYING,56.9,57,0,0,336.3,334,0,0,0,15,34.7,42,72,CRYING,0,0,334,57
69ec9fd065abc16ec8637923,ESP32_GREENHOUSE_01,2026-04-25T11:04:48.524Z,15,34.36,34,34.9,34.1,42,42,42,42,70.3,91,73,CRYING,57.3,57,0,0,337.3,339,0,0,0,15,34.1,42,73,CRYING,0,0,339,57
69ec9fee65abc16ec8637924,ESP32_GREENHOUSE_01,2026-04-25T11:05:18.524Z,15,34.42,34.1,34.9,34.7,41.6,41,42,41,79.9,105,80,CRYING,56.7,56,0,0,337.8,335,0,0,0,15,34.7,41,80,CRYING,0,0,335,56
69eca00c65abc16ec8637925,ESP32_GREENHOUSE_01,2026-04-25T11:05:48.538Z,15,34.48,34,34.9,34,41.33,41,42,42,76,97,62,CRYING,56.7,58,0,0,336.1,340,0,0,0,15,34,42,62,CRYING,0,0,340,58
69eca02a65abc16ec8637926,ESP32_GREENHOUSE_01,2026-04-25T11:06:18.548Z,15,34.65,34,34.9,34.9,41.73,41,42,42,86.9,112,112,CRYING,56.4,56,0,0,337.4,335,0,0,0,15,34.9,42,112,CRYING,0,0,335,56
69eca04865abc16ec8637927,ESP32_GREENHOUSE_01,2026-04-25T11:06:48.551Z,15,34.43,34,34.8,34.3,41.4,41,42,41,77.5,112,61,CRYING,56.5,57,0,0,339.9,342,0,0,0,15,34.3,41,61,CRYING,0,0,342,57
69eca06665abc16ec8637928,ESP32_GREENHOUSE_01,2026-04-25T11:07:18.559Z,15,34.41,34.1,34.8,34.3,41,41,41,41,74,101,77,CRYING,56.3,56,0,0,341.1,342,0,0,0,15,34.3,41,77,CRYING,0,0,342,56
69eca08465abc16ec8637929,ESP32_GREENHOUSE_01,2026-04-25T11:07:48.563Z,14,34.3,34,34.8,34,41,41,41,41,70.4,87,81,CRYING,56.6,56,0,0,339.1,340,0,0,0,14,34,41,81,CRYING,0,0,340,56
69eca0a265abc16ec863792a,ESP32_GREENHOUSE_01,2026-04-25T11:08:18.565Z,15,34.43,34,34.9,34,41,41,41,41,73.8,96,90,CRYING,56.5,56,0,0,340.3,340,0,0,0,15,34,41,90,CRYING,0,0,340,56
69eca0c065abc16ec863792b,ESP32_GREENHOUSE_01,2026-04-25T11:08:48.569Z,15,34.56,34,34.9,34.3,41.13,41,42,41,82,122,103,CRYING,56.3,55,0,0,341.2,341,0,0,0,15,34.3,41,103,CRYING,0,0,341,55
69eca0de65abc16ec863792c,ESP32_GREENHOUSE_01,2026-04-25T11:09:18.572Z,15,34.43,34,34.9,34.5,41.73,41,42,42,73.5,103,82,CRYING,56.9,57,0,0,341.5,342,0,0,0,15,34.5,42,82,CRYING,0,0,342,57
69eca0fc65abc16ec863792d,ESP32_GREENHOUSE_01,2026-04-25T11:09:48.577Z,15,34.48,34,34.9,34.1,41.2,41,42,41,72.3,90,81,CRYING,56.7,56,0,0,341.2,341,0,0,0,15,34.1,41,81,CRYING,0,0,341,56
69eca11a65abc16ec863792e,ESP32_GREENHOUSE_01,2026-04-25T11:10:18.580Z,15,34.47,34.1,34.9,34.1,41,41,41,41,71.9,99,84,CRYING,56.6,56,0,0,339.5,340,0,0,0,15,34.1,41,84,CRYING,0,0,340,56
69eca13865abc16ec863792f,ESP32_GREENHOUSE_01,2026-04-25T11:10:48.588Z,15,34.39,34,34.8,34.1,41,41,41,41,73.3,91,70,CRYING,56.6,57,0,0,340.8,340,0,0,0,15,34.1,41,70,CRYING,0,0,340,57
69eca15665abc16ec8637930,ESP32_GREENHOUSE_01,2026-04-25T11:11:18.596Z,14,34.56,34.1,34.9,34.2,41,41,41,41,68,84,76,CRYING,56.6,56,0,0,338.6,338,0,0,0,14,34.2,41,76,CRYING,0,0,338,56
69eca17465abc16ec8637931,ESP32_GREENHOUSE_01,2026-04-25T11:11:48.602Z,15,34.51,34.1,34.9,34.4,41,41,41,41,66.9,85,57,CRYING,56.8,57,0,0,339,340,0,0,0,15,34.4,41,57,CRYING,0,0,340,57
69eca19265abc16ec8637932,ESP32_GREENHOUSE_01,2026-04-25T11:12:18.613Z,15,34.38,34,34.9,34.2,41,41,41,41,64.9,88,62,CRYING,56.9,57,0,0,340.1,341,0,0,0,15,34.2,41,62,CRYING,0,0,341,57
69eca1b065abc16ec8637933,ESP32_GREENHOUSE_01,2026-04-25T11:12:48.620Z,15,34.43,34,34.9,34.9,41,41,41,41,69.9,107,97,CRYING,56.7,56,0,0,339.7,341,0,0,0,15,34.9,41,97,CRYING,0,0,341,56
69eca1ce65abc16ec8637934,ESP32_GREENHOUSE_01,2026-04-25T11:13:18.623Z,15,34.57,34,34.9,34.3,41.33,41,42,41,76.9,149,57,CRYING,56.6,57,0,0,340.4,342,0,0,0,15,34.3,41,57,CRYING,0,0,342,57
69eca1ec65abc16ec8637935,ESP32_GREENHOUSE_01,2026-04-25T11:13:48.622Z,15,34.36,34.1,34.8,34.1,41.2,41,42,41,68.1,84,58,CRYING,56.9,57,0,0,343.6,345,0,0,0,15,34.1,41,58,CRYING,0,0,345,57
69eca20a65abc16ec8637936,ESP32_GREENHOUSE_01,2026-04-25T11:14:18.624Z,15,34.42,34,34.9,34.6,41.13,41,42,41,65.7,107,48,CRYING,56.8,57,0,0,345.1,346,0,0,0,15,34.6,41,48,CRYING,0,0,346,57
69eca22865abc16ec8637937,ESP32_GREENHOUSE_01,2026-04-25T11:14:48.635Z,15,34.59,34,34.9,34,41.47,41,42,41,65,76,62,CRYING,57.1,57,0,0,346.3,348,0,0,0,15,34,41,62,CRYING,0,0,348,57
69eca24665abc16ec8637938,ESP32_GREENHOUSE_01,2026-04-25T11:15:18.640Z,14,34.51,34,34.9,34.6,41.71,41,42,42,66.1,81,65,CRYING,57.2,57,0,0,347.1,347,0,0,0,14,34.6,42,65,CRYING,0,0,347,57
69eca26465abc16ec8637941,ESP32_GREENHOUSE_01,2026-04-25T11:15:48.642Z,15,34.41,34,34.8,34,41.33,41,42,42,68.1,90,84,Restless,56.8,57,0,0,347.9,348,0,0,0,3,34,42,84,CRYING,0,0,348,57
69eca28265abc16ec8637949,ESP32_GREENHOUSE_01,2026-04-25T11:16:18.644Z,15,34.47,34,34.9,34.9,41.93,41,42,41,67.1,95,95,Restless,57.5,56,0,0,347.9,348,0,0,0,4,34.9,41,95,CRYING,0,0,348,56
69eca2a065abc16ec8637952,ESP32_GREENHOUSE_01,2026-04-25T11:16:48.648Z,15,34.59,34,34.9,34,41.33,41,42,41,70.3,108,80,CRYING,56.7,56,0,0,349,349,0,0,0,9,34,41,80,Restless,0,0,349,56
69eca2be65abc16ec863795b,ESP32_GREENHOUSE_01,2026-04-25T11:17:18.652Z,15,34.51,34,34.9,34,41.13,41,42,41,69.5,111,111,CRYING,56.7,55,0,0,348.9,349,0,0,0,8,34,41,111,CRYING,0,0,349,55
69eca2dc65abc16ec863795c,ESP32_GREENHOUSE_01,2026-04-25T11:17:48.659Z,15,34.45,34,34.9,34.9,41,41,41,41,76.3,102,62,CRYING,56.3,57,0,0,349.3,350,0,0,0,15,34.9,41,62,CRYING,0,0,350,57
69eca2fa65abc16ec863795e,ESP32_GREENHOUSE_01,2026-04-25T11:18:18.670Z,15,34.57,34.1,34.9,34.4,41,41,41,41,74.5,110,68,CRYING,56.4,57,0,0,349.4,350,0,0,0,12,34.4,41,68,Restless,0,0,350,57
69eca31865abc16ec863796b,ESP32_GREENHOUSE_01,2026-04-25T11:18:48.681Z,15,34.56,34.2,34.9,34.8,41,41,41,41,68.9,137,54,Restless,56.7,57,0,0,350.7,352,0,0,0,3,34.8,41,54,Light Activity,0,0,352,57
69eca33665abc16ec8637974,ESP32_GREENHOUSE_01,2026-04-25T11:19:18.693Z,14,34.49,34.1,34.8,34.4,41,41,41,41,68.4,95,81,CRYING,56.6,56,0,0,350.7,351,0,0,0,7,34.4,41,81,CRYING,0,0,351,56
69eca35465abc16ec863797f,ESP32_GREENHOUSE_01,2026-04-25T11:19:48.695Z,15,34.42,34.1,34.7,34.3,41,41,41,41,65.3,88,62,Restless,56.9,57,0,0,350.7,352,0,0,0,5,34.3,41,62,CRYING,0,0,352,57
69eca37265abc16ec8637986,ESP32_GREENHOUSE_01,2026-04-25T11:20:18.710Z,15,34.38,34,34.8,34.4,41,41,41,41,70.2,97,62,Restless,56.7,57,0,0,350.1,350,0,0,0,6,34.4,41,62,CRYING,0,0,350,57
69eca39065abc16ec8637987,ESP32_GREENHOUSE_01,2026-04-25T11:20:48.719Z,15,34.4,34,34.9,34.8,41,41,41,41,75.5,98,67,CRYING,56.5,57,0,0,349.5,349,0,0,0,15,34.8,41,67,CRYING,0,0,349,57
69eca3ae65abc16ec863798a,ESP32_GREENHOUSE_01,2026-04-25T11:21:18.723Z,15,34.45,34,34.9,34.7,41.27,41,42,41,84.3,117,77,CRYING,56.3,56,0,0,348.3,348,0,0,0,14,34.7,41,77,CRYING,0,0,348,56
69eca3cc65abc16ec863798b,ESP32_GREENHOUSE_01,2026-04-25T11:21:48.735Z,15,34.49,34,34.9,34.8,41.8,41,42,42,88.1,146,98,CRYING,56.4,56,0,0,348.1,349,0,0,0,15,34.8,42,98,CRYING,0,0,349,56
69eca3ea65abc16ec863798c,ESP32_GREENHOUSE_01,2026-04-25T11:22:18.736Z,15,34.52,34.1,34.9,34.8,41.67,41,42,41,72.5,102,55,CRYING,56.9,57,0,0,349.7,350,0,0,0,15,34.8,41,55,CRYING,0,0,350,57
69eca40865abc16ec863798d,ESP32_GREENHOUSE_01,2026-04-25T11:22:48.743Z,15,34.55,34.1,34.9,34.8,41.4,41,42,41,74.5,110,110,CRYING,56.8,55,0,0,350.3,352,0,0,0,15,34.8,41,110,CRYING,0,0,352,55
69eca42665abc16ec863798e,ESP32_GREENHOUSE_01,2026-04-25T11:23:18.753Z,14,34.39,34.1,34.9,34.1,42,42,42,42,70.9,82,75,CRYING,57.1,57,0,0,353,354,0,0,0,14,34.1,42,75,CRYING,0,0,354,57
69eca44465abc16ec863798f,ESP32_GREENHOUSE_01,2026-04-25T11:23:48.755Z,15,34.42,34,34.9,34.2,42,42,42,42,89.1,138,63,CRYING,56.5,58,0,0,356.1,358,0,0,0,15,34.2,42,63,CRYING,0,0,358,58
69eca46265abc16ec8637990,ESP32_GREENHOUSE_01,2026-04-25T11:24:18.771Z,15,34.45,34,34.8,34.6,42,42,42,42,67.8,86,64,CRYING,57.3,57,0,0,358.1,359,0,0,0,15,34.6,42,64,CRYING,0,0,359,57
69eca48065abc16ec8637991,ESP32_GREENHOUSE_01,2026-04-25T11:24:48.783Z,15,34.58,34.2,34.9,34.6,42,42,42,42,67.1,83,78,CRYING,57.4,57,0,0,359.1,360,0,0,0,15,34.6,42,78,CRYING,0,0,360,57
69eca49e65abc16ec863799a,ESP32_GREENHOUSE_01,2026-04-25T11:25:18.793Z,15,34.35,34,34.9,34,42,42,42,42,66.3,86,86,Restless,57.3,57,0,0,359.7,360,0,0,0,6,34,42,86,Restless,0,0,360,57
69eca4bc65abc16ec863799c,ESP32_GREENHOUSE_01,2026-04-25T11:25:48.798Z,15,34.47,34,34.9,34.7,42,42,42,42,77.5,110,63,CRYING,57.1,58,0,0,360.4,361,0,0,0,15,34.7,42,63,CRYING,0,0,361,58
69eca4da65abc16ec863799d,ESP32_GREENHOUSE_01,2026-04-25T11:26:18.809Z,15,34.37,34,34.9,34.3,41.4,41,42,42,78,110,66,CRYING,56.6,57,0,0,361.8,362,0,0,0,15,34.3,42,66,CRYING,0,0,362,57
69eca4f865abc16ec863799e,ESP32_GREENHOUSE_01,2026-04-25T11:26:48.813Z,14,34.51,34,34.9,34.3,41.64,41,42,42,76.6,121,71,CRYING,56.9,57,0,0,363,363,0,0,0,14,34.3,42,71,CRYING,0,0,363,57
69eca51665abc16ec863799f,ESP32_GREENHOUSE_01,2026-04-25T11:27:18.828Z,15,34.51,34,34.9,34.3,42,42,42,42,80.7,127,87,CRYING,56.9,57,0,0,363.7,364,0,0,0,15,34.3,42,87,CRYING,0,0,364,57
69eca53465abc16ec86379a0,ESP32_GREENHOUSE_01,2026-04-25T11:27:48.837Z,15,34.54,34.2,34.9,34.6,42,42,42,42,75.6,96,66,CRYING,57.1,57,0,0,364.3,364,0,0,0,15,34.6,42,66,CRYING,0,0,364,57
69eca55265abc16ec86379a3,ESP32_GREENHOUSE_01,2026-04-25T11:28:18.841Z,15,34.5,34.1,34.9,34.1,42,42,42,42,68.5,86,72,CRYING,57.4,57,0,0,364,364,0,0,0,13,34.1,42,72,Restless,0,0,364,57
69eca57065abc16ec86379a5,ESP32_GREENHOUSE_01,2026-04-25T11:28:48.856Z,15,34.49,34,34.8,34.6,42,42,42,42,76.9,100,72,CRYING,57,57,0,0,363.5,362,0,0,0,15,34.6,42,72,CRYING,0,0,362,57
69eca58e65abc16ec86379a9,ESP32_GREENHOUSE_01,2026-04-25T11:29:18.865Z,15,34.45,34,34.9,34.9,42,42,42,42,67.1,85,63,CRYING,57.4,58,0,0,360.3,358,0,0,0,10,34.9,42,63,Restless,0,0,358,58
69eca5ac65abc16ec86379b2,ESP32_GREENHOUSE_01,2026-04-25T11:29:48.871Z,15,34.4,34,34.9,34.1,42,42,42,42,67.5,78,56,Restless,57.3,58,0,0,358.1,358,0,0,0,4,34.1,42,56,CRYING,0,0,358,58
69eca5ca65abc16ec86379bc,ESP32_GREENHOUSE_01,2026-04-25T11:30:18.878Z,15,34.57,34,34.9,34.8,42,42,42,42,69.6,93,74,Restless,57.1,57,0,0,358.8,360,0,0,0,5,34.8,42,74,CRYING,0,0,360,57
69eca5e865abc16ec86379bd,ESP32_GREENHOUSE_01,2026-04-25T11:30:48.879Z,14,34.55,34,34.9,34.3,42,42,42,42,83.6,130,60,CRYING,56.7,58,0,0,360.5,360,0,0,0,14,34.3,42,60,CRYING,0,0,360,58
69eca60665abc16ec86379be,ESP32_GREENHOUSE_01,2026-04-25T11:31:18.890Z,15,34.37,34.1,34.9,34.2,42,42,42,42,69.8,88,88,CRYING,57.3,57,0,0,361.1,362,0,0,0,15,34.2,42,88,CRYING,0,0,362,57
69eca62465abc16ec86379bf,ESP32_GREENHOUSE_01,2026-04-25T11:31:48.898Z,15,34.38,34,34.9,34.1,42,42,42,42,81.1,108,96,CRYING,56.8,56,0,0,363,363,0,0,0,15,34.1,42,96,CRYING,0,0,363,56
69eca64265abc16ec86379c0,ESP32_GREENHOUSE_01,2026-04-25T11:32:18.910Z,15,34.39,34,34.8,34,42,42,42,42,75.9,109,67,CRYING,57,57,0,0,363.7,364,0,0,0,15,34,42,67,CRYING,0,0,364,57
69eca66065abc16ec86379c1,ESP32_GREENHOUSE_01,2026-04-25T11:32:48.911Z,15,34.44,34.1,34.8,34.6,42,42,42,42,70.2,89,55,CRYING,57.3,58,0,0,364.3,365,0,0,0,15,34.6,42,55,CRYING,0,0,365,58
69eca67e65abc16ec86379c2,ESP32_GREENHOUSE_01,2026-04-25T11:33:18.917Z,15,34.5,34,34.9,34,42,42,42,42,72.1,97,66,CRYING,57.1,57,0,0,365.5,366,0,0,0,15,34,42,66,CRYING,0,0,366,57
69eca69c65abc16ec86379c3,ESP32_GREENHOUSE_01,2026-04-25T11:33:48.919Z,15,34.41,34,34.8,34.5,42,42,42,42,73.1,98,97,CRYING,57.2,56,0,0,366.1,366,0,0,0,15,34.5,42,97,CRYING,0,0,366,56
69eca6ba65abc16ec86379c4,ESP32_GREENHOUSE_01,2026-04-25T11:34:18.926Z,15,34.47,34,34.9,34.5,42,42,42,42,74.9,117,66,CRYING,56.9,57,0,0,366.2,366,0,0,0,15,34.5,42,66,CRYING,0,0,366,57
69eca6d865abc16ec86379c5,ESP32_GREENHOUSE_01,2026-04-25T11:34:48.936Z,14,34.31,34,34.8,34.4,42,42,42,42,84.2,120,86,CRYING,56.7,57,0,0,365.9,366,0,0,0,14,34.4,42,86,CRYING,0,0,366,57
69eca6f665abc16ec86379c6,ESP32_GREENHOUSE_01,2026-04-25T11:35:18.938Z,15,34.43,34,34.8,34.8,42,42,42,42,77.2,95,68,CRYING,56.9,57,0,0,365.3,365,0,0,0,15,34.8,42,68,CRYING,0,0,365,57
69eca71465abc16ec86379c7,ESP32_GREENHOUSE_01,2026-04-25T11:35:48.949Z,15,34.6,34.1,34.9,34.8,42,42,42,42,90.5,124,96,CRYING,56.5,56,0,0,364.3,364,0,0,0,15,34.8,42,96,CRYING,0,0,364,56
69eca73265abc16ec86379c8,ESP32_GREENHOUSE_01,2026-04-25T11:36:18.956Z,15,34.63,34,34.9,34.7,42,42,42,42,90.4,116,96,CRYING,56.3,56,0,0,363.3,363,0,0,0,15,34.7,42,96,CRYING,0,0,363,56
69eca75065abc16ec86379c9,ESP32_GREENHOUSE_01,2026-04-25T11:36:48.967Z,15,34.41,34,34.9,34,42,42,42,42,80.2,109,86,CRYING,56.9,57,0,0,362.2,362,0,0,0,15,34,42,86,CRYING,0,0,362,57
69eca76e65abc16ec86379ca,ESP32_GREENHOUSE_01,2026-04-25T11:37:18.975Z,15,34.59,34.2,34.8,34.6,42,42,42,42,73.6,104,75,CRYING,57,57,0,0,359.9,358,0,0,0,15,34.6,42,75,CRYING,0,0,358,57
69eca78c65abc16ec86379cb,ESP32_GREENHOUSE_01,2026-04-25T11:37:48.982Z,15,34.53,34,34.9,34.3,42,42,42,42,76.5,105,87,CRYING,57.1,57,0,0,356.3,355,0,0,0,15,34.3,42,87,CRYING,0,0,355,57
69eca7aa65abc16ec86379cc,ESP32_GREENHOUSE_01,2026-04-25T11:38:18.984Z,14,34.52,34,34.9,34.7,42,42,42,42,78.8,117,81,CRYING,56.9,57,0,0,353,350,0,0,0,14,34.7,42,81,CRYING,0,0,350,57
69eca7c865abc16ec86379cd,ESP32_GREENHOUSE_01,2026-04-25T11:38:48.984Z,15,34.35,34,34.9,34.2,42,42,42,42,77.6,141,70,CRYING,56.9,57,0,0,348.9,348,0,0,0,15,34.2,42,70,CRYING,0,0,348,57
69eca7e665abc16ec86379ce,ESP32_GREENHOUSE_01,2026-04-25T11:39:18.990Z,15,34.41,34,34.9,34,42,42,42,42,73.9,93,89,CRYING,57.1,57,0,0,347.1,347,0,0,0,15,34,42,89,CRYING,0,0,347,57
69eca80565abc16ec86379cf,ESP32_GREENHOUSE_01,2026-04-25T11:39:49.001Z,15,34.48,34.1,34.9,34.1,42.13,42,43,42,76.1,102,102,CRYING,57.1,56,0,0,346.5,347,0,0,0,15,34.1,42,102,CRYING,0,0,347,56
69eca82365abc16ec86379d0,ESP32_GREENHOUSE_01,2026-04-25T11:40:19.015Z,15,34.43,34,34.9,34.1,42.13,42,43,42,73,87,75,CRYING,57.1,57,0,0,348,350,0,0,0,15,34.1,42,75,CRYING,0,0,350,57
69eca84165abc16ec86379d1,ESP32_GREENHOUSE_01,2026-04-25T11:40:49.017Z,15,34.47,34.1,34.8,34.5,42,42,42,42,75.9,90,58,CRYING,57,58,0,0,350.4,352,0,0,0,15,34.5,42,58,CRYING,0,0,352,58
69eca85f65abc16ec86379d2,ESP32_GREENHOUSE_01,2026-04-25T11:41:19.020Z,15,34.33,34,34.7,34.7,42,42,42,42,77.7,104,72,CRYING,56.9,57,0,0,353.6,354,0,0,0,15,34.7,42,72,CRYING,0,0,354,57
69eca87d65abc16ec86379d3,ESP32_GREENHOUSE_01,2026-04-25T11:41:49.023Z,15,34.55,34.1,34.8,34.5,42,42,42,42,77.6,98,72,CRYING,56.8,57,0,0,357.4,359,0,0,0,15,34.5,42,72,CRYING,0,0,359,57
69eca89b65abc16ec86379d4,ESP32_GREENHOUSE_01,2026-04-25T11:42:19.027Z,14,34.61,34,34.9,34.9,42,42,42,42,74.4,98,98,CRYING,57.1,56,0,0,360.9,362,0,0,0,14,34.9,42,98,CRYING,0,0,362,56
69eca8b965abc16ec86379d5,ESP32_GREENHOUSE_01,2026-04-25T11:42:49.031Z,15,34.37,34,34.9,34,42,42,42,42,71.3,89,84,CRYING,57.2,57,0,0,361.1,359,0,0,0,15,34,42,84,CRYING,0,0,359,57
69eca8d765abc16ec86379d6,ESP32_GREENHOUSE_01,2026-04-25T11:43:19.040Z,15,34.48,34.1,34.9,34.9,42,42,42,42,93.7,132,65,CRYING,56.3,57,0,0,359.8,358,0,0,0,15,34.9,42,65,CRYING,0,0,358,57
69eca8f565abc16ec86379d7,ESP32_GREENHOUSE_01,2026-04-25T11:43:49.049Z,15,34.45,34,34.8,34.2,42,42,42,42,187.2,522,304,CRYING,52.7,48,0,0,357.9,360,0,0,0,15,34.2,42,304,CRYING,0,0,360,48
69eca91365abc16ec86379d8,ESP32_GREENHOUSE_01,2026-04-25T11:44:19.053Z,15,34.4,34,34.9,34.2,42,42,42,42,110.9,600,65,CRYING,55.6,57,0,0,357.4,358,0,0,0,15,34.2,42,65,CRYING,0,0,358,57
69eca93165abc16ec86379d9,ESP32_GREENHOUSE_01,2026-04-25T11:44:49.058Z,15,34.56,34.1,34.9,34.8,42,42,42,42,74.7,109,73,CRYING,57.1,57,0,0,357.3,356,0,0,0,15,34.8,42,73,CRYING,0,0,356,57
69eca94f65abc16ec86379da,ESP32_GREENHOUSE_01,2026-04-25T11:45:19.067Z,15,34.4,34,34.8,34.7,42.27,42,43,42,74,124,85,CRYING,57.3,57,0,0,356.7,358,0,0,0,15,34.7,42,85,CRYING,0,0,358,57
69eca96d65abc16ec86379db,ESP32_GREENHOUSE_01,2026-04-25T11:45:49.070Z,15,34.41,34,34.8,34.8,42.2,42,43,42,74.1,94,78,CRYING,57.1,57,0,0,358.6,359,0,0,0,15,34.8,42,78,CRYING,0,0,359,57
69eca98b65abc16ec86379dc,ESP32_GREENHOUSE_01,2026-04-25T11:46:19.079Z,14,34.56,34.1,34.9,34.3,42,42,42,42,77.7,104,90,CRYING,56.9,56,0,0,359.1,360,0,0,0,14,34.3,42,90,CRYING,0,0,360,56
69eca9a965abc16ec86379dd,ESP32_GREENHOUSE_01,2026-04-25T11:46:49.087Z,15,34.49,34,34.9,34.1,42,42,42,42,99.5,220,220,CRYING,56.1,51,0,0,357.8,355,0,0,0,15,34.1,42,220,CRYING,0,0,355,51
69eca9c765abc16ec86379de,ESP32_GREENHOUSE_01,2026-04-25T11:47:19.097Z,15,34.51,34,34.9,34.9,42,42,42,42,172.9,509,262,CRYING,53.2,50,0,0,352.9,348,0,0,0,15,34.9,42,262,CRYING,0,0,348,50
69eca9e565abc16ec86379df,ESP32_GREENHOUSE_01,2026-04-25T11:47:49.109Z,15,34.43,34,34.9,34,42,42,42,42,209,441,355,CRYING,51.9,46,0,0,352,356,0,0,0,15,34,42,355,CRYING,0,0,356,46
69ecaa0365abc16ec86379e0,ESP32_GREENHOUSE_01,2026-04-25T11:48:19.119Z,15,34.48,34,34.9,34.7,42,42,42,42,176.1,805,87,CRYING,53.1,57,0,0,347.9,343,0,0,0,15,34.7,42,87,CRYING,0,0,343,57
69ecaa2165abc16ec86379e1,ESP32_GREENHOUSE_01,2026-04-25T11:48:49.128Z,15,34.41,34,34.9,34.1,42.2,42,43,42,78,151,49,CRYING,57.1,58,0,0,358.7,358,0,0,0,15,34.1,42,49,CRYING,0,0,358,58
69ecaa3f65abc16ec86379e2,ESP32_GREENHOUSE_01,2026-04-25T11:49:19.134Z,15,34.61,34,34.9,34.8,42.47,42,43,42,76.3,211,43,CRYING,57.3,58,0,0,357.4,360,0,0,0,15,34.8,42,43,CRYING,0,0,360,58
69ecaa5d65abc16ec86379e3,ESP32_GREENHOUSE_01,2026-04-25T11:49:49.145Z,14,34.47,34,34.9,34.4,42.21,42,43,42,43.4,64,42,CRYING,58.4,58,0,0,362.6,363,0,0,0,14,34.4,42,42,CRYING,0,0,363,58
69ecaa7b65abc16ec86379e4,ESP32_GREENHOUSE_01,2026-04-25T11:50:19.145Z,15,34.5,34.1,34.9,34.1,42,42,42,42,50.5,189,21,CRYING,58,59,0,0,360.3,359,0,0,0,15,34.1,42,21,CRYING,0,0,359,59
69ecaa9965abc16ec86379e5,ESP32_GREENHOUSE_01,2026-04-25T11:50:49.160Z,15,34.47,34,34.9,34.7,42,42,42,42,32.5,41,37,CRYING,58.7,59,0,0,359.4,359,0,0,0,15,34.7,42,37,CRYING,0,0,359,59
69ecaab765abc16ec86379e6,ESP32_GREENHOUSE_01,2026-04-25T11:51:19.165Z,15,34.43,34,34.9,34.8,42,42,42,42,59.7,94,79,CRYING,57.7,57,0,0,357.8,357,0,0,0,15,34.8,42,79,CRYING,0,0,357,57
69ecaad565abc16ec86379e7,ESP32_GREENHOUSE_01,2026-04-25T11:51:49.175Z,15,34.43,34,34.9,34.7,42,42,42,42,64.1,111,59,CRYING,57.5,58,0,0,357.2,357,0,0,0,15,34.7,42,59,CRYING,0,0,357,58
69ecaaf365abc16ec86379e8,ESP32_GREENHOUSE_01,2026-04-25T11:52:19.178Z,15,34.43,34,34.9,34.3,42,42,42,42,32.7,57,39,CRYING,58.7,58,0,0,357.1,357,0,0,0,15,34.3,42,39,CRYING,0,0,357,58
69ecab1165abc16ec86379e9,ESP32_GREENHOUSE_01,2026-04-25T11:52:49.191Z,15,34.39,34,34.9,34.3,42,42,42,42,57.6,135,135,CRYING,57.9,55,0,0,356.6,356,0,0,0,15,34.3,42,135,CRYING,0,0,356,55
69ecab2f65abc16ec86379ea,ESP32_GREENHOUSE_01,2026-04-25T11:53:19.203Z,15,34.38,34,34.9,34.7,42,42,42,42,70.3,230,39,CRYING,57.2,58,0,0,356.5,357,0,0,0,15,34.7,42,39,CRYING,0,0,357,58
69ecab4d65abc16ec86379eb,ESP32_GREENHOUSE_01,2026-04-25T11:53:49.209Z,14,34.44,34,34.9,34.3,42,42,42,42,44.8,119,35,CRYING,58.2,59,0,0,355.9,356,0,0,0,14,34.3,42,35,CRYING,0,0,356,59
69ecab6b65abc16ec86379ed,ESP32_GREENHOUSE_01,2026-04-25T11:54:19.211Z,15,34.5,34,34.9,34,42.27,42,43,43,31.3,53,22,Quiet,59.1,60,0,0,355.3,355,0,0,0,1,34,43,22,Quiet,0,0,355,60
69ecab8965abc16ec86379f3,ESP32_GREENHOUSE_01,2026-04-25T11:54:49.225Z,15,34.47,34.1,34.8,34.5,43,43,43,43,44,93,93,Quiet,58.9,57,0,0,355,354,0,0,0,3,34.5,43,93,CRYING,0,0,354,57
69ecaba765abc16ec86379ff,ESP32_GREENHOUSE_01,2026-04-25T11:55:19.231Z,15,34.51,34.1,34.9,34.9,43,43,43,43,53.3,116,56,Light Activity,58.5,58,0,0,355.5,356,0,0,0,3,34.9,43,56,Light Activity,0,0,356,58
69ecabc565abc16ec8637a06,ESP32_GREENHOUSE_01,2026-04-25T11:55:49.237Z,15,34.45,34.2,34.7,34.6,43,43,43,43,130.3,347,162,CRYING,55.5,54,0,0,355.4,356,0,0,0,8,34.6,43,162,CRYING,0,0,356,54
69ecabe365abc16ec8637a0a,ESP32_GREENHOUSE_01,2026-04-25T11:56:19.238Z,15,34.53,34,34.9,34.4,42.93,42,43,43,42.6,78,24,CRYING,58.8,60,0,0,355.9,356,0,0,0,10,34.4,43,24,Quiet,0,0,356,60
69ecac0165abc16ec8637a12,ESP32_GREENHOUSE_01,2026-04-25T11:56:49.239Z,15,34.33,34,34.7,34.5,43,43,43,43,40.6,78,47,Quiet,58.9,59,0,0,356.1,356,0,0,0,0,34.5,43,47,Light Activity,0,0,356,59
69ecac1f65abc16ec8637a1c,ESP32_GREENHOUSE_01,2026-04-25T11:57:19.250Z,15,34.45,34,34.9,34,43,43,43,43,43.1,77,25,Light Activity,59,60,0,0,356.1,356,0,0,0,0,34,43,25,Quiet,0,0,356,60
69ecac3d65abc16ec8637a1d,ESP32_GREENHOUSE_01,2026-04-25T11:57:49.253Z,14,34.34,34,34.8,34.1,43,43,43,43,21.7,40,20,Quiet,59.9,60,0,0,355.4,355,0,0,0,0,34.1,43,20,Quiet,0,0,355,60
69ecac5b65abc16ec8637a1e,ESP32_GREENHOUSE_01,2026-04-25T11:58:19.268Z,15,34.35,34,34.9,34.1,43,43,43,43,24.8,33,33,Quiet,59.7,59,0,0,355.3,355,0,0,0,0,34.1,43,33,Quiet,0,0,355,59
69ecac7965abc16ec8637a29,ESP32_GREENHOUSE_01,2026-04-25T11:58:49.281Z,15,34.5,34.3,34.9,34.3,43,43,43,43,51.7,105,47,Quiet,58.5,59,0,0,354.3,354,0,0,0,2,34.3,43,47,Light Activity,0,0,354,59
69ecac9765abc16ec8637a2d,ESP32_GREENHOUSE_01,2026-04-25T11:59:19.291Z,15,34.37,34.1,34.7,34.5,43,43,43,43,33.6,47,35,Quiet,59.4,59,0,0,353.1,352,0,0,0,0,34.5,43,35,Quiet,0,0,352,59
69ecacb565abc16ec8637a36,ESP32_GREENHOUSE_01,2026-04-25T11:59:49.304Z,15,34.53,34.2,34.9,34.3,43,43,43,43,34.3,58,40,Quiet,59.4,59,0,0,352.2,352,0,0,0,0,34.3,43,40,Quiet,0,0,352,59
69ecacd365abc16ec8637a3d,ESP32_GREENHOUSE_01,2026-04-25T12:00:19.312Z,15,34.39,34,34.8,34.6,43,43,43,43,38.7,79,26,Quiet,59.2,60,0,0,351.2,350,0,0,0,0,34.6,43,26,Quiet,0,0,350,60
69ecacf165abc16ec8637a40,ESP32_GREENHOUSE_01,2026-04-25T12:00:49.322Z,15,34.44,34.1,34.9,34.3,43,43,43,43,27.2,44,25,Quiet,59.6,60,0,0,350.3,350,0,0,0,0,34.3,43,25,Quiet,0,0,350,60
69ecad0f65abc16ec8637a43,ESP32_GREENHOUSE_01,2026-04-25T12:01:19.330Z,14,34.49,34.1,34.9,34.3,43,43,43,43,24.9,45,21,Quiet,59.8,60,0,0,348.5,348,0,0,0,0,34.3,43,21,Quiet,0,0,348,60
69ecad2d65abc16ec8637a46,ESP32_GREENHOUSE_01,2026-04-25T12:01:49.331Z,15,34.37,34,34.9,34.4,43,43,43,43,29.4,50,32,Quiet,59.6,59,0,0,347.1,346,0,0,0,0,34.4,43,32,Quiet,0,0,346,59
69ecad4b65abc16ec8637a49,ESP32_GREENHOUSE_01,2026-04-25T12:02:19.337Z,15,34.47,34,34.9,34.6,43,43,43,43,24.9,51,17,Quiet,59.8,60,0,0,345.5,345,0,0,0,0,34.6,43,17,Quiet,0,0,345,60
69ecad6965abc16ec8637a4a,ESP32_GREENHOUSE_01,2026-04-25T12:02:49.341Z,15,34.51,34.1,34.8,34.6,43,43,43,43,15.7,23,19,Quiet,60,60,0,0,344.4,344,0,0,0,0,34.6,43,19,Quiet,0,0,344,60
69ecad8765abc16ec8637a4d,ESP32_GREENHOUSE_01,2026-04-25T12:03:19.353Z,15,34.52,34.1,34.9,34.5,43,43,43,43,24.1,44,12,Quiet,59.7,60,0,0,343.7,343,0,0,0,0,34.5,43,12,Quiet,0,0,343,60
69ecada565abc16ec8637a4e,ESP32_GREENHOUSE_01,2026-04-25T12:03:49.367Z,15,34.45,34,34.9,34.7,43,43,43,43,20.5,31,21,Quiet,59.9,60,0,0,342.6,342,0,0,0,0,34.7,43,21,Quiet,0,0,342,60
69ecadc365abc16ec8637a53,ESP32_GREENHOUSE_01,2026-04-25T12:04:19.370Z,15,34.14,33,34.9,33.7,43.13,43,44,44,39.3,67,30,Quiet,59.3,60,0,0,342.7,343,0,0,0,0,33.7,44,30,Quiet,0,0,343,60
69ecade165abc16ec8637a58,ESP32_GREENHOUSE_01,2026-04-25T12:04:49.376Z,15,33.43,33,33.7,33,44,44,44,44,35.9,125,20,Quiet,59.7,60,0,0,342.5,342,0,0,0,1,33,44,20,Quiet,0,0,342,60
69ecadff65abc16ec8637a59,ESP32_GREENHOUSE_01,2026-04-25T12:05:19.392Z,14,33.38,33,33.9,33,44,44,44,44,22.6,33,25,Quiet,60.3,60,0,0,342.9,343,0,0,0,0,33,44,25,Quiet,0,0,343,60
69ecae1d65abc16ec8637a5a,ESP32_GREENHOUSE_01,2026-04-25T12:05:49.406Z,15,33.52,33,33.9,33.6,44,44,44,44,23.2,33,11,Quiet,60.3,61,0,0,343.3,343,0,0,0,0,33.6,44,11,Quiet,0,0,343,61
69ecae3b65abc16ec8637a60,ESP32_GREENHOUSE_01,2026-04-25T12:06:19.415Z,15,33.46,33,33.9,33.3,44,44,44,44,30,81,31,Quiet,60,60,0,0,343.5,344,0,0,0,1,33.3,44,31,Quiet,0,0,344,60
69ecae5965abc16ec8637a61,ESP32_GREENHOUSE_01,2026-04-25T12:06:49.415Z,15,33.29,33,33.6,33.6,44,44,44,44,23.6,36,17,Quiet,60.3,61,0,0,343,343,0,0,0,0,33.6,44,17,Quiet,0,0,343,61
69ecae7765abc16ec8637a62,ESP32_GREENHOUSE_01,2026-04-25T12:07:19.415Z,15,33.37,33,33.7,33.1,44,44,44,44,20,39,35,Quiet,60.6,60,0,0,341.4,341,0,0,0,0,33.1,44,35,Quiet,0,0,341,60
69ecae9565abc16ec8637a6a,ESP32_GREENHOUSE_01,2026-04-25T12:07:49.420Z,15,33.51,33,33.9,33.5,44,44,44,44,39.5,55,50,Quiet,59.6,59,0,0,339.6,339,0,0,0,0,33.5,44,50,Light Activity,0,0,339,59
69ecaeb365abc16ec8637a6e,ESP32_GREENHOUSE_01,2026-04-25T12:08:19.428Z,15,33.61,33.4,33.9,33.6,44,44,44,44,30.3,57,13,Quiet,60.1,61,0,0,337.8,337,0,0,0,0,33.6,44,13,Quiet,0,0,337,61
69ecaed165abc16ec8637a74,ESP32_GREENHOUSE_01,2026-04-25T12:08:49.431Z,15,33.38,33,33.9,33.1,44,44,44,44,33.9,49,46,Quiet,59.8,59,0,0,335.8,334,0,0,0,0,33.1,44,46,Light Activity,0,0,334,59
69ecaeef65abc16ec8637a76,ESP32_GREENHOUSE_01,2026-04-25T12:09:19.442Z,14,33.38,33,33.8,33.3,44,44,44,44,21.1,33,13,Quiet,60.4,61,0,0,333.3,332,0,0,0,0,33.3,44,13,Quiet,0,0,332,61
69ecaf0d65abc16ec8637a77,ESP32_GREENHOUSE_01,2026-04-25T12:09:49.448Z,15,33.42,33.1,33.8,33.4,44,44,44,44,22.9,38,36,Quiet,60.5,60,0,0,331.1,330,0,0,0,0,33.4,44,36,Quiet,0,0,330,60
69ecaf2b65abc16ec8637a80,ESP32_GREENHOUSE_01,2026-04-25T12:10:19.457Z,15,33.3,33,33.8,33.4,44,44,44,44,35.9,56,25,Quiet,59.7,60,0,0,329.1,328,0,0,0,0,33.4,44,25,Quiet,0,0,328,60
69ecaf4965abc16ec8637a83,ESP32_GREENHOUSE_01,2026-04-25T12:10:49.471Z,15,33.29,33,33.4,33,44,44,44,44,32.7,48,43,Quiet,59.9,60,0,0,327.8,327,0,0,0,0,33,44,43,Quiet,0,0,327,60
69ecaf6765abc16ec8637a8a,ESP32_GREENHOUSE_01,2026-04-25T12:11:19.477Z,15,33.49,33.1,33.9,33.5,44,44,44,44,82.4,360,43,CRYING,58,60,0,0,326.2,325,0,0,0,8,33.5,44,43,Quiet,0,0,325,60
69ecaf8565abc16ec8637a96,ESP32_GREENHOUSE_01,2026-04-25T12:11:49.489Z,15,33.46,33,33.9,33,44,44,44,44,40.9,58,46,Quiet,59.6,59,0,0,324.1,323,0,0,0,1,33,44,46,Light Activity,0,0,323,59
69ecafa365abc16ec8637aa1,ESP32_GREENHOUSE_01,2026-04-25T12:12:19.504Z,15,33.42,33,33.9,33.8,44,44,44,44,48.1,68,40,Quiet,59.5,60,0,0,321.9,321,0,0,0,0,33.8,44,40,Quiet,0,0,321,60
69ecafc165abc16ec8637aab,ESP32_GREENHOUSE_01,2026-04-25T12:12:49.505Z,15,33.44,33,33.9,33.2,44,44,44,44,63.1,124,42,CRYING,58.8,60,0,0,319.5,318,0,0,0,9,33.2,44,42,Quiet,0,0,318,60
69ecafdf65abc16ec8637ab5,ESP32_GREENHOUSE_01,2026-04-25T12:13:19.519Z,14,33.3,33,33.7,33.1,44,44,44,44,37.3,60,26,Quiet,59.8,60,0,0,317,316,0,0,0,1,33.1,44,26,Quiet,0,0,316,60
69ecaffd65abc16ec8637ab6,ESP32_GREENHOUSE_01,2026-04-25T12:13:49.526Z,15,33.47,33,33.9,33.7,44,44,44,44,22.9,40,17,Quiet,60.5,61,0,0,316.1,316,0,0,0,0,33.7,44,17,Quiet,0,0,316,61
69ecb01b65abc16ec8637ab9,ESP32_GREENHOUSE_01,2026-04-25T12:14:19.539Z,15,33.33,33,33.7,33,44.07,44,45,45,30.5,44,25,Quiet,60.1,61,0,0,316.4,317,0,0,0,0,33,45,25,Quiet,0,0,317,61
69ecb03965abc16ec8637ac2,ESP32_GREENHOUSE_01,2026-04-25T12:14:49.543Z,15,33.37,33,33.9,33,44.33,44,45,44,44.5,87,26,Quiet,59.8,60,0,0,316.3,316,0,0,0,2,33,44,26,Quiet,0,0,316,60
69ecb05765abc16ec8637acc,ESP32_GREENHOUSE_01,2026-04-25T12:15:19.544Z,15,33.37,33,33.9,33.3,44,44,44,44,39.8,54,46,Quiet,59.6,59,0,0,316.8,317,0,0,0,0,33.3,44,46,Light Activity,0,0,317,59
69ecb07565abc16ec8637ad2,ESP32_GREENHOUSE_01,2026-04-25T12:15:49.550Z,15,33.53,33,33.9,33.8,44.13,44,45,45,39.9,62,62,Quiet,59.7,59,0,0,316,317,0,0,0,0,33.8,45,62,Restless,0,0,317,59
69ecb09365abc16ec8637ad4,ESP32_GREENHOUSE_01,2026-04-25T12:16:19.559Z,15,33.37,33,33.9,33.9,44.8,44,45,45,24.7,38,19,Quiet,60.9,61,0,0,315.9,316,0,0,0,0,33.9,45,19,Quiet,0,0,316,61
69ecb0b165abc16ec8637ad5,ESP32_GREENHOUSE_01,2026-04-25T12:16:49.566Z,14,33.49,33.1,33.9,33.9,45,45,45,45,19.2,26,18,Quiet,61,61,0,0,315.4,314,0,0,0,0,33.9,45,18,Quiet,0,0,314,61
69ecb0cf65abc16ec8637ad8,ESP32_GREENHOUSE_01,2026-04-25T12:17:19.568Z,15,33.46,33.1,33.9,33.9,45,45,45,45,25.4,45,18,Quiet,60.8,61,0,0,313.8,313,0,0,0,0,33.9,45,18,Quiet,0,0,313,61
69ecb0ed65abc16ec8637add,ESP32_GREENHOUSE_01,2026-04-25T12:17:49.583Z,15,33.47,33,33.9,33.5,44.07,44,45,44,32.9,60,28,Quiet,59.9,60,0,0,313,312,0,0,0,0,33.5,44,28,Quiet,0,0,312,60
69ecb10b65abc16ec8637ae5,ESP32_GREENHOUSE_01,2026-04-25T12:18:19.587Z,15,33.51,33,33.9,33.2,44.33,44,45,45,42.6,103,103,Quiet,59.8,58,0,0,311.7,311,0,0,0,1,33.2,45,103,CRYING,0,0,311,58
69ecb12965abc16ec8637ae7,ESP32_GREENHOUSE_01,2026-04-25T12:18:49.592Z,15,33.47,33,33.9,33.3,45,45,45,45,28.8,39,29,Quiet,60.9,61,0,0,310.3,310,0,0,0,1,33.3,45,29,Quiet,0,0,310,61
69ecb14765abc16ec8637aec,ESP32_GREENHOUSE_01,2026-04-25T12:19:19.593Z,15,33.55,33,33.9,33.7,44.47,44,45,44,35.1,48,29,Quiet,60.4,60,0,0,308.1,306,0,0,0,0,33.7,44,29,Quiet,0,0,306,60
69ecb16565abc16ec8637aef,ESP32_GREENHOUSE_01,2026-04-25T12:19:49.602Z,15,33.52,33.1,33.9,33.9,44.6,44,45,45,31.5,46,20,Quiet,60.4,61,0,0,305.1,304,0,0,0,0,33.9,45,20,Quiet,0,0,304,61
69ecb18365abc16ec8637af2,ESP32_GREENHOUSE_01,2026-04-25T12:20:19.617Z,15,33.33,33,33.8,33.1,45,45,45,45,25.7,55,24,Quiet,60.9,61,0,0,302,300,0,0,0,0,33.1,45,24,Quiet,0,0,300,61
69ecb1a165abc16ec8637afa,ESP32_GREENHOUSE_01,2026-04-25T12:20:49.631Z,14,33.42,33,33.9,33.4,45,45,45,45,37.2,53,47,Quiet,60.5,60,0,0,297.9,296,0,0,0,0,33.4,45,47,Light Activity,0,0,296,60
69ecb1bf65abc16ec8637b01,ESP32_GREENHOUSE_01,2026-04-25T12:21:19.637Z,15,33.43,33.1,33.8,33.8,45,45,45,45,45.3,176,51,Quiet,60.1,60,0,0,293.2,290,0,0,0,0,33.8,45,51,Light Activity,0,0,290,60
69ecb1dd65abc16ec8637b09,ESP32_GREENHOUSE_01,2026-04-25T12:21:49.648Z,15,33.53,33.1,33.9,33.3,45,45,45,45,40,80,23,Quiet,60.3,61,0,0,287.1,284,0,0,0,1,33.3,45,23,Quiet,0,0,284,61
69ecb1fb65abc16ec8637b13,ESP32_GREENHOUSE_01,2026-04-25T12:22:19.650Z,15,33.51,33.2,33.8,33.8,45,45,45,45,54,113,60,Quiet,59.7,60,0,0,280.9,278,0,0,0,1,33.8,45,60,Restless,0,0,278,60
69ecb21965abc16ec8637b19,ESP32_GREENHOUSE_01,2026-04-25T12:22:49.661Z,15,33.39,33,33.9,33.1,45,45,45,45,28.9,47,17,Quiet,60.7,61,0,0,274.7,272,0,0,0,0,33.1,45,17,Quiet,0,0,272,61
69ecb23765abc16ec8637b1b,ESP32_GREENHOUSE_01,2026-04-25T12:23:19.673Z,15,33.39,33,33.7,33.4,45,45,45,45,32.7,50,50,Quiet,60.7,60,0,0,269.8,268,0,0,0,0,33.4,45,50,Light Activity,0,0,268,60
69ecb25565abc16ec8637b25,ESP32_GREENHOUSE_01,2026-04-25T12:23:49.677Z,15,33.38,33,33.9,33,45,45,45,45,49.1,99,99,Light Activity,60.1,58,0,0,266.5,266,0,0,0,2,33,45,99,CRYING,0,0,266,58
69ecb27365abc16ec8637b2b,ESP32_GREENHOUSE_01,2026-04-25T12:24:19.677Z,15,33.43,33,33.7,33.4,45,45,45,45,40.1,108,32,Quiet,60.4,61,0,0,265.9,265,0,0,0,1,33.4,45,32,Quiet,0,0,265,61
69ecb29165abc16ec8637b30,ESP32_GREENHOUSE_01,2026-04-25T12:24:49.679Z,14,33.56,33,33.9,33.5,45,45,45,45,31.3,53,42,Quiet,60.6,60,0,0,265.3,266,0,0,0,0,33.5,45,42,Quiet,0,0,266,60
69ecb2af65abc16ec8637b33,ESP32_GREENHOUSE_01,2026-04-25T12:25:19.682Z,15,33.35,33,33.9,33.4,45,45,45,45,30.6,47,29,Quiet,60.8,61,0,0,265.8,266,0,0,0,0,33.4,45,29,Quiet,0,0,266,61
69ecb2cd65abc16ec8637b36,ESP32_GREENHOUSE_01,2026-04-25T12:25:49.686Z,15,33.51,33,33.9,33.9,45,45,45,45,28.8,50,35,Quiet,60.8,61,0,0,267.6,269,0,0,0,0,33.9,45,35,Quiet,0,0,269,61
69ecb2eb65abc16ec8637b39,ESP32_GREENHOUSE_01,2026-04-25T12:26:19.689Z,15,33.42,33,33.9,33.2,45,45,45,45,29.9,50,22,Quiet,60.7,61,0,0,269.2,270,0,0,0,0,33.2,45,22,Quiet,0,0,270,61
69ecb30965abc16ec8637b3c,ESP32_GREENHOUSE_01,2026-04-25T12:26:49.692Z,15,33.5,33,33.9,33.8,45,45,45,45,29.1,44,31,Quiet,60.9,61,0,0,270.7,271,0,0,0,0,33.8,45,31,Quiet,0,0,271,61
69ecb32765abc16ec8637b43,ESP32_GREENHOUSE_01,2026-04-25T12:27:19.706Z,15,33.41,33.1,33.8,33.1,45,45,45,45,45,67,63,Quiet,60.1,59,0,0,271.1,272,0,0,0,2,33.1,45,63,CRYING,0,0,272,59
69ecb34565abc16ec8637b4e,ESP32_GREENHOUSE_01,2026-04-25T12:27:49.706Z,15,33.32,33,33.9,33.1,45,45,45,45,51.7,92,50,Quiet,59.8,60,0,0,271.5,271,0,0,0,1,33.1,45,50,Light Activity,0,0,271,60
69ecb36365abc16ec8637b52,ESP32_GREENHOUSE_01,2026-04-25T12:28:19.721Z,14,33.47,33,33.8,33.4,45,45,45,45,33.9,44,34,Quiet,60.6,61,0,0,270.7,270,0,0,0,0,33.4,45,34,Quiet,0,0,270,61
69ecb38165abc16ec8637b53,ESP32_GREENHOUSE_01,2026-04-25T12:28:49.726Z,15,33.35,33,33.9,33.1,45,45,45,45,32.1,41,27,Quiet,60.7,61,0,0,269.3,269,0,0,0,0,33.1,45,27,Quiet,0,0,269,61
69ecb39f65abc16ec8637b59,ESP32_GREENHOUSE_01,2026-04-25T12:29:19.735Z,15,33.47,33,33.8,33.4,45,45,45,45,37.7,61,38,Quiet,60.3,60,0,0,266.8,265,0,0,0,0,33.4,45,38,Quiet,0,0,265,60
69ecb3bd65abc16ec8637b63,ESP32_GREENHOUSE_01,2026-04-25T12:29:49.740Z,15,33.39,33,33.8,33.2,45,45,45,45,37,53,44,Quiet,60.4,60,0,0,263.2,261,0,0,0,0,33.2,45,44,Light Activity,0,0,261,60
69ecb3db65abc16ec8637b65,ESP32_GREENHOUSE_01,2026-04-25T12:30:19.755Z,15,33.37,33,33.8,33.4,45,45,45,45,25.5,35,16,Quiet,61,61,0,0,259.2,257,0,0,0,0,33.4,45,16,Quiet,0,0,257,61
69ecb3f965abc16ec8637b69,ESP32_GREENHOUSE_01,2026-04-25T12:30:49.762Z,15,33.59,33,33.9,33.9,45,45,45,45,31.6,70,70,Quiet,60.7,59,0,0,255.1,253,0,0,0,0,33.9,45,70,Restless,0,0,253,59
69ecb41765abc16ec8637b6d,ESP32_GREENHOUSE_01,2026-04-25T12:31:19.776Z,15,33.53,33.1,33.9,33.9,45,45,45,45,27.4,44,24,Quiet,60.8,61,0,0,250.7,248,0,0,0,0,33.9,45,24,Quiet,0,0,248,61
69ecb43565abc16ec8637b6e,ESP32_GREENHOUSE_01,2026-04-25T12:31:49.781Z,15,33.42,33.1,33.9,33.3,45.53,45,46,46,26.6,38,23,Quiet,61.3,62,0,0,246.7,245,0,0,0,0,33.3,46,23,Quiet,0,0,245,62
69ecb45365abc16ec8637b72,ESP32_GREENHOUSE_01,2026-04-25T12:32:19.792Z,14,33.46,33,33.9,33.1,46,46,46,46,33.4,63,27,Quiet,61.1,61,0,0,242,240,0,0,0,0,33.1,46,27,Quiet,0,0,240,61
69ecb47165abc16ec8637b73,ESP32_GREENHOUSE_01,2026-04-25T12:32:49.805Z,15,33.47,33.1,33.9,33.2,46,46,46,46,26.9,41,24,Quiet,61.3,62,0,0,237.3,235,0,0,0,0,33.2,46,24,Quiet,0,0,235,62
69ecb48f65abc16ec8637b78,ESP32_GREENHOUSE_01,2026-04-25T12:33:19.814Z,15,33.61,33.1,33.9,33.1,46,46,46,46,33.1,53,31,Quiet,61.2,61,0,0,232.1,229,0,0,0,0,33.1,46,31,Quiet,0,0,229,61
69ecb4ad65abc16ec8637b81,ESP32_GREENHOUSE_01,2026-04-25T12:33:49.821Z,15,33.41,33.1,33.8,33.5,45.67,45,46,45,46.5,101,27,Quiet,60.5,61,0,0,226,223,0,0,0,2,33.5,45,27,Quiet,0,0,223,61
69ecb4cb65abc16ec8637b89,ESP32_GREENHOUSE_01,2026-04-25T12:34:19.830Z,15,33.51,33,33.9,33.8,45,45,45,45,38.9,52,51,Quiet,60.4,60,0,0,219.9,217,0,0,0,0,33.8,45,51,Light Activity,0,0,217,60
69ecb4e965abc16ec8637b8f,ESP32_GREENHOUSE_01,2026-04-25T12:34:49.838Z,15,33.43,33,33.9,33.2,45,45,45,45,35.2,45,29,Quiet,60.4,61,0,0,212.7,210,0,0,0,1,33.2,45,29,Quiet,0,0,210,61
69ecb50765abc16ec8637b92,ESP32_GREENHOUSE_01,2026-04-25T12:35:19.852Z,15,33.47,33,33.8,33.5,45,45,45,45,28.3,45,17,Quiet,60.8,61,0,0,205.5,202,0,0,0,0,33.5,45,17,Quiet,0,0,202,61
69ecb52565abc16ec8637b93,ESP32_GREENHOUSE_01,2026-04-25T12:35:49.855Z,15,33.4,33.1,33.9,33.3,45,45,45,45,23.3,33,13,Quiet,61,61,0,0,198.1,195,0,0,0,0,33.3,45,13,Quiet,0,0,195,61
69ecb54365abc16ec8637b94,ESP32_GREENHOUSE_01,2026-04-25T12:36:19.858Z,14,33.52,33,33.9,33.9,45,45,45,45,22.5,29,27,Quiet,61,61,0,0,191.3,188,0,0,0,0,33.9,45,27,Quiet,0,0,188,61
69ecb56165abc16ec8637b9b,ESP32_GREENHOUSE_01,2026-04-25T12:36:49.867Z,15,33.37,33.1,33.8,33.6,45.53,45,46,46,44.2,70,70,Quiet,60.5,60,0,0,184.3,181,0,0,0,3,33.6,46,70,CRYING,0,0,181,60
69ecb57f65abc16ec8637ba3,ESP32_GREENHOUSE_01,2026-04-25T12:37:19.879Z,15,33.49,33,33.8,33.8,46,46,46,46,44.1,80,39,Quiet,60.8,61,0,0,178.1,176,0,0,0,0,33.8,46,39,Quiet,0,0,176,61
69ecb59d65abc16ec8637baa,ESP32_GREENHOUSE_01,2026-04-25T12:37:49.891Z,15,33.69,33.3,33.9,33.6,46,46,46,46,34.4,54,41,Quiet,61,61,0,0,173.2,171,0,0,0,0,33.6,46,41,Quiet,0,0,171,61
69ecb5bb65abc16ec8637bae,ESP32_GREENHOUSE_01,2026-04-25T12:38:19.899Z,15,33.36,33.1,33.7,33.3,45.73,45,46,45,33.5,61,25,Quiet,61.1,61,0,0,168.1,166,0,0,0,0,33.3,45,25,Quiet,0,0,166,61
69ecb5d965abc16ec8637baf,ESP32_GREENHOUSE_01,2026-04-25T12:38:49.914Z,15,33.39,33.1,33.7,33.4,45.6,45,46,45,28.3,43,22,Quiet,61.1,61,0,0,163.5,161,0,0,0,0,33.4,45,22,Quiet,0,0,161,61
69ecb5f765abc16ec8637bb2,ESP32_GREENHOUSE_01,2026-04-25T12:39:19.925Z,15,33.41,33,33.8,33.8,45,45,45,45,28.3,45,36,Quiet,60.9,60,0,0,158.4,156,0,0,0,0,33.8,45,36,Quiet,0,0,156,60
69ecb61565abc16ec8637bb9,ESP32_GREENHOUSE_01,2026-04-25T12:39:49.928Z,14,33.49,33.2,33.8,33.2,45,45,45,45,37.8,70,24,Quiet,60.4,61,0,0,152.7,150,0,0,0,0,33.2,45,24,Quiet,0,0,150,61
69ecb63365abc16ec8637bba,ESP32_GREENHOUSE_01,2026-04-25T12:40:19.943Z,15,33.43,33.2,33.8,33.8,45,45,45,45,25.3,37,23,Quiet,60.9,61,0,0,146.9,144,0,0,0,0,33.8,45,23,Quiet,0,0,144,61
69ecb65165abc16ec8637bbb,ESP32_GREENHOUSE_01,2026-04-25T12:40:49.946Z,15,33.51,33.1,33.9,33.9,45,45,45,45,23.9,39,20,Quiet,60.9,61,0,0,139.8,136,0,0,0,0,33.9,45,20,Quiet,0,0,136,61
69ecb66f65abc16ec8637bc7,ESP32_GREENHOUSE_01,2026-04-25T12:41:19.952Z,15,33.35,33,33.9,33.5,45.27,45,46,45,43.2,72,26,Quiet,60.3,61,0,0,131.9,128,0,0,0,2,33.5,45,26,Quiet,0,0,128,61
69ecb68d65abc16ec8637bc8,ESP32_GREENHOUSE_01,2026-04-25T12:41:49.953Z,15,33.46,33.1,33.9,33.7,45.33,45,46,45,22.9,30,20,Quiet,61.3,61,0,0,125.7,123,0,0,0,0,33.7,45,20,Quiet,0,0,123,61
69ecb6ab65abc16ec8637bcb,ESP32_GREENHOUSE_01,2026-04-25T12:42:19.968Z,15,33.41,33,33.9,33.3,45.33,45,46,46,25.9,53,33,Quiet,61,61,0,0,121.1,119,0,0,0,0,33.3,46,33,Quiet,0,0,119,61
69ecb6c965abc16ec8637bce,ESP32_GREENHOUSE_01,2026-04-25T12:42:49.978Z,15,33.57,33.2,33.8,33.6,46,46,46,46,26.9,49,26,Quiet,61.5,61,0,0,116.9,115,0,0,0,0,33.6,46,26,Quiet,0,0,115,61
69ecb6e765abc16ec8637bd5,ESP32_GREENHOUSE_01,2026-04-25T12:43:19.981Z,15,33.43,33,33.9,33.1,45.93,45,46,45,34.6,51,34,Quiet,61.2,61,0,0,112.1,110,0,0,0,0,33.1,45,34,Quiet,0,0,110,61
69ecb70565abc16ec8637bd6,ESP32_GREENHOUSE_01,2026-04-25T12:43:49.984Z,14,33.45,33.1,33.9,33.4,45.36,45,46,45,27.9,42,25,Quiet,61,61,0,0,107.5,105,0,0,0,0,33.4,45,25,Quiet,0,0,105,61
69ecb72365abc16ec8637be2,ESP32_GREENHOUSE_01,2026-04-25T12:44:19.991Z,15,33.42,33,33.8,33.4,45,45,45,45,45.8,73,46,Quiet,60.1,60,0,0,102.7,101,0,0,0,0,33.4,45,46,Light Activity,0,0,101,60
69ecb74165abc16ec8637be8,ESP32_GREENHOUSE_01,2026-04-25T12:44:49.999Z,15,33.32,33,33.9,33.3,45,45,45,45,40.4,59,59,Quiet,60.4,60,0,0,98.3,97,0,0,0,0,33.3,45,59,Restless,0,0,97,60
69ecb76065abc16ec8637beb,ESP32_GREENHOUSE_01,2026-04-25T12:45:20.009Z,15,33.59,33.1,33.9,33.6,45,45,45,45,26.3,55,19,Quiet,60.9,61,0,0,94.9,93,0,0,0,1,33.6,45,19,Quiet,0,0,93,61
69ecb77e65abc16ec8637bec,ESP32_GREENHOUSE_01,2026-04-25T12:45:50.022Z,15,33.36,33,33.8,33.1,45,45,45,45,21.6,30,27,Quiet,61,61,0,0,91.8,90,0,0,0,0,33.1,45,27,Quiet,0,0,90,61
69ecb79c65abc16ec8637bf3,ESP32_GREENHOUSE_01,2026-04-25T12:46:20.023Z,15,33.4,33,33.9,33.9,45,45,45,45,45.5,163,29,Quiet,60.3,61,0,0,89.4,88,0,0,0,1,33.9,45,29,Quiet,0,0,88,61
69ecb7ba65abc16ec8637bf9,ESP32_GREENHOUSE_01,2026-04-25T12:46:50.033Z,15,33.62,33.1,33.9,33.8,45,45,45,45,35.2,62,23,Quiet,60.5,61,0,0,87.5,87,0,0,0,1,33.8,45,23,Quiet,0,0,87,61
69ecb7d865abc16ec8637c02,ESP32_GREENHOUSE_01,2026-04-25T12:47:20.039Z,15,33.47,33.1,33.9,33.2,45,45,45,45,35.7,70,21,Quiet,60.4,61,0,0,86.1,85,0,0,0,1,33.2,45,21,Quiet,0,0,85,61
69ecb7f665abc16ec8637c08,ESP32_GREENHOUSE_01,2026-04-25T12:47:50.039Z,14,33.43,33,33.9,33.5,45,45,45,45,39.6,66,29,Quiet,60.4,61,0,0,84.1,83,0,0,0,0,33.5,45,29,Quiet,0,0,83,61
69ecb81465abc16ec8637c0b,ESP32_GREENHOUSE_01,2026-04-25T12:48:20.051Z,15,33.55,33,33.9,33.3,45,45,45,45,29.1,62,30,Quiet,60.7,61,0,0,82.1,81,0,0,0,0,33.3,45,30,Quiet,0,0,81,61
69ecb83265abc16ec8637c0c,ESP32_GREENHOUSE_01,2026-04-25T12:48:50.054Z,15,33.43,33,33.9,33.1,45,45,45,45,28.1,42,26,Quiet,60.8,61,0,0,79.2,78,0,0,0,0,33.1,45,26,Quiet,0,0,78,61
69ecb85065abc16ec8637c0e,ESP32_GREENHOUSE_01,2026-04-25T12:49:20.059Z,15,33.55,33,33.9,33.5,45.4,45,46,46,57.9,149,43,Quiet,59.9,61,0,0,75.8,74,0,0,0,6,33.5,46,43,CRYING,0,0,74,61
69ecb86e65abc16ec8637c18,ESP32_GREENHOUSE_01,2026-04-25T12:49:50.069Z,15,33.51,33,33.9,33.4,46,46,46,46,43.2,64,57,Quiet,60.8,60,0,0,71.5,69,0,0,0,3,33.4,46,57,Light Activity,0,0,69,60
69ecb88c65abc16ec8637c1e,ESP32_GREENHOUSE_01,2026-04-25T12:50:20.080Z,15,33.38,33,33.9,33.7,46,46,46,46,33.7,55,27,Quiet,61.2,61,0,0,66.5,64,0,0,0,0,33.7,46,27,Quiet,0,0,64,61
69ecb8aa65abc16ec8637c26,ESP32_GREENHOUSE_01,2026-04-25T12:50:50.087Z,15,33.29,33,33.9,33.1,46,46,46,46,43.6,82,22,Quiet,60.9,62,0,0,60.5,57,0,0,0,0,33.1,46,22,Quiet,0,0,57,62
69ecb8c865abc16ec8637c27,ESP32_GREENHOUSE_01,2026-04-25T12:51:20.092Z,14,33.21,33,33.5,33.5,46,46,46,46,26.4,41,29,Quiet,61.5,61,0,0,53.8,51,0,0,0,0,33.5,46,29,Quiet,0,0,51,61
69ecb8e665abc16ec8637c30,ESP32_GREENHOUSE_01,2026-04-25T12:51:50.104Z,15,33.38,33,33.9,33.8,46,46,46,46,35.5,73,23,Quiet,61.1,62,0,0,47.1,44,0,0,0,0,33.8,46,23,Quiet,0,0,44,62
69ecb90465abc16ec8637c3b,ESP32_GREENHOUSE_01,2026-04-25T12:52:20.105Z,15,33.27,33,33.6,33.4,46,46,46,46,70.6,153,153,CRYING,59.7,57,0,0,179.7,231,0,0,0,7,33.4,46,153,CRYING,0,0,231,57
69ecb92265abc16ec8637c48,ESP32_GREENHOUSE_01,2026-04-25T12:52:50.118Z,15,33.33,33,33.7,33.4,46,46,46,46,60.1,165,75,CRYING,60.3,60,0,0,230.9,232,0,0,0,5,33.4,46,75,Restless,0,0,232,60
69ecb92f65abc16ec8637c4f,ESP32_GREENHOUSE_01,2026-04-25T12:53:03.656Z,7,33.2,33,33.6,33.1,46,46,46,46,40.3,70,21,Quiet,61,62,0,0,230.4,231,0,0,0,1,33.1,46,21,Quiet,0,0,231,62
69ecb9cc6dea8aee456756d2,ESP32_GREENHOUSE_01,2026-04-25T12:55:40.716Z,13,33.28,33,33.8,33,46,46,46,46,63.5,70,54,Restless,60,60,0,0,231.1,231,0,0,0,4,33,46,54,CRYING,0,0,231,60
69ecb9ea6dea8aee456756d3,ESP32_GREENHOUSE_01,2026-04-25T12:56:10.719Z,15,33.43,33,33.9,33.5,46,46,46,46,74.9,90,62,CRYING,59.5,60,0,0,230.9,230,0,0,0,15,33.5,46,62,CRYING,0,0,230,60
69ecba086dea8aee456756d4,ESP32_GREENHOUSE_01,2026-04-25T12:56:40.727Z,15,33.47,33.1,33.9,33.9,46,46,46,46,68.1,87,66,CRYING,59.8,60,0,0,230.7,230,0,0,0,15,33.9,46,66,CRYING,0,0,230,60
69ecba266dea8aee456756dd,ESP32_GREENHOUSE_01,2026-04-25T12:57:10.741Z,15,33.49,33.2,33.7,33.3,46,46,46,46,67.5,102,62,Restless,59.9,60,0,0,230,230,0,0,0,6,33.3,46,62,CRYING,0,0,230,60
69ecba446dea8aee456756e5,ESP32_GREENHOUSE_01,2026-04-25T12:57:40.756Z,15,33.41,33,33.9,33,45.4,45,46,45,70.5,93,70,Restless,59.4,59,0,0,229.9,230,0,0,0,5,33,45,70,Restless,0,0,230,59
69ecba626dea8aee456756eb,ESP32_GREENHOUSE_01,2026-04-25T12:58:10.770Z,15,33.33,33,33.9,33.7,45,45,45,45,71.1,101,61,CRYING,58.9,59,0,0,229.8,230,0,0,0,8,33.7,45,61,CRYING,0,0,230,59
69ecba806dea8aee456756ec,ESP32_GREENHOUSE_01,2026-04-25T12:58:40.779Z,15,33.47,33,33.9,33.2,45,45,45,45,73.7,94,66,CRYING,58.9,59,0,0,229.1,229,0,0,0,15,33.2,45,66,CRYING,0,0,229,59
69ecba9e6dea8aee456756f1,ESP32_GREENHOUSE_01,2026-04-25T12:59:10.792Z,15,33.55,33,33.8,33.6,45,45,45,45,71.3,100,77,CRYING,59,59,0,0,229,229,0,0,0,13,33.6,45,77,CRYING,0,0,229,59
69ecbabc6dea8aee456756f6,ESP32_GREENHOUSE_01,2026-04-25T12:59:40.802Z,15,33.41,33,33.9,33.7,45,45,45,45,73.1,95,65,CRYING,59.1,59,0,0,228.8,229,0,0,0,11,33.7,45,65,CRYING,0,0,229,59
69ecbada6dea8aee456756f7,ESP32_GREENHOUSE_01,2026-04-25T13:00:10.808Z,14,33.54,33,33.9,33.9,45,45,45,45,97.7,249,172,CRYING,58,55,0,0,228.3,229,0,0,0,14,33.9,45,172,CRYING,0,0,229,55
69ecbaf86dea8aee456756f8,ESP32_GREENHOUSE_01,2026-04-25T13:00:40.823Z,15,33.67,33,33.9,33,45,45,45,45,143.8,212,194,CRYING,56.4,54,0,0,228.2,228,0,0,0,15,33,45,194,CRYING,0,0,228,54
69ecbb166dea8aee456756f9,ESP32_GREENHOUSE_01,2026-04-25T13:01:10.824Z,15,33.26,33,33.8,33,45.93,45,46,46,190.8,315,264,CRYING,55,52,0,0,228,228,0,0,0,15,33,46,264,CRYING,0,0,228,52
69ecbb346dea8aee456756fa,ESP32_GREENHOUSE_01,2026-04-25T13:01:40.831Z,15,33.32,33,33.8,33.5,46,46,46,46,149.1,413,135,CRYING,56.6,57,0,0,228,228,0,0,0,15,33.5,46,135,CRYING,0,0,228,57
69ecbb526dea8aee456756fb,ESP32_GREENHOUSE_01,2026-04-25T13:02:10.836Z,15,33.57,33,33.9,33,46,46,46,46,95.9,158,143,CRYING,58.8,57,0,0,227.7,228,0,0,0,15,33,46,143,CRYING,0,0,228,57
69ecbb706dea8aee456756fc,ESP32_GREENHOUSE_01,2026-04-25T13:02:40.850Z,15,33.53,33.1,33.9,33.2,46,46,46,46,97.5,174,117,CRYING,58.7,58,0,0,227.2,227,0,0,0,15,33.2,46,117,CRYING,0,0,227,58
69ecbb8e6dea8aee456756fd,ESP32_GREENHOUSE_01,2026-04-25T13:03:10.854Z,15,33.48,33,33.9,33.9,46,46,46,46,136,271,271,CRYING,57.1,52,0,0,227.2,228,0,0,0,15,33.9,46,271,CRYING,0,0,228,52
69ecbbac6dea8aee456756fe,ESP32_GREENHOUSE_01,2026-04-25T13:03:40.861Z,15,33.26,33,33.8,33,46,46,46,46,125.3,181,120,CRYING,57.7,58,0,0,227.1,227,0,0,0,15,33,46,120,CRYING,0,0,227,58
69ecbbca6dea8aee456756ff,ESP32_GREENHOUSE_01,2026-04-25T13:04:10.875Z,14,33.44,33,33.9,33,46,46,46,46,106.4,144,84,CRYING,58.3,59,0,0,227.2,227,0,0,0,14,33,46,84,CRYING,0,0,227,59
69ecbbe86dea8aee45675700,ESP32_GREENHOUSE_01,2026-04-25T13:04:40.890Z,15,33.39,33.1,33.9,33.3,46,46,46,46,104.1,183,90,CRYING,58.4,59,0,0,227.1,227,0,0,0,15,33.3,46,90,CRYING,0,0,227,59
69ecbc066dea8aee45675701,ESP32_GREENHOUSE_01,2026-04-25T13:05:10.901Z,15,33.54,33,33.9,33.9,46,46,46,46,118.1,216,75,CRYING,57.9,60,0,0,227.1,227,0,0,0,15,33.9,46,75,CRYING,0,0,227,60
69ecbc246dea8aee45675702,ESP32_GREENHOUSE_01,2026-04-25T13:05:40.912Z,15,33.4,33.1,33.9,33.1,46,46,46,46,139.7,197,104,CRYING,57.1,58,0,0,227.1,227,0,0,0,15,33.1,46,104,CRYING,0,0,227,58
69ecbc426dea8aee45675703,ESP32_GREENHOUSE_01,2026-04-25T13:06:10.915Z,15,33.39,33,33.7,33.3,46,46,46,46,189.5,429,307,CRYING,55.1,50,0,0,227,227,0,0,0,15,33.3,46,307,CRYING,0,0,227,50
69ecbc606dea8aee45675704,ESP32_GREENHOUSE_01,2026-04-25T13:06:40.919Z,15,33.33,33.1,33.7,33.2,46,46,46,46,169.5,282,163,CRYING,55.9,56,0,0,227,227,0,0,0,15,33.2,46,163,CRYING,0,0,227,56
69ecbc7e6dea8aee45675705,ESP32_GREENHOUSE_01,2026-04-25T13:07:10.924Z,15,33.31,33,33.6,33.6,46,46,46,46,135.8,237,121,CRYING,57.3,58,0,0,226.9,227,0,0,0,15,33.6,46,121,CRYING,0,0,227,58
69ecbc9c6dea8aee45675706,ESP32_GREENHOUSE_01,2026-04-25T13:07:40.925Z,15,33.29,33,33.9,33.1,46,46,46,46,123.3,232,60,CRYING,57.7,60,0,0,226.9,226,0,0,0,15,33.1,46,60,CRYING,0,0,226,60
69ecbcba6dea8aee45675707,ESP32_GREENHOUSE_01,2026-04-25T13:08:10.932Z,14,33.44,33,33.9,33.8,46,46,46,46,118.4,227,96,CRYING,57.9,59,0,0,226.8,227,0,0,0,14,33.8,46,96,CRYING,0,0,227,59
69ecbcd86dea8aee45675708,ESP32_GREENHOUSE_01,2026-04-25T13:08:40.945Z,15,33.37,33,33.9,33.7,46,46,46,46,148.3,264,264,CRYING,56.7,52,0,0,226.9,228,0,0,0,15,33.7,46,264,CRYING,0,0,228,52
69ecbcf66dea8aee45675709,ESP32_GREENHOUSE_01,2026-04-25T13:09:10.945Z,15,33.41,33,33.9,33.3,46,46,46,46,162.4,389,146,CRYING,56.1,57,0,0,227.3,227,0,0,0,15,33.3,46,146,CRYING,0,0,227,57
69ecbd146dea8aee4567570a,ESP32_GREENHOUSE_01,2026-04-25T13:09:40.959Z,15,33.45,33,33.9,33.2,46,46,46,46,154.3,305,145,CRYING,56.5,57,0,0,227,227,0,0,0,15,33.2,46,145,CRYING,0,0,227,57
69ecbd4c83f2888c8a69eddb,ESP32_GREENHOUSE_01,2026-04-25T13:10:36.254Z,14,33.44,33,33.9,33.5,46,46,46,46,110.9,167,91,CRYING,58.1,59,0,0,227,227,0,0,0,14,33.5,46,91,CRYING,0,0,227,59
69ecbd6a83f2888c8a69eddc,ESP32_GREENHOUSE_01,2026-04-25T13:11:06.255Z,15,33.41,33,33.9,33.5,46,46,46,46,191,409,191,CRYING,55.1,55,0,0,227,227,0,0,0,15,33.5,46,191,CRYING,0,0,227,55
69ecbd8883f2888c8a69eddd,ESP32_GREENHOUSE_01,2026-04-25T13:11:36.258Z,15,33.19,33,33.6,33.6,46,46,46,46,111.3,305,77,CRYING,58.2,59,0,0,226.9,227,0,0,0,15,33.6,46,77,CRYING,0,0,227,59
69ecbda683f2888c8a69edde,ESP32_GREENHOUSE_01,2026-04-25T13:12:06.271Z,15,33.35,33,33.7,33.7,46,46,46,46,162.8,271,186,CRYING,56.3,55,0,0,226.9,227,0,0,0,15,33.7,46,186,CRYING,0,0,227,55
69ecbdc483f2888c8a69eddf,ESP32_GREENHOUSE_01,2026-04-25T13:12:36.279Z,15,33.28,33,33.7,33.2,46,46,46,46,175.3,326,179,CRYING,55.5,56,0,0,226.9,227,0,0,0,15,33.2,46,179,CRYING,0,0,227,56
69ecbde283f2888c8a69ede0,ESP32_GREENHOUSE_01,2026-04-25T13:13:06.287Z,14,33.33,33,33.8,33.2,46,46,46,46,191.2,323,298,CRYING,54.9,51,0,0,226.6,227,0,0,0,14,33.2,46,298,CRYING,0,0,227,51
69ecbe0083f2888c8a69ede1,ESP32_GREENHOUSE_01,2026-04-25T13:13:36.298Z,15,33.33,33,33.6,33.6,46,46,46,46,163.8,333,81,CRYING,56.1,59,0,0,226.6,227,0,0,0,15,33.6,46,81,CRYING,0,0,227,59
69ecbe1e83f2888c8a69ede2,ESP32_GREENHOUSE_01,2026-04-25T13:14:06.312Z,15,33.35,33,33.6,33.6,46,46,46,46,133.9,235,142,CRYING,57.2,57,0,0,226.8,227,0,0,0,15,33.6,46,142,CRYING,0,0,227,57
69ecbe4deec92bcce09cc04e,ESP32_GREENHOUSE_01,2026-04-25T13:14:53.271Z,14,33.41,33,33.9,33.6,46,46,46,46,103.8,231,134,CRYING,58.3,57,0,0,226.9,227,0,0,0,14,33.6,46,134,CRYING,0,0,227,57
69ecbf2c58cd49bee05b1f71,ESP32_GREENHOUSE_01,2026-04-25T13:18:36.086Z,13,33.45,33,33.9,33.4,47,47,47,47,81.6,161,51,CRYING,59.9,61,0,0,227,227,0,0,0,13,33.4,47,51,CRYING,0,0,227,61
69ecbf4a58cd49bee05b1f72,ESP32_GREENHOUSE_01,2026-04-25T13:19:06.094Z,15,33.41,33,33.8,33,47,47,47,47,65.3,84,67,CRYING,60.7,61,0,0,227,227,0,0,0,15,33,47,67,CRYING,0,0,227,61
69ecbf6858cd49bee05b1f73,ESP32_GREENHOUSE_01,2026-04-25T13:19:36.102Z,15,33.46,33,33.9,33.6,47,47,47,47,131.8,1023,78,CRYING,57.9,60,0,0,227,227,0,0,0,15,33.6,47,78,CRYING,0,0,227,60
69ecbf8658cd49bee05b1f74,ESP32_GREENHOUSE_01,2026-04-25T13:20:06.102Z,15,33.37,33,33.9,33.2,47,47,47,47,65.7,83,66,CRYING,60.6,61,0,0,521.1,576,0,0,0,15,33.2,47,66,CRYING,0,0,576,61
69ecbfa458cd49bee05b1f75,ESP32_GREENHOUSE_01,2026-04-25T13:20:36.107Z,15,33.39,33.1,33.7,33.4,47,47,47,47,78.8,246,65,CRYING,60.1,61,0,0,248.8,226,0,0,0,15,33.4,47,65,CRYING,0,0,226,61
69ecbfc258cd49bee05b1f76,ESP32_GREENHOUSE_01,2026-04-25T13:21:06.110Z,14,33.43,33.1,33.8,33.4,47,47,47,47,66.1,84,84,CRYING,60.6,60,0,0,225.7,226,0,0,0,14,33.4,47,84,CRYING,0,0,226,60
69ecbfe058cd49bee05b1f77,ESP32_GREENHOUSE_01,2026-04-25T13:21:36.122Z,15,33.41,33,33.8,33.2,47,47,47,47,83.9,261,261,CRYING,60,53,0,0,225.5,225,0,0,0,15,33.2,47,261,CRYING,0,0,225,53
69ecbffe58cd49bee05b1f78,ESP32_GREENHOUSE_01,2026-04-25T13:22:06.127Z,15,33.39,33.1,33.7,33.7,47,47,47,47,79.1,222,57,CRYING,60,61,0,0,225.7,225,0,0,0,15,33.7,47,57,CRYING,0,0,225,61
69ecc01c58cd49bee05b1f79,ESP32_GREENHOUSE_01,2026-04-25T13:22:36.140Z,15,33.49,33,33.8,33.6,47,47,47,47,84.7,206,67,CRYING,59.9,61,0,0,225.5,226,0,0,0,15,33.6,47,67,CRYING,0,0,226,61
69ecc03a58cd49bee05b1f7a,ESP32_GREENHOUSE_01,2026-04-25T13:23:06.155Z,15,33.39,33,33.9,33,47,47,47,47,89,190,123,CRYING,59.7,58,0,0,225.9,226,0,0,0,15,33,47,123,CRYING,0,0,226,58
69ecc05bb47ea4bdbffff584,ESP32_GREENHOUSE_01,2026-04-25T13:23:39.385Z,14,33.36,33,33.9,33,47,47,47,47,88.7,183,53,CRYING,59.7,61,0,0,225.9,226,0,0,0,14,33,47,53,CRYING,0,0,226,61
69ecc079b47ea4bdbffff585,ESP32_GREENHOUSE_01,2026-04-25T13:24:09.391Z,15,33.47,33,33.9,33.8,47,47,47,47,74.9,105,81,CRYING,60.2,60,0,0,225.9,226,0,0,0,15,33.8,47,81,CRYING,0,0,226,60
69ecc0a181fa6501b2ad3f1c,ESP32_GREENHOUSE_01,2026-04-25T13:24:49.062Z,14,33.49,33.2,33.8,33.6,47,47,47,47,78.1,140,78,CRYING,60,60,0,0,226,226,0,0,0,14,33.6,47,78,CRYING,0,0,226,60
69ecc0bf81fa6501b2ad3f1d,ESP32_GREENHOUSE_01,2026-04-25T13:25:19.076Z,15,33.57,33.3,33.7,33.4,47,47,47,47,84.5,283,283,CRYING,59.8,52,0,0,225.7,225,0,0,0,15,33.4,47,283,CRYING,0,0,225,52
69ecc0dd81fa6501b2ad3f1e,ESP32_GREENHOUSE_01,2026-04-25T13:25:49.081Z,14,33.44,33,33.9,33.3,47,47,47,47,88.4,150,106,CRYING,59.6,59,0,0,225.8,225,0,0,0,14,33.3,47,106,CRYING,0,0,225,59
69ecc0fb81fa6501b2ad3f1f,ESP32_GREENHOUSE_01,2026-04-25T13:26:19.085Z,15,33.34,33,33.9,33.1,47,47,47,47,97.3,291,143,CRYING,59.3,58,0,0,225.9,225,0,0,0,15,33.1,47,143,CRYING,0,0,225,58
69ecc11981fa6501b2ad3f20,ESP32_GREENHOUSE_01,2026-04-25T13:26:49.100Z,15,33.49,33.1,33.9,33.1,47,47,47,47,101.7,438,87,CRYING,59.3,60,0,0,224.9,226,0,0,0,15,33.1,47,87,CRYING,0,0,226,60
69ecc13781fa6501b2ad3f21,ESP32_GREENHOUSE_01,2026-04-25T13:27:19.111Z,15,33.39,33,33.8,33.6,47,47,47,47,89.5,152,124,CRYING,59.5,58,0,0,225.9,226,0,0,0,15,33.6,47,124,CRYING,0,0,226,58
69ecc33a7500b189ebdddd9b,ESP32_GREENHOUSE_01,2026-04-25T13:35:54.776Z,14,33.69,33,33.8,33.7,48,48,48,48,140.9,1023,86,CRYING,58.1,60,0,0,225.4,226,0,0,0,14,33.7,48,86,CRYING,0,0,226,60
69ecc3587500b189ebdddd9c,ESP32_GREENHOUSE_01,2026-04-25T13:36:24.778Z,15,33.47,33,33.8,33.7,48,48,48,48,105.5,582,72,CRYING,59.7,61,0,0,226,225,0,0,0,15,33.7,48,72,CRYING,0,0,225,61
69ecc3767500b189ebdddd9d,ESP32_GREENHOUSE_01,2026-04-25T13:36:54.786Z,15,33.5,33.1,33.9,33.4,48,48,48,48,82.1,101,101,CRYING,60.5,60,0,0,225.7,225,0,0,0,15,33.4,48,101,CRYING,0,0,225,60
69ecc39d3e098fda700e3bb6,ESP32_GREENHOUSE_01,2026-04-25T13:37:33.973Z,14,33.41,33.1,33.8,33.8,48,48,48,48,72.9,99,99,CRYING,60.9,60,0,0,225.9,226,0,0,0,14,33.8,48,99,CRYING,0,0,226,60
69ecc3bb3e098fda700e3bb7,ESP32_GREENHOUSE_01,2026-04-25T13:38:03.976Z,15,33.55,33,33.9,33,48,48,48,48,72.6,96,63,CRYING,60.8,61,0,0,226,226,0,0,0,15,33,48,63,CRYING,0,0,226,61
69ecc3e9f241d334829c17e6,ESP32_GREENHOUSE_01,2026-04-25T13:38:49.184Z,14,33.34,33,33.9,33.2,48,48,48,48,96.7,369,103,CRYING,59.9,60,0,0,225.7,226,0,0,0,14,33.2,48,103,CRYING,0,0,226,60
69ecc407f241d334829c17e7,ESP32_GREENHOUSE_01,2026-04-25T13:39:19.198Z,15,33.51,33,33.9,33,48,48,48,48,81.8,134,83,CRYING,60.6,61,0,0,225.8,224,0,0,0,15,33,48,83,CRYING,0,0,224,61
69ecc425f241d334829c17e9,ESP32_GREENHOUSE_01,2026-04-25T13:39:49.203Z,15,33.37,33,33.8,33.3,48,48,48,48,40.8,78,37,CRYING,62.1,62,0,0,222.4,224,0,0,4,11,33.3,48,37,RESTLESS,0,0,224,62
69ecc443f241d334829c17eb,ESP32_GREENHOUSE_01,2026-04-25T13:40:19.205Z,15,33.36,33,33.9,33,48,48,48,48,60.1,95,95,RESTLESS,61.5,60,0,0,225.1,225,0,0,8,7,33,48,95,CRYING,0,0,225,60
69ecc461f241d334829c17ec,ESP32_GREENHOUSE_01,2026-04-25T13:40:49.214Z,15,33.33,33,33.9,33,48,48,48,48,71.7,102,102,CRYING,60.9,60,0,0,225.2,225,0,0,0,15,33,48,102,CRYING,0,0,225,60
69ecc47ff241d334829c17ed,ESP32_GREENHOUSE_01,2026-04-25T13:41:19.228Z,14,33.41,33,33.9,33.3,48,48,48,48,83.5,218,61,CRYING,60.4,61,0,0,225.7,226,0,0,0,14,33.3,48,61,CRYING,0,0,226,61
69ecc49df241d334829c17ee,ESP32_GREENHOUSE_01,2026-04-25T13:41:49.229Z,15,33.37,33,33.9,33.3,48,48,48,48,64.9,80,72,CRYING,61.3,61,0,0,225.1,225,0,0,0,15,33.3,48,72,CRYING,0,0,225,61
69ecc4bbf241d334829c17ef,ESP32_GREENHOUSE_01,2026-04-25T13:42:19.233Z,15,33.23,33,33.9,33,48,48,48,48,65.9,115,64,CRYING,61.1,61,0,0,225,225,0,0,0,15,33,48,64,CRYING,0,0,225,61
69ecc4d9f241d334829c17f0,ESP32_GREENHOUSE_01,2026-04-25T13:42:49.242Z,15,33.85,33.2,33.9,33.9,48,48,48,48,77.7,184,79,CRYING,60.7,61,0,0,224.7,225,0,0,0,15,33.9,48,79,CRYING,0,0,225,61
69ecc4f7f241d334829c17f1,ESP32_GREENHOUSE_01,2026-04-25T13:43:19.254Z,15,33.67,33,33.9,33.4,48.13,48,49,49,96.5,287,63,CRYING,60.1,62,0,0,224.7,223,0,0,0,15,33.4,49,63,CRYING,0,0,223,62
69ecc515f241d334829c17f2,ESP32_GREENHOUSE_01,2026-04-25T13:43:49.267Z,15,33.35,33,33.9,33.7,48.6,48,49,48,82.7,288,57,CRYING,60.9,62,0,0,223.5,225,0,0,0,15,33.7,48,57,CRYING,0,0,225,62
69ecc54d9b161036e3bdeaeb,ESP32_GREENHOUSE_01,2026-04-25T13:44:45.569Z,13,33.54,33,33.9,33.8,48,48,48,48,78.1,195,55,QUIET,60.8,62,0,0,225.7,225,13,0,0,0,33.8,48,55,QUIET,0,0,225,62
69ecc56b9b161036e3bdeaec,ESP32_GREENHOUSE_01,2026-04-25T13:45:15.568Z,15,33.59,33.1,33.9,33.7,48,48,48,48,62.5,87,56,QUIET,61.3,62,0,0,223.8,217,15,0,0,0,33.7,48,56,QUIET,0,0,217,62
69ecc5899b161036e3bdeaed,ESP32_GREENHOUSE_01,2026-04-25T13:45:45.580Z,15,33.41,33,33.7,33.6,49.07,49,50,49,94,253,66,QUIET,60.7,62,0,0,216.9,217,15,0,0,0,33.6,49,66,QUIET,0,0,217,62
69ecc5a79b161036e3bdeaee,ESP32_GREENHOUSE_01,2026-04-25T13:46:15.591Z,15,33.59,33,33.9,33.9,48.53,48,49,48,120.7,589,72,QUIET,59.5,61,0,0,217.9,224,15,0,0,0,33.9,48,72,QUIET,0,0,224,61
69ecc5c59b161036e3bdeaef,ESP32_GREENHOUSE_01,2026-04-25T13:46:45.601Z,14,33.47,33.1,33.9,33.3,48.21,48,49,48,119.6,637,95,QUIET,59.1,60,0,0,224.4,225,14,0,0,0,33.3,48,95,QUIET,0,0,225,60
69ecc5e39b161036e3bdeaf0,ESP32_GREENHOUSE_01,2026-04-25T13:47:15.609Z,15,33.35,33.2,33.6,33.4,48,48,48,48,62.9,85,59,QUIET,61.3,61,0,0,225,225,15,0,0,0,33.4,48,59,QUIET,0,0,225,61
69ecc6019b161036e3bdeaf1,ESP32_GREENHOUSE_01,2026-04-25T13:47:45.623Z,15,33.47,33,33.9,33.5,48,48,48,48,61.6,89,52,QUIET,61.4,62,0,0,225.1,225,15,0,0,0,33.5,48,52,QUIET,0,0,225,62
69ecc651bc1e136ac6275c4e,ESP32_GREENHOUSE_01,2026-04-25T13:49:05.561Z,13,33.65,33.1,33.9,33.7,48,48,48,48,68.6,81,70,QUIET,61.2,61,0,0,224.8,223,13,0,0,0,33.7,48,70,QUIET,0,0,223,61
69ecc67931d2860e0a2761c2,ESP32_GREENHOUSE_01,2026-04-25T13:49:45.977Z,13,33.57,33,33.9,33.9,48,48,48,48,114.8,333,67,QUIET,59.2,61,0,0,221.2,223,13,0,0,0,33.9,48,67,QUIET,0,0,223,61
69ecc69731d2860e0a2761c3,ESP32_GREENHOUSE_01,2026-04-25T13:50:15.986Z,15,33.45,33.1,33.9,33.7,48,48,48,48,71.7,112,83,QUIET,61,61,0,0,222.7,223,15,0,0,0,33.7,48,83,QUIET,0,0,223,61
69ecc6b531d2860e0a2761c4,ESP32_GREENHOUSE_01,2026-04-25T13:50:45.993Z,15,33.44,33,33.8,33.1,48,48,48,48,67.8,86,64,QUIET,61.1,61,0,0,223,223,15,0,0,0,33.1,48,64,QUIET,0,0,223,61
69ecc6d431d2860e0a2761c5,ESP32_GREENHOUSE_01,2026-04-25T13:51:16.001Z,15,33.39,33,33.8,33.7,48,48,48,48,66.1,97,65,QUIET,61,61,0,0,223.1,223,15,0,0,0,33.7,48,65,QUIET,0,0,223,61
69ecc6f231d2860e0a2761c6,ESP32_GREENHOUSE_01,2026-04-25T13:51:46.003Z,15,33.49,33,33.8,33.5,48,48,48,48,69.7,125,55,QUIET,61,62,0,0,223.1,223,15,0,0,0,33.5,48,55,QUIET,0,0,223,62
69ecc71031d2860e0a2761c7,ESP32_GREENHOUSE_01,2026-04-25T13:52:16.013Z,15,33.43,33,33.9,33.1,48.4,48,49,48,-183.5,1023,83,QUIET,71.1,61,0,0,221.5,220,15,0,0,0,33.1,48,83,QUIET,0,0,220,61
69ecc72e31d2860e0a2761c8,ESP32_GREENHOUSE_01,2026-04-25T13:52:46.018Z,14,33.42,33.1,33.9,33.2,48.64,48,49,48,72.5,105,52,QUIET,61.4,62,0,0,220,220,14,0,0,0,33.2,48,52,QUIET,0,0,220,62
69ecc74c31d2860e0a2761c9,ESP32_GREENHOUSE_01,2026-04-25T13:53:16.021Z,15,33.43,33,33.9,33.8,48,48,48,48,-415.6,1023,61,QUIET,80.1,61,0,0,219.7,220,15,0,0,0,33.8,48,61,QUIET,0,0,220,61
69ecc76a31d2860e0a2761ca,ESP32_GREENHOUSE_01,2026-04-25T13:53:46.031Z,15,33.37,33,33.9,33.1,48,48,48,48,224.7,1023,71,QUIET,55,61,0,0,219.7,220,15,0,0,0,33.1,48,71,QUIET,0,0,220,61
69ecc78831d2860e0a2761cb,ESP32_GREENHOUSE_01,2026-04-25T13:54:16.044Z,15,33.31,33,33.9,33.3,48,48,48,48,64.9,78,53,QUIET,61.3,62,0,0,219.9,220,15,0,0,0,33.3,48,53,QUIET,0,0,220,62
69ecc7a631d2860e0a2761cc,ESP32_GREENHOUSE_01,2026-04-25T13:54:46.057Z,15,33.47,33,33.9,33.7,48,48,48,48,65.6,97,57,QUIET,61.1,62,0,0,219.6,219,15,0,0,0,33.7,48,57,QUIET,0,0,219,62
69ecc7b831d2860e0a2761ce,ESP32_GREENHOUSE_01,2026-04-25T13:55:04.188Z,9,33.7,33.2,33.9,33.8,48,48,48,48,100.2,299,80,QUIET,60,61,0,0,219.9,220,8,1,0,0,33.8,48,80,LIGHT_ACTIVITY,0,0,220,61
69ecc7dbba4978d65144c41d,ESP32_GREENHOUSE_01,2026-04-25T13:55:39.341Z,13,33.39,33.2,33.9,33.4,48,48,48,48,67.3,94,56,QUIET,61.1,62,0,0,219.8,220,13,0,0,0,33.4,48,56,QUIET,0,0,220,62
69ecc7f9ba4978d65144c41e,ESP32_GREENHOUSE_01,2026-04-25T13:56:09.348Z,15,33.43,33,33.8,33.4,48,48,48,48,100.9,381,86,QUIET,59.7,60,0,0,220.9,221,15,0,0,0,33.4,48,86,QUIET,0,0,221,60
69ecc8296f4e8c484d4bdf6d,ESP32_GREENHOUSE_01,2026-04-25T13:56:57.182Z,14,33.35,33,33.9,33.1,48,48,48,48,84.9,147,54,QUIET,60.4,62,0,0,222.4,223,14,0,0,0,33.1,48,54,QUIET,0,0,223,62
69ecc8476f4e8c484d4bdf6e,ESP32_GREENHOUSE_01,2026-04-25T13:57:27.189Z,14,33.46,33,33.9,33.2,48,48,48,48,65.4,80,69,QUIET,61.2,61,0,0,222.2,220,14,0,0,0,33.2,48,69,QUIET,0,0,220,61
69ecc8656f4e8c484d4bdf6f,ESP32_GREENHOUSE_01,2026-04-25T13:57:57.193Z,15,33.52,33,33.9,33.8,48,48,48,48,67.8,94,62,QUIET,61.1,61,0,0,220.8,220,15,0,0,0,33.8,48,62,QUIET,0,0,220,61
69ecc8a5aa4531523d15ca38,ESP32_GREENHOUSE_01,2026-04-25T13:59:01.844Z,14,33.45,33,33.9,33.1,48,48,48,48,74.9,152,80,QUIET,60.9,61,0,0,222.9,223,14,0,0,0,33.1,48,80,QUIET,0,0,223,61
69ecc8c3aa4531523d15ca3c,ESP32_GREENHOUSE_01,2026-04-25T13:59:31.844Z,15,33.54,33,33.9,33.7,48,48,48,48,136.7,345,345,LIGHT_ACTIVITY,58.4,50,0,0,223,223,2,11,2,0,33.7,48,345,RESTLESS,0,0,223,50
69ecc8e1aa4531523d15ca3d,ESP32_GREENHOUSE_01,2026-04-25T14:00:01.858Z,15,33.65,33.1,33.9,33.7,48,48,48,48,208.2,638,286,RESTLESS,55.7,53,0,0,223,223,0,0,15,0,33.7,48,286,RESTLESS,0,0,223,53
69ecc8ffaa4531523d15ca45,ESP32_GREENHOUSE_01,2026-04-25T14:00:31.858Z,15,33.4,33,33.8,33.3,48,48,48,48,213.7,487,76,RESTLESS,55.4,61,0,0,223,223,0,0,9,6,33.3,48,76,CRYING,0,0,223,61
69ecc91daa4531523d15ca48,ESP32_GREENHOUSE_01,2026-04-25T14:01:01.860Z,14,33.51,33,33.9,33.3,48,48,48,48,145.3,600,188,QUIET,58,56,0,0,223,223,7,6,0,1,33.3,48,188,LIGHT_ACTIVITY,0,0,223,56
69ecc93baa4531523d15ca4a,ESP32_GREENHOUSE_01,2026-04-25T14:01:31.861Z,15,33.33,33.1,33.8,33.2,48,48,48,48,246.3,417,58,CRYING,54,61,0,0,223,223,3,0,0,12,33.2,48,58,CRYING,0,0,223,61
69ecc959aa4531523d15ca4c,ESP32_GREENHOUSE_01,2026-04-25T14:02:01.871Z,15,33.43,33.2,33.9,33.4,48,48,48,48,68.9,87,67,QUIET,61,61,0,0,221.9,220,12,0,0,3,33.4,48,67,QUIET,0,0,220,61
69ecc977aa4531523d15ca4f,ESP32_GREENHOUSE_01,2026-04-25T14:02:31.879Z,15,33.36,33.2,33.9,33.4,48,48,48,48,201.1,470,470,LIGHT_ACTIVITY,55.9,45,0,0,220.9,221,3,11,0,1,33.4,48,470,CRYING,0,0,221,45
69ecc995aa4531523d15ca50,ESP32_GREENHOUSE_01,2026-04-25T14:03:01.890Z,15,33.39,33,33.9,33.6,48,48,48,48,375.3,791,170,CRYING,49.1,57,0,0,220.5,220,0,0,0,15,33.6,48,170,CRYING,0,0,220,57
69ecc9b3aa4531523d15ca51,ESP32_GREENHOUSE_01,2026-04-25T14:03:31.897Z,15,33.37,33,33.9,33.3,48,48,48,48,410.7,966,326,CRYING,47.8,51,0,0,220.7,221,0,0,0,15,33.3,48,326,CRYING,0,0,221,51
69ecc9e8629eff016635f94a,ESP32_GREENHOUSE_01,2026-04-25T14:04:24.487Z,14,33.52,33.1,33.8,33.7,48,48,48,48,339.8,641,244,CRYING,50.4,54,0,0,222.1,223,0,1,0,13,33.7,48,244,CRYING,0,0,223,54
69ecca06629eff016635f94b,ESP32_GREENHOUSE_01,2026-04-25T14:04:54.501Z,15,33.43,33,33.9,33.9,48,48,48,48,361.4,704,187,CRYING,49.5,56,0,0,223.3,224,0,0,0,15,33.9,48,187,CRYING,0,0,224,56
69ecca24629eff016635f94c,ESP32_GREENHOUSE_01,2026-04-25T14:05:24.503Z,15,33.45,33,33.9,33,48,48,48,48,337.3,631,457,CRYING,50.7,46,0,0,224,224,0,0,0,15,33,48,457,CRYING,0,0,224,46
69ecca42629eff016635f94e,ESP32_GREENHOUSE_01,2026-04-25T14:05:54.515Z,14,33.5,33,33.9,33.9,48,48,48,48,187.6,1023,94,CRYING,56.4,60,0,0,223.1,223,0,5,0,9,33.9,48,94,LIGHT_ACTIVITY,0,0,223,60
69ecca60629eff016635f950,ESP32_GREENHOUSE_01,2026-04-25T14:06:24.526Z,15,33.53,33,33.9,33.8,48,48,48,48,139.4,222,148,LIGHT_ACTIVITY,58.4,58,0,0,223,223,0,8,7,0,33.8,48,148,RESTLESS,0,0,223,58
69ecca7e629eff016635f952,ESP32_GREENHOUSE_01,2026-04-25T14:06:54.536Z,15,33.59,33,33.9,33.2,48,48,48,48,83.9,165,90,RESTLESS,60.5,60,0,0,223.1,223,0,7,8,0,33.2,48,90,LIGHT_ACTIVITY,0,0,223,60
69ecca9c629eff016635f954,ESP32_GREENHOUSE_01,2026-04-25T14:07:24.542Z,15,33.4,33.1,33.9,33.7,48.07,48,49,48,151.7,1023,93,LIGHT_ACTIVITY,57.8,60,0,0,223,223,2,13,0,0,33.7,48,93,LIGHT_ACTIVITY,0,0,223,60
69eccaba629eff016635f955,ESP32_GREENHOUSE_01,2026-04-25T14:07:54.542Z,15,33.57,33.1,33.9,33.7,48.13,48,49,48,79.3,134,58,LIGHT_ACTIVITY,60.7,61,0,0,222.9,223,0,15,0,0,33.7,48,58,LIGHT_ACTIVITY,0,0,223,61
69eccad8629eff016635f956,ESP32_GREENHOUSE_01,2026-04-25T14:08:24.555Z,15,33.56,33,33.9,33.8,48,48,48,48,67.5,87,71,LIGHT_ACTIVITY,61.1,61,0,0,223.1,223,0,15,0,0,33.8,48,71,LIGHT_ACTIVITY,0,0,223,61
69eccaf6629eff016635f957,ESP32_GREENHOUSE_01,2026-04-25T14:08:54.569Z,15,33.48,33,33.9,33.8,48,48,48,48,69.9,87,60,LIGHT_ACTIVITY,61,61,0,0,223.2,223,0,15,0,0,33.8,48,60,LIGHT_ACTIVITY,0,0,223,61
69eccb14629eff016635f958,ESP32_GREENHOUSE_01,2026-04-25T14:09:24.572Z,15,33.61,33,33.9,33.9,48,48,48,48,63.3,87,57,LIGHT_ACTIVITY,61.2,62,0,0,223,223,4,11,0,0,33.9,48,57,QUIET,0,0,223,62
69eccb32629eff016635f95a,ESP32_GREENHOUSE_01,2026-04-25T14:09:54.575Z,14,33.34,33,33.8,33.6,48,48,48,48,72.1,129,28,QUIET,60.9,63,0,0,222.5,224,13,1,0,0,33.6,48,28,QUIET,0,0,224,63
69eccb50629eff016635f95b,ESP32_GREENHOUSE_01,2026-04-25T14:10:24.591Z,15,33.71,33.1,33.9,33.7,48,48,48,48,33.2,51,30,QUIET,62.6,63,0,0,223.9,224,15,0,0,0,33.7,48,30,QUIET,0,0,224,63
69eccb6e629eff016635f95c,ESP32_GREENHOUSE_01,2026-04-25T14:10:54.593Z,15,33.5,33,33.9,33.9,48,48,48,48,31.7,41,41,QUIET,62.5,62,0,0,224.1,224,15,0,0,0,33.9,48,41,QUIET,0,0,224,62
69eccb8c629eff016635f95d,ESP32_GREENHOUSE_01,2026-04-25T14:11:24.601Z,15,33.39,33,33.9,33.8,48,48,48,48,27.5,32,30,QUIET,62.9,63,0,0,224.3,225,15,0,0,0,33.8,48,30,QUIET,0,0,225,63
69eccbaa629eff016635f95e,ESP32_GREENHOUSE_01,2026-04-25T14:11:54.615Z,15,33.4,33.1,33.9,33.7,48.07,48,49,49,38.8,60,40,QUIET,62.3,63,0,0,223.5,221,15,0,0,0,33.7,49,40,QUIET,0,0,221,63
69eccbc8629eff016635f95f,ESP32_GREENHOUSE_01,2026-04-25T14:12:24.616Z,15,33.31,33,33.9,33.3,49,49,49,49,54.5,88,76,QUIET,62.3,61,0,0,223.5,223,15,0,0,0,33.3,49,76,QUIET,0,0,223,61
69eccbe6629eff016635f960,ESP32_GREENHOUSE_01,2026-04-25T14:12:54.621Z,15,33.43,33.1,33.9,33.6,49,49,49,49,44.9,78,31,QUIET,62.7,63,0,0,224.2,224,15,0,0,0,33.6,49,31,QUIET,0,0,224,63
69eccc04629eff016635f961,ESP32_GREENHOUSE_01,2026-04-25T14:13:24.622Z,15,33.45,33,33.9,33.8,49,49,49,49,38.3,64,57,QUIET,62.8,62,0,0,224,224,15,0,0,0,33.8,49,57,QUIET,0,0,224,62
69eccc22629eff016635f962,ESP32_GREENHOUSE_01,2026-04-25T14:13:54.627Z,15,33.39,33,33.9,33.5,49,49,49,49,33.3,62,25,QUIET,63,63,0,0,224.3,224,15,0,0,0,33.5,49,25,QUIET,0,0,224,63
69eccc40629eff016635f963,ESP32_GREENHOUSE_01,2026-04-25T14:14:24.632Z,14,33.41,33,33.9,33,49.07,49,50,50,34,55,32,QUIET,63.1,64,0,0,224.1,224,14,0,0,0,33,50,32,QUIET,0,0,224,64
69eccc5e629eff016635f964,ESP32_GREENHOUSE_01,2026-04-25T14:14:54.631Z,15,33.42,33,33.9,33.2,50,50,50,50,32.9,47,33,QUIET,63.9,64,0,0,224.5,225,15,0,0,0,33.2,50,33,QUIET,0,0,225,64
69eccc7c629eff016635f965,ESP32_GREENHOUSE_01,2026-04-25T14:15:24.643Z,15,33.38,33,33.9,33.2,50,50,50,50,50.9,230,54,QUIET,62.9,63,0,0,220.7,220,15,0,0,0,33.2,50,54,QUIET,0,0,220,63
69eccc9a629eff016635f966,ESP32_GREENHOUSE_01,2026-04-25T14:15:54.652Z,15,33.27,33,33.8,33.8,50,50,50,50,37.3,56,43,QUIET,63.6,63,0,0,223.5,224,15,0,0,0,33.8,50,43,QUIET,0,0,224,63
69ecccb8629eff016635f967,ESP32_GREENHOUSE_01,2026-04-25T14:16:24.665Z,15,33.44,33,33.9,33.6,50,50,50,50,35.1,46,40,QUIET,63.6,63,0,0,224.2,224,15,0,0,0,33.6,50,40,QUIET,0,0,224,63
69ecccd6629eff016635f968,ESP32_GREENHOUSE_01,2026-04-25T14:16:54.668Z,14,33.36,33,33.7,33.6,50,50,50,50,31,43,29,QUIET,63.9,64,0,0,224.2,224,14,0,0,0,33.6,50,29,QUIET,0,0,224,64
69ecccf4629eff016635f969,ESP32_GREENHOUSE_01,2026-04-25T14:17:24.679Z,16,33.48,33,33.9,33.9,50,50,50,50,38,52,42,QUIET,63.5,63,0,0,224.1,224,16,0,0,0,33.9,50,42,QUIET,0,0,224,63
69eccd12629eff016635f96a,ESP32_GREENHOUSE_01,2026-04-25T14:17:54.690Z,15,33.61,33.1,33.9,33.3,50,50,50,50,45.3,63,62,QUIET,63.4,63,0,0,224.1,224,15,0,0,0,33.3,50,62,QUIET,0,0,224,63
69eccd30629eff016635f96b,ESP32_GREENHOUSE_01,2026-04-25T14:18:24.699Z,15,33.39,33,33.9,33.1,50,50,50,50,39.9,71,24,QUIET,63.4,64,0,0,224.1,224,15,0,0,0,33.1,50,24,QUIET,0,0,224,64
69eccd4e629eff016635f96c,ESP32_GREENHOUSE_01,2026-04-25T14:18:54.704Z,14,33.38,33,33.8,33,50,50,50,50,35.1,48,42,QUIET,63.6,63,0,0,224.1,224,14,0,0,0,33,50,42,QUIET,0,0,224,63
69eccd6c629eff016635f96d,ESP32_GREENHOUSE_01,2026-04-25T14:19:24.712Z,15,33.43,33,33.9,33,50.2,50,51,50,48.9,101,48,QUIET,62.9,63,0,0,224,224,15,0,0,0,33,50,48,QUIET,0,0,224,63
69eccd8a629eff016635f96e,ESP32_GREENHOUSE_01,2026-04-25T14:19:54.714Z,15,33.53,33.1,33.9,33.4,50.87,50,51,51,41.8,62,42,QUIET,62.9,63,0,0,224.1,224,15,0,0,0,33.4,51,42,QUIET,0,0,224,63
69eccda8629eff016635f96f,ESP32_GREENHOUSE_01,2026-04-25T14:20:24.727Z,15,33.51,33.1,33.8,33.7,51,51,51,51,42.5,69,40,QUIET,62.7,63,0,0,224.2,224,15,0,0,0,33.7,51,40,QUIET,0,0,224,63
69eccdc6629eff016635f970,ESP32_GREENHOUSE_01,2026-04-25T14:20:54.742Z,15,33.35,33,33.9,33.4,51,51,51,51,39.6,57,26,QUIET,62.7,63,0,0,224,224,15,0,0,0,33.4,51,26,QUIET,0,0,224,63
69eccde4629eff016635f971,ESP32_GREENHOUSE_01,2026-04-25T14:21:24.756Z,15,33.53,33,33.9,33.7,51,51,51,51,33.7,52,34,QUIET,62.9,63,0,0,224,224,15,0,0,0,33.7,51,34,QUIET,0,0,224,63
69ecce02629eff016635f972,ESP32_GREENHOUSE_01,2026-04-25T14:21:54.769Z,15,33.41,33,33.8,33.6,51,51,51,51,39,67,28,QUIET,62.7,63,0,0,224.2,224,15,0,0,0,33.6,51,28,QUIET,0,0,224,63
69ecce20629eff016635f973,ESP32_GREENHOUSE_01,2026-04-25T14:22:24.782Z,14,33.46,33,33.8,33.5,51,51,51,51,48.4,90,24,QUIET,62.4,63,0,0,224.1,224,14,0,0,0,33.5,51,24,QUIET,0,0,224,63
69ecce3e629eff016635f974,ESP32_GREENHOUSE_01,2026-04-25T14:22:54.793Z,15,33.29,33,33.8,33.2,51,51,51,51,34.2,44,38,QUIET,63.1,63,0,0,224.1,226,15,0,0,0,33.2,51,38,QUIET,0,0,226,63
69ecce5c629eff016635f975,ESP32_GREENHOUSE_01,2026-04-25T14:23:24.794Z,15,33.37,33,33.9,33.2,51,51,51,51,47.5,116,47,QUIET,62.6,63,0,0,224.1,224,15,0,0,0,33.2,51,47,QUIET,0,0,224,63
69ecce7a629eff016635f976,ESP32_GREENHOUSE_01,2026-04-25T14:23:54.803Z,15,33.53,33,33.9,33.4,51,51,51,51,39.3,70,36,QUIET,62.7,63,0,0,223.9,224,15,0,0,0,33.4,51,36,QUIET,0,0,224,63
69ecce98629eff016635f977,ESP32_GREENHOUSE_01,2026-04-25T14:24:24.809Z,15,33.37,33,33.8,33.8,51,51,51,51,32.7,44,44,QUIET,63,63,0,0,224,224,15,0,0,0,33.8,51,44,QUIET,0,0,224,63
69ecceb6629eff016635f978,ESP32_GREENHOUSE_01,2026-04-25T14:24:54.820Z,15,33.46,33,33.9,33.1,51,51,51,51,32.5,48,26,QUIET,62.9,63,0,0,224,224,15,0,0,0,33.1,51,26,QUIET,0,0,224,63
69ecced4629eff016635f979,ESP32_GREENHOUSE_01,2026-04-25T14:25:24.833Z,15,33.41,33,33.8,33.5,51,51,51,51,37.3,66,34,QUIET,62.9,63,0,0,224,224,15,0,0,0,33.5,51,34,QUIET,0,0,224,63
69eccef2629eff016635f97a,ESP32_GREENHOUSE_01,2026-04-25T14:25:54.840Z,14,33.44,33,33.9,33.4,51,51,51,51,43.3,63,41,QUIET,62.6,63,0,0,224.1,224,14,0,0,0,33.4,51,41,QUIET,0,0,224,63
69eccf10629eff016635f97b,ESP32_GREENHOUSE_01,2026-04-25T14:26:24.843Z,15,33.32,33,33.8,33.6,51,51,51,51,40.3,62,38,QUIET,62.8,63,0,0,224,224,15,0,0,0,33.6,51,38,QUIET,0,0,224,63
69eccf2e629eff016635f97c,ESP32_GREENHOUSE_01,2026-04-25T14:26:54.848Z,15,33.57,33.1,33.9,33.9,51,51,51,51,33.4,41,27,QUIET,63,63,0,0,224,224,15,0,0,0,33.9,51,27,QUIET,0,0,224,63
69eccf4c629eff016635f97d,ESP32_GREENHOUSE_01,2026-04-25T14:27:24.849Z,15,33.45,33,33.9,33,51,51,51,51,35.6,46,30,QUIET,63.1,63,0,0,224,224,15,0,0,0,33,51,30,QUIET,0,0,224,63
69eccf6a629eff016635f97e,ESP32_GREENHOUSE_01,2026-04-25T14:27:54.854Z,15,33.44,33,33.9,33.4,51,51,51,51,41.9,58,46,QUIET,62.7,63,0,0,223.9,224,15,0,0,0,33.4,51,46,QUIET,0,0,224,63
69eccf88629eff016635f97f,ESP32_GREENHOUSE_01,2026-04-25T14:28:24.855Z,15,33.45,33,33.9,33.4,51,51,51,51,40.3,53,45,QUIET,62.8,63,0,0,224,224,15,0,0,0,33.4,51,45,QUIET,0,0,224,63
69eccfa6629eff016635f980,ESP32_GREENHOUSE_01,2026-04-25T14:28:54.866Z,15,33.41,33,33.8,33.5,51,51,51,51,43.6,70,57,QUIET,62.6,62,0,0,224.1,224,15,0,0,0,33.5,51,57,QUIET,0,0,224,62
69eccfc4629eff016635f981,ESP32_GREENHOUSE_01,2026-04-25T14:29:24.875Z,15,33.41,33.1,33.9,33.9,51,51,51,51,40.1,75,40,QUIET,62.7,63,0,0,224.2,224,15,0,0,0,33.9,51,40,QUIET,0,0,224,63
69eccfe2629eff016635f982,ESP32_GREENHOUSE_01,2026-04-25T14:29:54.879Z,15,32.97,32,33.8,32.8,51.8,51,52,52,41.6,60,39,QUIET,62.5,62,0,0,224.1,224,15,0,0,0,32.8,52,39,QUIET,0,0,224,62
69ecd000629eff016635f983,ESP32_GREENHOUSE_01,2026-04-25T14:30:24.894Z,14,32.35,32,32.7,32.5,52,52,52,52,47.2,68,36,QUIET,62.4,62,0,0,224.1,224,14,0,0,0,32.5,52,36,QUIET,0,0,224,62
69ecd01e629eff016635f984,ESP32_GREENHOUSE_01,2026-04-25T14:30:54.899Z,15,32.47,32.3,32.8,32.5,52,52,52,52,37.1,57,24,QUIET,62.5,63,0,0,224.1,224,15,0,0,0,32.5,52,24,QUIET,0,0,224,63
69ecd03c629eff016635f985,ESP32_GREENHOUSE_01,2026-04-25T14:31:24.910Z,15,32.43,32,32.9,32.2,52,52,52,52,38.1,58,53,QUIET,62.8,63,0,0,224.1,224,15,0,0,0,32.2,52,53,QUIET,0,0,224,63
69ecd05a629eff016635f986,ESP32_GREENHOUSE_01,2026-04-25T14:31:54.910Z,15,32.49,32,32.9,32.6,52,52,52,52,57.1,72,57,QUIET,62,62,0,0,224,224,15,0,0,0,32.6,52,57,QUIET,0,0,224,62
69ecd078629eff016635f987,ESP32_GREENHOUSE_01,2026-04-25T14:32:24.917Z,15,32.45,32.2,32.8,32.8,52.4,52,53,53,49.4,103,28,QUIET,61.9,62,0,0,224,224,15,0,0,0,32.8,53,28,QUIET,0,0,224,62
69ecd096629eff016635f988,ESP32_GREENHOUSE_01,2026-04-25T14:32:54.919Z,15,32.29,32.2,32.9,32.2,53,53,53,53,45.1,72,29,QUIET,62.1,63,0,0,224,224,15,0,0,0,32.2,53,29,QUIET,0,0,224,63
69ecd0b4629eff016635f989,ESP32_GREENHOUSE_01,2026-04-25T14:33:24.928Z,15,32.47,32,32.9,32.5,52.4,52,53,52,43.2,54,38,QUIET,62.1,62,0,0,224,224,15,0,0,0,32.5,52,38,QUIET,0,0,224,62
69ecd0d2629eff016635f98a,ESP32_GREENHOUSE_01,2026-04-25T14:33:54.933Z,14,32.37,32.1,32.7,32.5,52,52,52,52,50.9,81,81,QUIET,62.4,61,0,0,222.2,224,14,0,0,0,32.5,52,81,QUIET,0,0,224,61
69ecd0f0629eff016635f98b,ESP32_GREENHOUSE_01,2026-04-25T14:34:24.945Z,15,32.47,32,32.9,32.9,52.73,52,53,53,55.7,99,54,QUIET,61.5,61,0,0,225,225,15,0,0,0,32.9,53,54,QUIET,0,0,225,61
69ecd10e629eff016635f98c,ESP32_GREENHOUSE_01,2026-04-25T14:34:54.956Z,15,32.47,32.1,32.9,32.9,52.4,52,53,53,57.1,116,38,QUIET,61.7,62,0,0,224.3,223,15,0,0,0,32.9,53,38,QUIET,0,0,223,62
69ecd12c629eff016635f98d,ESP32_GREENHOUSE_01,2026-04-25T14:35:24.957Z,15,32.6,32.1,32.9,32.8,52.87,52,53,53,46.4,89,30,QUIET,61.7,62,0,0,223.3,224,15,0,0,0,32.8,53,30,QUIET,0,0,224,62
69ecd14a629eff016635f98e,ESP32_GREENHOUSE_01,2026-04-25T14:35:54.966Z,15,32.55,32.2,32.9,32.9,53,53,53,53,35.9,44,43,QUIET,62,61,0,0,223.6,224,15,0,0,0,32.9,53,43,QUIET,0,0,224,61
69ecd168629eff016635f98f,ESP32_GREENHOUSE_01,2026-04-25T14:36:24.982Z,15,32.47,32,32.9,32.8,53,53,53,53,52.3,133,29,QUIET,61.5,62,0,0,223.7,225,15,0,0,0,32.8,53,29,QUIET,0,0,225,62
69ecd186629eff016635f990,ESP32_GREENHOUSE_01,2026-04-25T14:36:54.986Z,15,32.57,32.2,32.9,32.5,53,53,53,53,42.5,88,52,QUIET,61.5,61,0,0,224.1,224,15,0,0,0,32.5,53,52,QUIET,0,0,224,61
69ecd1a5629eff016635f991,ESP32_GREENHOUSE_01,2026-04-25T14:37:25.001Z,15,32.32,32,32.9,32.1,53,53,53,53,41.9,81,42,QUIET,62.1,63,0,0,224,224,15,0,0,0,32.1,53,42,QUIET,0,0,224,63
69ecd1c3629eff016635f992,ESP32_GREENHOUSE_01,2026-04-25T14:37:55.015Z,14,32.54,32,32.9,32.9,53,53,53,53,55.3,98,63,QUIET,61.4,61,0,0,224,224,14,0,0,0,32.9,53,63,QUIET,0,0,224,61
69ecd1e1629eff016635f993,ESP32_GREENHOUSE_01,2026-04-25T14:38:25.023Z,15,32.39,32,32.9,32,53,53,53,53,55,94,44,QUIET,61.5,63,0,0,224,224,15,0,0,0,32,53,44,QUIET,0,0,224,63
69ecd1ff629eff016635f994,ESP32_GREENHOUSE_01,2026-04-25T14:38:55.029Z,15,32.41,32,32.9,32.8,53,53,53,53,59.1,80,68,QUIET,61.3,60,0,0,224.1,224,15,0,0,0,32.8,53,68,QUIET,0,0,224,60
69ecd21d629eff016635f995,ESP32_GREENHOUSE_01,2026-04-25T14:39:25.028Z,15,32.38,32,32.7,32,52.73,52,53,52,54.4,89,43,QUIET,61.7,63,0,0,224.1,224,15,0,0,0,32,52,43,QUIET,0,0,224,63
69ecd23b629eff016635f996,ESP32_GREENHOUSE_01,2026-04-25T14:39:55.036Z,15,32.49,32,32.9,32,52,52,52,52,43.1,67,58,QUIET,62.4,63,0,0,224.1,224,15,0,0,0,32,52,58,QUIET,0,0,224,63
69ecd259629eff016635f997,ESP32_GREENHOUSE_01,2026-04-25T14:40:25.043Z,15,32.54,32,32.9,32.8,52.27,52,53,53,38.5,54,49,QUIET,62.4,61,0,0,224.1,224,15,0,0,0,32.8,53,49,QUIET,0,0,224,61
69ecd277629eff016635f998,ESP32_GREENHOUSE_01,2026-04-25T14:40:55.049Z,15,32.41,32,32.9,32.9,53,53,53,53,43,71,30,QUIET,62.1,62,0,0,224.1,224,15,0,0,0,32.9,53,30,QUIET,0,0,224,62
69ecd295629eff016635f999,ESP32_GREENHOUSE_01,2026-04-25T14:41:25.050Z,15,32.53,32,32.9,32.6,53,53,53,53,38.1,51,32,QUIET,62,62,0,0,224.2,224,15,0,0,0,32.6,53,32,QUIET,0,0,224,62
69ecd2b3629eff016635f99a,ESP32_GREENHOUSE_01,2026-04-25T14:41:55.064Z,14,32.49,32.1,32.9,32.2,53,53,53,53,37.2,60,60,QUIET,62.2,62,0,0,224.3,225,14,0,0,0,32.2,53,60,QUIET,0,0,225,62
69ecd2d1629eff016635f99b,ESP32_GREENHOUSE_01,2026-04-25T14:42:25.067Z,15,32.53,32,32.9,32.3,52.6,52,53,53,43.3,60,42,QUIET,62.1,62,0,0,224.1,224,15,0,0,0,32.3,53,42,QUIET,0,0,224,62
69ecd2ef629eff016635f99c,ESP32_GREENHOUSE_01,2026-04-25T14:42:55.067Z,15,32.49,32.1,32.9,32.2,52.53,52,53,52,50.7,77,33,QUIET,61.7,63,0,0,224.1,224,15,0,0,0,32.2,52,33,QUIET,0,0,224,63
69ecd30d629eff016635f99d,ESP32_GREENHOUSE_01,2026-04-25T14:43:25.077Z,15,32.36,32,32.8,32.6,52.33,52,53,53,52.5,98,67,QUIET,62,61,0,0,224.1,224,15,0,0,0,32.6,53,67,QUIET,0,0,224,61
69ecd32b629eff016635f99e,ESP32_GREENHOUSE_01,2026-04-25T14:43:55.091Z,15,32.43,32,32.8,32.4,52.6,52,53,53,50.1,80,47,QUIET,62,62,0,0,224.4,225,15,0,0,0,32.4,53,47,QUIET,0,0,225,62
69ecd349629eff016635f99f,ESP32_GREENHOUSE_01,2026-04-25T14:44:25.099Z,15,32.28,32,32.9,32,52.67,52,53,53,49.1,78,33,QUIET,62.1,63,0,0,224.2,225,15,0,0,0,32,53,33,QUIET,0,0,225,63
69ecd367629eff016635f9a0,ESP32_GREENHOUSE_01,2026-04-25T14:44:55.112Z,15,32.43,32,32.9,32.2,53,53,53,53,34.5,51,32,QUIET,62.3,63,0,0,224.3,224,15,0,0,0,32.2,53,32,QUIET,0,0,224,63
69ecd385629eff016635f9a1,ESP32_GREENHOUSE_01,2026-04-25T14:45:25.119Z,14,32.43,32,32.8,32.2,53,53,53,53,40.4,63,35,QUIET,62.2,63,0,0,224.1,224,14,0,0,0,32.2,53,35,QUIET,0,0,224,63
69ecd3a3629eff016635f9a2,ESP32_GREENHOUSE_01,2026-04-25T14:45:55.127Z,15,32.47,32.1,32.8,32.8,53,53,53,53,40.9,73,44,QUIET,61.8,61,0,0,224,224,15,0,0,0,32.8,53,44,QUIET,0,0,224,61
69ecd3c1629eff016635f9a3,ESP32_GREENHOUSE_01,2026-04-25T14:46:25.126Z,15,32.5,32,32.9,32.7,53,53,53,53,38.7,49,38,QUIET,62.1,62,0,0,224,224,15,0,0,0,32.7,53,38,QUIET,0,0,224,62
69ecd3df629eff016635f9a4,ESP32_GREENHOUSE_01,2026-04-25T14:46:55.128Z,15,32.45,32.1,32.9,32.1,53,53,53,53,45.9,59,45,QUIET,61.7,62,0,0,224,224,15,0,0,0,32.1,53,45,QUIET,0,0,224,62
69ecd3fd629eff016635f9a5,ESP32_GREENHOUSE_01,2026-04-25T14:47:25.132Z,15,32.31,32,32.9,32,52.67,52,53,52,30.9,41,38,QUIET,62.8,64,0,0,224.1,224,15,0,0,0,32,52,38,QUIET,0,0,224,64
69ecd41b629eff016635f9a6,ESP32_GREENHOUSE_01,2026-04-25T14:47:55.136Z,15,32.46,32,32.9,32,52,52,52,52,33.4,122,27,QUIET,62.8,64,0,0,224.1,224,15,0,0,0,32,52,27,QUIET,0,0,224,64
69ecd439629eff016635f9a7,ESP32_GREENHOUSE_01,2026-04-25T14:48:25.143Z,15,32.55,32.1,32.9,32.7,52,52,52,52,60.9,276,33,QUIET,61.7,62,0,0,224.7,225,15,0,0,0,32.7,52,33,QUIET,0,0,225,62
69ecd457629eff016635f9a8,ESP32_GREENHOUSE_01,2026-04-25T14:48:55.158Z,15,32.46,32,32.9,32.2,52.13,52,53,52,41.3,70,35,QUIET,62.3,63,0,0,224.9,224,15,0,0,0,32.2,52,35,QUIET,0,0,224,63
69ecd475629eff016635f9a9,ESP32_GREENHOUSE_01,2026-04-25T14:49:25.164Z,14,32.39,32,32.8,32.1,52.93,52,53,53,56.2,152,152,QUIET,61.5,58,0,0,224.5,225,14,0,0,0,32.1,53,152,QUIET,0,0,225,58
69ecd493629eff016635f9aa,ESP32_GREENHOUSE_01,2026-04-25T14:49:55.164Z,15,32.37,32,32.8,32.2,53,53,53,53,54.5,110,44,QUIET,61.5,62,0,0,225,225,15,0,0,0,32.2,53,44,QUIET,0,0,225,62
69ecd4b1629eff016635f9ab,ESP32_GREENHOUSE_01,2026-04-25T14:50:25.166Z,15,32.39,32,32.8,32.3,53,53,53,53,42.7,67,47,QUIET,62.1,62,0,0,223.9,224,15,0,0,0,32.3,53,47,QUIET,0,0,224,62
69ecd4cf629eff016635f9ac,ESP32_GREENHOUSE_01,2026-04-25T14:50:55.172Z,15,32.48,32.1,32.8,32.4,53.27,53,54,53,47,99,31,QUIET,61.5,62,0,0,223.4,225,15,0,0,0,32.4,53,31,QUIET,0,0,225,62
69ecd4ed629eff016635f9ad,ESP32_GREENHOUSE_01,2026-04-25T14:51:25.175Z,15,32.4,32,32.9,32.3,53,53,53,53,81.5,305,34,QUIET,60.3,62,0,0,224,222,15,0,0,0,32.3,53,34,QUIET,0,0,222,62
69ecd50b629eff016635f9ae,ESP32_GREENHOUSE_01,2026-04-25T14:51:55.187Z,15,32.43,32.1,32.9,32.5,53,53,53,53,56.2,281,33,QUIET,61.4,62,0,0,223.1,225,15,0,0,0,32.5,53,33,QUIET,0,0,225,62
69ecd529629eff016635f9af,ESP32_GREENHOUSE_01,2026-04-25T14:52:25.196Z,15,32.57,32.1,32.9,32.8,53,53,53,53,29.7,38,25,QUIET,62.1,62,0,0,224.7,225,15,0,0,0,32.8,53,25,QUIET,0,0,225,62
69ecd547629eff016635f9b0,ESP32_GREENHOUSE_01,2026-04-25T14:52:55.202Z,15,32.56,32.1,32.9,32.2,53,53,53,53,33.1,61,22,QUIET,62,63,0,0,224.8,225,15,0,0,0,32.2,53,22,QUIET,0,0,225,63
69ecd565629eff016635f9b1,ESP32_GREENHOUSE_01,2026-04-25T14:53:25.216Z,14,32.51,32,32.9,32.4,53,53,53,53,30.1,52,33,QUIET,62.2,62,0,0,222.5,225,14,0,0,0,32.4,53,33,QUIET,0,0,225,62
69ecd583629eff016635f9b2,ESP32_GREENHOUSE_01,2026-04-25T14:53:55.217Z,15,32.41,32,32.8,32,53,53,53,53,33.8,46,28,QUIET,62.2,63,0,0,225,225,15,0,0,0,32,53,28,QUIET,0,0,225,63
69ecd5a1629eff016635f9b3,ESP32_GREENHOUSE_01,2026-04-25T14:54:25.224Z,15,32.43,32,32.9,32.9,53,53,53,53,35.6,49,25,QUIET,62.4,62,0,0,224.7,225,15,0,0,0,32.9,53,25,QUIET,0,0,225,62
69ecd5bf629eff016635f9b4,ESP32_GREENHOUSE_01,2026-04-25T14:54:55.227Z,15,32.36,32,32.9,32.3,53,53,53,53,34.3,60,45,QUIET,62.5,62,0,0,224.6,225,15,0,0,0,32.3,53,45,QUIET,0,0,225,62
69ecd5dd629eff016635f9b5,ESP32_GREENHOUSE_01,2026-04-25T14:55:25.234Z,15,32.43,32,32.9,32.3,53,53,53,53,33.4,55,42,QUIET,62.3,62,0,0,224.9,225,15,0,0,0,32.3,53,42,QUIET,0,0,225,62
69ecd5fb629eff016635f9b6,ESP32_GREENHOUSE_01,2026-04-25T14:55:55.239Z,15,32.42,32,32.9,32.8,53,53,53,53,39,85,46,QUIET,62,61,0,0,225.2,227,15,0,0,0,32.8,53,46,QUIET,0,0,227,61
69ecd619629eff016635f9b7,ESP32_GREENHOUSE_01,2026-04-25T14:56:25.243Z,15,32.46,32.1,32.9,32.1,53,53,53,53,95,641,57,QUIET,59.9,62,0,0,224.3,221,15,0,0,0,32.1,53,57,QUIET,0,0,221,62
69ecd637629eff016635f9b8,ESP32_GREENHOUSE_01,2026-04-25T14:56:55.250Z,14,32.48,32.1,32.9,32.4,53,53,53,53,38.8,125,32,QUIET,61.9,62,0,0,221.4,222,14,0,0,0,32.4,53,32,QUIET,0,0,222,62
69ecd655629eff016635f9b9,ESP32_GREENHOUSE_01,2026-04-25T14:57:25.255Z,15,32.46,32.1,32.9,32.2,53,53,53,53,60,255,39,QUIET,61.1,62,0,0,221.7,222,15,0,0,0,32.2,53,39,QUIET,0,0,222,62
69ecd673629eff016635f9ba,ESP32_GREENHOUSE_01,2026-04-25T14:57:55.269Z,15,32.4,32,32.9,32.7,53,53,53,53,45.9,131,45,QUIET,61.9,61,0,0,225.6,226,15,0,0,0,32.7,53,45,QUIET,0,0,226,61
69ecd691629eff016635f9bb,ESP32_GREENHOUSE_01,2026-04-25T14:58:25.282Z,15,32.51,32,32.9,32,53,53,53,53,25.1,36,35,QUIET,62.3,63,0,0,226.2,226,15,0,0,0,32,53,35,QUIET,0,0,226,63
69ecd6af629eff016635f9bc,ESP32_GREENHOUSE_01,2026-04-25T14:58:55.293Z,15,32.47,32,32.9,32.8,53,53,53,53,45.9,75,32,QUIET,61.8,62,0,0,226,226,15,0,0,0,32.8,53,32,QUIET,0,0,226,62
69ecd6cd629eff016635f9bd,ESP32_GREENHOUSE_01,2026-04-25T14:59:25.301Z,15,32.47,32,32.9,32.3,53,53,53,53,40.3,84,31,QUIET,62,62,0,0,226,226,15,0,0,0,32.3,53,31,QUIET,0,0,226,62
69ecd6eb629eff016635f9be,ESP32_GREENHOUSE_01,2026-04-25T14:59:55.315Z,15,32.5,32.1,32.9,32.2,53.2,53,54,54,24.3,34,34,QUIET,62.3,62,0,0,226.1,226,15,0,0,0,32.2,54,34,QUIET,0,0,226,62
69ecd709629eff016635f9bf,ESP32_GREENHOUSE_01,2026-04-25T15:00:25.328Z,15,32.35,32.1,32.9,32.3,54,54,54,54,34.3,48,39,QUIET,61.9,62,0,0,226,226,15,0,0,0,32.3,54,39,QUIET,0,0,226,62
69ecd727629eff016635f9c0,ESP32_GREENHOUSE_01,2026-04-25T15:00:55.336Z,14,32.41,32,32.9,32.5,53.79,53,54,54,33.9,68,22,QUIET,61.9,62,0,0,226.2,226,14,0,0,0,32.5,54,22,QUIET,0,0,226,62
69ecd745629eff016635f9c1,ESP32_GREENHOUSE_01,2026-04-25T15:01:25.339Z,15,32.45,32,32.8,32.5,53.8,53,54,54,25.9,56,17,QUIET,62,62,0,0,226.1,226,15,0,0,0,32.5,54,17,QUIET,0,0,226,62
69ecd763629eff016635f9c2,ESP32_GREENHOUSE_01,2026-04-25T15:01:55.342Z,15,32.34,32,32.9,32.7,54,54,54,54,32.7,56,33,QUIET,61.8,61,0,0,226.2,226,15,0,0,0,32.7,54,33,QUIET,0,0,226,61
69ecd781629eff016635f9c3,ESP32_GREENHOUSE_01,2026-04-25T15:02:25.350Z,15,32.37,32,32.9,32.4,54,54,54,54,33.9,44,33,QUIET,61.7,61,0,0,226.1,227,15,0,0,0,32.4,54,33,QUIET,0,0,227,61
69ecd79f629eff016635f9c4,ESP32_GREENHOUSE_01,2026-04-25T15:02:55.352Z,15,32.42,32,32.9,32.5,54,54,54,54,30.2,42,23,QUIET,61.9,62,0,0,226.2,227,15,0,0,0,32.5,54,23,QUIET,0,0,227,62
69ecd7bd629eff016635f9c5,ESP32_GREENHOUSE_01,2026-04-25T15:03:25.360Z,15,32.3,32,32.6,32.3,54,54,54,54,29.9,53,27,QUIET,62,62,0,0,226.3,226,15,0,0,0,32.3,54,27,QUIET,0,0,226,62
69ecd7db629eff016635f9c6,ESP32_GREENHOUSE_01,2026-04-25T15:03:55.365Z,15,32.48,32,32.9,32.1,54,54,54,54,42,87,40,QUIET,61.3,62,0,0,226.2,227,15,0,0,0,32.1,54,40,QUIET,0,0,227,62
69ecd7f9629eff016635f9c7,ESP32_GREENHOUSE_01,2026-04-25T15:04:25.372Z,15,32.25,32,32.6,32,54,54,54,54,32.7,65,16,QUIET,61.9,63,0,0,226.1,226,15,0,0,0,32,54,16,QUIET,0,0,226,63
69ecd817629eff016635f9c8,ESP32_GREENHOUSE_01,2026-04-25T15:04:55.376Z,14,32.44,32,32.9,32.5,53.36,53,54,53,19.9,35,22,QUIET,62.5,62,0,0,226.1,226,14,0,0,0,32.5,53,22,QUIET,0,0,226,62
69ecd835629eff016635f9c9,ESP32_GREENHOUSE_01,2026-04-25T15:05:25.383Z,15,32.34,32,32.9,32,53,53,53,53,22.1,33,26,QUIET,62.9,64,0,0,226,226,15,0,0,0,32,53,26,QUIET,0,0,226,64
69ecd853629eff016635f9ca,ESP32_GREENHOUSE_01,2026-04-25T15:05:55.391Z,15,32.28,32,32.7,32.6,53,53,53,53,23.6,43,19,QUIET,63,62,0,0,226.1,226,15,0,0,0,32.6,53,19,QUIET,0,0,226,62
69ecd871629eff016635f9cb,ESP32_GREENHOUSE_01,2026-04-25T15:06:25.399Z,15,32.47,32,32.9,32.2,53.07,53,54,54,29.3,60,23,QUIET,62.4,62,0,0,226.1,226,15,0,0,0,32.2,54,23,QUIET,0,0,226,62
69ecd88f629eff016635f9cc,ESP32_GREENHOUSE_01,2026-04-25T15:06:55.411Z,15,32.49,32,32.8,32.5,53.33,53,54,53,31.3,69,22,QUIET,61.9,62,0,0,226.1,226,15,0,0,0,32.5,53,22,QUIET,0,0,226,62
69ecd8ad629eff016635f9cd,ESP32_GREENHOUSE_01,2026-04-25T15:07:25.412Z,15,32.45,32,32.8,32.6,53,53,53,53,29.3,53,53,QUIET,62.2,61,0,0,226.1,226,15,0,0,0,32.6,53,53,QUIET,0,0,226,61
69ecd8cb629eff016635f9ce,ESP32_GREENHOUSE_01,2026-04-25T15:07:55.419Z,15,32.63,32.1,32.9,32.6,53,53,53,53,29.8,48,48,QUIET,62.1,61,0,0,226.1,226,15,0,0,0,32.6,53,48,QUIET,0,0,226,61
69ecd8e9629eff016635f9cf,ESP32_GREENHOUSE_01,2026-04-25T15:08:25.431Z,14,32.57,32.2,32.9,32.2,53,53,53,53,25.4,36,32,QUIET,62.2,63,0,0,226.2,226,14,0,0,0,32.2,53,32,QUIET,0,0,226,63
69ecd907629eff016635f9d0,ESP32_GREENHOUSE_01,2026-04-25T15:08:55.439Z,15,32.39,32,32.9,32.4,53.6,53,54,54,26.5,52,25,QUIET,62.3,62,0,0,226.2,226,15,0,0,0,32.4,54,25,QUIET,0,0,226,62
69ecd925629eff016635f9d1,ESP32_GREENHOUSE_01,2026-04-25T15:09:25.452Z,15,32.39,32,32.9,32,54,54,54,54,25.3,45,25,QUIET,62.1,63,0,0,226,226,15,0,0,0,32,54,25,QUIET,0,0,226,63
69ecd943629eff016635f9d2,ESP32_GREENHOUSE_01,2026-04-25T15:09:55.453Z,15,32.45,32.1,32.9,32.1,54,54,54,54,15.7,22,14,QUIET,62.4,63,0,0,226.1,226,15,0,0,0,32.1,54,14,QUIET,0,0,226,63
69ecd961629eff016635f9d3,ESP32_GREENHOUSE_01,2026-04-25T15:10:25.453Z,15,32.47,32,32.9,32.7,54,54,54,54,23.7,34,34,QUIET,61.9,61,0,0,226,226,15,0,0,0,32.7,54,34,QUIET,0,0,226,61
69ecd97f629eff016635f9d4,ESP32_GREENHOUSE_01,2026-04-25T15:10:55.458Z,15,32.52,32,32.9,32.9,54,54,54,54,28.3,43,28,QUIET,61.8,61,0,0,225.8,227,15,0,0,0,32.9,54,28,QUIET,0,0,227,61
69ecd99d629eff016635f9d5,ESP32_GREENHOUSE_01,2026-04-25T15:11:25.473Z,15,32.41,32,32.9,32.7,54,54,54,54,25.9,35,18,QUIET,61.9,62,0,0,225.5,226,15,0,0,0,32.7,54,18,QUIET,0,0,226,62
69ecd9bb629eff016635f9d6,ESP32_GREENHOUSE_01,2026-04-25T15:11:55.486Z,15,32.51,32,32.9,32.6,54,54,54,54,25.3,38,25,QUIET,61.9,62,0,0,226,224,15,0,0,0,32.6,54,25,QUIET,0,0,224,62
69ecd9d9629eff016635f9d7,ESP32_GREENHOUSE_01,2026-04-25T15:12:25.500Z,14,32.46,32,32.9,32.3,54,54,54,54,40.6,104,23,QUIET,61.4,62,0,0,222.7,226,14,0,0,0,32.3,54,23,QUIET,0,0,226,62
69ecd9f7629eff016635f9d8,ESP32_GREENHOUSE_01,2026-04-25T15:12:55.504Z,15,32.33,32,32.8,32.6,53.93,53,54,54,29.7,87,42,QUIET,62,61,0,0,225.5,226,15,0,0,0,32.6,54,42,QUIET,0,0,226,61
69ecda15629eff016635f9d9,ESP32_GREENHOUSE_01,2026-04-25T15:13:25.511Z,15,32.53,32.1,32.9,32.5,53.6,53,54,54,35.3,52,37,QUIET,61.5,61,0,0,221.4,221,15,0,0,0,32.5,54,37,QUIET,0,0,221,61
69ecda33629eff016635f9da,ESP32_GREENHOUSE_01,2026-04-25T15:13:55.519Z,15,32.44,32,32.7,32,54,54,54,54,57.9,146,67,QUIET,60.6,61,0,0,224.8,225,15,0,0,0,32,54,67,QUIET,0,0,225,61
69ecda51629eff016635f9dc,ESP32_GREENHOUSE_01,2026-04-25T15:14:25.530Z,15,32.45,32.1,32.8,32.1,54.33,54,55,54,108.5,406,74,QUIET,58.5,61,0,0,226,226,10,5,0,0,32.1,54,74,LIGHT_ACTIVITY,0,0,226,61
69ecda6f629eff016635f9dd,ESP32_GREENHOUSE_01,2026-04-25T15:14:55.531Z,15,32.42,32,32.9,32.7,54,54,54,54,64.1,81,81,LIGHT_ACTIVITY,60.4,59,0,0,225.7,225,5,10,0,0,32.7,54,81,QUIET,0,0,225,59
69ecda8d629eff016635f9de,ESP32_GREENHOUSE_01,2026-04-25T15:15:25.532Z,15,32.55,32.1,32.9,32.9,54,54,54,54,66.3,90,59,QUIET,60.2,60,0,0,225.7,225,15,0,0,0,32.9,54,59,QUIET,0,0,225,60
69ecdaab629eff016635f9e0,ESP32_GREENHOUSE_01,2026-04-25T15:15:55.541Z,15,32.42,32,32.9,32.3,54.4,54,56,56,73.1,95,74,QUIET,59.9,59,0,0,225.6,225,12,3,0,0,32.3,56,74,LIGHT_ACTIVITY,0,0,225,59
69ecdac9629eff016635f9e3,ESP32_GREENHOUSE_01,2026-04-25T15:16:25.549Z,14,32.45,32,32.9,32.5,54.36,54,56,54,128.5,294,294,LIGHT_ACTIVITY,57.6,51,0,0,225.7,226,2,9,3,0,32.5,54,294,RESTLESS,0,0,226,51
69ecdae7629eff016635f9e4,ESP32_GREENHOUSE_01,2026-04-25T15:16:55.560Z,15,32.76,32.1,33.9,33.7,54.2,54,55,54,173.7,383,81,RESTLESS,55.9,59,0,0,225.5,226,0,0,15,0,33.7,54,81,RESTLESS,0,0,226,59
69ecdb05629eff016635f9ed,ESP32_GREENHOUSE_01,2026-04-25T15:17:25.568Z,15,33.47,33,33.9,33.8,53.4,53,54,53,213.7,685,122,RESTLESS,54.4,58,0,0,225.7,226,1,5,9,0,33.8,53,122,RESTLESS,0,0,226,58
69ecdb23629eff016635f9f5,ESP32_GREENHOUSE_01,2026-04-25T15:17:55.577Z,15,33.42,33,33.9,33,53.13,53,54,53,199.5,496,84,LIGHT_ACTIVITY,55.3,60,0,0,225.2,225,1,8,4,2,33,53,84,RESTLESS,0,0,225,60
69ecdb41629eff016635f9fc,ESP32_GREENHOUSE_01,2026-04-25T15:18:25.591Z,15,33.4,33,33.9,33.1,52.93,52,53,53,253.9,687,111,CRYING,53.3,59,0,0,224.9,225,3,1,2,9,33.1,53,111,CRYING,0,0,225,59
69ecdb5f629eff016635f9ff,ESP32_GREENHOUSE_01,2026-04-25T15:18:55.599Z,15,33.48,33,33.9,33.1,52.8,52,53,53,225.9,737,78,LIGHT_ACTIVITY,54.5,60,0,0,224.9,224,1,14,0,0,33.1,53,78,LIGHT_ACTIVITY,0,0,224,60
69ecdb7d629eff016635fa04,ESP32_GREENHOUSE_01,2026-04-25T15:19:25.611Z,15,33.37,33,33.9,33,53,53,53,53,140.1,243,88,LIGHT_ACTIVITY,57.5,60,0,0,224.3,224,3,9,3,0,33,53,88,QUIET,0,0,224,60
69ecdb9b629eff016635fa0c,ESP32_GREENHOUSE_01,2026-04-25T15:19:55.626Z,14,33.41,33,33.8,33.3,53,53,53,53,223.2,590,257,RESTLESS,54.3,53,0,0,224,223,6,2,6,0,33.3,53,257,LIGHT_ACTIVITY,0,0,223,53
69ecdbb9629eff016635fa0d,ESP32_GREENHOUSE_01,2026-04-25T15:20:25.633Z,15,33.56,33,33.9,33.5,53,53,53,53,175.7,499,315,LIGHT_ACTIVITY,56.3,51,0,0,227.1,231,0,15,0,0,33.5,53,315,LIGHT_ACTIVITY,0,0,231,51
69ecdbd7629eff016635fa0f,ESP32_GREENHOUSE_01,2026-04-25T15:20:55.640Z,15,33.55,33,33.9,33.6,53,53,53,53,158.3,541,85,LIGHT_ACTIVITY,56.9,60,0,0,230.3,230,1,14,0,0,33.6,53,85,LIGHT_ACTIVITY,0,0,230,60
69ecdbf5629eff016635fa13,ESP32_GREENHOUSE_01,2026-04-25T15:21:25.644Z,15,33.53,33,33.9,33.6,53,53,53,53,204.9,544,108,RESTLESS,55.2,59,0,0,230.9,231,0,4,11,0,33.6,53,108,RESTLESS,0,0,231,59
69ecdc13629eff016635fa16,ESP32_GREENHOUSE_01,2026-04-25T15:21:55.647Z,15,33.41,33.1,33.8,33.1,53,53,53,53,185.5,602,125,LIGHT_ACTIVITY,56,58,0,0,230.9,231,0,13,2,0,33.1,53,125,RESTLESS,0,0,231,58
69ecdc31629eff016635fa18,ESP32_GREENHOUSE_01,2026-04-25T15:22:25.662Z,15,33.58,33.2,33.9,33.5,53.53,53,54,54,229.5,624,77,RESTLESS,53.7,59,0,0,230.7,231,0,1,14,0,33.5,54,77,LIGHT_ACTIVITY,0,0,231,59
69ecdc4f629eff016635fa19,ESP32_GREENHOUSE_01,2026-04-25T15:22:55.673Z,15,33.39,33,33.9,33.5,53.53,53,54,54,138.5,296,296,LIGHT_ACTIVITY,57.4,51,0,0,231,231,0,15,0,0,33.5,54,296,LIGHT_ACTIVITY,0,0,231,51
69ecdc6d629eff016635fa1d,ESP32_GREENHOUSE_01,2026-04-25T15:23:25.674Z,15,33.41,33,33.9,33.5,53.13,53,54,53,188.6,482,70,LIGHT_ACTIVITY,55.7,60,0,0,230.8,231,1,12,2,0,33.5,53,70,LIGHT_ACTIVITY,0,0,231,60
69ecdc8b629eff016635fa21,ESP32_GREENHOUSE_01,2026-04-25T15:23:55.688Z,14,33.47,33.1,33.9,33.3,53,53,53,53,209.9,687,67,LIGHT_ACTIVITY,55.1,61,0,0,230.7,231,2,11,0,1,33.3,53,67,LIGHT_ACTIVITY,0,0,231,61
69ecdca9629eff016635fa23,ESP32_GREENHOUSE_01,2026-04-25T15:24:25.696Z,15,33.45,33.1,33.9,33.6,53.07,53,54,53,266.1,776,277,LIGHT_ACTIVITY,52.7,52,0,0,229.6,231,0,8,0,7,33.6,53,277,CRYING,0,0,231,52
69ecdcc7629eff016635fa27,ESP32_GREENHOUSE_01,2026-04-25T15:24:55.711Z,15,33.35,33,33.8,33,54.53,53,55,55,203.1,479,198,CRYING,54.2,54,0,0,231.3,232,0,7,0,8,33,55,198,LIGHT_ACTIVITY,0,0,232,54
69ecdce5629eff016635fa2b,ESP32_GREENHOUSE_01,2026-04-25T15:25:25.711Z,15,33.53,33.1,33.9,33.5,53.4,53,54,53,264.8,633,153,CRYING,52.6,57,0,0,231.5,229,0,7,0,8,33.5,53,153,CRYING,0,0,229,57
69ecdd03629eff016635fa2f,ESP32_GREENHOUSE_01,2026-04-25T15:25:55.713Z,15,33.47,33,33.9,33.2,53,53,53,53,282.1,599,314,CRYING,52.2,51,0,0,230.5,232,0,1,2,12,33.2,53,314,CRYING,0,0,232,51
69ecdd21629eff016635fa30,ESP32_GREENHOUSE_01,2026-04-25T15:26:25.719Z,15,33.35,33,33.8,33,53.47,53,54,54,275.7,599,213,CRYING,52.1,54,0,0,231.3,231,0,0,0,15,33,54,213,CRYING,0,0,231,54
69ecdd3f629eff016635fa35,ESP32_GREENHOUSE_01,2026-04-25T15:26:55.730Z,15,33.31,33,33.8,33.7,53.87,53,54,54,178.1,465,192,CRYING,55.6,55,0,0,231.5,232,0,4,5,6,33.7,54,192,RESTLESS,0,0,232,55
69ecdd5d629eff016635fa38,ESP32_GREENHOUSE_01,2026-04-25T15:27:25.734Z,14,33.56,33.1,33.9,33.2,53.93,53,54,53,202.6,523,100,RESTLESS,54.6,59,0,0,231.6,231,0,1,13,0,33.2,53,100,RESTLESS,0,0,231,59
69ecdd7b629eff016635fa3c,ESP32_GREENHOUSE_01,2026-04-25T15:27:55.735Z,15,33.19,32,33.9,33.6,53.73,53,54,54,232.2,585,213,RESTLESS,53.7,54,0,0,231.7,232,0,0,12,3,33.6,54,213,CRYING,0,0,232,54
69ecdd99629eff016635fa3f,ESP32_GREENHOUSE_01,2026-04-25T15:28:25.749Z,15,33.46,33.1,33.9,33.4,53.87,53,54,54,223.1,591,141,RESTLESS,53.9,57,0,0,231.5,231,0,2,13,0,33.4,54,141,LIGHT_ACTIVITY,0,0,231,57
69ecddb7629eff016635fa43,ESP32_GREENHOUSE_01,2026-04-25T15:28:55.754Z,15,33.47,33,33.8,33.3,53,53,53,53,311.5,623,266,RESTLESS,51,53,0,0,231.4,231,0,0,8,7,33.3,53,266,CRYING,0,0,231,53
69ecddd5629eff016635fa45,ESP32_GREENHOUSE_01,2026-04-25T15:29:25.763Z,15,33.47,33,33.9,33.6,53.4,53,54,53,196.6,488,81,CRYING,55.1,60,0,0,230.7,229,0,0,3,12,33.6,53,81,RESTLESS,0,0,229,60
69ecddf3629eff016635fa48,ESP32_GREENHOUSE_01,2026-04-25T15:29:55.772Z,15,33.57,33,33.9,33.3,53.27,53,54,54,191.5,394,67,RESTLESS,55.5,60,0,0,229.9,232,0,2,13,0,33.3,54,67,RESTLESS,0,0,232,60
69ecde11629eff016635fa4b,ESP32_GREENHOUSE_01,2026-04-25T15:30:25.787Z,15,33.53,33,33.9,33,54.27,54,55,54,134.5,237,211,RESTLESS,57,54,0,0,231,231,1,0,14,0,33,54,211,RESTLESS,0,0,231,54
69ecde2f629eff016635fa50,ESP32_GREENHOUSE_01,2026-04-25T15:30:55.790Z,15,33.43,33,33.9,33.4,54.2,54,55,55,181.4,370,90,RESTLESS,55.3,58,0,0,231,231,1,3,11,0,33.4,55,90,RESTLESS,0,0,231,58
69ecde4d629eff016635fa52,ESP32_GREENHOUSE_01,2026-04-25T15:31:25.799Z,14,33.46,33.1,33.9,33.9,54.29,54,55,54,178.6,432,189,LIGHT_ACTIVITY,55.3,55,0,0,231,231,0,12,2,0,33.9,54,189,LIGHT_ACTIVITY,0,0,231,55
69ecde6b629eff016635fa54,ESP32_GREENHOUSE_01,2026-04-25T15:31:55.801Z,15,33.43,33.1,33.9,33.2,54.47,54,55,54,235.6,590,230,LIGHT_ACTIVITY,53.1,54,0,0,231,231,0,12,3,0,33.2,54,230,RESTLESS,0,0,231,54
69ecde89629eff016635fa5b,ESP32_GREENHOUSE_01,2026-04-25T15:32:25.815Z,15,33.41,33,33.9,33.7,54.6,54,55,55,219.6,448,187,RESTLESS,53.6,55,0,0,231,231,0,0,10,5,33.7,55,187,RESTLESS,0,0,231,55
69ecdea7629eff016635fa5f,ESP32_GREENHOUSE_01,2026-04-25T15:32:55.816Z,15,33.39,33,33.9,33,54.53,54,55,54,329.5,1023,170,CRYING,49.3,56,0,0,230.9,231,0,2,1,12,33,54,170,CRYING,0,0,231,56
69ecdec5629eff016635fa62,ESP32_GREENHOUSE_01,2026-04-25T15:33:25.822Z,15,33.36,33,33.8,33.6,54.4,54,55,55,265.5,828,360,CRYING,51.9,48,0,0,230.9,230,0,6,0,9,33.6,55,360,CRYING,0,0,230,48
69ecdee3629eff016635fa66,ESP32_GREENHOUSE_01,2026-04-25T15:33:55.830Z,15,33.53,33,33.9,33,54.27,54,55,54,476.7,1023,852,CRYING,43.7,29,0,0,227.7,228,0,4,4,7,33,54,852,CRYING,0,0,228,29
69ecdf01629eff016635fa68,ESP32_GREENHOUSE_01,2026-04-25T15:34:25.834Z,15,33.31,33,33.9,33.6,54,54,54,54,255.3,443,88,CRYING,52.5,59,0,0,228.4,228,0,0,1,14,33.6,54,88,RESTLESS,0,0,228,59
69ecdf1f629eff016635fa6e,ESP32_GREENHOUSE_01,2026-04-25T15:34:55.845Z,15,33.51,33,33.9,33.8,54.47,54,55,55,338.1,1023,442,CRYING,49,45,0,0,227.9,228,2,0,1,12,33.8,55,442,CRYING,0,0,228,45
69ecdf3d629eff016635fa6f,ESP32_GREENHOUSE_01,2026-04-25T15:35:25.852Z,14,33.53,33.1,33.9,33.2,54.71,54,55,55,494.9,1023,231,CRYING,42.7,53,0,0,229.1,230,0,0,0,14,33.2,55,231,CRYING,0,0,230,53
69ecdf5b629eff016635fa72,ESP32_GREENHOUSE_01,2026-04-25T15:35:55.857Z,15,33.44,33,33.7,33.2,55,55,55,55,271.6,872,251,CRYING,51.3,52,0,0,230,230,0,1,0,14,33.2,55,251,CRYING,0,0,230,52
69ecdf79629eff016635fa73,ESP32_GREENHOUSE_01,2026-04-25T15:36:25.866Z,15,33.37,33,33.9,33,55,55,55,55,364.7,1023,67,CRYING,47.6,59,0,0,228.5,231,0,0,0,15,33,55,67,CRYING,0,0,231,59
69ecdf97629eff016635fa78,ESP32_GREENHOUSE_01,2026-04-25T15:36:55.880Z,15,33.47,33.1,33.9,33.9,55,55,55,55,223.8,516,280,CRYING,53.1,51,0,0,229.7,230,0,2,6,7,33.9,55,280,RESTLESS,0,0,230,51
69ecdfb5629eff016635fa7a,ESP32_GREENHOUSE_01,2026-04-25T15:37:25.882Z,15,33.47,33,33.9,33,54.2,54,55,54,352.5,1023,348,CRYING,48.6,49,0,0,235.5,233,0,0,3,12,33,54,348,CRYING,0,0,233,49
69ecdfd3629eff016635fa7d,ESP32_GREENHOUSE_01,2026-04-25T15:37:55.893Z,15,33.46,33,33.9,33.2,54.33,54,55,54,367.5,898,271,CRYING,47.9,52,0,0,233.5,235,0,0,1,14,33.2,54,271,CRYING,0,0,235,52
69ecdff1629eff016635fa7e,ESP32_GREENHOUSE_01,2026-04-25T15:38:25.897Z,15,33.41,33,33.9,33.5,54.73,54,55,55,356.5,672,672,CRYING,48.2,36,0,0,234.5,236,0,0,0,15,33.5,55,672,CRYING,0,0,236,36
69ece00f629eff016635fa7f,ESP32_GREENHOUSE_01,2026-04-25T15:38:55.902Z,14,33.51,33,33.9,33.7,54.36,54,55,54,457.5,832,487,CRYING,44.4,43,0,0,234.1,232,0,0,0,14,33.7,54,487,CRYING,0,0,232,43
69ece02d629eff016635fa83,ESP32_GREENHOUSE_01,2026-04-25T15:39:25.909Z,15,33.35,33,33.9,33,54,54,54,54,195.7,463,182,CRYING,54.7,55,0,0,231.4,233,0,5,0,10,33,54,182,LIGHT_ACTIVITY,0,0,233,55
69ece04b629eff016635fa85,ESP32_GREENHOUSE_01,2026-04-25T15:39:55.922Z,15,33.38,33,33.9,33.7,54,54,54,54,362.7,1023,661,CRYING,48.3,37,0,0,234.3,236,0,4,0,11,33.7,54,661,CRYING,0,0,236,37
69ece069629eff016635fa86,ESP32_GREENHOUSE_01,2026-04-25T15:40:25.934Z,15,33.43,33,33.9,33.2,54.07,54,55,55,402.5,681,490,CRYING,46.7,43,0,0,234,234,0,0,0,15,33.2,55,490,CRYING,0,0,234,43
69ece087629eff016635fa87,ESP32_GREENHOUSE_01,2026-04-25T15:40:55.942Z,15,33.36,33,33.9,33.1,54.07,54,55,54,458.9,743,655,CRYING,44.5,37,0,0,233.1,231,0,0,0,15,33.1,54,655,CRYING,0,0,231,37
69ece0a5629eff016635fa88,ESP32_GREENHOUSE_01,2026-04-25T15:41:25.954Z,15,33.37,33,33.9,33.2,54,54,54,54,380.1,1023,773,CRYING,47.7,32,0,0,230.9,231,0,0,0,15,33.2,54,773,CRYING,0,0,231,32
69ece0c3629eff016635fa89,ESP32_GREENHOUSE_01,2026-04-25T15:41:55.958Z,15,33.36,33,33.9,33.7,54,54,54,54,549.5,1023,860,CRYING,41,29,0,0,230,225,0,0,0,15,33.7,54,860,CRYING,0,0,225,29
69ece0e1629eff016635fa8c,ESP32_GREENHOUSE_01,2026-04-25T15:42:25.973Z,15,33.42,33,33.9,33.1,54,54,54,54,440,900,330,CRYING,45.3,50,10,0,222.9,232,0,0,0,15,33.1,54,330,CRYING,0,0,232,50
69ece0ff629eff016635fa8d,ESP32_GREENHOUSE_01,2026-04-25T15:42:55.987Z,14,33.34,33,33.9,33.2,54,54,54,54,460.2,719,303,CRYING,44.4,51,0,0,232.1,237,0,0,0,14,33.2,54,303,CRYING,0,0,237,51
69ece11d629eff016635fa8e,ESP32_GREENHOUSE_01,2026-04-25T15:43:25.994Z,15,33.42,33,33.9,33.8,54,54,54,54,575.1,1023,265,CRYING,40.1,52,0,0,235.3,238,0,0,0,15,33.8,54,265,CRYING,0,0,238,52
69ece13b629eff016635fa8f,ESP32_GREENHOUSE_01,2026-04-25T15:43:55.994Z,15,33.45,33,33.9,33.7,54.13,54,55,54,660,1023,594,CRYING,36.7,39,0,0,232.9,232,0,0,0,15,33.7,54,594,CRYING,0,0,232,39
69ece159629eff016635fa90,ESP32_GREENHOUSE_01,2026-04-25T15:44:25.995Z,15,33.42,33.1,33.9,33.9,54.87,54,55,55,631,1023,949,CRYING,37.3,25,0,0,232.5,228,0,0,0,15,33.9,55,949,CRYING,0,0,228,25
69ece178629eff016635fa91,ESP32_GREENHOUSE_01,2026-04-25T15:44:56.002Z,15,33.57,33,33.9,33.2,55.2,55,56,55,709.2,1023,565,CRYING,34.1,40,0,0,233,235,0,0,0,15,33.2,55,565,CRYING,0,0,235,40
69ece196629eff016635fa92,ESP32_GREENHOUSE_01,2026-04-25T15:45:26.005Z,15,33.27,33,33.6,33.6,55,55,55,55,496.9,841,743,CRYING,42.5,33,0,0,234.7,236,0,0,0,15,33.6,55,743,CRYING,0,0,236,33
69ece1b4629eff016635fa93,ESP32_GREENHOUSE_01,2026-04-25T15:45:56.006Z,15,33.55,33,33.9,33,55,55,55,55,288.2,822,427,CRYING,50.7,45,0,0,228.5,222,0,0,0,15,33,55,427,CRYING,0,0,222,45
69ece1d2629eff016635fa9a,ESP32_GREENHOUSE_01,2026-04-25T15:46:26.018Z,15,33.51,33,33.9,33.3,55,55,55,55,297.9,1023,69,CRYING,50.3,59,0,0,223.5,227,1,1,2,11,33.3,55,69,CRYING,0,0,227,59
69ece1f0629eff016635faa1,ESP32_GREENHOUSE_01,2026-04-25T15:46:56.025Z,14,33.3,33,33.5,33.5,55,55,55,55,334,1023,470,CRYING,48.8,43,5,0,219.2,199,1,6,0,7,33.5,55,470,LIGHT_ACTIVITY,1,0,199,43
69ece20e629eff016635faa5,ESP32_GREENHOUSE_01,2026-04-25T15:47:26.037Z,15,33.29,33.1,33.8,33.1,55.8,55,57,57,327.2,1023,67,CRYING,48.6,58,15,0,183.1,166,0,3,0,12,33.1,57,67,CRYING,1,0,166,58
69ece22c629eff016635faa7,ESP32_GREENHOUSE_01,2026-04-25T15:47:56.049Z,15,33.36,33,33.9,33.6,56,55,57,55,439.9,944,202,CRYING,44,54,6,0,208.7,213,0,0,0,15,33.6,55,202,CRYING,0,0,213,54
69ece24a629eff016635faab,ESP32_GREENHOUSE_01,2026-04-25T15:48:26.052Z,15,33.38,33.1,33.9,33.4,55.4,55,56,56,189.2,772,63,CRYING,54.3,59,0,0,215.5,217,5,1,2,7,33.4,56,63,QUIET,0,0,217,59
69ece268629eff016635fab2,ESP32_GREENHOUSE_01,2026-04-25T15:48:56.060Z,15,33.46,33.1,33.9,33.2,55.27,55,56,55,205.4,608,81,QUIET,53.8,59,0,0,222.5,225,8,4,0,3,33.2,55,81,LIGHT_ACTIVITY,0,0,225,59
69ece286629eff016635fab3,ESP32_GREENHOUSE_01,2026-04-25T15:49:26.070Z,15,33.44,33,33.9,33,55,55,55,55,75.2,107,81,LIGHT_ACTIVITY,58.9,59,0,0,225.1,225,0,15,0,0,33,55,81,LIGHT_ACTIVITY,0,0,225,59
69ece2a4629eff016635fab4,ESP32_GREENHOUSE_01,2026-04-25T15:49:56.085Z,15,33.37,33,33.8,33.4,55,55,55,55,100.1,315,110,LIGHT_ACTIVITY,58.1,58,0,0,222.1,224,0,15,0,0,33.4,55,110,LIGHT_ACTIVITY,0,0,224,58
69ece2c2629eff016635faba,ESP32_GREENHOUSE_01,2026-04-25T15:50:26.096Z,15,33.51,33,33.9,33,55,55,55,55,263.1,788,707,LIGHT_ACTIVITY,51.7,34,0,0,223.4,219,2,9,4,0,33,55,707,RESTLESS,0,0,219,34
69ece2e0629eff016635fabc,ESP32_GREENHOUSE_01,2026-04-25T15:50:56.108Z,14,33.34,33,33.9,33.5,55.14,55,56,55,298.3,877,301,CRYING,50.4,50,0,0,215.7,219,0,0,1,13,33.5,55,301,CRYING,0,0,219,50
69ece2fe629eff016635fabf,ESP32_GREENHOUSE_01,2026-04-25T15:51:26.109Z,15,33.39,33,33.9,33.5,55.93,55,56,56,303.5,709,209,CRYING,49.3,53,0,0,218.8,222,0,0,3,12,33.5,56,209,CRYING,0,0,222,53
69ece31c629eff016635fac0,ESP32_GREENHOUSE_01,2026-04-25T15:51:56.120Z,15,33.38,33,33.9,33.9,56,56,56,56,376,1023,133,CRYING,46.5,56,0,0,215.7,211,0,0,0,15,33.9,56,133,CRYING,0,0,211,56
69ece33a629eff016635fac1,ESP32_GREENHOUSE_01,2026-04-25T15:52:26.135Z,15,33.31,33,33.8,33.1,56,56,56,56,360.4,1023,75,CRYING,47.2,58,0,0,209.2,213,0,0,0,15,33.1,56,75,CRYING,0,0,213,58
69ece358629eff016635fac2,ESP32_GREENHOUSE_01,2026-04-25T15:52:56.139Z,15,33.41,33.2,33.8,33.2,56,56,56,56,401.5,1023,743,CRYING,45.5,32,0,0,213.9,214,0,0,0,15,33.2,56,743,CRYING,0,0,214,32
69ece376629eff016635fac3,ESP32_GREENHOUSE_01,2026-04-25T15:53:26.151Z,15,33.42,33.2,33.9,33.3,56,56,56,56,639.5,1023,1023,CRYING,36.1,21,0,0,212.9,211,0,0,0,15,33.3,56,1023,CRYING,0,0,211,21
69ece394629eff016635fac4,ESP32_GREENHOUSE_01,2026-04-25T15:53:56.165Z,15,33.47,33,33.9,33.4,56.07,56,57,56,471.1,1023,208,CRYING,42.7,53,0,0,213.7,212,0,0,0,15,33.4,56,208,CRYING,0,0,212,53
69ece3b2629eff016635fac5,ESP32_GREENHOUSE_01,2026-04-25T15:54:26.170Z,15,33.51,33.2,33.9,33.8,56.13,56,57,56,532.1,1023,772,CRYING,40.5,31,0,0,209.8,210,0,0,0,15,33.8,56,772,CRYING,0,0,210,31
69ece3d0629eff016635fac6,ESP32_GREENHOUSE_01,2026-04-25T15:54:56.177Z,14,33.47,33.2,33.9,33.3,56.57,56,57,56,328.6,1023,116,CRYING,48,57,0,0,213.7,215,0,0,0,14,33.3,56,116,CRYING,0,0,215,57
69ece3ee629eff016635faca,ESP32_GREENHOUSE_01,2026-04-25T15:55:26.186Z,15,33.37,33,33.7,33,56,56,56,56,347.8,1023,608,CRYING,47.5,37,0,0,212.9,203,0,3,0,12,33,56,608,LIGHT_ACTIVITY,0,0,203,37
69ece40c629eff016635fad3,ESP32_GREENHOUSE_01,2026-04-25T15:55:56.199Z,15,33.52,33,33.9,33,56.07,56,57,56,261.3,741,368,RESTLESS,51.1,47,0,0,210.5,208,0,5,7,3,33,56,368,RESTLESS,0,0,208,47
69ece42a629eff016635fad5,ESP32_GREENHOUSE_01,2026-04-25T15:56:26.201Z,15,33.5,33,33.9,33.3,56,56,56,56,410.4,1023,248,CRYING,45.1,52,0,0,210.7,214,0,0,1,14,33.3,56,248,CRYING,0,0,214,52
69ece448629eff016635fadc,ESP32_GREENHOUSE_01,2026-04-25T15:56:56.214Z,15,33.36,33,33.8,33.2,56,56,56,56,220.3,629,107,RESTLESS,52.5,57,0,0,211.3,210,2,2,8,3,33.2,56,107,LIGHT_ACTIVITY,0,0,210,57
69ece466629eff016635fadf,ESP32_GREENHOUSE_01,2026-04-25T15:57:26.225Z,15,33.49,33,33.9,33.5,56,56,56,56,452.7,1023,1023,CRYING,43.6,21,0,0,217.4,217,0,1,5,9,33.5,56,1023,CRYING,0,0,217,21
69ece484629eff016635fae0,ESP32_GREENHOUSE_01,2026-04-25T15:57:56.226Z,15,33.57,33.1,33.9,33.9,56,56,56,56,445.8,1023,816,CRYING,43.8,29,0,0,216,216,0,0,0,15,33.9,56,816,CRYING,0,0,216,29
69ece4a2629eff016635fae4,ESP32_GREENHOUSE_01,2026-04-25T15:58:26.230Z,14,33.56,33,33.9,33.6,56,56,56,56,213.9,542,149,CRYING,52.8,55,0,0,216.2,216,0,1,1,12,33.6,56,149,RESTLESS,0,0,216,55
69ece4c0629eff016635faeb,ESP32_GREENHOUSE_01,2026-04-25T15:58:56.245Z,15,33.53,33.1,33.9,33.8,56,56,56,56,269.2,1023,115,CRYING,50.7,57,13,0,208.1,218,3,0,5,7,33.8,56,115,CRYING,1,0,218,57
69ece4de629eff016635faee,ESP32_GREENHOUSE_01,2026-04-25T15:59:26.247Z,15,33.43,33,33.9,33.5,56,56,56,56,267.4,646,170,CRYING,50.8,55,3,0,223.4,226,0,0,6,9,33.5,56,170,RESTLESS,0,0,226,55
69ece4fc629eff016635faf2,ESP32_GREENHOUSE_01,2026-04-25T15:59:56.256Z,15,33.39,33,33.9,33.1,56,56,56,56,410.3,1023,429,CRYING,45.1,44,0,0,224.3,222,0,0,4,11,33.1,56,429,CRYING,0,0,222,44
69ece51a629eff016635faf3,ESP32_GREENHOUSE_01,2026-04-25T16:00:26.258Z,15,33.33,33,33.9,33.4,56,56,56,56,360.9,642,258,CRYING,47.1,51,0,0,221.9,221,0,0,0,15,33.4,56,258,CRYING,0,0,221,51
69ece538629eff016635faf4,ESP32_GREENHOUSE_01,2026-04-25T16:00:56.264Z,15,33.41,33,33.9,33.8,56,56,56,56,376.6,1023,398,CRYING,46.5,46,0,0,224.9,227,0,0,0,15,33.8,56,398,CRYING,0,0,227,46
69ece556629eff016635faf8,ESP32_GREENHOUSE_01,2026-04-25T16:01:26.275Z,15,33.44,33,33.9,33,56,56,56,56,263.2,959,104,LIGHT_ACTIVITY,51.1,57,0,0,226.3,229,0,10,0,5,33,56,104,LIGHT_ACTIVITY,0,0,229,57
69ece574629eff016635fb02,ESP32_GREENHOUSE_01,2026-04-25T16:01:56.289Z,15,33.61,33,33.9,33.8,56,56,56,56,229.9,655,165,LIGHT_ACTIVITY,52.3,55,0,0,227.8,227,0,10,1,4,33.8,56,165,RESTLESS,0,0,227,55
69ece592629eff016635fb05,ESP32_GREENHOUSE_01,2026-04-25T16:02:26.296Z,14,33.6,33,33.9,33,56,56,56,56,302.7,705,278,LIGHT_ACTIVITY,49.4,50,0,0,221.5,221,0,11,0,3,33,56,278,CRYING,0,0,221,50
69ece5b0629eff016635fb08,ESP32_GREENHOUSE_01,2026-04-25T16:02:56.303Z,15,33.38,33,33.8,33.5,56,56,56,56,250.3,567,567,CRYING,51.4,39,0,0,221.4,222,0,0,1,14,33.5,56,567,CRYING,0,0,222,39
69ece5ce629eff016635fb11,ESP32_GREENHOUSE_01,2026-04-25T16:03:26.313Z,15,33.41,33,33.9,33.9,56,56,56,56,300.2,940,130,RESTLESS,49.4,56,0,0,221.5,222,5,0,5,5,33.9,56,130,CRYING,0,0,222,56
69ece5ec629eff016635fb14,ESP32_GREENHOUSE_01,2026-04-25T16:03:56.314Z,15,33.25,33,33.9,33.3,56,56,56,56,294.9,1023,168,CRYING,49.7,55,0,0,221.9,222,0,0,1,14,33.3,56,168,CRYING,0,0,222,55
69ece60a629eff016635fb18,ESP32_GREENHOUSE_01,2026-04-25T16:04:26.326Z,15,33.31,33,33.7,33.1,56,56,56,56,243,707,142,CRYING,51.8,56,0,0,223.1,226,1,2,2,10,33.1,56,142,LIGHT_ACTIVITY,0,0,226,56
69ece628629eff016635fb20,ESP32_GREENHOUSE_01,2026-04-25T16:04:56.328Z,15,33.37,33,33.8,33.8,56,56,56,56,242.1,646,196,CRYING,51.9,54,0,0,227.3,228,1,3,3,8,33.8,56,196,CRYING,0,0,228,54
69ece646629eff016635fb29,ESP32_GREENHOUSE_01,2026-04-25T16:05:26.340Z,15,33.44,33,33.8,33,55.93,55,56,56,254.7,700,162,RESTLESS,51.3,55,0,0,227.8,228,1,0,9,5,33,56,162,CRYING,0,0,228,55
69ece664629eff016635fb2e,ESP32_GREENHOUSE_01,2026-04-25T16:05:56.347Z,15,33.37,33,33.9,33.2,55.4,55,56,56,319.1,600,350,CRYING,49.2,48,0,0,224.4,219,0,0,5,10,33.2,56,350,CRYING,0,0,219,48
69ece682629eff016635fb32,ESP32_GREENHOUSE_01,2026-04-25T16:06:26.356Z,14,33.4,33,33.9,33,56,56,56,56,256.5,1023,287,CRYING,51.2,50,0,0,221.4,224,0,4,2,8,33,56,287,LIGHT_ACTIVITY,0,0,224,50
69ece6a0629eff016635fb35,ESP32_GREENHOUSE_01,2026-04-25T16:06:56.370Z,15,33.37,33,33.9,33.2,56,56,56,56,312.6,735,479,CRYING,49,43,3,0,218,201,0,2,0,13,33.2,56,479,CRYING,1,0,201,43
69ece6be629eff016635fb39,ESP32_GREENHOUSE_01,2026-04-25T16:07:26.376Z,15,33.42,33,33.9,33.4,56,56,56,56,206.3,1023,205,RESTLESS,53.2,53,10,0,215.1,220,0,5,8,2,33.4,56,205,LIGHT_ACTIVITY,0,0,220,53
69ece6dc629eff016635fb3d,ESP32_GREENHOUSE_01,2026-04-25T16:07:56.386Z,15,33.21,33,33.9,33.1,56,56,56,56,289.4,660,331,CRYING,49.9,48,0,0,219.2,219,0,5,3,7,33.1,56,331,CRYING,0,0,219,48
69ece6fa629eff016635fb3e,ESP32_GREENHOUSE_01,2026-04-25T16:08:26.387Z,15,33.35,33,33.9,33.4,56,56,56,56,521.9,1023,394,CRYING,40.8,46,0,0,219.9,222,0,0,0,15,33.4,56,394,CRYING,0,0,222,46
69ece718629eff016635fb3f,ESP32_GREENHOUSE_01,2026-04-25T16:08:56.397Z,15,33.41,33,33.9,33.2,56,56,56,56,417.1,1023,1023,CRYING,45,21,0,0,224.8,225,0,0,0,15,33.2,56,1023,CRYING,0,0,225,21
69ece736629eff016635fb40,ESP32_GREENHOUSE_01,2026-04-25T16:09:26.399Z,15,33.33,33,33.9,33.3,56,56,56,56,555.4,1023,371,CRYING,39.5,47,0,0,223.9,223,0,0,0,15,33.3,56,371,CRYING,0,0,223,47
69ece754629eff016635fb41,ESP32_GREENHOUSE_01,2026-04-25T16:09:56.402Z,14,33.54,33.2,33.9,33.9,56,56,56,56,381.4,898,113,CRYING,46.2,57,0,0,223.1,225,0,0,0,14,33.9,56,113,CRYING,0,0,225,57
69ece772629eff016635fb45,ESP32_GREENHOUSE_01,2026-04-25T16:10:26.407Z,15,33.44,33,33.9,33.8,56,56,56,56,267.6,488,89,CRYING,50.7,58,0,0,219.8,214,2,0,1,12,33.8,56,89,QUIET,0,0,214,58
69ece790629eff016635fb4c,ESP32_GREENHOUSE_01,2026-04-25T16:10:56.410Z,15,33.32,33.1,33.8,33.2,56.93,56,57,57,588.3,1023,879,CRYING,37.7,26,15,0,199.4,214,0,0,4,11,33.2,57,879,CRYING,1,0,214,26
69ece7ae629eff016635fb4e,ESP32_GREENHOUSE_01,2026-04-25T16:11:26.421Z,15,32.95,32.1,33.8,32.1,56.93,56,57,57,582.1,1023,411,CRYING,38,46,4,0,203.4,212,0,0,0,15,32.1,57,411,CRYING,0,0,212,46
69ece7cc629eff016635fb4f,ESP32_GREENHOUSE_01,2026-04-25T16:11:56.435Z,15,32.37,32,32.8,32.2,57,57,57,57,442,1023,937,CRYING,43.9,25,0,0,204.5,206,0,0,0,15,32.2,57,937,CRYING,0,0,206,25
69ece7ea629eff016635fb50,ESP32_GREENHOUSE_01,2026-04-25T16:12:26.437Z,15,32.34,32,32.9,32.2,57,57,57,57,410.2,1023,570,CRYING,45.2,39,0,0,207.6,208,0,0,0,15,32.2,57,570,CRYING,0,0,208,39
69ece808629eff016635fb53,ESP32_GREENHOUSE_01,2026-04-25T16:12:56.441Z,15,32.64,32,33.9,33.8,57,57,57,57,347.5,1023,117,CRYING,47.4,56,5,0,223.3,225,0,0,0,15,33.8,57,117,CRYING,0,0,225,56
69ece826629eff016635fb54,ESP32_GREENHOUSE_01,2026-04-25T16:13:26.447Z,15,33.37,33,33.9,33.6,56.87,56,57,57,421.1,1023,493,CRYING,44.2,41,0,0,223.1,224,0,0,0,15,33.6,57,493,CRYING,0,0,224,41
69ece844629eff016635fb55,ESP32_GREENHOUSE_01,2026-04-25T16:13:56.460Z,14,33.37,33,33.8,33.8,56.43,56,57,56,314.5,1023,332,CRYING,48.7,48,0,0,223.4,224,0,0,0,14,33.8,56,332,CRYING,0,0,224,48
69ece862629eff016635fb5c,ESP32_GREENHOUSE_01,2026-04-25T16:14:26.465Z,15,32.77,32.2,33.8,32.3,56.53,56,57,57,201.6,580,125,RESTLESS,53.3,56,0,0,223,222,5,0,7,3,32.3,57,125,QUIET,0,0,222,56
69ece880629eff016635fb64,ESP32_GREENHOUSE_01,2026-04-25T16:14:56.476Z,15,32.33,32,32.9,32.9,57,57,57,57,217,504,259,RESTLESS,52.9,50,0,0,224.3,224,4,0,8,3,32.9,57,259,CRYING,0,0,224,50
69ece89e629eff016635fb69,ESP32_GREENHOUSE_01,2026-04-25T16:15:26.491Z,15,32.51,32,32.9,32.4,57,57,57,57,180.3,326,291,QUIET,54,50,0,0,223.5,225,10,0,4,1,32.4,57,291,RESTLESS,0,0,225,50
69ece8bc629eff016635fb6c,ESP32_GREENHOUSE_01,2026-04-25T16:15:56.495Z,15,32.35,32,32.9,32.5,57,57,57,57,205.9,384,73,RESTLESS,53.2,58,0,0,224.7,224,1,0,14,0,32.5,57,73,RESTLESS,0,0,224,58
69ece8da629eff016635fb6f,ESP32_GREENHOUSE_01,2026-04-25T16:16:26.504Z,15,32.35,32,32.8,32.4,57,57,57,57,143.5,450,156,RESTLESS,55.7,55,0,0,224,224,1,0,14,0,32.4,57,156,RESTLESS,0,0,224,55
69ece8f8629eff016635fb70,ESP32_GREENHOUSE_01,2026-04-25T16:16:56.512Z,15,32.53,32,32.9,32.5,57,57,57,57,126.1,216,85,RESTLESS,55.9,57,0,0,223.6,224,0,0,15,0,32.5,57,85,RESTLESS,0,0,224,57
69ece916629eff016635fb73,ESP32_GREENHOUSE_01,2026-04-25T16:17:26.513Z,15,32.47,32.1,32.8,32.6,57,57,57,57,126.1,208,63,LIGHT_ACTIVITY,56,58,0,0,223.9,224,0,12,3,0,32.6,57,63,RESTLESS,0,0,224,58
69ece934629eff016635fb75,ESP32_GREENHOUSE_01,2026-04-25T16:17:56.522Z,14,32.41,32,32.9,32.5,57,57,57,57,213.6,655,655,QUIET,52.6,35,0,0,223.5,224,9,0,5,0,32.5,57,655,QUIET,0,0,224,35
69ece952629eff016635fb7b,ESP32_GREENHOUSE_01,2026-04-25T16:18:26.533Z,15,32.51,32,32.9,32.6,57,57,57,57,263.8,761,311,QUIET,50.6,48,0,0,223.9,224,6,0,3,6,32.6,57,311,RESTLESS,0,0,224,48
69ece970629eff016635fb81,ESP32_GREENHOUSE_01,2026-04-25T16:18:56.549Z,15,32.51,32,32.9,32,57,57,57,57,225.7,786,411,RESTLESS,52.1,46,0,0,226.7,224,4,4,7,0,32,57,411,LIGHT_ACTIVITY,0,0,224,46
69ece98e629eff016635fb83,ESP32_GREENHOUSE_01,2026-04-25T16:19:26.549Z,15,32.49,32,32.9,32.8,57,57,57,57,266.1,619,170,CRYING,50.7,54,0,0,227.2,227,0,1,0,14,32.8,57,170,CRYING,0,0,227,54
69ece9ac629eff016635fb86,ESP32_GREENHOUSE_01,2026-04-25T16:19:56.564Z,15,32.44,32,32.9,32.1,57,57,57,57,163.8,416,67,RESTLESS,54.7,59,0,0,226.3,228,1,0,12,2,32.1,57,67,RESTLESS,0,0,228,59
69ece9ca629eff016635fb89,ESP32_GREENHOUSE_01,2026-04-25T16:20:26.567Z,15,32.45,32,32.9,32.3,56.6,56,57,56,157.8,331,316,RESTLESS,55.1,49,0,0,228.4,229,1,0,14,0,32.3,56,316,RESTLESS,0,0,229,49
69ece9e8629eff016635fb8d,ESP32_GREENHOUSE_01,2026-04-25T16:20:56.567Z,15,32.39,32,32.9,32.7,56.73,56,57,57,229.6,1023,159,RESTLESS,52.4,54,0,0,227.5,227,2,0,12,1,32.7,57,159,QUIET,0,0,227,54
69ecea06629eff016635fb90,ESP32_GREENHOUSE_01,2026-04-25T16:21:26.573Z,14,32.34,32,32.7,32.7,56.93,56,57,57,354.1,1023,230,CRYING,47.3,52,0,0,227.4,229,0,0,3,11,32.7,57,230,CRYING,0,0,229,52
69ecea24629eff016635fb93,ESP32_GREENHOUSE_01,2026-04-25T16:21:56.579Z,15,32.41,32,32.9,32.1,57,57,57,57,242.5,1023,157,CRYING,51.7,56,0,0,229.6,229,0,3,5,7,32.1,57,157,LIGHT_ACTIVITY,0,0,229,56
69ecea42629eff016635fb95,ESP32_GREENHOUSE_01,2026-04-25T16:22:26.584Z,15,32.53,32.1,32.9,32.6,57,57,57,57,174.1,406,277,LIGHT_ACTIVITY,54.1,50,0,0,229.9,231,0,11,4,0,32.6,57,277,RESTLESS,0,0,231,50
69ecea60629eff016635fb96,ESP32_GREENHOUSE_01,2026-04-25T16:22:56.591Z,15,32.47,32.1,32.8,32.8,57,57,57,57,207.6,355,153,RESTLESS,52.9,55,0,0,231.5,230,0,0,15,0,32.8,57,153,RESTLESS,0,0,230,55
69ecea7e629eff016635fb9a,ESP32_GREENHOUSE_01,2026-04-25T16:23:26.595Z,15,32.39,32.1,32.8,32.3,57,57,57,57,383.9,1023,803,RESTLESS,46.1,30,0,0,227.1,227,0,0,8,7,32.3,57,803,CRYING,0,0,227,30
69ecea9c629eff016635fb9b,ESP32_GREENHOUSE_01,2026-04-25T16:23:56.606Z,15,32.72,32.1,33.9,33.7,56.8,56,57,56,230.9,1023,234,CRYING,52.1,52,0,0,228.7,239,0,0,0,15,33.7,56,234,CRYING,0,0,239,52
69eceaba629eff016635fb9f,ESP32_GREENHOUSE_01,2026-04-25T16:24:26.619Z,15,33.49,33.1,33.8,33.8,56,56,56,56,196.1,568,136,RESTLESS,53.6,56,0,0,238.1,237,1,0,9,5,33.8,56,136,RESTLESS,0,0,237,56
69eceaf174d6846bffeb683c,ESP32_GREENHOUSE_01,2026-04-25T16:25:21.502Z,14,32.38,32.1,32.8,32.4,57,57,57,57,504.9,1023,1023,CRYING,41.5,21,0,0,234.3,234,0,5,0,9,32.4,57,1023,CRYING,0,0,234,21
69eceb0f74d6846bffeb683d,ESP32_GREENHOUSE_01,2026-04-25T16:25:51.508Z,14,32.33,32,32.9,32.3,57,57,57,57,418.6,926,168,CRYING,44.9,55,0,0,235,234,0,0,0,14,32.3,57,168,CRYING,0,0,234,55
69eceb2d74d6846bffeb6840,ESP32_GREENHOUSE_01,2026-04-25T16:26:21.519Z,15,32.49,32.1,32.9,32.5,57,57,57,57,325.7,1023,1023,CRYING,48.2,21,0,0,235,234,0,0,3,12,32.5,57,1023,CRYING,0,0,234,21
69eceb4b74d6846bffeb6843,ESP32_GREENHOUSE_01,2026-04-25T16:26:51.531Z,15,32.37,32.1,32.9,32.4,57,57,57,57,326.6,768,508,CRYING,48.4,41,0,0,234.3,235,0,1,0,14,32.4,57,508,CRYING,0,0,235,41
69eceb6974d6846bffeb6846,ESP32_GREENHOUSE_01,2026-04-25T16:27:21.544Z,15,32.38,32,32.8,32.8,57,57,57,57,401.2,885,322,CRYING,45.4,48,0,0,235.3,236,0,1,0,14,32.8,57,322,CRYING,0,0,236,48
69eceb8774d6846bffeb6847,ESP32_GREENHOUSE_01,2026-04-25T16:27:51.551Z,15,32.45,32.1,32.9,32.5,57,57,57,57,354.5,1023,223,CRYING,47.2,52,0,0,235.7,235,0,0,0,15,32.5,57,223,CRYING,0,0,235,52
69eceba574d6846bffeb6849,ESP32_GREENHOUSE_01,2026-04-25T16:28:21.561Z,15,32.35,32,32.9,32.3,57,57,57,57,387.1,896,139,CRYING,46.1,56,3,0,233.9,238,0,0,0,15,32.3,57,139,CRYING,1,0,238,56
69ecebc374d6846bffeb684b,ESP32_GREENHOUSE_01,2026-04-25T16:28:51.565Z,15,32.25,32,32.8,32.1,57,57,57,57,331.7,1023,103,CRYING,48.3,58,2,0,237.8,236,0,0,0,15,32.1,57,103,CRYING,0,0,236,58
69ecebe174d6846bffeb684d,ESP32_GREENHOUSE_01,2026-04-25T16:29:21.571Z,15,32.27,32,32.7,32.3,57,57,57,57,212.3,354,283,RESTLESS,53,50,0,0,238.7,239,0,0,13,2,32.3,57,283,RESTLESS,0,0,239,50
69ecebff74d6846bffeb684f,ESP32_GREENHOUSE_01,2026-04-25T16:29:51.581Z,15,32.36,32.1,32.8,32.2,57,57,57,57,331.8,645,329,CRYING,48.3,49,0,0,237.9,239,0,0,0,15,32.2,57,329,CRYING,0,0,239,49
69ecec1d74d6846bffeb6850,ESP32_GREENHOUSE_01,2026-04-25T16:30:21.590Z,14,32.43,32,32.9,32.3,57,57,57,57,248.8,664,353,CRYING,51.4,47,0,0,238.2,235,0,0,0,14,32.3,57,353,CRYING,0,0,235,47
69ecec3b74d6846bffeb6853,ESP32_GREENHOUSE_01,2026-04-25T16:30:51.603Z,15,32.42,32,32.9,32.1,57,57,57,57,335.9,654,106,CRYING,48.1,58,0,0,236.3,236,0,3,0,12,32.1,57,106,CRYING,0,0,236,58
69ecec5974d6846bffeb6856,ESP32_GREENHOUSE_01,2026-04-25T16:31:21.602Z,15,32.87,32,33.9,33.9,56.4,56,57,56,223.1,784,93,CRYING,52.7,58,0,0,236.5,237,0,6,3,6,33.9,56,93,RESTLESS,0,0,237,58
69ecec7774d6846bffeb6858,ESP32_GREENHOUSE_01,2026-04-25T16:31:51.608Z,15,33.37,33,33.6,33.2,56,56,56,56,194,676,676,LIGHT_ACTIVITY,53.7,35,0,0,237.1,237,0,11,4,0,33.2,56,676,LIGHT_ACTIVITY,0,0,237,35
69ecec9574d6846bffeb685a,ESP32_GREENHOUSE_01,2026-04-25T16:32:21.613Z,15,33.33,32.5,33.9,33.3,56,56,56,56,238.8,756,542,LIGHT_ACTIVITY,52,40,0,0,237.2,237,0,13,2,0,33.3,56,542,RESTLESS,0,0,237,40
69ececb374d6846bffeb685f,ESP32_GREENHOUSE_01,2026-04-25T16:32:51.627Z,15,33.24,32.2,33.7,33.6,56,56,56,56,179.3,387,106,RESTLESS,54.3,57,0,0,237.2,237,0,6,9,0,33.6,56,106,RESTLESS,0,0,237,57
69ececd174d6846bffeb6861,ESP32_GREENHOUSE_01,2026-04-25T16:33:21.635Z,15,32.97,32,33.9,32.6,55.87,55,56,56,264.2,707,89,LIGHT_ACTIVITY,51.2,58,0,0,237.9,243,0,12,3,0,32.6,56,89,LIGHT_ACTIVITY,0,0,243,58
69ececef74d6846bffeb6863,ESP32_GREENHOUSE_01,2026-04-25T16:33:51.642Z,15,32.51,32.1,32.8,32.5,56,56,56,56,241.7,931,204,RESTLESS,52.1,53,0,0,243.4,243,0,2,13,0,32.5,56,204,RESTLESS,0,0,243,53
69eced0d74d6846bffeb6865,ESP32_GREENHOUSE_01,2026-04-25T16:34:21.642Z,15,32.84,32,33.9,33,55.87,55,56,55,153.3,587,180,LIGHT_ACTIVITY,55.5,55,0,0,241.5,242,0,11,4,0,33,55,180,LIGHT_ACTIVITY,0,0,242,55
69eced2b74d6846bffeb6867,ESP32_GREENHOUSE_01,2026-04-25T16:34:51.655Z,14,33.41,33,33.9,33.5,55.36,55,56,56,202.3,431,113,RESTLESS,53.7,57,0,0,242.5,243,0,4,10,0,33.5,56,113,RESTLESS,0,0,243,57
69eced4974d6846bffeb6868,ESP32_GREENHOUSE_01,2026-04-25T16:35:21.656Z,15,32.94,32.1,33.9,32.1,55.47,55,56,56,195.1,463,104,RESTLESS,54.1,58,0,0,242.1,243,0,0,15,0,32.1,56,104,RESTLESS,0,0,243,58
69eced6774d6846bffeb686b,ESP32_GREENHOUSE_01,2026-04-25T16:35:51.660Z,15,32.39,32,32.6,32.6,56,56,56,56,164.5,437,109,RESTLESS,55.1,57,0,0,242.7,243,0,3,12,0,32.6,56,109,RESTLESS,0,0,243,57
69eced8574d6846bffeb686d,ESP32_GREENHOUSE_01,2026-04-25T16:36:21.674Z,15,32.45,32,32.7,32.7,56,56,56,56,219.4,564,198,LIGHT_ACTIVITY,53.1,54,0,0,242.9,243,0,15,0,0,32.7,56,198,LIGHT_ACTIVITY,0,0,243,54
69eceda374d6846bffeb6872,ESP32_GREENHOUSE_01,2026-04-25T16:36:51.679Z,15,32.38,32.1,32.8,32.4,56,56,56,56,400.3,960,432,RESTLESS,46.1,45,0,0,242.3,241,0,0,12,3,32.4,56,432,CRYING,0,0,241,45
69ecedc174d6846bffeb6875,ESP32_GREENHOUSE_01,2026-04-25T16:37:21.686Z,15,32.78,32.1,33.6,33,55.6,55,56,55,221.6,663,324,CRYING,52.9,49,0,0,242.2,243,0,1,7,7,33,55,324,RESTLESS,0,0,243,49
69eceddf74d6846bffeb687a,ESP32_GREENHOUSE_01,2026-04-25T16:37:51.687Z,15,33.29,33,33.9,33.2,55,55,55,55,224.7,510,116,RESTLESS,53.3,57,0,0,243.1,243,0,2,12,1,33.2,55,116,RESTLESS,0,0,243,57
69ecedfd74d6846bffeb687b,ESP32_GREENHOUSE_01,2026-04-25T16:38:21.702Z,15,33.37,33,33.9,33.4,55,55,55,55,157.8,418,341,RESTLESS,55.8,49,0,0,242.9,242,0,0,15,0,33.4,55,341,RESTLESS,0,0,242,49
69ecee1b74d6846bffeb6880,ESP32_GREENHOUSE_01,2026-04-25T16:38:51.707Z,14,33.39,33,33.8,33,55,55,55,55,252.1,519,361,LIGHT_ACTIVITY,51.9,48,0,0,242.8,243,1,7,5,1,33,55,361,CRYING,0,0,243,48
69ecee3974d6846bffeb6882,ESP32_GREENHOUSE_01,2026-04-25T16:39:21.712Z,15,33.31,33,33.9,33,55,55,55,55,227.5,613,551,RESTLESS,53.1,40,0,0,242.6,248,0,0,12,3,33,55,551,RESTLESS,0,0,248,40
69ecee5774d6846bffeb6883,ESP32_GREENHOUSE_01,2026-04-25T16:39:51.722Z,15,33.26,33,33.8,33.1,55,55,55,55,200.3,528,150,RESTLESS,54,56,0,0,247.7,248,0,0,15,0,33.1,55,150,RESTLESS,0,0,248,56
69ecee7574d6846bffeb6884,ESP32_GREENHOUSE_01,2026-04-25T16:40:21.729Z,8,33.23,33,33.8,33.1,55,55,55,55,122.8,178,119,RESTLESS,57.1,57,0,0,247.6,248,0,0,8,0,33.1,55,119,RESTLESS,0,0,248,57
69ecee9374d6846bffeb6888,ESP32_GREENHOUSE_01,2026-04-25T16:40:51.730Z,21,33.25,33,33.8,33.2,55,55,55,55,130.1,206,142,RESTLESS,56.8,56,0,0,248,248,1,9,11,0,33.2,55,142,RESTLESS,0,0,248,56
69eceeb174d6846bffeb6889,ESP32_GREENHOUSE_01,2026-04-25T16:41:21.734Z,13,33.45,33.1,33.9,33.1,55,55,55,55,147.7,299,187,RESTLESS,56.1,55,0,0,247.9,248,0,0,13,0,33.1,55,187,RESTLESS,0,0,248,55
69eceecf74d6846bffeb688a,ESP32_GREENHOUSE_01,2026-04-25T16:41:51.742Z,15,33.27,33,33.9,33.9,55,55,55,55,170.9,244,120,RESTLESS,55.1,57,0,0,248,248,0,0,15,0,33.9,55,120,RESTLESS,0,0,248,57
69eceeed74d6846bffeb688b,ESP32_GREENHOUSE_01,2026-04-25T16:42:21.748Z,15,33.41,33,33.8,33.8,55,55,55,55,281.7,727,205,RESTLESS,50.7,54,0,0,247.8,248,0,0,15,0,33.8,55,205,RESTLESS,0,0,248,54
69ecef0b74d6846bffeb688d,ESP32_GREENHOUSE_01,2026-04-25T16:42:51.762Z,14,33.29,33,33.8,33,55,55,55,55,144.6,216,117,RESTLESS,56.1,57,2,0,237.9,253,0,0,14,0,33,55,117,RESTLESS,1,0,253,57
69ecef2974d6846bffeb688f,ESP32_GREENHOUSE_01,2026-04-25T16:43:21.772Z,15,33.34,33,33.6,33.4,55,55,55,55,189.4,767,262,RESTLESS,54.6,52,10,0,252.5,254,0,0,15,0,33.4,55,262,RESTLESS,0,0,254,52
69ecef4774d6846bffeb6893,ESP32_GREENHOUSE_01,2026-04-25T16:43:51.776Z,15,33.41,33,33.9,33.3,55,55,55,55,242.7,725,190,RESTLESS,52.3,54,10,0,254,254,0,0,15,0,33.3,55,190,RESTLESS,1,0,254,54
69ecef6574d6846bffeb6895,ESP32_GREENHOUSE_01,2026-04-25T16:44:21.783Z,15,32.86,32.2,33.8,32.5,55.6,55,56,56,211.3,688,132,RESTLESS,53.3,56,1,0,253.9,254,0,0,15,0,32.5,56,132,RESTLESS,0,0,254,56
69ecef8374d6846bffeb689a,ESP32_GREENHOUSE_01,2026-04-25T16:44:51.794Z,15,32.56,32,33.7,32.5,55.4,55,56,55,316.9,857,133,RESTLESS,49.6,57,9,0,254,255,0,0,12,3,32.5,55,133,CRYING,1,0,255,57
69ecefa174d6846bffeb68a2,ESP32_GREENHOUSE_01,2026-04-25T16:45:21.796Z,15,32.42,32,32.9,32.3,55.27,55,56,56,388.5,1023,147,RESTLESS,47.1,56,13,0,251.2,251,0,0,10,5,32.3,56,147,CRYING,0,0,251,56
69ecefbf74d6846bffeb68a4,ESP32_GREENHOUSE_01,2026-04-25T16:45:51.805Z,15,32.41,32,32.9,32,56,56,56,56,233.5,647,209,CRYING,52.6,54,0,0,250.2,250,0,0,5,10,32,56,209,RESTLESS,0,0,250,54
69ecefdd74d6846bffeb68a6,ESP32_GREENHOUSE_01,2026-04-25T16:46:21.817Z,15,32.39,32.1,32.9,32.9,56.47,56,57,57,252.8,750,89,RESTLESS,51.5,57,0,0,252.3,253,0,2,13,0,32.9,57,89,LIGHT_ACTIVITY,0,0,253,57
69eceffb74d6846bffeb68aa,ESP32_GREENHOUSE_01,2026-04-25T16:46:51.826Z,15,32.41,32,32.9,32,56.87,56,57,57,305.4,1023,1023,LIGHT_ACTIVITY,49.3,22,6,0,253.2,254,0,15,0,0,32,57,1023,LIGHT_ACTIVITY,1,0,254,22
69ecf01974d6846bffeb68ae,ESP32_GREENHOUSE_01,2026-04-25T16:47:21.837Z,15,32.37,32,32.9,32.3,56.6,56,57,56,198.1,572,361,LIGHT_ACTIVITY,53.8,48,8,0,249.8,250,0,15,0,0,32.3,56,361,LIGHT_ACTIVITY,0,0,250,48
69ecf03774d6846bffeb68b2,ESP32_GREENHOUSE_01,2026-04-25T16:47:51.838Z,14,32.28,32,32.9,32.3,56.71,56,57,57,378.8,851,617,LIGHT_ACTIVITY,46.7,37,4,0,252.4,253,0,11,0,3,32.3,57,617,CRYING,0,0,253,37
69ecf05574d6846bffeb68b4,ESP32_GREENHOUSE_01,2026-04-25T16:48:21.846Z,15,32.45,32.1,32.8,32.2,57,57,57,57,410.6,1023,224,CRYING,45,53,4,0,253,253,0,0,0,15,32.2,57,224,CRYING,1,0,253,53
69ecf07374d6846bffeb68ba,ESP32_GREENHOUSE_01,2026-04-25T16:48:51.859Z,15,32.27,32,32.7,32.4,57,57,57,57,262.7,627,122,CRYING,51.1,56,11,0,253.1,253,0,0,6,9,32.4,57,122,RESTLESS,1,0,253,56
69ecf09174d6846bffeb68c0,ESP32_GREENHOUSE_01,2026-04-25T16:49:21.864Z,15,32.3,32.1,32.8,32.4,57,57,57,57,185.7,428,186,RESTLESS,54.1,54,8,0,254.3,256,0,0,15,0,32.4,57,186,RESTLESS,0,0,256,54
69ecf0af74d6846bffeb68c4,ESP32_GREENHOUSE_01,2026-04-25T16:49:51.865Z,15,32.33,32.1,32.8,32.2,57,57,57,57,333.5,640,98,RESTLESS,48.1,58,10,0,254.7,254,0,0,12,3,32.2,57,98,CRYING,0,0,254,58
69ecf0cd74d6846bffeb68c8,ESP32_GREENHOUSE_01,2026-04-25T16:50:21.868Z,15,32.45,32.1,32.9,32.4,57,57,57,57,247.7,541,282,RESTLESS,51.3,50,3,0,253.3,253,0,0,10,5,32.4,57,282,RESTLESS,0,0,253,50
69ecf0eb74d6846bffeb68cc,ESP32_GREENHOUSE_01,2026-04-25T16:50:51.874Z,15,32.31,32,32.8,32,57,57,57,57,444.6,1023,339,CRYING,43.9,49,6,0,253.3,253,0,0,7,8,32,57,339,CRYING,0,0,253,49
69ecf10974d6846bffeb68cf,ESP32_GREENHOUSE_01,2026-04-25T16:51:21.886Z,15,32.55,32.3,32.9,32.5,57,57,57,57,494.6,1023,807,CRYING,41.3,29,5,0,252.9,253,0,0,0,15,32.5,57,807,CRYING,0,0,253,29
69ecf12774d6846bffeb68d3,ESP32_GREENHOUSE_01,2026-04-25T16:51:51.890Z,14,32.46,32.2,32.8,32.5,57,57,57,57,360.4,909,170,CRYING,46.8,54,12,0,253.2,253,0,0,0,14,32.5,57,170,CRYING,1,0,253,54
69ecf14574d6846bffeb68d7,ESP32_GREENHOUSE_01,2026-04-25T16:52:21.896Z,15,32.43,32.2,32.8,32.5,57,57,57,57,604.5,1023,270,CRYING,37.4,50,8,0,252.9,252,0,0,0,15,32.5,57,270,CRYING,0,0,252,50
69ecf16374d6846bffeb68dd,ESP32_GREENHOUSE_01,2026-04-25T16:52:51.898Z,15,32.5,32,32.9,32.9,57,57,57,57,241.6,513,174,CRYING,51.6,54,11,0,253.1,253,0,0,5,10,32.9,57,174,RESTLESS,0,0,253,54
69ecf18174d6846bffeb68e0,ESP32_GREENHOUSE_01,2026-04-25T16:53:21.910Z,15,32.48,32,32.9,32.4,57,57,57,57,267.5,1023,237,RESTLESS,50.5,52,5,0,250.6,252,0,0,15,0,32.4,57,237,RESTLESS,0,0,252,52
69ecf19f74d6846bffeb68e6,ESP32_GREENHOUSE_01,2026-04-25T16:53:51.922Z,15,32.51,32,32.9,32.6,57,57,57,57,299.5,656,114,RESTLESS,49.2,56,9,0,250.6,249,0,1,9,5,32.6,57,114,RESTLESS,0,0,249,56
69ecf1bd74d6846bffeb68eb,ESP32_GREENHOUSE_01,2026-04-25T16:54:21.931Z,15,32.47,32,32.9,32.7,57,57,57,57,282.8,537,107,RESTLESS,50,56,0,0,248.9,249,0,0,11,4,32.7,57,107,RESTLESS,0,0,249,56
69ecf1db74d6846bffeb68ef,ESP32_GREENHOUSE_01,2026-04-25T16:54:51.940Z,15,32.29,32,32.7,32.7,57,57,57,57,390.7,1023,421,CRYING,45.9,44,7,0,248.8,250,0,0,6,9,32.7,57,421,CRYING,0,0,250,44
69ecf1f974d6846bffeb68f1,ESP32_GREENHOUSE_01,2026-04-25T16:55:21.946Z,15,32.34,32.1,32.8,32.2,57,57,57,57,253.3,637,113,RESTLESS,51.4,57,0,0,250.8,250,0,0,11,4,32.2,57,113,RESTLESS,0,0,250,57
69ecf21774d6846bffeb68f2,ESP32_GREENHOUSE_01,2026-04-25T16:55:51.950Z,15,32.31,32,32.7,32.3,57,57,57,57,231.5,1023,1023,RESTLESS,52.2,21,0,0,249.9,250,0,0,15,0,32.3,57,1023,RESTLESS,0,0,250,21
69ecf23574d6846bffeb68f5,ESP32_GREENHOUSE_01,2026-04-25T16:56:21.964Z,14,32.39,32,32.9,32.6,57,57,57,57,255.8,690,351,RESTLESS,51.2,47,3,0,251.7,250,0,0,14,0,32.6,57,351,RESTLESS,0,0,250,47
69ecf25374d6846bffeb68f9,ESP32_GREENHOUSE_01,2026-04-25T16:56:51.971Z,15,32.34,32,32.8,32.8,57,57,57,57,491.3,1023,140,CRYING,42.1,55,10,0,246.7,250,0,2,4,9,32.8,57,140,CRYING,1,0,250,55
69ecf27174d6846bffeb68fe,ESP32_GREENHOUSE_01,2026-04-25T16:57:21.973Z,15,32.3,32,32.8,32.5,57,57,57,57,357.1,1023,94,CRYING,47.3,57,6,0,248.1,247,0,3,6,6,32.5,57,94,LIGHT_ACTIVITY,1,0,247,57
69ecf28f74d6846bffeb6902,ESP32_GREENHOUSE_01,2026-04-25T16:57:51.975Z,15,32.35,32,32.8,32.7,57,57,57,57,471.7,1023,1023,CRYING,42.8,21,15,0,227.4,224,0,3,0,12,32.7,57,1023,CRYING,1,0,224,21
69ecf2ad74d6846bffeb6903,ESP32_GREENHOUSE_01,2026-04-25T16:58:21.980Z,15,32.41,32,32.9,32.8,57.6,57,58,58,447.7,1023,152,CRYING,43.1,54,15,0,202.7,143,0,0,0,15,32.8,58,152,CRYING,1,0,143,54
69ecf2cb74d6846bffeb6908,ESP32_GREENHOUSE_01,2026-04-25T16:58:51.984Z,15,33.08,32.1,33.6,33.2,57.27,57,58,57,234.1,627,220,RESTLESS,51.6,52,14,0,146.5,199,0,0,12,3,33.2,57,220,RESTLESS,0,0,199,52
69ecf2e974d6846bffeb6909,ESP32_GREENHOUSE_01,2026-04-25T16:59:21.995Z,15,33.33,33,33.7,33.3,56.33,56,57,56,192.4,440,160,RESTLESS,53.6,55,0,0,196.6,199,0,0,15,0,33.3,56,160,RESTLESS,0,0,199,55
69ecf30874d6846bffeb690b,ESP32_GREENHOUSE_01,2026-04-25T16:59:52.010Z,15,33.34,33.2,33.8,33.3,56,56,56,56,351.4,897,104,RESTLESS,47.5,57,0,0,195.8,195,0,0,8,7,33.3,56,104,CRYING,0,0,195,57
69ecf32674d6846bffeb6912,ESP32_GREENHOUSE_01,2026-04-25T17:00:22.022Z,15,33.38,33,33.9,33.9,56,56,56,56,236.7,946,245,RESTLESS,52,52,0,0,197.5,197,0,6,7,2,33.9,56,245,RESTLESS,0,0,197,52
69ecf34474d6846bffeb6917,ESP32_GREENHOUSE_01,2026-04-25T17:00:52.034Z,14,33.34,33.1,33.8,33.2,56,56,56,56,442.9,1023,155,CRYING,43.9,55,0,0,196.6,197,3,4,1,6,33.2,56,155,CRYING,0,0,197,55
69ecf36274d6846bffeb6919,ESP32_GREENHOUSE_01,2026-04-25T17:01:22.035Z,15,33.3,33.1,33.8,33.8,56,56,56,56,264.3,838,93,CRYING,50.9,58,0,0,197.4,199,0,5,0,10,33.8,56,93,LIGHT_ACTIVITY,0,0,199,58
69ecf38074d6846bffeb691b,ESP32_GREENHOUSE_01,2026-04-25T17:01:52.038Z,15,33.34,33.1,33.8,33.2,56,56,56,56,294.5,772,386,LIGHT_ACTIVITY,49.7,46,0,0,199.5,200,0,14,0,1,33.2,56,386,CRYING,0,0,200,46
69ecf39e74d6846bffeb691c,ESP32_GREENHOUSE_01,2026-04-25T17:02:22.043Z,15,33.41,33.1,33.8,33.8,56,56,56,56,403.8,1013,523,CRYING,45.5,41,0,0,201.4,199,0,0,0,15,33.8,56,523,CRYING,0,0,199,41
69ecf3bc74d6846bffeb691d,ESP32_GREENHOUSE_01,2026-04-25T17:02:52.053Z,15,33.38,33,33.9,33,56,56,56,56,317.6,1023,497,CRYING,48.8,42,0,0,193.7,198,0,0,0,15,33,56,497,CRYING,0,0,198,42
69ecf3da74d6846bffeb6920,ESP32_GREENHOUSE_01,2026-04-25T17:03:22.059Z,15,33.47,33,33.9,33.2,56,56,56,56,424.5,867,853,CRYING,44.7,28,0,0,198.7,199,0,1,0,14,33.2,56,853,CRYING,0,0,199,28
69ecf3f874d6846bffeb6922,ESP32_GREENHOUSE_01,2026-04-25T17:03:52.061Z,15,33.6,33.1,33.9,33.5,56,56,56,56,242.5,805,194,CRYING,51.8,54,0,0,199.4,199,0,0,6,9,33.5,56,194,RESTLESS,0,0,199,54
69ecf41674d6846bffeb6927,ESP32_GREENHOUSE_01,2026-04-25T17:04:22.066Z,15,33.47,33.3,33.8,33.4,56,56,56,56,353.8,645,305,CRYING,47.4,49,0,0,200.3,199,3,1,4,7,33.4,56,305,CRYING,0,0,199,49
69ecf43474d6846bffeb6929,ESP32_GREENHOUSE_01,2026-04-25T17:04:52.078Z,14,32.75,32.2,33.9,32.7,56.64,56,57,57,302.4,874,112,CRYING,49.5,56,0,0,197.8,198,0,1,0,13,32.7,57,112,LIGHT_ACTIVITY,0,0,198,56
69ecf45274d6846bffeb692e,ESP32_GREENHOUSE_01,2026-04-25T17:05:22.083Z,15,32.52,32,32.9,32.4,57,57,57,57,316.3,960,161,RESTLESS,48.4,55,0,0,200.9,196,0,4,6,5,32.4,57,161,CRYING,0,0,196,55
69ecf47074d6846bffeb6931,ESP32_GREENHOUSE_01,2026-04-25T17:05:52.089Z,15,32.15,32,32.4,32.2,57,57,57,57,314.8,834,282,CRYING,49.3,50,0,0,196.5,201,0,0,3,12,32.2,57,282,CRYING,0,0,201,50
69ecf48e74d6846bffeb6934,ESP32_GREENHOUSE_01,2026-04-25T17:06:22.094Z,15,32.25,32,32.7,32,57,57,57,57,339.9,973,251,CRYING,47.9,52,0,0,199.7,197,0,0,5,10,32,57,251,CRYING,0,0,197,52
69ecf4ac74d6846bffeb6937,ESP32_GREENHOUSE_01,2026-04-25T17:06:52.108Z,15,32.29,32,32.9,32.9,57,57,57,57,334.7,995,95,CRYING,48.1,57,0,0,196.1,196,0,0,1,14,32.9,57,95,CRYING,0,0,196,57
69ecf4ca74d6846bffeb693b,ESP32_GREENHOUSE_01,2026-04-25T17:07:22.123Z,15,32.53,32,32.9,32.2,57,57,57,57,248.2,810,185,LIGHT_ACTIVITY,51.3,54,0,0,197.3,196,2,7,1,5,32.2,57,185,RESTLESS,0,0,196,54
69ecf4e874d6846bffeb693f,ESP32_GREENHOUSE_01,2026-04-25T17:07:52.127Z,15,32.53,32,32.9,32.5,57,57,57,57,403.1,1023,215,RESTLESS,45.2,52,0,0,195.3,191,0,0,8,7,32.5,57,215,CRYING,0,0,191,52
69ecf50674d6846bffeb6941,ESP32_GREENHOUSE_01,2026-04-25T17:08:22.134Z,15,32.56,32.1,32.8,32.8,57,57,57,57,315,795,124,CRYING,48.5,56,0,0,186.9,184,0,0,2,13,32.8,57,124,RESTLESS,0,0,184,56
69ecf52474d6846bffeb6942,ESP32_GREENHOUSE_01,2026-04-25T17:08:52.141Z,14,32.42,32,32.9,32.1,57.21,57,58,57,279.2,1023,78,RESTLESS,49.9,59,0,0,188.8,185,0,0,14,0,32.1,57,78,RESTLESS,0,0,185,59
69ecf54274d6846bffeb6943,ESP32_GREENHOUSE_01,2026-04-25T17:09:22.141Z,15,32.35,32,32.7,32.7,57,57,57,57,216.1,596,226,RESTLESS,52.8,52,0,0,187.2,190,0,0,15,0,32.7,57,226,RESTLESS,0,0,190,52
69ecf56074d6846bffeb6948,ESP32_GREENHOUSE_01,2026-04-25T17:09:52.149Z,15,32.28,32,32.8,32.2,57,57,57,57,399.1,751,452,LIGHT_ACTIVITY,45.7,44,0,0,194.1,200,3,6,3,3,32.2,57,452,CRYING,0,0,200,44
69ecf57e74d6846bffeb6949,ESP32_GREENHOUSE_01,2026-04-25T17:10:22.160Z,14,32.79,32.1,33.8,33.5,57,57,57,57,357.6,1023,208,CRYING,47.1,52,0,0,198.9,198,0,0,0,14,33.5,57,208,CRYING,0,0,198,52
69ecf59c74d6846bffeb694e,ESP32_GREENHOUSE_01,2026-04-25T17:10:52.162Z,16,33.4,33.1,33.8,33.2,56.75,56,57,56,225.1,996,98,RESTLESS,51.9,57,0,0,199.7,201,0,4,12,0,33.2,56,98,RESTLESS,0,0,201,57
69ecf5ba74d6846bffeb6952,ESP32_GREENHOUSE_01,2026-04-25T17:11:22.166Z,13,33.38,33,33.9,33,56.15,56,57,57,390.2,926,257,LIGHT_ACTIVITY,45.9,51,3,0,188.4,173,0,7,3,3,33,57,257,CRYING,1,0,173,51
69ecf67c8e0b93ff64ea3fe6,ESP32_GREENHOUSE_01,2026-04-25T17:14:36.369Z,12,33.33,33,33.6,33.6,55.33,53,67,67,283.1,708,127,LIGHT_ACTIVITY,50.5,49,6,0,116.2,126,3,4,3,2,33.6,67,127,RESTLESS,1,0,126,49
69ecf69a8e0b93ff64ea3fea,ESP32_GREENHOUSE_01,2026-04-25T17:15:06.377Z,15,34.34,34,34.9,34.3,70.73,65,75,65,343.4,1023,568,CRYING,38.5,33,5,0,97,142,0,0,6,9,34.3,65,568,CRYING,1,0,142,33
69ecf6b88e0b93ff64ea3fef,ESP32_GREENHOUSE_01,2026-04-25T17:15:36.376Z,15,34,33,34.9,33.9,57,55,62,55,379.7,1023,506,CRYING,45.9,42,8,0,80.3,32,0,0,0,15,33.9,55,506,CRYING,1,0,32,42
69ecf6d68e0b93ff64ea3ff6,ESP32_GREENHOUSE_01,2026-04-25T17:16:06.385Z,15,33.56,33,33.9,33.9,54.8,54,55,55,326.3,1023,265,CRYING,49.3,52,8,0,148.9,143,0,0,3,12,33.9,55,265,CRYING,1,0,143,52
69ecf6f48e0b93ff64ea3ffe,ESP32_GREENHOUSE_01,2026-04-25T17:16:36.393Z,15,33.47,33,33.9,33.7,55.2,55,56,56,380.8,1023,103,CRYING,46.8,57,5,0,69.9,68,2,1,4,8,33.7,56,103,LIGHT_ACTIVITY,0,0,68,57
69ecf7128e0b93ff64ea4005,ESP32_GREENHOUSE_01,2026-04-25T17:17:06.401Z,15,33.46,33,33.9,33.3,56,56,56,56,229.5,571,139,RESTLESS,52.3,56,11,0,98.7,94,1,6,8,0,33.3,56,139,RESTLESS,1,0,94,56
69ecf7308e0b93ff64ea4009,ESP32_GREENHOUSE_01,2026-04-25T17:17:36.410Z,14,33.35,33,33.9,33.7,56.57,56,57,57,289.6,1023,151,RESTLESS,49.5,55,9,0,95.2,96,0,0,14,0,33.7,57,151,RESTLESS,0,0,96,55
69ecf74e8e0b93ff64ea4011,ESP32_GREENHOUSE_01,2026-04-25T17:18:06.418Z,15,33,32,33.7,32,57.33,57,58,58,196.2,519,519,RESTLESS,53.1,41,10,0,100.3,112,1,0,14,0,32,58,519,RESTLESS,1,0,112,41
69ecf76c8e0b93ff64ea4014,ESP32_GREENHOUSE_01,2026-04-25T17:18:36.425Z,15,32.47,32,32.9,32.5,58,58,58,58,180.5,436,85,RESTLESS,53.3,57,6,0,115.3,110,0,0,15,0,32.5,58,85,RESTLESS,1,0,110,57
69ecf78a8e0b93ff64ea4017,ESP32_GREENHOUSE_01,2026-04-25T17:19:06.426Z,15,32.49,32,32.9,32.5,58,58,58,58,176.8,744,89,RESTLESS,53.5,57,14,0,57.8,55,0,3,12,0,32.5,58,89,LIGHT_ACTIVITY,0,0,55,57
69ecf7a88e0b93ff64ea401a,ESP32_GREENHOUSE_01,2026-04-25T17:19:36.435Z,15,32.36,32,32.7,32.7,58,58,58,58,263.1,638,257,RESTLESS,50.2,50,7,0,66.3,74,0,4,11,0,32.7,58,257,RESTLESS,1,0,74,50
69ecf7c68e0b93ff64ea4021,ESP32_GREENHOUSE_01,2026-04-25T17:20:06.436Z,15,32.5,32.1,32.9,32.8,58,58,58,58,413.7,1023,648,RESTLESS,44.2,35,14,0,70,56,0,0,10,5,32.8,58,648,CRYING,0,0,56,35
69ecf7e48e0b93ff64ea4029,ESP32_GREENHOUSE_01,2026-04-25T17:20:36.439Z,15,32.65,32.1,32.9,32.1,58.73,58,59,59,211.1,402,173,CRYING,51.5,54,6,0,52.9,50,0,3,1,11,32.1,59,173,RESTLESS,1,0,50,54
69ecf8028e0b93ff64ea402c,ESP32_GREENHOUSE_01,2026-04-25T17:21:06.451Z,15,32.39,32,32.9,32.1,59,59,59,59,262.4,622,622,RESTLESS,49.8,36,2,0,58,74,0,0,15,0,32.1,59,622,RESTLESS,1,0,74,36
69ecf8208e0b93ff64ea4037,ESP32_GREENHOUSE_01,2026-04-25T17:21:36.459Z,15,32.33,32,32.8,32.8,58.4,58,59,59,173.3,535,161,RESTLESS,53.6,53,13,0,68.3,102,2,5,8,0,32.8,59,161,RESTLESS,1,0,102,53
69ecf83e8e0b93ff64ea403a,ESP32_GREENHOUSE_01,2026-04-25T17:22:06.465Z,14,32.34,32,32.7,32,58.21,58,59,58,176.4,364,364,RESTLESS,53.5,47,8,0,108,109,0,0,14,0,32,58,364,RESTLESS,1,0,109,47
69ecf85c8e0b93ff64ea403c,ESP32_GREENHOUSE_01,2026-04-25T17:22:36.468Z,15,32.35,32,32.9,32.3,58,58,58,58,279.5,1023,122,RESTLESS,49.7,56,8,0,97.9,102,0,0,15,0,32.3,58,122,RESTLESS,0,0,102,56
69ecf87a8e0b93ff64ea4040,ESP32_GREENHOUSE_01,2026-04-25T17:23:06.475Z,15,32.44,32,32.9,32.9,58,58,58,58,331.7,799,191,RESTLESS,47.5,53,9,0,103.4,104,0,0,15,0,32.9,58,191,RESTLESS,1,0,104,53
69ecf8988e0b93ff64ea4046,ESP32_GREENHOUSE_01,2026-04-25T17:23:36.477Z,15,32.39,32,32.9,32.9,58,58,58,58,281.5,902,115,CRYING,49.7,56,14,0,100.5,93,0,0,1,14,32.9,58,115,CRYING,1,0,93,56
69ecf8b68e0b93ff64ea404c,ESP32_GREENHOUSE_01,2026-04-25T17:24:06.480Z,15,33.11,32.2,33.9,33,58.53,56,60,58,318.4,1023,746,RESTLESS,47.2,31,15,0,94.7,98,1,1,12,1,33,58,746,RESTLESS,1,0,98,31
69ecf8d48e0b93ff64ea404e,ESP32_GREENHOUSE_01,2026-04-25T17:24:36.481Z,15,33.95,33,34.7,34.4,62.87,55,74,69,531.5,1023,505,CRYING,36.3,33,15,0,86.5,95,0,0,0,15,34.4,69,505,CRYING,1,0,95,33
69ecf8f28e0b93ff64ea4051,ESP32_GREENHOUSE_01,2026-04-25T17:25:06.480Z,15,34.45,34,34.9,34.7,58.4,55,67,55,346.7,1023,83,CRYING,46.3,59,2,0,95,95,0,0,1,14,34.7,55,83,RESTLESS,0,0,95,59
69ecf9108e0b93ff64ea405a,ESP32_GREENHOUSE_01,2026-04-25T17:25:36.486Z,15,33.62,33,34.2,33.4,54.47,54,55,55,344.7,1023,166,RESTLESS,48.7,55,10,0,103.3,105,4,2,9,0,33.4,55,166,RESTLESS,1,0,105,55
69ecf92e8e0b93ff64ea4061,ESP32_GREENHOUSE_01,2026-04-25T17:26:06.497Z,14,33.39,33,33.9,33.1,54.93,54,55,55,415.7,1023,432,CRYING,45.7,45,13,0,93.5,87,1,2,4,7,33.1,55,432,CRYING,1,0,87,45
69ecf94c8e0b93ff64ea4065,ESP32_GREENHOUSE_01,2026-04-25T17:26:36.501Z,15,33.47,33,33.9,33.3,55.6,55,56,56,415.3,1023,379,CRYING,45.3,46,7,0,94,92,0,0,0,15,33.3,56,379,CRYING,0,0,92,46
69ecf96a8e0b93ff64ea4068,ESP32_GREENHOUSE_01,2026-04-25T17:27:06.508Z,15,33.53,33.1,33.9,33.5,56.07,56,57,57,347.9,1023,265,CRYING,47.4,50,0,0,92.9,103,2,0,0,13,33.5,57,265,CRYING,0,0,103,50
69ecf9888e0b93ff64ea406b,ESP32_GREENHOUSE_01,2026-04-25T17:27:36.518Z,15,33.45,33,33.9,33.7,56.93,56,57,57,432.8,1023,573,CRYING,43.7,38,3,0,106.1,107,0,0,0,15,33.7,57,573,CRYING,0,0,107,38
69ecf9a68e0b93ff64ea4070,ESP32_GREENHOUSE_01,2026-04-25T17:28:06.520Z,15,33.46,33,33.9,33.6,57.33,57,58,58,343.7,944,64,CRYING,46.9,57,0,0,104.9,107,2,0,2,11,33.6,58,64,QUIET,0,0,107,57
69ecf9c48e0b93ff64ea4074,ESP32_GREENHOUSE_01,2026-04-25T17:28:36.522Z,15,33.53,33,33.9,33,58,58,58,58,204.5,609,122,QUIET,52.1,55,0,0,105.9,107,8,2,5,0,33,58,122,QUIET,0,0,107,55
69ecf9e28e0b93ff64ea407c,ESP32_GREENHOUSE_01,2026-04-25T17:29:06.525Z,15,33.26,32,33.9,32.3,58,58,58,58,175.9,399,121,RESTLESS,53.4,56,4,0,118.3,128,2,3,10,0,32.3,58,121,RESTLESS,0,0,128,56
69ecfa008e0b93ff64ea4081,ESP32_GREENHOUSE_01,2026-04-25T17:29:36.535Z,15,32.49,32,32.9,32.3,58,58,58,58,135.3,279,60,RESTLESS,55.1,58,4,0,117.9,118,1,3,11,0,32.3,58,60,LIGHT_ACTIVITY,1,0,118,58
69ecfa1e8e0b93ff64ea4088,ESP32_GREENHOUSE_01,2026-04-25T17:30:06.543Z,14,32.47,32,32.9,32.2,58,58,58,58,267.6,693,88,LIGHT_ACTIVITY,50.1,57,7,0,111.6,108,1,13,0,0,32.2,58,88,LIGHT_ACTIVITY,0,0,108,57
69ecfa3c8e0b93ff64ea408a,ESP32_GREENHOUSE_01,2026-04-25T17:30:36.547Z,15,32.59,32,32.9,32.7,58.87,58,59,59,149.1,310,151,LIGHT_ACTIVITY,53.8,53,0,0,102.1,105,0,14,1,0,32.7,59,151,RESTLESS,0,0,105,53
69ecfa5a8e0b93ff64ea408f,ESP32_GREENHOUSE_01,2026-04-25T17:31:06.553Z,15,32.62,32,32.9,32.2,59,59,59,59,142.6,558,77,LIGHT_ACTIVITY,54.1,57,4,0,99.4,90,1,13,1,0,32.2,59,77,LIGHT_ACTIVITY,0,0,90,57
69ecfa788e0b93ff64ea4091,ESP32_GREENHOUSE_01,2026-04-25T17:31:36.556Z,15,32.43,32,32.9,32.9,59,59,59,59,153.5,592,119,LIGHT_ACTIVITY,54.1,55,2,0,99.5,101,2,13,0,0,32.9,59,119,QUIET,1,0,101,55
69ecfa968e0b93ff64ea4098,ESP32_GREENHOUSE_01,2026-04-25T17:32:06.566Z,15,32.31,32,32.9,32,59,59,59,59,275.6,988,577,RESTLESS,49.2,38,5,0,100.7,101,0,5,10,0,32,59,577,LIGHT_ACTIVITY,0,0,101,38
69ecfab48e0b93ff64ea409e,ESP32_GREENHOUSE_01,2026-04-25T17:32:36.578Z,15,32.13,32,32.9,32.8,59,59,59,59,162.6,358,143,QUIET,54.2,54,0,0,89.1,58,7,4,4,0,32.8,59,143,RESTLESS,0,0,58,54
69ecfad28e0b93ff64ea40a2,ESP32_GREENHOUSE_01,2026-04-25T17:33:06.591Z,15,32.57,32,32.9,32.7,59,59,59,59,252.3,683,394,RESTLESS,49.7,44,11,0,91.9,112,3,0,12,0,32.7,59,394,RESTLESS,1,0,112,44
69ecfaf08e0b93ff64ea40a8,ESP32_GREENHOUSE_01,2026-04-25T17:33:36.596Z,15,32.6,32,32.9,32.2,59,59,59,59,307.8,959,299,RESTLESS,47.6,49,1,0,110.6,106,0,1,9,5,32.2,59,299,CRYING,1,0,106,49
69ecfb0e8e0b93ff64ea40ad,ESP32_GREENHOUSE_01,2026-04-25T17:34:06.601Z,14,32.58,32.3,32.9,32.7,59,59,59,59,240.4,524,276,CRYING,50.1,49,9,0,110.9,115,0,0,5,9,32.7,59,276,RESTLESS,0,0,115,49
69ecfb2c8e0b93ff64ea40af,ESP32_GREENHOUSE_01,2026-04-25T17:34:36.614Z,15,32.58,32,32.9,32.6,59,59,59,59,119.8,288,288,RESTLESS,54.9,48,0,0,108.2,111,0,5,10,0,32.6,59,288,LIGHT_ACTIVITY,0,0,111,48
69ecfb4a8e0b93ff64ea40b3,ESP32_GREENHOUSE_01,2026-04-25T17:35:06.625Z,15,32.37,32,32.8,32.8,59,59,59,59,297.5,1023,741,RESTLESS,48.3,30,0,0,108.1,110,1,1,13,0,32.8,59,741,RESTLESS,0,0,110,30
69ecfb688e0b93ff64ea40b9,ESP32_GREENHOUSE_01,2026-04-25T17:35:36.640Z,15,32.6,32.3,32.9,32.6,59,59,59,59,375.9,1023,155,RESTLESS,44.7,53,4,0,111.5,111,1,0,8,6,32.6,59,155,CRYING,0,0,111,53
69ecfb868e0b93ff64ea40be,ESP32_GREENHOUSE_01,2026-04-25T17:36:06.643Z,15,32.59,32.3,32.7,32.6,59,59,59,59,293.1,728,613,CRYING,47.9,35,0,0,110.4,110,3,0,2,10,32.6,59,613,CRYING,0,0,110,35
69ecfba48e0b93ff64ea40c0,ESP32_GREENHOUSE_01,2026-04-25T17:36:36.654Z,15,32.61,32,32.9,32.8,59,59,59,59,413.9,1023,404,CRYING,43.4,44,8,0,103.1,104,0,0,0,15,32.8,59,404,CRYING,1,0,104,44
69ecfbc28e0b93ff64ea40c3,ESP32_GREENHOUSE_01,2026-04-25T17:37:06.659Z,15,32.59,32,32.9,32.7,59,59,59,59,419.7,1023,861,CRYING,43.1,26,14,0,95.7,90,0,0,0,15,32.7,59,861,CRYING,1,0,90,26
69ecfbe08e0b93ff64ea40c6,ESP32_GREENHOUSE_01,2026-04-25T17:37:36.666Z,14,32.46,32.3,32.7,32.3,59,59,59,59,538.1,1023,430,CRYING,38.6,43,12,0,98.3,91,0,0,0,14,32.3,59,430,CRYING,1,0,91,43
69ecfbfe8e0b93ff64ea40cb,ESP32_GREENHOUSE_01,2026-04-25T17:38:06.676Z,15,32.45,32.2,32.9,32.9,59,59,59,59,255.3,502,95,CRYING,49.7,56,8,0,88.3,86,0,0,3,12,32.9,59,95,RESTLESS,0,0,86,56
69ecfc1c8e0b93ff64ea40cd,ESP32_GREENHOUSE_01,2026-04-25T17:38:36.681Z,15,32.43,32,32.9,32.4,59,59,59,59,204.4,675,314,RESTLESS,51.7,47,4,0,81.2,70,0,0,15,0,32.4,59,314,RESTLESS,1,0,70,47
69ecfc3a8e0b93ff64ea40d3,ESP32_GREENHOUSE_01,2026-04-25T17:39:06.686Z,15,32.53,32,32.9,32.5,59,59,59,59,323.9,774,334,RESTLESS,47.1,46,10,0,82.3,96,0,0,11,4,32.5,59,334,CRYING,1,0,96,46
69ecfc588e0b93ff64ea40d7,ESP32_GREENHOUSE_01,2026-04-25T17:39:36.695Z,15,32.4,32,32.9,32.6,59,59,59,59,286.9,899,899,CRYING,48.8,24,2,0,87.5,103,0,1,2,12,32.6,59,899,RESTLESS,0,0,103,24
69ecfc768e0b93ff64ea40dc,ESP32_GREENHOUSE_01,2026-04-25T17:40:06.696Z,15,32.47,32,32.9,32.2,59,59,59,59,371.8,951,951,RESTLESS,45.1,23,6,0,92.6,89,3,0,12,0,32.2,59,951,RESTLESS,0,0,89,23
69ecfc948e0b93ff64ea40e3,ESP32_GREENHOUSE_01,2026-04-25T17:40:36.699Z,15,32.37,32,32.9,32.2,59,59,59,59,353,1023,1023,CRYING,46.1,20,5,0,82.7,79,0,0,1,14,32.2,59,1023,CRYING,1,0,79,20
69ecfcb28e0b93ff64ea40e9,ESP32_GREENHOUSE_01,2026-04-25T17:41:06.705Z,15,32.5,32.1,32.9,32.4,59,59,59,59,430.9,737,599,CRYING,42.9,36,10,0,79.5,78,0,0,2,13,32.4,59,599,CRYING,0,0,78,36
69ecfcd08e0b93ff64ea40ed,ESP32_GREENHOUSE_01,2026-04-25T17:41:36.713Z,14,32.57,32.1,32.9,32.4,59,59,59,59,302.9,673,302,CRYING,47.8,48,9,0,84.1,86,0,0,0,14,32.4,59,302,CRYING,1,0,86,48
69ecfcee8e0b93ff64ea40f4,ESP32_GREENHOUSE_01,2026-04-25T17:42:06.715Z,15,32.51,32.2,32.9,32.6,59,59,59,59,196.9,571,163,RESTLESS,51.9,53,3,0,82.6,82,0,4,11,0,32.6,59,163,RESTLESS,0,0,82,53
69ecfd0c8e0b93ff64ea40fb,ESP32_GREENHOUSE_01,2026-04-25T17:42:36.724Z,15,32.49,32.3,32.8,32.3,59,59,59,59,275.4,621,106,RESTLESS,48.8,56,11,0,83.4,81,0,0,14,1,32.3,59,106,RESTLESS,0,0,81,56
69ecfd2a8e0b93ff64ea4100,ESP32_GREENHOUSE_01,2026-04-25T17:43:06.730Z,15,32.49,32,32.9,32.3,59,59,59,59,335.7,1023,392,CRYING,46.6,45,14,0,85.4,88,0,0,7,8,32.3,59,392,CRYING,1,0,88,45
69ecfd488e0b93ff64ea4105,ESP32_GREENHOUSE_01,2026-04-25T17:43:36.744Z,15,32.58,32,32.9,32.9,59,59,59,59,349.4,821,731,CRYING,46.1,31,15,0,91.3,99,0,0,7,8,32.9,59,731,CRYING,1,0,99,31
69ecfd668e0b93ff64ea4107,ESP32_GREENHOUSE_01,2026-04-25T17:44:06.753Z,15,32.64,32.2,32.9,32.7,59,59,59,59,286.7,1023,495,RESTLESS,48.4,40,15,0,97.4,95,0,0,10,5,32.7,59,495,RESTLESS,1,0,95,40
69ecfd848e0b93ff64ea410b,ESP32_GREENHOUSE_01,2026-04-25T17:44:36.764Z,15,32.47,32,32.8,32.6,59,59,59,59,359.9,1023,130,RESTLESS,45.7,54,9,0,95.9,101,0,0,14,1,32.6,59,130,RESTLESS,0,0,101,54
69ecfda28e0b93ff64ea4112,ESP32_GREENHOUSE_01,2026-04-25T17:45:06.775Z,14,32.37,32,32.7,32.1,59,59,59,59,217,418,209,RESTLESS,51.2,52,8,0,93,69,2,3,6,3,32.1,59,209,RESTLESS,1,0,69,52
69ecfdc08e0b93ff64ea411a,ESP32_GREENHOUSE_01,2026-04-25T17:45:36.782Z,15,32.57,32,32.8,32.6,59,59,59,59,302.1,836,613,RESTLESS,47.8,35,13,0,84.3,103,6,3,6,0,32.6,59,613,QUIET,1,0,103,35
69ecfdde8e0b93ff64ea411c,ESP32_GREENHOUSE_01,2026-04-25T17:46:06.788Z,15,32.43,32,32.7,32.5,59,59,59,59,347.1,742,73,CRYING,46.1,57,15,0,95.5,97,2,0,0,13,32.5,59,73,CRYING,1,0,97,57
69ecfdfc8e0b93ff64ea4123,ESP32_GREENHOUSE_01,2026-04-25T17:46:36.793Z,15,32.61,32.3,32.9,32.6,59,59,59,59,384.7,956,199,CRYING,44.5,52,9,0,102,108,6,1,1,7,32.6,59,199,CRYING,1,0,108,52
69ecfe1a8e0b93ff64ea4125,ESP32_GREENHOUSE_01,2026-04-25T17:47:06.807Z,15,32.59,32.3,32.9,32.7,59,59,59,59,505.7,1023,955,CRYING,39.8,22,9,0,108.3,111,0,0,0,15,32.7,59,955,CRYING,0,0,111,22
69ecfe388e0b93ff64ea4127,ESP32_GREENHOUSE_01,2026-04-25T17:47:36.810Z,15,32.6,32,32.9,32.4,59,59,59,59,415.8,822,68,CRYING,43.3,57,10,0,91.2,87,0,0,0,15,32.4,59,68,CRYING,1,0,87,57
69ecfe568e0b93ff64ea412a,ESP32_GREENHOUSE_01,2026-04-25T17:48:06.822Z,15,32.43,32,32.7,32.7,59,59,59,59,302.8,809,511,CRYING,48,39,5,0,74.4,72,0,0,6,9,32.7,59,511,RESTLESS,0,0,72,39
69ecfe748e0b93ff64ea412e,ESP32_GREENHOUSE_01,2026-04-25T17:48:36.826Z,15,32.53,32,32.9,32.4,59.33,59,60,60,308.7,905,73,RESTLESS,47.5,56,6,0,70.5,71,0,2,9,4,32.4,60,73,LIGHT_ACTIVITY,1,0,71,56
69ecfe928e0b93ff64ea4134,ESP32_GREENHOUSE_01,2026-04-25T17:49:06.842Z,14,32.41,32,32.9,32.1,59.64,59,60,59,258.9,495,289,QUIET,49.4,49,8,0,73.9,83,8,6,0,0,32.1,59,289,QUIET,0,0,83,49
69ecfeb08e0b93ff64ea413d,ESP32_GREENHOUSE_01,2026-04-25T17:49:36.857Z,15,32.61,32,32.9,32.9,59.27,59,60,60,232.4,562,120,CRYING,50.2,54,4,0,80.7,81,0,1,3,11,32.9,60,120,RESTLESS,0,0,81,54
69ecfece8e0b93ff64ea4142,ESP32_GREENHOUSE_01,2026-04-25T17:50:06.864Z,15,32.63,32.1,32.9,32.9,60,60,60,60,397.9,1023,586,RESTLESS,43.5,36,6,0,83.1,86,0,0,15,0,32.9,60,586,RESTLESS,0,0,86,36
69ecfeec8e0b93ff64ea414a,ESP32_GREENHOUSE_01,2026-04-25T17:50:36.875Z,15,32.49,32,32.9,32,60,60,60,60,330.3,986,117,RESTLESS,46.3,56,10,0,82.2,82,0,0,12,3,32,60,117,RESTLESS,1,0,82,56
69ecff0a8e0b93ff64ea4150,ESP32_GREENHOUSE_01,2026-04-25T17:51:06.885Z,15,32.59,32.1,32.9,32.8,60,60,60,60,218.7,534,400,RESTLESS,50.4,43,10,0,79.2,74,0,0,14,1,32.8,60,400,RESTLESS,0,0,74,43
69ecff288e0b93ff64ea4153,ESP32_GREENHOUSE_01,2026-04-25T17:51:36.896Z,15,32.57,32,32.9,32.1,60,60,60,60,149.7,370,89,LIGHT_ACTIVITY,53.3,56,0,0,76.6,77,0,12,3,0,32.1,60,89,RESTLESS,0,0,77,56
69ecff468e0b93ff64ea4154,ESP32_GREENHOUSE_01,2026-04-25T17:52:06.902Z,15,32.62,32.1,32.9,32.3,59.2,59,60,59,202.6,427,84,RESTLESS,51.5,57,0,0,77,77,0,0,15,0,32.3,59,84,RESTLESS,0,0,77,57
69ecff648e0b93ff64ea4158,ESP32_GREENHOUSE_01,2026-04-25T17:52:36.904Z,15,32.54,32.2,32.9,32.5,59.27,59,60,59,223.3,1023,74,RESTLESS,50.7,56,7,0,75.7,76,0,5,10,0,32.5,59,74,LIGHT_ACTIVITY,0,0,76,56
69ecff828e0b93ff64ea415c,ESP32_GREENHOUSE_01,2026-04-25T17:53:06.918Z,14,32.59,32.4,32.9,32.5,59.07,59,60,59,151,442,80,LIGHT_ACTIVITY,53.4,56,9,0,79.4,77,0,14,0,0,32.5,59,80,LIGHT_ACTIVITY,1,0,77,56
69ecffa08e0b93ff64ea415e,ESP32_GREENHOUSE_01,2026-04-25T17:53:36.932Z,15,32.53,32.3,32.8,32.5,59,59,59,59,199.1,1023,504,LIGHT_ACTIVITY,51.7,40,2,0,78,78,0,15,0,0,32.5,59,504,LIGHT_ACTIVITY,0,0,78,40
69ecffbe8e0b93ff64ea4161,ESP32_GREENHOUSE_01,2026-04-25T17:54:06.939Z,15,32.51,32.1,32.8,32.4,59,59,59,59,258.8,909,100,LIGHT_ACTIVITY,49.5,56,4,0,77.3,77,0,15,0,0,32.4,59,100,LIGHT_ACTIVITY,0,0,77,56
69ecffdc8e0b93ff64ea4166,ESP32_GREENHOUSE_01,2026-04-25T17:54:36.951Z,15,32.53,32.1,32.9,32.3,59,59,59,59,310.1,909,302,RESTLESS,47.5,48,4,0,83.1,101,0,1,14,0,32.3,59,302,RESTLESS,1,0,101,48
69ecfffa8e0b93ff64ea4169,ESP32_GREENHOUSE_01,2026-04-25T17:55:06.958Z,15,32.41,32,32.9,32.7,59.07,59,60,59,158.7,327,266,RESTLESS,53.7,49,15,0,98.6,106,0,0,12,3,32.7,59,266,RESTLESS,1,0,106,49
69ed00188e0b93ff64ea416e,ESP32_GREENHOUSE_01,2026-04-25T17:55:36.959Z,15,32.44,32.1,32.8,32.2,59,59,59,59,250.4,589,228,RESTLESS,49.9,51,3,0,102.9,99,0,0,14,1,32.2,59,228,RESTLESS,1,0,99,51
69ed00368e0b93ff64ea4173,ESP32_GREENHOUSE_01,2026-04-25T17:56:06.962Z,15,32.49,32,32.9,32.4,59.47,59,60,59,164.7,472,154,RESTLESS,53,54,0,0,99,99,0,4,11,0,32.4,59,154,LIGHT_ACTIVITY,0,0,99,54
69ed00548e0b93ff64ea4176,ESP32_GREENHOUSE_01,2026-04-25T17:56:36.972Z,14,32.44,32,32.8,32.7,59.36,59,60,59,286.6,645,140,RESTLESS,48.4,54,0,0,100,102,1,3,10,0,32.7,59,140,QUIET,0,0,102,54
69ed00728e0b93ff64ea417c,ESP32_GREENHOUSE_01,2026-04-25T17:57:06.971Z,15,32.43,32.2,32.9,32.4,59,59,59,59,245.5,683,103,RESTLESS,50.2,56,4,0,98.6,95,1,0,13,1,32.4,59,103,RESTLESS,0,0,95,56
69ed00908e0b93ff64ea417e,ESP32_GREENHOUSE_01,2026-04-25T17:57:36.973Z,15,32.36,32,32.9,32.3,59,59,59,59,203.3,715,179,RESTLESS,52.1,53,0,0,95.6,96,4,0,11,0,32.3,59,179,QUIET,0,0,96,53
69ed00ae8e0b93ff64ea4180,ESP32_GREENHOUSE_01,2026-04-25T17:58:06.984Z,15,32.37,32,32.8,32.4,59,59,59,59,235.2,445,155,RESTLESS,50.7,54,0,0,95.5,96,0,0,15,0,32.4,59,155,RESTLESS,0,0,96,54
69ed00cc8e0b93ff64ea4181,ESP32_GREENHOUSE_01,2026-04-25T17:58:36.993Z,15,32.4,32,32.7,32.4,59,59,59,59,229.6,393,294,RESTLESS,50.6,48,0,0,94.9,93,0,0,15,0,32.4,59,294,RESTLESS,0,0,93,48
69ed00eb8e0b93ff64ea4186,ESP32_GREENHOUSE_01,2026-04-25T17:59:07.006Z,15,32.52,32.3,32.9,32.8,59,59,59,59,308.2,836,227,RESTLESS,47.5,50,4,0,94.7,95,0,0,10,5,32.8,59,227,RESTLESS,0,0,95,50
69ed01098e0b93ff64ea4188,ESP32_GREENHOUSE_01,2026-04-25T17:59:37.007Z,15,32.51,32.1,32.9,32.3,59,59,59,59,292.6,724,111,RESTLESS,48.1,56,0,0,95.1,95,0,0,13,2,32.3,59,111,CRYING,0,0,95,56
69ed01278e0b93ff64ea418a,ESP32_GREENHOUSE_01,2026-04-25T18:00:07.014Z,15,32.43,32.1,32.8,32.7,59,59,59,59,289.3,744,234,RESTLESS,48.3,50,0,0,94.9,95,0,0,11,4,32.7,59,234,RESTLESS,0,0,95,50
69ed01458e0b93ff64ea418d,ESP32_GREENHOUSE_01,2026-04-25T18:00:37.022Z,14,32.45,32,32.7,32.5,59,59,59,59,281.5,731,344,RESTLESS,48.6,46,0,0,95.1,96,0,0,13,1,32.5,59,344,RESTLESS,0,0,96,46
69ed01638e0b93ff64ea4194,ESP32_GREENHOUSE_01,2026-04-25T18:01:07.030Z,15,32.53,32.1,32.9,32.5,59,59,59,59,235.9,751,151,RESTLESS,50.3,53,4,0,95.7,93,2,0,13,0,32.5,59,151,RESTLESS,0,0,93,53
69ed01818e0b93ff64ea4197,ESP32_GREENHOUSE_01,2026-04-25T18:01:37.039Z,13,32.41,32,32.9,32.6,59,59,59,59,320.4,1001,231,RESTLESS,47.3,50,4,0,92.8,93,0,0,13,0,32.6,59,231,RESTLESS,0,0,93,50
69ed019f8e0b93ff64ea419e,ESP32_GREENHOUSE_01,2026-04-25T18:02:07.050Z,17,32.4,32,32.9,32.5,59,59,59,59,237.3,610,379,RESTLESS,50.5,45,3,0,94.5,127,0,1,14,2,32.5,59,379,RESTLESS,1,0,127,45
69ed01bd8e0b93ff64ea41a0,ESP32_GREENHOUSE_01,2026-04-25T18:02:37.062Z,15,32.65,32.1,32.9,32.9,59,59,59,59,289.7,658,168,RESTLESS,48.3,53,2,0,128,128,0,0,15,0,32.9,59,168,RESTLESS,0,0,128,53
69ed01db8e0b93ff64ea41a1,ESP32_GREENHOUSE_01,2026-04-25T18:03:07.066Z,15,32.65,32,32.9,32.1,59,59,59,59,291.9,752,387,RESTLESS,48.3,45,0,0,126,126,0,0,15,0,32.1,59,387,RESTLESS,0,0,126,45
69ed01f98e0b93ff64ea41a6,ESP32_GREENHOUSE_01,2026-04-25T18:03:37.070Z,15,32.41,32,32.9,32.8,59,59,59,59,275.9,785,261,RESTLESS,49.1,49,0,0,127.7,132,4,0,11,0,32.8,59,261,RESTLESS,0,0,132,49
69ed02178e0b93ff64ea41a9,ESP32_GREENHOUSE_01,2026-04-25T18:04:07.077Z,15,32.45,32.1,32.9,32.4,59,59,59,59,218.7,414,146,RESTLESS,51.1,54,0,0,129.9,129,0,0,14,1,32.4,59,146,RESTLESS,0,0,129,54
69ed02358e0b93ff64ea41ab,ESP32_GREENHOUSE_01,2026-04-25T18:04:37.078Z,14,32.47,32.1,32.8,32.5,59,59,59,59,276.9,541,224,RESTLESS,48.9,51,0,0,129.4,129,0,0,10,4,32.5,59,224,CRYING,0,0,129,51
69ed02538e0b93ff64ea41b1,ESP32_GREENHOUSE_01,2026-04-25T18:05:07.091Z,15,32.46,32,32.8,32.5,59,59,59,59,186.5,371,211,RESTLESS,52.5,51,0,0,129.9,130,2,0,10,3,32.5,59,211,RESTLESS,0,0,130,51
69ed02718e0b93ff64ea41b4,ESP32_GREENHOUSE_01,2026-04-25T18:05:37.102Z,15,32.46,32,32.9,32.4,59,59,59,59,278.8,690,403,RESTLESS,48.9,44,0,0,129.6,129,2,0,13,0,32.4,59,403,RESTLESS,0,0,129,44
69ed028f8e0b93ff64ea41b8,ESP32_GREENHOUSE_01,2026-04-25T18:06:07.110Z,15,32.37,32,32.8,32.6,59,59,59,59,375.3,1023,354,CRYING,45.3,46,0,0,129.3,129,0,0,6,9,32.6,59,354,CRYING,0,0,129,46
69ed02ad8e0b93ff64ea41bc,ESP32_GREENHOUSE_01,2026-04-25T18:06:37.110Z,15,32.52,32.1,32.9,32.9,59,59,59,59,314.3,940,160,CRYING,47.3,53,0,0,129.1,129,0,0,3,12,32.9,59,160,RESTLESS,0,0,129,53
69ed02cb8e0b93ff64ea41be,ESP32_GREENHOUSE_01,2026-04-25T18:07:07.125Z,13,32.6,32.2,32.9,32.2,59,59,59,59,309.4,642,388,CRYING,47.3,45,0,0,132.5,132,0,0,1,12,32.2,59,388,CRYING,0,0,132,45
69ed02e98e0b93ff64ea41c4,ESP32_GREENHOUSE_01,2026-04-25T18:07:37.132Z,15,32.57,32,32.9,32.8,59,59,59,59,245,592,159,QUIET,50.1,53,0,0,131.1,131,8,1,2,4,32.8,59,159,RESTLESS,0,0,131,53
69ed03078e0b93ff64ea41c5,ESP32_GREENHOUSE_01,2026-04-25T18:08:07.133Z,15,32.43,32,32.8,32.4,59,59,59,59,205.8,469,130,RESTLESS,51.7,55,0,0,131.6,133,0,0,15,0,32.4,59,130,RESTLESS,0,0,133,55
69ed03258e0b93ff64ea41c8,ESP32_GREENHOUSE_01,2026-04-25T18:08:37.142Z,14,32.51,32,32.9,32.7,59,59,59,59,304.5,763,683,RESTLESS,47.9,33,0,0,132.9,134,2,0,12,0,32.7,59,683,RESTLESS,0,0,134,33
69ed03438e0b93ff64ea41cb,ESP32_GREENHOUSE_01,2026-04-25T18:09:07.141Z,15,32.51,32,32.9,32.8,59,59,59,59,243.4,477,159,RESTLESS,50.1,53,0,0,133.7,135,1,0,14,0,32.8,59,159,RESTLESS,0,0,135,53
69ed03618e0b93ff64ea41d0,ESP32_GREENHOUSE_01,2026-04-25T18:09:37.155Z,15,32.54,32,32.9,32.6,59,59,59,59,312.7,1023,101,RESTLESS,47.3,55,0,0,135.2,136,1,0,10,4,32.6,59,101,CRYING,0,0,136,55
69ed037f8e0b93ff64ea41d6,ESP32_GREENHOUSE_01,2026-04-25T18:10:07.156Z,15,32.61,32.1,32.9,32.6,59,59,59,59,236.7,1023,150,QUIET,50.3,54,0,0,132.6,132,9,1,3,2,32.6,59,150,RESTLESS,0,0,132,54
69ed039d8e0b93ff64ea41da,ESP32_GREENHOUSE_01,2026-04-25T18:10:37.163Z,15,32.61,32,32.9,32.8,59,59,59,59,202.3,544,108,LIGHT_ACTIVITY,51.5,55,0,0,133.2,134,6,7,2,0,32.8,59,108,LIGHT_ACTIVITY,0,0,134,55
69ed03bb8e0b93ff64ea41de,ESP32_GREENHOUSE_01,2026-04-25T18:11:07.169Z,15,32.67,32.2,32.9,32.7,59,59,59,59,294.2,689,266,LIGHT_ACTIVITY,47.9,49,0,0,133,134,4,6,1,4,32.7,59,266,CRYING,0,0,134,49
69ed03d98e0b93ff64ea41e3,ESP32_GREENHOUSE_01,2026-04-25T18:11:37.169Z,13,32.4,32,32.8,32.6,59,59,59,59,193.5,378,154,QUIET,52.5,53,0,0,132.4,133,10,0,1,2,32.6,59,154,RESTLESS,0,0,133,53
69ed03f78e0b93ff64ea41e6,ESP32_GREENHOUSE_01,2026-04-25T18:12:07.175Z,17,32.56,32.2,32.8,32.7,59,59,59,59,204.8,666,126,RESTLESS,51.5,54,0,0,131.6,132,0,1,16,0,32.7,59,126,RESTLESS,0,0,132,54
69ed04158e0b93ff64ea41e8,ESP32_GREENHOUSE_01,2026-04-25T18:12:37.179Z,14,32.56,32.2,32.9,32.4,59,59,59,59,238.5,1023,77,RESTLESS,50.2,57,0,0,132.4,133,1,0,13,0,32.4,59,77,QUIET,0,0,133,57
69ed04338e0b93ff64ea41ec,ESP32_GREENHOUSE_01,2026-04-25T18:13:07.189Z,11,32.6,32.1,32.9,32.5,59,59,59,59,295.7,1023,127,LIGHT_ACTIVITY,47.9,54,0,0,133.5,133,4,6,0,1,32.5,59,127,QUIET,0,0,133,54
69ed04518e0b93ff64ea41ee,ESP32_GREENHOUSE_01,2026-04-25T18:13:37.190Z,12,32.48,32,32.9,32.1,59,59,59,59,239,474,276,QUIET,50.5,50,0,0,133.2,134,7,0,5,0,32.1,59,276,RESTLESS,0,0,134,50
69ed046f8e0b93ff64ea41f3,ESP32_GREENHOUSE_01,2026-04-25T18:14:07.200Z,17,32.65,32,32.9,32,59,59,59,59,271.8,852,445,RESTLESS,48.9,43,0,0,133.9,134,0,0,11,6,32,59,445,RESTLESS,0,0,134,43
69ed048d8e0b93ff64ea41f5,ESP32_GREENHOUSE_01,2026-04-25T18:14:37.202Z,15,32.61,32,32.9,32.4,59,59,59,59,233.1,542,430,RESTLESS,50.5,43,0,0,133.2,133,3,0,12,0,32.4,59,430,QUIET,0,0,133,43
69ed04ab8e0b93ff64ea41fb,ESP32_GREENHOUSE_01,2026-04-25T18:15:07.213Z,15,32.51,32,32.9,32.1,59,59,59,59,210.1,463,156,QUIET,51.5,54,0,0,133.4,134,9,0,6,0,32.1,59,156,RESTLESS,0,0,134,54
69ed04c98e0b93ff64ea41fe,ESP32_GREENHOUSE_01,2026-04-25T18:15:37.228Z,15,32.51,32,32.9,32.6,59,59,59,59,206.3,425,128,LIGHT_ACTIVITY,51.7,54,0,0,133.7,134,5,8,2,0,32.6,59,128,QUIET,0,0,134,54
69ed04e78e0b93ff64ea4200,ESP32_GREENHOUSE_01,2026-04-25T18:16:07.234Z,15,32.57,32.2,32.9,32.9,59,59,59,59,164.7,393,99,QUIET,53.1,56,0,0,133.9,135,8,0,7,0,32.9,59,99,RESTLESS,0,0,135,56
69ed05058e0b93ff64ea4206,ESP32_GREENHOUSE_01,2026-04-25T18:16:37.248Z,15,32.71,32,32.9,32,59,59,59,59,213.2,640,271,QUIET,51.2,50,3,0,129.1,129,8,0,7,0,32,59,271,RESTLESS,1,0,129,50
69ed05238e0b93ff64ea420c,ESP32_GREENHOUSE_01,2026-04-25T18:17:07.249Z,15,32.54,32,32.9,32.6,59,59,59,59,257.1,505,194,RESTLESS,49.7,52,8,0,120.5,116,4,4,7,0,32.6,59,194,RESTLESS,1,0,116,52
69ed05418e0b93ff64ea4212,ESP32_GREENHOUSE_01,2026-04-25T18:17:37.263Z,15,32.69,32,32.9,32.9,59,59,59,59,284.1,1023,131,RESTLESS,48.5,54,0,0,115.7,117,1,5,9,0,32.9,59,131,LIGHT_ACTIVITY,0,0,117,54
69ed055f8e0b93ff64ea4216,ESP32_GREENHOUSE_01,2026-04-25T18:18:07.268Z,14,32.65,32,32.9,32.7,59,59,59,59,282.1,1023,119,RESTLESS,48.6,55,0,0,116.5,116,2,3,9,0,32.7,59,119,RESTLESS,0,0,116,55
69ed057d8e0b93ff64ea4219,ESP32_GREENHOUSE_01,2026-04-25T18:18:37.273Z,15,32.58,32,32.9,32.6,59,59,59,59,194.8,405,200,RESTLESS,52.1,52,0,0,116.5,117,2,0,13,0,32.6,59,200,RESTLESS,0,0,117,52
69ed059b8e0b93ff64ea421b,ESP32_GREENHOUSE_01,2026-04-25T18:19:07.284Z,15,32.54,32,32.9,32.5,59,59,59,59,234.4,516,138,RESTLESS,50.7,54,0,0,117.5,117,1,0,14,0,32.5,59,138,QUIET,0,0,117,54
69ed05b98e0b93ff64ea421d,ESP32_GREENHOUSE_01,2026-04-25T18:19:37.293Z,15,32.39,32,32.9,32.5,59,59,59,59,254.7,628,628,RESTLESS,50.1,35,0,0,116.9,117,2,0,13,0,32.5,59,628,RESTLESS,0,0,117,35
69ed05d78e0b93ff64ea4222,ESP32_GREENHOUSE_01,2026-04-25T18:20:07.299Z,15,32.44,32,32.8,32,59,59,59,59,201.9,500,301,RESTLESS,51.9,49,0,0,116.6,117,6,0,9,0,32,59,301,RESTLESS,0,0,117,49
69ed05f58e0b93ff64ea4227,ESP32_GREENHOUSE_01,2026-04-25T18:20:37.311Z,15,32.47,32,32.9,32.7,59,59,59,59,265.7,712,202,QUIET,49.5,51,0,0,116.2,117,6,0,3,6,32.7,59,202,RESTLESS,0,0,117,51
69ed06138e0b93ff64ea4229,ESP32_GREENHOUSE_01,2026-04-25T18:21:07.322Z,15,32.74,32.4,32.9,32.9,59,59,59,59,238.3,603,460,RESTLESS,50,41,0,0,116.6,117,2,0,13,0,32.9,59,460,QUIET,0,0,117,41
69ed06318e0b93ff64ea422b,ESP32_GREENHOUSE_01,2026-04-25T18:21:37.322Z,15,32.63,32,32.9,32.8,59,59,59,59,235.2,436,271,RESTLESS,50.3,49,0,0,117.3,117,1,0,14,0,32.8,59,271,RESTLESS,0,0,117,49
69ed064f8e0b93ff64ea422c,ESP32_GREENHOUSE_01,2026-04-25T18:22:07.332Z,15,32.51,32.1,32.9,32.9,59,59,59,59,256,757,238,RESTLESS,49.6,50,0,0,117.1,117,0,0,15,0,32.9,59,238,RESTLESS,0,0,117,50
69ed066d8e0b93ff64ea4233,ESP32_GREENHOUSE_01,2026-04-25T18:22:37.343Z,14,32.64,32,32.9,32.1,59,59,59,59,246.5,551,125,RESTLESS,49.9,56,4,0,124.4,127,1,0,12,1,32.1,59,125,RESTLESS,0,0,127,56
69ed068b8e0b93ff64ea4238,ESP32_GREENHOUSE_01,2026-04-25T18:23:07.348Z,15,32.53,32,32.8,32.5,59,59,59,59,351.7,812,149,RESTLESS,46,54,4,0,124.8,120,0,0,8,7,32.5,59,149,RESTLESS,0,0,120,54
69ed06a98e0b93ff64ea423e,ESP32_GREENHOUSE_01,2026-04-25T18:23:37.351Z,15,32.51,32,32.9,32.9,59,59,59,59,256.4,546,106,CRYING,49.7,55,0,0,120.2,120,1,0,6,8,32.9,59,106,QUIET,0,0,120,55
69ed06c78e0b93ff64ea4246,ESP32_GREENHOUSE_01,2026-04-25T18:24:07.361Z,15,32.43,32,32.8,32.3,59,59,59,59,263.6,1023,102,RESTLESS,49.5,56,7,0,128.7,147,7,0,8,0,32.3,59,102,RESTLESS,0,0,147,56
69ed06e58e0b93ff64ea4248,ESP32_GREENHOUSE_01,2026-04-25T18:24:37.370Z,15,32.51,32,32.9,32.5,59,59,59,59,277,1023,276,RESTLESS,48.9,49,0,0,145.1,144,2,2,11,0,32.5,59,276,QUIET,0,0,144,49
69ed07038e0b93ff64ea424c,ESP32_GREENHOUSE_01,2026-04-25T18:25:07.380Z,15,32.53,32,32.9,32.6,59,59,59,59,298.4,813,182,QUIET,48.1,52,6,0,136.1,127,11,0,2,2,32.6,59,182,RESTLESS,1,0,127,52
69ed07218e0b93ff64ea424e,ESP32_GREENHOUSE_01,2026-04-25T18:25:37.382Z,15,32.59,32.1,32.9,32.9,59,59,59,59,232.3,1023,57,RESTLESS,50.4,57,4,0,98.1,16,0,0,15,0,32.9,59,57,RESTLESS,0,0,16,57
69ed073f8e0b93ff64ea4257,ESP32_GREENHOUSE_01,2026-04-25T18:26:07.394Z,15,32.63,32.1,32.9,32.1,59,59,59,59,156.4,448,134,LIGHT_ACTIVITY,53.5,55,13,0,9.7,5,0,12,3,0,32.1,59,134,RESTLESS,0,0,5,55
69ed075d8e0b93ff64ea4259,ESP32_GREENHOUSE_01,2026-04-25T18:26:37.401Z,14,32.47,32,32.9,32.2,59,59,59,59,174,568,178,RESTLESS,52.9,53,3,0,3.9,1,0,0,14,0,32.2,59,178,RESTLESS,1,0,1,53
69ed077b8e0b93ff64ea425f,ESP32_GREENHOUSE_01,2026-04-25T18:27:07.413Z,15,32.57,32.2,32.9,32.6,59,59,59,59,211.6,1023,148,QUIET,51.3,54,12,0,2.7,1,8,5,2,0,32.6,59,148,LIGHT_ACTIVITY,0,0,1,54
69ed07998e0b93ff64ea4265,ESP32_GREENHOUSE_01,2026-04-25T18:27:37.419Z,15,32.51,32,32.9,32.4,58.47,58,59,58,295.1,836,682,QUIET,48.5,34,0,0,0.5,1,9,4,1,1,32.4,58,682,CRYING,0,0,1,34
69ed07b78e0b93ff64ea4268,ESP32_GREENHOUSE_01,2026-04-25T18:28:07.420Z,15,32.58,32.1,32.9,32.7,58,58,58,58,413.5,883,590,CRYING,44,37,0,0,0.9,1,3,0,0,12,32.7,58,590,CRYING,0,0,1,37
69ed07d58e0b93ff64ea426b,ESP32_GREENHOUSE_01,2026-04-25T18:28:37.421Z,15,32.53,32,32.9,32,58,58,58,58,270.5,688,474,CRYING,49.8,43,0,0,0.9,1,3,0,4,8,32,58,474,RESTLESS,0,0,1,43
69ed07f38e0b93ff64ea426c,ESP32_GREENHOUSE_01,2026-04-25T18:29:07.425Z,15,32.52,32,32.9,32.3,58,58,58,58,273.1,739,239,RESTLESS,49.6,51,0,0,0.6,1,0,0,15,0,32.3,58,239,RESTLESS,0,0,1,51
69ed08118e0b93ff64ea426e,ESP32_GREENHOUSE_01,2026-04-25T18:29:37.431Z,15,32.42,32,32.9,32.2,57.6,57,58,57,305.8,591,311,CRYING,48.7,49,0,0,0.9,1,0,0,6,9,32.2,57,311,CRYING,0,0,1,49
69ed082f8e0b93ff64ea426f,ESP32_GREENHOUSE_01,2026-04-25T18:30:07.436Z,11,32.33,32,32.8,32.8,57,57,57,57,295.8,783,175,CRYING,49.6,54,0,0,0.9,1,0,0,0,11,32.8,57,175,CRYING,0,0,1,54
69ed084d8e0b93ff64ea4273,ESP32_GREENHOUSE_01,2026-04-25T18:30:37.449Z,11,32.47,32.1,32.9,32.3,57,57,57,57,352.9,789,148,QUIET,47.3,55,0,0,0.8,0,6,0,1,4,32.3,57,148,QUIET,0,0,0,55
69ed086b8e0b93ff64ea4276,ESP32_GREENHOUSE_01,2026-04-25T18:31:07.460Z,12,32.4,32.1,32.9,32.1,57,57,57,57,140.1,411,80,QUIET,55.6,59,0,0,1,1,9,0,3,0,32.1,57,80,QUIET,0,0,1,59
69ed08898e0b93ff64ea4279,ESP32_GREENHOUSE_01,2026-04-25T18:31:37.466Z,16,32.33,32,32.9,32.2,57,57,57,57,259.1,705,337,QUIET,51.2,48,0,0,0.9,1,9,1,6,0,32.2,57,337,QUIET,0,0,1,48
69ed08a78e0b93ff64ea427d,ESP32_GREENHOUSE_01,2026-04-25T18:32:07.476Z,15,32.35,32.1,32.7,32.7,57,57,57,57,275.7,771,253,CRYING,50.5,51,0,0,0.9,1,4,0,3,8,32.7,57,253,CRYING,0,0,1,51
69ed08c58e0b93ff64ea4282,ESP32_GREENHOUSE_01,2026-04-25T18:32:37.483Z,15,32.29,32.1,32.7,32.1,57,57,57,57,223.9,816,106,RESTLESS,52.6,58,0,0,1,1,6,0,6,3,32.1,57,106,QUIET,0,0,1,58
69ed08e38e0b93ff64ea4287,ESP32_GREENHOUSE_01,2026-04-25T18:33:07.493Z,15,32.31,32,32.8,32.1,57,57,57,57,301.3,837,164,CRYING,49.3,55,0,0,0.9,1,5,0,4,6,32.1,57,164,RESTLESS,0,0,1,55
69ed09018e0b93ff64ea428c,ESP32_GREENHOUSE_01,2026-04-25T18:33:37.506Z,15,32.43,32.1,32.8,32.2,57,57,57,57,339.6,1023,204,RESTLESS,47.7,53,0,0,0.9,1,4,0,9,2,32.2,57,204,CRYING,0,0,1,53
69ed091f8e0b93ff64ea428f,ESP32_GREENHOUSE_01,2026-04-25T18:34:07.517Z,15,32.41,32.1,32.9,32.1,57,57,57,57,427.5,811,276,CRYING,44.5,51,0,0,0.9,1,2,0,0,13,32.1,57,276,CRYING,0,0,1,51
69ed093d8e0b93ff64ea4290,ESP32_GREENHOUSE_01,2026-04-25T18:34:37.521Z,15,32.47,32.1,32.9,32.9,57,57,57,57,298.3,773,169,CRYING,49.3,54,0,0,0.8,1,0,0,0,15,32.9,57,169,CRYING,0,0,1,54
69ed095b8e0b93ff64ea4294,ESP32_GREENHOUSE_01,2026-04-25T18:35:07.528Z,15,32.29,32,32.7,32.4,57,57,57,57,381.3,1023,112,RESTLESS,46.3,57,0,0,1,1,1,0,14,0,32.4,57,112,RESTLESS,0,0,1,57
69ed09798e0b93ff64ea4297,ESP32_GREENHOUSE_01,2026-04-25T18:35:37.531Z,11,32.27,32.1,32.7,32.2,57,57,57,57,257.5,499,181,RESTLESS,51.3,54,0,0,1,1,0,0,9,2,32.2,57,181,RESTLESS,0,0,1,54
69ed09978e0b93ff64ea429a,ESP32_GREENHOUSE_01,2026-04-25T18:36:07.535Z,19,32.33,32,32.8,32.7,57,57,57,57,272.9,725,79,RESTLESS,50.6,58,0,0,1,1,0,0,14,5,32.7,57,79,RESTLESS,0,0,1,58
69ed09b58e0b93ff64ea429d,ESP32_GREENHOUSE_01,2026-04-25T18:36:37.546Z,14,32.35,32.1,32.8,32.8,57,57,57,57,354.1,894,524,CRYING,47.3,40,0,0,1,1,3,0,1,10,32.8,57,524,CRYING,0,0,1,40
69ed09d38e0b93ff64ea429e,ESP32_GREENHOUSE_01,2026-04-25T18:37:07.550Z,15,32.35,32.1,32.8,32.4,57,57,57,57,277.9,675,93,CRYING,50.3,57,0,0,1,1,0,0,0,15,32.4,57,93,CRYING,0,0,1,57
69ed09f18e0b93ff64ea42a2,ESP32_GREENHOUSE_01,2026-04-25T18:37:37.553Z,15,32.34,32.2,32.6,32.5,57,57,57,57,259,953,205,LIGHT_ACTIVITY,51.1,53,0,0,1,1,4,9,1,1,32.5,57,205,RESTLESS,0,0,1,53
69ed0a0f8e0b93ff64ea42a7,ESP32_GREENHOUSE_01,2026-04-25T18:38:07.557Z,15,32.35,32.2,32.6,32.4,57,57,57,57,364.5,1012,91,CRYING,46.8,57,0,0,1,1,2,0,2,11,32.4,57,91,QUIET,0,0,1,57
69ed0a2d8e0b93ff64ea42ad,ESP32_GREENHOUSE_01,2026-04-25T18:38:37.558Z,15,32.45,32.2,32.8,32.8,57,57,57,57,353.6,1023,356,QUIET,47.1,47,0,0,1,1,10,0,3,2,32.8,57,356,CRYING,0,0,1,47
69ed0a4b8e0b93ff64ea42ae,ESP32_GREENHOUSE_01,2026-04-25T18:39:07.565Z,15,32.47,32.1,32.8,32.8,57,57,57,57,419.9,913,187,CRYING,44.4,53,0,0,0.9,1,0,0,0,15,32.8,57,187,CRYING,0,0,1,53
69ed0a698e0b93ff64ea42af,ESP32_GREENHOUSE_01,2026-04-25T18:39:37.576Z,15,32.29,32.1,32.8,32.3,57,57,57,57,404.5,1023,136,CRYING,45.5,56,0,0,1,1,0,0,0,15,32.3,57,136,CRYING,0,0,1,56
69ed0a878e0b93ff64ea42b0,ESP32_GREENHOUSE_01,2026-04-25T18:40:07.586Z,15,32.29,32.2,32.7,32.7,57,57,57,57,263.8,787,139,CRYING,51.1,55,0,0,1.1,1,0,0,0,15,32.7,57,139,CRYING,0,0,1,55
69ed0aa58e0b93ff64ea42b4,ESP32_GREENHOUSE_01,2026-04-25T18:40:37.598Z,15,32.41,32.1,32.9,32.3,57,57,57,57,426.8,1023,62,CRYING,44.4,59,0,0,1,1,0,0,7,8,32.3,57,62,RESTLESS,0,0,1,59
69ed0ac38e0b93ff64ea42bb,ESP32_GREENHOUSE_01,2026-04-25T18:41:07.612Z,14,32.4,32,32.9,32.4,57,57,57,57,216.6,440,440,CRYING,52.6,44,0,0,1,1,5,0,3,6,32.4,57,440,QUIET,0,0,1,44
69ed0ae18e0b93ff64ea42c1,ESP32_GREENHOUSE_01,2026-04-25T18:41:37.619Z,15,32.4,32.1,32.9,32.1,57,57,57,57,352.7,1023,146,CRYING,47.4,56,0,0,1.1,1,4,0,1,10,32.1,57,146,CRYING,0,0,1,56
69ed0aff8e0b93ff64ea42c7,ESP32_GREENHOUSE_01,2026-04-25T18:42:07.633Z,15,32.27,32,32.7,32.7,57,57,57,57,279.5,663,403,RESTLESS,50.5,45,0,0,1.1,1,4,0,9,2,32.7,57,403,RESTLESS,0,0,1,45
69ed0b1d8e0b93ff64ea42cc,ESP32_GREENHOUSE_01,2026-04-25T18:42:37.638Z,15,32.41,32.1,32.8,32.8,57,57,57,57,236.8,632,106,RESTLESS,51.7,56,0,0,1.1,1,5,0,8,2,32.8,57,106,QUIET,0,0,1,56
69ed0b3b8e0b93ff64ea42ce,ESP32_GREENHOUSE_01,2026-04-25T18:43:07.653Z,15,32.36,32,32.8,32.1,57,57,57,57,388.2,903,361,QUIET,46.1,48,0,0,1,1,11,0,0,4,32.1,57,361,CRYING,0,0,1,48
69ed0b598e0b93ff64ea42d0,ESP32_GREENHOUSE_01,2026-04-25T18:43:37.660Z,15,32.39,32,32.8,32.2,57,57,57,57,319.3,793,217,CRYING,48.6,53,0,0,1,1,0,0,2,13,32.2,57,217,RESTLESS,0,0,1,53
69ed0b778e0b93ff64ea42d6,ESP32_GREENHOUSE_01,2026-04-25T18:44:07.665Z,15,32.3,32,32.9,32.2,57,57,57,57,359.2,872,296,RESTLESS,47.3,50,0,0,1.3,2,2,0,12,1,32.2,57,296,CRYING,0,0,2,50
69ed0b958e0b93ff64ea42db,ESP32_GREENHOUSE_01,2026-04-25T18:44:37.674Z,15,32.35,32,32.8,32.2,57,57,57,57,339.8,1023,74,CRYING,47.9,59,7,0,185.5,193,0,0,5,10,32.2,57,74,CRYING,0,0,193,59
69ed0bb38e0b93ff64ea42e1,ESP32_GREENHOUSE_01,2026-04-25T18:45:07.685Z,15,32.4,32,32.9,32.1,57.07,57,58,58,293,758,758,RESTLESS,49.8,31,4,0,192.1,192,0,0,8,7,32.1,58,758,RESTLESS,0,0,192,31
69ed0bd18e0b93ff64ea42e6,ESP32_GREENHOUSE_01,2026-04-25T18:45:37.698Z,14,32.5,32,32.9,32.9,57.36,57,58,57,353.1,814,316,CRYING,46.8,48,3,0,191.5,191,0,1,1,12,32.9,57,316,CRYING,1,0,191,48
69ed0bef8e0b93ff64ea42ea,ESP32_GREENHOUSE_01,2026-04-25T18:46:07.711Z,15,32.36,32,32.9,32.3,57.67,57,58,58,348.3,804,331,CRYING,47.3,48,5,0,191,190,0,0,0,15,32.3,58,331,CRYING,0,0,190,48
69ed0c0d8e0b93ff64ea42f2,ESP32_GREENHOUSE_01,2026-04-25T18:46:37.720Z,15,32.27,32,32.6,32.6,58,58,58,58,347.2,1023,1023,CRYING,47,20,9,0,190.5,190,1,0,5,9,32.6,58,1023,CRYING,0,0,190,20
69ed0c2b8e0b93ff64ea42f7,ESP32_GREENHOUSE_01,2026-04-25T18:47:07.736Z,15,32.42,32,32.9,32.8,57.53,57,58,57,234.6,459,459,CRYING,51.5,43,0,0,189.9,189,2,2,2,9,32.8,57,459,QUIET,0,0,189,43
69ed0c498e0b93ff64ea4302,ESP32_GREENHOUSE_01,2026-04-25T18:47:37.739Z,15,32.45,32,32.9,32.9,57,57,57,57,317.5,932,107,RESTLESS,48.7,56,3,0,189.5,189,3,2,8,2,32.9,57,107,RESTLESS,0,0,189,56
69ed0c678e0b93ff64ea4308,ESP32_GREENHOUSE_01,2026-04-25T18:48:07.748Z,11,32.35,32,32.9,32.1,57,57,57,57,256.9,819,64,CRYING,51.2,59,0,0,189,189,0,5,0,6,32.1,57,64,LIGHT_ACTIVITY,0,0,189,59
69ed0c858e0b93ff64ea430f,ESP32_GREENHOUSE_01,2026-04-25T18:48:37.752Z,15,32.31,32,32.7,32,57,57,57,57,434.7,1023,169,CRYING,44.1,55,8,0,189,189,0,0,1,14,32,57,169,CRYING,0,0,189,55
69ed0ca38e0b93ff64ea4311,ESP32_GREENHOUSE_01,2026-04-25T18:49:07.755Z,10,32.36,32,32.7,32.4,57,57,57,57,199.8,362,121,CRYING,53.3,56,0,0,189,189,0,0,1,9,32.4,57,121,RESTLESS,0,0,189,56
69ed0cc18e0b93ff64ea4313,ESP32_GREENHOUSE_01,2026-04-25T18:49:37.768Z,11,32.36,32,32.9,32.1,57,57,57,57,234,475,200,RESTLESS,52,54,0,0,188.8,188,0,2,9,0,32.1,57,200,LIGHT_ACTIVITY,0,0,188,54
69ed0cdf8e0b93ff64ea431e,ESP32_GREENHOUSE_01,2026-04-25T18:50:07.776Z,15,32.45,32.1,32.9,32.5,57,57,57,57,404.9,757,285,CRYING,45.2,49,13,0,188.7,189,4,3,0,8,32.5,57,285,CRYING,1,0,189,49
69ed0cfd8e0b93ff64ea4327,ESP32_GREENHOUSE_01,2026-04-25T18:50:37.785Z,14,32.4,32,32.9,32.5,57,57,57,57,216.3,453,111,CRYING,52.9,56,4,0,188.3,187,4,2,0,8,32.5,57,111,LIGHT_ACTIVITY,0,0,187,56
69ed0d1b8e0b93ff64ea432c,ESP32_GREENHOUSE_01,2026-04-25T18:51:07.789Z,15,32.35,32,32.9,32.2,57,57,57,57,263.6,689,59,RESTLESS,50.9,59,7,0,186.1,185,0,6,9,0,32.2,57,59,RESTLESS,1,0,185,59
69ed0d398e0b93ff64ea432f,ESP32_GREENHOUSE_01,2026-04-25T18:51:37.797Z,15,32.5,32,32.9,32.1,57,57,57,57,599.1,1023,670,RESTLESS,37.6,36,0,0,186.3,186,0,0,8,7,32.1,57,670,CRYING,0,0,186,36
69ed0d578e0b93ff64ea4332,ESP32_GREENHOUSE_01,2026-04-25T18:52:07.810Z,15,32.44,32.1,32.9,32.5,57,57,57,57,709.7,1023,1023,CRYING,33.3,21,4,0,186,185,0,0,0,15,32.5,57,1023,CRYING,0,0,185,21
69ed0d758e0b93ff64ea4333,ESP32_GREENHOUSE_01,2026-04-25T18:52:37.822Z,15,32.37,32,32.9,32.4,57,57,57,57,552.1,1023,1023,CRYING,39.6,21,0,0,186,186,0,0,0,15,32.4,57,1023,CRYING,0,0,186,21
69ed0d938e0b93ff64ea4335,ESP32_GREENHOUSE_01,2026-04-25T18:53:07.833Z,15,32.23,32,32.8,32,57,57,57,57,655.1,1023,103,CRYING,35.8,58,2,0,184.8,179,0,0,0,15,32,57,103,CRYING,1,0,179,58
69ed0db18e0b93ff64ea4339,ESP32_GREENHOUSE_01,2026-04-25T18:53:37.843Z,15,32.55,32,32.9,32.9,58,58,58,58,540.9,1023,185,CRYING,39.1,53,5,0,182.9,184,0,0,0,15,32.9,58,185,CRYING,0,0,184,53
69ed0dcf8e0b93ff64ea433c,ESP32_GREENHOUSE_01,2026-04-25T18:54:07.852Z,15,32.55,32.1,32.9,32.1,58,58,58,58,648.1,1023,293,CRYING,34.9,50,7,0,185,184,0,0,0,15,32.1,58,293,CRYING,0,0,184,50
69ed0ded8e0b93ff64ea433e,ESP32_GREENHOUSE_01,2026-04-25T18:54:37.857Z,15,32.65,32.1,32.9,32.8,58,58,58,58,618,1023,165,CRYING,36.1,54,3,0,181.7,176,0,0,0,15,32.8,58,165,CRYING,1,0,176,54
69ed0e0b8e0b93ff64ea433f,ESP32_GREENHOUSE_01,2026-04-25T18:55:07.865Z,14,32.54,32.2,32.9,32.5,57.21,55,58,58,642.2,1023,275,CRYING,35.6,49,14,0,151.6,165,0,0,0,14,32.5,58,275,CRYING,1,0,165,49
69ed0e298e0b93ff64ea4341,ESP32_GREENHOUSE_01,2026-04-25T18:55:37.876Z,15,32.4,32,32.9,32.5,58.67,58,60,60,365.7,949,131,CRYING,45.8,54,15,0,171.1,171,0,0,1,14,32.5,60,131,RESTLESS,1,0,171,54
69ed0e478e0b93ff64ea4347,ESP32_GREENHOUSE_01,2026-04-25T18:56:07.879Z,15,32.5,32,32.9,32.4,59.8,59,61,60,324,866,219,RESTLESS,46.5,50,8,0,172.3,176,0,0,11,4,32.4,60,219,CRYING,1,0,176,50
69ed0e658e0b93ff64ea4349,ESP32_GREENHOUSE_01,2026-04-25T18:56:37.892Z,15,32.45,32,32.9,32.8,59.2,59,60,59,450.2,829,132,CRYING,41.9,54,10,0,174.3,173,0,0,0,15,32.8,59,132,CRYING,0,0,173,54
69ed0e838e0b93ff64ea434a,ESP32_GREENHOUSE_01,2026-04-25T18:57:07.906Z,15,32.51,32,32.9,32,59,59,59,59,533.9,1023,1023,CRYING,38.9,21,0,0,173.4,174,0,0,0,15,32,59,1023,CRYING,0,0,174,21
69ed0ea18e0b93ff64ea434d,ESP32_GREENHOUSE_01,2026-04-25T18:57:37.920Z,15,32.54,32,32.8,32.6,59,59,59,59,355.1,654,431,CRYING,45.8,43,4,0,173.5,173,0,0,0,15,32.6,59,431,CRYING,0,0,173,43
69ed0ebf8e0b93ff64ea4351,ESP32_GREENHOUSE_01,2026-04-25T18:58:07.924Z,15,32.43,32.1,32.9,32.4,59,59,59,59,244.8,428,205,CRYING,50.2,52,3,0,173.1,173,0,0,5,10,32.4,59,205,RESTLESS,0,0,173,52
69ed0edd8e0b93ff64ea4355,ESP32_GREENHOUSE_01,2026-04-25T18:58:37.927Z,15,32.57,32.1,32.8,32.1,59,59,59,59,476.2,1023,1023,CRYING,40.9,20,0,0,173.1,173,0,0,6,9,32.1,59,1023,CRYING,0,0,173,20
69ed0efb8e0b93ff64ea4358,ESP32_GREENHOUSE_01,2026-04-25T18:59:07.932Z,14,32.53,32,32.9,32.3,59,59,59,59,321.1,868,443,CRYING,47.1,43,0,0,173,173,0,0,1,13,32.3,59,443,CRYING,0,0,173,43
69ed0f198e0b93ff64ea435e,ESP32_GREENHOUSE_01,2026-04-25T18:59:37.943Z,15,32.59,32,32.9,32.7,59,59,59,59,355.9,866,325,QUIET,45.7,47,0,0,173.1,173,7,4,4,0,32.7,59,325,QUIET,0,0,173,47
69ed0f378e0b93ff64ea4362,ESP32_GREENHOUSE_01,2026-04-25T19:00:07.952Z,14,32.42,32,32.8,32.3,59,59,59,59,323.1,1023,534,RESTLESS,47.1,39,0,0,173.1,173,1,3,10,0,32.3,59,534,RESTLESS,0,0,173,39
69ed0f558e0b93ff64ea4369,ESP32_GREENHOUSE_01,2026-04-25T19:00:37.960Z,16,32.48,32.1,32.9,32.8,61.44,59,64,64,155.3,403,271,QUIET,52.1,46,8,0,174.4,175,7,6,3,0,32.8,64,271,LIGHT_ACTIVITY,1,0,175,46
69ed0f738e0b93ff64ea436d,ESP32_GREENHOUSE_01,2026-04-25T19:01:07.967Z,15,33.26,32.3,33.9,33.4,62.4,57,65,57,180.1,678,41,LIGHT_ACTIVITY,50.3,59,7,0,174.5,175,0,9,6,0,33.4,57,41,RESTLESS,1,0,175,59
69ed0f918e0b93ff64ea4370,ESP32_GREENHOUSE_01,2026-04-25T19:01:37.978Z,15,33.53,33,33.9,33.2,54.13,53,56,54,253.9,744,744,RESTLESS,52.5,33,2,0,174.5,175,2,0,13,0,33.2,54,744,QUIET,0,0,175,33
69ed0faf8e0b93ff64ea4374,ESP32_GREENHOUSE_01,2026-04-25T19:02:07.983Z,15,33.45,32.8,33.9,32.8,54.73,54,56,56,273.9,699,214,QUIET,51.5,53,0,0,174,174,9,0,0,6,32.8,56,214,CRYING,0,0,174,53
69ed0fcd8e0b93ff64ea437b,ESP32_GREENHOUSE_01,2026-04-25T19:02:37.987Z,15,32.33,32,32.6,32.4,56.53,56,57,57,232.4,665,52,RESTLESS,52.3,59,6,0,174.8,175,1,0,11,3,32.4,57,52,RESTLESS,1,0,175,59
69ed0feb8e0b93ff64ea437e,ESP32_GREENHOUSE_01,2026-04-25T19:03:07.991Z,15,32.26,32,32.7,32.1,57.27,57,58,58,365.5,1023,47,RESTLESS,46.8,59,6,0,174.8,174,0,0,9,6,32.1,58,47,CRYING,0,0,174,59
69ed100a8e0b93ff64ea4383,ESP32_GREENHOUSE_01,2026-04-25T19:03:38.003Z,14,32.37,32,32.9,32.3,58,58,58,58,273.7,816,137,CRYING,49.9,55,4,0,174.5,175,5,1,1,7,32.3,58,137,RESTLESS,1,0,175,55
69ed10288e0b93ff64ea4387,ESP32_GREENHOUSE_01,2026-04-25T19:04:08.013Z,15,32.53,32,32.9,32.9,58,58,58,58,342.5,866,187,RESTLESS,46.9,53,12,0,174.8,176,0,0,13,2,32.9,58,187,CRYING,1,0,176,53
69ed10468e0b93ff64ea438f,ESP32_GREENHOUSE_01,2026-04-25T19:04:38.021Z,15,32.59,32.1,32.9,32.1,58.53,58,59,58,208.7,698,472,LIGHT_ACTIVITY,51.7,43,13,0,174,170,4,6,1,4,32.1,58,472,QUIET,0,0,170,43
69ed10648e0b93ff64ea4393,ESP32_GREENHOUSE_01,2026-04-25T19:05:08.025Z,15,32.41,32,32.9,32.2,58,58,58,58,169.2,410,59,RESTLESS,53.9,59,0,0,170.3,170,6,1,8,0,32.2,58,59,QUIET,0,0,170,59
69ed10828e0b93ff64ea4398,ESP32_GREENHOUSE_01,2026-04-25T19:05:38.030Z,15,32.35,32,32.9,32.2,58,58,58,58,261.6,658,77,QUIET,50.3,58,3,0,173.3,176,13,1,1,0,32.2,58,77,LIGHT_ACTIVITY,1,0,176,58
69ed10a08e0b93ff64ea439d,ESP32_GREENHOUSE_01,2026-04-25T19:06:08.040Z,15,32.63,32,32.9,32.7,58,58,58,58,297,1023,347,LIGHT_ACTIVITY,48.6,46,10,0,176.1,176,7,8,0,0,32.7,58,347,LIGHT_ACTIVITY,0,0,176,46
69ed10be8e0b93ff64ea43a1,ESP32_GREENHOUSE_01,2026-04-25T19:06:38.052Z,15,32.42,32,32.8,32.7,58.53,58,59,59,380.6,868,175,CRYING,45.3,53,7,0,176,176,0,3,0,12,32.7,59,175,CRYING,0,0,176,53
69ed10dc8e0b93ff64ea43a3,ESP32_GREENHOUSE_01,2026-04-25T19:07:08.059Z,15,32.55,32.1,32.8,32.6,59,59,59,59,240.1,642,251,RESTLESS,50.1,50,0,0,174.6,174,0,0,8,7,32.6,59,251,RESTLESS,0,0,174,50
69ed10fa8e0b93ff64ea43a4,ESP32_GREENHOUSE_01,2026-04-25T19:07:38.061Z,15,32.55,32.3,32.9,32.8,59,59,59,59,273.5,842,386,RESTLESS,48.8,44,0,0,173.8,174,0,0,15,0,32.8,59,386,RESTLESS,0,0,174,44
69ed11188e0b93ff64ea43ac,ESP32_GREENHOUSE_01,2026-04-25T19:08:08.073Z,14,32.52,32.1,32.8,32.1,59,59,59,59,297.9,1003,170,CRYING,48,54,3,0,173.7,173,1,2,3,8,32.1,59,170,CRYING,0,0,173,54
69ed11368e0b93ff64ea43b2,ESP32_GREENHOUSE_01,2026-04-25T19:08:38.075Z,15,32.48,32.1,32.9,32.7,59,59,59,59,227.7,589,140,CRYING,50.9,54,8,0,189.7,234,3,5,0,7,32.7,59,140,LIGHT_ACTIVITY,1,0,234,54
69ed11548e0b93ff64ea43b9,ESP32_GREENHOUSE_01,2026-04-25T19:09:08.090Z,15,32.38,32,32.8,32.5,59,59,59,59,297,1023,1023,QUIET,48.3,19,4,0,234.4,233,5,5,0,5,32.5,59,1023,CRYING,0,0,233,19
69ed11728e0b93ff64ea43be,ESP32_GREENHOUSE_01,2026-04-25T19:09:38.093Z,15,32.55,32,32.9,32.9,59.4,59,60,60,218.2,588,470,RESTLESS,50.7,40,0,0,233.9,233,0,3,7,5,32.9,60,470,RESTLESS,0,0,233,40
69ed11908e0b93ff64ea43c3,ESP32_GREENHOUSE_01,2026-04-25T19:10:08.103Z,15,32.53,32,32.9,32.7,59.93,59,60,59,256.9,451,383,RESTLESS,48.9,44,12,0,236.9,237,0,1,10,4,32.7,59,383,CRYING,0,0,237,44
69ed11ae8e0b93ff64ea43c8,ESP32_GREENHOUSE_01,2026-04-25T19:10:38.110Z,15,33.99,32.1,35.9,34.8,71.13,59,79,77,375,1014,321,CRYING,37.3,36,11,0,233.5,236,0,0,4,11,34.8,77,321,RESTLESS,1,0,236,36
69ed11cc8e0b93ff64ea43ca,ESP32_GREENHOUSE_01,2026-04-25T19:11:08.118Z,15,33.39,32.7,34.9,32.7,66.27,62,74,62,185.1,504,96,RESTLESS,47.6,54,6,0,234.9,234,0,0,15,0,32.7,62,96,RESTLESS,0,0,234,54
69ed11ea8e0b93ff64ea43cf,ESP32_GREENHOUSE_01,2026-04-25T19:11:38.122Z,15,32.46,32,32.9,32.4,59.87,59,62,59,352.3,958,120,LIGHT_ACTIVITY,45.5,55,0,0,234.5,234,0,6,4,5,32.4,59,120,CRYING,0,0,234,55
69ed12088e0b93ff64ea43d5,ESP32_GREENHOUSE_01,2026-04-25T19:12:08.132Z,14,32.51,32.1,32.8,32.5,59,59,59,59,357.1,1023,260,RESTLESS,45.6,49,0,0,235.4,236,0,5,7,2,32.5,59,260,CRYING,0,0,236,49
69ed12268e0b93ff64ea43db,ESP32_GREENHOUSE_01,2026-04-25T19:12:38.140Z,15,32.61,32,32.9,32.3,59,59,59,59,240.7,530,124,RESTLESS,50.3,55,0,0,235.2,234,1,3,7,4,32.3,59,124,RESTLESS,0,0,234,55
69ed12448e0b93ff64ea43e0,ESP32_GREENHOUSE_01,2026-04-25T19:13:08.151Z,15,32.59,32,32.9,32,59,59,59,59,376.8,1023,232,LIGHT_ACTIVITY,44.9,52,0,0,235,236,1,6,6,2,32,59,232,RESTLESS,0,0,236,52
69ed12628e0b93ff64ea43e6,ESP32_GREENHOUSE_01,2026-04-25T19:13:38.162Z,15,32.51,32.1,32.8,32.7,59,59,59,59,290.2,792,62,LIGHT_ACTIVITY,48.4,57,0,0,238.9,241,2,8,4,1,32.7,59,62,LIGHT_ACTIVITY,0,0,241,57
69ed12808e0b93ff64ea43ea,ESP32_GREENHOUSE_01,2026-04-25T19:14:08.169Z,15,32.57,32,32.9,32.6,59,59,59,59,265.3,669,77,CRYING,49.2,56,0,0,238.3,237,1,4,0,10,32.6,59,77,CRYING,0,0,237,56
69ed129e8e0b93ff64ea43f1,ESP32_GREENHOUSE_01,2026-04-25T19:14:38.175Z,15,32.49,32,32.9,32.4,59,59,59,59,222.7,602,187,LIGHT_ACTIVITY,50.8,52,0,0,237.3,236,0,9,5,1,32.4,59,187,RESTLESS,0,0,236,52
69ed12bc8e0b93ff64ea43f7,ESP32_GREENHOUSE_01,2026-04-25T19:15:08.177Z,15,32.62,32,32.9,32,59,59,59,59,265.2,770,183,CRYING,49.1,54,0,0,237.8,238,0,2,5,8,32,59,183,RESTLESS,0,0,238,54
69ed12da8e0b93ff64ea43fb,ESP32_GREENHOUSE_01,2026-04-25T19:15:38.178Z,15,32.45,32,32.9,32.2,59,59,59,59,123.2,266,59,RESTLESS,55.1,58,0,0,238,238,1,1,13,0,32.2,59,59,QUIET,0,0,238,58
69ed12f88e0b93ff64ea4403,ESP32_GREENHOUSE_01,2026-04-25T19:16:08.185Z,15,32.53,32,32.9,32.6,59,59,59,59,218.2,736,195,LIGHT_ACTIVITY,51.1,52,7,0,239.4,240,3,12,0,0,32.6,59,195,LIGHT_ACTIVITY,0,0,240,52
69ed13168e0b93ff64ea4409,ESP32_GREENHOUSE_01,2026-04-25T19:16:38.192Z,14,32.56,32.2,32.9,32.4,59,59,59,59,162.5,526,54,LIGHT_ACTIVITY,53.1,58,12,0,241.6,237,3,11,0,0,32.4,59,54,QUIET,1,0,237,58
69ed13348e0b93ff64ea440b,ESP32_GREENHOUSE_01,2026-04-25T19:17:08.199Z,15,32.58,32,32.9,32.7,59,59,59,59,182.6,492,99,LIGHT_ACTIVITY,52.5,56,15,0,240.2,238,0,15,0,0,32.7,59,99,LIGHT_ACTIVITY,1,0,238,56
69ed13528e0b93ff64ea440c,ESP32_GREENHOUSE_01,2026-04-25T19:17:38.214Z,15,32.55,32.2,32.8,32.2,59,59,59,59,221.8,431,82,LIGHT_ACTIVITY,50.9,57,15,0,238.3,239,0,15,0,0,32.2,59,82,LIGHT_ACTIVITY,1,0,239,57
69ed13708e0b93ff64ea4412,ESP32_GREENHOUSE_01,2026-04-25T19:18:08.224Z,15,32.59,32,32.9,32.9,59,59,59,59,226.5,534,135,CRYING,50.6,54,14,0,238.5,238,0,6,1,8,32.9,59,135,RESTLESS,1,0,238,54
69ed138e8e0b93ff64ea4415,ESP32_GREENHOUSE_01,2026-04-25T19:18:38.228Z,15,32.58,32.3,32.9,32.6,59,59,59,59,208.8,361,102,RESTLESS,51.3,55,14,0,238.3,238,0,0,15,0,32.6,59,102,RESTLESS,1,0,238,55
69ed13ac8e0b93ff64ea4419,ESP32_GREENHOUSE_01,2026-04-25T19:19:08.236Z,15,32.55,32,32.9,32.5,59,59,59,59,269.5,946,425,CRYING,49.1,43,15,0,238.9,238,0,5,4,6,32.5,59,425,CRYING,1,0,238,43
69ed13ca8e0b93ff64ea4420,ESP32_GREENHOUSE_01,2026-04-25T19:19:38.238Z,15,32.61,32,32.9,32,59,59,59,59,257,734,297,RESTLESS,49.5,49,11,0,238.9,240,0,1,11,3,32,59,297,RESTLESS,1,0,240,49
69ed13e88e0b93ff64ea4424,ESP32_GREENHOUSE_01,2026-04-25T19:20:08.252Z,15,32.65,32.3,32.9,32.6,59,59,59,59,180.5,551,246,LIGHT_ACTIVITY,52.3,50,4,0,239.1,240,0,8,7,0,32.6,59,246,LIGHT_ACTIVITY,1,0,240,50
69ed14068e0b93ff64ea442e,ESP32_GREENHOUSE_01,2026-04-25T19:20:38.255Z,15,32.43,32,32.9,32.7,59,59,59,59,225.4,739,62,RESTLESS,51.1,57,14,0,239,240,1,5,7,2,32.7,59,62,LIGHT_ACTIVITY,1,0,240,57
69ed14248e0b93ff64ea442f,ESP32_GREENHOUSE_01,2026-04-25T19:21:08.269Z,14,32.66,32.1,32.9,32.7,59,59,59,59,296.1,962,57,LIGHT_ACTIVITY,47.9,57,14,0,239.4,238,0,14,0,0,32.7,59,57,LIGHT_ACTIVITY,1,0,238,57
69ed14428e0b93ff64ea4434,ESP32_GREENHOUSE_01,2026-04-25T19:21:38.276Z,15,32.72,32.4,32.9,32.6,59,59,59,59,315.5,551,361,CRYING,47.1,45,11,0,238.2,239,0,0,7,8,32.6,59,361,CRYING,1,0,239,45
69ed14608e0b93ff64ea4439,ESP32_GREENHOUSE_01,2026-04-25T19:22:08.290Z,15,32.61,32.3,32.9,32.4,59,59,59,59,162.5,280,141,RESTLESS,53,54,9,0,238.1,240,0,1,9,5,32.4,59,141,RESTLESS,1,0,240,54
69ed147e8e0b93ff64ea443c,ESP32_GREENHOUSE_01,2026-04-25T19:22:38.297Z,15,32.57,32,32.9,32.4,59,59,59,59,207.5,419,226,RESTLESS,51.5,51,13,0,239.1,238,0,0,15,0,32.4,59,226,RESTLESS,1,0,238,51
69ed149c8e0b93ff64ea443e,ESP32_GREENHOUSE_01,2026-04-25T19:23:08.303Z,15,32.61,32.3,32.9,32.5,59,59,59,59,222.5,521,521,RESTLESS,50.7,39,0,0,238.9,239,0,0,15,0,32.5,59,521,RESTLESS,0,0,239,39
69ed14ba8e0b93ff64ea4441,ESP32_GREENHOUSE_01,2026-04-25T19:23:38.304Z,15,32.57,32,32.9,32.4,59,59,59,59,151.1,380,82,RESTLESS,53.7,56,0,0,221.2,198,0,5,10,0,32.4,59,82,RESTLESS,0,0,198,56
69ed14d88e0b93ff64ea4442,ESP32_GREENHOUSE_01,2026-04-25T19:24:08.311Z,15,32.57,32,32.9,32,59,59,59,59,199.5,368,116,RESTLESS,51.8,56,0,0,214,203,0,0,15,0,32,59,116,RESTLESS,0,0,203,56
69ed14f68e0b93ff64ea4448,ESP32_GREENHOUSE_01,2026-04-25T19:24:38.314Z,14,32.62,32,32.9,32.8,59,59,59,59,335.6,1023,699,RESTLESS,46.4,32,0,0,209,236,2,0,6,6,32.8,59,699,CRYING,0,0,236,32
69ed15148e0b93ff64ea444b,ESP32_GREENHOUSE_01,2026-04-25T19:25:08.319Z,15,32.42,32,32.8,32.3,59,59,59,59,213.9,503,82,CRYING,51.4,57,0,0,236.3,239,3,6,0,6,32.3,59,82,LIGHT_ACTIVITY,0,0,239,57
69ed15328e0b93ff64ea444f,ESP32_GREENHOUSE_01,2026-04-25T19:25:38.332Z,15,32.53,32.2,32.9,32.6,59,59,59,59,180.5,475,70,RESTLESS,52.5,57,0,0,238.6,236,1,3,11,0,32.6,59,70,RESTLESS,0,0,236,57
69ed15508e0b93ff64ea4453,ESP32_GREENHOUSE_01,2026-04-25T19:26:08.340Z,15,32.42,32,32.8,32.1,59,59,59,59,362,983,465,LIGHT_ACTIVITY,45.5,42,10,0,236.4,239,0,12,3,0,32.1,59,465,LIGHT_ACTIVITY,0,0,239,42
69ed156e8e0b93ff64ea4457,ESP32_GREENHOUSE_01,2026-04-25T19:26:38.352Z,15,32.56,32.2,32.8,32.4,59,59,59,59,286.5,871,611,CRYING,48.5,36,0,0,238.1,238,1,0,0,14,32.4,59,611,CRYING,0,0,238,36
69ed158c8e0b93ff64ea4458,ESP32_GREENHOUSE_01,2026-04-25T19:27:08.359Z,15,32.61,32.1,32.8,32.8,59,59,59,59,298.9,973,130,CRYING,47.7,54,0,0,238.3,238,0,0,0,15,32.8,59,130,CRYING,0,0,238,54
69ed15aa8e0b93ff64ea445d,ESP32_GREENHOUSE_01,2026-04-25T19:27:38.361Z,15,32.39,32,32.8,32.8,59,59,59,59,272.4,1023,77,RESTLESS,49.1,56,0,0,238.5,240,1,4,10,0,32.8,59,77,LIGHT_ACTIVITY,0,0,240,56
69ed15c88e0b93ff64ea4462,ESP32_GREENHOUSE_01,2026-04-25T19:28:08.371Z,15,32.45,32,32.8,32.8,59,59,59,59,214.7,679,72,LIGHT_ACTIVITY,51.4,57,6,0,238.9,238,2,13,0,0,32.8,59,72,LIGHT_ACTIVITY,1,0,238,57
69ed15e68e0b93ff64ea4464,ESP32_GREENHOUSE_01,2026-04-25T19:28:38.381Z,14,32.51,32.1,32.9,32.6,59,59,59,59,270.1,602,161,LIGHT_ACTIVITY,49.1,53,4,0,238.8,238,0,14,0,0,32.6,59,161,LIGHT_ACTIVITY,0,0,238,53
69ed16048e0b93ff64ea4467,ESP32_GREENHOUSE_01,2026-04-25T19:29:08.391Z,15,32.51,32,32.9,32.9,59,59,59,59,235.3,1023,182,LIGHT_ACTIVITY,50.3,52,5,0,238.8,240,0,15,0,0,32.9,59,182,LIGHT_ACTIVITY,0,0,240,52
69ed16228e0b93ff64ea446a,ESP32_GREENHOUSE_01,2026-04-25T19:29:38.400Z,15,32.43,32.1,32.9,32.6,59,59,59,59,250.9,756,53,LIGHT_ACTIVITY,49.9,57,0,0,238.5,239,1,10,4,0,32.6,59,53,QUIET,0,0,239,57
69ed16408e0b93ff64ea446d,ESP32_GREENHOUSE_01,2026-04-25T19:30:08.405Z,15,32.4,32,32.8,32.4,59,59,59,59,215.8,1023,114,LIGHT_ACTIVITY,51.3,55,0,0,238.7,239,2,13,0,0,32.4,59,114,LIGHT_ACTIVITY,0,0,239,55
69ed165e8e0b93ff64ea446e,ESP32_GREENHOUSE_01,2026-04-25T19:30:38.414Z,15,32.51,32.2,32.9,32.6,59,59,59,59,308.6,979,167,LIGHT_ACTIVITY,47.5,53,0,0,238.1,239,0,15,0,0,32.6,59,167,LIGHT_ACTIVITY,0,0,239,53
69ed167c8e0b93ff64ea4473,ESP32_GREENHOUSE_01,2026-04-25T19:31:08.418Z,15,32.47,32.1,32.9,32.6,59.07,59,60,60,354.7,887,286,LIGHT_ACTIVITY,45.7,48,0,0,238.3,239,0,8,2,5,32.6,60,286,LIGHT_ACTIVITY,0,0,239,48
69ed169a8e0b93ff64ea447b,ESP32_GREENHOUSE_01,2026-04-25T19:31:38.430Z,15,32.49,32,32.9,32.3,59.87,59,60,60,207.8,620,113,RESTLESS,51.1,55,7,0,237.5,238,0,7,8,0,32.3,60,113,RESTLESS,0,0,238,55
69ed16b88e0b93ff64ea447c,ESP32_GREENHOUSE_01,2026-04-25T19:32:08.444Z,14,32.49,32,32.9,32.7,59.86,59,60,60,191.4,464,181,RESTLESS,51.9,52,0,0,238.2,240,0,0,14,0,32.7,60,181,RESTLESS,0,0,240,52
69ed16d68e0b93ff64ea4480,ESP32_GREENHOUSE_01,2026-04-25T19:32:38.448Z,15,32.4,32,32.9,32.8,59.67,59,60,60,256.7,737,471,RESTLESS,49.5,40,0,0,236.8,237,0,2,13,0,32.8,60,471,LIGHT_ACTIVITY,0,0,237,40
69ed16f48e0b93ff64ea4484,ESP32_GREENHOUSE_01,2026-04-25T19:33:08.460Z,15,32.47,32,32.8,32.1,59.67,59,60,59,278.7,868,428,LIGHT_ACTIVITY,48.7,44,9,0,236.5,237,1,14,0,0,32.1,59,428,LIGHT_ACTIVITY,0,0,237,44
69ed17128e0b93ff64ea4489,ESP32_GREENHOUSE_01,2026-04-25T19:33:38.468Z,15,32.59,32.2,32.9,32.7,59.53,59,60,60,142.7,567,171,LIGHT_ACTIVITY,53.7,52,12,0,252.1,233,2,12,1,0,32.7,60,171,RESTLESS,1,0,233,52
69ed17308e0b93ff64ea4492,ESP32_GREENHOUSE_01,2026-04-25T19:34:08.469Z,15,32.53,32.2,32.9,32.6,60,60,60,60,140,371,233,LIGHT_ACTIVITY,53.5,50,11,0,235.5,235,1,12,2,0,32.6,60,233,LIGHT_ACTIVITY,1,0,235,50
69ed174e8e0b93ff64ea4497,ESP32_GREENHOUSE_01,2026-04-25T19:34:38.477Z,15,32.4,32,32.9,32.7,60,60,60,60,139.5,513,513,LIGHT_ACTIVITY,53.9,39,13,0,236.2,235,3,12,0,0,32.7,60,513,LIGHT_ACTIVITY,0,0,235,39
69ed176c8e0b93ff64ea449c,ESP32_GREENHOUSE_01,2026-04-25T19:35:08.483Z,15,32.46,32,32.9,32.2,60.2,60,61,61,122.4,223,185,LIGHT_ACTIVITY,54.3,52,0,0,235.7,236,1,11,3,0,32.2,61,185,RESTLESS,0,0,236,52
69ed178a8e0b93ff64ea44a2,ESP32_GREENHOUSE_01,2026-04-25T19:35:38.493Z,15,32.46,32,32.9,32.6,60.4,60,61,61,196.3,547,444,RESTLESS,51.2,41,0,0,235.5,236,0,7,8,0,32.6,61,444,LIGHT_ACTIVITY,0,0,236,41
69ed17a88e0b93ff64ea44a8,ESP32_GREENHOUSE_01,2026-04-25T19:36:08.494Z,14,32.54,32,32.9,32,60.07,60,61,60,183.9,476,164,LIGHT_ACTIVITY,51.8,54,2,0,236.6,238,1,11,2,0,32,60,164,RESTLESS,1,0,238,54
69ed17c68e0b93ff64ea44ab,ESP32_GREENHOUSE_01,2026-04-25T19:36:38.503Z,15,32.49,32.1,32.9,32.2,60,60,60,60,169.6,588,71,RESTLESS,52.4,57,4,0,236.2,236,0,1,14,0,32.2,60,71,LIGHT_ACTIVITY,0,0,236,57
69ed17e48e0b93ff64ea44b1,ESP32_GREENHOUSE_01,2026-04-25T19:37:08.505Z,15,32.36,32.1,32.7,32.3,60.2,60,61,61,213.3,961,333,RESTLESS,50.9,46,0,0,236.1,237,0,4,11,0,32.3,61,333,RESTLESS,0,0,237,46
69ed18028e0b93ff64ea44b4,ESP32_GREENHOUSE_01,2026-04-25T19:37:38.520Z,15,32.35,32,32.9,32.8,60.93,60,61,61,172.5,753,120,RESTLESS,52.1,53,0,0,235.5,235,0,1,14,0,32.8,61,120,RESTLESS,0,0,235,53
69ed18208e0b93ff64ea44b6,ESP32_GREENHOUSE_01,2026-04-25T19:38:08.527Z,15,32.38,32.1,32.9,32.2,61,61,61,61,165.2,558,72,RESTLESS,52.3,56,0,0,235.3,235,0,7,8,0,32.2,61,72,LIGHT_ACTIVITY,0,0,235,56
69ed183e8e0b93ff64ea44b8,ESP32_GREENHOUSE_01,2026-04-25T19:38:38.537Z,15,32.35,32,32.9,32.3,61,61,61,61,234.5,1023,135,LIGHT_ACTIVITY,49.5,53,0,0,235.7,235,0,14,1,0,32.3,61,135,RESTLESS,0,0,235,53
69ed185c8e0b93ff64ea44bf,ESP32_GREENHOUSE_01,2026-04-25T19:39:08.549Z,15,32.13,31,32.9,31.4,61.13,61,62,62,208.6,591,76,LIGHT_ACTIVITY,51,58,4,0,235.1,235,1,13,1,0,31.4,62,76,LIGHT_ACTIVITY,0,0,235,58
69ed187a8e0b93ff64ea44c4,ESP32_GREENHOUSE_01,2026-04-25T19:39:38.561Z,15,31.46,31.1,31.9,31.1,61.67,61,62,62,249.3,576,526,RESTLESS,50.7,41,4,0,235.7,235,0,3,12,0,31.1,62,526,RESTLESS,1,0,235,41
69ed18988e0b93ff64ea44c7,ESP32_GREENHOUSE_01,2026-04-25T19:40:08.575Z,14,31.54,31,31.9,31.9,62,62,62,62,267,632,87,RESTLESS,49.8,56,8,0,234.2,234,0,0,14,0,31.9,62,87,RESTLESS,1,0,234,56
69ed18b68e0b93ff64ea44cf,ESP32_GREENHOUSE_01,2026-04-25T19:40:38.578Z,15,31.5,31,31.9,31.9,62,62,62,62,280.8,897,139,RESTLESS,49.2,54,9,0,233.1,233,0,2,13,0,31.9,62,139,RESTLESS,0,0,233,54
69ed18d48e0b93ff64ea44d9,ESP32_GREENHOUSE_01,2026-04-25T19:41:08.580Z,14,31.48,31,31.9,31.8,62,62,62,62,193.7,523,134,RESTLESS,52.9,54,11,0,202.6,171,0,6,8,0,31.8,62,134,RESTLESS,1,0,171,54
69ed18f28e0b93ff64ea44de,ESP32_GREENHOUSE_01,2026-04-25T19:41:38.590Z,16,31.46,31,31.8,31.2,62,62,62,62,173.4,703,82,LIGHT_ACTIVITY,53.6,58,12,0,202.4,201,0,16,0,0,31.2,62,82,LIGHT_ACTIVITY,0,0,201,58
69ed19108e0b93ff64ea44e1,ESP32_GREENHOUSE_01,2026-04-25T19:42:08.595Z,15,31.39,31.1,31.8,31.6,62,62,62,62,189.9,542,72,LIGHT_ACTIVITY,53.2,57,0,0,200.9,201,4,11,0,0,31.6,62,72,LIGHT_ACTIVITY,0,0,201,57
69ed192e8e0b93ff64ea44e6,ESP32_GREENHOUSE_01,2026-04-25T19:42:38.597Z,15,31.51,31.1,31.9,31.5,62,62,62,62,213.5,943,271,QUIET,51.9,50,0,0,200.5,200,7,6,2,0,31.5,62,271,QUIET,0,0,200,50
69ed194c8e0b93ff64ea44eb,ESP32_GREENHOUSE_01,2026-04-25T19:43:08.600Z,15,31.51,31.2,31.8,31.6,62,62,62,62,149.9,881,51,LIGHT_ACTIVITY,54.3,58,0,0,201.7,200,0,11,4,0,31.6,62,51,LIGHT_ACTIVITY,0,0,200,58
69ed196a8e0b93ff64ea44ed,ESP32_GREENHOUSE_01,2026-04-25T19:43:38.605Z,14,31.96,31.2,32.9,31.2,61.5,61,62,62,188.4,448,448,LIGHT_ACTIVITY,52.1,44,0,0,199.9,195,0,11,3,0,31.2,62,448,RESTLESS,0,0,195,44
69ed19888e0b93ff64ea44f2,ESP32_GREENHOUSE_01,2026-04-25T19:44:08.620Z,15,31.47,31,31.8,31,62,62,62,62,257.6,1023,262,LIGHT_ACTIVITY,50.4,51,0,0,193.4,194,4,6,5,0,31,62,262,LIGHT_ACTIVITY,0,0,194,51
69ed19a68e0b93ff64ea44f7,ESP32_GREENHOUSE_01,2026-04-25T19:44:38.636Z,15,31.45,31,31.7,31.4,62,62,62,62,212.4,363,84,LIGHT_ACTIVITY,51.9,57,0,0,192.7,193,4,7,4,0,31.4,62,84,RESTLESS,0,0,193,57
69ed19c48e0b93ff64ea44f9,ESP32_GREENHOUSE_01,2026-04-25T19:45:08.649Z,15,31.43,31,31.7,31.6,62,62,62,62,341.7,843,301,RESTLESS,47.1,48,0,0,192.5,192,0,0,13,2,31.6,62,301,CRYING,0,0,192,48
69ed19e28e0b93ff64ea44fd,ESP32_GREENHOUSE_01,2026-04-25T19:45:38.649Z,15,31.42,31,31.9,31.5,62,62,62,62,287.3,794,160,CRYING,49.5,54,0,0,192.3,193,0,0,4,11,31.5,62,160,RESTLESS,0,0,193,54
69ed1a008e0b93ff64ea4501,ESP32_GREENHOUSE_01,2026-04-25T19:46:08.655Z,15,31.42,31,31.9,31.5,62,62,62,62,351.5,983,203,RESTLESS,46.8,52,0,0,192,192,0,0,9,6,31.5,62,203,CRYING,0,0,192,52
69ed1a1e8e0b93ff64ea4503,ESP32_GREENHOUSE_01,2026-04-25T19:46:38.660Z,15,31.42,31,31.8,31.4,62,62,62,62,247.1,601,144,CRYING,50.9,55,0,0,192.5,193,0,3,0,12,31.4,62,144,LIGHT_ACTIVITY,0,0,193,55
69ed1a3c8e0b93ff64ea4505,ESP32_GREENHOUSE_01,2026-04-25T19:47:08.667Z,15,31.56,31,31.9,31.7,62,62,62,62,181.7,326,198,RESTLESS,52.9,52,0,0,194.2,196,0,7,8,0,31.7,62,198,RESTLESS,0,0,196,52
69ed1a5a8e0b93ff64ea450a,ESP32_GREENHOUSE_01,2026-04-25T19:47:38.678Z,14,31.81,31.1,32.9,32.8,61.71,61,62,61,160.4,350,142,RESTLESS,53.5,53,5,0,196.2,196,0,2,12,0,32.8,61,142,RESTLESS,0,0,196,53
69ed1a788e0b93ff64ea450c,ESP32_GREENHOUSE_01,2026-04-25T19:48:08.679Z,15,32.37,32,32.9,32.6,61,61,61,61,181.7,368,274,LIGHT_ACTIVITY,51.5,47,0,0,196.2,197,0,9,6,0,32.6,61,274,LIGHT_ACTIVITY,0,0,197,47
69ed1a968e0b93ff64ea4511,ESP32_GREENHOUSE_01,2026-04-25T19:48:38.689Z,15,32.53,32,32.9,32.4,61,61,61,61,137.3,420,182,RESTLESS,53.1,51,5,0,196.4,197,1,6,8,0,32.4,61,182,RESTLESS,0,0,197,51
69ed1ab48e0b93ff64ea4514,ESP32_GREENHOUSE_01,2026-04-25T19:49:08.695Z,15,32.45,32,32.9,32.2,61,61,61,61,156.5,534,78,RESTLESS,52.5,56,5,0,196.7,197,0,0,15,0,32.2,61,78,RESTLESS,0,0,197,56
69ed1ad28e0b93ff64ea4519,ESP32_GREENHOUSE_01,2026-04-25T19:49:38.705Z,15,32.39,32,32.8,32.3,61,61,61,61,162.3,464,66,RESTLESS,52.2,56,8,0,196.7,197,0,0,15,0,32.3,61,66,RESTLESS,0,0,197,56
69ed1af08e0b93ff64ea451b,ESP32_GREENHOUSE_01,2026-04-25T19:50:08.713Z,15,32.35,32,32.9,32.4,61,61,61,61,138.3,579,81,LIGHT_ACTIVITY,53.2,55,0,0,196.5,195,0,11,4,0,32.4,61,81,LIGHT_ACTIVITY,0,0,195,55
69ed1b0e8e0b93ff64ea451c,ESP32_GREENHOUSE_01,2026-04-25T19:50:38.715Z,15,32.34,32,32.9,32.6,60.6,60,61,61,286,821,85,LIGHT_ACTIVITY,47.8,55,0,0,193.4,192,0,15,0,0,32.6,61,85,LIGHT_ACTIVITY,0,0,192,55
69ed1b2c8e0b93ff64ea451f,ESP32_GREENHOUSE_01,2026-04-25T19:51:08.729Z,14,32.26,31.4,32.9,31.4,61,61,61,61,256.4,500,453,CRYING,48.9,43,0,0,192.9,193,2,0,0,12,31.4,61,453,QUIET,0,0,193,43
69ed1b4a8e0b93ff64ea4526,ESP32_GREENHOUSE_01,2026-04-25T19:51:38.732Z,15,31.35,31,31.9,31.7,61.27,61,62,62,222.9,428,221,LIGHT_ACTIVITY,52.5,51,4,0,193.5,194,0,9,0,6,31.7,62,221,LIGHT_ACTIVITY,0,0,194,51
69ed1b688e0b93ff64ea452c,ESP32_GREENHOUSE_01,2026-04-25T19:52:08.742Z,15,31.45,31,31.8,31.5,62,62,62,62,256.1,565,112,RESTLESS,50.5,56,8,0,193.5,194,0,0,14,1,31.5,62,112,RESTLESS,0,0,194,56
69ed1b868e0b93ff64ea4531,ESP32_GREENHOUSE_01,2026-04-25T19:52:38.742Z,15,31.46,31.1,31.9,31.5,62,62,62,62,233,473,249,LIGHT_ACTIVITY,51.3,51,0,0,193.9,194,2,11,1,1,31.5,62,249,LIGHT_ACTIVITY,0,0,194,51
69ed1ba48e0b93ff64ea4534,ESP32_GREENHOUSE_01,2026-04-25T19:53:08.749Z,15,31.51,31.2,31.9,31.4,62,62,62,62,255.4,476,401,LIGHT_ACTIVITY,50.3,45,4,0,194.1,193,0,15,0,0,31.4,62,401,LIGHT_ACTIVITY,0,0,193,45
69ed1bc28e0b93ff64ea4536,ESP32_GREENHOUSE_01,2026-04-25T19:53:38.752Z,15,31.38,31,31.8,31.4,62,62,62,62,282.7,754,488,RESTLESS,49.5,41,0,0,194.2,194,0,7,8,0,31.4,62,488,RESTLESS,0,0,194,41
69ed1be08e0b93ff64ea4539,ESP32_GREENHOUSE_01,2026-04-25T19:54:08.758Z,15,31.37,31,31.9,31.7,62,62,62,62,294.3,1023,146,RESTLESS,49.1,54,0,0,193.6,193,0,0,10,5,31.7,62,146,RESTLESS,0,0,193,54
69ed1bfe8e0b93ff64ea453c,ESP32_GREENHOUSE_01,2026-04-25T19:54:38.759Z,15,31.35,31,31.9,31.2,62,62,62,62,302.5,926,451,RESTLESS,49,44,0,0,193.1,193,0,0,14,1,31.2,62,451,RESTLESS,0,0,193,44
69ed1c1c8e0b93ff64ea453e,ESP32_GREENHOUSE_01,2026-04-25T19:55:08.767Z,14,31.64,31.2,31.9,31.8,62.07,62,63,62,315.9,1023,155,RESTLESS,47.5,53,0,0,193.4,194,0,0,7,7,31.8,62,155,CRYING,0,0,194,53
69ed1c3a8e0b93ff64ea4542,ESP32_GREENHOUSE_01,2026-04-25T19:55:38.773Z,15,31.5,31,31.9,31.4,62.47,62,63,62,338.1,566,325,CRYING,46.8,48,4,0,193.8,195,0,0,1,14,31.4,62,325,CRYING,1,0,195,48
69ed1c588e0b93ff64ea4546,ESP32_GREENHOUSE_01,2026-04-25T19:56:08.785Z,15,31.4,31,31.9,31.9,62.93,62,63,63,237.6,692,692,CRYING,50.7,31,5,0,194.5,195,0,0,5,10,31.9,63,692,RESTLESS,1,0,195,31
69ed1c768e0b93ff64ea454b,ESP32_GREENHOUSE_01,2026-04-25T19:56:38.789Z,15,31.53,31,31.9,31.8,62.53,62,63,62,354.6,950,950,RESTLESS,45.9,22,4,0,194.8,195,0,0,10,5,31.8,62,950,CRYING,0,0,195,22
69ed1c948e0b93ff64ea454d,ESP32_GREENHOUSE_01,2026-04-25T19:57:08.795Z,15,31.31,31,31.8,31.3,62.47,62,63,63,285.6,543,506,CRYING,49.3,40,1,0,194.3,194,0,0,0,15,31.3,63,506,CRYING,1,0,194,40
69ed1cb28e0b93ff64ea4552,ESP32_GREENHOUSE_01,2026-04-25T19:57:38.811Z,15,31.59,31,31.9,31.6,62.73,62,63,62,274.6,735,735,CRYING,48.8,31,2,0,194.1,194,0,7,0,8,31.6,62,735,LIGHT_ACTIVITY,0,0,194,31
69ed1cd08e0b93ff64ea4554,ESP32_GREENHOUSE_01,2026-04-25T19:58:08.817Z,15,31.47,31,31.9,31.1,62.87,62,63,63,284,1023,156,RESTLESS,48.9,55,0,0,193.6,194,0,3,12,0,31.1,63,156,RESTLESS,0,0,194,55
69ed1cee8e0b93ff64ea4555,ESP32_GREENHOUSE_01,2026-04-25T19:58:38.819Z,14,31.29,31,31.8,31,62.43,62,63,63,231.9,547,253,RESTLESS,51.4,51,0,0,193.7,194,0,0,14,0,31,63,253,RESTLESS,0,0,194,51
69ed1d0c8e0b93ff64ea455b,ESP32_GREENHOUSE_01,2026-04-25T19:59:08.829Z,15,31.48,31,31.9,31.3,62.33,62,63,63,319.6,894,64,LIGHT_ACTIVITY,47.6,58,0,0,194.2,194,0,11,3,1,31.3,63,64,LIGHT_ACTIVITY,0,0,194,58
69ed1d2a8e0b93ff64ea4561,ESP32_GREENHOUSE_01,2026-04-25T19:59:38.834Z,14,31.47,31,31.9,31.8,62.14,62,63,63,342.9,1023,597,LIGHT_ACTIVITY,47,35,0,0,194.3,194,1,7,3,3,31.8,63,597,CRYING,0,0,194,35
69ed1d488e0b93ff64ea4567,ESP32_GREENHOUSE_01,2026-04-25T20:00:08.834Z,16,31.42,31.1,31.8,31.7,62.44,62,63,63,233.6,527,193,RESTLESS,51.1,52,8,0,194.3,194,0,0,13,3,31.7,63,193,RESTLESS,0,0,194,52
69ed1d668e0b93ff64ea4569,ESP32_GREENHOUSE_01,2026-04-25T20:00:38.835Z,15,31.39,31,31.9,31.4,62.53,62,63,63,353,895,455,RESTLESS,46.4,42,0,0,194.4,195,0,0,14,1,31.4,63,455,CRYING,0,0,195,42
69ed1d848e0b93ff64ea456b,ESP32_GREENHOUSE_01,2026-04-25T20:01:08.848Z,15,31.47,31,31.9,31.5,62.53,62,63,63,236.9,795,100,CRYING,50.7,56,0,0,194.3,193,0,0,7,8,31.5,63,100,RESTLESS,0,0,193,56
69ed1da28e0b93ff64ea456d,ESP32_GREENHOUSE_01,2026-04-25T20:01:38.852Z,15,31.38,31,31.8,31.6,62.47,62,63,62,424,813,288,CRYING,43.7,49,0,0,199.7,201,0,0,7,8,31.6,62,288,CRYING,0,0,201,49
69ed1dc08e0b93ff64ea456e,ESP32_GREENHOUSE_01,2026-04-25T20:02:08.857Z,15,31.43,31,31.9,31.7,62.67,62,63,63,601.3,1023,317,CRYING,36.5,47,0,0,200.3,200,0,0,0,15,31.7,63,317,CRYING,0,0,200,47
69ed1dde8e0b93ff64ea456f,ESP32_GREENHOUSE_01,2026-04-25T20:02:38.871Z,14,31.42,31,31.8,31.8,63,63,63,63,555.9,1023,570,CRYING,38.1,37,0,0,200.4,200,0,0,0,14,31.8,63,570,CRYING,0,0,200,37
69ed1dfc8e0b93ff64ea4570,ESP32_GREENHOUSE_01,2026-04-25T20:03:08.885Z,15,31.45,31,31.9,31.6,63,63,63,63,525.9,1023,408,CRYING,39.2,43,0,0,188.2,190,0,0,0,15,31.6,63,408,CRYING,0,0,190,43
69ed1e1a8e0b93ff64ea4571,ESP32_GREENHOUSE_01,2026-04-25T20:03:38.889Z,15,31.49,31,31.9,31,63,63,63,63,402.2,861,443,CRYING,44.1,44,0,0,191.9,194,0,0,0,15,31,63,443,CRYING,0,0,194,44
69ed1e388e0b93ff64ea4573,ESP32_GREENHOUSE_01,2026-04-25T20:04:08.902Z,15,31.39,31,31.9,31.1,63,63,63,63,289.5,981,88,CRYING,48.7,57,0,0,191.7,186,0,0,2,13,31.1,63,88,RESTLESS,0,0,186,57
69ed1e568e0b93ff64ea4576,ESP32_GREENHOUSE_01,2026-04-25T20:04:38.912Z,15,31.4,31,31.9,31.4,62.93,62,63,62,193.8,362,172,RESTLESS,52.5,54,0,0,193.2,194,0,4,11,0,31.4,62,172,RESTLESS,0,0,194,54
69ed1e748e0b93ff64ea4579,ESP32_GREENHOUSE_01,2026-04-25T20:05:08.918Z,15,31.46,31,31.9,31.9,62,62,62,62,382.8,1023,122,RESTLESS,45.4,54,6,0,194.7,195,0,0,9,6,31.9,62,122,CRYING,1,0,195,54
69ed1e928e0b93ff64ea457c,ESP32_GREENHOUSE_01,2026-04-25T20:05:38.918Z,15,31.46,31,31.8,31,62,62,62,62,220.9,1002,195,RESTLESS,51.7,54,6,0,194.7,195,0,0,11,4,31,62,195,RESTLESS,0,0,195,54
69ed1eb08e0b93ff64ea457e,ESP32_GREENHOUSE_01,2026-04-25T20:06:08.926Z,14,32.19,31.3,32.9,32.9,61.29,61,62,61,321.4,578,151,RESTLESS,46.6,52,0,0,197.4,200,0,0,8,6,32.9,61,151,CRYING,0,0,200,52
69ed1ece8e0b93ff64ea457f,ESP32_GREENHOUSE_01,2026-04-25T20:06:38.928Z,15,32.49,32.1,32.9,32.1,61,61,61,61,560.1,1023,530,CRYING,36.7,39,0,0,199.8,199,0,0,0,15,32.1,61,530,CRYING,0,0,199,39
69ed1eec8e0b93ff64ea4580,ESP32_GREENHOUSE_01,2026-04-25T20:07:08.929Z,15,32.32,32,32.9,32.4,61,61,61,61,462.5,1023,296,CRYING,40.7,47,0,0,194.8,194,0,0,0,15,32.4,61,296,CRYING,0,0,194,47
69ed1f0a8e0b93ff64ea4582,ESP32_GREENHOUSE_01,2026-04-25T20:07:38.939Z,15,32.29,32,32.8,32.3,61,61,61,61,387.2,1023,150,CRYING,43.6,53,0,0,192.3,195,0,0,1,14,32.3,61,150,RESTLESS,0,0,195,53
69ed1f288e0b93ff64ea4584,ESP32_GREENHOUSE_01,2026-04-25T20:08:08.946Z,15,32.29,32,32.9,32.2,61,61,61,61,216.7,504,85,RESTLESS,50.3,56,0,0,194.1,197,0,3,12,0,32.2,61,85,LIGHT_ACTIVITY,0,0,197,56
69ed1f468e0b93ff64ea4588,ESP32_GREENHOUSE_01,2026-04-25T20:08:38.956Z,15,32.41,32,32.9,32.1,61,61,61,61,244.2,870,124,LIGHT_ACTIVITY,49,54,0,0,195.1,190,0,8,7,0,32.1,61,124,RESTLESS,0,0,190,54
69ed1f648e0b93ff64ea458a,ESP32_GREENHOUSE_01,2026-04-25T20:09:08.959Z,15,32.51,32.1,32.9,32.2,61,61,61,61,164.6,737,74,RESTLESS,52,56,0,0,195.5,196,0,3,12,0,32.2,61,74,LIGHT_ACTIVITY,0,0,196,56
69ed1f828e0b93ff64ea458e,ESP32_GREENHOUSE_01,2026-04-25T20:09:38.964Z,15,32.29,32,32.9,32.4,60.73,60,61,60,234.1,686,404,LIGHT_ACTIVITY,49.9,43,9,0,196,196,0,14,1,0,32.4,60,404,LIGHT_ACTIVITY,1,0,196,43
69ed1fa08e0b93ff64ea4594,ESP32_GREENHOUSE_01,2026-04-25T20:10:08.976Z,14,32.49,32,32.9,32,60,60,60,60,381.3,919,79,CRYING,44.2,57,2,0,185.1,167,0,3,2,9,32,60,79,CRYING,1,0,167,57
69ed1fbe8e0b93ff64ea4599,ESP32_GREENHOUSE_01,2026-04-25T20:10:38.988Z,15,32.54,32.2,32.8,32.2,60,60,60,60,273.7,1023,254,RESTLESS,48.3,50,4,0,170.1,197,0,1,8,6,32.2,60,254,RESTLESS,1,0,197,50
69ed1fdc8e0b93ff64ea45a1,ESP32_GREENHOUSE_01,2026-04-25T20:11:08.991Z,15,32.43,32,32.7,32.5,60,60,60,60,319.5,1023,587,LIGHT_ACTIVITY,46.5,36,6,0,191.6,195,0,8,3,4,32.5,60,587,LIGHT_ACTIVITY,0,0,195,36
69ed1ffa8e0b93ff64ea45a5,ESP32_GREENHOUSE_01,2026-04-25T20:11:38.996Z,15,32.5,32.1,32.8,32.1,60,60,60,60,237.1,976,158,RESTLESS,49.5,54,0,0,195.2,196,0,3,12,0,32.1,60,158,RESTLESS,0,0,196,54
69ed20198e0b93ff64ea45a7,ESP32_GREENHOUSE_01,2026-04-25T20:12:09.005Z,15,32.46,32.2,32.7,32.2,60,60,60,60,275.9,672,188,RESTLESS,48.1,52,3,0,194.9,195,0,0,15,0,32.2,60,188,RESTLESS,1,0,195,52
69ed20378e0b93ff64ea45b0,ESP32_GREENHOUSE_01,2026-04-25T20:12:39.017Z,15,32.57,32.3,32.9,32.7,60.27,60,61,60,150,282,111,RESTLESS,52.9,54,10,0,196.3,197,0,6,9,0,32.7,60,111,LIGHT_ACTIVITY,0,0,197,54
69ed20558e0b93ff64ea45b7,ESP32_GREENHOUSE_01,2026-04-25T20:13:09.027Z,15,32.46,32.1,32.8,32.7,60,60,60,60,203.7,699,65,LIGHT_ACTIVITY,51.1,56,0,0,194.7,195,0,9,6,0,32.7,60,65,LIGHT_ACTIVITY,0,0,195,56
69ed20738e0b93ff64ea45ba,ESP32_GREENHOUSE_01,2026-04-25T20:13:39.042Z,15,32.47,32,32.8,32.4,60.07,60,61,61,256.9,851,133,LIGHT_ACTIVITY,48.9,53,4,0,196.2,197,2,13,0,0,32.4,61,133,LIGHT_ACTIVITY,1,0,197,53
69ed20918e0b93ff64ea45c1,ESP32_GREENHOUSE_01,2026-04-25T20:14:09.048Z,14,32.53,32,32.8,32.5,60.29,60,61,60,232.9,676,80,RESTLESS,49.6,56,6,0,195.5,196,0,3,11,0,32.5,60,80,RESTLESS,0,0,196,56
69ed20af8e0b93ff64ea45c5,ESP32_GREENHOUSE_01,2026-04-25T20:14:39.056Z,15,32.47,32,32.9,32.3,60,60,60,60,184.3,391,131,RESTLESS,52,54,14,0,195.9,196,0,4,11,0,32.3,60,131,RESTLESS,1,0,196,54
69ed20cd8e0b93ff64ea45c9,ESP32_GREENHOUSE_01,2026-04-25T20:15:09.068Z,15,32.31,32,32.9,32,60,60,60,60,224.6,810,164,RESTLESS,50.7,54,10,0,195.6,199,0,0,15,0,32,60,164,RESTLESS,0,0,199,54
69ed20eb8e0b93ff64ea45cb,ESP32_GREENHOUSE_01,2026-04-25T20:15:39.084Z,15,32.34,32,32.8,32.7,59.07,59,60,59,183.3,925,68,RESTLESS,52.8,57,0,0,199.9,200,0,4,11,0,32.7,59,68,LIGHT_ACTIVITY,0,0,200,57
69ed21098e0b93ff64ea45cc,ESP32_GREENHOUSE_01,2026-04-25T20:16:09.088Z,15,32.49,32,32.9,32.6,59,59,59,59,116.2,312,76,LIGHT_ACTIVITY,55,56,0,0,199.4,200,0,15,0,0,32.6,59,76,LIGHT_ACTIVITY,0,0,200,56
69ed21278e0b93ff64ea45ce,ESP32_GREENHOUSE_01,2026-04-25T20:16:39.091Z,15,32.55,32.1,32.9,32.1,59,59,59,59,117.3,352,126,LIGHT_ACTIVITY,55,56,0,0,199.4,200,0,14,1,0,32.1,59,126,RESTLESS,0,0,200,56
69ed21458e0b93ff64ea45d3,ESP32_GREENHOUSE_01,2026-04-25T20:17:09.104Z,15,32.46,32.2,32.8,32.3,59,59,59,59,102.4,277,79,LIGHT_ACTIVITY,55.8,57,9,0,195.5,197,0,12,3,0,32.3,59,79,LIGHT_ACTIVITY,1,0,197,57
69ed21638e0b93ff64ea45d4,ESP32_GREENHOUSE_01,2026-04-25T20:17:39.109Z,14,32.69,32,32.9,32.7,59,59,59,59,98.4,147,105,LIGHT_ACTIVITY,55.6,55,14,0,198.3,199,0,14,0,0,32.7,59,105,LIGHT_ACTIVITY,1,0,199,55
69ed21818e0b93ff64ea45d6,ESP32_GREENHOUSE_01,2026-04-25T20:18:09.113Z,15,32.42,32,32.9,32,59,59,59,59,162.6,349,121,LIGHT_ACTIVITY,53.6,56,1,0,198.5,198,0,15,0,0,32,59,121,LIGHT_ACTIVITY,0,0,198,56
69ed219f8e0b93ff64ea45db,ESP32_GREENHOUSE_01,2026-04-25T20:18:39.124Z,15,32.49,32,32.9,32.9,59,59,59,59,178.7,521,73,RESTLESS,52.6,57,0,0,198.4,200,0,7,8,0,32.9,59,73,LIGHT_ACTIVITY,0,0,200,57
69ed21bd8e0b93ff64ea45de,ESP32_GREENHOUSE_01,2026-04-25T20:19:09.134Z,15,32.47,32.1,32.8,32.3,59,59,59,59,141.2,430,169,LIGHT_ACTIVITY,54.3,53,3,0,198.5,201,0,15,0,0,32.3,59,169,LIGHT_ACTIVITY,0,0,201,53
69ed21db8e0b93ff64ea45e1,ESP32_GREENHOUSE_01,2026-04-25T20:19:39.148Z,15,32.45,32,32.9,32.9,59,59,59,59,134.1,243,77,LIGHT_ACTIVITY,54.6,56,0,0,198.5,197,0,13,2,0,32.9,59,77,LIGHT_ACTIVITY,0,0,197,56
69ed21f98e0b93ff64ea45e2,ESP32_GREENHOUSE_01,2026-04-25T20:20:09.160Z,15,32.51,32,32.9,32.6,59,59,59,59,83.9,115,100,LIGHT_ACTIVITY,56.4,55,0,0,197.5,196,0,15,0,0,32.6,59,100,LIGHT_ACTIVITY,0,0,196,55
69ed22178e0b93ff64ea45e3,ESP32_GREENHOUSE_01,2026-04-25T20:20:39.173Z,15,32.47,32.1,32.8,32.8,59,59,59,59,89.1,119,98,LIGHT_ACTIVITY,56.1,56,0,0,196.5,198,0,15,0,0,32.8,59,98,LIGHT_ACTIVITY,0,0,198,56
69ed22358e0b93ff64ea45e4,ESP32_GREENHOUSE_01,2026-04-25T20:21:09.180Z,15,32.68,32.2,32.9,32.7,59,59,59,59,86.7,234,79,LIGHT_ACTIVITY,56.1,56,0,0,196.1,198,0,15,0,0,32.7,59,79,LIGHT_ACTIVITY,0,0,198,56
69ed22538e0b93ff64ea45e7,ESP32_GREENHOUSE_01,2026-04-25T20:21:39.195Z,14,32.47,32,32.9,32.3,59,59,59,59,143.4,458,112,LIGHT_ACTIVITY,54.2,56,8,0,198.9,199,0,14,0,0,32.3,59,112,LIGHT_ACTIVITY,0,0,199,56
69ed22718e0b93ff64ea45ee,ESP32_GREENHOUSE_01,2026-04-25T20:22:09.197Z,15,32.47,32,32.9,32.5,59,59,59,59,105.8,231,84,LIGHT_ACTIVITY,55.6,56,9,0,198.9,199,0,10,5,0,32.5,59,84,LIGHT_ACTIVITY,0,0,199,56
69ed228f8e0b93ff64ea45f2,ESP32_GREENHOUSE_01,2026-04-25T20:22:39.211Z,15,32.54,32,32.9,32.1,59,59,59,59,120.3,183,85,LIGHT_ACTIVITY,55,57,5,0,199,199,0,10,5,0,32.1,59,85,RESTLESS,0,0,199,57
69ed22ad8e0b93ff64ea45f8,ESP32_GREENHOUSE_01,2026-04-25T20:23:09.213Z,15,32.45,32,32.9,32.3,59,59,59,59,132.1,305,65,LIGHT_ACTIVITY,54.7,57,6,0,195.6,199,0,12,3,0,32.3,59,65,LIGHT_ACTIVITY,0,0,199,57
69ed22cb8e0b93ff64ea45fe,ESP32_GREENHOUSE_01,2026-04-25T20:23:39.224Z,15,32.67,32.3,32.9,32.3,59,59,59,59,147.5,274,219,RESTLESS,53.5,51,0,0,197.9,198,0,5,10,0,32.3,59,219,RESTLESS,0,0,198,51
69ed22e98e0b93ff64ea4600,ESP32_GREENHOUSE_01,2026-04-25T20:24:09.232Z,15,32.57,32.1,32.9,32.6,59,59,59,59,192.6,496,496,RESTLESS,52,40,3,0,197.8,198,0,0,15,0,32.6,59,496,RESTLESS,1,0,198,40
69ed23078e0b93ff64ea4607,ESP32_GREENHOUSE_01,2026-04-25T20:24:39.241Z,15,32.43,32,32.8,32.3,59,59,59,59,208.6,556,304,RESTLESS,51.6,48,6,0,198.2,198,0,1,14,0,32.3,59,304,RESTLESS,1,0,198,48
69ed23258e0b93ff64ea4609,ESP32_GREENHOUSE_01,2026-04-25T20:25:09.242Z,15,32.51,32.2,32.9,32.6,59,59,59,59,154.6,345,246,RESTLESS,53.7,50,3,0,198.2,198,0,0,15,0,32.6,59,246,RESTLESS,0,0,198,50
69ed23438e0b93ff64ea460c,ESP32_GREENHOUSE_01,2026-04-25T20:25:39.249Z,14,32.63,32,32.9,32.4,59,59,59,59,249.1,568,186,RESTLESS,49.9,52,4,0,197.8,197,0,0,14,0,32.4,59,186,RESTLESS,0,0,197,52
69ed23618e0b93ff64ea4616,ESP32_GREENHOUSE_01,2026-04-25T20:26:09.257Z,15,32.49,32,32.9,32.3,59,59,59,59,347.1,1023,139,RESTLESS,46.1,55,8,0,198.3,199,0,3,10,2,32.3,59,139,LIGHT_ACTIVITY,1,0,199,55
69ed237f8e0b93ff64ea461a,ESP32_GREENHOUSE_01,2026-04-25T20:26:39.263Z,15,32.53,32.1,32.9,32.9,59,59,59,59,310.8,922,309,LIGHT_ACTIVITY,47.6,47,6,0,197.9,198,0,15,0,0,32.9,59,309,LIGHT_ACTIVITY,0,0,198,47
69ed239d8e0b93ff64ea461f,ESP32_GREENHOUSE_01,2026-04-25T20:27:09.267Z,15,32.63,32.1,32.9,32.4,59,59,59,59,281.2,641,399,LIGHT_ACTIVITY,48.5,44,0,0,198.1,198,0,6,4,5,32.4,59,399,CRYING,0,0,198,44
69ed23bb8e0b93ff64ea4622,ESP32_GREENHOUSE_01,2026-04-25T20:27:39.268Z,15,32.62,32,32.9,32.4,59,59,59,59,311.3,685,279,CRYING,47.3,49,4,0,198,197,0,0,0,15,32.4,59,279,CRYING,0,0,197,49
69ed23d98e0b93ff64ea4625,ESP32_GREENHOUSE_01,2026-04-25T20:28:09.273Z,15,32.47,32.1,32.9,32.3,59,59,59,59,187,447,77,LIGHT_ACTIVITY,52.4,57,6,0,198.1,199,0,10,0,5,32.3,59,77,LIGHT_ACTIVITY,1,0,199,57
69ed23f78e0b93ff64ea4629,ESP32_GREENHOUSE_01,2026-04-25T20:28:39.282Z,15,32.5,32,32.8,32,59,59,59,59,231.7,759,327,LIGHT_ACTIVITY,50.7,48,2,0,198.1,200,0,13,2,0,32,59,327,LIGHT_ACTIVITY,0,0,200,48
69ed24158e0b93ff64ea462f,ESP32_GREENHOUSE_01,2026-04-25T20:29:09.292Z,14,32.48,32,32.9,32.4,59,59,59,59,318.4,784,229,LIGHT_ACTIVITY,47.3,51,5,0,199.1,200,0,13,0,1,32.4,59,229,LIGHT_ACTIVITY,1,0,200,51
69ed24338e0b93ff64ea4633,ESP32_GREENHOUSE_01,2026-04-25T20:29:39.305Z,15,32.53,32.1,32.9,32.5,59,59,59,59,225.7,523,237,LIGHT_ACTIVITY,50.9,50,7,0,199.5,198,0,15,0,0,32.5,59,237,LIGHT_ACTIVITY,0,0,198,50
69ed24518e0b93ff64ea4635,ESP32_GREENHOUSE_01,2026-04-25T20:30:09.306Z,15,32.49,32,32.9,32.5,59,59,59,59,159.4,587,92,LIGHT_ACTIVITY,53.4,56,0,0,198.9,199,0,9,6,0,32.5,59,92,RESTLESS,0,0,199,56
69ed246f8e0b93ff64ea4636,ESP32_GREENHOUSE_01,2026-04-25T20:30:39.310Z,15,32.44,32,32.8,32.4,59,59,59,59,281.1,845,845,RESTLESS,48.8,27,0,0,198.3,200,0,0,15,0,32.4,59,845,RESTLESS,0,0,200,27
69ed248d8e0b93ff64ea463c,ESP32_GREENHOUSE_01,2026-04-25T20:31:09.319Z,15,32.43,32,32.9,32,59,59,59,59,120.5,287,221,LIGHT_ACTIVITY,54.9,52,3,0,198.2,198,0,12,3,0,32,59,221,LIGHT_ACTIVITY,0,0,198,52
69ed24ab8e0b93ff64ea463f,ESP32_GREENHOUSE_01,2026-04-25T20:31:39.322Z,15,32.37,32.1,32.7,32.4,59.07,59,60,60,294.2,1023,532,LIGHT_ACTIVITY,48.1,38,4,0,197.1,198,0,8,7,0,32.4,60,532,RESTLESS,1,0,198,38
69ed24c98e0b93ff64ea4642,ESP32_GREENHOUSE_01,2026-04-25T20:32:09.327Z,15,32.44,32,32.9,32.3,59.27,59,60,59,292.5,583,113,CRYING,48.1,56,3,0,198.8,199,0,0,2,13,32.3,59,113,CRYING,0,0,199,56
69ed24e78e0b93ff64ea4644,ESP32_GREENHOUSE_01,2026-04-25T20:32:39.329Z,15,32.57,32.3,32.8,32.5,59,59,59,59,213.6,975,151,LIGHT_ACTIVITY,51.2,53,0,0,198.6,198,0,14,0,1,32.5,59,151,LIGHT_ACTIVITY,0,0,198,53
69ed25058e0b93ff64ea4647,ESP32_GREENHOUSE_01,2026-04-25T20:33:09.339Z,14,32.36,32,32.9,32.5,59.14,59,60,60,125.6,204,93,LIGHT_ACTIVITY,55.1,55,5,0,198.6,199,0,7,7,0,32.5,60,93,RESTLESS,1,0,199,55
69ed25238e0b93ff64ea4650,ESP32_GREENHOUSE_01,2026-04-25T20:33:39.349Z,15,32.55,32,32.9,32.9,59.87,59,60,59,109.1,280,82,RESTLESS,54.7,56,6,0,198.8,198,0,7,8,0,32.9,59,82,LIGHT_ACTIVITY,0,0,198,56
69ed25418e0b93ff64ea4651,ESP32_GREENHOUSE_01,2026-04-25T20:34:09.354Z,15,32.46,32,32.9,32.6,59,59,59,59,121.3,444,66,LIGHT_ACTIVITY,54.9,57,0,0,198.7,198,0,15,0,0,32.6,59,66,LIGHT_ACTIVITY,0,0,198,57
69ed255f8e0b93ff64ea4654,ESP32_GREENHOUSE_01,2026-04-25T20:34:39.366Z,15,32.49,32,32.8,32.6,59,59,59,59,144.3,452,272,LIGHT_ACTIVITY,54.1,49,0,0,198.7,199,2,13,0,0,32.6,59,272,LIGHT_ACTIVITY,0,0,199,49
69ed257d8e0b93ff64ea4657,ESP32_GREENHOUSE_01,2026-04-25T20:35:09.377Z,15,32.47,32,32.8,32.6,59,59,59,59,180.7,475,286,LIGHT_ACTIVITY,52.7,48,0,0,199.1,200,1,7,7,0,32.6,59,286,QUIET,0,0,200,48
69ed259b8e0b93ff64ea465b,ESP32_GREENHOUSE_01,2026-04-25T20:35:39.386Z,15,32.49,32.1,32.9,32.5,59,59,59,59,102.1,209,142,LIGHT_ACTIVITY,55.8,54,0,0,199.1,199,1,13,1,0,32.5,59,142,LIGHT_ACTIVITY,0,0,199,54
69ed25b98e0b93ff64ea4662,ESP32_GREENHOUSE_01,2026-04-25T20:36:09.395Z,14,32.42,32,32.7,32.7,59,59,59,59,134.4,653,98,LIGHT_ACTIVITY,54.6,56,0,0,199.4,199,0,9,5,0,32.7,59,98,LIGHT_ACTIVITY,0,0,199,56
69ed25d78e0b93ff64ea4665,ESP32_GREENHOUSE_01,2026-04-25T20:36:39.408Z,15,32.44,32,32.7,32,59,59,59,59,176.8,845,845,LIGHT_ACTIVITY,52.8,28,4,0,198.2,196,0,15,0,0,32,59,845,LIGHT_ACTIVITY,0,0,196,28
69ed25f58e0b93ff64ea4666,ESP32_GREENHOUSE_01,2026-04-25T20:37:09.412Z,15,32.45,32.1,32.8,32.5,59.27,59,60,60,104.1,332,79,LIGHT_ACTIVITY,55.6,56,0,0,198.8,198,0,15,0,0,32.5,60,79,LIGHT_ACTIVITY,0,0,198,56
69ed26138e0b93ff64ea4667,ESP32_GREENHOUSE_01,2026-04-25T20:37:39.414Z,15,32.4,32,32.9,32,59.93,59,60,60,75.8,105,57,LIGHT_ACTIVITY,56.4,58,0,0,198.5,198,0,15,0,0,32,60,57,LIGHT_ACTIVITY,0,0,198,58
69ed26318e0b93ff64ea466b,ESP32_GREENHOUSE_01,2026-04-25T20:38:09.422Z,15,32.61,32,32.9,32.8,60,60,60,60,75.3,96,75,QUIET,56.1,56,4,0,198.3,198,8,7,0,0,32.8,60,75,LIGHT_ACTIVITY,0,0,198,56
69ed264f8e0b93ff64ea466c,ESP32_GREENHOUSE_01,2026-04-25T20:38:39.422Z,15,32.59,32.1,32.9,32.8,60,60,60,60,84.9,151,75,LIGHT_ACTIVITY,55.5,56,0,0,197.9,198,0,15,0,0,32.8,60,75,LIGHT_ACTIVITY,0,0,198,56
69ed266d8e0b93ff64ea466f,ESP32_GREENHOUSE_01,2026-04-25T20:39:09.435Z,15,32.69,32.4,32.9,32.4,60,60,60,60,119.2,327,138,LIGHT_ACTIVITY,54.1,54,4,0,195.5,195,0,15,0,0,32.4,60,138,LIGHT_ACTIVITY,0,0,195,54
69ed268b8e0b93ff64ea4672,ESP32_GREENHOUSE_01,2026-04-25T20:39:39.440Z,14,32.41,32,32.9,32.4,60.36,60,61,60,180.7,419,411,LIGHT_ACTIVITY,52,43,0,0,192.1,172,0,10,4,0,32.4,60,411,LIGHT_ACTIVITY,0,0,172,43
69ed26a98e0b93ff64ea4674,ESP32_GREENHOUSE_01,2026-04-25T20:40:09.446Z,16,32.37,32,32.8,32.7,60.56,60,61,60,100.3,251,91,LIGHT_ACTIVITY,54.9,55,2,0,195,196,0,16,0,0,32.7,60,91,LIGHT_ACTIVITY,1,0,196,55
69ed26c78e0b93ff64ea4676,ESP32_GREENHOUSE_01,2026-04-25T20:40:39.446Z,14,32.39,32,32.9,32.2,60.64,60,61,61,91.3,291,69,LIGHT_ACTIVITY,55.2,56,2,0,191.9,194,0,14,0,0,32.2,61,69,LIGHT_ACTIVITY,0,0,194,56
69ed26e58e0b93ff64ea4677,ESP32_GREENHOUSE_01,2026-04-25T20:41:09.446Z,15,32.33,32,32.9,32,61,61,61,61,78.7,101,101,LIGHT_ACTIVITY,55.7,56,0,0,181,174,0,15,0,0,32,61,101,LIGHT_ACTIVITY,0,0,174,56
69ed27038e0b93ff64ea4678,ESP32_GREENHOUSE_01,2026-04-25T20:41:39.446Z,15,32.36,32,32.9,32.5,60.6,60,61,61,79.7,98,83,LIGHT_ACTIVITY,55.8,55,0,0,200.9,199,0,15,0,0,32.5,61,83,LIGHT_ACTIVITY,0,0,199,55
69ed27218e0b93ff64ea4679,ESP32_GREENHOUSE_01,2026-04-25T20:42:09.446Z,15,32.45,32,32.9,32.9,60.87,60,61,61,120.9,365,113,LIGHT_ACTIVITY,53.8,54,0,0,196.2,196,0,15,0,0,32.9,61,113,LIGHT_ACTIVITY,0,0,196,54
69ed273f8e0b93ff64ea467c,ESP32_GREENHOUSE_01,2026-04-25T20:42:39.446Z,15,32.46,32,32.9,32.9,61,61,61,61,79.3,106,104,LIGHT_ACTIVITY,55.4,54,4,0,196.6,197,0,15,0,0,32.9,61,104,LIGHT_ACTIVITY,0,0,197,54
69ed275d8e0b93ff64ea467d,ESP32_GREENHOUSE_01,2026-04-25T20:43:09.445Z,15,32.29,32,32.7,32,61,61,61,61,70.1,88,88,LIGHT_ACTIVITY,56.1,56,0,0,196.7,197,1,14,0,0,32,61,88,QUIET,0,0,197,56
69ed277b8e0b93ff64ea4680,ESP32_GREENHOUSE_01,2026-04-25T20:43:39.446Z,15,32.37,32,32.9,32.4,61,61,61,61,75.5,130,65,LIGHT_ACTIVITY,55.6,56,0,0,196.6,196,3,12,0,0,32.4,61,65,LIGHT_ACTIVITY,0,0,196,56
69ed27998e0b93ff64ea4681,ESP32_GREENHOUSE_01,2026-04-25T20:44:09.445Z,14,32.39,32.1,32.9,32.5,61,61,61,61,68.5,85,72,QUIET,55.9,55,0,0,196.4,196,10,4,0,0,32.5,61,72,QUIET,0,0,196,55
69ed27b78e0b93ff64ea4683,ESP32_GREENHOUSE_01,2026-04-25T20:44:39.446Z,15,32.3,32,32.9,32.9,61,61,61,61,76.1,95,76,LIGHT_ACTIVITY,55.9,55,0,0,196.3,196,0,15,0,0,32.9,61,76,LIGHT_ACTIVITY,0,0,196,55
69ed27d58e0b93ff64ea4684,ESP32_GREENHOUSE_01,2026-04-25T20:45:09.454Z,15,32.53,32.1,32.9,32.9,61,61,61,61,74.7,96,89,LIGHT_ACTIVITY,55.3,55,0,0,197.1,198,0,15,0,0,32.9,61,89,LIGHT_ACTIVITY,0,0,198,55
69ed27f38e0b93ff64ea4685,ESP32_GREENHOUSE_01,2026-04-25T20:45:39.466Z,15,32.43,32,32.9,32.6,61,61,61,61,80.6,190,68,LIGHT_ACTIVITY,55.4,55,0,0,196.9,196,0,15,0,0,32.6,61,68,LIGHT_ACTIVITY,0,0,196,55
69ed28118e0b93ff64ea4686,ESP32_GREENHOUSE_01,2026-04-25T20:46:09.479Z,15,32.31,32,32.9,32.2,61,61,61,61,76.7,102,86,LIGHT_ACTIVITY,55.9,56,0,0,196.6,197,0,15,0,0,32.2,61,86,LIGHT_ACTIVITY,0,0,197,56
69ed282f8e0b93ff64ea4687,ESP32_GREENHOUSE_01,2026-04-25T20:46:39.484Z,15,32.37,32,32.9,32.2,61,61,61,61,73.7,90,76,LIGHT_ACTIVITY,55.9,56,0,0,197,195,0,15,0,0,32.2,61,76,LIGHT_ACTIVITY,0,0,195,56
69ed284d8e0b93ff64ea4688,ESP32_GREENHOUSE_01,2026-04-25T20:47:09.490Z,15,32.33,32,32.9,32.3,61,61,61,61,74.7,87,87,LIGHT_ACTIVITY,55.9,55,0,0,196.9,196,0,15,0,0,32.3,61,87,LIGHT_ACTIVITY,0,0,196,55
69ed286b8e0b93ff64ea4689,ESP32_GREENHOUSE_01,2026-04-25T20:47:39.491Z,15,32.42,32,32.9,32.5,61,61,61,61,72.6,96,78,LIGHT_ACTIVITY,55.8,55,0,0,196.4,197,0,15,0,0,32.5,61,78,LIGHT_ACTIVITY,0,0,197,55
69ed28898e0b93ff64ea468a,ESP32_GREENHOUSE_01,2026-04-25T20:48:09.491Z,14,32.48,32.1,32.9,32.8,61,61,61,61,78.6,98,84,LIGHT_ACTIVITY,55.4,55,0,0,196.6,197,0,14,0,0,32.8,61,84,LIGHT_ACTIVITY,0,0,197,55
69ed28a78e0b93ff64ea468b,ESP32_GREENHOUSE_01,2026-04-25T20:48:39.493Z,15,32.49,32.1,32.9,32.5,61,61,61,61,105.3,499,79,LIGHT_ACTIVITY,54.5,55,0,0,197.3,197,0,15,0,0,32.5,61,79,LIGHT_ACTIVITY,0,0,197,55
69ed28c58e0b93ff64ea468c,ESP32_GREENHOUSE_01,2026-04-25T20:49:09.506Z,15,32.37,32,32.8,32,61,61,61,61,69.7,80,66,LIGHT_ACTIVITY,55.9,57,0,0,196.5,196,1,14,0,0,32,61,66,QUIET,0,0,196,57
69ed28e38e0b93ff64ea468e,ESP32_GREENHOUSE_01,2026-04-25T20:49:39.506Z,15,32.36,32,32.9,32.6,61,61,61,61,74.5,93,79,LIGHT_ACTIVITY,55.7,55,0,0,196.3,197,2,13,0,0,32.6,61,79,LIGHT_ACTIVITY,0,0,197,55
69ed29018e0b93ff64ea468f,ESP32_GREENHOUSE_01,2026-04-25T20:50:09.521Z,15,32.43,32,32.9,32.9,61,61,61,61,83.6,121,84,LIGHT_ACTIVITY,55.4,55,0,0,196.9,197,0,15,0,0,32.9,61,84,LIGHT_ACTIVITY,0,0,197,55
69ed291f8e0b93ff64ea4693,ESP32_GREENHOUSE_01,2026-04-25T20:50:39.534Z,15,32.33,32,32.9,32.4,61,61,61,61,117.8,362,75,LIGHT_ACTIVITY,54.1,55,6,0,197.3,197,0,15,0,0,32.4,61,75,LIGHT_ACTIVITY,1,0,197,55
69ed293d8e0b93ff64ea4695,ESP32_GREENHOUSE_01,2026-04-25T20:51:09.541Z,15,32.48,32,32.9,32.9,60.33,60,61,60,81.9,109,76,LIGHT_ACTIVITY,55.5,56,2,0,198.1,199,0,15,0,0,32.9,60,76,LIGHT_ACTIVITY,0,0,199,56
69ed295b8e0b93ff64ea4697,ESP32_GREENHOUSE_01,2026-04-25T20:51:39.548Z,14,32.48,32,32.9,32,60,60,60,60,71.6,93,63,LIGHT_ACTIVITY,56.2,58,0,0,198.6,199,2,12,0,0,32,60,63,QUIET,0,0,199,58
69ed29798e0b93ff64ea469b,ESP32_GREENHOUSE_01,2026-04-25T20:52:09.556Z,15,32.44,32.1,32.9,32.1,60,60,60,60,73,98,95,LIGHT_ACTIVITY,56.3,56,4,0,198.5,197,1,14,0,0,32.1,60,95,LIGHT_ACTIVITY,0,0,197,56
69ed29978e0b93ff64ea469c,ESP32_GREENHOUSE_01,2026-04-25T20:52:39.557Z,15,32.53,32,32.8,32.6,60,60,60,60,75.8,105,72,LIGHT_ACTIVITY,56,56,0,0,198.1,199,0,15,0,0,32.6,60,72,LIGHT_ACTIVITY,0,0,199,56
69ed29b58e0b93ff64ea469d,ESP32_GREENHOUSE_01,2026-04-25T20:53:09.561Z,15,32.43,32,32.9,32.5,60,60,60,60,91.6,243,125,LIGHT_ACTIVITY,55.7,54,0,0,198.4,198,0,15,0,0,32.5,60,125,LIGHT_ACTIVITY,0,0,198,54
69ed29d38e0b93ff64ea469e,ESP32_GREENHOUSE_01,2026-04-25T20:53:39.572Z,15,32.53,32,32.9,32.6,60,60,60,60,71.7,99,71,LIGHT_ACTIVITY,56.1,56,0,0,198.3,198,0,15,0,0,32.6,60,71,LIGHT_ACTIVITY,0,0,198,56
69ed29f18e0b93ff64ea46a0,ESP32_GREENHOUSE_01,2026-04-25T20:54:09.584Z,15,32.4,32,32.9,32.1,60.47,60,61,61,76.6,129,85,LIGHT_ACTIVITY,55.9,56,13,0,199.2,191,0,15,0,0,32.1,61,85,LIGHT_ACTIVITY,1,0,191,56
69ed2a0f8e0b93ff64ea46a2,ESP32_GREENHOUSE_01,2026-04-25T20:54:39.598Z,15,32.48,32,32.9,32.7,60.8,60,61,60,76.1,125,72,LIGHT_ACTIVITY,55.5,56,13,0,180.6,183,0,15,0,0,32.7,60,72,LIGHT_ACTIVITY,0,0,183,56
69ed2a2d8e0b93ff64ea46a7,ESP32_GREENHOUSE_01,2026-04-25T20:55:09.610Z,15,32.43,32,32.9,32.3,60,60,60,60,108.4,241,54,LIGHT_ACTIVITY,54.8,57,6,0,183.4,183,0,15,0,0,32.3,60,54,LIGHT_ACTIVITY,0,0,183,57
69ed2a4b8e0b93ff64ea46aa,ESP32_GREENHOUSE_01,2026-04-25T20:55:39.621Z,14,32.56,32.2,32.8,32.8,60,60,60,60,113.7,189,92,LIGHT_ACTIVITY,54.4,55,0,0,183.6,183,0,12,2,0,32.8,60,92,LIGHT_ACTIVITY,0,0,183,55
69ed2a698e0b93ff64ea46ac,ESP32_GREENHOUSE_01,2026-04-25T20:56:09.635Z,15,32.59,32.1,32.9,32.7,60,60,60,60,220.1,602,114,LIGHT_ACTIVITY,50.3,54,0,0,183.9,185,0,10,5,0,32.7,60,114,RESTLESS,0,0,185,54
69ed2a878e0b93ff64ea46af,ESP32_GREENHOUSE_01,2026-04-25T20:56:39.639Z,15,32.65,32,32.9,32,60,60,60,60,237.5,769,335,RESTLESS,49.6,47,5,0,184.7,187,0,0,15,0,32,60,335,RESTLESS,0,0,187,47
69ed2aa58e0b93ff64ea46b4,ESP32_GREENHOUSE_01,2026-04-25T20:57:09.648Z,15,32.61,32,32.9,32,60,60,60,60,240.2,511,124,RESTLESS,49.5,55,0,0,185.7,184,0,0,11,4,32,60,124,RESTLESS,0,0,184,55
69ed2ac38e0b93ff64ea46b5,ESP32_GREENHOUSE_01,2026-04-25T20:57:39.663Z,15,32.53,32,32.9,32.2,60,60,60,60,187.3,298,128,RESTLESS,51.8,55,0,0,184.3,185,0,0,15,0,32.2,60,128,RESTLESS,0,0,185,55
69ed2ae18e0b93ff64ea46b6,ESP32_GREENHOUSE_01,2026-04-25T20:58:09.676Z,15,32.49,32,32.9,32.8,60,60,60,60,227.5,720,128,RESTLESS,50.2,54,0,0,178.6,138,0,0,15,0,32.8,60,128,RESTLESS,0,0,138,54
69ed2aff8e0b93ff64ea46b9,ESP32_GREENHOUSE_01,2026-04-25T20:58:39.681Z,15,32.52,32,32.9,32.2,60,60,60,60,221.7,809,136,RESTLESS,50.3,54,4,0,160,183,0,0,15,0,32.2,60,136,RESTLESS,0,0,183,54
69ed2b1d8e0b93ff64ea46ba,ESP32_GREENHOUSE_01,2026-04-25T20:59:09.691Z,15,32.47,32.1,32.8,32.6,60,60,60,60,194.7,459,324,RESTLESS,51.3,46,0,0,182.6,183,0,0,15,0,32.6,60,324,RESTLESS,0,0,183,46
69ed2b3b8e0b93ff64ea46bc,ESP32_GREENHOUSE_01,2026-04-25T20:59:39.701Z,14,32.54,32,32.9,32.7,60,60,60,60,200.6,400,400,RESTLESS,51.2,43,0,0,177.8,153,0,4,10,0,32.7,60,400,LIGHT_ACTIVITY,0,0,153,43
69ed2b598e0b93ff64ea46be,ESP32_GREENHOUSE_01,2026-04-25T21:00:09.711Z,15,32.47,32,32.8,32.6,60,60,60,60,238,687,173,RESTLESS,49.8,52,0,0,171.5,182,0,4,11,0,32.6,60,173,RESTLESS,0,0,182,52
69ed2b778e0b93ff64ea46bf,ESP32_GREENHOUSE_01,2026-04-25T21:00:39.724Z,15,32.63,32,32.9,32.6,60,60,60,60,212,515,138,RESTLESS,50.8,53,0,0,180.4,184,0,0,15,0,32.6,60,138,RESTLESS,0,0,184,53
69ed2b958e0b93ff64ea46c0,ESP32_GREENHOUSE_01,2026-04-25T21:01:09.726Z,14,32.61,32,32.9,32.6,60,60,60,60,177.9,280,221,RESTLESS,52.1,50,0,0,184,184,0,0,14,0,32.6,60,221,RESTLESS,0,0,184,50
69ed2bb38e0b93ff64ea46c6,ESP32_GREENHOUSE_01,2026-04-25T21:01:39.742Z,16,32.25,32,32.7,32.4,60,60,60,60,276.4,514,135,RESTLESS,48.8,54,11,0,183.7,184,0,0,12,4,32.4,60,135,CRYING,0,0,184,54
69ed2bd18e0b93ff64ea46cd,ESP32_GREENHOUSE_01,2026-04-25T21:02:09.755Z,15,32.6,32.2,32.9,32.7,60,60,60,60,199.7,363,310,RESTLESS,51.1,47,1,0,172.9,153,0,2,9,4,32.7,60,310,RESTLESS,1,0,153,47
69ed2bef8e0b93ff64ea46d2,ESP32_GREENHOUSE_01,2026-04-25T21:02:39.764Z,15,32.59,32.1,32.8,32.8,60,60,60,60,387.5,980,171,CRYING,43.7,52,12,0,186.1,187,0,0,2,13,32.8,60,171,CRYING,0,0,187,52
69ed2c0d8e0b93ff64ea46d9,ESP32_GREENHOUSE_01,2026-04-25T21:03:09.780Z,14,32.51,32.2,32.8,32.7,60,60,60,60,307.5,654,402,RESTLESS,46.9,43,7,0,186.3,187,0,0,11,3,32.7,60,402,CRYING,0,0,187,43
69ed2c2b8e0b93ff64ea46de,ESP32_GREENHOUSE_01,2026-04-25T21:03:39.781Z,15,32.41,32,32.8,32.5,60,60,60,60,303.3,640,95,CRYING,47.3,55,10,0,186,188,0,0,2,13,32.5,60,95,RESTLESS,1,0,188,55
69ed2c498e0b93ff64ea46e3,ESP32_GREENHOUSE_01,2026-04-25T21:04:09.794Z,15,32.49,32.1,32.8,32.8,60,60,60,60,171.9,387,137,RESTLESS,52.3,53,8,0,189.1,189,0,0,15,0,32.8,60,137,RESTLESS,1,0,189,53
69ed2c678e0b93ff64ea46e6,ESP32_GREENHOUSE_01,2026-04-25T21:04:39.802Z,15,32.51,32,32.8,32,60,60,60,60,147.3,344,125,LIGHT_ACTIVITY,53.3,55,5,0,186.4,182,0,11,4,0,32,60,125,LIGHT_ACTIVITY,0,0,182,55
69ed2c858e0b93ff64ea46eb,ESP32_GREENHOUSE_01,2026-04-25T21:05:09.808Z,14,32.44,32,32.9,32.5,60.57,60,61,61,277.1,671,230,RESTLESS,48,49,11,0,180.4,176,0,0,14,0,32.5,61,230,RESTLESS,1,0,176,49
69ed2ca38e0b93ff64ea46ee,ESP32_GREENHOUSE_01,2026-04-25T21:05:39.810Z,16,32.5,32,32.9,32.9,60.13,60,61,60,208.3,316,205,RESTLESS,51,51,10,0,184.9,185,0,0,16,0,32.9,60,205,RESTLESS,1,0,185,51
69ed2cc18e0b93ff64ea46f2,ESP32_GREENHOUSE_01,2026-04-25T21:06:09.813Z,15,32.56,32,32.9,32.3,60,60,60,60,240.5,620,316,RESTLESS,49.7,47,10,0,184.1,182,0,0,15,0,32.3,60,316,RESTLESS,0,0,182,47
69ed2cdf8e0b93ff64ea46f5,ESP32_GREENHOUSE_01,2026-04-25T21:06:39.814Z,15,32.45,32.1,32.9,32.8,60,60,60,60,266.1,511,414,RESTLESS,48.7,43,7,0,183.7,184,0,0,15,0,32.8,60,414,RESTLESS,0,0,184,43
69ed2cfd8e0b93ff64ea46fa,ESP32_GREENHOUSE_01,2026-04-25T21:07:09.824Z,14,32.35,32.1,32.6,32.6,60,60,60,60,268.3,523,213,RESTLESS,48.6,50,8,0,169.4,177,0,0,8,6,32.6,60,213,RESTLESS,0,0,177,50
69ed2d1b8e0b93ff64ea46fc,ESP32_GREENHOUSE_01,2026-04-25T21:07:39.834Z,15,32.48,32.1,32.9,32.1,60,60,60,60,375,797,252,CRYING,44.2,50,0,0,175.1,156,0,0,2,13,32.1,60,252,CRYING,0,0,156,50
69ed2d398e0b93ff64ea46fe,ESP32_GREENHOUSE_01,2026-04-25T21:08:09.849Z,15,32.59,32.1,32.9,32.7,60,60,60,60,182.6,332,135,RESTLESS,51.9,53,0,0,176.9,178,0,0,8,7,32.7,60,135,RESTLESS,0,0,178,53
69ed2d578e0b93ff64ea46ff,ESP32_GREENHOUSE_01,2026-04-25T21:08:39.855Z,15,32.49,32,32.9,32.4,60,60,60,60,195.8,482,147,RESTLESS,51.5,53,0,0,176.5,180,0,0,15,0,32.4,60,147,RESTLESS,0,0,180,53
69ed2d758e0b93ff64ea4700,ESP32_GREENHOUSE_01,2026-04-25T21:09:09.868Z,15,32.52,32.1,32.9,32.4,60,60,60,60,277.8,1023,257,RESTLESS,48.2,49,0,0,177,179,0,0,15,0,32.4,60,257,RESTLESS,0,0,179,49
69ed2d938e0b93ff64ea4702,ESP32_GREENHOUSE_01,2026-04-25T21:09:39.870Z,15,32.49,32,32.9,32.4,60,60,60,60,359.5,730,389,CRYING,45.1,44,0,0,178.7,177,0,0,1,14,32.4,60,389,CRYING,0,0,177,44
69ed2db18e0b93ff64ea4703,ESP32_GREENHOUSE_01,2026-04-25T21:10:09.875Z,15,32.56,32,32.9,32.4,60,60,60,60,347.9,628,285,CRYING,45.2,48,0,0,175.5,180,0,0,0,15,32.4,60,285,CRYING,0,0,180,48
69ed2dcf8e0b93ff64ea4706,ESP32_GREENHOUSE_01,2026-04-25T21:10:39.886Z,15,32.61,32,32.9,32.2,60,60,60,60,274.7,473,473,CRYING,48.2,41,0,0,172.3,179,0,0,1,14,32.2,60,473,CRYING,0,0,179,41
69ed2ded8e0b93ff64ea4707,ESP32_GREENHOUSE_01,2026-04-25T21:11:09.900Z,14,32.66,32.2,32.9,32.9,60,60,60,60,372.4,573,401,CRYING,44.2,43,0,0,175.1,178,0,0,0,14,32.9,60,401,CRYING,0,0,178,43
69ed2e0b8e0b93ff64ea4709,ESP32_GREENHOUSE_01,2026-04-25T21:11:39.909Z,15,32.54,32.2,32.8,32.3,60,60,60,60,296.6,611,225,CRYING,47.4,51,0,0,173.5,180,0,0,2,13,32.3,60,225,RESTLESS,0,0,180,51
69ed2e298e0b93ff64ea4710,ESP32_GREENHOUSE_01,2026-04-25T21:12:09.911Z,13,32.51,32.1,32.9,32.6,60,60,60,60,220.4,661,216,RESTLESS,50.5,50,0,0,177.7,181,3,3,7,0,32.6,60,216,RESTLESS,0,0,181,50
69ed2e478e0b93ff64ea4712,ESP32_GREENHOUSE_01,2026-04-25T21:12:39.922Z,14,32.54,32.1,32.9,32.1,60,60,60,60,263.3,443,258,RESTLESS,48.7,50,0,0,175.2,178,0,0,9,5,32.1,60,258,CRYING,0,0,178,50
69ed2e658e0b93ff64ea4715,ESP32_GREENHOUSE_01,2026-04-25T21:13:09.925Z,16,32.56,32.2,32.9,32.6,60,60,60,60,259.2,535,535,CRYING,48.8,38,0,0,171.5,137,0,0,2,14,32.6,60,535,CRYING,0,0,137,38
69ed2e838e0b93ff64ea471a,ESP32_GREENHOUSE_01,2026-04-25T21:13:39.938Z,15,32.52,32.1,32.9,32.6,60.27,60,61,60,218.6,476,217,RESTLESS,50.3,50,13,0,178.9,178,0,0,8,7,32.6,60,217,RESTLESS,1,0,178,50
69ed2ea18e0b93ff64ea471d,ESP32_GREENHOUSE_01,2026-04-25T21:14:09.945Z,15,32.37,32,32.7,32.2,60,60,60,60,121.1,204,109,RESTLESS,54.5,55,0,0,179.3,180,0,3,12,0,32.2,60,109,LIGHT_ACTIVITY,0,0,180,55
69ed2ebf8e0b93ff64ea471f,ESP32_GREENHOUSE_01,2026-04-25T21:14:39.952Z,14,32.53,32,32.8,32.6,60,60,60,60,162,319,92,RESTLESS,52.6,55,0,0,179.3,178,0,4,10,0,32.6,60,92,RESTLESS,0,0,178,55
69ed2edd8e0b93ff64ea4728,ESP32_GREENHOUSE_01,2026-04-25T21:15:09.963Z,15,32.37,32.1,32.8,32.8,60.2,60,61,60,144.3,332,147,RESTLESS,53.5,53,6,0,178,177,0,6,9,0,32.8,60,147,RESTLESS,0,0,177,53
69ed2efb8e0b93ff64ea472b,ESP32_GREENHOUSE_01,2026-04-25T21:15:39.974Z,15,32.52,32,32.8,32,60,60,60,60,265.5,619,193,RESTLESS,48.6,53,4,0,176.7,178,0,0,15,0,32,60,193,RESTLESS,0,0,178,53
69ed2f198e0b93ff64ea472d,ESP32_GREENHOUSE_01,2026-04-25T21:16:09.975Z,15,32.51,32.2,32.8,32.2,60,60,60,60,161.3,311,93,RESTLESS,52.8,56,1,0,177.1,176,0,0,15,0,32.2,60,93,RESTLESS,1,0,176,56
69ed2f378e0b93ff64ea4731,ESP32_GREENHOUSE_01,2026-04-25T21:16:39.983Z,15,32.48,32,32.9,32.3,60,60,60,60,179.3,441,357,LIGHT_ACTIVITY,52.1,45,3,0,177.1,177,0,11,4,0,32.3,60,357,RESTLESS,0,0,177,45
69ed2f558e0b93ff64ea4735,ESP32_GREENHOUSE_01,2026-04-25T21:17:09.996Z,15,32.62,32.2,32.8,32.6,60,60,60,60,298.3,552,302,RESTLESS,47.2,47,5,0,177.4,179,0,0,8,7,32.6,60,302,CRYING,0,0,179,47
69ed2f748e0b93ff64ea4738,ESP32_GREENHOUSE_01,2026-04-25T21:17:40.001Z,15,32.49,32,32.8,32.4,60,60,60,60,302,692,189,CRYING,47.3,52,4,0,177.5,177,0,0,0,15,32.4,60,189,CRYING,0,0,177,52
69ed2f928e0b93ff64ea473a,ESP32_GREENHOUSE_01,2026-04-25T21:18:10.004Z,15,32.51,32.1,32.9,32.6,60,60,60,60,227.4,369,104,RESTLESS,50.1,55,0,0,177,177,0,0,15,0,32.6,60,104,RESTLESS,0,0,177,55
69ed2fb08e0b93ff64ea473b,ESP32_GREENHOUSE_01,2026-04-25T21:18:40.010Z,14,32.48,32,32.7,32.7,60,60,60,60,207.3,545,200,RESTLESS,50.9,51,0,0,177.3,177,0,0,14,0,32.7,60,200,RESTLESS,0,0,177,51
69ed2fce8e0b93ff64ea473e,ESP32_GREENHOUSE_01,2026-04-25T21:19:10.010Z,15,32.38,32,32.8,32.2,60,60,60,60,218.5,456,454,RESTLESS,50.7,42,4,0,178.6,179,0,0,15,0,32.2,60,454,RESTLESS,0,0,179,42
69ed2fec8e0b93ff64ea4741,ESP32_GREENHOUSE_01,2026-04-25T21:19:40.010Z,15,32.39,32,32.9,32,60,60,60,60,179.7,480,262,RESTLESS,52.2,50,4,0,178.7,178,0,4,11,0,32,60,262,LIGHT_ACTIVITY,1,0,178,50
69ed300a8e0b93ff64ea4744,ESP32_GREENHOUSE_01,2026-04-25T21:20:10.022Z,15,32.51,32.1,32.9,32.7,60,60,60,60,189.1,429,137,RESTLESS,51.8,53,0,0,181.8,182,0,1,14,0,32.7,60,137,RESTLESS,0,0,182,53
69ed30288e0b93ff64ea4745,ESP32_GREENHOUSE_01,2026-04-25T21:20:40.028Z,11,32.36,32,32.7,32.5,60.36,60,61,61,247.2,412,236,RESTLESS,49.5,49,0,0,181.5,181,0,0,11,0,32.5,61,236,RESTLESS,0,0,181,49
69ed30468e0b93ff64ea474a,ESP32_GREENHOUSE_01,2026-04-25T21:21:10.031Z,19,32.48,32.1,32.9,32.3,60.26,60,61,61,251.3,380,270,CRYING,49,48,5,0,181.6,182,0,2,7,10,32.3,61,270,LIGHT_ACTIVITY,0,0,182,48
69ed30648e0b93ff64ea474d,ESP32_GREENHOUSE_01,2026-04-25T21:21:40.039Z,15,32.5,32,32.9,32.5,60.6,60,61,60,140.3,288,107,LIGHT_ACTIVITY,53.3,55,0,0,181.2,182,0,14,1,0,32.5,60,107,LIGHT_ACTIVITY,0,0,182,55
69ed30828e0b93ff64ea474f,ESP32_GREENHOUSE_01,2026-04-25T21:22:10.052Z,15,32.67,32.4,32.9,32.8,60,60,60,60,203.7,476,251,RESTLESS,50.7,49,0,0,181.3,179,0,0,15,0,32.8,60,251,RESTLESS,0,0,179,49
69ed30a08e0b93ff64ea4753,ESP32_GREENHOUSE_01,2026-04-25T21:22:40.063Z,14,32.44,32,32.9,32.6,59.29,59,60,59,182.4,242,241,RESTLESS,52.6,50,7,0,181.4,181,0,0,14,0,32.6,59,241,RESTLESS,1,0,181,50
69ed30be8e0b93ff64ea4755,ESP32_GREENHOUSE_01,2026-04-25T21:23:10.078Z,15,32.57,32.1,32.9,32.9,59,59,59,59,239.7,636,209,RESTLESS,50.3,51,0,0,181.4,182,0,0,15,0,32.9,59,209,RESTLESS,0,0,182,51
69ed30dc8e0b93ff64ea4756,ESP32_GREENHOUSE_01,2026-04-25T21:23:40.090Z,15,32.63,32.1,32.9,32.6,59,59,59,59,202.3,498,201,RESTLESS,51.6,52,0,0,181.1,181,0,0,15,0,32.6,59,201,RESTLESS,0,0,181,52
69ed30fa8e0b93ff64ea4757,ESP32_GREENHOUSE_01,2026-04-25T21:24:10.094Z,15,32.53,32,32.9,32.5,59,59,59,59,245.3,610,157,RESTLESS,50.1,53,0,0,178.9,179,0,0,15,0,32.5,59,157,RESTLESS,0,0,179,53
69ed31188e0b93ff64ea4758,ESP32_GREENHOUSE_01,2026-04-25T21:24:40.104Z,15,32.51,32,32.9,32.2,58.67,58,59,58,120.9,187,93,RESTLESS,55.2,57,0,0,178.2,179,0,0,15,0,32.2,58,93,RESTLESS,0,0,179,57
69ed31368e0b93ff64ea4759,ESP32_GREENHOUSE_01,2026-04-25T21:25:10.117Z,15,32.52,32.1,32.9,32.5,58,58,58,58,125.7,236,131,RESTLESS,55.5,55,0,0,178.5,179,0,0,15,0,32.5,58,131,RESTLESS,0,0,179,55
69ed31548e0b93ff64ea4761,ESP32_GREENHOUSE_01,2026-04-25T21:25:40.117Z,15,32.42,32,32.8,32.3,58,58,58,58,195,673,194,RESTLESS,52.7,53,0,0,178.7,178,0,6,9,0,32.3,58,194,LIGHT_ACTIVITY,0,0,178,53
69ed31728e0b93ff64ea4763,ESP32_GREENHOUSE_01,2026-04-25T21:26:10.119Z,14,32.41,32,32.9,32.9,58,58,58,58,172.2,257,115,RESTLESS,53.7,56,0,0,178.4,178,0,0,14,0,32.9,58,115,RESTLESS,0,0,178,56
69ed31908e0b93ff64ea4764,ESP32_GREENHOUSE_01,2026-04-25T21:26:40.120Z,15,32.55,32,32.9,32.3,58,58,58,58,248.1,635,88,RESTLESS,50.6,57,0,0,178,178,0,0,15,0,32.3,58,88,RESTLESS,0,0,178,57
69ed31ae8e0b93ff64ea4765,ESP32_GREENHOUSE_01,2026-04-25T21:27:10.134Z,15,32.4,32,32.9,32.4,58,58,58,58,183.6,368,137,RESTLESS,53.3,55,0,0,177.2,178,0,0,15,0,32.4,58,137,RESTLESS,0,0,178,55
69ed31cc8e0b93ff64ea4768,ESP32_GREENHOUSE_01,2026-04-25T21:27:40.138Z,15,32.55,32,32.9,32.8,58,58,58,58,165.5,281,69,RESTLESS,53.9,57,4,0,178.7,181,0,0,15,0,32.8,58,69,RESTLESS,0,0,181,57
69ed31ea8e0b93ff64ea476a,ESP32_GREENHOUSE_01,2026-04-25T21:28:10.145Z,15,32.27,32,32.9,32.2,58.07,58,59,59,146.4,434,158,RESTLESS,54.9,54,2,0,180.7,182,0,0,15,0,32.2,59,158,RESTLESS,1,0,182,54
69ed32088e0b93ff64ea476c,ESP32_GREENHOUSE_01,2026-04-25T21:28:40.157Z,15,32.36,32,32.8,32.4,58.6,58,59,58,246.7,469,469,RESTLESS,50.5,42,5,0,181.7,181,0,0,15,0,32.4,58,469,RESTLESS,0,0,181,42
69ed32268e0b93ff64ea476e,ESP32_GREENHOUSE_01,2026-04-25T21:29:10.158Z,15,32.43,32,32.9,32.2,58,58,58,58,159.7,232,153,RESTLESS,54.1,55,3,0,180.9,182,0,0,15,0,32.2,58,153,RESTLESS,1,0,182,55
69ed32448e0b93ff64ea4772,ESP32_GREENHOUSE_01,2026-04-25T21:29:40.164Z,15,32.34,32,32.9,32.2,58,58,58,58,254.7,493,170,RESTLESS,50.7,54,8,0,181.7,182,0,0,15,0,32.2,58,170,RESTLESS,0,0,182,54
69ed32628e0b93ff64ea4777,ESP32_GREENHOUSE_01,2026-04-25T21:30:10.177Z,14,32.26,32,32.5,32.2,58.14,58,59,59,173.4,312,156,RESTLESS,53.8,54,2,0,181.7,183,2,0,12,0,32.2,59,156,QUIET,1,0,183,54
69ed32808e0b93ff64ea477a,ESP32_GREENHOUSE_01,2026-04-25T21:30:40.186Z,15,32.42,32,32.9,32.8,58.2,58,59,58,181.7,470,121,RESTLESS,53.3,55,2,0,181.3,180,0,0,15,0,32.8,58,121,RESTLESS,0,0,180,55
69ed329e8e0b93ff64ea477c,ESP32_GREENHOUSE_01,2026-04-25T21:31:10.186Z,15,32.35,32,32.9,32.7,58,58,58,58,189.9,390,204,RESTLESS,53.1,52,0,0,181.3,182,2,0,13,0,32.7,58,204,QUIET,0,0,182,52
69ed32bc8e0b93ff64ea4780,ESP32_GREENHOUSE_01,2026-04-25T21:31:40.201Z,15,32.45,32.1,32.9,32.1,58,58,58,58,201.3,545,94,RESTLESS,52.5,57,4,0,180.8,179,0,0,15,0,32.1,58,94,RESTLESS,0,0,179,57
69ed32da8e0b93ff64ea4785,ESP32_GREENHOUSE_01,2026-04-25T21:32:10.213Z,15,32.51,32,32.9,32.9,58.73,58,59,59,124.7,457,457,LIGHT_ACTIVITY,55.1,42,8,0,180.3,180,0,11,4,0,32.9,59,457,LIGHT_ACTIVITY,1,0,180,42
69ed32f88e0b93ff64ea478b,ESP32_GREENHOUSE_01,2026-04-25T21:32:40.228Z,15,32.69,32,32.9,32.7,59,59,59,59,133.7,357,129,LIGHT_ACTIVITY,54.1,54,8,0,180.3,181,0,14,1,0,32.7,59,129,LIGHT_ACTIVITY,0,0,181,54
69ed33168e0b93ff64ea4790,ESP32_GREENHOUSE_01,2026-04-25T21:33:10.229Z,15,32.25,32,32.6,32.2,59,59,59,59,170.4,404,219,LIGHT_ACTIVITY,53.6,52,2,0,179.2,180,0,8,7,0,32.2,59,219,RESTLESS,1,0,180,52
69ed33348e0b93ff64ea4792,ESP32_GREENHOUSE_01,2026-04-25T21:33:40.235Z,14,32.39,32,32.9,32.7,58.86,58,59,59,143.4,237,171,RESTLESS,54.5,53,4,0,179.5,179,0,0,14,0,32.7,59,171,RESTLESS,0,0,179,53
69ed33528e0b93ff64ea4796,ESP32_GREENHOUSE_01,2026-04-25T21:34:10.243Z,15,32.59,32,32.9,32.1,59,59,59,59,271.6,528,51,RESTLESS,49,59,4,0,179.8,181,0,0,13,2,32.1,59,51,CRYING,0,0,181,59
69ed33708e0b93ff64ea479f,ESP32_GREENHOUSE_01,2026-04-25T21:34:40.253Z,15,32.51,32,32.9,32,59,59,59,59,127.5,206,206,RESTLESS,54.9,53,0,0,180.1,180,4,4,6,1,32,59,206,RESTLESS,0,0,180,53
69ed338e8e0b93ff64ea47a6,ESP32_GREENHOUSE_01,2026-04-25T21:35:10.266Z,15,32.71,32.3,32.9,32.8,59,59,59,59,160.8,332,98,RESTLESS,53.2,56,3,0,180.1,180,4,0,11,0,32.8,59,98,RESTLESS,0,0,180,56
69ed33ac8e0b93ff64ea47a9,ESP32_GREENHOUSE_01,2026-04-25T21:35:40.273Z,15,32.54,32,32.9,32.8,59,59,59,59,151.9,272,188,RESTLESS,53.9,52,4,0,180.8,182,0,0,15,0,32.8,59,188,RESTLESS,0,0,182,52
69ed33ca8e0b93ff64ea47ac,ESP32_GREENHOUSE_01,2026-04-25T21:36:10.288Z,15,32.6,32,32.9,32.4,59,59,59,59,222.3,541,104,RESTLESS,50.8,56,0,0,181.2,181,3,0,12,0,32.4,59,104,RESTLESS,0,0,181,56
69ed33e88e0b93ff64ea47b3,ESP32_GREENHOUSE_01,2026-04-25T21:36:40.294Z,15,32.61,32.1,32.9,32.7,59,59,59,59,102.6,163,86,LIGHT_ACTIVITY,55.7,56,4,0,181,181,2,7,6,0,32.7,59,86,LIGHT_ACTIVITY,1,0,181,56
69ed34068e0b93ff64ea47bc,ESP32_GREENHOUSE_01,2026-04-25T21:37:10.294Z,15,32.61,32.3,32.9,32.3,59,59,59,59,97.2,150,98,LIGHT_ACTIVITY,55.7,56,9,0,181.4,182,0,11,4,0,32.3,59,98,RESTLESS,0,0,182,56
69ed34248e0b93ff64ea47c0,ESP32_GREENHOUSE_01,2026-04-25T21:37:40.305Z,14,32.59,32.2,32.9,32.5,59,59,59,59,157.2,350,197,RESTLESS,53.5,52,1,0,181.1,181,2,0,12,0,32.5,59,197,RESTLESS,1,0,181,52
69ed34428e0b93ff64ea47c6,ESP32_GREENHOUSE_01,2026-04-25T21:38:10.312Z,15,32.67,32.2,32.9,32.9,59,59,59,59,194.5,445,249,RESTLESS,51.8,50,7,0,181.3,180,1,0,14,0,32.9,59,249,RESTLESS,0,0,180,50
69ed34608e0b93ff64ea47c9,ESP32_GREENHOUSE_01,2026-04-25T21:38:40.327Z,15,32.47,32,32.8,32,59,59,59,59,228.5,401,175,RESTLESS,50.8,54,0,0,181.3,181,1,0,14,0,32,59,175,RESTLESS,0,0,181,54
69ed347e8e0b93ff64ea47cf,ESP32_GREENHOUSE_01,2026-04-25T21:39:10.339Z,15,32.55,32.3,32.8,32.4,59,59,59,59,212.9,402,233,RESTLESS,51.1,51,4,0,180.7,181,7,0,8,0,32.4,59,233,RESTLESS,1,0,181,51
69ed349c8e0b93ff64ea47d2,ESP32_GREENHOUSE_01,2026-04-25T21:39:40.349Z,15,32.56,32.3,32.9,32.5,59,59,59,59,247.9,525,272,RESTLESS,49.8,49,1,0,180.7,181,3,0,12,0,32.5,59,272,QUIET,0,0,181,49
69ed34ba8e0b93ff64ea47d5,ESP32_GREENHOUSE_01,2026-04-25T21:40:10.363Z,15,32.47,32,32.9,32.3,59,59,59,59,201.1,304,111,QUIET,51.9,56,5,0,180.9,181,12,0,3,0,32.3,59,111,RESTLESS,1,0,181,56
69ed34d88e0b93ff64ea47d7,ESP32_GREENHOUSE_01,2026-04-25T21:40:40.365Z,13,32.48,32,32.9,32.4,59,59,59,59,154.2,252,181,RESTLESS,53.8,53,1,0,179.7,180,0,0,13,0,32.4,59,181,RESTLESS,0,0,180,53
69ed34f68e0b93ff64ea47e1,ESP32_GREENHOUSE_01,2026-04-25T21:41:10.379Z,17,32.41,32,32.8,32.2,59,59,59,59,255.2,476,98,RESTLESS,49.8,56,8,0,145.5,101,4,0,10,3,32.2,59,98,CRYING,0,0,101,56
69ed35148e0b93ff64ea47e2,ESP32_GREENHOUSE_01,2026-04-25T21:41:40.392Z,14,32.41,32,32.9,32.4,59,59,59,59,304.6,712,177,CRYING,47.9,53,0,0,67.6,129,0,0,0,14,32.4,59,177,CRYING,0,0,129,53
69ed35328e0b93ff64ea47e7,ESP32_GREENHOUSE_01,2026-04-25T21:42:10.404Z,15,32.48,32.1,32.9,32.7,59,59,59,59,198.6,467,213,RESTLESS,52.2,51,8,0,176.7,177,0,0,9,6,32.7,59,213,RESTLESS,1,0,177,51
69ed35508e0b93ff64ea47eb,ESP32_GREENHOUSE_01,2026-04-25T21:42:40.419Z,15,32.41,32.1,32.9,32.3,59,59,59,59,140.7,256,108,RESTLESS,54.3,56,4,0,177.8,178,0,0,15,0,32.3,59,108,RESTLESS,0,0,178,56
69ed356e8e0b93ff64ea47f2,ESP32_GREENHOUSE_01,2026-04-25T21:43:10.427Z,15,32.43,32,32.8,32.4,59,59,59,59,244.6,507,257,RESTLESS,50.2,50,9,0,177.4,176,1,4,10,0,32.4,59,257,RESTLESS,0,0,176,50
69ed358c8e0b93ff64ea47f5,ESP32_GREENHOUSE_01,2026-04-25T21:43:40.430Z,15,32.38,32,32.7,32.2,59,59,59,59,248.3,377,260,RESTLESS,50.1,50,4,0,178,178,0,0,15,0,32.2,59,260,RESTLESS,0,0,178,50
69ed35aa8e0b93ff64ea47fb,ESP32_GREENHOUSE_01,2026-04-25T21:44:10.438Z,13,32.48,32,32.9,32.5,59,59,59,59,164.1,283,108,QUIET,53.3,55,3,0,177.6,178,7,1,5,0,32.5,59,108,LIGHT_ACTIVITY,0,0,178,55
69ed35c88e0b93ff64ea47fc,ESP32_GREENHOUSE_01,2026-04-25T21:44:40.441Z,16,32.44,32,32.9,32.2,59,59,59,59,149.3,366,72,LIGHT_ACTIVITY,53.8,57,0,0,178,178,0,16,0,0,32.2,59,72,LIGHT_ACTIVITY,0,0,178,57
69ed35e68e0b93ff64ea47fd,ESP32_GREENHOUSE_01,2026-04-25T21:45:10.446Z,15,32.5,32.1,32.9,32.9,59.2,59,60,60,131.3,249,111,LIGHT_ACTIVITY,54.3,54,0,0,177.9,178,1,14,0,0,32.9,60,111,QUIET,0,0,178,54
69ed36048e0b93ff64ea4805,ESP32_GREENHOUSE_01,2026-04-25T21:45:40.461Z,15,32.51,32,32.9,32.9,60,60,60,60,159,391,128,LIGHT_ACTIVITY,52.8,54,5,0,176.7,176,1,10,4,0,32.9,60,128,RESTLESS,0,0,176,54
69ed36228e0b93ff64ea4807,ESP32_GREENHOUSE_01,2026-04-25T21:46:10.470Z,15,32.42,32,32.9,32.7,59.07,59,60,59,171.9,263,232,RESTLESS,53,50,0,0,175.6,175,7,0,8,0,32.7,59,232,QUIET,0,0,175,50
69ed36408e0b93ff64ea480a,ESP32_GREENHOUSE_01,2026-04-25T21:46:40.474Z,15,32.59,32,32.9,32.4,59,59,59,59,197.7,513,206,QUIET,51.8,52,0,0,175.7,176,14,0,1,0,32.4,59,206,QUIET,0,0,176,52
69ed365e8e0b93ff64ea4811,ESP32_GREENHOUSE_01,2026-04-25T21:47:10.476Z,15,32.57,32.3,32.8,32.7,59,59,59,59,138.1,250,79,QUIET,54.2,56,7,0,175.9,176,7,3,5,0,32.7,59,79,LIGHT_ACTIVITY,0,0,176,56
69ed367c8e0b93ff64ea4815,ESP32_GREENHOUSE_01,2026-04-25T21:47:40.480Z,14,32.6,32.3,32.9,32.7,59.79,59,60,60,194,349,106,RESTLESS,51.4,55,4,0,175.6,175,0,4,10,0,32.7,60,106,RESTLESS,0,0,175,55
69ed369a8e0b93ff64ea481b,ESP32_GREENHOUSE_01,2026-04-25T21:48:10.490Z,16,32.62,32,32.9,32.7,60,60,60,60,194.6,502,356,RESTLESS,51.3,45,13,0,169.9,124,0,0,16,0,32.7,60,356,RESTLESS,1,0,124,45
69ed36b88e0b93ff64ea4820,ESP32_GREENHOUSE_01,2026-04-25T21:48:40.502Z,15,32.47,32,32.9,32.5,60,60,60,60,129.7,275,98,RESTLESS,54.3,55,8,0,154.4,174,0,1,14,0,32.5,60,98,LIGHT_ACTIVITY,0,0,174,55
69ed36d68e0b93ff64ea4821,ESP32_GREENHOUSE_01,2026-04-25T21:49:10.503Z,14,32.64,32.1,32.8,32.8,60,60,60,60,219.5,831,263,LIGHT_ACTIVITY,50.1,48,0,0,174.9,175,2,12,0,0,32.8,60,263,QUIET,0,0,175,48
69ed36f48e0b93ff64ea4827,ESP32_GREENHOUSE_01,2026-04-25T21:49:40.518Z,15,32.51,32,32.9,32.5,60,60,60,60,338.9,1023,603,RESTLESS,45.7,35,12,0,173.5,187,2,0,10,3,32.5,60,603,CRYING,1,0,187,35
69ed37128e0b93ff64ea482d,ESP32_GREENHOUSE_01,2026-04-25T21:50:10.531Z,15,32.52,32,32.9,32.5,60.6,60,61,60,284.5,883,193,CRYING,47.4,51,13,0,205.5,189,0,0,2,13,32.5,60,193,RESTLESS,1,0,189,51
69ed37308e0b93ff64ea4831,ESP32_GREENHOUSE_01,2026-04-25T21:50:40.538Z,15,32.57,32.1,32.9,32.2,60,60,60,60,292.7,682,682,CRYING,47.4,33,8,0,194.9,165,0,0,6,9,32.2,60,682,CRYING,1,0,165,33
69ed374e8e0b93ff64ea4834,ESP32_GREENHOUSE_01,2026-04-25T21:51:10.553Z,15,32.53,32.1,32.9,32.5,60.2,60,61,60,231.7,514,160,RESTLESS,49.7,52,8,0,205.6,215,0,0,8,7,32.5,60,160,RESTLESS,0,0,215,52
69ed376c8e0b93ff64ea4836,ESP32_GREENHOUSE_01,2026-04-25T21:51:40.566Z,15,32.52,32,32.9,32.2,60.47,60,61,61,240.5,395,269,RESTLESS,49.4,48,11,0,214.5,216,0,0,15,0,32.2,61,269,RESTLESS,1,0,216,48
69ed378a8e0b93ff64ea483a,ESP32_GREENHOUSE_01,2026-04-25T21:52:10.567Z,15,32.43,32,32.9,32.7,60,60,60,60,257.3,823,210,RESTLESS,49.2,51,4,0,214.9,209,0,6,9,0,32.7,60,210,LIGHT_ACTIVITY,1,0,209,51
69ed37a88e0b93ff64ea4843,ESP32_GREENHOUSE_01,2026-04-25T21:52:40.569Z,15,32.64,32.1,32.9,32.8,60,60,60,60,430.3,1023,502,CRYING,42.1,39,9,0,209.1,213,0,1,5,9,32.8,60,502,CRYING,0,0,213,39
69ed37c68e0b93ff64ea4848,ESP32_GREENHOUSE_01,2026-04-25T21:53:10.583Z,14,32.46,32,32.9,32.9,60,60,60,60,247.1,539,189,CRYING,49.6,51,0,0,213.9,212,3,0,4,7,32.9,60,189,QUIET,0,0,212,51
69ed37e48e0b93ff64ea484d,ESP32_GREENHOUSE_01,2026-04-25T21:53:40.597Z,15,32.43,32,32.9,32.4,60,60,60,60,270.4,734,156,RESTLESS,48.7,53,0,0,212.3,211,2,4,9,0,32.4,60,156,LIGHT_ACTIVITY,0,0,211,53
69ed38028e0b93ff64ea484f,ESP32_GREENHOUSE_01,2026-04-25T21:54:10.611Z,15,32.44,32,32.9,32.4,60,60,60,60,214.1,471,471,RESTLESS,50.7,41,0,0,213.3,214,0,0,15,0,32.4,60,471,RESTLESS,0,0,214,41
69ed38208e0b93ff64ea4851,ESP32_GREENHOUSE_01,2026-04-25T21:54:40.622Z,15,32.46,32,32.8,32.6,60,60,60,60,348.7,689,217,RESTLESS,45.5,50,0,0,213.7,214,0,0,12,3,32.6,60,217,CRYING,0,0,214,50
69ed383e8e0b93ff64ea4853,ESP32_GREENHOUSE_01,2026-04-25T21:55:10.631Z,15,32.55,32.1,32.8,32.1,60,60,60,60,210.5,480,87,CRYING,50.7,56,0,0,213.1,213,0,0,5,10,32.1,60,87,RESTLESS,0,0,213,56
69ed385c8e0b93ff64ea4857,ESP32_GREENHOUSE_01,2026-04-25T21:55:40.642Z,15,32.54,32.1,32.8,32.5,60,60,60,60,319.2,542,269,CRYING,46.4,48,1,0,213.6,206,0,2,6,7,32.5,60,269,CRYING,1,0,206,48
69ed387a8e0b93ff64ea485c,ESP32_GREENHOUSE_01,2026-04-25T21:56:10.645Z,15,32.55,32,32.8,32,60,60,60,60,153.2,335,317,RESTLESS,53.1,48,14,0,175.9,169,0,4,7,4,32,60,317,LIGHT_ACTIVITY,1,0,169,48
69ed38988e0b93ff64ea485e,ESP32_GREENHOUSE_01,2026-04-25T21:56:40.651Z,14,32.56,32,32.8,32.8,60,60,60,60,166.6,379,84,RESTLESS,52.3,55,14,0,167.4,167,0,0,14,0,32.8,60,84,RESTLESS,1,0,167,55
69ed38b68e0b93ff64ea4864,ESP32_GREENHOUSE_01,2026-04-25T21:57:10.659Z,15,32.51,32.1,32.9,32.3,60,60,60,60,113.3,203,101,RESTLESS,54.5,55,10,0,163.7,155,0,2,13,0,32.3,60,101,RESTLESS,0,0,155,55
69ed38d48e0b93ff64ea4866,ESP32_GREENHOUSE_01,2026-04-25T21:57:40.663Z,15,32.37,32,32.9,32.8,60,60,60,60,182.7,506,122,RESTLESS,52.1,54,0,0,155.8,162,0,6,9,0,32.8,60,122,LIGHT_ACTIVITY,0,0,162,54
69ed38f28e0b93ff64ea4868,ESP32_GREENHOUSE_01,2026-04-25T21:58:10.679Z,15,32.44,32.1,32.8,32.6,60,60,60,60,379.5,1023,108,CRYING,44.3,55,0,0,165.8,166,0,7,0,8,32.6,60,108,CRYING,0,0,166,55
69ed39108e0b93ff64ea4871,ESP32_GREENHOUSE_01,2026-04-25T21:58:40.683Z,15,32.55,32.2,32.9,32.8,60,60,60,60,243.5,623,475,RESTLESS,49.3,40,2,0,161.7,160,4,0,7,4,32.8,60,475,RESTLESS,1,0,160,40
69ed392e8e0b93ff64ea4874,ESP32_GREENHOUSE_01,2026-04-25T21:59:10.698Z,15,32.48,32.1,32.9,32.3,60,60,60,60,193.3,391,133,LIGHT_ACTIVITY,51.5,54,2,0,214.9,220,0,8,7,0,32.3,60,133,LIGHT_ACTIVITY,0,0,220,54
69ed394c8e0b93ff64ea487b,ESP32_GREENHOUSE_01,2026-04-25T21:59:40.701Z,15,32.52,32.1,32.8,32.7,60,60,60,60,239.1,588,222,RESTLESS,49.5,50,11,0,219.5,220,0,5,10,0,32.7,60,222,RESTLESS,1,0,220,50
69ed396a8e0b93ff64ea487f,ESP32_GREENHOUSE_01,2026-04-25T22:00:10.701Z,15,32.43,32,32.8,32,60.4,60,61,61,294.9,718,136,RESTLESS,47.4,54,11,0,219.3,217,0,2,13,0,32,61,136,RESTLESS,0,0,217,54
69ed39888e0b93ff64ea4881,ESP32_GREENHOUSE_01,2026-04-25T22:00:40.707Z,14,32.4,32,32.9,32.4,60.5,60,61,60,223.2,876,459,LIGHT_ACTIVITY,50.1,41,0,0,219.1,220,0,13,1,0,32.4,60,459,LIGHT_ACTIVITY,0,0,220,41
69ed39a68e0b93ff64ea4884,ESP32_GREENHOUSE_01,2026-04-25T22:01:10.713Z,15,32.51,32,32.9,32.8,60.13,60,61,61,185.7,393,123,LIGHT_ACTIVITY,51.6,53,0,0,219.6,221,0,13,0,2,32.8,61,123,LIGHT_ACTIVITY,0,0,221,53
69ed39c48e0b93ff64ea4889,ESP32_GREENHOUSE_01,2026-04-25T22:01:40.726Z,15,32.34,32.1,32.8,32.4,60.93,60,61,60,407.2,1023,208,CRYING,42.7,51,3,0,219.2,220,0,2,5,8,32.4,60,208,CRYING,0,0,220,51
69ed39e28e0b93ff64ea488c,ESP32_GREENHOUSE_01,2026-04-25T22:02:10.729Z,15,32.55,32.2,32.9,32.5,60,60,60,60,235.1,552,85,RESTLESS,49.7,55,0,0,218.8,206,0,2,9,4,32.5,60,85,RESTLESS,0,0,206,55
69ed3a008e0b93ff64ea4895,ESP32_GREENHOUSE_01,2026-04-25T22:02:40.730Z,15,32.33,32,32.7,32.1,60,60,60,60,268.3,655,158,LIGHT_ACTIVITY,48.8,54,4,0,161.1,163,0,10,4,1,32.1,60,158,RESTLESS,0,0,163,54
69ed3a1e8e0b93ff64ea489c,ESP32_GREENHOUSE_01,2026-04-25T22:03:10.743Z,15,32.49,32.1,32.9,32.9,60,60,60,60,159.1,371,371,QUIET,52.7,44,4,0,172.2,174,9,1,5,0,32.9,60,371,LIGHT_ACTIVITY,1,0,174,44
69ed3a3c8e0b93ff64ea48a2,ESP32_GREENHOUSE_01,2026-04-25T22:03:40.743Z,15,32.45,32,32.9,32.9,60,60,60,60,120.3,288,127,LIGHT_ACTIVITY,54.4,54,11,0,198.9,176,0,14,1,0,32.9,60,127,RESTLESS,1,0,176,54
69ed3a5a8e0b93ff64ea48ab,ESP32_GREENHOUSE_01,2026-04-25T22:04:10.743Z,15,32.61,32.2,32.9,32.9,60,60,60,60,124.3,305,143,LIGHT_ACTIVITY,54.1,53,12,0,178.5,152,0,11,4,0,32.9,60,143,LIGHT_ACTIVITY,0,0,152,53
69ed3a788e0b93ff64ea48ac,ESP32_GREENHOUSE_01,2026-04-25T22:04:40.752Z,14,32.59,32.2,32.9,32.2,60,60,60,60,153.1,367,227,LIGHT_ACTIVITY,52.9,51,0,0,147.2,176,1,13,0,0,32.2,60,227,QUIET,0,0,176,51
69ed3a968e0b93ff64ea48b3,ESP32_GREENHOUSE_01,2026-04-25T22:05:10.760Z,15,32.47,32,32.9,32.4,60,60,60,60,279.6,760,126,RESTLESS,48.1,54,2,0,175.5,176,5,1,9,0,32.4,60,126,QUIET,1,0,176,54
69ed3ab48e0b93ff64ea48b7,ESP32_GREENHOUSE_01,2026-04-25T22:05:40.774Z,15,32.57,32,32.8,32.7,60,60,60,60,169.9,567,274,RESTLESS,52.3,48,6,0,209.2,219,0,0,15,0,32.7,60,274,RESTLESS,1,0,219,48
69ed3ad28e0b93ff64ea48ba,ESP32_GREENHOUSE_01,2026-04-25T22:06:10.780Z,15,32.59,32.1,32.9,32.6,60,60,60,60,167.2,624,165,RESTLESS,52.3,52,9,0,217.6,218,0,0,15,0,32.6,60,165,RESTLESS,1,0,218,52
69ed3af08e0b93ff64ea48bc,ESP32_GREENHOUSE_01,2026-04-25T22:06:40.780Z,15,32.46,32,32.8,32.5,60,60,60,60,171.9,399,399,RESTLESS,52.4,43,4,0,218,219,0,0,15,0,32.5,60,399,RESTLESS,0,0,219,43
69ed3b0e8e0b93ff64ea48bf,ESP32_GREENHOUSE_01,2026-04-25T22:07:10.782Z,15,32.48,32.2,32.9,32.2,60,60,60,60,170.9,363,91,RESTLESS,52.4,56,0,0,218.4,219,0,1,14,0,32.2,60,91,RESTLESS,0,0,219,56
69ed3b2c8e0b93ff64ea48c2,ESP32_GREENHOUSE_01,2026-04-25T22:07:40.783Z,15,32.47,32,32.8,32.5,60,60,60,60,179.1,327,104,RESTLESS,52.1,55,0,0,218,217,0,2,13,0,32.5,60,104,RESTLESS,0,0,217,55
69ed3b4a8e0b93ff64ea48c3,ESP32_GREENHOUSE_01,2026-04-25T22:08:10.784Z,14,32.36,32,32.9,32.6,60.07,60,61,61,170.9,331,136,RESTLESS,52.6,53,0,0,218.4,219,0,0,14,0,32.6,61,136,RESTLESS,0,0,219,53
69ed3b688e0b93ff64ea48c7,ESP32_GREENHOUSE_01,2026-04-25T22:08:40.795Z,15,32.39,32,32.9,32.2,60.87,60,61,61,191.1,361,206,RESTLESS,51.3,51,0,0,218.1,217,0,6,9,0,32.2,61,206,LIGHT_ACTIVITY,0,0,217,51
69ed3b868e0b93ff64ea48c8,ESP32_GREENHOUSE_01,2026-04-25T22:09:10.809Z,15,32.41,32,32.9,32,60.67,60,61,61,136.2,339,339,LIGHT_ACTIVITY,53.5,46,0,0,217.9,219,0,15,0,0,32,61,339,LIGHT_ACTIVITY,0,0,219,46
69ed3ba48e0b93ff64ea48cb,ESP32_GREENHOUSE_01,2026-04-25T22:09:40.811Z,15,32.42,32,32.9,32,60.53,60,61,61,443.5,1023,221,CRYING,41.7,51,8,0,210.9,221,0,7,0,8,32,61,221,CRYING,1,0,221,51
69ed3bc28e0b93ff64ea48ce,ESP32_GREENHOUSE_01,2026-04-25T22:10:10.822Z,15,32.38,32,32.9,32.2,61,61,61,61,254,680,124,CRYING,48.7,54,11,0,223.1,224,0,0,4,11,32.2,61,124,RESTLESS,0,0,224,54
69ed3be08e0b93ff64ea48cf,ESP32_GREENHOUSE_01,2026-04-25T22:10:40.826Z,15,32.34,32,32.8,32,61,61,61,61,165.3,297,190,RESTLESS,52.2,52,0,0,222.3,220,0,0,15,0,32,61,190,RESTLESS,0,0,220,52
69ed3bfe8e0b93ff64ea48d0,ESP32_GREENHOUSE_01,2026-04-25T22:11:10.835Z,14,32.28,32,32.6,32.4,61,61,61,61,211.1,307,136,RESTLESS,50.5,53,0,0,220.9,222,0,0,14,0,32.4,61,136,RESTLESS,0,0,222,53
69ed3c1c8e0b93ff64ea48d1,ESP32_GREENHOUSE_01,2026-04-25T22:11:40.849Z,15,32.44,32.1,32.9,32.5,61,61,61,61,200.2,325,227,RESTLESS,50.5,49,0,0,221,221,0,0,15,0,32.5,61,227,RESTLESS,0,0,221,49
69ed3c3a8e0b93ff64ea48d4,ESP32_GREENHOUSE_01,2026-04-25T22:12:10.854Z,15,32.46,32,32.9,32.4,61,61,61,61,267.1,481,181,RESTLESS,48.1,51,6,0,217,216,0,0,15,0,32.4,61,181,RESTLESS,0,0,216,51
69ed3c588e0b93ff64ea48d6,ESP32_GREENHOUSE_01,2026-04-25T22:12:40.861Z,13,32.46,32,32.9,32.5,61,61,61,61,166.7,230,123,RESTLESS,52,53,0,0,203.9,158,2,0,11,0,32.5,61,123,QUIET,0,0,158,53
69ed3c768e0b93ff64ea48dc,ESP32_GREENHOUSE_01,2026-04-25T22:13:10.862Z,17,32.29,32,32.8,32.8,61,61,61,61,189.2,435,152,RESTLESS,51.3,52,0,0,171.5,171,4,0,13,0,32.8,61,152,RESTLESS,0,0,171,52
69ed3c948e0b93ff64ea48e0,ESP32_GREENHOUSE_01,2026-04-25T22:13:40.872Z,15,32.42,32,32.9,32.9,61,61,61,61,249.3,576,303,RESTLESS,48.9,46,0,0,170.7,169,2,2,9,2,32.9,61,303,CRYING,0,0,169,46
69ed3cb28e0b93ff64ea48e5,ESP32_GREENHOUSE_01,2026-04-25T22:14:10.886Z,15,32.31,32,32.8,32.3,61,61,61,61,407.4,1023,516,RESTLESS,42.8,39,7,0,170.5,174,0,2,10,3,32.3,61,516,RESTLESS,0,0,174,39
69ed3cd08e0b93ff64ea48e7,ESP32_GREENHOUSE_01,2026-04-25T22:14:40.898Z,15,32.27,32,32.7,32.1,61,61,61,61,319.3,793,334,CRYING,46.4,46,0,0,165.3,134,0,0,1,14,32.1,61,334,CRYING,0,0,134,46
69ed3cee8e0b93ff64ea48e8,ESP32_GREENHOUSE_01,2026-04-25T22:15:10.908Z,14,32.46,32,32.9,32.9,61,61,61,61,397.2,1023,343,CRYING,43,45,0,0,164.2,175,0,0,0,14,32.9,61,343,CRYING,0,0,175,45
69ed3d0c8e0b93ff64ea48ec,ESP32_GREENHOUSE_01,2026-04-25T22:15:40.910Z,15,32.35,32,32.9,32.3,61,61,61,61,244.9,701,701,QUIET,49.2,31,0,0,172.3,173,9,0,0,6,32.3,61,701,QUIET,0,0,173,31
69ed3d2a8e0b93ff64ea48ee,ESP32_GREENHOUSE_01,2026-04-25T22:16:10.924Z,15,32.29,32,32.7,32.6,61,61,61,61,438.9,960,303,CRYING,41.7,46,0,0,172.1,174,2,0,0,13,32.6,61,303,CRYING,0,0,174,46
69ed3d488e0b93ff64ea48f0,ESP32_GREENHOUSE_01,2026-04-25T22:16:40.927Z,15,32.32,32,32.9,32.4,60.93,60,61,60,481.3,1023,1023,CRYING,40.2,19,11,0,193.9,203,0,0,0,15,32.4,60,1023,CRYING,1,0,203,19
69ed3d668e0b93ff64ea48f5,ESP32_GREENHOUSE_01,2026-04-25T22:17:10.929Z,15,32.31,32,32.9,32.1,60.73,60,61,61,556.3,1023,1023,CRYING,37.3,19,9,0,204.3,209,0,0,0,15,32.1,61,1023,CRYING,1,0,209,19
69ed3d848e0b93ff64ea48f8,ESP32_GREENHOUSE_01,2026-04-25T22:17:40.939Z,15,32.43,32,32.9,32.1,61,61,61,61,451.7,1023,495,CRYING,40.8,40,6,0,190.5,206,0,0,0,15,32.1,61,495,CRYING,1,0,206,40
69ed3da28e0b93ff64ea48fc,ESP32_GREENHOUSE_01,2026-04-25T22:18:10.945Z,15,32.51,32.1,32.9,32.9,60.07,60,61,60,449.4,1023,924,CRYING,41.5,23,11,0,211.7,213,0,0,0,15,32.9,60,924,CRYING,0,0,213,23
69ed3dc08e0b93ff64ea4900,ESP32_GREENHOUSE_01,2026-04-25T22:18:40.957Z,15,32.64,32.2,32.8,32.8,60,60,60,60,398.5,1023,222,CRYING,43.3,50,13,0,212.1,210,0,0,0,15,32.8,60,222,CRYING,1,0,210,50
69ed3dde8e0b93ff64ea4905,ESP32_GREENHOUSE_01,2026-04-25T22:19:10.965Z,15,32.49,32,32.9,32,60,60,60,60,474.3,1023,1023,CRYING,40.5,20,7,0,211.6,210,0,0,0,15,32,60,1023,CRYING,1,0,210,20
69ed3dfc8e0b93ff64ea4909,ESP32_GREENHOUSE_01,2026-04-25T22:19:40.967Z,14,32.49,32,32.8,32.1,60,60,60,60,318.6,957,186,CRYING,46.6,53,3,0,212.8,211,0,0,1,13,32.1,60,186,RESTLESS,1,0,211,53
69ed3e1a8e0b93ff64ea490e,ESP32_GREENHOUSE_01,2026-04-25T22:20:10.980Z,15,32.38,32.2,32.9,32.4,60,60,60,60,352.9,1023,702,RESTLESS,45.3,32,13,0,202.7,203,0,3,12,0,32.4,60,702,LIGHT_ACTIVITY,0,0,203,32
69ed3e388e0b93ff64ea4911,ESP32_GREENHOUSE_01,2026-04-25T22:20:40.981Z,15,32.47,32,32.9,32.8,60,60,60,60,320.9,882,748,RESTLESS,46.5,30,8,0,199.6,196,0,0,15,0,32.8,60,748,RESTLESS,1,0,196,30
69ed3e568e0b93ff64ea4916,ESP32_GREENHOUSE_01,2026-04-25T22:21:10.984Z,15,32.29,32.1,32.9,32.4,60,60,60,60,313.7,876,242,RESTLESS,47.1,50,15,0,186.7,146,0,0,10,5,32.4,60,242,RESTLESS,1,0,146,50
69ed3e748e0b93ff64ea491c,ESP32_GREENHOUSE_01,2026-04-25T22:21:40.996Z,15,32.48,32,32.8,32.5,60,60,60,60,347.7,582,376,CRYING,45.4,44,6,0,153.5,178,0,0,7,8,32.5,60,376,CRYING,1,0,178,44
69ed3e938e0b93ff64ea491d,ESP32_GREENHOUSE_01,2026-04-25T22:22:11.005Z,15,32.56,32.2,32.9,32.6,60,60,60,60,495.5,961,622,CRYING,39.5,34,15,0,199.3,202,0,0,0,15,32.6,60,622,CRYING,1,0,202,34
69ed3eb18e0b93ff64ea4922,ESP32_GREENHOUSE_01,2026-04-25T22:22:41.013Z,15,32.48,32.2,32.8,32.8,60,60,60,60,457.4,1023,503,CRYING,41.2,39,13,0,197.1,197,0,0,0,15,32.8,60,503,CRYING,1,0,197,39
69ed3ecf8e0b93ff64ea4926,ESP32_GREENHOUSE_01,2026-04-25T22:23:11.013Z,15,32.59,32,32.9,32.8,60,60,60,60,449.9,1023,347,CRYING,41.3,45,10,0,203.8,205,0,0,0,15,32.8,60,347,CRYING,0,0,205,45
69ed3eed8e0b93ff64ea4929,ESP32_GREENHOUSE_01,2026-04-25T22:23:41.014Z,14,32.55,32,32.8,32.8,60,60,60,60,382.4,996,715,CRYING,44.1,31,0,0,197.1,174,0,0,2,12,32.8,60,715,CRYING,0,0,174,31
69ed3f0b8e0b93ff64ea492b,ESP32_GREENHOUSE_01,2026-04-25T22:24:11.015Z,15,32.57,32.3,32.9,32.8,60,60,60,60,502.4,1023,398,CRYING,39.3,43,13,0,202,180,0,0,0,15,32.8,60,398,CRYING,1,0,180,43
69ed3f298e0b93ff64ea4931,ESP32_GREENHOUSE_01,2026-04-25T22:24:41.018Z,15,32.53,32.1,32.8,32.6,60,60,60,60,279.5,556,397,CRYING,47.9,43,10,0,199.9,211,0,2,1,12,32.6,60,397,CRYING,1,0,211,43
69ed3f478e0b93ff64ea4936,ESP32_GREENHOUSE_01,2026-04-25T22:25:11.025Z,15,32.49,32.1,32.8,32.4,60,60,60,60,248.7,462,127,RESTLESS,49.3,54,8,0,190.5,186,0,0,9,6,32.4,60,127,RESTLESS,0,0,186,54
69ed3f658e0b93ff64ea4939,ESP32_GREENHOUSE_01,2026-04-25T22:25:41.035Z,15,32.31,32,32.9,32.2,60.67,60,61,61,300.3,1023,171,RESTLESS,47.3,52,6,0,190.9,195,0,0,15,0,32.2,61,171,RESTLESS,0,0,195,52
69ed3f838e0b93ff64ea493b,ESP32_GREENHOUSE_01,2026-04-25T22:26:11.036Z,15,32.46,32.1,32.9,32.2,61,61,61,61,132.6,268,87,RESTLESS,53.5,56,0,0,198,181,0,1,14,0,32.2,61,87,LIGHT_ACTIVITY,0,0,181,56
69ed3fa18e0b93ff64ea493d,ESP32_GREENHOUSE_01,2026-04-25T22:26:41.047Z,15,32.19,32,32.9,32,61,61,61,61,131.8,229,196,LIGHT_ACTIVITY,53.9,52,0,0,194.4,210,0,14,1,0,32,61,196,RESTLESS,0,0,210,52
69ed3fbf8e0b93ff64ea493e,ESP32_GREENHOUSE_01,2026-04-25T22:27:11.047Z,14,32.37,32,32.9,32.5,61,61,61,61,145.1,267,139,RESTLESS,52.9,53,0,0,211.2,211,0,0,14,0,32.5,61,139,RESTLESS,0,0,211,53
69ed3fdd8e0b93ff64ea4944,ESP32_GREENHOUSE_01,2026-04-25T22:27:41.048Z,15,32.04,31,32.9,31.2,61,61,61,61,130.1,266,94,LIGHT_ACTIVITY,54.5,58,0,0,212.5,211,1,10,4,0,31.2,61,94,LIGHT_ACTIVITY,0,0,211,58
69ed3ffb8e0b93ff64ea494c,ESP32_GREENHOUSE_01,2026-04-25T22:28:11.049Z,15,31.57,31,31.9,31.8,61,61,61,61,174.2,358,120,LIGHT_ACTIVITY,53.9,55,9,0,201.7,207,0,12,3,0,31.8,61,120,RESTLESS,0,0,207,55
69ed40198e0b93ff64ea4955,ESP32_GREENHOUSE_01,2026-04-25T22:28:41.063Z,15,31.44,31,31.9,31.1,61,61,61,61,145.1,648,109,RESTLESS,55.4,58,4,0,207.5,214,0,4,11,0,31.1,61,109,RESTLESS,0,0,214,58
69ed40378e0b93ff64ea4957,ESP32_GREENHOUSE_01,2026-04-25T22:29:11.075Z,15,31.49,31.2,31.9,31.2,61,61,61,61,128.7,364,102,RESTLESS,55.9,58,0,0,212.7,214,0,7,8,0,31.2,61,102,LIGHT_ACTIVITY,0,0,214,58
69ed40558e0b93ff64ea4958,ESP32_GREENHOUSE_01,2026-04-25T22:29:41.077Z,15,31.32,31,31.7,31.5,61,61,61,61,110.3,309,122,LIGHT_ACTIVITY,57.1,56,0,0,208.7,205,0,15,0,0,31.5,61,122,LIGHT_ACTIVITY,0,0,205,56
69ed40738e0b93ff64ea495d,ESP32_GREENHOUSE_01,2026-04-25T22:30:11.089Z,15,31.2,31,31.5,31.1,61,61,61,61,156.5,406,99,LIGHT_ACTIVITY,55.7,58,0,0,208.3,209,0,13,2,0,31.1,61,99,LIGHT_ACTIVITY,0,0,209,58
69ed40918e0b93ff64ea495e,ESP32_GREENHOUSE_01,2026-04-25T22:30:41.092Z,14,31.3,31,31.8,31.3,61,61,61,61,103.4,154,134,LIGHT_ACTIVITY,57.4,56,0,0,207.8,207,0,14,0,0,31.3,61,134,LIGHT_ACTIVITY,0,0,207,56
69ed40af8e0b93ff64ea495f,ESP32_GREENHOUSE_01,2026-04-25T22:31:11.096Z,15,31.54,31,31.9,31.3,61,61,61,61,108.7,155,151,LIGHT_ACTIVITY,56.6,56,0,0,208.5,210,0,15,0,0,31.3,61,151,LIGHT_ACTIVITY,0,0,210,56
69ed40cd8e0b93ff64ea4961,ESP32_GREENHOUSE_01,2026-04-25T22:31:41.100Z,15,31.44,31,31.9,31.9,61,61,61,61,187.5,415,108,RESTLESS,53.7,56,0,0,212.1,215,0,7,8,0,31.9,61,108,RESTLESS,0,0,215,56
69ed40eb8e0b93ff64ea4966,ESP32_GREENHOUSE_01,2026-04-25T22:32:11.116Z,15,31.41,31,31.8,31.6,61,61,61,61,99.9,144,98,LIGHT_ACTIVITY,57.3,57,3,0,211.6,206,0,14,1,0,31.6,61,98,LIGHT_ACTIVITY,1,0,206,57
69ed41098e0b93ff64ea4968,ESP32_GREENHOUSE_01,2026-04-25T22:32:41.125Z,15,31.54,31.1,31.9,31.9,61,61,61,61,100,144,65,LIGHT_ACTIVITY,56.9,57,1,0,205.9,207,1,14,0,0,31.9,61,65,QUIET,0,0,207,57
69ed41278e0b93ff64ea496a,ESP32_GREENHOUSE_01,2026-04-25T22:33:11.128Z,15,31.63,31.3,31.9,31.6,61,61,61,61,98.7,184,134,LIGHT_ACTIVITY,56.7,55,0,0,206.4,205,0,15,0,0,31.6,61,134,LIGHT_ACTIVITY,0,0,205,55
69ed41458e0b93ff64ea496b,ESP32_GREENHOUSE_01,2026-04-25T22:33:41.143Z,15,31.31,31,31.9,31.1,61,61,61,61,118.2,217,122,LIGHT_ACTIVITY,56.9,57,0,0,208.7,212,0,15,0,0,31.1,61,122,LIGHT_ACTIVITY,0,0,212,57
69ed41638e0b93ff64ea496d,ESP32_GREENHOUSE_01,2026-04-25T22:34:11.155Z,14,31.29,31,31.9,31,61,61,61,61,135.8,307,188,LIGHT_ACTIVITY,56.1,55,0,0,211.3,212,0,13,1,0,31,61,188,RESTLESS,0,0,212,55
69ed41818e0b93ff64ea4977,ESP32_GREENHOUSE_01,2026-04-25T22:34:41.159Z,15,31.41,31,31.9,31.3,61,61,61,61,132.3,191,128,RESTLESS,56,56,0,0,213,212,4,4,7,0,31.3,61,128,QUIET,0,0,212,56
69ed419f8e0b93ff64ea497b,ESP32_GREENHOUSE_01,2026-04-25T22:35:11.173Z,15,31.41,31,31.9,31.5,61,61,61,61,104.5,157,88,LIGHT_ACTIVITY,57,57,0,0,212.3,212,1,12,2,0,31.5,61,88,LIGHT_ACTIVITY,0,0,212,57
69ed41bd8e0b93ff64ea497d,ESP32_GREENHOUSE_01,2026-04-25T22:35:41.183Z,15,31.5,31.1,31.9,31.9,61,61,61,61,103.7,152,151,LIGHT_ACTIVITY,56.9,54,2,0,213.2,213,0,15,0,0,31.9,61,151,LIGHT_ACTIVITY,1,0,213,54
69ed41db8e0b93ff64ea4981,ESP32_GREENHOUSE_01,2026-04-25T22:36:11.195Z,15,31.41,31,31.9,31.5,61,61,61,61,100.7,140,116,LIGHT_ACTIVITY,57.3,56,8,0,212.1,211,0,8,7,0,31.5,61,116,LIGHT_ACTIVITY,0,0,211,56
69ed41f98e0b93ff64ea4982,ESP32_GREENHOUSE_01,2026-04-25T22:36:41.208Z,15,31.27,31,31.8,31.4,61,61,61,61,108.3,263,73,LIGHT_ACTIVITY,57.3,58,0,0,211.4,212,0,15,0,0,31.4,61,73,LIGHT_ACTIVITY,0,0,212,58
69ed42178e0b93ff64ea4985,ESP32_GREENHOUSE_01,2026-04-25T22:37:11.217Z,15,31.42,31,31.9,31.6,61,61,61,61,120.1,315,116,LIGHT_ACTIVITY,56.4,56,7,0,212.1,212,0,15,0,0,31.6,61,116,LIGHT_ACTIVITY,0,0,212,56
69ed42358e0b93ff64ea4986,ESP32_GREENHOUSE_01,2026-04-25T22:37:41.231Z,15,31.45,31,31.9,31.2,61,61,61,61,93.5,135,135,LIGHT_ACTIVITY,57.3,56,0,0,212.7,212,0,15,0,0,31.2,61,135,LIGHT_ACTIVITY,0,0,212,56
69ed42538e0b93ff64ea4987,ESP32_GREENHOUSE_01,2026-04-25T22:38:11.241Z,15,31.55,31,31.9,31.6,61,61,61,61,115.9,239,108,LIGHT_ACTIVITY,56.3,56,0,0,211.2,213,0,15,0,0,31.6,61,108,LIGHT_ACTIVITY,0,0,213,56
69ed42718e0b93ff64ea4988,ESP32_GREENHOUSE_01,2026-04-25T22:38:41.245Z,14,31.36,31,31.9,31,61,61,61,61,107.1,158,145,LIGHT_ACTIVITY,57.2,57,0,0,211.3,210,0,14,0,0,31,61,145,LIGHT_ACTIVITY,0,0,210,57
69ed428f8e0b93ff64ea498c,ESP32_GREENHOUSE_01,2026-04-25T22:39:11.249Z,15,31.22,31,31.8,31,61,61,61,61,164.9,299,84,RESTLESS,55.3,59,0,0,211.8,213,3,3,9,0,31,61,84,RESTLESS,0,0,213,59
69ed42ad8e0b93ff64ea498f,ESP32_GREENHOUSE_01,2026-04-25T22:39:41.262Z,15,31.46,31,31.9,31.8,61,61,61,61,136.3,295,76,LIGHT_ACTIVITY,55.7,57,0,0,212.2,214,1,13,1,0,31.8,61,76,LIGHT_ACTIVITY,0,0,214,57
69ed42cb8e0b93ff64ea4992,ESP32_GREENHOUSE_01,2026-04-25T22:40:11.264Z,15,31.61,31,31.9,31.9,61,61,61,61,139.4,245,135,RESTLESS,55.3,55,0,0,212.6,213,4,4,7,0,31.9,61,135,QUIET,0,0,213,55
69ed42e98e0b93ff64ea4994,ESP32_GREENHOUSE_01,2026-04-25T22:40:41.277Z,15,31.45,31,31.9,31.7,61,61,61,61,123.7,180,124,QUIET,56.3,56,0,0,212.6,213,11,0,4,0,31.7,61,124,RESTLESS,0,0,213,56
69ed43078e0b93ff64ea4996,ESP32_GREENHOUSE_01,2026-04-25T22:41:11.283Z,15,31.17,31,31.8,31.8,61,61,61,61,119.8,211,84,RESTLESS,57.1,57,0,0,212.5,213,0,4,11,0,31.8,61,84,LIGHT_ACTIVITY,0,0,213,57
69ed43258e0b93ff64ea4997,ESP32_GREENHOUSE_01,2026-04-25T22:41:41.284Z,15,31.32,31,31.8,31,61,61,61,61,93.1,151,60,LIGHT_ACTIVITY,57.7,60,0,0,212,211,0,15,0,0,31,61,60,LIGHT_ACTIVITY,0,0,211,60
69ed43438e0b93ff64ea4998,ESP32_GREENHOUSE_01,2026-04-25T22:42:11.288Z,14,31.31,31,31.8,31,61,61,61,61,99.3,151,146,LIGHT_ACTIVITY,57.6,57,0,0,212.3,213,0,14,0,0,31,61,146,LIGHT_ACTIVITY,0,0,213,57
69ed43618e0b93ff64ea4999,ESP32_GREENHOUSE_01,2026-04-25T22:42:41.299Z,15,31.27,31,31.8,31,61,61,61,61,133.1,278,173,LIGHT_ACTIVITY,56.4,56,0,0,211.9,211,0,15,0,0,31,61,173,LIGHT_ACTIVITY,0,0,211,56
69ed437f8e0b93ff64ea499f,ESP32_GREENHOUSE_01,2026-04-25T22:43:11.313Z,15,31.44,31,31.9,31,61.13,61,62,62,149.5,330,102,LIGHT_ACTIVITY,55.1,58,0,0,211.9,211,0,10,5,0,31,62,102,RESTLESS,0,0,211,58
69ed439d8e0b93ff64ea49a2,ESP32_GREENHOUSE_01,2026-04-25T22:43:41.313Z,15,31.45,31,31.9,31.3,61.33,61,62,62,159.9,299,201,RESTLESS,54.6,53,0,0,212.4,212,0,1,14,0,31.3,62,201,RESTLESS,0,0,212,53
69ed43bb8e0b93ff64ea49a4,ESP32_GREENHOUSE_01,2026-04-25T22:44:11.321Z,14,31.54,31.3,31.9,31.7,61.07,61,62,61,124.6,216,113,LIGHT_ACTIVITY,55.9,56,0,0,211.7,213,0,14,0,0,31.7,61,113,LIGHT_ACTIVITY,0,0,213,56
69ed43d98e0b93ff64ea49a6,ESP32_GREENHOUSE_01,2026-04-25T22:44:41.328Z,16,31.51,31,31.9,31.8,61.25,61,62,62,146.5,352,142,LIGHT_ACTIVITY,55,54,0,0,211.8,211,0,15,1,0,31.8,62,142,RESTLESS,0,0,211,54
69ed43f78e0b93ff64ea49ab,ESP32_GREENHOUSE_01,2026-04-25T22:45:11.331Z,15,31.45,31,31.9,31.1,61.27,61,62,61,133.5,249,220,QUIET,55.7,53,0,0,211.8,211,7,2,6,0,31.1,61,220,LIGHT_ACTIVITY,0,0,211,53
69ed44158e0b93ff64ea49ac,ESP32_GREENHOUSE_01,2026-04-25T22:45:41.342Z,14,31.39,31,31.9,31.8,61.07,61,62,61,125.9,297,80,LIGHT_ACTIVITY,56.2,57,0,0,211.9,211,0,14,0,0,31.8,61,80,LIGHT_ACTIVITY,0,0,211,57
69ed44338e0b93ff64ea49b0,ESP32_GREENHOUSE_01,2026-04-25T22:46:11.354Z,15,31.34,31,31.7,31.1,61.33,61,62,62,123.3,225,185,LIGHT_ACTIVITY,56.4,54,0,0,212,213,1,12,2,0,31.1,62,185,LIGHT_ACTIVITY,0,0,213,54
69ed44518e0b93ff64ea49b1,ESP32_GREENHOUSE_01,2026-04-25T22:46:41.364Z,9,31.41,31,31.9,31.8,61,61,61,61,153.9,280,110,LIGHT_ACTIVITY,55.1,56,0,0,212.2,211,0,9,0,0,31.8,61,110,LIGHT_ACTIVITY,0,0,211,56
69ed446f8e0b93ff64ea49b4,ESP32_GREENHOUSE_01,2026-04-25T22:47:11.367Z,14,31.48,31,31.9,31.6,61.21,61,62,61,129.4,236,182,LIGHT_ACTIVITY,55.8,54,0,0,212.2,210,3,10,1,0,31.6,61,182,RESTLESS,0,0,210,54
69ed448d8e0b93ff64ea49b9,ESP32_GREENHOUSE_01,2026-04-25T22:47:41.371Z,15,31.47,31.1,31.9,31.7,61.27,61,62,62,145.1,321,144,RESTLESS,55.1,54,0,0,212.3,212,3,0,12,0,31.7,62,144,RESTLESS,0,0,212,54
69ed44ab8e0b93ff64ea49bc,ESP32_GREENHOUSE_01,2026-04-25T22:48:11.374Z,14,31.36,31,31.8,31.1,61.64,61,62,62,134.6,200,172,RESTLESS,55.7,55,0,0,211.4,209,1,0,13,0,31.1,62,172,RESTLESS,0,0,209,55
69ed44c98e0b93ff64ea49c4,ESP32_GREENHOUSE_01,2026-04-25T22:48:41.383Z,16,31.71,31.2,31.9,31.8,61.19,61,62,61,159.9,247,151,QUIET,53.9,54,0,0,211.9,213,7,3,6,0,31.8,61,151,LIGHT_ACTIVITY,0,0,213,54
69ed44e78e0b93ff64ea49c5,ESP32_GREENHOUSE_01,2026-04-25T22:49:11.393Z,15,31.41,31,31.9,31.8,61.07,61,62,61,98.6,160,78,LIGHT_ACTIVITY,57.2,57,0,0,212.3,213,0,15,0,0,31.8,61,78,LIGHT_ACTIVITY,0,0,213,57
69ed45058e0b93ff64ea49c6,ESP32_GREENHOUSE_01,2026-04-25T22:49:41.398Z,15,31.39,31,31.9,31,61.07,61,62,61,95.3,170,170,LIGHT_ACTIVITY,57.5,56,0,0,211.8,211,0,15,0,0,31,61,170,LIGHT_ACTIVITY,0,0,211,56
69ed45238e0b93ff64ea49c7,ESP32_GREENHOUSE_01,2026-04-25T22:50:11.406Z,15,31.43,31.1,31.9,31.1,61.07,61,62,61,93.1,179,78,LIGHT_ACTIVITY,57.3,59,0,0,212.5,213,0,15,0,0,31.1,61,78,LIGHT_ACTIVITY,0,0,213,59
69ed45418e0b93ff64ea49c8,ESP32_GREENHOUSE_01,2026-04-25T22:50:41.414Z,15,31.52,31,31.9,31.9,61.2,61,62,61,111.1,180,112,LIGHT_ACTIVITY,56.4,55,0,0,212.8,213,0,15,0,0,31.9,61,112,LIGHT_ACTIVITY,0,0,213,55
69ed455f8e0b93ff64ea49cb,ESP32_GREENHOUSE_01,2026-04-25T22:51:11.425Z,15,31.49,31,31.9,31.9,61,61,61,61,127.3,281,81,LIGHT_ACTIVITY,56,57,0,0,212.1,213,0,14,1,0,31.9,61,81,LIGHT_ACTIVITY,0,0,213,57
69ed457d8e0b93ff64ea49cc,ESP32_GREENHOUSE_01,2026-04-25T22:51:41.426Z,15,31.68,31.1,31.9,31.9,61.13,61,62,61,110,237,88,LIGHT_ACTIVITY,56,56,0,0,211.7,211,0,15,0,0,31.9,61,88,LIGHT_ACTIVITY,0,0,211,56
69ed459b8e0b93ff64ea49cd,ESP32_GREENHOUSE_01,2026-04-25T22:52:11.430Z,14,31.51,31.2,31.9,31.6,61.07,61,62,61,111.9,260,134,LIGHT_ACTIVITY,56.4,55,0,0,212.4,213,0,14,0,0,31.6,61,134,LIGHT_ACTIVITY,0,0,213,55
69ed45b98e0b93ff64ea49ce,ESP32_GREENHOUSE_01,2026-04-25T22:52:41.444Z,15,31.45,31,31.9,31.2,61.07,61,62,61,106.7,188,107,LIGHT_ACTIVITY,56.8,58,0,0,212.4,213,0,15,0,0,31.2,61,107,LIGHT_ACTIVITY,0,0,213,58
69ed45d78e0b93ff64ea49cf,ESP32_GREENHOUSE_01,2026-04-25T22:53:11.449Z,15,31.43,31,31.9,31.7,61.13,61,62,61,131.2,311,100,LIGHT_ACTIVITY,55.8,56,0,0,212.3,213,0,15,0,0,31.7,61,100,LIGHT_ACTIVITY,0,0,213,56
69ed45f58e0b93ff64ea49d0,ESP32_GREENHOUSE_01,2026-04-25T22:53:41.451Z,15,31.43,31,31.9,31.9,61.13,61,62,61,86.8,146,146,LIGHT_ACTIVITY,57.7,54,0,0,212.3,211,0,15,0,0,31.9,61,146,LIGHT_ACTIVITY,0,0,211,54
69ed46138e0b93ff64ea49d5,ESP32_GREENHOUSE_01,2026-04-25T22:54:11.459Z,15,31.47,31.1,31.8,31.2,61.13,61,62,61,117.7,167,106,LIGHT_ACTIVITY,56.4,58,0,0,212.4,213,0,10,5,0,31.2,61,106,LIGHT_ACTIVITY,0,0,213,58
69ed46318e0b93ff64ea49d8,ESP32_GREENHOUSE_01,2026-04-25T22:54:41.468Z,15,31.48,31.1,31.8,31.8,61.2,61,62,61,136.1,256,62,LIGHT_ACTIVITY,55.5,58,0,0,211.7,213,4,11,0,0,31.8,61,62,QUIET,0,0,213,58
69ed464f8e0b93ff64ea49dd,ESP32_GREENHOUSE_01,2026-04-25T22:55:11.483Z,15,31.31,31,31.8,31,61.33,61,62,62,107.5,158,73,RESTLESS,56.9,59,0,0,212.4,213,2,6,7,0,31,62,73,LIGHT_ACTIVITY,0,0,213,59
69ed466d8e0b93ff64ea49e1,ESP32_GREENHOUSE_01,2026-04-25T22:55:41.491Z,15,31.46,31,31.8,31.5,61.53,61,62,61,153.3,313,209,LIGHT_ACTIVITY,54.7,53,0,0,212.5,211,2,10,3,0,31.5,61,209,RESTLESS,0,0,211,53
69ed468b8e0b93ff64ea49e3,ESP32_GREENHOUSE_01,2026-04-25T22:56:11.498Z,15,31.42,31.1,31.8,31.1,61.47,61,62,62,120.9,195,195,RESTLESS,56.1,54,0,0,212.2,213,0,6,9,0,31.1,62,195,LIGHT_ACTIVITY,0,0,213,54
69ed46a98e0b93ff64ea49e4,ESP32_GREENHOUSE_01,2026-04-25T22:56:41.511Z,14,31.44,31.1,31.9,31.5,61.21,61,62,61,138.7,320,127,LIGHT_ACTIVITY,55.6,56,0,0,211.9,211,0,14,0,0,31.5,61,127,LIGHT_ACTIVITY,0,0,211,56
69ed46c78e0b93ff64ea49e5,ESP32_GREENHOUSE_01,2026-04-25T22:57:11.520Z,15,31.55,31.2,31.9,31.2,61.53,61,62,61,118.3,355,99,LIGHT_ACTIVITY,55.9,58,0,0,212.1,211,0,15,0,0,31.2,61,99,LIGHT_ACTIVITY,0,0,211,58
69ed46e58e0b93ff64ea49e6,ESP32_GREENHOUSE_01,2026-04-25T22:57:41.521Z,15,31.47,31.2,31.9,31.5,61.67,61,62,62,105.2,138,108,LIGHT_ACTIVITY,56.5,56,0,0,212.5,212,0,15,0,0,31.5,62,108,LIGHT_ACTIVITY,0,0,212,56
69ed47038e0b93ff64ea49e8,ESP32_GREENHOUSE_01,2026-04-25T22:58:11.533Z,15,31.37,31,31.8,31.6,61.33,61,62,61,170.5,355,285,LIGHT_ACTIVITY,54.5,50,0,0,212.1,211,0,12,3,0,31.6,61,285,RESTLESS,0,0,211,50
69ed47218e0b93ff64ea49ec,ESP32_GREENHOUSE_01,2026-04-25T22:58:41.540Z,15,31.45,31.1,31.9,31.7,61.33,61,62,62,85.8,115,83,LIGHT_ACTIVITY,57.4,56,0,0,212.3,213,1,8,6,0,31.7,62,83,LIGHT_ACTIVITY,0,0,213,56
69ed473f8e0b93ff64ea49ed,ESP32_GREENHOUSE_01,2026-04-25T22:59:11.543Z,15,31.42,31,31.9,31.3,61.6,61,62,61,128,343,141,LIGHT_ACTIVITY,55.9,56,0,0,212.5,211,0,15,0,0,31.3,61,141,LIGHT_ACTIVITY,0,0,211,56
69ed475d8e0b93ff64ea49f0,ESP32_GREENHOUSE_01,2026-04-25T22:59:41.546Z,15,31.24,31,31.8,31.6,61.87,61,62,62,118.4,198,86,LIGHT_ACTIVITY,56.5,57,0,0,211.6,211,0,10,5,0,31.6,62,86,LIGHT_ACTIVITY,0,0,211,57
69ed477b8e0b93ff64ea49f1,ESP32_GREENHOUSE_01,2026-04-25T23:00:11.548Z,15,31.43,31,31.9,31.6,61.6,61,62,62,110.6,217,106,LIGHT_ACTIVITY,56.4,56,0,0,212.7,213,0,15,0,0,31.6,62,106,LIGHT_ACTIVITY,0,0,213,56
69ed47998e0b93ff64ea49f4,ESP32_GREENHOUSE_01,2026-04-25T23:00:41.556Z,15,31.58,31.1,31.9,31.4,62,62,62,62,130.1,338,73,LIGHT_ACTIVITY,55,58,0,0,212.5,211,0,14,1,0,31.4,62,73,LIGHT_ACTIVITY,0,0,211,58
69ed47b78e0b93ff64ea49f7,ESP32_GREENHOUSE_01,2026-04-25T23:01:11.558Z,14,31.51,31.1,31.9,31.3,61.71,61,62,62,148.6,384,130,LIGHT_ACTIVITY,54.6,56,0,0,212.2,211,0,12,2,0,31.3,62,130,LIGHT_ACTIVITY,0,0,211,56
69ed47d58e0b93ff64ea49f8,ESP32_GREENHOUSE_01,2026-04-25T23:01:41.564Z,15,31.62,31,31.9,31.7,61.67,61,62,61,101.2,121,98,LIGHT_ACTIVITY,56.2,57,0,0,212.1,211,0,15,0,0,31.7,61,98,LIGHT_ACTIVITY,0,0,211,57
69ed47f38e0b93ff64ea49fb,ESP32_GREENHOUSE_01,2026-04-25T23:02:11.567Z,15,31.53,31,31.9,31.4,61.6,61,62,61,129.5,385,385,LIGHT_ACTIVITY,55.3,46,0,0,211.7,211,1,13,1,0,31.4,61,385,LIGHT_ACTIVITY,0,0,211,46
69ed48118e0b93ff64ea49fc,ESP32_GREENHOUSE_01,2026-04-25T23:02:41.572Z,15,31.5,31,31.9,31.9,61.87,61,62,62,100.6,161,161,LIGHT_ACTIVITY,56.5,53,0,0,212.5,214,0,15,0,0,31.9,62,161,LIGHT_ACTIVITY,0,0,214,53
69ed482f8e0b93ff64ea49fd,ESP32_GREENHOUSE_01,2026-04-25T23:03:11.583Z,15,31.51,31.1,31.8,31.6,62,62,62,62,139.8,336,75,LIGHT_ACTIVITY,54.8,57,0,0,211.9,213,0,15,0,0,31.6,62,75,LIGHT_ACTIVITY,0,0,213,57
69ed484d8e0b93ff64ea49fe,ESP32_GREENHOUSE_01,2026-04-25T23:03:41.590Z,15,31.41,31,31.7,31.7,62,62,62,62,105.1,188,77,LIGHT_ACTIVITY,56.5,57,0,0,212.8,212,0,15,0,0,31.7,62,77,LIGHT_ACTIVITY,0,0,212,57
69ed486b8e0b93ff64ea49ff,ESP32_GREENHOUSE_01,2026-04-25T23:04:11.597Z,15,31.53,31.3,31.7,31.7,62,62,62,62,113.5,203,80,LIGHT_ACTIVITY,55.9,57,0,0,212.1,213,0,15,0,0,31.7,62,80,LIGHT_ACTIVITY,0,0,213,57
69ed48898e0b93ff64ea4a02,ESP32_GREENHOUSE_01,2026-04-25T23:04:41.599Z,15,31.46,31,31.9,31.3,62,62,62,62,119.9,276,127,LIGHT_ACTIVITY,55.8,56,0,0,212.7,213,0,12,3,0,31.3,62,127,LIGHT_ACTIVITY,0,0,213,56
69ed48a78e0b93ff64ea4a07,ESP32_GREENHOUSE_01,2026-04-25T23:05:11.610Z,14,31.32,31,31.7,31.4,62,62,62,62,97.4,189,68,LIGHT_ACTIVITY,56.9,58,0,0,212,211,2,6,6,0,31.4,62,68,LIGHT_ACTIVITY,0,0,211,58
69ed48c58e0b93ff64ea4a08,ESP32_GREENHOUSE_01,2026-04-25T23:05:41.611Z,15,31.58,31.1,31.9,31.9,62,62,62,62,118.3,333,80,LIGHT_ACTIVITY,55.5,56,0,0,212.3,212,0,15,0,0,31.9,62,80,LIGHT_ACTIVITY,0,0,212,56
69ed48e38e0b93ff64ea4a09,ESP32_GREENHOUSE_01,2026-04-25T23:06:11.612Z,15,31.41,31,31.8,31.7,62,62,62,62,127,243,68,LIGHT_ACTIVITY,55.5,57,0,0,211.8,211,0,15,0,0,31.7,62,68,LIGHT_ACTIVITY,0,0,211,57
69ed49018e0b93ff64ea4a0c,ESP32_GREENHOUSE_01,2026-04-25T23:06:41.626Z,15,31.52,31,31.9,31.4,62,62,62,62,138,324,171,RESTLESS,55,54,0,0,212.3,214,2,4,9,0,31.4,62,171,LIGHT_ACTIVITY,0,0,214,54
69ed491f8e0b93ff64ea4a0d,ESP32_GREENHOUSE_01,2026-04-25T23:07:11.635Z,15,31.51,31,31.9,31.4,62,62,62,62,122.1,309,142,LIGHT_ACTIVITY,55.5,55,0,0,212.5,214,0,15,0,0,31.4,62,142,LIGHT_ACTIVITY,0,0,214,55
69ed493d8e0b93ff64ea4a0e,ESP32_GREENHOUSE_01,2026-04-25T23:07:41.646Z,15,31.53,31.1,31.9,31.2,62,62,62,62,101,156,80,LIGHT_ACTIVITY,56.3,58,0,0,212.4,212,0,15,0,0,31.2,62,80,LIGHT_ACTIVITY,0,0,212,58
69ed495b8e0b93ff64ea4a0f,ESP32_GREENHOUSE_01,2026-04-25T23:08:11.656Z,15,31.35,31,31.9,31.2,62,62,62,62,84.7,141,94,LIGHT_ACTIVITY,57.3,57,0,0,212.2,211,0,15,0,0,31.2,62,94,LIGHT_ACTIVITY,0,0,211,57
69ed49798e0b93ff64ea4a10,ESP32_GREENHOUSE_01,2026-04-25T23:08:41.658Z,14,31.34,31,31.9,31,62,62,62,62,96.2,125,109,LIGHT_ACTIVITY,57,57,0,0,211.9,212,0,14,0,0,31,62,109,LIGHT_ACTIVITY,0,0,212,57
69ed49978e0b93ff64ea4a11,ESP32_GREENHOUSE_01,2026-04-25T23:09:11.662Z,15,31.5,31.1,31.8,31.6,62,62,62,62,99.1,173,109,LIGHT_ACTIVITY,56.4,56,0,0,212.3,213,0,15,0,0,31.6,62,109,LIGHT_ACTIVITY,0,0,213,56
69ed49b58e0b93ff64ea4a12,ESP32_GREENHOUSE_01,2026-04-25T23:09:41.664Z,15,31.46,31,31.9,31,62,62,62,62,89,164,83,LIGHT_ACTIVITY,56.9,58,0,0,211.9,211,0,15,0,0,31,62,83,LIGHT_ACTIVITY,0,0,211,58
69ed49d38e0b93ff64ea4a13,ESP32_GREENHOUSE_01,2026-04-25T23:10:11.669Z,15,31.37,31,31.8,31.5,62,62,62,62,86.3,133,69,LIGHT_ACTIVITY,57.3,58,0,0,212.3,211,0,15,0,0,31.5,62,69,LIGHT_ACTIVITY,0,0,211,58
69ed49f18e0b93ff64ea4a14,ESP32_GREENHOUSE_01,2026-04-25T23:10:41.670Z,13,31.32,31,31.8,31.3,62,62,62,62,110.8,173,104,LIGHT_ACTIVITY,56.6,57,0,0,212.4,211,0,13,0,0,31.3,62,104,LIGHT_ACTIVITY,0,0,211,57
69ed4a0f8e0b93ff64ea4a19,ESP32_GREENHOUSE_01,2026-04-25T23:11:11.678Z,17,31.36,31,31.9,31.3,62,62,62,62,128.6,215,126,LIGHT_ACTIVITY,55.6,56,0,0,211.8,213,1,14,2,0,31.3,62,126,QUIET,0,0,213,56
69ed4a2d8e0b93ff64ea4a1b,ESP32_GREENHOUSE_01,2026-04-25T23:11:41.690Z,15,31.55,31.2,31.9,31.7,62,62,62,62,132,288,151,RESTLESS,55,54,0,0,212,214,0,0,15,0,31.7,62,151,RESTLESS,0,0,214,54
69ed4a4b8e0b93ff64ea4a1d,ESP32_GREENHOUSE_01,2026-04-25T23:12:11.702Z,15,31.55,31,31.9,31.8,62,62,62,62,127,357,74,LIGHT_ACTIVITY,55.3,57,0,0,212.7,213,0,15,0,0,31.8,62,74,LIGHT_ACTIVITY,0,0,213,57
69ed4a698e0b93ff64ea4a1e,ESP32_GREENHOUSE_01,2026-04-25T23:12:41.712Z,14,31.57,31.1,31.9,31.8,62,62,62,62,127,225,150,LIGHT_ACTIVITY,55.1,54,0,0,212.1,211,0,14,0,0,31.8,62,150,LIGHT_ACTIVITY,0,0,211,54
69ed4a878e0b93ff64ea4a28,ESP32_GREENHOUSE_01,2026-04-25T23:13:11.714Z,15,31.37,31,31.7,31.2,62,62,62,62,142,230,102,RESTLESS,55.1,57,0,0,211.7,213,6,1,8,0,31.2,62,102,QUIET,0,0,213,57
69ed4aa58e0b93ff64ea4a2b,ESP32_GREENHOUSE_01,2026-04-25T23:13:41.724Z,15,31.5,31,31.9,31.7,62,62,62,62,111.6,214,81,LIGHT_ACTIVITY,55.9,57,0,0,211.1,211,3,12,0,0,31.7,62,81,LIGHT_ACTIVITY,0,0,211,57
69ed4ac38e0b93ff64ea4a2c,ESP32_GREENHOUSE_01,2026-04-25T23:14:11.733Z,15,31.46,31,31.9,31.9,62,62,62,62,94.7,203,139,LIGHT_ACTIVITY,56.9,54,0,0,212,212,0,15,0,0,31.9,62,139,LIGHT_ACTIVITY,0,0,212,54
69ed4ae18e0b93ff64ea4a2d,ESP32_GREENHOUSE_01,2026-04-25T23:14:41.747Z,15,31.49,31,31.9,31,62,62,62,62,112.6,183,132,LIGHT_ACTIVITY,56,57,0,0,211.8,213,0,15,0,0,31,62,132,LIGHT_ACTIVITY,0,0,213,57
69ed4aff8e0b93ff64ea4a34,ESP32_GREENHOUSE_01,2026-04-25T23:15:11.761Z,15,31.46,31,31.9,31,62,62,62,62,133.3,313,87,RESTLESS,55.2,58,0,0,211.2,213,0,5,10,0,31,62,87,LIGHT_ACTIVITY,0,0,213,58
69ed4b1d8e0b93ff64ea4a35,ESP32_GREENHOUSE_01,2026-04-25T23:15:41.776Z,15,31.49,31,31.9,31.3,62,62,62,62,135.9,458,95,LIGHT_ACTIVITY,55.1,57,0,0,211.9,213,0,15,0,0,31.3,62,95,LIGHT_ACTIVITY,0,0,213,57
69ed4b3b8e0b93ff64ea4a37,ESP32_GREENHOUSE_01,2026-04-25T23:16:11.779Z,14,31.52,31,31.8,31.4,62,62,62,62,123.7,172,85,RESTLESS,55.4,57,0,0,212.1,213,0,6,8,0,31.4,62,85,RESTLESS,0,0,213,57
69ed4b598e0b93ff64ea4a40,ESP32_GREENHOUSE_01,2026-04-25T23:16:41.787Z,15,31.49,31,31.9,31.4,62,62,62,62,154.9,235,184,QUIET,54.3,53,0,0,212.5,214,9,0,6,0,31.4,62,184,RESTLESS,0,0,214,53
69ed4b778e0b93ff64ea4a46,ESP32_GREENHOUSE_01,2026-04-25T23:17:11.789Z,15,31.49,31,31.9,31,62,62,62,62,195.3,358,164,RESTLESS,52.7,55,0,0,211.7,213,6,0,9,0,31,62,164,QUIET,0,0,213,55
69ed4b958e0b93ff64ea4a4a,ESP32_GREENHOUSE_01,2026-04-25T23:17:41.801Z,15,31.41,31,31.8,31.5,62,62,62,62,121.3,225,87,QUIET,55.8,57,0,0,212.4,214,10,1,4,0,31.5,62,87,LIGHT_ACTIVITY,0,0,214,57
69ed4bb38e0b93ff64ea4a4d,ESP32_GREENHOUSE_01,2026-04-25T23:18:11.812Z,15,31.48,31,31.8,31.4,62,62,62,62,106.4,150,79,LIGHT_ACTIVITY,56.1,57,0,0,212,211,0,14,1,0,31.4,62,79,LIGHT_ACTIVITY,0,0,211,57
69ed4bd18e0b93ff64ea4a4e,ESP32_GREENHOUSE_01,2026-04-25T23:18:41.823Z,15,31.47,31.1,31.8,31.7,62,62,62,62,109.9,197,65,LIGHT_ACTIVITY,56.1,57,0,0,212.5,213,0,15,0,0,31.7,62,65,LIGHT_ACTIVITY,0,0,213,57
69ed4bef8e0b93ff64ea4a52,ESP32_GREENHOUSE_01,2026-04-25T23:19:11.823Z,15,31.47,31,31.9,31.3,62,62,62,62,176.8,302,80,RESTLESS,53.4,58,0,0,212.1,211,0,1,14,0,31.3,62,80,RESTLESS,0,0,211,58
69ed4c0d8e0b93ff64ea4a56,ESP32_GREENHOUSE_01,2026-04-25T23:19:41.830Z,15,31.5,31,31.9,31.6,62,62,62,62,143.5,234,72,RESTLESS,54.6,57,0,0,211.9,214,4,0,11,0,31.6,62,72,QUIET,0,0,214,57
69ed4c2b8e0b93ff64ea4a5a,ESP32_GREENHOUSE_01,2026-04-25T23:20:11.834Z,14,31.55,31.2,31.9,31.8,62,62,62,62,122,186,130,LIGHT_ACTIVITY,55.3,54,0,0,212.1,214,1,12,1,0,31.8,62,130,LIGHT_ACTIVITY,0,0,214,54
69ed4c498e0b93ff64ea4a5c,ESP32_GREENHOUSE_01,2026-04-25T23:20:41.848Z,15,31.53,31,31.8,31.3,62,62,62,62,150.9,203,137,RESTLESS,54.5,56,0,0,212.9,214,1,0,14,0,31.3,62,137,RESTLESS,0,0,214,56
69ed4c678e0b93ff64ea4a5d,ESP32_GREENHOUSE_01,2026-04-25T23:21:11.851Z,15,31.44,31,31.9,31.7,62,62,62,62,165.9,283,204,RESTLESS,54,52,0,0,212.9,212,0,0,15,0,31.7,62,204,RESTLESS,0,0,212,52
69ed4c858e0b93ff64ea4a66,ESP32_GREENHOUSE_01,2026-04-25T23:21:41.859Z,14,31.58,31.1,31.9,31.9,62,62,62,62,97.5,161,84,RESTLESS,56.3,56,0,0,212.4,213,4,5,5,0,31.9,62,84,LIGHT_ACTIVITY,0,0,213,56
69ed4ca38e0b93ff64ea4a67,ESP32_GREENHOUSE_01,2026-04-25T23:22:11.863Z,16,31.49,31,31.9,31.2,62,62,62,62,95,151,94,LIGHT_ACTIVITY,56.7,57,0,0,212.9,214,0,16,0,0,31.2,62,94,LIGHT_ACTIVITY,0,0,214,57
69ed4cc18e0b93ff64ea4a68,ESP32_GREENHOUSE_01,2026-04-25T23:22:41.863Z,15,31.43,31,31.9,31.2,62,62,62,62,114.9,182,175,LIGHT_ACTIVITY,56.3,54,0,0,212.3,212,0,15,0,0,31.2,62,175,LIGHT_ACTIVITY,0,0,212,54
69ed4cdf8e0b93ff64ea4a6b,ESP32_GREENHOUSE_01,2026-04-25T23:23:11.875Z,15,31.43,31.1,31.8,31.5,62,62,62,62,133,227,106,LIGHT_ACTIVITY,55.3,56,0,0,212.7,211,0,14,1,0,31.5,62,106,LIGHT_ACTIVITY,0,0,211,56
69ed4cfd8e0b93ff64ea4a6d,ESP32_GREENHOUSE_01,2026-04-25T23:23:41.882Z,14,31.47,31,31.9,31.2,62,62,62,62,164.1,910,80,LIGHT_ACTIVITY,53.9,58,3,0,165.7,134,0,14,0,0,31.2,62,80,LIGHT_ACTIVITY,1,0,134,58
69ed4d1b8e0b93ff64ea4a6f,ESP32_GREENHOUSE_01,2026-04-25T23:24:11.882Z,15,31.45,31,31.9,31.1,62,62,62,62,138.7,269,150,LIGHT_ACTIVITY,55.1,56,13,0,187.7,217,0,15,0,0,31.1,62,150,LIGHT_ACTIVITY,0,0,217,56
69ed4d398e0b93ff64ea4a70,ESP32_GREENHOUSE_01,2026-04-25T23:24:41.892Z,15,31.5,31.1,31.9,31.7,62,62,62,62,98.5,183,68,LIGHT_ACTIVITY,56.3,57,0,0,216.3,217,0,15,0,0,31.7,62,68,LIGHT_ACTIVITY,0,0,217,57
69ed4d578e0b93ff64ea4a77,ESP32_GREENHOUSE_01,2026-04-25T23:25:11.906Z,15,31.51,31,31.9,31.6,62.27,62,63,63,551.1,1023,1023,LIGHT_ACTIVITY,38.6,19,6,0,205,217,0,7,4,4,31.6,63,1023,CRYING,1,0,217,19
69ed4d758e0b93ff64ea4a79,ESP32_GREENHOUSE_01,2026-04-25T23:25:41.918Z,15,31.47,31,31.9,31.7,63,63,63,63,591.9,1023,1011,CRYING,36.5,20,5,0,212.8,218,0,0,0,15,31.7,63,1011,CRYING,0,0,218,20
69ed4d938e0b93ff64ea4a7a,ESP32_GREENHOUSE_01,2026-04-25T23:26:11.925Z,15,31.29,31,31.8,31.2,63,63,63,63,627.2,1023,1023,CRYING,35.7,21,0,0,218.9,220,0,0,0,15,31.2,63,1023,CRYING,0,0,220,21
69ed4db18e0b93ff64ea4a7b,ESP32_GREENHOUSE_01,2026-04-25T23:26:41.936Z,15,31.5,31,31.9,31.8,63,63,63,63,566.4,1023,805,CRYING,37.5,27,0,0,218.1,217,0,0,0,15,31.8,63,805,CRYING,0,0,217,27
69ed4dcf8e0b93ff64ea4a7c,ESP32_GREENHOUSE_01,2026-04-25T23:27:11.948Z,15,31.43,31.1,31.8,31.3,63,63,63,63,615.6,1023,377,CRYING,35.7,45,0,0,217.7,217,0,0,0,15,31.3,63,377,CRYING,0,0,217,45
69ed4ded8e0b93ff64ea4a7d,ESP32_GREENHOUSE_01,2026-04-25T23:27:41.949Z,14,31.44,31,31.9,31.4,63,63,63,63,611,1023,258,CRYING,35.9,50,0,0,218.2,219,0,0,0,14,31.4,63,258,CRYING,0,0,219,50
69ed4e0b8e0b93ff64ea4a7e,ESP32_GREENHOUSE_01,2026-04-25T23:28:11.963Z,15,31.55,31,31.9,31.6,63,63,63,63,448.6,1023,149,CRYING,42.1,54,0,0,217.9,218,0,0,0,15,31.6,63,149,CRYING,0,0,218,54
69ed4e298e0b93ff64ea4a7f,ESP32_GREENHOUSE_01,2026-04-25T23:28:41.969Z,15,31.61,31.3,31.9,31.5,63,63,63,63,578.3,1023,378,CRYING,36.7,45,0,0,218.5,218,0,0,0,15,31.5,63,378,CRYING,0,0,218,45
69ed4e478e0b93ff64ea4a80,ESP32_GREENHOUSE_01,2026-04-25T23:29:11.983Z,15,31.37,31,31.8,31.3,63,63,63,63,604.5,1023,434,CRYING,36.3,43,0,0,218.5,219,0,0,0,15,31.3,63,434,CRYING,0,0,219,43
69ed4e658e0b93ff64ea4a81,ESP32_GREENHOUSE_01,2026-04-25T23:29:41.988Z,15,31.45,31,31.8,31,62.8,62,63,63,701.3,1023,687,CRYING,32.4,34,0,0,219.1,220,0,0,0,15,31,63,687,CRYING,0,0,220,34
69ed4e848e0b93ff64ea4a82,ESP32_GREENHOUSE_01,2026-04-25T23:30:12.000Z,15,31.48,31.2,31.8,31.2,62.47,62,63,63,563.4,1023,131,CRYING,38,55,0,0,218.5,220,0,0,0,15,31.2,63,131,CRYING,0,0,220,55
69ed4ea28e0b93ff64ea4a83,ESP32_GREENHOUSE_01,2026-04-25T23:30:42.014Z,15,31.55,31,31.9,31.9,62.4,62,63,63,657.7,1023,601,CRYING,34.1,35,0,0,218.9,218,0,0,0,15,31.9,63,601,CRYING,0,0,218,35
69ed4ec08e0b93ff64ea4a84,ESP32_GREENHOUSE_01,2026-04-25T23:31:12.024Z,14,31.51,31,31.9,31,62.86,62,63,63,469.1,1023,507,CRYING,41.4,41,0,0,218.6,218,0,0,0,14,31,63,507,CRYING,0,0,218,41
69ed4ede8e0b93ff64ea4a85,ESP32_GREENHOUSE_01,2026-04-25T23:31:42.025Z,15,31.38,31,31.9,31.7,62.47,62,63,63,630.5,1023,357,CRYING,35.8,45,0,0,218.1,218,0,0,0,15,31.7,63,357,CRYING,0,0,218,45
69ed4efc8e0b93ff64ea4a86,ESP32_GREENHOUSE_01,2026-04-25T23:32:12.026Z,15,31.37,31,31.8,31.2,62.4,62,63,63,624.3,1023,339,CRYING,35.9,47,0,0,218.1,219,0,0,0,15,31.2,63,339,CRYING,0,0,219,47
69ed4f1a8e0b93ff64ea4a87,ESP32_GREENHOUSE_01,2026-04-25T23:32:42.028Z,15,31.42,31,31.9,31.9,62.53,62,63,62,629.7,1023,154,CRYING,35.6,53,0,0,218.5,220,0,0,0,15,31.9,62,154,CRYING,0,0,220,53
69ed4f388e0b93ff64ea4a88,ESP32_GREENHOUSE_01,2026-04-25T23:33:12.041Z,15,31.39,31,31.9,31.2,62.67,62,63,62,445.4,1023,1023,CRYING,42.8,21,0,0,218.7,218,0,0,0,15,31.2,62,1023,CRYING,0,0,218,21
69ed4f568e0b93ff64ea4a89,ESP32_GREENHOUSE_01,2026-04-25T23:33:42.046Z,15,31.57,31,31.9,31,62.6,62,63,62,658.2,1023,487,CRYING,34.1,43,0,0,218.3,219,0,0,0,15,31,62,487,CRYING,0,0,219,43
69ed4f748e0b93ff64ea4a8a,ESP32_GREENHOUSE_01,2026-04-25T23:34:12.061Z,15,31.44,31,31.9,31.4,62.4,62,63,62,562.5,1023,229,CRYING,38.2,52,0,0,218.4,219,0,0,0,15,31.4,62,229,CRYING,0,0,219,52
69ed4f928e0b93ff64ea4a8b,ESP32_GREENHOUSE_01,2026-04-25T23:34:42.071Z,15,31.3,31,31.7,31,62.67,62,63,63,673,1023,931,CRYING,34.1,25,0,0,218.4,218,0,0,0,15,31,63,931,CRYING,0,0,218,25
69ed4fb08e0b93ff64ea4a8c,ESP32_GREENHOUSE_01,2026-04-25T23:35:12.082Z,14,31.56,31.1,31.9,31.6,62.43,62,63,62,788.5,1023,320,CRYING,29.1,48,0,0,218.8,219,0,0,0,14,31.6,62,320,CRYING,0,0,219,48
69ed4fce8e0b93ff64ea4a8d,ESP32_GREENHOUSE_01,2026-04-25T23:35:42.086Z,15,31.53,31,31.9,31,62.6,62,63,62,563.4,1023,887,CRYING,37.8,27,0,0,218.9,220,0,0,0,15,31,62,887,CRYING,0,0,220,27
69ed4fec8e0b93ff64ea4a8e,ESP32_GREENHOUSE_01,2026-04-25T23:36:12.098Z,15,31.39,31,31.8,31.5,62.53,62,63,63,500.3,1023,1023,CRYING,40.7,20,0,0,218.7,218,0,0,0,15,31.5,63,1023,CRYING,0,0,218,20
69ed500a8e0b93ff64ea4a8f,ESP32_GREENHOUSE_01,2026-04-25T23:36:42.099Z,15,31.42,31,31.9,31.3,62.4,62,63,62,838,1023,1023,CRYING,27.7,21,0,0,219.2,218,0,0,0,15,31.3,62,1023,CRYING,0,0,218,21
69ed50288e0b93ff64ea4a90,ESP32_GREENHOUSE_01,2026-04-25T23:37:12.101Z,15,31.33,31,31.8,31.3,62.53,62,63,63,557.1,1023,587,CRYING,38.7,37,0,0,218.2,219,0,0,0,15,31.3,63,587,CRYING,0,0,219,37
69ed50468e0b93ff64ea4a91,ESP32_GREENHOUSE_01,2026-04-25T23:37:42.109Z,15,31.43,31,31.9,31.4,62.6,62,63,62,547.6,1023,630,CRYING,38.7,36,0,0,218.9,219,0,0,0,15,31.4,62,630,CRYING,0,0,219,36
69ed50648e0b93ff64ea4a92,ESP32_GREENHOUSE_01,2026-04-25T23:38:12.116Z,15,31.49,31,31.9,31.6,62.8,62,63,63,706.1,1023,397,CRYING,32.3,44,0,0,218.1,219,0,0,0,15,31.6,63,397,CRYING,0,0,219,44
69ed50828e0b93ff64ea4a93,ESP32_GREENHOUSE_01,2026-04-25T23:38:42.125Z,14,31.51,31,31.9,31.7,62.71,62,63,62,602.9,1023,571,CRYING,36.3,37,0,0,218.6,218,0,0,0,14,31.7,62,571,CRYING,0,0,218,37
69ed50a08e0b93ff64ea4a94,ESP32_GREENHOUSE_01,2026-04-25T23:39:12.128Z,15,31.39,31,31.9,31.9,62.53,62,63,62,628.1,1023,1023,CRYING,35.7,19,0,0,218.7,220,0,0,0,15,31.9,62,1023,CRYING,0,0,220,19
69ed50be8e0b93ff64ea4a95,ESP32_GREENHOUSE_01,2026-04-25T23:39:42.142Z,15,31.48,31,31.9,31,62.47,62,63,62,558.1,1023,1023,CRYING,38.3,22,0,0,219,221,0,0,0,15,31,62,1023,CRYING,0,0,221,22
69ed50dc8e0b93ff64ea4a96,ESP32_GREENHOUSE_01,2026-04-25T23:40:12.145Z,15,31.44,31,31.9,31.3,62.2,62,63,62,568.1,1023,579,CRYING,38.1,38,0,0,218.9,218,0,0,0,15,31.3,62,579,CRYING,0,0,218,38
69ed50fa8e0b93ff64ea4a97,ESP32_GREENHOUSE_01,2026-04-25T23:40:42.158Z,15,31.44,31,31.9,31.6,62.13,62,63,62,610.3,1023,389,CRYING,36.5,45,0,0,219.1,220,0,0,0,15,31.6,62,389,CRYING,0,0,220,45
69ed51188e0b93ff64ea4a98,ESP32_GREENHOUSE_01,2026-04-25T23:41:12.172Z,15,31.45,31,31.8,31.6,62,62,62,62,560.9,1023,344,CRYING,38.5,47,0,0,218.6,220,0,0,0,15,31.6,62,344,CRYING,0,0,220,47
69ed51368e0b93ff64ea4a99,ESP32_GREENHOUSE_01,2026-04-25T23:41:42.182Z,14,31.45,31.1,31.9,31.6,62,62,62,62,559.9,1023,309,CRYING,38.5,48,0,0,218.6,218,0,0,0,14,31.6,62,309,CRYING,0,0,218,48
69ed51548e0b93ff64ea4a9a,ESP32_GREENHOUSE_01,2026-04-25T23:42:12.196Z,15,31.38,31.1,31.7,31.7,62,62,62,62,643.9,1023,516,CRYING,35.4,40,0,0,219,218,0,0,0,15,31.7,62,516,CRYING,0,0,218,40
69ed51728e0b93ff64ea4a9b,ESP32_GREENHOUSE_01,2026-04-25T23:42:42.199Z,15,31.33,31.1,31.7,31.1,62,62,62,62,468.9,1023,456,CRYING,42.3,44,0,0,218.7,220,0,0,0,15,31.1,62,456,CRYING,0,0,220,44
69ed51908e0b93ff64ea4a9c,ESP32_GREENHOUSE_01,2026-04-25T23:43:12.207Z,15,31.35,31,31.8,31.5,62,62,62,62,507.1,1023,91,CRYING,40.9,57,0,0,219.3,218,0,0,0,15,31.5,62,91,CRYING,0,0,218,57
69ed51ae8e0b93ff64ea4aa1,ESP32_GREENHOUSE_01,2026-04-25T23:43:42.208Z,15,31.49,31.2,31.8,31.3,62,62,62,62,138.5,226,222,LIGHT_ACTIVITY,54.9,52,0,0,220.9,231,0,7,7,1,31.3,62,222,RESTLESS,0,0,231,52
69ed51cc8e0b93ff64ea4aa2,ESP32_GREENHOUSE_01,2026-04-25T23:44:12.215Z,12,31.43,31,31.9,31.6,62,62,62,62,147.1,281,148,RESTLESS,54.8,54,0,0,235.5,236,0,0,12,0,31.6,62,148,RESTLESS,0,0,236,54
69ed51ea8e0b93ff64ea4aa4,ESP32_GREENHOUSE_01,2026-04-25T23:44:42.219Z,16,31.42,31,31.9,31.3,62,62,62,62,135.9,221,191,LIGHT_ACTIVITY,55.2,53,0,0,237.4,238,0,13,3,0,31.3,62,191,LIGHT_ACTIVITY,0,0,238,53
69ed52088e0b93ff64ea4aa8,ESP32_GREENHOUSE_01,2026-04-25T23:45:12.219Z,15,31.46,31,31.8,31.8,62,62,62,62,120.3,208,208,RESTLESS,55.7,51,0,0,237.6,237,0,3,12,0,31.8,62,208,RESTLESS,0,0,237,51
69ed52268e0b93ff64ea4aab,ESP32_GREENHOUSE_01,2026-04-25T23:45:42.233Z,15,31.49,31.1,31.9,31.9,62,62,62,62,199.7,538,161,RESTLESS,52.6,53,0,0,238.1,237,0,3,12,0,31.9,62,161,RESTLESS,0,0,237,53
69ed52448e0b93ff64ea4aac,ESP32_GREENHOUSE_01,2026-04-25T23:46:12.246Z,15,31.4,31,31.9,31.1,62,62,62,62,203.7,344,187,RESTLESS,52.7,54,0,0,237.5,237,0,0,15,0,31.1,62,187,RESTLESS,0,0,237,54
69ed52628e0b93ff64ea4aad,ESP32_GREENHOUSE_01,2026-04-25T23:46:42.258Z,14,31.43,31,31.9,31.9,62,62,62,62,196.8,353,174,RESTLESS,52.7,52,0,0,237.6,239,0,0,14,0,31.9,62,174,RESTLESS,0,0,239,52
69ed52808e0b93ff64ea4aae,ESP32_GREENHOUSE_01,2026-04-25T23:47:12.270Z,15,31.45,31.2,31.9,31.4,62,62,62,62,191.5,391,193,RESTLESS,52.9,53,0,0,237.2,236,0,0,15,0,31.4,62,193,RESTLESS,0,0,236,53
69ed529e8e0b93ff64ea4aaf,ESP32_GREENHOUSE_01,2026-04-25T23:47:42.279Z,15,31.85,31.3,32.9,32.3,62.2,62,63,62,224.6,434,158,RESTLESS,50.6,52,0,0,238.5,244,0,0,15,0,32.3,62,158,RESTLESS,0,0,244,52
69ed52bc8e0b93ff64ea4ab1,ESP32_GREENHOUSE_01,2026-04-25T23:48:12.285Z,15,32.52,32.1,32.8,32.8,61.07,60,62,60,228.5,325,178,RESTLESS,49.6,52,7,0,223.2,245,0,0,15,0,32.8,60,178,RESTLESS,1,0,245,52
69ed52da8e0b93ff64ea4ab3,ESP32_GREENHOUSE_01,2026-04-25T23:48:42.287Z,15,32.45,32,32.8,32,60,60,60,60,188.5,407,150,RESTLESS,51.7,54,0,0,243.3,241,0,0,15,0,32,60,150,RESTLESS,0,0,241,54
69ed52f88e0b93ff64ea4ab6,ESP32_GREENHOUSE_01,2026-04-25T23:49:12.292Z,15,31.99,31,32.9,31.5,61,60,62,62,164.7,366,124,RESTLESS,53.3,55,4,0,227.7,206,0,0,15,0,31.5,62,124,RESTLESS,0,0,206,55
69ed53168e0b93ff64ea4ab7,ESP32_GREENHOUSE_01,2026-04-25T23:49:42.305Z,15,31.34,31,31.8,31,62,62,62,62,158.6,281,208,RESTLESS,54.6,54,0,0,205.5,206,0,0,15,0,31,62,208,RESTLESS,0,0,206,54
69ed53348e0b93ff64ea4ab8,ESP32_GREENHOUSE_01,2026-04-25T23:50:12.316Z,14,31.44,31,31.9,31.3,62,62,62,62,144.9,301,68,RESTLESS,54.8,58,0,0,205.9,205,0,0,14,0,31.3,62,68,RESTLESS,0,0,205,58
69ed53528e0b93ff64ea4abd,ESP32_GREENHOUSE_01,2026-04-25T23:50:42.323Z,15,31.38,31,31.9,31,62.6,62,63,63,157.3,282,193,RESTLESS,54.1,54,0,0,208.7,213,0,5,10,0,31,63,193,RESTLESS,0,0,213,54
69ed53708e0b93ff64ea4abe,ESP32_GREENHOUSE_01,2026-04-25T23:51:12.323Z,15,31.43,31.1,31.9,31.3,63,63,63,63,158.5,308,308,RESTLESS,53.6,48,0,0,221.9,223,0,0,15,0,31.3,63,308,RESTLESS,0,0,223,48
69ed538e8e0b93ff64ea4abf,ESP32_GREENHOUSE_01,2026-04-25T23:51:42.332Z,15,31.48,31,31.9,31.3,63,63,63,63,156.2,288,99,RESTLESS,53.6,56,0,0,221.7,221,0,0,15,0,31.3,63,99,RESTLESS,0,0,221,56
69ed53ac8e0b93ff64ea4ac0,ESP32_GREENHOUSE_01,2026-04-25T23:52:12.337Z,15,31.41,31.1,31.9,31.2,63,63,63,63,219.5,371,221,RESTLESS,51.4,52,0,0,221.8,221,0,0,15,0,31.2,63,221,RESTLESS,0,0,221,52
69ed53ca8e0b93ff64ea4ac5,ESP32_GREENHOUSE_01,2026-04-25T23:52:42.342Z,15,31.41,31.1,31.9,31.2,63.07,63,64,63,247.5,384,193,RESTLESS,50.3,53,0,0,221.9,221,0,0,8,7,31.2,63,193,RESTLESS,0,0,221,53
69ed53e88e0b93ff64ea4ac7,ESP32_GREENHOUSE_01,2026-04-25T23:53:12.343Z,15,31.36,31,31.9,31.3,63.07,63,64,64,262.1,341,289,RESTLESS,49.8,48,0,0,222.3,221,0,0,14,1,31.3,64,289,CRYING,0,0,221,48
69ed54068e0b93ff64ea4ac9,ESP32_GREENHOUSE_01,2026-04-25T23:53:42.346Z,15,31.43,31,31.9,31.8,64,64,64,64,173,577,577,RESTLESS,52.5,36,0,0,222.1,223,0,0,15,0,31.8,64,577,RESTLESS,0,0,223,36
69ed54248e0b93ff64ea4aca,ESP32_GREENHOUSE_01,2026-04-25T23:54:12.361Z,14,31.25,31,31.9,31.6,64,64,64,64,168.9,304,182,RESTLESS,53.1,52,0,0,226.7,227,0,0,14,0,31.6,64,182,RESTLESS,0,0,227,52
69ed54428e0b93ff64ea4acb,ESP32_GREENHOUSE_01,2026-04-25T23:54:42.371Z,15,31.32,31,31.9,31.1,64,64,64,64,185.5,343,232,RESTLESS,52.2,51,0,0,227.1,226,0,0,15,0,31.1,64,232,RESTLESS,0,0,226,51
69ed54608e0b93ff64ea4acc,ESP32_GREENHOUSE_01,2026-04-25T23:55:12.383Z,15,31.55,31.1,31.9,31.9,64,64,64,64,201.2,326,261,RESTLESS,51,48,0,0,224.5,227,0,0,15,0,31.9,64,261,RESTLESS,0,0,227,48
69ed547e8e0b93ff64ea4acd,ESP32_GREENHOUSE_01,2026-04-25T23:55:42.390Z,15,31.47,31,31.9,31.1,64,64,64,64,188.9,406,133,RESTLESS,51.9,55,0,0,226.2,225,0,0,15,0,31.1,64,133,RESTLESS,0,0,225,55
69ed549c8e0b93ff64ea4ace,ESP32_GREENHOUSE_01,2026-04-25T23:56:12.395Z,15,31.47,31,31.8,31.5,64,64,64,64,171.9,293,78,RESTLESS,52.3,56,0,0,226,227,0,0,15,0,31.5,64,78,RESTLESS,0,0,227,56
69ed54ba8e0b93ff64ea4acf,ESP32_GREENHOUSE_01,2026-04-25T23:56:42.396Z,15,31.34,31,31.9,31.9,64,64,64,64,177.4,327,242,RESTLESS,52.5,48,0,0,225.8,227,0,0,15,0,31.9,64,242,RESTLESS,0,0,227,48
69ed54d88e0b93ff64ea4ad0,ESP32_GREENHOUSE_01,2026-04-25T23:57:12.406Z,15,31.41,31,31.9,31.4,64,64,64,64,169.8,390,113,RESTLESS,52.7,55,0,0,225.8,225,0,0,15,0,31.4,64,113,RESTLESS,0,0,225,55
69ed54f68e0b93ff64ea4ad1,ESP32_GREENHOUSE_01,2026-04-25T23:57:42.407Z,14,31.46,31,31.9,31.5,64,64,64,64,150.4,274,136,RESTLESS,53.1,54,0,0,225.7,227,0,0,14,0,31.5,64,136,RESTLESS,0,0,227,54
69ed55148e0b93ff64ea4ad2,ESP32_GREENHOUSE_01,2026-04-25T23:58:12.416Z,15,31.44,31,31.9,31.4,63.73,63,64,64,189.4,371,191,RESTLESS,51.9,52,0,0,226.4,227,0,0,15,0,31.4,64,191,RESTLESS,0,0,227,52
69ed55328e0b93ff64ea4ad3,ESP32_GREENHOUSE_01,2026-04-25T23:58:42.417Z,15,31.43,31,31.9,31.8,64,64,64,64,163.8,270,180,RESTLESS,52.9,51,0,0,225.9,226,0,0,15,0,31.8,64,180,RESTLESS,0,0,226,51
69ed55508e0b93ff64ea4ad4,ESP32_GREENHOUSE_01,2026-04-25T23:59:12.417Z,15,31.4,31,31.9,31.1,64,64,64,64,144.9,234,127,RESTLESS,53.6,55,0,0,225.6,226,0,0,15,0,31.1,64,127,RESTLESS,0,0,226,55
69ed556e8e0b93ff64ea4ad8,ESP32_GREENHOUSE_01,2026-04-25T23:59:42.420Z,15,31.49,31,31.9,31.5,64,64,64,64,150.2,323,323,LIGHT_ACTIVITY,53.3,46,0,0,225.7,226,0,12,3,0,31.5,64,323,LIGHT_ACTIVITY,0,0,226,46
69ed558c8e0b93ff64ea4ada,ESP32_GREENHOUSE_01,2026-04-26T00:00:12.425Z,15,31.47,31,31.8,31.6,64,64,64,64,160.7,296,270,LIGHT_ACTIVITY,52.9,48,0,0,225.2,225,0,12,3,0,31.6,64,270,RESTLESS,0,0,225,48
69ed55aa8e0b93ff64ea4adb,ESP32_GREENHOUSE_01,2026-04-26T00:00:42.438Z,15,31.51,31,31.9,31.5,64,64,64,64,174.9,383,222,RESTLESS,52.2,50,0,0,225.5,224,0,0,15,0,31.5,64,222,RESTLESS,0,0,224,50
69ed55c88e0b93ff64ea4adc,ESP32_GREENHOUSE_01,2026-04-26T00:01:12.448Z,15,31.51,31,31.9,31.8,64,64,64,64,191.8,301,219,RESTLESS,51.5,50,0,0,224.9,224,0,0,15,0,31.8,64,219,RESTLESS,0,0,224,50
69ed55e68e0b93ff64ea4add,ESP32_GREENHOUSE_01,2026-04-26T00:01:42.458Z,14,31.49,31,31.9,31.2,64,64,64,64,181.4,275,203,RESTLESS,52,52,0,0,226.6,225,0,0,14,0,31.2,64,203,RESTLESS,0,0,225,52
69ed56048e0b93ff64ea4adf,ESP32_GREENHOUSE_01,2026-04-26T00:02:12.470Z,15,31.43,31,31.9,31.8,64,64,64,64,287.8,480,247,RESTLESS,47.9,49,0,0,224.8,225,0,0,13,2,31.8,64,247,CRYING,0,0,225,49
69ed56228e0b93ff64ea4ae1,ESP32_GREENHOUSE_01,2026-04-26T00:02:42.478Z,15,31.43,31,31.9,31.8,64,64,64,64,211.1,357,122,CRYING,51.1,53,0,0,225.2,225,0,0,4,11,31.8,64,122,RESTLESS,0,0,225,53
69ed56408e0b93ff64ea4ae2,ESP32_GREENHOUSE_01,2026-04-26T00:03:12.485Z,15,31.41,31,31.8,31.4,64,64,64,64,163.5,294,151,RESTLESS,53,53,0,0,225.3,225,0,0,15,0,31.4,64,151,RESTLESS,0,0,225,53
69ed565e8e0b93ff64ea4ae3,ESP32_GREENHOUSE_01,2026-04-26T00:03:42.494Z,15,31.42,31,31.9,31.2,64,64,64,64,174.3,299,119,RESTLESS,52.3,55,0,0,225.2,226,0,0,15,0,31.2,64,119,RESTLESS,0,0,226,55
69ed567c8e0b93ff64ea4ae4,ESP32_GREENHOUSE_01,2026-04-26T00:04:12.507Z,15,31.4,31,31.8,31.8,64,64,64,64,160.9,363,227,RESTLESS,53.1,49,0,0,224.9,224,0,0,15,0,31.8,64,227,RESTLESS,0,0,224,49
69ed569a8e0b93ff64ea4ae5,ESP32_GREENHOUSE_01,2026-04-26T00:04:42.508Z,15,31.44,31.1,31.9,31.4,64,64,64,64,144.2,268,190,RESTLESS,53.6,52,0,0,225.1,225,0,0,15,0,31.4,64,190,RESTLESS,0,0,225,52
69ed56b88e0b93ff64ea4ae6,ESP32_GREENHOUSE_01,2026-04-26T00:05:12.523Z,15,31.35,31,31.9,31.3,64,64,64,64,188.5,423,159,RESTLESS,51.9,53,0,0,225.2,225,0,0,15,0,31.3,64,159,RESTLESS,0,0,225,53
69ed56d68e0b93ff64ea4ae7,ESP32_GREENHOUSE_01,2026-04-26T00:05:42.531Z,14,31.43,31,31.8,31.3,64,64,64,64,162.3,267,201,RESTLESS,52.8,52,0,0,225.1,226,0,0,14,0,31.3,64,201,RESTLESS,0,0,226,52
69ed56f48e0b93ff64ea4ae8,ESP32_GREENHOUSE_01,2026-04-26T00:06:12.537Z,15,31.51,31,31.9,31.1,64,64,64,64,166.5,356,144,RESTLESS,52.5,55,0,0,225.3,226,0,0,15,0,31.1,64,144,RESTLESS,0,0,226,55
69ed57128e0b93ff64ea4aea,ESP32_GREENHOUSE_01,2026-04-26T00:06:42.548Z,15,31.53,31.2,31.9,31.8,64,64,64,64,113.5,159,138,LIGHT_ACTIVITY,54.6,53,0,0,225.3,226,0,8,7,0,31.8,64,138,LIGHT_ACTIVITY,0,0,226,53
69ed57308e0b93ff64ea4aeb,ESP32_GREENHOUSE_01,2026-04-26T00:07:12.547Z,15,31.43,31,31.9,31.2,64.47,64,65,65,138.1,252,107,LIGHT_ACTIVITY,53.7,55,0,0,225.2,224,0,15,0,0,31.2,65,107,LIGHT_ACTIVITY,0,0,224,55
69ed574e8e0b93ff64ea4aef,ESP32_GREENHOUSE_01,2026-04-26T00:07:42.555Z,15,31.52,31,31.9,31.4,64.87,64,65,65,164.1,235,154,RESTLESS,51.9,53,0,0,225,225,0,3,12,0,31.4,65,154,RESTLESS,0,0,225,53
69ed576c8e0b93ff64ea4af0,ESP32_GREENHOUSE_01,2026-04-26T00:08:12.556Z,15,31.62,31.3,31.9,31.9,64.87,64,65,65,169.3,271,204,RESTLESS,51.5,49,0,0,225.3,226,0,0,15,0,31.9,65,204,RESTLESS,0,0,226,49
69ed578a8e0b93ff64ea4af1,ESP32_GREENHOUSE_01,2026-04-26T00:08:42.559Z,15,31.58,31,31.9,31.8,64.93,64,65,65,154.8,293,133,RESTLESS,52.2,52,0,0,225.2,226,0,0,15,0,31.8,65,133,RESTLESS,0,0,226,52
69ed57a88e0b93ff64ea4af2,ESP32_GREENHOUSE_01,2026-04-26T00:09:12.566Z,14,31.38,31,31.8,31.7,65,65,65,65,135.1,320,115,RESTLESS,53.4,53,0,0,225.1,226,0,0,14,0,31.7,65,115,RESTLESS,0,0,226,53
69ed57c68e0b93ff64ea4af5,ESP32_GREENHOUSE_01,2026-04-26T00:09:42.567Z,15,31.4,31,31.8,31.8,65,65,65,65,125.1,169,153,LIGHT_ACTIVITY,53.7,52,0,0,225.1,226,0,11,4,0,31.8,65,153,RESTLESS,0,0,226,52
69ed57e48e0b93ff64ea4af6,ESP32_GREENHOUSE_01,2026-04-26T00:10:12.568Z,15,31.49,31.1,31.9,31.7,65,65,65,65,146.8,253,140,RESTLESS,52.7,52,0,0,225.4,226,0,0,15,0,31.7,65,140,RESTLESS,0,0,226,52
69ed58028e0b93ff64ea4afa,ESP32_GREENHOUSE_01,2026-04-26T00:10:42.579Z,15,31.47,31,31.9,31.4,64.8,64,65,64,133.9,271,132,RESTLESS,53.5,54,0,0,225.5,227,0,7,8,0,31.4,64,132,LIGHT_ACTIVITY,0,0,227,54
69ed58208e0b93ff64ea4afc,ESP32_GREENHOUSE_01,2026-04-26T00:11:12.584Z,15,31.44,31,31.9,31.3,64.33,64,65,64,203.9,350,350,RESTLESS,51.1,46,0,0,225.4,226,0,3,12,0,31.3,64,350,RESTLESS,0,0,226,46
69ed583e8e0b93ff64ea4afd,ESP32_GREENHOUSE_01,2026-04-26T00:11:42.593Z,15,31.39,31,31.9,31.3,64.4,64,65,65,137.3,202,126,RESTLESS,53.8,54,0,0,225.3,225,0,0,15,0,31.3,65,126,RESTLESS,0,0,225,54
69ed585c8e0b93ff64ea4afe,ESP32_GREENHOUSE_01,2026-04-26T00:12:12.594Z,15,31.44,31.1,31.9,31.4,64.4,64,65,65,160,345,104,RESTLESS,52.7,55,0,0,225.4,226,0,0,15,0,31.4,65,104,RESTLESS,0,0,226,55
69ed587a8e0b93ff64ea4aff,ESP32_GREENHOUSE_01,2026-04-26T00:12:42.606Z,15,31.47,31.1,31.9,31.6,64.27,64,65,64,151.9,224,114,RESTLESS,52.9,54,0,0,225.6,225,0,0,15,0,31.6,64,114,RESTLESS,0,0,225,54
69ed58988e0b93ff64ea4b00,ESP32_GREENHOUSE_01,2026-04-26T00:13:12.615Z,14,31.5,31,31.9,31.2,64,64,64,64,153.1,275,153,RESTLESS,53.1,54,0,0,225.6,227,0,0,14,0,31.2,64,153,RESTLESS,0,0,227,54
69ed58b68e0b93ff64ea4b01,ESP32_GREENHOUSE_01,2026-04-26T00:13:42.627Z,15,31.41,31.1,31.9,31.5,64.13,64,65,64,128.7,194,148,RESTLESS,54.2,53,0,0,225.5,225,0,0,15,0,31.5,64,148,RESTLESS,0,0,225,53
69ed58d48e0b93ff64ea4b02,ESP32_GREENHOUSE_01,2026-04-26T00:14:12.632Z,15,31.5,31,31.9,31.2,64.27,64,65,65,142.2,235,129,RESTLESS,53.2,54,0,0,225.5,226,0,0,15,0,31.2,65,129,RESTLESS,0,0,226,54
69ed58f28e0b93ff64ea4b03,ESP32_GREENHOUSE_01,2026-04-26T00:14:42.633Z,15,31.48,31.1,31.8,31.1,64.33,64,65,64,150.6,266,94,RESTLESS,52.9,56,0,0,225.9,226,0,0,15,0,31.1,64,94,RESTLESS,0,0,226,56
69ed59108e0b93ff64ea4b04,ESP32_GREENHOUSE_01,2026-04-26T00:15:12.649Z,15,31.53,31,31.9,31.7,64.13,64,65,64,127.5,213,85,RESTLESS,53.9,55,0,0,226.1,227,0,0,15,0,31.7,64,85,RESTLESS,0,0,227,55
69ed592e8e0b93ff64ea4b05,ESP32_GREENHOUSE_01,2026-04-26T00:15:42.657Z,15,31.25,31,31.8,31.3,64.47,64,65,64,150.1,227,148,RESTLESS,53.7,54,0,0,225.5,227,0,0,15,0,31.3,64,148,RESTLESS,0,0,227,54
69ed594c8e0b93ff64ea4b06,ESP32_GREENHOUSE_01,2026-04-26T00:16:12.656Z,15,31.5,31,31.8,31.7,64.2,64,65,64,156.1,278,116,RESTLESS,52.9,54,0,0,225.7,225,0,0,15,0,31.7,64,116,RESTLESS,0,0,225,54
69ed596a8e0b93ff64ea4b07,ESP32_GREENHOUSE_01,2026-04-26T00:16:42.662Z,14,31.36,31,31.9,31.5,64.07,64,65,65,157.4,312,97,RESTLESS,53.3,55,0,0,226.5,226,0,0,14,0,31.5,65,97,RESTLESS,0,0,226,55
69ed59888e0b93ff64ea4b09,ESP32_GREENHOUSE_01,2026-04-26T00:17:12.671Z,15,31.4,31,31.9,31.8,64,64,64,64,144.1,454,106,LIGHT_ACTIVITY,53.7,54,0,0,226.1,225,0,10,5,0,31.8,64,106,LIGHT_ACTIVITY,0,0,225,54
69ed59a68e0b93ff64ea4b0d,ESP32_GREENHOUSE_01,2026-04-26T00:17:42.677Z,15,31.44,31,31.9,31.6,64.07,64,65,64,151.7,320,160,RESTLESS,53.2,53,0,0,226.9,226,0,4,11,0,31.6,64,160,RESTLESS,0,0,226,53
69ed59c48e0b93ff64ea4b0e,ESP32_GREENHOUSE_01,2026-04-26T00:18:12.686Z,15,31.54,31.1,31.9,31.1,64,64,64,64,151.3,369,218,RESTLESS,53,52,0,0,226.8,226,0,0,15,0,31.1,64,218,RESTLESS,0,0,226,52
69ed59e28e0b93ff64ea4b0f,ESP32_GREENHOUSE_01,2026-04-26T00:18:42.690Z,15,31.46,31,31.9,31.8,64,64,64,64,185.2,278,232,RESTLESS,52,49,0,0,227.1,228,0,0,15,0,31.8,64,232,RESTLESS,0,0,228,49
69ed5a008e0b93ff64ea4b10,ESP32_GREENHOUSE_01,2026-04-26T00:19:12.701Z,15,31.58,31,31.9,31.9,64,64,64,64,179.8,222,193,RESTLESS,51.9,50,0,0,227.2,228,0,0,15,0,31.9,64,193,RESTLESS,0,0,228,50
69ed5a1e8e0b93ff64ea4b11,ESP32_GREENHOUSE_01,2026-04-26T00:19:42.714Z,15,31.29,31,31.9,31,64,64,64,64,212.3,311,174,RESTLESS,51.4,54,0,0,227.3,227,0,0,15,0,31,64,174,RESTLESS,0,0,227,54
69ed5a3c8e0b93ff64ea4b12,ESP32_GREENHOUSE_01,2026-04-26T00:20:12.722Z,15,31.54,31,31.9,31.1,64,64,64,64,133.9,209,145,RESTLESS,53.7,55,0,0,227.9,228,0,0,15,0,31.1,64,145,RESTLESS,0,0,228,55
69ed5a5a8e0b93ff64ea4b13,ESP32_GREENHOUSE_01,2026-04-26T00:20:42.733Z,14,31.37,31,31.9,31.5,64,64,64,64,163.2,319,88,RESTLESS,53.1,56,0,0,228.4,227,0,0,14,0,31.5,64,88,RESTLESS,0,0,227,56
69ed5a788e0b93ff64ea4b14,ESP32_GREENHOUSE_01,2026-04-26T00:21:12.741Z,15,31.44,31,31.8,31.1,64.07,64,65,64,156.7,204,174,RESTLESS,53,53,0,0,228.7,229,0,0,15,0,31.1,64,174,RESTLESS,0,0,229,53
69ed5a968e0b93ff64ea4b15,ESP32_GREENHOUSE_01,2026-04-26T00:21:42.751Z,15,31.53,31,31.9,31.7,64,64,64,64,251.9,382,251,RESTLESS,49.1,49,0,0,228.9,230,0,0,15,0,31.7,64,251,RESTLESS,0,0,230,49
69ed5ab48e0b93ff64ea4b16,ESP32_GREENHOUSE_01,2026-04-26T00:22:12.762Z,15,31.63,31,31.9,31.9,64,64,64,64,165.6,341,199,RESTLESS,52.1,50,0,0,229.2,229,0,0,15,0,31.9,64,199,RESTLESS,0,0,229,50
69ed5ad28e0b93ff64ea4b17,ESP32_GREENHOUSE_01,2026-04-26T00:22:42.762Z,15,31.41,31,31.9,31.5,64,64,64,64,196.5,331,160,RESTLESS,51.6,53,0,0,229.1,227,0,0,15,0,31.5,64,160,RESTLESS,0,0,227,53
69ed5af08e0b93ff64ea4b1a,ESP32_GREENHOUSE_01,2026-04-26T00:23:12.764Z,15,31.48,31,31.9,31,64.13,64,65,64,134.5,243,64,RESTLESS,53.7,58,4,0,230.6,232,0,0,15,0,31,64,64,RESTLESS,0,0,232,58
69ed5b0e8e0b93ff64ea4b1e,ESP32_GREENHOUSE_01,2026-04-26T00:23:42.774Z,15,31.43,31,31.9,31.2,64,64,64,64,67.5,83,71,LIGHT_ACTIVITY,56.6,57,0,0,233.7,233,5,8,2,0,31.2,64,71,LIGHT_ACTIVITY,0,0,233,57
69ed5b2c8e0b93ff64ea4b20,ESP32_GREENHOUSE_01,2026-04-26T00:24:12.785Z,15,31.53,31,31.9,31.9,64,64,64,64,67.7,87,69,QUIET,56.3,55,0,0,233.9,235,9,6,0,0,31.9,64,69,QUIET,0,0,235,55
69ed5b4a8e0b93ff64ea4b21,ESP32_GREENHOUSE_01,2026-04-26T00:24:42.786Z,14,31.48,31,31.9,31.4,64,64,64,64,67.3,108,69,QUIET,56.6,57,0,0,234.8,234,14,0,0,0,31.4,64,69,QUIET,0,0,234,57
69ed5b688e0b93ff64ea4b24,ESP32_GREENHOUSE_01,2026-04-26T00:25:12.801Z,15,31.61,31.1,31.9,31.9,64,64,64,64,67.5,87,57,QUIET,56.2,56,0,0,235.4,236,13,2,0,0,31.9,64,57,QUIET,0,0,236,56
69ed5b868e0b93ff64ea4b29,ESP32_GREENHOUSE_01,2026-04-26T00:25:42.806Z,15,31.49,31.1,31.9,31.4,64,64,64,64,69.5,124,53,LIGHT_ACTIVITY,56.3,57,6,0,198.3,48,2,13,0,0,31.4,64,53,QUIET,0,0,48,57
69ed5ba48e0b93ff64ea4b2a,ESP32_GREENHOUSE_01,2026-04-26T00:26:12.814Z,15,31.35,31,31.9,31.4,64,64,64,64,32.9,56,13,QUIET,58.3,59,0,0,47.3,50,15,0,0,0,31.4,64,13,QUIET,0,0,50,59
69ed5bc28e0b93ff64ea4b2b,ESP32_GREENHOUSE_01,2026-04-26T00:26:42.827Z,15,31.51,31,31.9,31.7,64,64,64,64,17.7,25,19,QUIET,58.4,58,0,0,50.5,51,15,0,0,0,31.7,64,19,QUIET,0,0,51,58
69ed5be08e0b93ff64ea4b2c,ESP32_GREENHOUSE_01,2026-04-26T00:27:12.841Z,15,31.46,31,31.9,31.5,64,64,64,64,32.3,53,34,QUIET,57.9,58,0,0,52.9,55,15,0,0,0,31.5,64,34,QUIET,0,0,55,58
69ed5bfe8e0b93ff64ea4b2d,ESP32_GREENHOUSE_01,2026-04-26T00:27:42.855Z,15,31.44,31.1,31.9,31.3,64,64,64,64,31.4,41,35,QUIET,57.9,58,0,0,55.3,56,15,0,0,0,31.3,64,35,QUIET,0,0,56,58
69ed5c1c8e0b93ff64ea4b2e,ESP32_GREENHOUSE_01,2026-04-26T00:28:12.865Z,14,31.48,31.3,31.8,31.4,64.14,64,65,64,31.6,50,50,QUIET,57.6,57,0,0,57.8,58,14,0,0,0,31.4,64,50,QUIET,0,0,58,57
69ed5c3a8e0b93ff64ea4b2f,ESP32_GREENHOUSE_01,2026-04-26T00:28:42.869Z,15,31.35,31,31.9,31,64.67,64,65,65,38.7,63,51,QUIET,57.5,58,0,0,60.5,61,15,0,0,0,31,65,51,QUIET,0,0,61,58
69ed5c588e0b93ff64ea4b30,ESP32_GREENHOUSE_01,2026-04-26T00:29:12.873Z,15,31.43,31,31.9,31.9,64.93,64,65,65,36.7,47,30,QUIET,57.3,56,0,0,63.1,64,15,0,0,0,31.9,65,30,QUIET,0,0,64,56
69ed5c768e0b93ff64ea4b31,ESP32_GREENHOUSE_01,2026-04-26T00:29:42.873Z,15,30.64,30,31.4,30.1,65.33,65,66,66,33,44,33,QUIET,59.3,60,0,0,65.7,67,15,0,0,0,30.1,66,33,QUIET,0,0,67,60
69ed5c948e0b93ff64ea4b32,ESP32_GREENHOUSE_01,2026-04-26T00:30:12.883Z,15,30.43,30.1,30.9,30.8,66,66,66,66,37.9,51,27,QUIET,59.3,59,0,0,69.3,69,15,0,0,0,30.8,66,27,QUIET,0,0,69,59
69ed5cb28e0b93ff64ea4b33,ESP32_GREENHOUSE_01,2026-04-26T00:30:42.897Z,15,30.37,30,30.9,30.8,66,66,66,66,33.1,48,30,QUIET,59.8,59,0,0,71.2,72,15,0,0,0,30.8,66,30,QUIET,0,0,72,59
69ed5cd08e0b93ff64ea4b34,ESP32_GREENHOUSE_01,2026-04-26T00:31:12.901Z,15,30.57,30.1,30.9,30.2,66,66,66,66,32.3,43,43,QUIET,59.2,60,0,0,74.9,76,15,0,0,0,30.2,66,43,QUIET,0,0,76,60
69ed5cee8e0b93ff64ea4b35,ESP32_GREENHOUSE_01,2026-04-26T00:31:42.909Z,15,30.64,30.2,30.9,30.8,66,66,66,66,34,48,36,QUIET,58.9,58,0,0,78.5,79,15,0,0,0,30.8,66,36,QUIET,0,0,79,58
69ed5d0c8e0b93ff64ea4b36,ESP32_GREENHOUSE_01,2026-04-26T00:32:12.917Z,14,30.39,30,30.9,30.3,66,66,66,66,37.6,51,37,QUIET,59.5,60,0,0,80.9,82,14,0,0,0,30.3,66,37,QUIET,0,0,82,60
69ed5d2a8e0b93ff64ea4b37,ESP32_GREENHOUSE_01,2026-04-26T00:32:42.924Z,15,30.48,30,30.8,30.6,66,66,66,66,34.1,45,36,QUIET,59.3,59,0,0,84.3,85,15,0,0,0,30.6,66,36,QUIET,0,0,85,59
69ed5d488e0b93ff64ea4b38,ESP32_GREENHOUSE_01,2026-04-26T00:33:12.928Z,15,30.39,30,30.9,30.6,66,66,66,66,30.5,37,31,QUIET,59.8,59,0,0,87.7,89,15,0,0,0,30.6,66,31,QUIET,0,0,89,59
69ed5d668e0b93ff64ea4b39,ESP32_GREENHOUSE_01,2026-04-26T00:33:42.935Z,15,30.41,30,30.8,30.5,66.07,66,67,66,43.3,75,35,QUIET,59.1,59,0,0,91.5,91,15,0,0,0,30.5,66,35,QUIET,0,0,91,59
69ed5d848e0b93ff64ea4b3a,ESP32_GREENHOUSE_01,2026-04-26T00:34:12.951Z,15,30.58,30,30.9,30.8,66.87,66,67,67,33.4,47,34,QUIET,58.5,58,0,0,94.8,95,15,0,0,0,30.8,67,34,QUIET,0,0,95,58
69ed5da28e0b93ff64ea4b3b,ESP32_GREENHOUSE_01,2026-04-26T00:34:42.953Z,15,30.55,30.1,30.9,30.6,67,67,67,67,35,43,42,QUIET,58.3,58,0,0,97.9,99,15,0,0,0,30.6,67,42,QUIET,0,0,99,58
69ed5dc08e0b93ff64ea4b3c,ESP32_GREENHOUSE_01,2026-04-26T00:35:12.965Z,15,30.41,30,30.7,30.4,67,67,67,67,35.1,47,37,QUIET,58.8,59,0,0,101.4,104,15,0,0,0,30.4,67,37,QUIET,0,0,104,59
69ed5dde8e0b93ff64ea4b3d,ESP32_GREENHOUSE_01,2026-04-26T00:35:42.977Z,15,30.57,30.2,30.9,30.7,67,67,67,67,35.9,47,38,QUIET,58.3,58,0,0,105.6,109,15,0,0,0,30.7,67,38,QUIET,0,0,109,58
69ed5dfc8e0b93ff64ea4b3e,ESP32_GREENHOUSE_01,2026-04-26T00:36:12.989Z,14,30.47,30,30.9,30.5,67,67,67,67,44.5,114,114,QUIET,58.4,56,0,0,109.7,112,14,0,0,0,30.5,67,114,QUIET,0,0,112,56
69ed5e1a8e0b93ff64ea4b3f,ESP32_GREENHOUSE_01,2026-04-26T00:36:42.991Z,15,30.61,30.2,30.9,30.6,67,67,67,67,47.1,131,19,QUIET,57.8,59,0,0,112.3,116,15,0,0,0,30.6,67,19,QUIET,0,0,116,59
69ed5e388e0b93ff64ea4b40,ESP32_GREENHOUSE_01,2026-04-26T00:37:12.996Z,15,30.49,30,30.9,30.7,67,67,67,67,29.3,70,32,QUIET,58.9,58,0,0,116.5,120,15,0,0,0,30.7,67,32,QUIET,0,0,120,58
69ed5e578e0b93ff64ea4b41,ESP32_GREENHOUSE_01,2026-04-26T00:37:43.003Z,15,30.51,30.1,30.8,30.8,67,67,67,67,33.9,93,93,QUIET,58.5,55,0,0,121.7,122,15,0,0,0,30.8,67,93,QUIET,0,0,122,55
69ed5e758e0b93ff64ea4b42,ESP32_GREENHOUSE_01,2026-04-26T00:38:13.011Z,15,30.51,30,30.9,30.8,67,67,67,67,64.9,197,19,QUIET,57.4,58,0,0,125.2,128,15,0,0,0,30.8,67,19,QUIET,0,0,128,58
69ed5e938e0b93ff64ea4b43,ESP32_GREENHOUSE_01,2026-04-26T00:38:43.016Z,15,30.46,30,30.9,30.3,67,67,67,67,37.9,103,22,QUIET,58.7,60,0,0,128.7,131,15,0,0,0,30.3,67,22,QUIET,0,0,131,60
69ed5eb18e0b93ff64ea4b44,ESP32_GREENHOUSE_01,2026-04-26T00:39:13.027Z,15,30.59,30,30.9,30.9,67,67,67,67,35.2,90,22,QUIET,58.4,58,0,0,132.4,135,15,0,0,0,30.9,67,22,QUIET,0,0,135,58
69ed5ecf8e0b93ff64ea4b45,ESP32_GREENHOUSE_01,2026-04-26T00:39:43.029Z,14,30.39,30,30.8,30.4,67,67,67,67,41.5,171,55,QUIET,58.6,58,0,0,135.6,138,14,0,0,0,30.4,67,55,QUIET,0,0,138,58
69ed5eed8e0b93ff64ea4b46,ESP32_GREENHOUSE_01,2026-04-26T00:40:13.035Z,15,30.39,30,30.8,30.3,67,67,67,67,27.2,39,27,QUIET,59.3,59,0,0,139.3,142,15,0,0,0,30.3,67,27,QUIET,0,0,142,59
69ed5f0b8e0b93ff64ea4b47,ESP32_GREENHOUSE_01,2026-04-26T00:40:43.046Z,15,30.36,30,30.8,30.8,67,67,67,67,27.3,78,78,QUIET,59.3,56,0,0,142.7,145,15,0,0,0,30.8,67,78,QUIET,0,0,145,56
69ed5f298e0b93ff64ea4b48,ESP32_GREENHOUSE_01,2026-04-26T00:41:13.053Z,15,30.35,30,30.7,30.7,67,67,67,67,56.5,188,90,QUIET,58.3,56,0,0,146.2,149,15,0,0,0,30.7,67,90,QUIET,0,0,149,56
69ed5f478e0b93ff64ea4b49,ESP32_GREENHOUSE_01,2026-04-26T00:41:43.053Z,15,30.36,30,30.8,30.1,67,67,67,67,31.1,64,19,QUIET,59.2,60,0,0,150.8,153,15,0,0,0,30.1,67,19,QUIET,0,0,153,60
69ed5f658e0b93ff64ea4b4a,ESP32_GREENHOUSE_01,2026-04-26T00:42:13.068Z,15,30.59,30.1,30.9,30.7,67,67,67,67,24.1,37,31,QUIET,58.8,58,0,0,153.3,155,15,0,0,0,30.7,67,31,QUIET,0,0,155,58
69ed5f838e0b93ff64ea4b4b,ESP32_GREENHOUSE_01,2026-04-26T00:42:43.072Z,15,30.49,30,30.9,30.5,66.8,66,67,66,24.7,47,18,QUIET,59.1,60,0,0,156.9,158,15,0,0,0,30.5,66,18,QUIET,0,0,158,60
69ed5fa18e0b93ff64ea4b4c,ESP32_GREENHOUSE_01,2026-04-26T00:43:13.079Z,15,30.41,30,30.8,30,66.33,66,67,67,34.5,111,30,QUIET,59.3,60,0,0,161.1,164,15,0,0,0,30,67,30,QUIET,0,0,164,60
69ed5fbf8e0b93ff64ea4b4d,ESP32_GREENHOUSE_01,2026-04-26T00:43:43.080Z,14,30.59,30.2,30.9,30.5,66.86,66,67,67,22.1,31,22,QUIET,59.1,59,0,0,165.6,168,14,0,0,0,30.5,67,22,QUIET,0,0,168,59
69ed5fdd8e0b93ff64ea4b4e,ESP32_GREENHOUSE_01,2026-04-26T00:44:13.090Z,15,30.51,30.1,30.9,30.4,66.93,66,67,67,19.5,28,19,QUIET,59.3,60,0,0,169.3,171,15,0,0,0,30.4,67,19,QUIET,0,0,171,60
69ed5ffb8e0b93ff64ea4b4f,ESP32_GREENHOUSE_01,2026-04-26T00:44:43.090Z,15,30.46,30,30.9,30,66.53,66,67,66,19.1,23,18,QUIET,59.5,61,0,0,173.5,175,15,0,0,0,30,66,18,QUIET,0,0,175,61
69ed60198e0b93ff64ea4b50,ESP32_GREENHOUSE_01,2026-04-26T00:45:13.093Z,15,30.5,30.1,30.9,30.9,66.73,66,67,67,18.6,28,17,QUIET,59.5,58,0,0,177,180,15,0,0,0,30.9,67,17,QUIET,0,0,180,58
69ed60378e0b93ff64ea4b51,ESP32_GREENHOUSE_01,2026-04-26T00:45:43.108Z,15,30.51,30.2,30.9,30.2,67,67,67,67,20.5,26,26,QUIET,59.1,60,0,0,180.4,181,15,0,0,0,30.2,67,26,QUIET,0,0,181,60
69ed60558e0b93ff64ea4b52,ESP32_GREENHOUSE_01,2026-04-26T00:46:13.114Z,15,30.43,30,30.9,30.2,66.8,66,67,67,21.5,28,26,QUIET,59.4,60,0,0,183.7,184,15,0,0,0,30.2,67,26,QUIET,0,0,184,60
69ed60738e0b93ff64ea4b53,ESP32_GREENHOUSE_01,2026-04-26T00:46:43.124Z,15,30.43,30,30.9,30.2,67,67,67,67,21.4,26,16,QUIET,59.3,60,0,0,187,189,15,0,0,0,30.2,67,16,QUIET,0,0,189,60
69ed60918e0b93ff64ea4b54,ESP32_GREENHOUSE_01,2026-04-26T00:47:13.124Z,14,30.34,30,30.7,30.6,67,67,67,67,17.6,23,16,QUIET,59.7,59,0,0,189.9,190,14,0,0,0,30.6,67,16,QUIET,0,0,190,59
69ed60af8e0b93ff64ea4b55,ESP32_GREENHOUSE_01,2026-04-26T00:47:43.130Z,15,30.37,30,30.8,30.3,67,67,67,67,19.9,27,22,QUIET,59.5,60,0,0,193.3,194,15,0,0,0,30.3,67,22,QUIET,0,0,194,60
69ed60cd8e0b93ff64ea4b56,ESP32_GREENHOUSE_01,2026-04-26T00:48:13.134Z,15,30.47,30,30.9,30,67,67,67,67,18.6,23,17,QUIET,59.4,61,0,0,196.3,199,15,0,0,0,30,67,17,QUIET,0,0,199,61
69ed60eb8e0b93ff64ea4b57,ESP32_GREENHOUSE_01,2026-04-26T00:48:43.145Z,15,30.31,30,30.9,30.6,67,67,67,67,18.3,21,19,QUIET,59.8,59,0,0,199.8,202,15,0,0,0,30.6,67,19,QUIET,0,0,202,59
69ed61098e0b93ff64ea4b58,ESP32_GREENHOUSE_01,2026-04-26T00:49:13.154Z,15,30.56,30,30.9,30.7,67,67,67,67,19,32,17,QUIET,59.2,59,0,0,203.3,204,15,0,0,0,30.7,67,17,QUIET,0,0,204,59
69ed61278e0b93ff64ea4b59,ESP32_GREENHOUSE_01,2026-04-26T00:49:43.155Z,15,30.52,30,30.9,30.7,67,67,67,67,18.2,22,18,QUIET,59.3,59,0,0,207,209,15,0,0,0,30.7,67,18,QUIET,0,0,209,59
69ed61458e0b93ff64ea4b5a,ESP32_GREENHOUSE_01,2026-04-26T00:50:13.164Z,15,30.42,30.1,30.8,30.3,67,67,67,67,19.4,23,17,QUIET,59.5,60,0,0,210.1,213,15,0,0,0,30.3,67,17,QUIET,0,0,213,60
69ed61638e0b93ff64ea4b5b,ESP32_GREENHOUSE_01,2026-04-26T00:50:43.177Z,15,30.61,30,30.9,30.7,67,67,67,67,21.6,27,18,QUIET,58.8,59,0,0,213.7,215,15,0,0,0,30.7,67,18,QUIET,0,0,215,59
69ed61818e0b93ff64ea4b5c,ESP32_GREENHOUSE_01,2026-04-26T00:51:13.183Z,14,30.51,30.1,30.9,30.9,67,67,67,67,18.4,24,18,QUIET,59.1,58,0,0,217.5,220,14,0,0,0,30.9,67,18,QUIET,0,0,220,58
69ed619f8e0b93ff64ea4b5d,ESP32_GREENHOUSE_01,2026-04-26T00:51:43.191Z,15,30.44,30,30.8,30.6,67,67,67,67,20.5,26,23,QUIET,59.5,59,0,0,221.7,224,15,0,0,0,30.6,67,23,QUIET,0,0,224,59
69ed61bd8e0b93ff64ea4b5e,ESP32_GREENHOUSE_01,2026-04-26T00:52:13.206Z,15,30.51,30.1,30.8,30.1,67,67,67,67,21.5,34,23,QUIET,59.1,60,0,0,226.1,229,15,0,0,0,30.1,67,23,QUIET,0,0,229,60
69ed61db8e0b93ff64ea4b5f,ESP32_GREENHOUSE_01,2026-04-26T00:52:43.213Z,15,30.37,30,30.8,30.3,67,67,67,67,26.6,53,53,QUIET,59.3,58,0,0,231.1,233,15,0,0,0,30.3,67,53,QUIET,0,0,233,58
69ed61f98e0b93ff64ea4b60,ESP32_GREENHOUSE_01,2026-04-26T00:53:13.225Z,15,30.5,30,30.9,30.3,67,67,67,67,28.1,51,20,QUIET,58.9,60,0,0,235.5,238,15,0,0,0,30.3,67,20,QUIET,0,0,238,60
69ed62178e0b93ff64ea4b61,ESP32_GREENHOUSE_01,2026-04-26T00:53:43.239Z,15,30.3,30,30.9,30,67,67,67,67,32.3,48,29,QUIET,59.2,60,0,0,239.5,242,15,0,0,0,30,67,29,QUIET,0,0,242,60
69ed62358e0b93ff64ea4b62,ESP32_GREENHOUSE_01,2026-04-26T00:54:13.250Z,15,30.41,30,30.9,30,67,67,67,67,29.5,53,28,QUIET,58.9,60,0,0,243.5,245,15,0,0,0,30,67,28,QUIET,0,0,245,60
69ed62538e0b93ff64ea4b63,ESP32_GREENHOUSE_01,2026-04-26T00:54:43.254Z,15,30.43,30,30.9,30.6,67,67,67,67,25.9,46,18,QUIET,59.1,59,0,0,247.3,249,15,0,0,0,30.6,67,18,QUIET,0,0,249,59
69ed62718e0b93ff64ea4b64,ESP32_GREENHOUSE_01,2026-04-26T00:55:13.266Z,14,30.39,30.1,30.8,30.4,67,67,67,67,25.4,48,28,QUIET,59.1,59,0,0,251.1,254,14,0,0,0,30.4,67,28,QUIET,0,0,254,59
69ed628f8e0b93ff64ea4b65,ESP32_GREENHOUSE_01,2026-04-26T00:55:43.279Z,15,30.45,30,30.8,30.5,67,67,67,67,25,44,29,QUIET,59.1,59,0,0,256.2,258,15,0,0,0,30.5,67,29,QUIET,0,0,258,59
69ed62ad8e0b93ff64ea4b66,ESP32_GREENHOUSE_01,2026-04-26T00:56:13.289Z,15,30.45,30,30.8,30.8,67,67,67,67,37.7,70,50,QUIET,58.6,57,0,0,259.5,260,15,0,0,0,30.8,67,50,QUIET,0,0,260,57
69ed62cb8e0b93ff64ea4b67,ESP32_GREENHOUSE_01,2026-04-26T00:56:43.291Z,15,30.39,30,30.8,30.2,67,67,67,67,28.7,58,17,QUIET,59.1,60,0,0,263.3,266,15,0,0,0,30.2,67,17,QUIET,0,0,266,60
69ed62e98e0b93ff64ea4b68,ESP32_GREENHOUSE_01,2026-04-26T00:57:13.294Z,15,30.31,30,30.8,30.3,67,67,67,67,21.9,35,24,QUIET,59.7,60,0,0,268.2,269,15,0,0,0,30.3,67,24,QUIET,0,0,269,60
69ed63078e0b93ff64ea4b69,ESP32_GREENHOUSE_01,2026-04-26T00:57:43.296Z,15,30.39,30,30.9,30.3,67,67,67,67,29.6,52,30,QUIET,59.1,59,0,0,272.3,275,15,0,0,0,30.3,67,30,QUIET,0,0,275,59
69ed63258e0b93ff64ea4b6a,ESP32_GREENHOUSE_01,2026-04-26T00:58:13.298Z,15,30.35,30.1,30.9,30.3,67,67,67,67,32.3,44,33,QUIET,59.2,59,0,0,275.9,279,15,0,0,0,30.3,67,33,QUIET,0,0,279,59
69ed63438e0b93ff64ea4b6b,ESP32_GREENHOUSE_01,2026-04-26T00:58:43.312Z,14,30.53,30,30.9,30.4,67,67,67,67,24.7,36,22,QUIET,58.9,59,0,0,280.4,283,14,0,0,0,30.4,67,22,QUIET,0,0,283,59
69ed63618e0b93ff64ea4b6c,ESP32_GREENHOUSE_01,2026-04-26T00:59:13.317Z,15,30.48,30,30.9,30.3,67,67,67,67,22.4,31,22,QUIET,59.2,60,0,0,284.6,288,15,0,0,0,30.3,67,22,QUIET,0,0,288,60
69ed637f8e0b93ff64ea4b6d,ESP32_GREENHOUSE_01,2026-04-26T00:59:43.319Z,15,30.43,30.1,30.8,30.2,67,67,67,67,21,28,19,QUIET,59.3,60,0,0,289,291,15,0,0,0,30.2,67,19,QUIET,0,0,291,60
69ed639d8e0b93ff64ea4b6e,ESP32_GREENHOUSE_01,2026-04-26T01:00:13.325Z,15,30.51,30,30.9,30.1,67,67,67,67,19.9,30,30,QUIET,59.1,60,0,0,294.3,297,15,0,0,0,30.1,67,30,QUIET,0,0,297,60
69ed63bb8e0b93ff64ea4b6f,ESP32_GREENHOUSE_01,2026-04-26T01:00:43.330Z,15,30.58,30.2,30.9,30.7,67,67,67,67,19.9,25,23,QUIET,59,59,0,0,300.1,303,15,0,0,0,30.7,67,23,QUIET,0,0,303,59
69ed63d98e0b93ff64ea4b70,ESP32_GREENHOUSE_01,2026-04-26T01:01:13.331Z,15,30.48,30,30.9,30.2,67,67,67,67,20.7,30,16,QUIET,59.2,60,0,0,305.9,307,15,0,0,0,30.2,67,16,QUIET,0,0,307,60
69ed63f78e0b93ff64ea4b71,ESP32_GREENHOUSE_01,2026-04-26T01:01:43.330Z,15,30.53,30,30.8,30.8,67,67,67,67,22.9,35,24,QUIET,59,58,0,0,311,314,15,0,0,0,30.8,67,24,QUIET,0,0,314,58
69ed64158e0b93ff64ea4b72,ESP32_GREENHOUSE_01,2026-04-26T01:02:13.345Z,15,30.63,30.2,30.9,30.9,67,67,67,67,23.4,38,32,QUIET,58.7,58,0,0,316.7,319,15,0,0,0,30.9,67,32,QUIET,0,0,319,58
69ed64338e0b93ff64ea4b73,ESP32_GREENHOUSE_01,2026-04-26T01:02:43.347Z,14,30.44,30,30.9,30,67,67,67,67,29.1,49,35,QUIET,59,60,0,0,322,325,14,0,0,0,30,67,35,QUIET,0,0,325,60
69ed64518e0b93ff64ea4b74,ESP32_GREENHOUSE_01,2026-04-26T01:03:13.347Z,15,30.48,30,30.7,30.7,67,67,67,67,23.1,31,22,QUIET,59.3,59,0,0,326.9,330,15,0,0,0,30.7,67,22,QUIET,0,0,330,59
69ed646f8e0b93ff64ea4b75,ESP32_GREENHOUSE_01,2026-04-26T01:03:43.355Z,15,30.5,30,30.9,30.7,67,67,67,67,34.9,66,26,QUIET,58.5,58,0,0,331.9,334,15,0,0,0,30.7,67,26,QUIET,0,0,334,58
69ed648d8e0b93ff64ea4b76,ESP32_GREENHOUSE_01,2026-04-26T01:04:13.371Z,15,30.57,30,30.9,30.4,67,67,67,67,20.7,30,17,QUIET,59.1,60,0,0,336.5,338,15,0,0,0,30.4,67,17,QUIET,0,0,338,60
69ed64ab8e0b93ff64ea4b77,ESP32_GREENHOUSE_01,2026-04-26T01:04:43.382Z,15,30.31,30,30.6,30.5,67,67,67,67,19.8,25,24,QUIET,59.8,59,0,0,341,343,15,0,0,0,30.5,67,24,QUIET,0,0,343,59
69ed64c98e0b93ff64ea4b78,ESP32_GREENHOUSE_01,2026-04-26T01:05:13.387Z,15,30.53,30,30.9,30.9,67,67,67,67,23.1,29,24,QUIET,58.9,58,0,0,346.7,350,15,0,0,0,30.9,67,24,QUIET,0,0,350,58
69ed64e78e0b93ff64ea4b79,ESP32_GREENHOUSE_01,2026-04-26T01:05:43.389Z,15,30.39,30,30.8,30.8,67,67,67,67,24.9,32,31,QUIET,59.3,58,0,0,351.5,354,15,0,0,0,30.8,67,31,QUIET,0,0,354,58
69ed65058e0b93ff64ea4b7a,ESP32_GREENHOUSE_01,2026-04-26T01:06:13.401Z,14,30.5,30,30.9,30.9,67,67,67,67,28.9,54,20,QUIET,58.9,58,0,0,356.3,358,14,0,0,0,30.9,67,20,QUIET,0,0,358,58
69ed65238e0b93ff64ea4b7b,ESP32_GREENHOUSE_01,2026-04-26T01:06:43.416Z,15,30.56,30.1,30.9,30.2,67,67,67,67,27.7,51,33,QUIET,58.8,60,0,0,363.1,366,15,0,0,0,30.2,67,33,QUIET,0,0,366,60
69ed65418e0b93ff64ea4b7c,ESP32_GREENHOUSE_01,2026-04-26T01:07:13.430Z,15,30.51,30.1,30.9,30.1,67,67,67,67,30.3,40,29,QUIET,58.8,60,0,0,369.6,372,15,0,0,0,30.1,67,29,QUIET,0,0,372,60
69ed655f8e0b93ff64ea4b7d,ESP32_GREENHOUSE_01,2026-04-26T01:07:43.431Z,15,30.47,30,30.9,30.7,67,67,67,67,23.4,35,21,QUIET,59.3,59,0,0,376.3,379,15,0,0,0,30.7,67,21,QUIET,0,0,379,59
69ed657d8e0b93ff64ea4b7e,ESP32_GREENHOUSE_01,2026-04-26T01:08:13.440Z,15,30.44,30,30.9,30.1,67,67,67,67,20.2,24,23,QUIET,59.3,60,0,0,384.1,389,15,0,0,0,30.1,67,23,QUIET,0,0,389,60
69ed659b8e0b93ff64ea4b7f,ESP32_GREENHOUSE_01,2026-04-26T01:08:43.447Z,15,30.57,30.1,30.9,30.7,67,67,67,67,21.5,30,20,QUIET,58.9,59,0,0,392.6,397,15,0,0,0,30.7,67,20,QUIET,0,0,397,59
69ed65b98e0b93ff64ea4b80,ESP32_GREENHOUSE_01,2026-04-26T01:09:13.450Z,15,30.41,30,30.9,30.2,67,67,67,67,21.5,33,22,QUIET,59.4,60,0,0,401.4,405,15,0,0,0,30.2,67,22,QUIET,0,0,405,60
69ed65d78e0b93ff64ea4b81,ESP32_GREENHOUSE_01,2026-04-26T01:09:43.460Z,15,30.51,30,30.9,30.6,67,67,67,67,22.8,43,30,QUIET,59.2,59,0,0,409.3,412,15,0,0,0,30.6,67,30,QUIET,0,0,412,59
69ed65f58e0b93ff64ea4b82,ESP32_GREENHOUSE_01,2026-04-26T01:10:13.473Z,14,30.56,30,30.9,30.4,67,67,67,67,23.7,35,22,QUIET,58.8,59,0,0,416.8,420,14,0,0,0,30.4,67,22,QUIET,0,0,420,59
69ed66138e0b93ff64ea4b83,ESP32_GREENHOUSE_01,2026-04-26T01:10:43.486Z,15,30.39,30,30.9,30.7,67,67,67,67,21.3,29,20,QUIET,59.6,59,0,0,423.7,427,15,0,0,0,30.7,67,20,QUIET,0,0,427,59
69ed66318e0b93ff64ea4b84,ESP32_GREENHOUSE_01,2026-04-26T01:11:13.500Z,15,30.41,30,30.9,30.9,67,67,67,67,28.1,52,42,QUIET,58.9,57,0,0,430.7,434,15,0,0,0,30.9,67,42,QUIET,0,0,434,57
69ed664f8e0b93ff64ea4b85,ESP32_GREENHOUSE_01,2026-04-26T01:11:43.511Z,15,30.4,30,30.8,30.1,66.87,66,67,67,24.5,34,25,QUIET,59.4,60,0,0,437,439,15,0,0,0,30.1,67,25,QUIET,0,0,439,60
69ed666d8e0b93ff64ea4b86,ESP32_GREENHOUSE_01,2026-04-26T01:12:13.526Z,15,30.25,30.1,30.6,30.5,66.8,66,67,66,27.2,39,23,QUIET,59.6,60,0,0,443.4,447,15,0,0,0,30.5,66,23,QUIET,0,0,447,60
69ed668b8e0b93ff64ea4b87,ESP32_GREENHOUSE_01,2026-04-26T01:12:43.532Z,15,30.48,30,30.9,30.1,66.67,66,67,67,20.1,28,24,QUIET,59.5,60,0,0,448.9,451,15,0,0,0,30.1,67,24,QUIET,0,0,451,60
69ed66a98e0b93ff64ea4b88,ESP32_GREENHOUSE_01,2026-04-26T01:13:13.546Z,15,30.43,30,30.9,30.2,66.6,66,67,66,26.2,66,20,QUIET,59.3,61,0,0,453.8,457,15,0,0,0,30.2,66,20,QUIET,0,0,457,61
69ed66c78e0b93ff64ea4b89,ESP32_GREENHOUSE_01,2026-04-26T01:13:43.556Z,15,30.35,30,30.8,30.4,66,66,66,66,20.2,33,21,QUIET,60.2,60,0,0,458.5,461,15,0,0,0,30.4,66,21,QUIET,0,0,461,60
69ed66e58e0b93ff64ea4b8a,ESP32_GREENHOUSE_01,2026-04-26T01:14:13.558Z,14,30.24,30,30.7,30.3,66,66,66,66,20.6,29,21,QUIET,60.4,60,0,0,462.7,465,14,0,0,0,30.3,66,21,QUIET,0,0,465,60
69ed67038e0b93ff64ea4b8b,ESP32_GREENHOUSE_01,2026-04-26T01:14:43.574Z,15,30.45,30,30.8,30.8,66.07,66,67,66,25.9,36,24,QUIET,59.6,59,0,0,467.5,469,15,0,0,0,30.8,66,24,QUIET,0,0,469,59
69ed67218e0b93ff64ea4b8c,ESP32_GREENHOUSE_01,2026-04-26T01:15:13.587Z,15,30.4,30,30.8,30.5,66,66,66,66,29.5,43,22,QUIET,59.8,60,0,0,470.7,473,15,0,0,0,30.5,66,22,QUIET,0,0,473,60
69ed673f8e0b93ff64ea4b8d,ESP32_GREENHOUSE_01,2026-04-26T01:15:43.598Z,15,30.41,30,30.9,30.3,66,66,66,66,23.7,42,18,QUIET,59.8,60,0,0,474.7,477,15,0,0,0,30.3,66,18,QUIET,0,0,477,60
69ed675d8e0b93ff64ea4b8e,ESP32_GREENHOUSE_01,2026-04-26T01:16:13.604Z,15,30.54,30.1,30.9,30.4,66,66,66,66,20.9,26,23,QUIET,59.7,60,0,0,478.7,480,15,0,0,0,30.4,66,23,QUIET,0,0,480,60
69ed677b8e0b93ff64ea4b8f,ESP32_GREENHOUSE_01,2026-04-26T01:16:43.614Z,15,30.35,30,30.7,30.4,66,66,66,66,24.7,39,25,QUIET,60.1,60,0,0,482.6,484,15,0,0,0,30.4,66,25,QUIET,0,0,484,60
69ed67998e0b93ff64ea4b90,ESP32_GREENHOUSE_01,2026-04-26T01:17:13.626Z,15,30.41,30,30.8,30.7,66,66,66,66,21.7,30,30,QUIET,60,59,0,0,486.5,488,15,0,0,0,30.7,66,30,QUIET,0,0,488,59
69ed67b78e0b93ff64ea4b91,ESP32_GREENHOUSE_01,2026-04-26T01:17:43.639Z,15,30.56,30.2,30.9,30.4,66,66,66,66,35.5,58,19,QUIET,59,60,0,0,490.1,492,15,0,0,0,30.4,66,19,QUIET,0,0,492,60
69ed67d58e0b93ff64ea4b92,ESP32_GREENHOUSE_01,2026-04-26T01:18:13.652Z,14,30.35,30,30.9,30.3,66,66,66,66,19.8,29,19,QUIET,60.2,60,0,0,492.8,495,14,0,0,0,30.3,66,19,QUIET,0,0,495,60
69ed67f38e0b93ff64ea4b93,ESP32_GREENHOUSE_01,2026-04-26T01:18:43.661Z,15,30.4,30,30.9,30.1,66,66,66,66,22,29,21,QUIET,60,61,0,0,496,498,15,0,0,0,30.1,66,21,QUIET,0,0,498,61
69ed68118e0b93ff64ea4b94,ESP32_GREENHOUSE_01,2026-04-26T01:19:13.666Z,15,30.49,30,30.9,30.8,66,66,66,66,22.4,30,14,QUIET,59.9,59,0,0,499.1,501,15,0,0,0,30.8,66,14,QUIET,0,0,501,59
69ed682f8e0b93ff64ea4b95,ESP32_GREENHOUSE_01,2026-04-26T01:19:43.674Z,15,30.47,30.1,30.8,30.1,66,66,66,66,20.5,27,17,QUIET,59.8,61,0,0,501.3,502,15,0,0,0,30.1,66,17,QUIET,0,0,502,61
69ed684d8e0b93ff64ea4b96,ESP32_GREENHOUSE_01,2026-04-26T01:20:13.687Z,15,30.5,30,30.8,30.2,66,66,66,66,26.3,42,21,QUIET,59.5,61,0,0,503.7,505,15,0,0,0,30.2,66,21,QUIET,0,0,505,61
69ed686b8e0b93ff64ea4b97,ESP32_GREENHOUSE_01,2026-04-26T01:20:43.699Z,15,30.59,30,30.9,30.3,66,66,66,66,24.6,35,25,QUIET,59.5,60,0,0,506.9,508,15,0,0,0,30.3,66,25,QUIET,0,0,508,60
69ed68898e0b93ff64ea4b98,ESP32_GREENHOUSE_01,2026-04-26T01:21:13.703Z,15,30.56,30,30.9,30.6,66,66,66,66,20.5,26,21,QUIET,59.6,59,0,0,508.8,509,15,0,0,0,30.6,66,21,QUIET,0,0,509,59
69ed68a78e0b93ff64ea4b99,ESP32_GREENHOUSE_01,2026-04-26T01:21:43.704Z,14,30.53,30,30.9,30.3,66,66,66,66,39.4,54,36,QUIET,58.9,60,0,0,510.1,511,14,0,0,0,30.3,66,36,QUIET,0,0,511,60
69ed68c58e0b93ff64ea4b9a,ESP32_GREENHOUSE_01,2026-04-26T01:22:13.718Z,15,30.31,30,30.9,30.3,65.87,65,66,66,26.4,41,26,QUIET,60.1,60,0,0,511.6,513,15,0,0,0,30.3,66,26,QUIET,0,0,513,60
69ed68e38e0b93ff64ea4b9b,ESP32_GREENHOUSE_01,2026-04-26T01:22:43.718Z,15,30.52,30.1,30.9,30.2,66,66,66,66,20.3,26,15,QUIET,59.9,61,0,0,513.8,515,15,0,0,0,30.2,66,15,QUIET,0,0,515,61
69ed69018e0b93ff64ea4b9c,ESP32_GREENHOUSE_01,2026-04-26T01:23:13.731Z,15,30.53,30,30.9,30,66,66,66,66,35.6,71,36,QUIET,59.1,61,0,0,515.4,515,15,0,0,0,30,66,36,QUIET,0,0,515,61
69ed691f8e0b93ff64ea4b9d,ESP32_GREENHOUSE_01,2026-04-26T01:23:43.740Z,15,30.45,30.1,30.9,30.9,66,66,66,66,36.9,67,21,QUIET,59.3,59,0,0,516.4,518,15,0,0,0,30.9,66,21,QUIET,0,0,518,59
69ed693d8e0b93ff64ea4b9e,ESP32_GREENHOUSE_01,2026-04-26T01:24:13.750Z,15,30.65,30.2,30.8,30.2,66,66,66,66,26.7,47,47,QUIET,59.1,60,0,0,518,520,15,0,0,0,30.2,66,47,QUIET,0,0,520,60
69ed695b8e0b93ff64ea4b9f,ESP32_GREENHOUSE_01,2026-04-26T01:24:43.751Z,15,30.41,30,30.9,30.4,66,66,66,66,39.3,54,39,QUIET,59.4,59,0,0,520.2,522,15,0,0,0,30.4,66,39,QUIET,0,0,522,59
69ed69798e0b93ff64ea4ba0,ESP32_GREENHOUSE_01,2026-04-26T01:25:13.757Z,15,30.45,30,30.9,30.4,66,66,66,66,24.4,39,22,QUIET,59.7,60,0,0,521.5,522,15,0,0,0,30.4,66,22,QUIET,0,0,522,60
69ed69978e0b93ff64ea4ba1,ESP32_GREENHOUSE_01,2026-04-26T01:25:43.768Z,14,30.46,30,30.9,30.1,65.57,65,66,65,24.1,34,34,QUIET,60,61,0,0,523.1,524,14,0,0,0,30.1,65,34,QUIET,0,0,524,61
69ed69b58e0b93ff64ea4ba2,ESP32_GREENHOUSE_01,2026-04-26T01:26:13.776Z,15,30.31,30,30.6,30.2,65.13,65,66,65,25.2,36,29,QUIET,60.6,61,0,0,525.5,527,15,0,0,0,30.2,65,29,QUIET,0,0,527,61
69ed69d38e0b93ff64ea4ba3,ESP32_GREENHOUSE_01,2026-04-26T01:26:43.778Z,15,30.26,30,30.8,30,65.2,65,66,66,25.1,33,33,QUIET,60.9,61,0,0,526.5,527,15,0,0,0,30,66,33,QUIET,0,0,527,61
69ed69f18e0b93ff64ea4ba4,ESP32_GREENHOUSE_01,2026-04-26T01:27:13.791Z,15,31.05,30.1,31.8,31.5,65.13,65,66,65,37.4,61,27,QUIET,58.2,57,0,0,527.3,527,15,0,0,0,31.5,65,27,QUIET,0,0,527,57
69ed6a0f8e0b93ff64ea4ba5,ESP32_GREENHOUSE_01,2026-04-26T01:27:43.805Z,15,31.4,31,31.9,31,65,65,65,65,37,61,34,QUIET,57.3,58,0,0,528.5,529,15,0,0,0,31,65,34,QUIET,0,0,529,58
69ed6a2d8e0b93ff64ea4ba6,ESP32_GREENHOUSE_01,2026-04-26T01:28:13.808Z,15,31.29,31,31.9,31,65,65,65,65,33.1,56,38,QUIET,57.5,58,0,0,529.7,530,15,0,0,0,31,65,38,QUIET,0,0,530,58
69ed6a4b8e0b93ff64ea4ba7,ESP32_GREENHOUSE_01,2026-04-26T01:28:43.820Z,15,31.36,31,31.9,31,64.87,64,65,64,26.8,44,26,QUIET,57.9,59,0,0,530.5,531,15,0,0,0,31,64,26,QUIET,0,0,531,59
69ed6a698e0b93ff64ea4ba8,ESP32_GREENHOUSE_01,2026-04-26T01:29:13.822Z,14,31.46,31,31.9,31.9,64.79,64,65,65,31,43,34,QUIET,57.6,56,0,0,532,533,14,0,0,0,31.9,65,34,QUIET,0,0,533,56
69ed6a878e0b93ff64ea4ba9,ESP32_GREENHOUSE_01,2026-04-26T01:29:43.831Z,15,31.48,31,31.9,31.2,64.87,64,65,65,34.4,68,26,QUIET,57.2,58,0,0,533.3,533,15,0,0,0,31.2,65,26,QUIET,0,0,533,58
69ed6aa58e0b93ff64ea4baa,ESP32_GREENHOUSE_01,2026-04-26T01:30:13.833Z,15,31.41,31.1,31.7,31.7,64.73,64,65,64,35.6,71,36,QUIET,57.5,57,0,0,533.9,535,15,0,0,0,31.7,64,36,QUIET,0,0,535,57
69ed6ac38e0b93ff64ea4bab,ESP32_GREENHOUSE_01,2026-04-26T01:30:43.844Z,15,31.51,31,31.9,31.9,64.4,64,65,64,24.7,44,17,QUIET,57.9,57,0,0,535.7,536,15,0,0,0,31.9,64,17,QUIET,0,0,536,57
69ed6ae18e0b93ff64ea4bac,ESP32_GREENHOUSE_01,2026-04-26T01:31:13.852Z,15,31.59,31,31.9,31.7,64.4,64,65,65,33.4,52,52,QUIET,57.3,56,0,0,537.3,538,15,0,0,0,31.7,65,52,QUIET,0,0,538,56
69ed6aff8e0b93ff64ea4bad,ESP32_GREENHOUSE_01,2026-04-26T01:31:43.862Z,15,31.5,31.1,31.9,31.7,64.33,64,65,65,40.3,81,28,QUIET,57.2,57,0,0,538.5,539,15,0,0,0,31.7,65,28,QUIET,0,0,539,57
69ed6b1d8e0b93ff64ea4bae,ESP32_GREENHOUSE_01,2026-04-26T01:32:13.863Z,15,31.41,31,31.9,31.4,64,64,64,64,24.4,32,23,QUIET,58.3,58,0,0,539.4,540,15,0,0,0,31.4,64,23,QUIET,0,0,540,58
69ed6b3b8e0b93ff64ea4baf,ESP32_GREENHOUSE_01,2026-04-26T01:32:43.874Z,15,31.41,31,31.8,31.5,64,64,64,64,31.7,43,31,QUIET,58,58,0,0,540.1,540,15,0,0,0,31.5,64,31,QUIET,0,0,540,58
69ed6b598e0b93ff64ea4bb0,ESP32_GREENHOUSE_01,2026-04-26T01:33:13.882Z,14,31.45,31.1,31.9,31.6,64,64,64,64,28.2,40,40,QUIET,57.9,57,0,0,541.7,542,14,0,0,0,31.6,64,40,QUIET,0,0,542,57
69ed6b778e0b93ff64ea4bb1,ESP32_GREENHOUSE_01,2026-04-26T01:33:43.883Z,15,31.49,31.1,31.9,31.8,64,64,64,64,26.9,47,47,QUIET,57.9,56,0,0,543.4,544,15,0,0,0,31.8,64,47,QUIET,0,0,544,56
69ed6b958e0b93ff64ea4bb2,ESP32_GREENHOUSE_01,2026-04-26T01:34:13.884Z,15,31.51,31,31.9,31.4,64,64,64,64,27.5,45,23,QUIET,57.8,58,0,0,543.6,544,15,0,0,0,31.4,64,23,QUIET,0,0,544,58
69ed6bb38e0b93ff64ea4bb3,ESP32_GREENHOUSE_01,2026-04-26T01:34:43.890Z,15,31.48,31,31.9,31,64,64,64,64,21.3,31,31,QUIET,58.3,59,0,0,544.5,545,15,0,0,0,31,64,31,QUIET,0,0,545,59
69ed6bd18e0b93ff64ea4bb4,ESP32_GREENHOUSE_01,2026-04-26T01:35:13.895Z,15,31.57,31.1,31.9,31.1,64,64,64,64,26.3,35,26,QUIET,57.9,59,0,0,544.9,545,15,0,0,0,31.1,64,26,QUIET,0,0,545,59
69ed6bef8e0b93ff64ea4bb5,ESP32_GREENHOUSE_01,2026-04-26T01:35:43.909Z,15,31.47,31.1,31.9,31.7,64,64,64,64,29.7,48,22,QUIET,57.9,58,0,0,545.9,546,15,0,0,0,31.7,64,22,QUIET,0,0,546,58
69ed6c0d8e0b93ff64ea4bb6,ESP32_GREENHOUSE_01,2026-04-26T01:36:13.915Z,15,31.5,31.1,31.9,31.1,64,64,64,64,28.1,46,15,QUIET,57.9,60,0,0,545.7,545,15,0,0,0,31.1,64,15,QUIET,0,0,545,60
69ed6c2b8e0b93ff64ea4bb7,ESP32_GREENHOUSE_01,2026-04-26T01:36:43.919Z,15,31.39,31,31.7,31.7,64,64,64,64,24.3,38,38,QUIET,58.4,57,0,0,545.9,547,15,0,0,0,31.7,64,38,QUIET,0,0,547,57
69ed6c498e0b93ff64ea4bb8,ESP32_GREENHOUSE_01,2026-04-26T01:37:13.933Z,14,31.47,31,31.9,31.9,64,64,64,64,33.9,44,44,QUIET,57.9,56,0,0,547.2,547,14,0,0,0,31.9,64,44,QUIET,0,0,547,56
69ed6c678e0b93ff64ea4bb9,ESP32_GREENHOUSE_01,2026-04-26T01:37:43.943Z,15,31.37,31,31.9,31,64,64,64,64,32.7,59,24,QUIET,58.1,60,0,0,547.6,547,15,0,0,0,31,64,24,QUIET,0,0,547,60
69ed6c858e0b93ff64ea4bba,ESP32_GREENHOUSE_01,2026-04-26T01:38:13.954Z,15,31.57,31.2,31.9,31.4,64,64,64,64,23.3,30,26,QUIET,57.9,58,0,0,547.2,549,15,0,0,0,31.4,64,26,QUIET,0,0,549,58
69ed6ca38e0b93ff64ea4bbb,ESP32_GREENHOUSE_01,2026-04-26T01:38:43.964Z,15,31.59,31,31.9,31.7,64,64,64,64,26.2,40,20,QUIET,57.7,58,0,0,548.2,549,15,0,0,0,31.7,64,20,QUIET,0,0,549,58
69ed6cc18e0b93ff64ea4bbc,ESP32_GREENHOUSE_01,2026-04-26T01:39:13.970Z,15,31.4,31,31.9,31.3,63.53,63,64,64,26.3,32,22,QUIET,58.6,59,0,0,548.9,549,15,0,0,0,31.3,64,22,QUIET,0,0,549,59
69ed6cdf8e0b93ff64ea4bbd,ESP32_GREENHOUSE_01,2026-04-26T01:39:43.977Z,15,31.49,31,31.9,31.9,63.27,63,64,63,27.5,35,31,QUIET,58.5,57,0,0,549.9,550,15,0,0,0,31.9,63,31,QUIET,0,0,550,57
69ed6cfd8e0b93ff64ea4bbe,ESP32_GREENHOUSE_01,2026-04-26T01:40:13.981Z,15,31.38,31,31.9,31.7,63,63,63,63,25.7,36,28,QUIET,59,58,0,0,550.9,552,15,0,0,0,31.7,63,28,QUIET,0,0,552,58
69ed6d1b8e0b93ff64ea4bbf,ESP32_GREENHOUSE_01,2026-04-26T01:40:43.983Z,14,31.48,31,31.9,31.3,63,63,63,63,28.1,42,28,QUIET,58.6,59,0,0,551.2,551,14,0,0,0,31.3,63,28,QUIET,0,0,551,59
69ed6d398e0b93ff64ea4bc0,ESP32_GREENHOUSE_01,2026-04-26T01:41:13.995Z,15,31.49,31,31.8,31.7,63,63,63,63,27.1,41,31,QUIET,58.6,58,0,0,551.9,552,15,0,0,0,31.7,63,31,QUIET,0,0,552,58
69ed6d578e0b93ff64ea4bc1,ESP32_GREENHOUSE_01,2026-04-26T01:41:43.996Z,15,31.39,31,31.9,31.7,63,63,63,63,25.5,33,22,QUIET,58.9,58,0,0,551.9,551,15,0,0,0,31.7,63,22,QUIET,0,0,551,58
69ed6d758e0b93ff64ea4bc2,ESP32_GREENHOUSE_01,2026-04-26T01:42:13.996Z,15,31.45,31,31.8,31.8,62.8,62,63,63,26.2,36,26,QUIET,58.9,58,0,0,552.1,553,15,0,0,0,31.8,63,26,QUIET,0,0,553,58
69ed6d938e0b93ff64ea4bc3,ESP32_GREENHOUSE_01,2026-04-26T01:42:43.998Z,15,31.47,31,31.8,31.2,63,63,63,63,25.8,42,20,QUIET,58.8,60,0,0,552.7,552,15,0,0,0,31.2,63,20,QUIET,0,0,552,60
69ed6db28e0b93ff64ea4bc4,ESP32_GREENHOUSE_01,2026-04-26T01:43:14.006Z,15,31.48,31,31.9,31.6,62.8,62,63,63,22,31,22,QUIET,59,59,0,0,551.8,553,15,0,0,0,31.6,63,22,QUIET,0,0,553,59
69ed6dd08e0b93ff64ea4bc5,ESP32_GREENHOUSE_01,2026-04-26T01:43:44.005Z,15,31.37,31,31.9,31.6,62.33,62,63,62,26,36,18,QUIET,59.5,59,0,0,553.3,554,15,0,0,0,31.6,62,18,QUIET,0,0,554,59
69ed6dee8e0b93ff64ea4bc6,ESP32_GREENHOUSE_01,2026-04-26T01:44:14.011Z,15,31.49,31,31.9,31.7,62,62,62,62,26.1,35,29,QUIET,59.3,59,0,0,553.2,553,15,0,0,0,31.7,62,29,QUIET,0,0,553,59
69ed6e0c8e0b93ff64ea4bc7,ESP32_GREENHOUSE_01,2026-04-26T01:44:44.019Z,14,31.56,31.1,31.9,31.9,62,62,62,62,41.1,69,49,QUIET,58.4,57,0,0,552.9,554,14,0,0,0,31.9,62,49,QUIET,0,0,554,57
69ed6e2a8e0b93ff64ea4bc8,ESP32_GREENHOUSE_01,2026-04-26T01:45:14.028Z,15,31.57,31,31.9,31.8,62,62,62,62,32.1,49,28,QUIET,58.9,58,0,0,553.5,553,15,0,0,0,31.8,62,28,QUIET,0,0,553,58
69ed6e488e0b93ff64ea4bc9,ESP32_GREENHOUSE_01,2026-04-26T01:45:44.032Z,15,31.31,31,31.9,31.1,62,62,62,62,31.5,48,17,QUIET,59.7,61,0,0,553.9,554,15,0,0,0,31.1,62,17,QUIET,0,0,554,61
69ed6e668e0b93ff64ea4bca,ESP32_GREENHOUSE_01,2026-04-26T01:46:14.032Z,15,31.4,31,31.9,31.2,62,62,62,62,26.4,38,24,QUIET,59.5,60,0,0,554.3,555,15,0,0,0,31.2,62,24,QUIET,0,0,555,60
69ed6e848e0b93ff64ea4bcb,ESP32_GREENHOUSE_01,2026-04-26T01:46:44.033Z,15,31.57,31.1,31.9,31.7,61.73,61,62,62,24.9,35,28,QUIET,59.3,59,0,0,554.7,555,15,0,0,0,31.7,62,28,QUIET,0,0,555,59
69ed6ea28e0b93ff64ea4bcc,ESP32_GREENHOUSE_01,2026-04-26T01:47:14.045Z,15,31.35,31,31.8,31.7,61.6,61,62,62,26.3,34,22,QUIET,60.1,59,0,0,554.7,555,15,0,0,0,31.7,62,22,QUIET,0,0,555,59
69ed6ec08e0b93ff64ea4bcd,ESP32_GREENHOUSE_01,2026-04-26T01:47:44.045Z,15,31.47,31,31.9,31.7,61.47,61,62,62,44.9,79,65,QUIET,58.9,57,0,0,554.5,555,15,0,0,0,31.7,62,65,QUIET,0,0,555,57
69ed6ede8e0b93ff64ea4bce,ESP32_GREENHOUSE_01,2026-04-26T01:48:14.056Z,14,31.49,31,31.9,31.8,62,62,62,62,39.1,148,22,QUIET,58.9,59,0,0,554.9,555,14,0,0,0,31.8,62,22,QUIET,0,0,555,59
69ed6efc8e0b93ff64ea4bcf,ESP32_GREENHOUSE_01,2026-04-26T01:48:44.066Z,15,31.43,31,31.9,31.9,61.53,61,62,61,28.2,40,19,QUIET,59.7,59,0,0,555.3,555,15,0,0,0,31.9,61,19,QUIET,0,0,555,59
69ed6f1a8e0b93ff64ea4bd0,ESP32_GREENHOUSE_01,2026-04-26T01:49:14.071Z,15,31.5,31.1,31.9,31.3,61,61,61,61,35.4,64,19,QUIET,59.5,61,0,0,554.9,556,15,0,0,0,31.3,61,19,QUIET,0,0,556,61
69ed6f388e0b93ff64ea4bd1,ESP32_GREENHOUSE_01,2026-04-26T01:49:44.078Z,15,31.39,31,31.9,31.2,61,61,61,61,24.7,33,27,QUIET,60.3,61,0,0,556,556,15,0,0,0,31.2,61,27,QUIET,0,0,556,61
69ed6f568e0b93ff64ea4bd2,ESP32_GREENHOUSE_01,2026-04-26T01:50:14.093Z,15,31.35,31,31.9,31.4,61,61,61,61,24.9,35,19,QUIET,60.5,60,0,0,556.1,556,15,0,0,0,31.4,61,19,QUIET,0,0,556,60
69ed6f748e0b93ff64ea4bd3,ESP32_GREENHOUSE_01,2026-04-26T01:50:44.097Z,15,31.34,31,31.9,31.3,61,61,61,61,22.2,30,22,QUIET,60.5,61,0,0,555.9,557,15,0,0,0,31.3,61,22,QUIET,0,0,557,61
69ed6f928e0b93ff64ea4bd4,ESP32_GREENHOUSE_01,2026-04-26T01:51:14.111Z,15,31.33,31,31.9,31.3,61,61,61,61,22.3,29,29,QUIET,60.5,60,0,0,556.6,557,15,0,0,0,31.3,61,29,QUIET,0,0,557,60
69ed6fb08e0b93ff64ea4bd5,ESP32_GREENHOUSE_01,2026-04-26T01:51:44.117Z,15,31.51,31,31.9,31.5,60.67,60,61,60,26.3,37,25,QUIET,60.1,61,0,0,556.2,556,15,0,0,0,31.5,60,25,QUIET,0,0,556,61
69ed6fce8e0b93ff64ea4bd6,ESP32_GREENHOUSE_01,2026-04-26T01:52:14.127Z,14,31.46,31,31.9,31.3,60,60,60,60,33.5,50,47,QUIET,60.3,60,0,0,556.4,556,14,0,0,0,31.3,60,47,QUIET,0,0,556,60
69ed6fec8e0b93ff64ea4bd7,ESP32_GREENHOUSE_01,2026-04-26T01:52:44.139Z,15,31.43,31,32.7,31.3,60,59,61,60,35.6,46,43,QUIET,60.3,60,0,0,557.1,557,15,0,0,0,31.3,60,43,QUIET,0,0,557,60
69ed700a8e0b93ff64ea4bd8,ESP32_GREENHOUSE_01,2026-04-26T01:53:14.143Z,15,32.45,32,32.8,32.6,59,59,59,59,26.1,37,37,QUIET,58.6,58,0,0,556.7,557,15,0,0,0,32.6,59,37,QUIET,0,0,557,58
69ed70288e0b93ff64ea4bd9,ESP32_GREENHOUSE_01,2026-04-26T01:53:44.155Z,15,32.44,32,32.9,32,59,59,59,59,26.1,33,23,QUIET,58.6,60,0,0,555.1,556,15,0,0,0,32,59,23,QUIET,0,0,556,60
69ed70468e0b93ff64ea4bda,ESP32_GREENHOUSE_01,2026-04-26T01:54:14.169Z,15,32.53,32,32.8,32.5,60,60,60,60,51.5,76,59,QUIET,56.9,56,0,0,555.5,554,15,0,0,0,32.5,60,59,QUIET,0,0,554,56
69ed70648e0b93ff64ea4bdb,ESP32_GREENHOUSE_01,2026-04-26T01:54:44.179Z,15,32.31,32,32.7,32,60,60,60,60,47.3,72,37,QUIET,57.6,59,0,0,554.7,556,15,0,0,0,32,60,37,QUIET,0,0,556,59
69ed70828e0b93ff64ea4bdc,ESP32_GREENHOUSE_01,2026-04-26T01:55:14.181Z,15,32.61,32,32.9,32.6,60,60,60,60,29.6,41,26,QUIET,57.9,58,0,0,555,556,15,0,0,0,32.6,60,26,QUIET,0,0,556,58
69ed70a08e0b93ff64ea4bdd,ESP32_GREENHOUSE_01,2026-04-26T01:55:44.190Z,15,32.44,32,32.9,32.6,59.8,59,60,59,24.7,35,28,QUIET,58.3,58,0,0,554.5,553,15,0,0,0,32.6,59,28,QUIET,0,0,553,58
69ed70be8e0b93ff64ea4bde,ESP32_GREENHOUSE_01,2026-04-26T01:56:14.191Z,14,32.44,32,32.9,32.8,59.29,59,60,60,46.7,191,33,QUIET,57.8,57,0,0,547.5,554,14,0,0,0,32.8,60,33,QUIET,0,0,554,57
69ed70dc8e0b93ff64ea4bdf,ESP32_GREENHOUSE_01,2026-04-26T01:56:44.195Z,15,32.47,32,32.9,32.5,59.33,59,60,59,30.7,42,37,QUIET,58.2,58,0,0,551,542,15,0,0,0,32.5,59,37,QUIET,0,0,542,58
69ed70fa8e0b93ff64ea4be0,ESP32_GREENHOUSE_01,2026-04-26T01:57:14.208Z,15,32.42,32,32.8,32.8,59.33,59,60,60,43.9,79,40,QUIET,57.9,57,0,0,550.5,555,15,0,0,0,32.8,60,40,QUIET,0,0,555,57
69ed71188e0b93ff64ea4be1,ESP32_GREENHOUSE_01,2026-04-26T01:57:44.212Z,15,32.59,32.1,32.9,32.8,59.53,59,60,59,34.3,43,35,QUIET,57.9,58,0,0,553.8,553,15,0,0,0,32.8,59,35,QUIET,0,0,553,58
69ed71368e0b93ff64ea4be2,ESP32_GREENHOUSE_01,2026-04-26T01:58:14.219Z,15,32.38,32,32.9,32,59.4,59,60,60,31.6,46,33,QUIET,58.3,59,0,0,552.9,554,15,0,0,0,32,60,33,QUIET,0,0,554,59
69ed71548e0b93ff64ea4be3,ESP32_GREENHOUSE_01,2026-04-26T01:58:44.234Z,15,32.48,32,32.9,32.5,59.47,59,60,59,29.3,52,21,QUIET,58.4,59,0,0,553.6,554,15,0,0,0,32.5,59,21,QUIET,0,0,554,59
69ed71728e0b93ff64ea4be4,ESP32_GREENHOUSE_01,2026-04-26T01:59:14.241Z,15,32.45,32,32.9,32,59.73,59,60,60,26.9,48,24,QUIET,58.5,59,0,0,552.5,552,15,0,0,0,32,60,24,QUIET,0,0,552,59
69ed71908e0b93ff64ea4be5,ESP32_GREENHOUSE_01,2026-04-26T01:59:44.248Z,14,32.41,32,32.8,32.5,59.21,59,60,59,36.2,56,25,QUIET,58.1,58,0,0,552.6,553,14,0,0,0,32.5,59,25,QUIET,0,0,553,58
69ed71ae8e0b93ff64ea4be6,ESP32_GREENHOUSE_01,2026-04-26T02:00:14.259Z,15,32.49,32,32.9,32.3,59,59,59,59,33.9,61,31,QUIET,58.3,59,0,0,553,553,15,0,0,0,32.3,59,31,QUIET,0,0,553,59
69ed71cc8e0b93ff64ea4be7,ESP32_GREENHOUSE_01,2026-04-26T02:00:44.270Z,15,32.52,32.1,32.9,32.9,59,59,59,59,26,33,27,QUIET,58.5,58,0,0,552.3,553,15,0,0,0,32.9,59,27,QUIET,0,0,553,58
69ed71ea8e0b93ff64ea4be8,ESP32_GREENHOUSE_01,2026-04-26T02:01:14.270Z,15,32.37,32,32.8,32,59,59,59,59,28.3,48,15,QUIET,58.9,60,0,0,552.5,552,15,0,0,0,32,59,15,QUIET,0,0,552,60
69ed72088e0b93ff64ea4be9,ESP32_GREENHOUSE_01,2026-04-26T02:01:44.284Z,15,32.47,32.1,32.9,32.9,59,59,59,59,26.2,35,27,QUIET,58.6,58,0,0,551.8,551,15,0,0,0,32.9,59,27,QUIET,0,0,551,58
69ed72268e0b93ff64ea4bea,ESP32_GREENHOUSE_01,2026-04-26T02:02:14.290Z,15,32.49,32.2,32.9,32.8,59,59,59,59,30.3,42,34,QUIET,58.5,58,0,0,551,551,15,0,0,0,32.8,59,34,QUIET,0,0,551,58
69ed72448e0b93ff64ea4beb,ESP32_GREENHOUSE_01,2026-04-26T02:02:44.292Z,15,32.53,32.3,32.9,32.5,59,59,59,59,36.3,80,61,QUIET,58.1,57,0,0,551.8,552,15,0,0,0,32.5,59,61,QUIET,0,0,552,57
69ed72628e0b93ff64ea4bec,ESP32_GREENHOUSE_01,2026-04-26T02:03:14.292Z,15,32.49,32,32.9,32.9,59,59,59,59,30.3,39,31,QUIET,58.4,58,0,0,551.6,553,15,0,0,0,32.9,59,31,QUIET,0,0,553,58
69ed72808e0b93ff64ea4bed,ESP32_GREENHOUSE_01,2026-04-26T02:03:44.298Z,14,32.45,32.2,32.9,32.3,59,59,59,59,27.7,34,22,QUIET,58.6,59,0,0,551.4,552,14,0,0,0,32.3,59,22,QUIET,0,0,552,59
69ed729e8e0b93ff64ea4bee,ESP32_GREENHOUSE_01,2026-04-26T02:04:14.302Z,15,32.35,32.2,32.8,32.5,59,59,59,59,29.1,40,27,QUIET,58.7,58,0,0,550.7,551,15,0,0,0,32.5,59,27,QUIET,0,0,551,58
69ed72bc8e0b93ff64ea4bef,ESP32_GREENHOUSE_01,2026-04-26T02:04:44.305Z,15,32.59,32,32.9,32.7,59,59,59,59,28.7,45,23,QUIET,58.4,58,0,0,551.6,552,15,0,0,0,32.7,59,23,QUIET,0,0,552,58
69ed72da8e0b93ff64ea4bf0,ESP32_GREENHOUSE_01,2026-04-26T02:05:14.306Z,15,32.59,32.3,32.9,32.6,59,59,59,59,28.3,38,33,QUIET,58.3,58,0,0,551.3,551,15,0,0,0,32.6,59,33,QUIET,0,0,551,58
69ed72f88e0b93ff64ea4bf1,ESP32_GREENHOUSE_01,2026-04-26T02:05:44.319Z,15,32.52,32.2,32.9,32.7,59,59,59,59,31.1,48,31,QUIET,58.3,58,0,0,549.5,549,15,0,0,0,32.7,59,31,QUIET,0,0,549,58
69ed73168e0b93ff64ea4bf2,ESP32_GREENHOUSE_01,2026-04-26T02:06:14.334Z,15,32.47,32,32.8,32.4,59,59,59,59,28,40,27,QUIET,58.5,59,0,0,550.7,551,15,0,0,0,32.4,59,27,QUIET,0,0,551,59
69ed73348e0b93ff64ea4bf3,ESP32_GREENHOUSE_01,2026-04-26T02:06:44.339Z,15,32.52,32.1,32.9,32.5,59,59,59,59,23.3,33,21,QUIET,58.7,59,0,0,549.4,548,15,0,0,0,32.5,59,21,QUIET,0,0,548,59
69ed73528e0b93ff64ea4bf4,ESP32_GREENHOUSE_01,2026-04-26T02:07:14.340Z,14,32.46,32,32.9,32.2,59,59,59,59,27.1,35,27,QUIET,58.6,59,0,0,549.9,548,14,0,0,0,32.2,59,27,QUIET,0,0,548,59
69ed73708e0b93ff64ea4bf5,ESP32_GREENHOUSE_01,2026-04-26T02:07:44.355Z,15,32.48,32,32.9,32,58.2,58,59,58,30.5,55,33,QUIET,59.1,60,0,0,550.5,550,15,0,0,0,32,58,33,QUIET,0,0,550,60
69ed738e8e0b93ff64ea4bf6,ESP32_GREENHOUSE_01,2026-04-26T02:08:14.369Z,15,32.63,32.1,32.9,32.9,58,58,58,58,31.5,58,25,QUIET,59.1,59,0,0,550.7,551,15,0,0,0,32.9,58,25,QUIET,0,0,551,59
69ed73ac8e0b93ff64ea4bf7,ESP32_GREENHOUSE_01,2026-04-26T02:08:44.375Z,15,32.39,32,32.8,32.1,58.13,58,59,59,30.7,52,23,QUIET,59.2,60,0,0,549,550,15,0,0,0,32.1,59,23,QUIET,0,0,550,60
69ed73ca8e0b93ff64ea4bf8,ESP32_GREENHOUSE_01,2026-04-26T02:09:14.385Z,15,32.64,32,32.9,32.9,59,59,59,59,30.8,42,27,QUIET,58.3,58,0,0,550.3,549,15,0,0,0,32.9,59,27,QUIET,0,0,549,58
69ed73e88e0b93ff64ea4bf9,ESP32_GREENHOUSE_01,2026-04-26T02:09:44.389Z,15,32.62,32,32.9,32.8,58.67,58,59,58,35.5,57,38,QUIET,58.5,59,0,0,550.7,551,15,0,0,0,32.8,58,38,QUIET,0,0,551,59
69ed74068e0b93ff64ea4bfa,ESP32_GREENHOUSE_01,2026-04-26T02:10:14.397Z,15,32.44,32,32.9,32.4,58,58,58,58,29.6,43,37,QUIET,59.3,59,0,0,551,551,15,0,0,0,32.4,58,37,QUIET,0,0,551,59
69ed74248e0b93ff64ea4bfb,ESP32_GREENHOUSE_01,2026-04-26T02:10:44.404Z,15,32.34,32,32.9,32.2,58,58,58,58,35.3,78,22,QUIET,59.2,60,0,0,550.8,550,15,0,0,0,32.2,58,22,QUIET,0,0,550,60
69ed74428e0b93ff64ea4bfc,ESP32_GREENHOUSE_01,2026-04-26T02:11:14.418Z,14,32.58,32,32.9,32.7,58,58,58,58,29.1,43,31,QUIET,59.1,59,0,0,550.5,551,14,0,0,0,32.7,58,31,QUIET,0,0,551,59
69ed74608e0b93ff64ea4bfd,ESP32_GREENHOUSE_01,2026-04-26T02:11:44.426Z,15,32.49,32.1,32.8,32.8,58,58,58,58,25.9,31,22,QUIET,59.2,59,0,0,551.6,552,15,0,0,0,32.8,58,22,QUIET,0,0,552,59
69ed747e8e0b93ff64ea4bfe,ESP32_GREENHOUSE_01,2026-04-26T02:12:14.430Z,15,32.42,32,32.9,32,58,58,58,58,24.7,30,29,QUIET,59.5,60,0,0,551.1,550,15,0,0,0,32,58,29,QUIET,0,0,550,60
69ed749c8e0b93ff64ea4bff,ESP32_GREENHOUSE_01,2026-04-26T02:12:44.433Z,15,32.53,32.2,32.9,32.2,58,58,58,58,25.5,39,20,QUIET,59.2,60,0,0,549.5,550,15,0,0,0,32.2,58,20,QUIET,0,0,550,60
69ed74ba8e0b93ff64ea4c00,ESP32_GREENHOUSE_01,2026-04-26T02:13:14.448Z,15,32.53,32,32.9,32.1,58,58,58,58,34.3,56,25,QUIET,59,60,0,0,550.7,550,15,0,0,0,32.1,58,25,QUIET,0,0,550,60
69ed74d88e0b93ff64ea4c01,ESP32_GREENHOUSE_01,2026-04-26T02:13:44.449Z,15,32.39,32,32.9,32.2,58,58,58,58,22.1,26,20,QUIET,59.7,60,0,0,550.3,550,15,0,0,0,32.2,58,20,QUIET,0,0,550,60
69ed74f68e0b93ff64ea4c02,ESP32_GREENHOUSE_01,2026-04-26T02:14:14.449Z,15,32.62,32.1,32.9,32.9,58,58,58,58,29.9,43,18,QUIET,58.9,59,0,0,548.9,549,15,0,0,0,32.9,58,18,QUIET,0,0,549,59
69ed75148e0b93ff64ea4c03,ESP32_GREENHOUSE_01,2026-04-26T02:14:44.450Z,15,32.55,32,32.9,32.8,58,58,58,58,26.1,37,19,QUIET,59.2,59,0,0,548.9,549,15,0,0,0,32.8,58,19,QUIET,0,0,549,59
69ed75328e0b93ff64ea4c04,ESP32_GREENHOUSE_01,2026-04-26T02:15:14.461Z,14,32.46,32,32.9,32.4,58,58,58,58,35.8,77,36,QUIET,59.1,59,0,0,549.1,548,14,0,0,0,32.4,58,36,QUIET,0,0,548,59
69ed75508e0b93ff64ea4c05,ESP32_GREENHOUSE_01,2026-04-26T02:15:44.464Z,15,32.47,32,32.9,32.6,58,58,58,58,29.3,42,26,QUIET,59.2,59,0,0,548.5,548,15,0,0,0,32.6,58,26,QUIET,0,0,548,59
69ed756e8e0b93ff64ea4c06,ESP32_GREENHOUSE_01,2026-04-26T02:16:14.469Z,15,32.48,32,32.9,32.8,58,58,58,58,27.9,39,27,QUIET,59.3,59,0,0,549.1,549,15,0,0,0,32.8,58,27,QUIET,0,0,549,59
69ed758c8e0b93ff64ea4c07,ESP32_GREENHOUSE_01,2026-04-26T02:16:44.483Z,15,32.36,32,32.9,32.1,57.07,57,58,57,33.1,48,23,QUIET,60,61,0,0,549.4,548,15,0,0,0,32.1,57,23,QUIET,0,0,548,61
69ed75aa8e0b93ff64ea4c08,ESP32_GREENHOUSE_01,2026-04-26T02:17:14.495Z,15,32.27,32,32.7,32.1,57,57,57,57,26.5,36,29,QUIET,60.3,61,0,0,549.3,549,15,0,0,0,32.1,57,29,QUIET,0,0,549,61
69ed75c88e0b93ff64ea4c09,ESP32_GREENHOUSE_01,2026-04-26T02:17:44.504Z,15,32.54,32,32.9,32.8,57.53,57,58,58,36.1,46,43,QUIET,59,58,0,0,548.4,550,15,0,0,0,32.8,58,43,QUIET,0,0,550,58
69ed75e68e0b93ff64ea4c0a,ESP32_GREENHOUSE_01,2026-04-26T02:18:14.515Z,15,32.41,32,32.9,32.3,58,58,58,58,36.2,66,41,QUIET,58.9,59,0,0,549.5,548,15,0,0,0,32.3,58,41,QUIET,0,0,548,59
69ed76048e0b93ff64ea4c0b,ESP32_GREENHOUSE_01,2026-04-26T02:18:44.527Z,14,32.5,32.1,32.9,32.1,57.57,57,58,57,29.9,45,45,QUIET,59.4,60,0,0,547.5,547,14,0,0,0,32.1,57,45,QUIET,0,0,547,60
69ed76228e0b93ff64ea4c0c,ESP32_GREENHOUSE_01,2026-04-26T02:19:14.529Z,15,32.33,32,32.6,32.3,57,57,57,57,25.3,33,33,QUIET,60.2,60,0,0,547.3,548,15,0,0,0,32.3,57,33,QUIET,0,0,548,60
69ed76408e0b93ff64ea4c0d,ESP32_GREENHOUSE_01,2026-04-26T02:19:44.539Z,15,32.55,32,32.9,32.8,57,57,57,57,28.5,45,35,QUIET,59.7,59,0,0,548.8,549,15,0,0,0,32.8,57,35,QUIET,0,0,549,59
69ed765e8e0b93ff64ea4c0e,ESP32_GREENHOUSE_01,2026-04-26T02:20:14.539Z,15,32.41,32.1,32.9,32.1,57,57,57,57,39.5,56,29,QUIET,59.4,61,0,0,548.9,548,15,0,0,0,32.1,57,29,QUIET,0,0,548,61
69ed767c8e0b93ff64ea4c0f,ESP32_GREENHOUSE_01,2026-04-26T02:20:44.542Z,15,32.45,32,32.9,32.2,57,57,57,57,31.6,65,27,QUIET,59.7,60,0,0,548.7,548,15,0,0,0,32.2,57,27,QUIET,0,0,548,60
69ed769a8e0b93ff64ea4c10,ESP32_GREENHOUSE_01,2026-04-26T02:21:14.550Z,15,32.3,32.2,32.7,32.7,57,57,57,57,24.2,30,28,QUIET,60.3,60,0,0,548.7,548,15,0,0,0,32.7,57,28,QUIET,0,0,548,60
69ed76b88e0b93ff64ea4c11,ESP32_GREENHOUSE_01,2026-04-26T02:21:44.553Z,15,32.45,32.3,32.8,32.5,57,57,57,57,35.3,56,31,QUIET,59.5,59,0,0,548.8,549,15,0,0,0,32.5,57,31,QUIET,0,0,549,59
69ed76d68e0b93ff64ea4c12,ESP32_GREENHOUSE_01,2026-04-26T02:22:14.568Z,15,32.39,32,32.8,32.2,57,57,57,57,41.2,84,44,QUIET,59.4,60,0,0,548.7,549,15,0,0,0,32.2,57,44,QUIET,0,0,549,60
69ed76f48e0b93ff64ea4c13,ESP32_GREENHOUSE_01,2026-04-26T02:22:44.569Z,14,32.35,32,32.8,32.5,57,57,57,57,44.2,64,36,QUIET,59.4,59,0,0,548.2,547,14,0,0,0,32.5,57,36,QUIET,0,0,547,59
69ed77128e0b93ff64ea4c14,ESP32_GREENHOUSE_01,2026-04-26T02:23:14.577Z,15,32.31,32,32.6,32,57,57,57,57,48.5,92,29,QUIET,59.4,61,0,0,547.6,548,15,0,0,0,32,57,29,QUIET,0,0,548,61
69ed77308e0b93ff64ea4c15,ESP32_GREENHOUSE_01,2026-04-26T02:23:44.578Z,15,32.36,32,32.9,32.5,57,57,57,57,44.1,104,37,QUIET,59.4,59,0,0,547.5,549,15,0,0,0,32.5,57,37,QUIET,0,0,549,59
69ed774e8e0b93ff64ea4c16,ESP32_GREENHOUSE_01,2026-04-26T02:24:14.582Z,15,32.53,32.1,32.9,32.3,57,57,57,57,37.6,66,33,QUIET,59.5,60,0,0,548.7,547,15,0,0,0,32.3,57,33,QUIET,0,0,547,60
69ed776c8e0b93ff64ea4c17,ESP32_GREENHOUSE_01,2026-04-26T02:24:44.589Z,15,32.47,32.1,32.9,32.3,57,57,57,57,33.9,60,26,QUIET,59.6,60,0,0,546.1,548,15,0,0,0,32.3,57,26,QUIET,0,0,548,60
69ed778a8e0b93ff64ea4c18,ESP32_GREENHOUSE_01,2026-04-26T02:25:14.603Z,15,32.36,32.1,32.7,32.3,57,57,57,57,28,42,22,QUIET,60.1,60,0,0,547.4,546,15,0,0,0,32.3,57,22,QUIET,0,0,546,60
69ed77a88e0b93ff64ea4c19,ESP32_GREENHOUSE_01,2026-04-26T02:25:44.604Z,15,32.33,32,32.8,32.8,57,57,57,57,28.9,47,43,QUIET,60.2,59,0,0,546.2,546,15,0,0,0,32.8,57,43,QUIET,0,0,546,59
69ed77c68e0b93ff64ea4c1a,ESP32_GREENHOUSE_01,2026-04-26T02:26:14.616Z,15,32.43,32,32.9,32.3,57,57,57,57,38.5,71,34,QUIET,59.5,60,0,0,547.3,548,15,0,0,0,32.3,57,34,QUIET,0,0,548,60
69ed77e48e0b93ff64ea4c1b,ESP32_GREENHOUSE_01,2026-04-26T02:26:44.630Z,14,32.31,32,32.8,32.2,57,57,57,57,33.4,49,22,QUIET,60.1,61,0,0,547.9,548,14,0,0,0,32.2,57,22,QUIET,0,0,548,61
69ed78028e0b93ff64ea4c1c,ESP32_GREENHOUSE_01,2026-04-26T02:27:14.639Z,15,32.51,32.1,32.9,32.2,57.73,57,58,58,35.3,49,35,QUIET,59.2,59,0,0,547.8,547,15,0,0,0,32.2,58,35,QUIET,0,0,547,59
69ed78208e0b93ff64ea4c1d,ESP32_GREENHOUSE_01,2026-04-26T02:27:44.653Z,15,32.52,32,32.9,32.9,57.8,57,58,57,29.3,43,35,QUIET,59.1,59,0,0,546.1,547,15,0,0,0,32.9,57,35,QUIET,0,0,547,59
69ed783e8e0b93ff64ea4c1e,ESP32_GREENHOUSE_01,2026-04-26T02:28:14.668Z,15,32.33,32,32.7,32.3,57,57,57,57,36.1,54,46,QUIET,59.8,59,0,0,546.2,546,15,0,0,0,32.3,57,46,QUIET,0,0,546,59
69ed785c8e0b93ff64ea4c1f,ESP32_GREENHOUSE_01,2026-04-26T02:28:44.677Z,15,32.32,32.1,32.8,32.3,57,57,57,57,32.5,45,34,QUIET,59.9,60,0,0,544.4,536,15,0,0,0,32.3,57,34,QUIET,0,0,536,60
69ed787a8e0b93ff64ea4c22,ESP32_GREENHOUSE_01,2026-04-26T02:29:14.683Z,15,32.21,32,32.7,32.3,57.4,57,58,58,60.3,219,41,QUIET,58.8,59,7,0,529.7,522,15,0,0,0,32.3,58,41,QUIET,0,0,522,59
69ed78988e0b93ff64ea4c25,ESP32_GREENHOUSE_01,2026-04-26T02:29:44.689Z,15,32.52,32,32.9,32.4,57.93,57,58,58,29.3,41,24,QUIET,59.2,59,6,0,534.7,539,15,0,0,0,32.4,58,24,QUIET,0,0,539,59
69ed78b68e0b93ff64ea4c26,ESP32_GREENHOUSE_01,2026-04-26T02:30:14.698Z,14,32.43,32,32.9,32.5,57.14,57,58,57,32.1,54,54,QUIET,59.7,59,0,0,539.2,539,14,0,0,0,32.5,57,54,QUIET,0,0,539,59
69ed78d48e0b93ff64ea4c27,ESP32_GREENHOUSE_01,2026-04-26T02:30:44.707Z,15,32.27,32,32.8,32.8,57,57,57,57,39.5,55,31,QUIET,59.9,59,0,0,544.7,546,15,0,0,0,32.8,57,31,QUIET,0,0,546,59
69ed78f28e0b93ff64ea4c28,ESP32_GREENHOUSE_01,2026-04-26T02:31:14.715Z,15,32.41,32.1,32.9,32.9,57,57,57,57,36.1,47,40,QUIET,59.7,59,0,0,546.3,546,15,0,0,0,32.9,57,40,QUIET,0,0,546,59
69ed79108e0b93ff64ea4c2b,ESP32_GREENHOUSE_01,2026-04-26T02:31:44.726Z,15,32.45,32,32.9,32.8,56.6,56,57,57,42.6,103,23,QUIET,59.6,60,4,0,541.9,544,15,0,0,0,32.8,57,23,QUIET,0,0,544,60
69ed792e8e0b93ff64ea4c2c,ESP32_GREENHOUSE_01,2026-04-26T02:32:14.736Z,15,32.47,32,32.9,32,57,57,57,57,31.6,39,29,QUIET,59.7,61,0,0,544.7,546,15,0,0,0,32,57,29,QUIET,0,0,546,61
69ed794c8e0b93ff64ea4c2d,ESP32_GREENHOUSE_01,2026-04-26T02:32:44.736Z,15,32.43,32.2,32.8,32.5,57,57,57,57,29.1,40,28,QUIET,59.9,60,0,0,545.4,544,15,0,0,0,32.5,57,28,QUIET,0,0,544,60
69ed796a8e0b93ff64ea4c2e,ESP32_GREENHOUSE_01,2026-04-26T02:33:14.745Z,15,32.29,32,32.7,32,57,57,57,57,32.4,52,27,QUIET,60,61,0,0,548.7,549,15,0,0,0,32,57,27,QUIET,0,0,549,61
69ed79888e0b93ff64ea4c2f,ESP32_GREENHOUSE_01,2026-04-26T02:33:44.754Z,15,32.37,32,32.8,32.5,57,57,57,57,100,927,31,QUIET,57.2,59,0,0,546,547,15,0,0,0,32.5,57,31,QUIET,0,0,547,59
69ed79a68e0b93ff64ea4c30,ESP32_GREENHOUSE_01,2026-04-26T02:34:14.757Z,14,32.43,32,32.9,32.3,57,57,57,57,46.3,78,30,QUIET,59.4,60,0,0,544.7,548,14,0,0,0,32.3,57,30,QUIET,0,0,548,60
69ed79c48e0b93ff64ea4c31,ESP32_GREENHOUSE_01,2026-04-26T02:34:44.771Z,15,32.27,32,32.9,32,57,57,57,57,28.7,62,24,QUIET,60.2,61,0,0,545.9,549,15,0,0,0,32,57,24,QUIET,0,0,549,61
69ed79e28e0b93ff64ea4c32,ESP32_GREENHOUSE_01,2026-04-26T02:35:14.784Z,15,32.31,32,32.7,32.2,57,57,57,57,24.5,46,26,QUIET,60.3,60,0,0,549.1,551,15,0,0,0,32.2,57,26,QUIET,0,0,551,60
69ed7a008e0b93ff64ea4c33,ESP32_GREENHOUSE_01,2026-04-26T02:35:44.790Z,15,32.4,32,32.9,32.1,57,57,57,57,28.7,42,35,QUIET,60,60,0,0,550.5,550,15,0,0,0,32.1,57,35,QUIET,0,0,550,60
69ed7a1e8e0b93ff64ea4c34,ESP32_GREENHOUSE_01,2026-04-26T02:36:14.794Z,15,32.4,32,32.9,32.4,56.87,56,57,56,43.6,91,34,QUIET,59.5,60,0,0,546.3,550,15,0,0,0,32.4,56,34,QUIET,0,0,550,60
69ed7a3c8e0b93ff64ea4c35,ESP32_GREENHOUSE_01,2026-04-26T02:36:44.806Z,15,32.39,32.2,32.9,32.9,56,56,56,56,58.1,380,19,QUIET,59.5,61,0,0,536.7,534,15,0,0,0,32.9,56,19,QUIET,0,0,534,61
69ed7a5a8e0b93ff64ea4c36,ESP32_GREENHOUSE_01,2026-04-26T02:37:14.809Z,15,32.45,32,32.9,32.7,56.6,56,57,56,32,49,27,QUIET,60,60,0,0,533.7,536,15,0,0,0,32.7,56,27,QUIET,0,0,536,60
69ed7a788e0b93ff64ea4c37,ESP32_GREENHOUSE_01,2026-04-26T02:37:44.816Z,15,32.84,32,33.7,33,56.27,56,57,56,39.7,82,34,QUIET,59.8,60,0,0,535.6,536,15,0,0,0,33,56,34,QUIET,0,0,536,60
69ed7a968e0b93ff64ea4c38,ESP32_GREENHOUSE_01,2026-04-26T02:38:14.816Z,14,33.36,33,33.8,33.2,56,56,56,56,33.4,45,34,QUIET,59.9,60,0,0,536.6,532,14,0,0,0,33.2,56,34,QUIET,0,0,532,60
69ed7ab48e0b93ff64ea4c39,ESP32_GREENHOUSE_01,2026-04-26T02:38:44.825Z,15,33.27,33,33.9,33.1,56,56,56,56,34.1,46,40,QUIET,59.9,60,0,0,532.5,535,15,0,0,0,33.1,56,40,QUIET,0,0,535,60
69ed7ad28e0b93ff64ea4c3a,ESP32_GREENHOUSE_01,2026-04-26T02:39:14.826Z,15,33.43,33.1,33.9,33.3,56,56,56,56,33.7,50,36,QUIET,59.9,60,0,0,537.9,538,15,0,0,0,33.3,56,36,QUIET,0,0,538,60
69ed7af08e0b93ff64ea4c3d,ESP32_GREENHOUSE_01,2026-04-26T02:39:44.829Z,15,33.42,33,33.8,33.6,55.93,55,56,56,39.9,55,53,QUIET,59.7,59,4,0,540.9,547,15,0,0,0,33.6,56,53,QUIET,0,0,547,59
69ed7b0e8e0b93ff64ea4c3e,ESP32_GREENHOUSE_01,2026-04-26T02:40:14.834Z,15,33.33,33,33.8,33.8,56,56,56,56,37.1,54,49,QUIET,59.8,59,0,0,544.6,534,15,0,0,0,33.8,56,49,QUIET,0,0,534,59
69ed7b2c8e0b93ff64ea4c3f,ESP32_GREENHOUSE_01,2026-04-26T02:40:44.847Z,15,33.45,33.1,33.9,33.3,56,56,56,56,51.6,152,22,QUIET,59.2,60,0,0,538.8,541,15,0,0,0,33.3,56,22,QUIET,0,0,541,60
69ed7b4a8e0b93ff64ea4c40,ESP32_GREENHOUSE_01,2026-04-26T02:41:14.850Z,15,33.37,33,33.9,33.4,55.13,55,56,55,39.7,84,28,QUIET,60.5,61,0,0,535.9,539,15,0,0,0,33.4,55,28,QUIET,0,0,539,61
69ed7b688e0b93ff64ea4c41,ESP32_GREENHOUSE_01,2026-04-26T02:41:44.852Z,14,33.46,33.1,33.9,33.7,55,55,55,55,27.8,38,30,QUIET,60.9,61,0,0,539.1,536,14,0,0,0,33.7,55,30,QUIET,0,0,536,61
69ed7b868e0b93ff64ea4c42,ESP32_GREENHOUSE_01,2026-04-26T02:42:14.864Z,15,33.47,33,33.9,33.3,54.8,54,55,54,27.8,51,26,QUIET,60.9,61,0,0,536.9,536,15,0,0,0,33.3,54,26,QUIET,0,0,536,61
69ed7ba48e0b93ff64ea4c43,ESP32_GREENHOUSE_01,2026-04-26T02:42:44.871Z,15,33.53,33.1,33.9,33.8,54,54,54,54,33.8,50,41,QUIET,61.1,61,0,0,537.3,541,15,0,0,0,33.8,54,41,QUIET,0,0,541,61
69ed7bc28e0b93ff64ea4c44,ESP32_GREENHOUSE_01,2026-04-26T02:43:14.878Z,15,33.37,33,33.9,33.1,53.8,53,54,53,27.4,38,22,QUIET,61.3,62,0,0,542.5,544,15,0,0,0,33.1,53,22,QUIET,0,0,544,62
69ed7be08e0b93ff64ea4c45,ESP32_GREENHOUSE_01,2026-04-26T02:43:44.889Z,15,33.55,33,33.9,33.7,53,53,53,53,30.7,62,25,QUIET,61.9,62,0,0,544.3,544,15,0,0,0,33.7,53,25,QUIET,0,0,544,62
69ed7bfe8e0b93ff64ea4c46,ESP32_GREENHOUSE_01,2026-04-26T02:44:14.896Z,15,33.41,33,33.9,33.4,53,53,53,53,29.7,50,18,QUIET,61.9,62,0,0,544.7,544,15,0,0,0,33.4,53,18,QUIET,0,0,544,62
69ed7c1c8e0b93ff64ea4c47,ESP32_GREENHOUSE_01,2026-04-26T02:44:44.903Z,15,33.39,33,33.9,33.7,53,53,53,53,31.7,45,38,QUIET,61.9,62,0,0,543.9,544,15,0,0,0,33.7,53,38,QUIET,0,0,544,62
69ed7c3a8e0b93ff64ea4c48,ESP32_GREENHOUSE_01,2026-04-26T02:45:14.919Z,15,33.48,33.1,33.9,33.9,53.67,53,54,54,33.7,60,32,QUIET,61.3,61,0,0,543.8,544,15,0,0,0,33.9,54,32,QUIET,0,0,544,61
69ed7c588e0b93ff64ea4c49,ESP32_GREENHOUSE_01,2026-04-26T02:45:44.925Z,14,33.26,33,33.7,33.4,54,54,54,54,39.1,107,23,QUIET,60.9,62,0,0,543.9,544,14,0,0,0,33.4,54,23,QUIET,0,0,544,62
69ed7c768e0b93ff64ea4c4a,ESP32_GREENHOUSE_01,2026-04-26T02:46:14.939Z,15,33.51,33,33.9,33.9,54,54,54,54,24.5,41,25,QUIET,61.7,62,0,0,543,543,15,0,0,0,33.9,54,25,QUIET,0,0,543,62
69ed7c948e0b93ff64ea4c4b,ESP32_GREENHOUSE_01,2026-04-26T02:46:44.947Z,15,33.42,33,33.9,33.9,53.2,53,54,53,26.9,33,30,QUIET,61.9,62,0,0,542.4,543,15,0,0,0,33.9,53,30,QUIET,0,0,543,62
69ed7cb28e0b93ff64ea4c4c,ESP32_GREENHOUSE_01,2026-04-26T02:47:14.950Z,15,33.58,33.2,33.9,33.3,53.47,53,54,54,27.9,43,31,QUIET,61.7,61,0,0,542,543,15,0,0,0,33.3,54,31,QUIET,0,0,543,61
69ed7cd08e0b93ff64ea4c4d,ESP32_GREENHOUSE_01,2026-04-26T02:47:44.958Z,15,33.43,33.1,33.9,33.4,53.93,53,54,54,29,35,35,QUIET,61.2,61,0,0,541.9,542,15,0,0,0,33.4,54,35,QUIET,0,0,542,61
69ed7cee8e0b93ff64ea4c4e,ESP32_GREENHOUSE_01,2026-04-26T02:48:14.960Z,15,33.36,33,33.9,33.9,53.33,53,54,54,28.2,47,19,QUIET,61.7,62,0,0,541.7,542,15,0,0,0,33.9,54,19,QUIET,0,0,542,62
69ed7d0c8e0b93ff64ea4c4f,ESP32_GREENHOUSE_01,2026-04-26T02:48:44.970Z,15,33.41,33,33.9,33,53.93,53,55,55,26.3,40,38,QUIET,61.6,60,0,0,540.5,539,15,0,0,0,33,55,38,QUIET,0,0,539,60
69ed7d2a8e0b93ff64ea4c50,ESP32_GREENHOUSE_01,2026-04-26T02:49:14.982Z,14,33.47,33,33.9,33.4,54.86,54,55,55,41.1,55,55,QUIET,60.3,60,0,0,540.4,541,14,0,0,0,33.4,55,55,QUIET,0,0,541,60
69ed7d488e0b93ff64ea4c51,ESP32_GREENHOUSE_01,2026-04-26T02:49:44.986Z,15,33.48,33.2,33.9,33.8,55,55,55,55,41.1,70,34,QUIET,60.3,61,0,0,540.8,541,15,0,0,0,33.8,55,34,QUIET,0,0,541,61
69ed7d668e0b93ff64ea4c52,ESP32_GREENHOUSE_01,2026-04-26T02:50:14.990Z,15,33.49,33,33.8,33.3,55,55,55,55,33.6,51,26,QUIET,60.7,61,0,0,539.9,539,15,0,0,0,33.3,55,26,QUIET,0,0,539,61
69ed7d858e0b93ff64ea4c53,ESP32_GREENHOUSE_01,2026-04-26T02:50:45.002Z,15,33.45,33,33.9,33.2,54.27,54,55,54,30.6,48,30,QUIET,61.1,61,0,0,536.9,536,15,0,0,0,33.2,54,30,QUIET,0,0,536,61
69ed7da38e0b93ff64ea4c54,ESP32_GREENHOUSE_01,2026-04-26T02:51:15.006Z,15,33.45,33.1,33.9,33.1,54.33,54,55,55,30.2,37,35,QUIET,61.2,61,0,0,536.4,536,15,0,0,0,33.1,55,35,QUIET,0,0,536,61
69ed7dc18e0b93ff64ea4c55,ESP32_GREENHOUSE_01,2026-04-26T02:51:45.007Z,15,33.45,33,33.9,33.9,54.73,54,55,54,37.8,60,50,QUIET,60.5,61,0,0,535.9,536,15,0,0,0,33.9,54,50,QUIET,0,0,536,61
69ed7ddf8e0b93ff64ea4c56,ESP32_GREENHOUSE_01,2026-04-26T02:52:15.017Z,15,33.43,33,33.9,33.9,54,54,54,54,46.8,87,34,QUIET,60.6,61,0,0,535.5,534,15,0,0,0,33.9,54,34,QUIET,0,0,534,61
69ed7dfd8e0b93ff64ea4c57,ESP32_GREENHOUSE_01,2026-04-26T02:52:45.023Z,15,33.46,33,33.9,33,54.53,54,55,54,33.1,55,41,QUIET,60.9,61,0,0,534.9,536,15,0,0,0,33,54,41,QUIET,0,0,536,61
69ed7e1b8e0b93ff64ea4c58,ESP32_GREENHOUSE_01,2026-04-26T02:53:15.039Z,14,33.32,33,33.9,33.2,54,54,54,54,33.6,56,34,QUIET,61.2,61,0,0,534.9,536,14,0,0,0,33.2,54,34,QUIET,0,0,536,61
69ed7e398e0b93ff64ea4c59,ESP32_GREENHOUSE_01,2026-04-26T02:53:45.040Z,15,33.39,33,33.9,33.1,53.53,53,54,53,33.1,57,32,QUIET,61.5,62,0,0,535.3,535,15,0,0,0,33.1,53,32,QUIET,0,0,535,62
69ed7e578e0b93ff64ea4c5a,ESP32_GREENHOUSE_01,2026-04-26T02:54:15.041Z,15,33.33,33,33.8,33.5,53.2,53,54,53,32.8,48,33,QUIET,61.7,62,0,0,535.5,535,15,0,0,0,33.5,53,33,QUIET,0,0,535,62
69ed7e758e0b93ff64ea4c5b,ESP32_GREENHOUSE_01,2026-04-26T02:54:45.042Z,15,33.55,33,33.9,33.2,53,53,53,53,26.6,34,26,QUIET,62,62,0,0,535,535,15,0,0,0,33.2,53,26,QUIET,0,0,535,62
69ed7e938e0b93ff64ea4c5c,ESP32_GREENHOUSE_01,2026-04-26T02:55:15.053Z,15,33.43,33,33.9,33.9,53.13,53,54,54,24.5,34,23,QUIET,61.9,62,0,0,535.3,535,15,0,0,0,33.9,54,23,QUIET,0,0,535,62
69ed7eb18e0b93ff64ea4c5d,ESP32_GREENHOUSE_01,2026-04-26T02:55:45.061Z,15,33.39,33,33.9,33.8,54.07,54,55,54,43.7,109,33,QUIET,60.7,61,0,0,535.1,535,15,0,0,0,33.8,54,33,QUIET,0,0,535,61
69ed7ecf8e0b93ff64ea4c5e,ESP32_GREENHOUSE_01,2026-04-26T02:56:15.072Z,15,33.54,33.1,33.9,33.5,54.4,54,55,54,34.9,49,33,QUIET,60.9,61,0,0,534.8,534,15,0,0,0,33.5,54,33,QUIET,0,0,534,61
69ed7eed8e0b93ff64ea4c5f,ESP32_GREENHOUSE_01,2026-04-26T02:56:45.079Z,15,33.42,33,33.8,33.8,54,54,54,54,30.2,45,29,QUIET,61.3,61,0,0,534.1,534,15,0,0,0,33.8,54,29,QUIET,0,0,534,61
69ed7f0b8e0b93ff64ea4c60,ESP32_GREENHOUSE_01,2026-04-26T02:57:15.089Z,14,33.63,33,33.9,33.6,54,54,54,54,28.7,38,27,QUIET,61.3,61,0,0,533.4,533,14,0,0,0,33.6,54,27,QUIET,0,0,533,61
69ed7f298e0b93ff64ea4c61,ESP32_GREENHOUSE_01,2026-04-26T02:57:45.103Z,15,33.43,33,33.9,33.7,54.73,54,55,54,28.6,42,29,QUIET,60.9,61,0,0,532.7,533,15,0,0,0,33.7,54,29,QUIET,0,0,533,61
69ed7f478e0b93ff64ea4c62,ESP32_GREENHOUSE_01,2026-04-26T02:58:15.113Z,15,33.48,33,33.9,33.5,54.53,54,55,54,33.9,63,23,QUIET,60.9,62,0,0,532.2,532,15,0,0,0,33.5,54,23,QUIET,0,0,532,62
69ed7f658e0b93ff64ea4c63,ESP32_GREENHOUSE_01,2026-04-26T02:58:45.121Z,15,33.6,33,33.9,33.7,54,54,54,54,29.6,39,38,QUIET,61.3,61,0,0,532.1,532,15,0,0,0,33.7,54,38,QUIET,0,0,532,61
69ed7f838e0b93ff64ea4c64,ESP32_GREENHOUSE_01,2026-04-26T02:59:15.122Z,15,33.37,33.1,33.8,33.3,54,54,54,54,32.6,49,25,QUIET,61.2,62,0,0,530.7,531,15,0,0,0,33.3,54,25,QUIET,0,0,531,62
69ed7fa18e0b93ff64ea4c65,ESP32_GREENHOUSE_01,2026-04-26T02:59:45.134Z,15,33.49,33.2,33.9,33.8,54,54,54,54,32.6,46,35,QUIET,61.2,61,0,0,530.2,530,15,0,0,0,33.8,54,35,QUIET,0,0,530,61
69ed7fbf8e0b93ff64ea4c66,ESP32_GREENHOUSE_01,2026-04-26T03:00:15.147Z,15,33.46,33,33.9,33.2,54,54,54,54,41.5,59,34,QUIET,60.9,61,0,0,529.9,530,15,0,0,0,33.2,54,34,QUIET,0,0,530,61
69ed7fdd8e0b93ff64ea4c67,ESP32_GREENHOUSE_01,2026-04-26T03:00:45.155Z,14,33.52,33.1,33.9,33.9,54.14,54,55,55,40.9,53,30,QUIET,60.9,61,0,0,529.1,529,14,0,0,0,33.9,55,30,QUIET,0,0,529,61
69ed7ffb8e0b93ff64ea4c68,ESP32_GREENHOUSE_01,2026-04-26T03:01:15.159Z,15,33.48,33,33.9,33.3,54.2,54,55,54,37.3,55,47,QUIET,60.9,61,0,0,529,529,15,0,0,0,33.3,54,47,QUIET,0,0,529,61
69ed80198e0b93ff64ea4c69,ESP32_GREENHOUSE_01,2026-04-26T03:01:45.161Z,15,33.41,33,33.9,33.7,54.4,54,55,55,32.5,47,26,QUIET,60.9,61,0,0,528.6,529,15,0,0,0,33.7,55,26,QUIET,0,0,529,61
69ed80378e0b93ff64ea4c6a,ESP32_GREENHOUSE_01,2026-04-26T03:02:15.164Z,15,33.4,33,33.9,33.4,55,55,55,55,33.5,54,41,QUIET,60.7,60,0,0,528.4,528,15,0,0,0,33.4,55,41,QUIET,0,0,528,60
69ed80558e0b93ff64ea4c6b,ESP32_GREENHOUSE_01,2026-04-26T03:02:45.166Z,15,33.47,33.1,33.9,33.4,54.33,54,55,54,29.8,47,21,QUIET,61.1,62,0,0,528.1,528,15,0,0,0,33.4,54,21,QUIET,0,0,528,62
69ed80738e0b93ff64ea4c6c,ESP32_GREENHOUSE_01,2026-04-26T03:03:15.177Z,15,33.41,33,33.9,33.8,54.67,54,55,55,29.5,36,22,QUIET,61.1,61,0,0,526.6,526,15,0,0,0,33.8,55,22,QUIET,0,0,526,61
69ed80918e0b93ff64ea4c6d,ESP32_GREENHOUSE_01,2026-04-26T03:03:45.183Z,15,33.38,33,33.8,33.4,54.67,54,55,55,51.3,116,104,QUIET,59.9,58,0,0,525.6,524,15,0,0,0,33.4,55,104,QUIET,0,0,524,58
69ed80af8e0b93ff64ea4c6e,ESP32_GREENHOUSE_01,2026-04-26T03:04:15.185Z,15,33.48,33,33.9,33.5,54.6,54,55,54,49.3,137,31,QUIET,60.2,61,0,0,524.8,526,15,0,0,0,33.5,54,31,QUIET,0,0,526,61
69ed80cd8e0b93ff64ea4c6f,ESP32_GREENHOUSE_01,2026-04-26T03:04:45.187Z,14,33.46,33,33.8,33.7,54.29,54,55,55,26.3,43,25,QUIET,61.4,61,0,0,525,524,14,0,0,0,33.7,55,25,QUIET,0,0,524,61
69ed80eb8e0b93ff64ea4c70,ESP32_GREENHOUSE_01,2026-04-26T03:05:15.200Z,15,33.36,33,33.9,33.6,54.13,54,55,54,42.3,66,44,QUIET,60.9,61,0,0,524.8,525,15,0,0,0,33.6,54,44,QUIET,0,0,525,61
69ed81098e0b93ff64ea4c71,ESP32_GREENHOUSE_01,2026-04-26T03:05:45.211Z,15,33.47,33,33.9,33.9,53.67,53,54,53,44,69,24,QUIET,60.9,62,0,0,523.9,524,15,0,0,0,33.9,53,24,QUIET,0,0,524,62
69ed81278e0b93ff64ea4c72,ESP32_GREENHOUSE_01,2026-04-26T03:06:15.225Z,15,33.5,33.2,33.9,33.4,53,53,53,53,32.3,43,20,QUIET,61.9,62,0,0,523.3,523,15,0,0,0,33.4,53,20,QUIET,0,0,523,62
69ed81458e0b93ff64ea4c73,ESP32_GREENHOUSE_01,2026-04-26T03:06:45.234Z,15,33.47,33,33.9,33.1,53,53,53,53,29.7,45,34,QUIET,61.9,62,0,0,522.7,523,15,0,0,0,33.1,53,34,QUIET,0,0,523,62
69ed81638e0b93ff64ea4c74,ESP32_GREENHOUSE_01,2026-04-26T03:07:15.238Z,15,33.41,33,33.9,33.1,53.13,53,54,53,24.9,31,26,QUIET,61.9,62,0,0,522.7,522,15,0,0,0,33.1,53,26,QUIET,0,0,522,62
69ed81818e0b93ff64ea4c75,ESP32_GREENHOUSE_01,2026-04-26T03:07:45.244Z,15,33.42,33,33.8,33.5,53,53,53,53,24.5,32,22,QUIET,62,62,0,0,522.1,522,15,0,0,0,33.5,53,22,QUIET,0,0,522,62
69ed819f8e0b93ff64ea4c76,ESP32_GREENHOUSE_01,2026-04-26T03:08:15.255Z,14,33.61,33,33.9,33.3,53,53,53,53,30.2,47,25,QUIET,61.9,62,0,0,521.9,522,14,0,0,0,33.3,53,25,QUIET,0,0,522,62
69ed81bd8e0b93ff64ea4c77,ESP32_GREENHOUSE_01,2026-04-26T03:08:45.270Z,15,33.44,33,33.9,33.8,53.2,53,54,54,37,52,24,QUIET,61.6,62,0,0,520.8,521,15,0,0,0,33.8,54,24,QUIET,0,0,521,62
69ed81db8e0b93ff64ea4c78,ESP32_GREENHOUSE_01,2026-04-26T03:09:15.274Z,15,33.45,33,33.9,33.6,53.6,53,54,53,33.3,47,22,QUIET,61.5,62,0,0,520.9,521,15,0,0,0,33.6,53,22,QUIET,0,0,521,62
69ed81f98e0b93ff64ea4c79,ESP32_GREENHOUSE_01,2026-04-26T03:09:45.289Z,15,33.51,33.1,33.8,33.6,53,53,53,53,32.9,48,38,QUIET,61.9,62,0,0,520.1,520,15,0,0,0,33.6,53,38,QUIET,0,0,520,62
69ed82178e0b93ff64ea4c7a,ESP32_GREENHOUSE_01,2026-04-26T03:10:15.297Z,15,33.43,33,33.8,33.1,53,53,53,53,31.3,43,43,QUIET,61.9,61,0,0,519.8,520,15,0,0,0,33.1,53,43,QUIET,0,0,520,61
69ed82358e0b93ff64ea4c7b,ESP32_GREENHOUSE_01,2026-04-26T03:10:45.310Z,15,33.39,33,33.9,33.1,53.27,53,54,54,37.3,64,23,QUIET,61.5,62,0,0,518.7,519,15,0,0,0,33.1,54,23,QUIET,0,0,519,62
69ed82538e0b93ff64ea4c7c,ESP32_GREENHOUSE_01,2026-04-26T03:11:15.323Z,15,33.4,33,33.8,33.5,53.87,53,54,54,31.3,58,29,QUIET,61.2,61,0,0,518.3,519,15,0,0,0,33.5,54,29,QUIET,0,0,519,61
69ed82718e0b93ff64ea4c7d,ESP32_GREENHOUSE_01,2026-04-26T03:11:45.327Z,15,33.34,33,33.9,33,54,54,54,54,35.3,46,35,QUIET,61.1,61,0,0,517.5,516,15,0,0,0,33,54,35,QUIET,0,0,516,61
69ed828f8e0b93ff64ea4c7f,ESP32_GREENHOUSE_01,2026-04-26T03:12:15.340Z,14,33.59,33,33.9,33.4,54,54,54,54,65.2,99,29,QUIET,60,61,0,0,517.1,517,12,2,0,0,33.4,54,29,QUIET,0,0,517,61
69ed82ad8e0b93ff64ea4c81,ESP32_GREENHOUSE_01,2026-04-26T03:12:45.354Z,15,33.21,33,33.7,33,54,54,54,54,40.9,84,18,QUIET,60.9,62,0,0,516.1,516,14,1,0,0,33,54,18,QUIET,0,0,516,62
69ed82cb8e0b93ff64ea4c82,ESP32_GREENHOUSE_01,2026-04-26T03:13:15.354Z,15,33.48,33,33.9,33.9,54,54,54,54,30.4,50,36,QUIET,61.4,61,0,0,515.2,514,15,0,0,0,33.9,54,36,QUIET,0,0,514,61
69ed82e98e0b93ff64ea4c83,ESP32_GREENHOUSE_01,2026-04-26T03:13:45.367Z,15,33.56,33,33.9,33.5,53.07,53,54,53,36.7,53,26,QUIET,61.5,62,0,0,514.5,514,15,0,0,0,33.5,53,26,QUIET,0,0,514,62
69ed83078e0b93ff64ea4c84,ESP32_GREENHOUSE_01,2026-04-26T03:14:15.369Z,14,33.48,33,33.9,33.4,53.57,53,54,54,33.8,53,37,QUIET,61.4,61,0,0,513.9,513,14,0,0,0,33.4,54,37,QUIET,0,0,513,61
69ed83258e0b93ff64ea4c85,ESP32_GREENHOUSE_01,2026-04-26T03:14:45.374Z,14,33.36,33,33.9,33.1,53.57,53,54,54,31.2,45,32,QUIET,61.5,61,0,0,513.2,513,14,0,0,0,33.1,54,32,QUIET,0,0,513,61
69ed83438e0b93ff64ea4c86,ESP32_GREENHOUSE_01,2026-04-26T03:15:15.389Z,17,33.43,33,33.9,33.4,53.35,53,54,53,32.9,45,41,QUIET,61.7,62,0,0,513.1,512,17,0,0,0,33.4,53,41,QUIET,0,0,512,62
69ed83618e0b93ff64ea4c87,ESP32_GREENHOUSE_01,2026-04-26T03:15:45.394Z,15,33.59,33.2,33.9,33.8,52.67,52,53,52,42.9,67,67,QUIET,61.7,61,0,0,512.2,511,15,0,0,0,33.8,52,67,QUIET,0,0,511,61
69ed837f8e0b93ff64ea4c88,ESP32_GREENHOUSE_01,2026-04-26T03:16:15.400Z,14,33.55,33,33.9,33.9,52.07,52,53,52,62.1,126,37,QUIET,61.3,62,0,0,511.4,510,14,0,0,0,33.9,52,37,QUIET,0,0,510,62
69ed839d8e0b93ff64ea4c89,ESP32_GREENHOUSE_01,2026-04-26T03:16:45.408Z,15,33.45,33,33.7,33.7,51.4,51,52,51,33.3,54,23,QUIET,62.9,63,0,0,511.5,512,15,0,0,0,33.7,51,23,QUIET,0,0,512,63
69ed83bb8e0b93ff64ea4c8a,ESP32_GREENHOUSE_01,2026-04-26T03:17:15.414Z,15,33.51,33,33.9,33.5,50.93,50,51,51,32.5,44,27,QUIET,63.1,63,0,0,511.1,511,15,0,0,0,33.5,51,27,QUIET,0,0,511,63
69ed83d98e0b93ff64ea4c8b,ESP32_GREENHOUSE_01,2026-04-26T03:17:45.426Z,15,33.32,33.1,33.8,33.1,51,51,51,51,33.7,48,21,QUIET,63,64,0,0,510.2,510,15,0,0,0,33.1,51,21,QUIET,0,0,510,64
69ed83f78e0b93ff64ea4c8c,ESP32_GREENHOUSE_01,2026-04-26T03:18:15.433Z,15,33.51,33,33.9,33.2,51.87,51,52,52,38.9,63,33,QUIET,62.1,62,0,0,509.2,509,15,0,0,0,33.2,52,33,QUIET,0,0,509,62
69ed84158e0b93ff64ea4c8d,ESP32_GREENHOUSE_01,2026-04-26T03:18:45.445Z,15,33.52,33,33.9,33,52,52,52,52,32.9,49,32,QUIET,62.4,62,0,0,508.8,509,15,0,0,0,33,52,32,QUIET,0,0,509,62
69ed84338e0b93ff64ea4c8e,ESP32_GREENHOUSE_01,2026-04-26T03:19:15.448Z,15,33.51,33,33.9,33,52.07,52,53,53,37.6,53,25,QUIET,62.2,62,0,0,508.1,508,15,0,0,0,33,53,25,QUIET,0,0,508,62
69ed84518e0b93ff64ea4c8f,ESP32_GREENHOUSE_01,2026-04-26T03:19:45.447Z,14,33.56,33,33.9,33.7,52.71,52,53,53,29.2,39,32,QUIET,62.3,62,0,0,507.4,508,14,0,0,0,33.7,53,32,QUIET,0,0,508,62
69ed846f8e0b93ff64ea4c90,ESP32_GREENHOUSE_01,2026-04-26T03:20:15.448Z,15,33.56,33.1,33.9,33.1,53,53,53,53,31.3,41,35,QUIET,62,62,0,0,506.7,506,15,0,0,0,33.1,53,35,QUIET,0,0,506,62
69ed848d8e0b93ff64ea4c91,ESP32_GREENHOUSE_01,2026-04-26T03:20:45.448Z,15,33.42,33,33.9,33.4,53,53,53,53,35.3,61,29,QUIET,61.7,62,0,0,504.9,504,15,0,0,0,33.4,53,29,QUIET,0,0,504,62
69ed84ab8e0b93ff64ea4c92,ESP32_GREENHOUSE_01,2026-04-26T03:21:15.448Z,15,33.44,33,33.9,33.8,53,53,53,53,34.9,60,60,QUIET,61.9,61,0,0,504.8,505,15,0,0,0,33.8,53,60,QUIET,0,0,505,61
69ed84c98e0b93ff64ea4c93,ESP32_GREENHOUSE_01,2026-04-26T03:21:45.448Z,15,33.48,33,33.9,33.8,53,53,53,53,42.6,72,45,QUIET,61.5,61,0,0,503.9,503,15,0,0,0,33.8,53,45,QUIET,0,0,503,61
69ed84e78e0b93ff64ea4c94,ESP32_GREENHOUSE_01,2026-04-26T03:22:15.448Z,15,33.53,33.2,33.9,33.9,53,53,53,53,42.7,65,35,QUIET,61.6,62,0,0,502.9,502,15,0,0,0,33.9,53,35,QUIET,0,0,502,62
69ed85058e0b93ff64ea4c95,ESP32_GREENHOUSE_01,2026-04-26T03:22:45.448Z,15,33.52,33.1,33.9,33.1,53,53,53,53,33.7,57,57,QUIET,61.9,61,0,0,501.1,501,15,0,0,0,33.1,53,57,QUIET,0,0,501,61
69ed85238e0b93ff64ea4c96,ESP32_GREENHOUSE_01,2026-04-26T03:23:15.447Z,15,33.49,33.1,33.9,33.9,53,53,53,53,47.4,79,35,QUIET,61.5,62,0,0,500.9,500,15,0,0,0,33.9,53,35,QUIET,0,0,500,62
69ed85418e0b93ff64ea4c97,ESP32_GREENHOUSE_01,2026-04-26T03:23:45.448Z,14,33.51,33,33.9,33.2,53,53,53,53,28.9,38,28,QUIET,62,62,0,0,499.9,499,14,0,0,0,33.2,53,28,QUIET,0,0,499,62
69ed855f8e0b93ff64ea4c98,ESP32_GREENHOUSE_01,2026-04-26T03:24:15.449Z,15,33.48,33,33.9,33.7,53,53,53,53,36.2,46,42,QUIET,61.7,61,0,0,498.5,498,15,0,0,0,33.7,53,42,QUIET,0,0,498,61
69ed857d8e0b93ff64ea4c99,ESP32_GREENHOUSE_01,2026-04-26T03:24:45.448Z,15,33.46,33,33.8,33,52.73,52,53,53,33,44,30,QUIET,62.1,62,0,0,497.5,497,15,0,0,0,33,53,30,QUIET,0,0,497,62
69ed859b8e0b93ff64ea4c9a,ESP32_GREENHOUSE_01,2026-04-26T03:25:15.448Z,15,33.67,33.1,33.9,33.6,52.2,52,53,52,41.3,71,71,QUIET,61.9,61,0,0,495.3,495,15,0,0,0,33.6,52,71,QUIET,0,0,495,61
69ed85b98e0b93ff64ea4c9c,ESP32_GREENHOUSE_01,2026-04-26T03:25:45.448Z,15,33.52,33,33.9,33,51.87,51,52,52,73.7,178,36,QUIET,61.1,62,0,0,495.1,495,14,1,0,0,33,52,36,QUIET,0,0,495,62
69ed85d78e0b93ff64ea4c9d,ESP32_GREENHOUSE_01,2026-04-26T03:26:15.455Z,15,33.41,33,33.9,33.9,51.07,51,52,51,32.7,42,28,QUIET,63,63,0,0,495.3,495,15,0,0,0,33.9,51,28,QUIET,0,0,495,63
69ed85f58e0b93ff64ea4c9e,ESP32_GREENHOUSE_01,2026-04-26T03:26:45.466Z,15,33.53,33.1,33.9,33.8,51.8,51,52,52,32.1,47,24,QUIET,62.7,63,0,0,494.3,494,15,0,0,0,33.8,52,24,QUIET,0,0,494,63
69ed86138e0b93ff64ea4c9f,ESP32_GREENHOUSE_01,2026-04-26T03:27:15.473Z,14,33.41,33,33.9,33.6,52,52,52,52,29,43,35,QUIET,62.6,62,0,0,492.9,492,14,0,0,0,33.6,52,35,QUIET,0,0,492,62
69ed86318e0b93ff64ea4ca0,ESP32_GREENHOUSE_01,2026-04-26T03:27:45.485Z,15,33.47,33,33.9,33.4,52,52,52,52,34.8,50,50,QUIET,62.3,62,0,0,491.5,491,15,0,0,0,33.4,52,50,QUIET,0,0,491,62
69ed864f8e0b93ff64ea4ca1,ESP32_GREENHOUSE_01,2026-04-26T03:28:15.487Z,15,33.45,33,33.9,33.6,52.07,52,53,52,46.1,67,58,QUIET,61.9,61,0,0,490.3,489,15,0,0,0,33.6,52,58,QUIET,0,0,489,61
69ed866d8e0b93ff64ea4ca2,ESP32_GREENHOUSE_01,2026-04-26T03:28:45.499Z,15,33.4,33,33.9,33.9,52.07,52,53,52,33.5,47,23,QUIET,62.4,63,0,0,489,488,15,0,0,0,33.9,52,23,QUIET,0,0,488,63
69ed868b8e0b93ff64ea4ca3,ESP32_GREENHOUSE_01,2026-04-26T03:29:15.505Z,15,33.4,33,33.9,33.1,52.27,52,53,52,29.1,44,30,QUIET,62.5,63,0,0,487.7,488,15,0,0,0,33.1,52,30,QUIET,0,0,488,63
69ed86a98e0b93ff64ea4ca4,ESP32_GREENHOUSE_01,2026-04-26T03:29:45.509Z,15,33.43,33,33.9,33.8,52,52,52,52,29.7,42,23,QUIET,62.7,63,0,0,486.9,486,15,0,0,0,33.8,52,23,QUIET,0,0,486,63
69ed86c78e0b93ff64ea4ca5,ESP32_GREENHOUSE_01,2026-04-26T03:30:15.520Z,15,33.51,33.1,33.9,33.9,52,52,52,52,35.5,50,50,QUIET,62.3,62,0,0,485.6,485,15,0,0,0,33.9,52,50,QUIET,0,0,485,62
69ed86e58e0b93ff64ea4ca6,ESP32_GREENHOUSE_01,2026-04-26T03:30:45.527Z,15,33.53,33,33.9,33.5,52,52,52,52,33.9,65,25,QUIET,62.5,63,0,0,484.7,486,15,0,0,0,33.5,52,25,QUIET,0,0,486,63
69ed87038e0b93ff64ea4ca7,ESP32_GREENHOUSE_01,2026-04-26T03:31:15.537Z,14,33.48,33.1,33.9,33.6,52,52,52,52,34.3,62,62,QUIET,62.5,61,0,0,483.8,484,14,0,0,0,33.6,52,62,QUIET,0,0,484,61
69ed87218e0b93ff64ea4ca8,ESP32_GREENHOUSE_01,2026-04-26T03:31:45.547Z,15,33.43,33,33.9,33,51,50,52,51,37.6,68,30,QUIET,62.9,63,0,0,481.3,480,15,0,0,0,33,51,30,QUIET,0,0,480,63
69ed873f8e0b93ff64ea4ca9,ESP32_GREENHOUSE_01,2026-04-26T03:32:15.548Z,15,33.5,33,33.9,33.5,51.27,51,52,52,32.3,47,27,QUIET,62.9,63,0,0,480.4,479,15,0,0,0,33.5,52,27,QUIET,0,0,479,63
69ed875d8e0b93ff64ea4caa,ESP32_GREENHOUSE_01,2026-04-26T03:32:45.558Z,15,33.45,33.1,33.9,33.7,51.2,50,52,50,32.1,61,24,QUIET,62.7,64,0,0,479,478,15,0,0,0,33.7,50,24,QUIET,0,0,478,64
69ed877b8e0b93ff64ea4cab,ESP32_GREENHOUSE_01,2026-04-26T03:33:15.569Z,15,33.43,33,33.8,33.8,50,50,50,50,32.9,58,58,QUIET,63.9,63,0,0,477.2,476,15,0,0,0,33.8,50,58,QUIET,0,0,476,63
69ed87998e0b93ff64ea4cac,ESP32_GREENHOUSE_01,2026-04-26T03:33:45.583Z,15,33.41,33,33.8,33.1,50,50,50,50,43.1,88,51,QUIET,63.3,63,0,0,476.1,476,15,0,0,0,33.1,50,51,QUIET,0,0,476,63
69ed87b78e0b93ff64ea4cad,ESP32_GREENHOUSE_01,2026-04-26T03:34:15.593Z,15,33.35,33,33.8,33.4,50.73,50,51,51,30.3,42,28,QUIET,63.3,63,0,0,474.1,472,15,0,0,0,33.4,51,28,QUIET,0,0,472,63
69ed87d58e0b93ff64ea4cae,ESP32_GREENHOUSE_01,2026-04-26T03:34:45.596Z,15,33.31,33,33.9,33,51,51,51,51,34.6,59,29,QUIET,62.9,63,0,0,471.5,471,15,0,0,0,33,51,29,QUIET,0,0,471,63
69ed87f38e0b93ff64ea4cb0,ESP32_GREENHOUSE_01,2026-04-26T03:35:15.600Z,14,33.39,33,33.9,33.1,51,51,51,51,30.9,47,23,QUIET,63.2,63,2,0,469.9,471,14,0,0,0,33.1,51,23,QUIET,1,0,471,63
69ed88118e0b93ff64ea4cb2,ESP32_GREENHOUSE_01,2026-04-26T03:35:45.604Z,15,33.33,33,33.9,33.4,50.87,50,51,51,27.3,39,30,QUIET,63.2,63,1,0,469.7,469,15,0,0,0,33.4,51,30,QUIET,0,0,469,63
69ed882f8e0b93ff64ea4cb3,ESP32_GREENHOUSE_01,2026-04-26T03:36:15.617Z,15,33.45,33,33.9,33.8,51,51,51,51,37.1,64,64,QUIET,62.9,62,0,0,467.9,468,15,0,0,0,33.8,51,64,QUIET,0,0,468,62
69ed884d8e0b93ff64ea4cb4,ESP32_GREENHOUSE_01,2026-04-26T03:36:45.620Z,15,33.42,33,33.9,33.5,51,51,51,51,47,183,28,QUIET,62.5,63,0,0,466.4,466,15,0,0,0,33.5,51,28,QUIET,0,0,466,63
69ed886b8e0b93ff64ea4cb5,ESP32_GREENHOUSE_01,2026-04-26T03:37:15.624Z,15,33.4,33,33.9,33.6,51.4,51,52,52,32.7,63,38,QUIET,62.8,62,0,0,463.7,463,15,0,0,0,33.6,52,38,QUIET,0,0,463,62
69ed88898e0b93ff64ea4cb6,ESP32_GREENHOUSE_01,2026-04-26T03:37:45.627Z,15,33.51,33,33.9,33.6,51.33,51,52,51,37.1,83,40,QUIET,62.7,63,0,0,460.3,459,15,0,0,0,33.6,51,40,QUIET,0,0,459,63
69ed88a78e0b93ff64ea4cb7,ESP32_GREENHOUSE_01,2026-04-26T03:38:15.632Z,15,33.46,33,33.9,33.8,51,51,51,51,38.8,85,85,QUIET,62.8,61,0,0,462.2,463,15,0,0,0,33.8,51,85,QUIET,0,0,463,61
69ed88c58e0b93ff64ea4cb8,ESP32_GREENHOUSE_01,2026-04-26T03:38:45.635Z,14,33.39,33,33.9,33.6,51,51,51,51,44.3,65,52,QUIET,62.6,62,0,0,460.6,460,14,0,0,0,33.6,51,52,QUIET,0,0,460,62
69ed88e38e0b93ff64ea4cb9,ESP32_GREENHOUSE_01,2026-04-26T03:39:15.650Z,15,33.59,33,33.9,33.6,51.07,51,52,51,35.3,52,33,QUIET,62.9,63,0,0,459.9,459,15,0,0,0,33.6,51,33,QUIET,0,0,459,63
69ed89018e0b93ff64ea4cba,ESP32_GREENHOUSE_01,2026-04-26T03:39:45.650Z,15,33.51,33,33.9,33.2,51,51,51,51,53.5,110,110,QUIET,62.3,60,0,0,457.1,458,15,0,0,0,33.2,51,110,QUIET,0,0,458,60
69ed891f8e0b93ff64ea4cbb,ESP32_GREENHOUSE_01,2026-04-26T03:40:15.652Z,15,33.41,33,33.9,33.3,51,51,51,51,48.9,78,28,QUIET,62.5,63,0,0,456.2,457,15,0,0,0,33.3,51,28,QUIET,0,0,457,63
69ed893d8e0b93ff64ea4cbc,ESP32_GREENHOUSE_01,2026-04-26T03:40:45.666Z,15,33.47,33,33.8,33.6,51,51,51,51,34.8,55,44,QUIET,63,63,0,0,454.9,453,15,0,0,0,33.6,51,44,QUIET,0,0,453,63
69ed895b8e0b93ff64ea4cbd,ESP32_GREENHOUSE_01,2026-04-26T03:41:15.678Z,15,33.56,33,33.9,33,51,51,51,51,45.5,70,40,QUIET,62.7,63,0,0,452.8,452,15,0,0,0,33,51,40,QUIET,0,0,452,63
69ed89798e0b93ff64ea4cbe,ESP32_GREENHOUSE_01,2026-04-26T03:41:45.692Z,15,33.4,33,33.9,33.8,51,51,51,51,43.4,81,35,QUIET,62.5,63,0,0,450.8,450,15,0,0,0,33.8,51,35,QUIET,0,0,450,63
69ed89978e0b93ff64ea4cbf,ESP32_GREENHOUSE_01,2026-04-26T03:42:15.705Z,15,33.3,33,33.8,33.1,51,51,51,51,24.8,35,30,QUIET,63.3,63,0,0,449.3,447,15,0,0,0,33.1,51,30,QUIET,0,0,447,63
69ed89b58e0b93ff64ea4cc0,ESP32_GREENHOUSE_01,2026-04-26T03:42:45.712Z,14,33.51,33,33.8,33.6,51,51,51,51,38.4,58,30,QUIET,62.9,63,0,0,446.5,446,14,0,0,0,33.6,51,30,QUIET,0,0,446,63
69ed89d38e0b93ff64ea4cc1,ESP32_GREENHOUSE_01,2026-04-26T03:43:15.722Z,15,33.41,33,33.9,33.9,51,51,51,51,28.5,45,25,QUIET,63.1,63,0,0,446.2,446,15,0,0,0,33.9,51,25,QUIET,0,0,446,63
69ed89f18e0b93ff64ea4cc2,ESP32_GREENHOUSE_01,2026-04-26T03:43:45.730Z,15,33.47,33.1,33.9,33.4,51.07,51,52,52,34.7,68,29,QUIET,62.9,63,0,0,444.7,443,15,0,0,0,33.4,52,29,QUIET,0,0,443,63
69ed8a0f8e0b93ff64ea4cc3,ESP32_GREENHOUSE_01,2026-04-26T03:44:15.731Z,15,33.45,33,33.9,33,52,52,52,52,28.5,43,43,QUIET,62.7,62,0,0,443.2,442,15,0,0,0,33,52,43,QUIET,0,0,442,62
69ed8a2d8e0b93ff64ea4cc4,ESP32_GREENHOUSE_01,2026-04-26T03:44:45.745Z,15,33.32,33,33.9,33,52,52,52,52,35.3,48,38,QUIET,62.3,62,0,0,441.4,441,15,0,0,0,33,52,38,QUIET,0,0,441,62
69ed8a4b8e0b93ff64ea4cc5,ESP32_GREENHOUSE_01,2026-04-26T03:45:15.752Z,15,33.31,33,33.9,33.2,52,52,52,52,31.4,51,22,QUIET,62.5,63,0,0,439.9,438,15,0,0,0,33.2,52,22,QUIET,0,0,438,63
69ed8a698e0b93ff64ea4cc6,ESP32_GREENHOUSE_01,2026-04-26T03:45:45.764Z,15,33.6,33,33.9,33.9,52,52,52,52,34.1,52,29,QUIET,62.4,63,0,0,438.2,437,15,0,0,0,33.9,52,29,QUIET,0,0,437,63
69ed8a878e0b93ff64ea4cc7,ESP32_GREENHOUSE_01,2026-04-26T03:46:15.772Z,14,33.31,33,33.9,33.3,51.79,51,52,52,44.4,93,34,QUIET,62.1,62,0,0,436.3,436,14,0,0,0,33.3,52,34,QUIET,0,0,436,62
69ed8aa58e0b93ff64ea4cc8,ESP32_GREENHOUSE_01,2026-04-26T03:46:45.786Z,15,33.33,33,33.9,33.3,51.47,51,52,52,30,45,27,QUIET,63.1,63,0,0,434.8,435,15,0,0,0,33.3,52,27,QUIET,0,0,435,63
69ed8ac38e0b93ff64ea4cc9,ESP32_GREENHOUSE_01,2026-04-26T03:47:15.800Z,15,33.33,33,33.9,33.9,52,52,52,52,32.4,45,32,QUIET,62.5,62,0,0,433.7,433,15,0,0,0,33.9,52,32,QUIET,0,0,433,62
69ed8ae18e0b93ff64ea4cca,ESP32_GREENHOUSE_01,2026-04-26T03:47:45.813Z,15,33.38,33.1,33.9,33.3,51.13,51,52,51,25.7,34,31,QUIET,63.1,63,0,0,432.2,431,15,0,0,0,33.3,51,31,QUIET,0,0,431,63
69ed8aff8e0b93ff64ea4ccb,ESP32_GREENHOUSE_01,2026-04-26T03:48:15.820Z,15,33.47,33.2,33.9,33.2,51,51,51,51,24.1,42,15,QUIET,63.6,64,0,0,429.9,429,15,0,0,0,33.2,51,15,QUIET,0,0,429,64
69ed8b1d8e0b93ff64ea4ccc,ESP32_GREENHOUSE_01,2026-04-26T03:48:45.826Z,15,33.46,33,33.9,33.3,51.47,51,52,52,32.9,55,55,QUIET,62.9,62,0,0,429.3,429,15,0,0,0,33.3,52,55,QUIET,0,0,429,62
69ed8b3b8e0b93ff64ea4ccd,ESP32_GREENHOUSE_01,2026-04-26T03:49:15.839Z,15,33.41,33,33.9,33.2,51.2,51,52,51,34.8,56,33,QUIET,62.9,63,0,0,428.1,427,15,0,0,0,33.2,51,33,QUIET,0,0,427,63
69ed8b598e0b93ff64ea4cce,ESP32_GREENHOUSE_01,2026-04-26T03:49:45.840Z,15,33.48,33,33.8,33.6,51.4,51,52,52,32.7,55,17,QUIET,62.9,63,0,0,426.4,426,15,0,0,0,33.6,52,17,QUIET,0,0,426,63
69ed8b778e0b93ff64ea4ccf,ESP32_GREENHOUSE_01,2026-04-26T03:50:15.852Z,14,33.66,33.3,33.9,33.5,52,52,52,52,27.5,44,20,QUIET,62.8,63,0,0,427,427,14,0,0,0,33.5,52,20,QUIET,0,0,427,63
69ed8b958e0b93ff64ea4cd0,ESP32_GREENHOUSE_01,2026-04-26T03:50:45.866Z,15,33.45,33,33.9,33.5,52,52,52,52,22.9,29,28,QUIET,63,63,0,0,425.9,426,15,0,0,0,33.5,52,28,QUIET,0,0,426,63
69ed8bb38e0b93ff64ea4cd1,ESP32_GREENHOUSE_01,2026-04-26T03:51:15.873Z,15,33.27,33,33.6,33.1,52,52,52,52,29.3,60,29,QUIET,62.7,63,0,0,424.6,424,15,0,0,0,33.1,52,29,QUIET,0,0,424,63
69ed8bd18e0b93ff64ea4cd2,ESP32_GREENHOUSE_01,2026-04-26T03:51:45.873Z,15,33.39,33,33.9,33.1,51.07,51,52,51,35.3,58,37,QUIET,62.9,63,0,0,424.3,424,15,0,0,0,33.1,51,37,QUIET,0,0,424,63
69ed8bef8e0b93ff64ea4cd3,ESP32_GREENHOUSE_01,2026-04-26T03:52:15.881Z,15,33.47,33,33.9,33.4,51.13,51,52,51,28.6,43,26,QUIET,63.2,63,0,0,414.3,397,15,0,0,0,33.4,51,26,QUIET,0,0,397,63
69ed8c0d8e0b93ff64ea4cd4,ESP32_GREENHOUSE_01,2026-04-26T03:52:45.882Z,15,33.37,33.1,33.6,33.6,50.93,50,51,51,24.3,42,21,QUIET,63.5,64,0,0,396.5,396,15,0,0,0,33.6,51,21,QUIET,0,0,396,64
69ed8c2b8e0b93ff64ea4cd5,ESP32_GREENHOUSE_01,2026-04-26T03:53:15.888Z,15,33.47,33.1,33.8,33.7,50.73,50,51,50,31.9,52,23,QUIET,63.2,64,0,0,395.6,395,15,0,0,0,33.7,50,23,QUIET,0,0,395,64
69ed8c498e0b93ff64ea4cd6,ESP32_GREENHOUSE_01,2026-04-26T03:53:45.889Z,15,33.42,33.1,33.9,33.1,50.27,50,51,51,27.6,55,27,QUIET,63.8,63,0,0,397.3,397,15,0,0,0,33.1,51,27,QUIET,0,0,397,63
69ed8c678e0b93ff64ea4cd7,ESP32_GREENHOUSE_01,2026-04-26T03:54:15.900Z,14,33.29,33,33.9,33.2,51,51,51,51,21.6,37,19,QUIET,63.7,64,0,0,396.9,397,14,0,0,0,33.2,51,19,QUIET,0,0,397,64
69ed8c858e0b93ff64ea4cd8,ESP32_GREENHOUSE_01,2026-04-26T03:54:45.900Z,15,33.33,33,33.8,33.1,51,51,51,51,33,68,49,QUIET,63,62,0,0,396.6,397,15,0,0,0,33.1,51,49,QUIET,0,0,397,62
69ed8ca38e0b93ff64ea4cd9,ESP32_GREENHOUSE_01,2026-04-26T03:55:15.908Z,15,33.52,33,33.9,33.7,50.4,50,51,50,33.4,52,25,QUIET,63.5,64,0,0,395.9,395,15,0,0,0,33.7,50,25,QUIET,0,0,395,64
69ed8cc18e0b93ff64ea4cda,ESP32_GREENHOUSE_01,2026-04-26T03:55:45.910Z,15,33.53,33,33.9,33.7,50.53,50,51,51,26.2,52,35,QUIET,63.5,63,0,0,396.3,395,15,0,0,0,33.7,51,35,QUIET,0,0,395,63
69ed8cdf8e0b93ff64ea4cdb,ESP32_GREENHOUSE_01,2026-04-26T03:56:15.924Z,15,33.45,33,33.9,33.6,51,51,51,51,53.5,107,30,QUIET,62.3,63,0,0,395.3,396,15,0,0,0,33.6,51,30,QUIET,0,0,396,63
69ed8cfd8e0b93ff64ea4cdc,ESP32_GREENHOUSE_01,2026-04-26T03:56:45.939Z,15,33.33,33,33.9,33.5,51,51,51,51,44.5,107,107,QUIET,62.6,60,0,0,396,396,15,0,0,0,33.5,51,107,QUIET,0,0,396,60
69ed8d1b8e0b93ff64ea4cde,ESP32_GREENHOUSE_01,2026-04-26T03:57:15.947Z,15,33.23,33,33.4,33.4,51.2,51,52,51,89.1,178,111,QUIET,60.7,60,0,0,394.2,394,9,6,0,0,33.4,51,111,LIGHT_ACTIVITY,0,0,394,60
69ed8d398e0b93ff64ea4ce1,ESP32_GREENHOUSE_01,2026-04-26T03:57:45.950Z,14,33.41,33,33.9,33,51.07,51,52,51,68.8,148,29,RESTLESS,61.6,63,0,0,394.1,393,4,3,7,0,33,51,29,QUIET,0,0,393,63
69ed8d578e0b93ff64ea4ce7,ESP32_GREENHOUSE_01,2026-04-26T03:58:15.961Z,15,33.48,33.1,33.9,33.4,51.07,51,52,51,63.7,155,53,QUIET,61.6,62,6,0,375.2,374,10,5,0,0,33.4,51,53,QUIET,0,0,374,62
69ed8d758e0b93ff64ea4ced,ESP32_GREENHOUSE_01,2026-04-26T03:58:45.973Z,15,33.39,33,33.9,33.1,51,51,51,51,-7.9,237,107,LIGHT_ACTIVITY,64.7,60,5,0,360.7,339,5,10,0,0,33.1,51,107,LIGHT_ACTIVITY,0,0,339,60
69ed8d938e0b93ff64ea4cee,ESP32_GREENHOUSE_01,2026-04-26T03:59:15.987Z,15,33.24,33.1,33.9,33.1,51,51,51,51,101.1,131,131,LIGHT_ACTIVITY,60.4,59,0,0,338.2,337,0,15,0,0,33.1,51,131,LIGHT_ACTIVITY,0,0,337,59
69ed8db18e0b93ff64ea4cf1,ESP32_GREENHOUSE_01,2026-04-26T03:59:45.998Z,15,33.37,33,33.7,33.5,51,51,51,51,104.2,149,93,LIGHT_ACTIVITY,60.3,61,0,0,338.1,338,0,14,1,0,33.5,51,93,LIGHT_ACTIVITY,0,0,338,61
69ed8dcf8e0b93ff64ea4cf2,ESP32_GREENHOUSE_01,2026-04-26T04:00:15.999Z,15,33.35,33,33.9,33.4,50.93,50,51,51,100.2,130,87,LIGHT_ACTIVITY,60.5,61,0,0,340.9,342,0,15,0,0,33.4,51,87,LIGHT_ACTIVITY,0,0,342,61
69ed8dee8e0b93ff64ea4cf3,ESP32_GREENHOUSE_01,2026-04-26T04:00:46.009Z,15,33.47,33,33.7,33.3,50.73,50,51,51,102.4,208,109,LIGHT_ACTIVITY,60.5,60,0,0,340.2,338,0,15,0,0,33.3,51,109,LIGHT_ACTIVITY,0,0,338,60
69ed8e0c8e0b93ff64ea4cf4,ESP32_GREENHOUSE_01,2026-04-26T04:01:16.014Z,15,33.39,33,33.9,33.8,50.33,50,51,50,95.7,151,85,LIGHT_ACTIVITY,61.1,62,0,0,339.5,340,0,15,0,0,33.8,50,85,LIGHT_ACTIVITY,0,0,340,62
69ed8e2a8e0b93ff64ea4cf5,ESP32_GREENHOUSE_01,2026-04-26T04:01:46.019Z,14,33.49,33.1,33.8,33.3,50.86,50,51,50,84.8,108,92,LIGHT_ACTIVITY,61.1,61,0,0,339.9,343,0,14,0,0,33.3,50,92,LIGHT_ACTIVITY,0,0,343,61
69ed8e488e0b93ff64ea4cf6,ESP32_GREENHOUSE_01,2026-04-26T04:02:16.023Z,15,33.47,33,33.7,33,50.33,50,51,51,95.5,119,119,LIGHT_ACTIVITY,61.2,60,0,0,341.7,342,0,15,0,0,33,51,119,LIGHT_ACTIVITY,0,0,342,60
69ed8e668e0b93ff64ea4cf7,ESP32_GREENHOUSE_01,2026-04-26T04:02:46.031Z,15,33.41,33,33.9,33.7,50.13,50,51,50,109.6,144,142,LIGHT_ACTIVITY,60.6,59,0,0,341.1,341,0,15,0,0,33.7,50,142,LIGHT_ACTIVITY,0,0,341,59
69ed8e848e0b93ff64ea4cf8,ESP32_GREENHOUSE_01,2026-04-26T04:03:16.036Z,15,33.43,33.1,33.9,33.2,50.2,50,51,50,107.6,155,126,LIGHT_ACTIVITY,60.6,60,0,0,339.9,338,0,15,0,0,33.2,50,126,LIGHT_ACTIVITY,0,0,338,60
69ed8ea28e0b93ff64ea4cf9,ESP32_GREENHOUSE_01,2026-04-26T04:03:46.038Z,15,33.39,33,33.9,33.2,50,50,50,50,99.9,115,102,LIGHT_ACTIVITY,61,61,0,0,339.3,343,0,15,0,0,33.2,50,102,LIGHT_ACTIVITY,0,0,343,61
69ed8ec08e0b93ff64ea4cfa,ESP32_GREENHOUSE_01,2026-04-26T04:04:16.052Z,15,33.48,33,33.9,33.8,50,50,50,50,107.1,134,98,LIGHT_ACTIVITY,60.8,61,0,0,339.7,335,0,15,0,0,33.8,50,98,LIGHT_ACTIVITY,0,0,335,61
69ed8ede8e0b93ff64ea4cfb,ESP32_GREENHOUSE_01,2026-04-26T04:04:46.064Z,15,33.37,33,33.9,33.4,49.8,49,50,49,109.1,141,125,LIGHT_ACTIVITY,60.5,59,0,0,337.1,338,0,15,0,0,33.4,49,125,LIGHT_ACTIVITY,0,0,338,59
69ed8efc8e0b93ff64ea4cfc,ESP32_GREENHOUSE_01,2026-04-26T04:05:16.069Z,15,33.54,33,33.9,33.9,49.67,49,50,50,105,138,99,LIGHT_ACTIVITY,60.6,61,0,0,337.7,334,0,15,0,0,33.9,50,99,LIGHT_ACTIVITY,0,0,334,61
69ed8f1a8e0b93ff64ea4cfd,ESP32_GREENHOUSE_01,2026-04-26T04:05:46.077Z,14,33.41,33,33.8,33.3,50,50,50,50,108.4,136,109,LIGHT_ACTIVITY,60.9,61,0,0,340.2,341,0,14,0,0,33.3,50,109,LIGHT_ACTIVITY,0,0,341,61
69ed8f388e0b93ff64ea4cfe,ESP32_GREENHOUSE_01,2026-04-26T04:06:16.092Z,15,33.53,33.1,33.9,33.4,50,50,50,50,107.8,149,121,LIGHT_ACTIVITY,60.8,60,0,0,335.9,335,0,15,0,0,33.4,50,121,LIGHT_ACTIVITY,0,0,335,60
69ed8f568e0b93ff64ea4cff,ESP32_GREENHOUSE_01,2026-04-26T04:06:46.096Z,15,33.48,33,33.9,33,50,50,50,50,108.1,134,88,LIGHT_ACTIVITY,60.9,62,0,0,334.8,335,0,15,0,0,33,50,88,LIGHT_ACTIVITY,0,0,335,62
69ed8f748e0b93ff64ea4d02,ESP32_GREENHOUSE_01,2026-04-26T04:07:16.100Z,15,33.33,33,33.9,33.1,50,50,50,50,103.9,159,116,LIGHT_ACTIVITY,60.9,60,0,0,333.9,333,0,14,1,0,33.1,50,116,LIGHT_ACTIVITY,0,0,333,60
69ed8f928e0b93ff64ea4d04,ESP32_GREENHOUSE_01,2026-04-26T04:07:46.113Z,15,33.46,33,33.8,33.1,50,50,50,50,152.4,251,108,LIGHT_ACTIVITY,59,61,0,0,334.7,337,0,8,7,0,33.1,50,108,RESTLESS,0,0,337,61
69ed8fb08e0b93ff64ea4d06,ESP32_GREENHOUSE_01,2026-04-26T04:08:16.124Z,15,33.43,33,33.9,33.6,50,50,50,50,104.2,149,78,LIGHT_ACTIVITY,60.8,62,0,0,334.1,335,0,9,6,0,33.6,50,78,LIGHT_ACTIVITY,0,0,335,62
69ed8fce8e0b93ff64ea4d07,ESP32_GREENHOUSE_01,2026-04-26T04:08:46.138Z,15,33.46,33.1,33.9,33.9,50,50,50,50,114.2,238,119,LIGHT_ACTIVITY,60.5,60,0,0,336.3,339,0,15,0,0,33.9,50,119,LIGHT_ACTIVITY,0,0,339,60
69ed8fec8e0b93ff64ea4d08,ESP32_GREENHOUSE_01,2026-04-26T04:09:16.151Z,14,33.51,33.1,33.9,33.6,50,50,50,50,101.6,133,133,LIGHT_ACTIVITY,61.1,60,0,0,338.2,340,0,14,0,0,33.6,50,133,LIGHT_ACTIVITY,0,0,340,60
69ed900a8e0b93ff64ea4d0a,ESP32_GREENHOUSE_01,2026-04-26T04:09:46.165Z,15,33.41,33,33.9,33.5,50,50,50,50,156.7,692,96,LIGHT_ACTIVITY,58.9,61,0,0,348.6,332,0,9,6,0,33.5,50,96,RESTLESS,0,0,332,61
69ed90288e0b93ff64ea4d0c,ESP32_GREENHOUSE_01,2026-04-26T04:10:16.170Z,15,33.38,33,33.8,33.3,50,50,50,50,103.1,129,117,LIGHT_ACTIVITY,61,60,0,0,340.3,337,0,11,4,0,33.3,50,117,LIGHT_ACTIVITY,0,0,337,60
69ed90468e0b93ff64ea4d0d,ESP32_GREENHOUSE_01,2026-04-26T04:10:46.182Z,15,33.39,33,33.9,33.6,50,50,50,50,109.3,136,127,LIGHT_ACTIVITY,60.8,60,0,0,336.9,338,0,15,0,0,33.6,50,127,LIGHT_ACTIVITY,0,0,338,60
69ed90648e0b93ff64ea4d0f,ESP32_GREENHOUSE_01,2026-04-26T04:11:16.183Z,15,33.39,33,33.9,33.6,50,50,50,50,115.5,175,114,LIGHT_ACTIVITY,60.6,61,0,0,336.3,336,0,13,2,0,33.6,50,114,RESTLESS,0,0,336,61
69ed90828e0b93ff64ea4d11,ESP32_GREENHOUSE_01,2026-04-26T04:11:46.194Z,15,33.59,33,33.9,33.8,49.27,49,50,49,114.5,181,95,RESTLESS,60.1,61,0,0,335.5,336,0,2,13,0,33.8,49,95,LIGHT_ACTIVITY,0,0,336,61
69ed90a08e0b93ff64ea4d12,ESP32_GREENHOUSE_01,2026-04-26T04:12:16.194Z,15,33.52,33,33.9,33.8,49,49,49,49,117.1,200,117,LIGHT_ACTIVITY,59.7,60,0,0,338.5,338,0,15,0,0,33.8,49,117,LIGHT_ACTIVITY,0,0,338,60
69ed90be8e0b93ff64ea4d16,ESP32_GREENHOUSE_01,2026-04-26T04:12:46.199Z,15,33.58,33,33.9,33.4,49,49,49,49,113.9,146,113,RESTLESS,60,60,0,0,324.2,325,0,4,11,0,33.4,49,113,RESTLESS,0,0,325,60
69ed90dc8e0b93ff64ea4d18,ESP32_GREENHOUSE_01,2026-04-26T04:13:16.207Z,14,33.37,33,33.9,33.8,48,48,48,48,103.4,128,110,LIGHT_ACTIVITY,59.6,59,0,0,323,324,0,13,1,0,33.8,48,110,LIGHT_ACTIVITY,0,0,324,59
69ed90fa8e0b93ff64ea4d19,ESP32_GREENHOUSE_01,2026-04-26T04:13:46.206Z,15,33.39,33,33.9,33.2,48.47,48,49,49,104.9,130,93,LIGHT_ACTIVITY,59.8,61,0,0,322.5,323,0,15,0,0,33.2,49,93,LIGHT_ACTIVITY,0,0,323,61
69ed91188e0b93ff64ea4d1a,ESP32_GREENHOUSE_01,2026-04-26T04:14:16.206Z,15,33.43,33,33.9,33,48.67,48,49,48,120.8,332,117,LIGHT_ACTIVITY,59.4,59,0,0,323.3,323,0,15,0,0,33,48,117,LIGHT_ACTIVITY,0,0,323,59
69ed91368e0b93ff64ea4d1d,ESP32_GREENHOUSE_01,2026-04-26T04:14:46.210Z,15,33.48,33,33.9,33,48,48,48,48,112.1,161,94,LIGHT_ACTIVITY,59.3,60,0,0,323.7,322,0,14,1,0,33,48,94,LIGHT_ACTIVITY,0,0,322,60
69ed91548e0b93ff64ea4d1e,ESP32_GREENHOUSE_01,2026-04-26T04:15:16.220Z,15,33.45,33,33.9,33.9,48,48,48,48,109.3,158,94,LIGHT_ACTIVITY,59.4,60,0,0,322.9,323,0,15,0,0,33.9,48,94,LIGHT_ACTIVITY,0,0,323,60
69ed91728e0b93ff64ea4d1f,ESP32_GREENHOUSE_01,2026-04-26T04:15:46.233Z,15,33.33,33,33.8,33.3,48.07,48,49,49,116.2,235,103,LIGHT_ACTIVITY,59.3,60,0,0,322.3,323,0,15,0,0,33.3,49,103,LIGHT_ACTIVITY,0,0,323,60
69ed91908e0b93ff64ea4d20,ESP32_GREENHOUSE_01,2026-04-26T04:16:16.238Z,15,33.51,33,33.9,33.5,49,49,49,49,106.9,149,79,LIGHT_ACTIVITY,60.3,61,0,0,322.3,321,0,15,0,0,33.5,49,79,LIGHT_ACTIVITY,0,0,321,61
69ed91ae8e0b93ff64ea4d22,ESP32_GREENHOUSE_01,2026-04-26T04:16:46.251Z,15,33.39,33,33.9,33.1,49,49,49,49,187.7,1023,111,LIGHT_ACTIVITY,56.9,60,0,0,321.3,333,0,13,2,0,33.1,49,111,RESTLESS,0,0,333,60
69ed91cc8e0b93ff64ea4d23,ESP32_GREENHOUSE_01,2026-04-26T04:17:16.261Z,14,33.51,33,33.9,33.3,49,49,49,49,122.5,163,112,RESTLESS,59.6,60,0,0,336,337,0,0,14,0,33.3,49,112,RESTLESS,0,0,337,60
69ed91ea8e0b93ff64ea4d24,ESP32_GREENHOUSE_01,2026-04-26T04:17:46.276Z,15,33.43,33,33.9,33.2,49,49,49,49,169.5,341,304,RESTLESS,57.8,52,0,0,332.6,328,0,0,15,0,33.2,49,304,RESTLESS,0,0,328,52
69ed92088e0b93ff64ea4d25,ESP32_GREENHOUSE_01,2026-04-26T04:18:16.276Z,15,33.4,33,33.9,33.2,49.13,49,50,50,180.7,403,87,RESTLESS,57.5,62,0,0,317.7,320,0,0,15,0,33.2,50,87,RESTLESS,0,0,320,62
69ed92268e0b93ff64ea4d2a,ESP32_GREENHOUSE_01,2026-04-26T04:18:46.290Z,15,33.43,33.1,33.9,33.3,49.07,49,50,49,142.4,399,98,RESTLESS,58.9,61,0,0,318.9,317,0,4,11,0,33.3,49,98,RESTLESS,0,0,317,61
69ed92448e0b93ff64ea4d2b,ESP32_GREENHOUSE_01,2026-04-26T04:19:16.297Z,15,33.49,33,33.9,33.9,49.47,49,50,50,191,389,157,RESTLESS,57.3,59,0,0,320.3,321,0,0,15,0,33.9,50,157,RESTLESS,0,0,321,59
69ed92628e0b93ff64ea4d2c,ESP32_GREENHOUSE_01,2026-04-26T04:19:46.303Z,15,33.41,33,33.9,33.7,50,50,50,50,138.1,272,103,RESTLESS,59.4,61,0,0,317.7,313,0,0,15,0,33.7,50,103,RESTLESS,0,0,313,61
69ed92808e0b93ff64ea4d30,ESP32_GREENHOUSE_01,2026-04-26T04:20:16.315Z,15,33.32,33,33.8,33.4,49.53,49,50,49,130.5,348,102,LIGHT_ACTIVITY,59.6,60,0,0,312.2,312,0,8,7,0,33.4,49,102,LIGHT_ACTIVITY,0,0,312,60
69ed929e8e0b93ff64ea4d31,ESP32_GREENHOUSE_01,2026-04-26T04:20:46.316Z,14,33.51,33,33.9,33.5,49,49,49,49,118.6,230,99,LIGHT_ACTIVITY,59.7,61,0,0,316.6,314,0,14,0,0,33.5,49,99,LIGHT_ACTIVITY,0,0,314,61
