{"timestamp":1777161605734,"type":"alerts","deviceId":"ESP32_GREENHOUSE_01","data":{"timestamp":1777161605734,"deviceId":"ESP32_GREENHOUSE_01","event":"LIGHT_ACTIVITY","level":125,"raw":501,"diff":501,"message":"CRYING DETECTED! ⚠️ Level: 125"}}
{"timestamp":1777161607747,"type":"alerts","deviceId":"ESP32_GREENHOUSE_01","data":{"timestamp":1777161607747,"deviceId":"ESP32_GREENHOUSE_01","event":"RESTLESS","level":173,"raw":695,"diff":695,"message":"CRYING DETECTED! ⚠️ Level: 173"}}
{"timestamp":1777161613798,"type":"alerts","deviceId":"ESP32_GREENHOUSE_01","data":{"timestamp":1777161613798,"deviceId":"ESP32_GREENHOUSE_01","event":"RESTLESS","level":100,"raw":403,"diff":403,"message":"CRYING DETECTED! ⚠️ Level: 100"}}
{"timestamp":1777161619852,"type":"alerts","deviceId":"ESP32_GREENHOUSE_01","data":{"timestamp":1777161619851,"deviceId":"ESP32_GREENHOUSE_01","event":"RESTLESS","level":151,"raw":606,"diff":606,"message":"CRYING DETECTED! ⚠️ Level: 151"}}
{"timestamp":1777161625923,"type":"alerts","deviceId":"ESP32_GREENHOUSE_01","data":{"timestamp":1777161625923,"deviceId":"ESP32_GREENHOUSE_01","event":"RESTLESS","level":130,"raw":520,"diff":520,"message":"CRYING DETECTED! ⚠️ Level: 130"}}
{"timestamp":1777161631972,"type":"alerts","deviceId":"ESP32_GREENHOUSE_01","data":{"timestamp":1777161631972,"deviceId":"ESP32_GREENHOUSE_01","event":"RESTLESS","level":224,"raw":896,"diff":896,"message":"CRYING DETECTED! ⚠️ Level: 224"}}
{"timestamp":1777161638018,"type":"alerts","deviceId":"ESP32_GREENHOUSE_01","data":{"timestamp":1777161638018,"deviceId":"ESP32_GREENHOUSE_01","event":"RESTLESS","level":237,"raw":948,"diff":948,"message":"CRYING DETECTED! ⚠️ Level: 237"}}
{"timestamp":1777161644067,"type":"alerts","deviceId":"ESP32_GREENHOUSE_01","data":{"timestamp":1777161644067,"deviceId":"ESP32_GREENHOUSE_01","event":"RESTLESS","level":298,"raw":1192,"diff":1192,"message":"CRYING DETECTED! ⚠️ Level: 298"}}
{"timestamp":1777161650123,"type":"alerts","deviceId":"ESP32_GREENHOUSE_01","data":{"timestamp":1777161650123,"deviceId":"ESP32_GREENHOUSE_01","event":"RESTLESS","level":151,"raw":604,"diff":604,"message":"CRYING DETECTED! ⚠️ Level: 151"}}
{"timestamp":1777161656194,"type":"alerts","deviceId":"ESP32_GREENHOUSE_01","data":{"timestamp":1777161656194,"deviceId":"ESP32_GREENHOUSE_01","event":"RESTLESS","level":301,"raw":1207,"diff":1207,"message":"CRYING DETECTED! ⚠️ Level: 301"}}
{"timestamp":1777161662246,"type":"alerts","deviceId":"ESP32_GREENHOUSE_01","data":{"timestamp":1777161662246,"deviceId":"ESP32_GREENHOUSE_01","event":"RESTLESS","level":140,"raw":562,"diff":562,"message":"CRYING DETECTED! ⚠️ Level: 140"}}
{"timestamp":1777161668297,"type":"alerts","deviceId":"ESP32_GREENHOUSE_01","data":{"timestamp":1777161668297,"deviceId":"ESP32_GREENHOUSE_01","event":"RESTLESS","level":162,"raw":651,"diff":651,"message":"CRYING DETECTED! ⚠️ Level: 162"}}
{"timestamp":1777161674339,"type":"alerts","deviceId":"ESP32_GREENHOUSE_01","data":{"timestamp":1777161674339,"deviceId":"ESP32_GREENHOUSE_01","event":"RESTLESS","level":275,"raw":1101,"diff":1101,"message":"CRYING DETECTED! ⚠️ Level: 275"}}
{"timestamp":1777161680393,"type":"alerts","deviceId":"ESP32_GREENHOUSE_01","data":{"timestamp":1777161680393,"deviceId":"ESP32_GREENHOUSE_01","event":"RESTLESS","level":177,"raw":708,"diff":708,"message":"CRYING DETECTED! ⚠️ Level: 177"}}
{"timestamp":1777161686467,"type":"alerts","deviceId":"ESP32_GREENHOUSE_01","data":{"timestamp":1777161686467,"deviceId":"ESP32_GREENHOUSE_01","event":"RESTLESS","level":180,"raw":722,"diff":722,"message":"CRYING DETECTED! ⚠️ Level: 180"}}
{"timestamp":1777161692515,"type":"alerts","deviceId":"ESP32_GREENHOUSE_01","data":{"timestamp":1777161692515,"deviceId":"ESP32_GREENHOUSE_01","event":"RESTLESS","level":253,"raw":1013,"diff":1013,"message":"CRYING DETECTED! ⚠️ Level: 253"}}
{"timestamp":1777161698565,"type":"alerts","deviceId":"ESP32_GREENHOUSE_01","data":{"timestamp":1777161698565,"deviceId":"ESP32_GREENHOUSE_01","event":"RESTLESS","level":105,"raw":422,"diff":422,"message":"CRYING DETECTED! ⚠️ Level: 105"}}
{"timestamp":1777161704612,"type":"alerts","deviceId":"ESP32_GREENHOUSE_01","data":{"timestamp":1777161704612,"deviceId":"ESP32_GREENHOUSE_01","event":"RESTLESS","level":227,"raw":911,"diff":911,"message":"CRYING DETECTED! ⚠️ Level: 227"}}
{"timestamp":1777161710665,"type":"alerts","deviceId":"ESP32_GREENHOUSE_01","data":{"timestamp":1777161710665,"deviceId":"ESP32_GREENHOUSE_01","event":"RESTLESS","level":407,"raw":1630,"diff":1630,"message":"CRYING DETECTED! ⚠️ Level: 407"}}
{"timestamp":1777161716739,"type":"alerts","deviceId":"ESP32_GREENHOUSE_01","data":{"timestamp":1777161716739,"deviceId":"ESP32_GREENHOUSE_01","event":"RESTLESS","level":249,"raw":999,"diff":999,"message":"CRYING DETECTED! ⚠️ Level: 249"}}
{"timestamp":1777161722787,"type":"alerts","deviceId":"ESP32_GREENHOUSE_01","data":{"timestamp":1777161722787,"deviceId":"ESP32_GREENHOUSE_01","event":"RESTLESS","level":264,"raw":1057,"diff":1057,"message":"CRYING DETECTED! ⚠️ Level: 264"}}
{"timestamp":1777161728836,"type":"alerts","deviceId":"ESP32_GREENHOUSE_01","data":{"timestamp":1777161728835,"deviceId":"ESP32_GREENHOUSE_01","event":"CRYING","level":365,"raw":1462,"diff":1462,"message":"CRYING DETECTED! ⚠️ Level: 365"}}
{"timestamp":1777161738919,"type":"alerts","deviceId":"ESP32_GREENHOUSE_01","data":{"timestamp":1777161738919,"deviceId":"ESP32_GREENHOUSE_01","event":"CRYING","level":285,"raw":1143,"diff":1143,"message":"CRYING DETECTED! ⚠️ Level: 285"}}
{"timestamp":1777161749027,"type":"alerts","deviceId":"ESP32_GREENHOUSE_01","data":{"timestamp":1777161749027,"deviceId":"ESP32_GREENHOUSE_01","event":"CRYING","level":154,"raw":619,"diff":619,"message":"CRYING DETECTED! ⚠️ Level: 154"}}
{"timestamp":1777161755075,"type":"alerts","deviceId":"ESP32_GREENHOUSE_01","data":{"timestamp":1777161755075,"deviceId":"ESP32_GREENHOUSE_01","event":"RESTLESS","level":152,"raw":610,"diff":610,"message":"CRYING DETECTED! ⚠️ Level: 152"}}
{"timestamp":1777161761123,"type":"alerts","deviceId":"ESP32_GREENHOUSE_01","data":{"timestamp":1777161761123,"deviceId":"ESP32_GREENHOUSE_01","event":"RESTLESS","level":122,"raw":491,"diff":491,"message":"CRYING DETECTED! ⚠️ Level: 122"}}
{"timestamp":1777161767172,"type":"alerts","deviceId":"ESP32_GREENHOUSE_01","data":{"timestamp":1777161767172,"deviceId":"ESP32_GREENHOUSE_01","event":"RESTLESS","level":143,"raw":574,"diff":574,"message":"CRYING DETECTED! ⚠️ Level: 143"}}
{"timestamp":1777161773227,"type":"alerts","deviceId":"ESP32_GREENHOUSE_01","data":{"timestamp":1777161773227,"deviceId":"ESP32_GREENHOUSE_01","event":"RESTLESS","level":252,"raw":1009,"diff":1009,"message":"CRYING DETECTED! ⚠️ Level: 252"}}
{"timestamp":1777161779322,"type":"alerts","deviceId":"ESP32_GREENHOUSE_01","data":{"timestamp":1777161779321,"deviceId":"ESP32_GREENHOUSE_01","event":"RESTLESS","level":205,"raw":822,"diff":822,"message":"CRYING DETECTED! ⚠️ Level: 205"}}
{"timestamp":1777161785347,"type":"alerts","deviceId":"ESP32_GREENHOUSE_01","data":{"timestamp":1777161785347,"deviceId":"ESP32_GREENHOUSE_01","event":"RESTLESS","level":90,"raw":360,"diff":360,"message":"CRYING DETECTED! ⚠️ Level: 90"}}
{"timestamp":1777161791395,"type":"alerts","deviceId":"ESP32_GREENHOUSE_01","data":{"timestamp":1777161791395,"deviceId":"ESP32_GREENHOUSE_01","event":"RESTLESS","level":151,"raw":605,"diff":605,"message":"CRYING DETECTED! ⚠️ Level: 151"}}
{"timestamp":1777161797444,"type":"alerts","deviceId":"ESP32_GREENHOUSE_01","data":{"timestamp":1777161797444,"deviceId":"ESP32_GREENHOUSE_01","event":"RESTLESS","level":160,"raw":641,"diff":641,"message":"CRYING DETECTED! ⚠️ Level: 160"}}
{"timestamp":1777161803500,"type":"alerts","deviceId":"ESP32_GREENHOUSE_01","data":{"timestamp":1777161803500,"deviceId":"ESP32_GREENHOUSE_01","event":"RESTLESS","level":133,"raw":535,"diff":535,"message":"CRYING DETECTED! ⚠️ Level: 133"}}
{"timestamp":1777161809573,"type":"alerts","deviceId":"ESP32_GREENHOUSE_01","data":{"timestamp":1777161809573,"deviceId":"ESP32_GREENHOUSE_01","event":"RESTLESS","level":227,"raw":910,"diff":910,"message":"CRYING DETECTED! ⚠️ Level: 227"}}
{"timestamp":1777161815620,"type":"alerts","deviceId":"ESP32_GREENHOUSE_01","data":{"timestamp":1777161815620,"deviceId":"ESP32_GREENHOUSE_01","event":"RESTLESS","level":299,"raw":1199,"diff":1199,"message":"CRYING DETECTED! ⚠️ Level: 299"}}
{"timestamp":1777161821669,"type":"alerts","deviceId":"ESP32_GREENHOUSE_01","data":{"timestamp":1777161821669,"deviceId":"ESP32_GREENHOUSE_01","event":"RESTLESS","level":119,"raw":477,"diff":477,"message":"CRYING DETECTED! ⚠️ Level: 119"}}
{"timestamp":1777161827716,"type":"alerts","deviceId":"ESP32_GREENHOUSE_01","data":{"timestamp":1777161827716,"deviceId":"ESP32_GREENHOUSE_01","event":"RESTLESS","level":75,"raw":303,"diff":303,"message":"CRYING DETECTED! ⚠️ Level: 75"}}
{"timestamp":1777161833770,"type":"alerts","deviceId":"ESP32_GREENHOUSE_01","data":{"timestamp":1777161833770,"deviceId":"ESP32_GREENHOUSE_01","event":"RESTLESS","level":71,"raw":284,"diff":284,"message":"CRYING DETECTED! ⚠️ Level: 71"}}
{"timestamp":1777161839846,"type":"alerts","deviceId":"ESP32_GREENHOUSE_01","data":{"timestamp":1777161839845,"deviceId":"ESP32_GREENHOUSE_01","event":"RESTLESS","level":119,"raw":479,"diff":479,"message":"CRYING DETECTED! ⚠️ Level: 119"}}
{"timestamp":1777161845893,"type":"alerts","deviceId":"ESP32_GREENHOUSE_01","data":{"timestamp":1777161845893,"deviceId":"ESP32_GREENHOUSE_01","event":"RESTLESS","level":363,"raw":1453,"diff":1453,"message":"CRYING DETECTED! ⚠️ Level: 363"}}
{"timestamp":1777161851940,"type":"alerts","deviceId":"ESP32_GREENHOUSE_01","data":{"timestamp":1777161851940,"deviceId":"ESP32_GREENHOUSE_01","event":"RESTLESS","level":227,"raw":911,"diff":911,"message":"CRYING DETECTED! ⚠️ Level: 227"}}
{"timestamp":1777161857988,"type":"alerts","deviceId":"ESP32_GREENHOUSE_01","data":{"timestamp":1777161857988,"deviceId":"ESP32_GREENHOUSE_01","event":"RESTLESS","level":91,"raw":365,"diff":365,"message":"CRYING DETECTED! ⚠️ Level: 91"}}
{"timestamp":1777161864042,"type":"alerts","deviceId":"ESP32_GREENHOUSE_01","data":{"timestamp":1777161864042,"deviceId":"ESP32_GREENHOUSE_01","event":"RESTLESS","level":175,"raw":701,"diff":701,"message":"CRYING DETECTED! ⚠️ Level: 175"}}
{"timestamp":1777161870117,"type":"alerts","deviceId":"ESP32_GREENHOUSE_01","data":{"timestamp":1777161870117,"deviceId":"ESP32_GREENHOUSE_01","event":"RESTLESS","level":123,"raw":492,"diff":492,"message":"CRYING DETECTED! ⚠️ Level: 123"}}
{"timestamp":1777161876164,"type":"alerts","deviceId":"ESP32_GREENHOUSE_01","data":{"timestamp":1777161876164,"deviceId":"ESP32_GREENHOUSE_01","event":"RESTLESS","level":124,"raw":496,"diff":496,"message":"CRYING DETECTED! ⚠️ Level: 124"}}
{"timestamp":1777161882212,"type":"alerts","deviceId":"ESP32_GREENHOUSE_01","data":{"timestamp":1777161882212,"deviceId":"ESP32_GREENHOUSE_01","event":"RESTLESS","level":190,"raw":762,"diff":762,"message":"CRYING DETECTED! ⚠️ Level: 190"}}
{"timestamp":1777161888260,"type":"alerts","deviceId":"ESP32_GREENHOUSE_01","data":{"timestamp":1777161888260,"deviceId":"ESP32_GREENHOUSE_01","event":"RESTLESS","level":214,"raw":858,"diff":858,"message":"CRYING DETECTED! ⚠️ Level: 214"}}
{"timestamp":1777161894314,"type":"alerts","deviceId":"ESP32_GREENHOUSE_01","data":{"timestamp":1777161894314,"deviceId":"ESP32_GREENHOUSE_01","event":"RESTLESS","level":213,"raw":854,"diff":854,"message":"CRYING DETECTED! ⚠️ Level: 213"}}
{"timestamp":1777161900388,"type":"alerts","deviceId":"ESP32_GREENHOUSE_01","data":{"timestamp":1777161900388,"deviceId":"ESP32_GREENHOUSE_01","event":"RESTLESS","level":94,"raw":377,"diff":377,"message":"CRYING DETECTED! ⚠️ Level: 94"}}
{"timestamp":1777161905906,"type":"alerts","deviceId":"ESP32_GREENHOUSE_01","data":{"timestamp":1777161905906,"deviceId":"ESP32_GREENHOUSE_01","event":"RESTLESS","level":300,"raw":1201,"diff":1201,"message":"CRYING DETECTED! ⚠️ Level: 300"}}
{"timestamp":1777161912484,"type":"alerts","deviceId":"ESP32_GREENHOUSE_01","data":{"timestamp":1777161912484,"deviceId":"ESP32_GREENHOUSE_01","event":"RESTLESS","level":159,"raw":637,"diff":637,"message":"CRYING DETECTED! ⚠️ Level: 159"}}
{"timestamp":1777161918537,"type":"alerts","deviceId":"ESP32_GREENHOUSE_01","data":{"timestamp":1777161918537,"deviceId":"ESP32_GREENHOUSE_01","event":"RESTLESS","level":195,"raw":781,"diff":781,"message":"CRYING DETECTED! ⚠️ Level: 195"}}
{"timestamp":1777161924592,"type":"alerts","deviceId":"ESP32_GREENHOUSE_01","data":{"timestamp":1777161924592,"deviceId":"ESP32_GREENHOUSE_01","event":"RESTLESS","level":144,"raw":578,"diff":578,"message":"CRYING DETECTED! ⚠️ Level: 144"}}
{"timestamp":1777161930666,"type":"alerts","deviceId":"ESP32_GREENHOUSE_01","data":{"timestamp":1777161930666,"deviceId":"ESP32_GREENHOUSE_01","event":"RESTLESS","level":138,"raw":554,"diff":554,"message":"CRYING DETECTED! ⚠️ Level: 138"}}
{"timestamp":1777161936709,"type":"alerts","deviceId":"ESP32_GREENHOUSE_01","data":{"timestamp":1777161936709,"deviceId":"ESP32_GREENHOUSE_01","event":"RESTLESS","level":141,"raw":566,"diff":566,"message":"CRYING DETECTED! ⚠️ Level: 141"}}
{"timestamp":1777161942759,"type":"alerts","deviceId":"ESP32_GREENHOUSE_01","data":{"timestamp":1777161942759,"deviceId":"ESP32_GREENHOUSE_01","event":"RESTLESS","level":136,"raw":546,"diff":546,"message":"CRYING DETECTED! ⚠️ Level: 136"}}
{"timestamp":1777161948804,"type":"alerts","deviceId":"ESP32_GREENHOUSE_01","data":{"timestamp":1777161948804,"deviceId":"ESP32_GREENHOUSE_01","event":"RESTLESS","level":356,"raw":1426,"diff":1426,"message":"CRYING DETECTED! ⚠️ Level: 356"}}
{"timestamp":1777161954857,"type":"alerts","deviceId":"ESP32_GREENHOUSE_01","data":{"timestamp":1777161954857,"deviceId":"ESP32_GREENHOUSE_01","event":"RESTLESS","level":120,"raw":481,"diff":481,"message":"CRYING DETECTED! ⚠️ Level: 120"}}
{"timestamp":1777161960933,"type":"alerts","deviceId":"ESP32_GREENHOUSE_01","data":{"timestamp":1777161960933,"deviceId":"ESP32_GREENHOUSE_01","event":"RESTLESS","level":186,"raw":746,"diff":746,"message":"CRYING DETECTED! ⚠️ Level: 186"}}
{"timestamp":1777161966980,"type":"alerts","deviceId":"ESP32_GREENHOUSE_01","data":{"timestamp":1777161966980,"deviceId":"ESP32_GREENHOUSE_01","event":"RESTLESS","level":129,"raw":518,"diff":518,"message":"CRYING DETECTED! ⚠️ Level: 129"}}
{"timestamp":1777161973031,"type":"alerts","deviceId":"ESP32_GREENHOUSE_01","data":{"timestamp":1777161973031,"deviceId":"ESP32_GREENHOUSE_01","event":"RESTLESS","level":120,"raw":480,"diff":480,"message":"CRYING DETECTED! ⚠️ Level: 120"}}
{"timestamp":1777161979076,"type":"alerts","deviceId":"ESP32_GREENHOUSE_01","data":{"timestamp":1777161979076,"deviceId":"ESP32_GREENHOUSE_01","event":"RESTLESS","level":147,"raw":590,"diff":590,"message":"CRYING DETECTED! ⚠️ Level: 147"}}
{"timestamp":1777161985135,"type":"alerts","deviceId":"ESP32_GREENHOUSE_01","data":{"timestamp":1777161985135,"deviceId":"ESP32_GREENHOUSE_01","event":"RESTLESS","level":149,"raw":598,"diff":598,"message":"CRYING DETECTED! ⚠️ Level: 149"}}
{"timestamp":1777161987147,"type":"alerts","deviceId":"ESP32_GREENHOUSE_01","data":{"timestamp":1777161987147,"deviceId":"ESP32_GREENHOUSE_01","event":"LIGHT_ACTIVITY","level":102,"raw":411,"diff":411,"message":"CRYING DETECTED! ⚠️ Level: 102"}}
{"timestamp":1777161993221,"type":"alerts","deviceId":"ESP32_GREENHOUSE_01","data":{"timestamp":1777161993220,"deviceId":"ESP32_GREENHOUSE_01","event":"LIGHT_ACTIVITY","level":159,"raw":637,"diff":637,"message":"CRYING DETECTED! ⚠️ Level: 159"}}
{"timestamp":1777161999269,"type":"alerts","deviceId":"ESP32_GREENHOUSE_01","data":{"timestamp":1777161999269,"deviceId":"ESP32_GREENHOUSE_01","event":"LIGHT_ACTIVITY","level":142,"raw":569,"diff":569,"message":"CRYING DETECTED! ⚠️ Level: 142"}}
{"timestamp":1777162005317,"type":"alerts","deviceId":"ESP32_GREENHOUSE_01","data":{"timestamp":1777162005317,"deviceId":"ESP32_GREENHOUSE_01","event":"LIGHT_ACTIVITY","level":74,"raw":298,"diff":298,"message":"Quiet Level: 74"}}
{"timestamp":1777162011367,"type":"alerts","deviceId":"ESP32_GREENHOUSE_01","data":{"timestamp":1777162011367,"deviceId":"ESP32_GREENHOUSE_01","event":"LIGHT_ACTIVITY","level":204,"raw":818,"diff":818,"message":"Restless Level: 204"}}
{"timestamp":1777162017418,"type":"alerts","deviceId":"ESP32_GREENHOUSE_01","data":{"timestamp":1777162017418,"deviceId":"ESP32_GREENHOUSE_01","event":"LIGHT_ACTIVITY","level":105,"raw":421,"diff":421,"message":"Quiet Level: 105"}}
{"timestamp":1777162023541,"type":"alerts","deviceId":"ESP32_GREENHOUSE_01","data":{"timestamp":1777162023541,"deviceId":"ESP32_GREENHOUSE_01","event":"LIGHT_ACTIVITY","level":124,"raw":499,"diff":499,"message":"Quiet Level: 124"}}
{"timestamp":1777162028908,"type":"alerts","deviceId":"ESP32_GREENHOUSE_01","data":{"timestamp":1777162028908,"deviceId":"ESP32_GREENHOUSE_01","event":"LIGHT_ACTIVITY","level":109,"raw":439,"diff":439,"message":"Quiet Level: 109"}}
{"timestamp":1777162035590,"type":"alerts","deviceId":"ESP32_GREENHOUSE_01","data":{"timestamp":1777162035590,"deviceId":"ESP32_GREENHOUSE_01","event":"RESTLESS","level":184,"raw":736,"diff":736,"message":"Restless Level: 184"}}
{"timestamp":1777162039621,"type":"alerts","deviceId":"ESP32_GREENHOUSE_01","data":{"timestamp":1777162039621,"deviceId":"ESP32_GREENHOUSE_01","event":"LIGHT_ACTIVITY","level":108,"raw":434,"diff":434,"message":"Quiet Level: 108"}}
{"timestamp":1777162043655,"type":"alerts","deviceId":"ESP32_GREENHOUSE_01","data":{"timestamp":1777162043655,"deviceId":"ESP32_GREENHOUSE_01","event":"RESTLESS","level":136,"raw":546,"diff":546,"message":"Light Activity Level: 136"}}
{"timestamp":1777162049709,"type":"alerts","deviceId":"ESP32_GREENHOUSE_01","data":{"timestamp":1777162049708,"deviceId":"ESP32_GREENHOUSE_01","event":"RESTLESS","level":171,"raw":684,"diff":684,"message":"Light Activity Level: 171"}}
{"timestamp":1777162055788,"type":"alerts","deviceId":"ESP32_GREENHOUSE_01","data":{"timestamp":1777162055788,"deviceId":"ESP32_GREENHOUSE_01","event":"RESTLESS","level":222,"raw":888,"diff":888,"message":"Restless Level: 222"}}
{"timestamp":1777162061836,"type":"alerts","deviceId":"ESP32_GREENHOUSE_01","data":{"timestamp":1777162061836,"deviceId":"ESP32_GREENHOUSE_01","event":"RESTLESS","level":154,"raw":617,"diff":617,"message":"Light Activity Level: 154"}}
{"timestamp":1777162069405,"type":"alerts","deviceId":"ESP32_GREENHOUSE_01","data":{"timestamp":1777162069405,"deviceId":"ESP32_GREENHOUSE_01","event":"RESTLESS","level":123,"raw":494,"diff":494,"message":"Quiet Level: 123"}}
{"timestamp":1777162075946,"type":"alerts","deviceId":"ESP32_GREENHOUSE_01","data":{"timestamp":1777162075946,"deviceId":"ESP32_GREENHOUSE_01","event":"RESTLESS","level":135,"raw":543,"diff":543,"message":"Light Activity Level: 135"}}
{"timestamp":1777162082000,"type":"alerts","deviceId":"ESP32_GREENHOUSE_01","data":{"timestamp":1777162082000,"deviceId":"ESP32_GREENHOUSE_01","event":"RESTLESS","level":212,"raw":848,"diff":848,"message":"Restless Level: 212"}}
{"timestamp":1777162088115,"type":"alerts","deviceId":"ESP32_GREENHOUSE_01","data":{"timestamp":1777162088115,"deviceId":"ESP32_GREENHOUSE_01","event":"RESTLESS","level":251,"raw":1004,"diff":1004,"message":"Restless Level: 251"}}
{"timestamp":1777162094122,"type":"alerts","deviceId":"ESP32_GREENHOUSE_01","data":{"timestamp":1777162094122,"deviceId":"ESP32_GREENHOUSE_01","event":"RESTLESS","level":107,"raw":431,"diff":431,"message":"Quiet Level: 107"}}
{"timestamp":1777162100165,"type":"alerts","deviceId":"ESP32_GREENHOUSE_01","data":{"timestamp":1777162100165,"deviceId":"ESP32_GREENHOUSE_01","event":"RESTLESS","level":146,"raw":585,"diff":585,"message":"Light Activity Level: 146"}}
{"timestamp":1777162106218,"type":"alerts","deviceId":"ESP32_GREENHOUSE_01","data":{"timestamp":1777162106218,"deviceId":"ESP32_GREENHOUSE_01","event":"RESTLESS","level":127,"raw":509,"diff":509,"message":"Quiet Level: 127"}}
{"timestamp":1777162112293,"type":"alerts","deviceId":"ESP32_GREENHOUSE_01","data":{"timestamp":1777162112293,"deviceId":"ESP32_GREENHOUSE_01","event":"RESTLESS","level":108,"raw":433,"diff":433,"message":"Quiet Level: 108"}}
{"timestamp":1777162118341,"type":"alerts","deviceId":"ESP32_GREENHOUSE_01","data":{"timestamp":1777162118341,"deviceId":"ESP32_GREENHOUSE_01","event":"RESTLESS","level":140,"raw":561,"diff":561,"message":"Light Activity Level: 140"}}
{"timestamp":1777162124389,"type":"alerts","deviceId":"ESP32_GREENHOUSE_01","data":{"timestamp":1777162124389,"deviceId":"ESP32_GREENHOUSE_01","event":"RESTLESS","level":320,"raw":1281,"diff":1281,"message":"Restless Level: 320"}}
{"timestamp":1777162130441,"type":"alerts","deviceId":"ESP32_GREENHOUSE_01","data":{"timestamp":1777162130441,"deviceId":"ESP32_GREENHOUSE_01","event":"RESTLESS","level":133,"raw":535,"diff":535,"message":"Quiet Level: 133"}}
{"timestamp":1777162136490,"type":"alerts","deviceId":"ESP32_GREENHOUSE_01","data":{"timestamp":1777162136490,"deviceId":"ESP32_GREENHOUSE_01","event":"RESTLESS","level":108,"raw":435,"diff":435,"message":"Quiet Level: 108"}}
{"timestamp":1777162142566,"type":"alerts","deviceId":"ESP32_GREENHOUSE_01","data":{"timestamp":1777162142566,"deviceId":"ESP32_GREENHOUSE_01","event":"RESTLESS","level":82,"raw":329,"diff":329,"message":"Quiet Level: 82"}}
{"timestamp":1777162148614,"type":"alerts","deviceId":"ESP32_GREENHOUSE_01","data":{"timestamp":1777162148614,"deviceId":"ESP32_GREENHOUSE_01","event":"RESTLESS","level":83,"raw":335,"diff":335,"message":"Quiet Level: 83"}}
{"timestamp":1777162152646,"type":"alerts","deviceId":"ESP32_GREENHOUSE_01","data":{"timestamp":1777162152645,"deviceId":"ESP32_GREENHOUSE_01","event":"LIGHT_ACTIVITY","level":106,"raw":426,"diff":426,"message":"Quiet Level: 106"}}
{"timestamp":1777162158694,"type":"alerts","deviceId":"ESP32_GREENHOUSE_01","data":{"timestamp":1777162158694,"deviceId":"ESP32_GREENHOUSE_01","event":"LIGHT_ACTIVITY","level":117,"raw":471,"diff":471,"message":"Quiet Level: 117"}}
{"timestamp":1777162164746,"type":"alerts","deviceId":"ESP32_GREENHOUSE_01","data":{"timestamp":1777162164746,"deviceId":"ESP32_GREENHOUSE_01","event":"LIGHT_ACTIVITY","level":97,"raw":390,"diff":390,"message":"Quiet Level: 97"}}
{"timestamp":1777162170799,"type":"alerts","deviceId":"ESP32_GREENHOUSE_01","data":{"timestamp":1777162170799,"deviceId":"ESP32_GREENHOUSE_01","event":"LIGHT_ACTIVITY","level":127,"raw":510,"diff":510,"message":"Quiet Level: 127"}}
{"timestamp":1777162174855,"type":"alerts","deviceId":"ESP32_GREENHOUSE_01","data":{"timestamp":1777162174854,"deviceId":"ESP32_GREENHOUSE_01","event":"RESTLESS","level":112,"raw":450,"diff":450,"message":"Quiet Level: 112"}}
{"timestamp":1777162180902,"type":"alerts","deviceId":"ESP32_GREENHOUSE_01","data":{"timestamp":1777162180902,"deviceId":"ESP32_GREENHOUSE_01","event":"RESTLESS","level":153,"raw":615,"diff":615,"message":"Light Activity Level: 153"}}
{"timestamp":1777162186950,"type":"alerts","deviceId":"ESP32_GREENHOUSE_01","data":{"timestamp":1777162186950,"deviceId":"ESP32_GREENHOUSE_01","event":"RESTLESS","level":124,"raw":498,"diff":498,"message":"Quiet Level: 124"}}
{"timestamp":1777162193005,"type":"alerts","deviceId":"ESP32_GREENHOUSE_01","data":{"timestamp":1777162193005,"deviceId":"ESP32_GREENHOUSE_01","event":"RESTLESS","level":113,"raw":452,"diff":452,"message":"Quiet Level: 113"}}
{"timestamp":1777162199053,"type":"alerts","deviceId":"ESP32_GREENHOUSE_01","data":{"timestamp":1777162199052,"deviceId":"ESP32_GREENHOUSE_01","event":"RESTLESS","level":152,"raw":610,"diff":610,"message":"Light Activity Level: 152"}}
{"timestamp":1777162205135,"type":"alerts","deviceId":"ESP32_GREENHOUSE_01","data":{"timestamp":1777162205135,"deviceId":"ESP32_GREENHOUSE_01","event":"RESTLESS","level":187,"raw":749,"diff":749,"message":"Restless Level: 187"}}
{"timestamp":1777162211174,"type":"alerts","deviceId":"ESP32_GREENHOUSE_01","data":{"timestamp":1777162211173,"deviceId":"ESP32_GREENHOUSE_01","event":"RESTLESS","level":140,"raw":563,"diff":563,"message":"Light Activity Level: 140"}}
{"timestamp":1777162217222,"type":"alerts","deviceId":"ESP32_GREENHOUSE_01","data":{"timestamp":1777162217222,"deviceId":"ESP32_GREENHOUSE_01","event":"RESTLESS","level":99,"raw":399,"diff":399,"message":"Quiet Level: 99"}}
{"timestamp":1777162223280,"type":"alerts","deviceId":"ESP32_GREENHOUSE_01","data":{"timestamp":1777162223280,"deviceId":"ESP32_GREENHOUSE_01","event":"LIGHT_ACTIVITY","level":94,"raw":376,"diff":376,"message":"Quiet Level: 94"}}
{"timestamp":1777162227307,"type":"alerts","deviceId":"ESP32_GREENHOUSE_01","data":{"timestamp":1777162227307,"deviceId":"ESP32_GREENHOUSE_01","event":"RESTLESS","level":152,"raw":611,"diff":611,"message":"Light Activity Level: 152"}}
{"timestamp":1777162233382,"type":"alerts","deviceId":"ESP32_GREENHOUSE_01","data":{"timestamp":1777162233382,"deviceId":"ESP32_GREENHOUSE_01","event":"LIGHT_ACTIVITY","level":73,"raw":294,"diff":294,"message":"Quiet Level: 73"}}
{"timestamp":1777162239430,"type":"alerts","deviceId":"ESP32_GREENHOUSE_01","data":{"timestamp":1777162239430,"deviceId":"ESP32_GREENHOUSE_01","event":"LIGHT_ACTIVITY","level":124,"raw":498,"diff":498,"message":"Quiet Level: 124"}}
{"timestamp":1777162245480,"type":"alerts","deviceId":"ESP32_GREENHOUSE_01","data":{"timestamp":1777162245480,"deviceId":"ESP32_GREENHOUSE_01","event":"LIGHT_ACTIVITY","level":105,"raw":422,"diff":422,"message":"Quiet Level: 105"}}
{"timestamp":1777162249510,"type":"alerts","deviceId":"ESP32_GREENHOUSE_01","data":{"timestamp":1777162249510,"deviceId":"ESP32_GREENHOUSE_01","event":"RESTLESS","level":285,"raw":1140,"diff":1140,"message":"Restless Level: 285"}}
{"timestamp":1777162255612,"type":"alerts","deviceId":"ESP32_GREENHOUSE_01","data":{"timestamp":1777162255611,"deviceId":"ESP32_GREENHOUSE_01","event":"RESTLESS","level":132,"raw":531,"diff":531,"message":"Quiet Level: 132"}}
{"timestamp":1777162261621,"type":"alerts","deviceId":"ESP32_GREENHOUSE_01","data":{"timestamp":1777162261621,"deviceId":"ESP32_GREENHOUSE_01","event":"RESTLESS","level":136,"raw":546,"diff":546,"message":"Light Activity Level: 136"}}
{"timestamp":1777162267689,"type":"alerts","deviceId":"ESP32_GREENHOUSE_01","data":{"timestamp":1777162267689,"deviceId":"ESP32_GREENHOUSE_01","event":"RESTLESS","level":303,"raw":1212,"diff":1212,"message":"CRYING DETECTED! ⚠️ Level: 303"}}
{"timestamp":1777162273734,"type":"alerts","deviceId":"ESP32_GREENHOUSE_01","data":{"timestamp":1777162273734,"deviceId":"ESP32_GREENHOUSE_01","event":"RESTLESS","level":146,"raw":586,"diff":586,"message":"CRYING DETECTED! ⚠️ Level: 146"}}
{"timestamp":1777162279782,"type":"alerts","deviceId":"ESP32_GREENHOUSE_01","data":{"timestamp":1777162279782,"deviceId":"ESP32_GREENHOUSE_01","event":"RESTLESS","level":181,"raw":726,"diff":726,"message":"Restless Level: 181"}}
{"timestamp":1777162285832,"type":"alerts","deviceId":"ESP32_GREENHOUSE_01","data":{"timestamp":1777162285832,"deviceId":"ESP32_GREENHOUSE_01","event":"RESTLESS","level":155,"raw":621,"diff":621,"message":"Light Activity Level: 155"}}
{"timestamp":1777162291887,"type":"alerts","deviceId":"ESP32_GREENHOUSE_01","data":{"timestamp":1777162291887,"deviceId":"ESP32_GREENHOUSE_01","event":"RESTLESS","level":100,"raw":402,"diff":402,"message":"Quiet Level: 100"}}
{"timestamp":1777162297958,"type":"alerts","deviceId":"ESP32_GREENHOUSE_01","data":{"timestamp":1777162297958,"deviceId":"ESP32_GREENHOUSE_01","event":"RESTLESS","level":152,"raw":610,"diff":610,"message":"Light Activity Level: 152"}}
{"timestamp":1777162304011,"type":"alerts","deviceId":"ESP32_GREENHOUSE_01","data":{"timestamp":1777162304011,"deviceId":"ESP32_GREENHOUSE_01","event":"RESTLESS","level":122,"raw":488,"diff":488,"message":"Quiet Level: 122"}}
{"timestamp":1777162310055,"type":"alerts","deviceId":"ESP32_GREENHOUSE_01","data":{"timestamp":1777162310055,"deviceId":"ESP32_GREENHOUSE_01","event":"RESTLESS","level":133,"raw":533,"diff":533,"message":"Quiet Level: 133"}}
{"timestamp":1777162316104,"type":"alerts","deviceId":"ESP32_GREENHOUSE_01","data":{"timestamp":1777162316104,"deviceId":"ESP32_GREENHOUSE_01","event":"RESTLESS","level":263,"raw":1055,"diff":1055,"message":"Restless Level: 263"}}
{"timestamp":1777162322158,"type":"alerts","deviceId":"ESP32_GREENHOUSE_01","data":{"timestamp":1777162322158,"deviceId":"ESP32_GREENHOUSE_01","event":"RESTLESS","level":97,"raw":389,"diff":389,"message":"Quiet Level: 97"}}
{"timestamp":1777162328236,"type":"alerts","deviceId":"ESP32_GREENHOUSE_01","data":{"timestamp":1777162328236,"deviceId":"ESP32_GREENHOUSE_01","event":"RESTLESS","level":91,"raw":365,"diff":365,"message":"Quiet Level: 91"}}
{"timestamp":1777162334279,"type":"alerts","deviceId":"ESP32_GREENHOUSE_01","data":{"timestamp":1777162334279,"deviceId":"ESP32_GREENHOUSE_01","event":"RESTLESS","level":99,"raw":397,"diff":397,"message":"Quiet Level: 99"}}
{"timestamp":1777162340327,"type":"alerts","deviceId":"ESP32_GREENHOUSE_01","data":{"timestamp":1777162340327,"deviceId":"ESP32_GREENHOUSE_01","event":"RESTLESS","level":110,"raw":443,"diff":443,"message":"Quiet Level: 110"}}
{"timestamp":1777162346377,"type":"alerts","deviceId":"ESP32_GREENHOUSE_01","data":{"timestamp":1777162346377,"deviceId":"ESP32_GREENHOUSE_01","event":"RESTLESS","level":203,"raw":812,"diff":812,"message":"Restless Level: 203"}}
{"timestamp":1777162352435,"type":"alerts","deviceId":"ESP32_GREENHOUSE_01","data":{"timestamp":1777162352435,"deviceId":"ESP32_GREENHOUSE_01","event":"RESTLESS","level":207,"raw":828,"diff":828,"message":"Restless Level: 207"}}
{"timestamp":1777162358503,"type":"alerts","deviceId":"ESP32_GREENHOUSE_01","data":{"timestamp":1777162358503,"deviceId":"ESP32_GREENHOUSE_01","event":"RESTLESS","level":142,"raw":570,"diff":570,"message":"Light Activity Level: 142"}}
{"timestamp":1777162365914,"type":"alerts","deviceId":"ESP32_GREENHOUSE_01","data":{"timestamp":1777162365913,"deviceId":"ESP32_GREENHOUSE_01","event":"RESTLESS","level":126,"raw":504,"diff":504,"message":"Quiet Level: 126"}}
{"timestamp":1777162372615,"type":"alerts","deviceId":"ESP32_GREENHOUSE_01","data":{"timestamp":1777162372615,"deviceId":"ESP32_GREENHOUSE_01","event":"RESTLESS","level":113,"raw":452,"diff":452,"message":"Quiet Level: 113"}}
{"timestamp":1777162378674,"type":"alerts","deviceId":"ESP32_GREENHOUSE_01","data":{"timestamp":1777162378674,"deviceId":"ESP32_GREENHOUSE_01","event":"RESTLESS","level":138,"raw":554,"diff":554,"message":"Light Activity Level: 138"}}
{"timestamp":1777162384723,"type":"alerts","deviceId":"ESP32_GREENHOUSE_01","data":{"timestamp":1777162384723,"deviceId":"ESP32_GREENHOUSE_01","event":"RESTLESS","level":121,"raw":485,"diff":485,"message":"Quiet Level: 121"}}
{"timestamp":1777162390791,"type":"alerts","deviceId":"ESP32_GREENHOUSE_01","data":{"timestamp":1777162390791,"deviceId":"ESP32_GREENHOUSE_01","event":"RESTLESS","level":153,"raw":612,"diff":612,"message":"Light Activity Level: 153"}}
{"timestamp":1777162396845,"type":"alerts","deviceId":"ESP32_GREENHOUSE_01","data":{"timestamp":1777162396845,"deviceId":"ESP32_GREENHOUSE_01","event":"RESTLESS","level":194,"raw":777,"diff":777,"message":"Restless Level: 194"}}
{"timestamp":1777162402887,"type":"alerts","deviceId":"ESP32_GREENHOUSE_01","data":{"timestamp":1777162402887,"deviceId":"ESP32_GREENHOUSE_01","event":"RESTLESS","level":86,"raw":344,"diff":344,"message":"Quiet Level: 86"}}
{"timestamp":1777162408938,"type":"alerts","deviceId":"ESP32_GREENHOUSE_01","data":{"timestamp":1777162408938,"deviceId":"ESP32_GREENHOUSE_01","event":"RESTLESS","level":141,"raw":566,"diff":566,"message":"Light Activity Level: 141"}}
{"timestamp":1777162415404,"type":"alerts","deviceId":"ESP32_GREENHOUSE_01","data":{"timestamp":1777162415404,"deviceId":"ESP32_GREENHOUSE_01","event":"RESTLESS","level":120,"raw":480,"diff":480,"message":"Quiet Level: 120"}}
{"timestamp":1777162422411,"type":"alerts","deviceId":"ESP32_GREENHOUSE_01","data":{"timestamp":1777162422411,"deviceId":"ESP32_GREENHOUSE_01","event":"RESTLESS","level":148,"raw":592,"diff":592,"message":"Light Activity Level: 148"}}
{"timestamp":1777162429131,"type":"alerts","deviceId":"ESP32_GREENHOUSE_01","data":{"timestamp":1777162429131,"deviceId":"ESP32_GREENHOUSE_01","event":"RESTLESS","level":199,"raw":797,"diff":797,"message":"CRYING DETECTED! ⚠️ Level: 199"}}
{"timestamp":1777162435176,"type":"alerts","deviceId":"ESP32_GREENHOUSE_01","data":{"timestamp":1777162435176,"deviceId":"ESP32_GREENHOUSE_01","event":"RESTLESS","level":108,"raw":432,"diff":432,"message":"Quiet Level: 108"}}
{"timestamp":1777162441228,"type":"alerts","deviceId":"ESP32_GREENHOUSE_01","data":{"timestamp":1777162441228,"deviceId":"ESP32_GREENHOUSE_01","event":"RESTLESS","level":115,"raw":460,"diff":460,"message":"Quiet Level: 115"}}
{"timestamp":1777162447303,"type":"alerts","deviceId":"ESP32_GREENHOUSE_01","data":{"timestamp":1777162447303,"deviceId":"ESP32_GREENHOUSE_01","event":"RESTLESS","level":153,"raw":614,"diff":614,"message":"Light Activity Level: 153"}}
{"timestamp":1777162453351,"type":"alerts","deviceId":"ESP32_GREENHOUSE_01","data":{"timestamp":1777162453351,"deviceId":"ESP32_GREENHOUSE_01","event":"RESTLESS","level":132,"raw":530,"diff":530,"message":"Quiet Level: 132"}}
{"timestamp":1777162459399,"type":"alerts","deviceId":"ESP32_GREENHOUSE_01","data":{"timestamp":1777162459399,"deviceId":"ESP32_GREENHOUSE_01","event":"RESTLESS","level":266,"raw":1064,"diff":1064,"message":"Restless Level: 266"}}
{"timestamp":1777162465453,"type":"alerts","deviceId":"ESP32_GREENHOUSE_01","data":{"timestamp":1777162465453,"deviceId":"ESP32_GREENHOUSE_01","event":"RESTLESS","level":135,"raw":543,"diff":543,"message":"Light Activity Level: 135"}}
{"timestamp":1777162471506,"type":"alerts","deviceId":"ESP32_GREENHOUSE_01","data":{"timestamp":1777162471506,"deviceId":"ESP32_GREENHOUSE_01","event":"RESTLESS","level":155,"raw":621,"diff":621,"message":"Light Activity Level: 155"}}
{"timestamp":1777162477583,"type":"alerts","deviceId":"ESP32_GREENHOUSE_01","data":{"timestamp":1777162477583,"deviceId":"ESP32_GREENHOUSE_01","event":"RESTLESS","level":169,"raw":678,"diff":678,"message":"Light Activity Level: 169"}}
{"timestamp":1777162483623,"type":"alerts","deviceId":"ESP32_GREENHOUSE_01","data":{"timestamp":1777162483623,"deviceId":"ESP32_GREENHOUSE_01","event":"RESTLESS","level":75,"raw":301,"diff":301,"message":"Quiet Level: 75"}}
{"timestamp":1777162489674,"type":"alerts","deviceId":"ESP32_GREENHOUSE_01","data":{"timestamp":1777162489673,"deviceId":"ESP32_GREENHOUSE_01","event":"RESTLESS","level":124,"raw":499,"diff":499,"message":"Quiet Level: 124"}}
{"timestamp":1777162495719,"type":"alerts","deviceId":"ESP32_GREENHOUSE_01","data":{"timestamp":1777162495719,"deviceId":"ESP32_GREENHOUSE_01","event":"RESTLESS","level":131,"raw":527,"diff":527,"message":"Quiet Level: 131"}}
{"timestamp":1777162501772,"type":"alerts","deviceId":"ESP32_GREENHOUSE_01","data":{"timestamp":1777162501772,"deviceId":"ESP32_GREENHOUSE_01","event":"RESTLESS","level":132,"raw":531,"diff":531,"message":"Quiet Level: 132"}}
{"timestamp":1777162507847,"type":"alerts","deviceId":"ESP32_GREENHOUSE_01","data":{"timestamp":1777162507847,"deviceId":"ESP32_GREENHOUSE_01","event":"RESTLESS","level":147,"raw":591,"diff":591,"message":"Light Activity Level: 147"}}
{"timestamp":1777162513900,"type":"alerts","deviceId":"ESP32_GREENHOUSE_01","data":{"timestamp":1777162513899,"deviceId":"ESP32_GREENHOUSE_01","event":"RESTLESS","level":167,"raw":669,"diff":669,"message":"Light Activity Level: 167"}}
{"timestamp":1777162519945,"type":"alerts","deviceId":"ESP32_GREENHOUSE_01","data":{"timestamp":1777162519944,"deviceId":"ESP32_GREENHOUSE_01","event":"RESTLESS","level":147,"raw":590,"diff":590,"message":"Light Activity Level: 147"}}
{"timestamp":1777162525991,"type":"alerts","deviceId":"ESP32_GREENHOUSE_01","data":{"timestamp":1777162525991,"deviceId":"ESP32_GREENHOUSE_01","event":"RESTLESS","level":142,"raw":568,"diff":568,"message":"Light Activity Level: 142"}}
{"timestamp":1777162532044,"type":"alerts","deviceId":"ESP32_GREENHOUSE_01","data":{"timestamp":1777162532044,"deviceId":"ESP32_GREENHOUSE_01","event":"RESTLESS","level":153,"raw":613,"diff":613,"message":"Light Activity Level: 153"}}
{"timestamp":1777162538098,"type":"alerts","deviceId":"ESP32_GREENHOUSE_01","data":{"timestamp":1777162538098,"deviceId":"ESP32_GREENHOUSE_01","event":"RESTLESS","level":210,"raw":843,"diff":843,"message":"Restless Level: 210"}}
{"timestamp":1777162544169,"type":"alerts","deviceId":"ESP32_GREENHOUSE_01","data":{"timestamp":1777162544169,"deviceId":"ESP32_GREENHOUSE_01","event":"RESTLESS","level":141,"raw":566,"diff":566,"message":"Light Activity Level: 141"}}
{"timestamp":1777162550226,"type":"alerts","deviceId":"ESP32_GREENHOUSE_01","data":{"timestamp":1777162550226,"deviceId":"ESP32_GREENHOUSE_01","event":"RESTLESS","level":147,"raw":591,"diff":591,"message":"Light Activity Level: 147"}}
{"timestamp":1777162556264,"type":"alerts","deviceId":"ESP32_GREENHOUSE_01","data":{"timestamp":1777162556264,"deviceId":"ESP32_GREENHOUSE_01","event":"RESTLESS","level":164,"raw":656,"diff":656,"message":"Light Activity Level: 164"}}
{"timestamp":1777162562315,"type":"alerts","deviceId":"ESP32_GREENHOUSE_01","data":{"timestamp":1777162562315,"deviceId":"ESP32_GREENHOUSE_01","event":"RESTLESS","level":143,"raw":573,"diff":573,"message":"Light Activity Level: 143"}}
{"timestamp":1777162568370,"type":"alerts","deviceId":"ESP32_GREENHOUSE_01","data":{"timestamp":1777162568370,"deviceId":"ESP32_GREENHOUSE_01","event":"RESTLESS","level":163,"raw":654,"diff":654,"message":"Light Activity Level: 163"}}
{"timestamp":1777162574440,"type":"alerts","deviceId":"ESP32_GREENHOUSE_01","data":{"timestamp":1777162574440,"deviceId":"ESP32_GREENHOUSE_01","event":"RESTLESS","level":128,"raw":512,"diff":512,"message":"Quiet Level: 128"}}
{"timestamp":1777162580488,"type":"alerts","deviceId":"ESP32_GREENHOUSE_01","data":{"timestamp":1777162580488,"deviceId":"ESP32_GREENHOUSE_01","event":"RESTLESS","level":312,"raw":1248,"diff":1248,"message":"Restless Level: 312"}}
{"timestamp":1777162586537,"type":"alerts","deviceId":"ESP32_GREENHOUSE_01","data":{"timestamp":1777162586537,"deviceId":"ESP32_GREENHOUSE_01","event":"RESTLESS","level":99,"raw":397,"diff":397,"message":"Quiet Level: 99"}}
{"timestamp":1777162592587,"type":"alerts","deviceId":"ESP32_GREENHOUSE_01","data":{"timestamp":1777162592587,"deviceId":"ESP32_GREENHOUSE_01","event":"RESTLESS","level":176,"raw":707,"diff":707,"message":"Light Activity Level: 176"}}
{"timestamp":1777162598641,"type":"alerts","deviceId":"ESP32_GREENHOUSE_01","data":{"timestamp":1777162598641,"deviceId":"ESP32_GREENHOUSE_01","event":"RESTLESS","level":81,"raw":325,"diff":325,"message":"Quiet Level: 81"}}
{"timestamp":1777162604713,"type":"alerts","deviceId":"ESP32_GREENHOUSE_01","data":{"timestamp":1777162604713,"deviceId":"ESP32_GREENHOUSE_01","event":"RESTLESS","level":87,"raw":348,"diff":348,"message":"Quiet Level: 87"}}
{"timestamp":1777162610761,"type":"alerts","deviceId":"ESP32_GREENHOUSE_01","data":{"timestamp":1777162610761,"deviceId":"ESP32_GREENHOUSE_01","event":"RESTLESS","level":145,"raw":581,"diff":581,"message":"Light Activity Level: 145"}}
{"timestamp":1777162612777,"type":"alerts","deviceId":"ESP32_GREENHOUSE_01","data":{"timestamp":1777162612776,"deviceId":"ESP32_GREENHOUSE_01","event":"LIGHT_ACTIVITY","level":91,"raw":365,"diff":365,"message":"Quiet Level: 91"}}
{"timestamp":1777162618825,"type":"alerts","deviceId":"ESP32_GREENHOUSE_01","data":{"timestamp":1777162618825,"deviceId":"ESP32_GREENHOUSE_01","event":"LIGHT_ACTIVITY","level":136,"raw":544,"diff":544,"message":"Light Activity Level: 136"}}
{"timestamp":1777162624877,"type":"alerts","deviceId":"ESP32_GREENHOUSE_01","data":{"timestamp":1777162624877,"deviceId":"ESP32_GREENHOUSE_01","event":"LIGHT_ACTIVITY","level":454,"raw":1818,"diff":1818,"message":"Restless Level: 454"}}
{"timestamp":1777162630953,"type":"alerts","deviceId":"ESP32_GREENHOUSE_01","data":{"timestamp":1777162630953,"deviceId":"ESP32_GREENHOUSE_01","event":"LIGHT_ACTIVITY","level":106,"raw":424,"diff":424,"message":"Quiet Level: 106"}}
{"timestamp":1777162637001,"type":"alerts","deviceId":"ESP32_GREENHOUSE_01","data":{"timestamp":1777162637000,"deviceId":"ESP32_GREENHOUSE_01","event":"LIGHT_ACTIVITY","level":115,"raw":460,"diff":460,"message":"Quiet Level: 115"}}
{"timestamp":1777162639017,"type":"alerts","deviceId":"ESP32_GREENHOUSE_01","data":{"timestamp":1777162639017,"deviceId":"ESP32_GREENHOUSE_01","event":"RESTLESS","level":320,"raw":1283,"diff":1283,"message":"Restless Level: 320"}}
{"timestamp":1777162645066,"type":"alerts","deviceId":"ESP32_GREENHOUSE_01","data":{"timestamp":1777162645066,"deviceId":"ESP32_GREENHOUSE_01","event":"RESTLESS","level":140,"raw":561,"diff":561,"message":"Light Activity Level: 140"}}
{"timestamp":1777162651113,"type":"alerts","deviceId":"ESP32_GREENHOUSE_01","data":{"timestamp":1777162651113,"deviceId":"ESP32_GREENHOUSE_01","event":"RESTLESS","level":173,"raw":694,"diff":694,"message":"Light Activity Level: 173"}}
{"timestamp":1777162657167,"type":"alerts","deviceId":"ESP32_GREENHOUSE_01","data":{"timestamp":1777162657166,"deviceId":"ESP32_GREENHOUSE_01","event":"RESTLESS","level":85,"raw":343,"diff":343,"message":"Quiet Level: 85"}}
{"timestamp":1777162663241,"type":"alerts","deviceId":"ESP32_GREENHOUSE_01","data":{"timestamp":1777162663241,"deviceId":"ESP32_GREENHOUSE_01","event":"RESTLESS","level":110,"raw":443,"diff":443,"message":"Quiet Level: 110"}}
{"timestamp":1777162669289,"type":"alerts","deviceId":"ESP32_GREENHOUSE_01","data":{"timestamp":1777162669289,"deviceId":"ESP32_GREENHOUSE_01","event":"RESTLESS","level":178,"raw":714,"diff":714,"message":"Light Activity Level: 178"}}
{"timestamp":1777162675337,"type":"alerts","deviceId":"ESP32_GREENHOUSE_01","data":{"timestamp":1777162675337,"deviceId":"ESP32_GREENHOUSE_01","event":"RESTLESS","level":118,"raw":475,"diff":475,"message":"Quiet Level: 118"}}
{"timestamp":1777162681385,"type":"alerts","deviceId":"ESP32_GREENHOUSE_01","data":{"timestamp":1777162681385,"deviceId":"ESP32_GREENHOUSE_01","event":"RESTLESS","level":135,"raw":541,"diff":541,"message":"Quiet Level: 135"}}
{"timestamp":1777162687439,"type":"alerts","deviceId":"ESP32_GREENHOUSE_01","data":{"timestamp":1777162687438,"deviceId":"ESP32_GREENHOUSE_01","event":"RESTLESS","level":143,"raw":575,"diff":575,"message":"Light Activity Level: 143"}}
{"timestamp":1777162693515,"type":"alerts","deviceId":"ESP32_GREENHOUSE_01","data":{"timestamp":1777162693515,"deviceId":"ESP32_GREENHOUSE_01","event":"RESTLESS","level":205,"raw":820,"diff":820,"message":"Restless Level: 205"}}
{"timestamp":1777162699569,"type":"alerts","deviceId":"ESP32_GREENHOUSE_01","data":{"timestamp":1777162699569,"deviceId":"ESP32_GREENHOUSE_01","event":"RESTLESS","level":187,"raw":749,"diff":749,"message":"Restless Level: 187"}}
{"timestamp":1777162705609,"type":"alerts","deviceId":"ESP32_GREENHOUSE_01","data":{"timestamp":1777162705609,"deviceId":"ESP32_GREENHOUSE_01","event":"RESTLESS","level":209,"raw":839,"diff":839,"message":"Restless Level: 209"}}
{"timestamp":1777162711657,"type":"alerts","deviceId":"ESP32_GREENHOUSE_01","data":{"timestamp":1777162711657,"deviceId":"ESP32_GREENHOUSE_01","event":"RESTLESS","level":185,"raw":741,"diff":741,"message":"Restless Level: 185"}}
{"timestamp":1777162717721,"type":"alerts","deviceId":"ESP32_GREENHOUSE_01","data":{"timestamp":1777162717720,"deviceId":"ESP32_GREENHOUSE_01","event":"RESTLESS","level":125,"raw":503,"diff":503,"message":"Quiet Level: 125"}}
{"timestamp":1777162723785,"type":"alerts","deviceId":"ESP32_GREENHOUSE_01","data":{"timestamp":1777162723785,"deviceId":"ESP32_GREENHOUSE_01","event":"RESTLESS","level":215,"raw":863,"diff":863,"message":"Restless Level: 215"}}
{"timestamp":1777162729833,"type":"alerts","deviceId":"ESP32_GREENHOUSE_01","data":{"timestamp":1777162729833,"deviceId":"ESP32_GREENHOUSE_01","event":"RESTLESS","level":202,"raw":810,"diff":810,"message":"CRYING DETECTED! ⚠️ Level: 202"}}
{"timestamp":1777162735881,"type":"alerts","deviceId":"ESP32_GREENHOUSE_01","data":{"timestamp":1777162735881,"deviceId":"ESP32_GREENHOUSE_01","event":"RESTLESS","level":135,"raw":541,"diff":541,"message":"Quiet Level: 135"}}
{"timestamp":1777162741929,"type":"alerts","deviceId":"ESP32_GREENHOUSE_01","data":{"timestamp":1777162741929,"deviceId":"ESP32_GREENHOUSE_01","event":"RESTLESS","level":204,"raw":819,"diff":819,"message":"Restless Level: 204"}}
{"timestamp":1777162747982,"type":"alerts","deviceId":"ESP32_GREENHOUSE_01","data":{"timestamp":1777162747982,"deviceId":"ESP32_GREENHOUSE_01","event":"RESTLESS","level":206,"raw":825,"diff":825,"message":"Restless Level: 206"}}
{"timestamp":1777162754057,"type":"alerts","deviceId":"ESP32_GREENHOUSE_01","data":{"timestamp":1777162754057,"deviceId":"ESP32_GREENHOUSE_01","event":"RESTLESS","level":311,"raw":1245,"diff":1245,"message":"CRYING DETECTED! ⚠️ Level: 311"}}
{"timestamp":1777162760105,"type":"alerts","deviceId":"ESP32_GREENHOUSE_01","data":{"timestamp":1777162760105,"deviceId":"ESP32_GREENHOUSE_01","event":"RESTLESS","level":253,"raw":1014,"diff":1014,"message":"CRYING DETECTED! ⚠️ Level: 253"}}
{"timestamp":1777162766154,"type":"alerts","deviceId":"ESP32_GREENHOUSE_01","data":{"timestamp":1777162766153,"deviceId":"ESP32_GREENHOUSE_01","event":"RESTLESS","level":191,"raw":766,"diff":766,"message":"CRYING DETECTED! ⚠️ Level: 191"}}
{"timestamp":1777162772202,"type":"alerts","deviceId":"ESP32_GREENHOUSE_01","data":{"timestamp":1777162772202,"deviceId":"ESP32_GREENHOUSE_01","event":"RESTLESS","level":259,"raw":1037,"diff":1037,"message":"CRYING DETECTED! ⚠️ Level: 259"}}
{"timestamp":1777162778261,"type":"alerts","deviceId":"ESP32_GREENHOUSE_01","data":{"timestamp":1777162778261,"deviceId":"ESP32_GREENHOUSE_01","event":"RESTLESS","level":129,"raw":516,"diff":516,"message":"Quiet Level: 129"}}
{"timestamp":1777162784308,"type":"alerts","deviceId":"ESP32_GREENHOUSE_01","data":{"timestamp":1777162784308,"deviceId":"ESP32_GREENHOUSE_01","event":"RESTLESS","level":209,"raw":838,"diff":838,"message":"CRYING DETECTED! ⚠️ Level: 209"}}
{"timestamp":1777162790378,"type":"alerts","deviceId":"ESP32_GREENHOUSE_01","data":{"timestamp":1777162790378,"deviceId":"ESP32_GREENHOUSE_01","event":"RESTLESS","level":110,"raw":440,"diff":440,"message":"Quiet Level: 110"}}
{"timestamp":1777162796427,"type":"alerts","deviceId":"ESP32_GREENHOUSE_01","data":{"timestamp":1777162796427,"deviceId":"ESP32_GREENHOUSE_01","event":"RESTLESS","level":102,"raw":408,"diff":408,"message":"Quiet Level: 102"}}
{"timestamp":1777162802474,"type":"alerts","deviceId":"ESP32_GREENHOUSE_01","data":{"timestamp":1777162802474,"deviceId":"ESP32_GREENHOUSE_01","event":"RESTLESS","level":124,"raw":496,"diff":496,"message":"Quiet Level: 124"}}
{"timestamp":1777162808525,"type":"alerts","deviceId":"ESP32_GREENHOUSE_01","data":{"timestamp":1777162808525,"deviceId":"ESP32_GREENHOUSE_01","event":"RESTLESS","level":193,"raw":772,"diff":772,"message":"Restless Level: 193"}}
{"timestamp":1777162814580,"type":"alerts","deviceId":"ESP32_GREENHOUSE_01","data":{"timestamp":1777162814580,"deviceId":"ESP32_GREENHOUSE_01","event":"RESTLESS","level":121,"raw":486,"diff":486,"message":"Quiet Level: 121"}}
{"timestamp":1777162820651,"type":"alerts","deviceId":"ESP32_GREENHOUSE_01","data":{"timestamp":1777162820651,"deviceId":"ESP32_GREENHOUSE_01","event":"RESTLESS","level":129,"raw":516,"diff":516,"message":"Quiet Level: 129"}}
{"timestamp":1777162826697,"type":"alerts","deviceId":"ESP32_GREENHOUSE_01","data":{"timestamp":1777162826697,"deviceId":"ESP32_GREENHOUSE_01","event":"RESTLESS","level":151,"raw":605,"diff":605,"message":"Light Activity Level: 151"}}
{"timestamp":1777162832746,"type":"alerts","deviceId":"ESP32_GREENHOUSE_01","data":{"timestamp":1777162832746,"deviceId":"ESP32_GREENHOUSE_01","event":"RESTLESS","level":132,"raw":530,"diff":530,"message":"Quiet Level: 132"}}
{"timestamp":1777162838797,"type":"alerts","deviceId":"ESP32_GREENHOUSE_01","data":{"timestamp":1777162838797,"deviceId":"ESP32_GREENHOUSE_01","event":"RESTLESS","level":193,"raw":772,"diff":772,"message":"Restless Level: 193"}}
{"timestamp":1777162844851,"type":"alerts","deviceId":"ESP32_GREENHOUSE_01","data":{"timestamp":1777162844851,"deviceId":"ESP32_GREENHOUSE_01","event":"RESTLESS","level":184,"raw":739,"diff":739,"message":"Restless Level: 184"}}
{"timestamp":1777162850924,"type":"alerts","deviceId":"ESP32_GREENHOUSE_01","data":{"timestamp":1777162850924,"deviceId":"ESP32_GREENHOUSE_01","event":"RESTLESS","level":182,"raw":729,"diff":729,"message":"Restless Level: 182"}}
{"timestamp":1777162856972,"type":"alerts","deviceId":"ESP32_GREENHOUSE_01","data":{"timestamp":1777162856972,"deviceId":"ESP32_GREENHOUSE_01","event":"RESTLESS","level":134,"raw":537,"diff":537,"message":"Quiet Level: 134"}}
{"timestamp":1777162863018,"type":"alerts","deviceId":"ESP32_GREENHOUSE_01","data":{"timestamp":1777162863018,"deviceId":"ESP32_GREENHOUSE_01","event":"RESTLESS","level":138,"raw":554,"diff":554,"message":"Light Activity Level: 138"}}
{"timestamp":1777162869069,"type":"alerts","deviceId":"ESP32_GREENHOUSE_01","data":{"timestamp":1777162869069,"deviceId":"ESP32_GREENHOUSE_01","event":"RESTLESS","level":204,"raw":819,"diff":819,"message":"Restless Level: 204"}}
{"timestamp":1777162875126,"type":"alerts","deviceId":"ESP32_GREENHOUSE_01","data":{"timestamp":1777162875126,"deviceId":"ESP32_GREENHOUSE_01","event":"RESTLESS","level":289,"raw":1159,"diff":1159,"message":"CRYING DETECTED! ⚠️ Level: 289"}}
{"timestamp":1777162881194,"type":"alerts","deviceId":"ESP32_GREENHOUSE_01","data":{"timestamp":1777162881194,"deviceId":"ESP32_GREENHOUSE_01","event":"RESTLESS","level":216,"raw":867,"diff":867,"message":"CRYING DETECTED! ⚠️ Level: 216"}}
{"timestamp":1777162887246,"type":"alerts","deviceId":"ESP32_GREENHOUSE_01","data":{"timestamp":1777162887246,"deviceId":"ESP32_GREENHOUSE_01","event":"RESTLESS","level":195,"raw":780,"diff":780,"message":"CRYING DETECTED! ⚠️ Level: 195"}}
{"timestamp":1777162893291,"type":"alerts","deviceId":"ESP32_GREENHOUSE_01","data":{"timestamp":1777162893291,"deviceId":"ESP32_GREENHOUSE_01","event":"RESTLESS","level":382,"raw":1531,"diff":1531,"message":"CRYING DETECTED! ⚠️ Level: 382"}}
{"timestamp":1777162899341,"type":"alerts","deviceId":"ESP32_GREENHOUSE_01","data":{"timestamp":1777162899341,"deviceId":"ESP32_GREENHOUSE_01","event":"RESTLESS","level":195,"raw":780,"diff":780,"message":"CRYING DETECTED! ⚠️ Level: 195"}}
{"timestamp":1777162905395,"type":"alerts","deviceId":"ESP32_GREENHOUSE_01","data":{"timestamp":1777162905395,"deviceId":"ESP32_GREENHOUSE_01","event":"RESTLESS","level":156,"raw":624,"diff":624,"message":"CRYING DETECTED! ⚠️ Level: 156"}}
{"timestamp":1777162911466,"type":"alerts","deviceId":"ESP32_GREENHOUSE_01","data":{"timestamp":1777162911466,"deviceId":"ESP32_GREENHOUSE_01","event":"RESTLESS","level":224,"raw":898,"diff":898,"message":"CRYING DETECTED! ⚠️ Level: 224"}}
{"timestamp":1777162917515,"type":"alerts","deviceId":"ESP32_GREENHOUSE_01","data":{"timestamp":1777162917514,"deviceId":"ESP32_GREENHOUSE_01","event":"RESTLESS","level":125,"raw":501,"diff":501,"message":"CRYING DETECTED! ⚠️ Level: 125"}}
{"timestamp":1777162923565,"type":"alerts","deviceId":"ESP32_GREENHOUSE_01","data":{"timestamp":1777162923565,"deviceId":"ESP32_GREENHOUSE_01","event":"RESTLESS","level":111,"raw":447,"diff":447,"message":"CRYING DETECTED! ⚠️ Level: 111"}}
{"timestamp":1777162929612,"type":"alerts","deviceId":"ESP32_GREENHOUSE_01","data":{"timestamp":1777162929612,"deviceId":"ESP32_GREENHOUSE_01","event":"RESTLESS","level":341,"raw":1365,"diff":1365,"message":"Restless Level: 341"}}
{"timestamp":1777162935667,"type":"alerts","deviceId":"ESP32_GREENHOUSE_01","data":{"timestamp":1777162935667,"deviceId":"ESP32_GREENHOUSE_01","event":"RESTLESS","level":126,"raw":507,"diff":507,"message":"Quiet Level: 126"}}
{"timestamp":1777162941739,"type":"alerts","deviceId":"ESP32_GREENHOUSE_01","data":{"timestamp":1777162941739,"deviceId":"ESP32_GREENHOUSE_01","event":"RESTLESS","level":172,"raw":688,"diff":688,"message":"Light Activity Level: 172"}}
{"timestamp":1777162947789,"type":"alerts","deviceId":"ESP32_GREENHOUSE_01","data":{"timestamp":1777162947789,"deviceId":"ESP32_GREENHOUSE_01","event":"RESTLESS","level":331,"raw":1326,"diff":1326,"message":"Restless Level: 331"}}
{"timestamp":1777162953835,"type":"alerts","deviceId":"ESP32_GREENHOUSE_01","data":{"timestamp":1777162953835,"deviceId":"ESP32_GREENHOUSE_01","event":"RESTLESS","level":142,"raw":571,"diff":571,"message":"Light Activity Level: 142"}}
{"timestamp":1777162959885,"type":"alerts","deviceId":"ESP32_GREENHOUSE_01","data":{"timestamp":1777162959884,"deviceId":"ESP32_GREENHOUSE_01","event":"RESTLESS","level":143,"raw":573,"diff":573,"message":"Light Activity Level: 143"}}
{"timestamp":1777162965938,"type":"alerts","deviceId":"ESP32_GREENHOUSE_01","data":{"timestamp":1777162965938,"deviceId":"ESP32_GREENHOUSE_01","event":"RESTLESS","level":152,"raw":609,"diff":609,"message":"Light Activity Level: 152"}}
{"timestamp":1777162972011,"type":"alerts","deviceId":"ESP32_GREENHOUSE_01","data":{"timestamp":1777162972011,"deviceId":"ESP32_GREENHOUSE_01","event":"RESTLESS","level":216,"raw":866,"diff":866,"message":"Restless Level: 216"}}
{"timestamp":1777162978061,"type":"alerts","deviceId":"ESP32_GREENHOUSE_01","data":{"timestamp":1777162978061,"deviceId":"ESP32_GREENHOUSE_01","event":"RESTLESS","level":61,"raw":247,"diff":247,"message":"Quiet Level: 61"}}
{"timestamp":1777162984108,"type":"alerts","deviceId":"ESP32_GREENHOUSE_01","data":{"timestamp":1777162984107,"deviceId":"ESP32_GREENHOUSE_01","event":"RESTLESS","level":154,"raw":619,"diff":619,"message":"Light Activity Level: 154"}}
{"timestamp":1777162990184,"type":"alerts","deviceId":"ESP32_GREENHOUSE_01","data":{"timestamp":1777162990184,"deviceId":"ESP32_GREENHOUSE_01","event":"RESTLESS","level":56,"raw":226,"diff":226,"message":"Quiet Level: 56"}}
{"timestamp":1777162996214,"type":"alerts","deviceId":"ESP32_GREENHOUSE_01","data":{"timestamp":1777162996214,"deviceId":"ESP32_GREENHOUSE_01","event":"RESTLESS","level":70,"raw":282,"diff":282,"message":"Quiet Level: 70"}}
{"timestamp":1777162998261,"type":"alerts","deviceId":"ESP32_GREENHOUSE_01","data":{"timestamp":1777162998261,"deviceId":"ESP32_GREENHOUSE_01","event":"LIGHT_ACTIVITY","level":79,"raw":318,"diff":318,"message":"Quiet Level: 79"}}
{"timestamp":1777163004310,"type":"alerts","deviceId":"ESP32_GREENHOUSE_01","data":{"timestamp":1777163004310,"deviceId":"ESP32_GREENHOUSE_01","event":"LIGHT_ACTIVITY","level":59,"raw":239,"diff":239,"message":"Quiet Level: 59"}}
{"timestamp":1777163012371,"type":"alerts","deviceId":"ESP32_GREENHOUSE_01","data":{"timestamp":1777163012371,"deviceId":"ESP32_GREENHOUSE_01","event":"LIGHT_ACTIVITY","level":78,"raw":314,"diff":314,"message":"Quiet Level: 78"}}
{"timestamp":1777163022457,"type":"alerts","deviceId":"ESP32_GREENHOUSE_01","data":{"timestamp":1777163022457,"deviceId":"ESP32_GREENHOUSE_01","event":"LIGHT_ACTIVITY","level":71,"raw":284,"diff":284,"message":"Quiet Level: 71"}}
{"timestamp":1777163034571,"type":"alerts","deviceId":"ESP32_GREENHOUSE_01","data":{"timestamp":1777163034571,"deviceId":"ESP32_GREENHOUSE_01","event":"LIGHT_ACTIVITY","level":79,"raw":316,"diff":316,"message":"Quiet Level: 79"}}
{"timestamp":1777163040619,"type":"alerts","deviceId":"ESP32_GREENHOUSE_01","data":{"timestamp":1777163040619,"deviceId":"ESP32_GREENHOUSE_01","event":"LIGHT_ACTIVITY","level":58,"raw":232,"diff":232,"message":"Quiet Level: 58"}}
{"timestamp":1777163099156,"type":"alerts","deviceId":"ESP32_GREENHOUSE_01","data":{"timestamp":1777163099156,"deviceId":"ESP32_GREENHOUSE_01","event":"LIGHT_ACTIVITY","level":87,"raw":349,"diff":349,"message":"Quiet Level: 87"}}
{"timestamp":1777163113278,"type":"alerts","deviceId":"ESP32_GREENHOUSE_01","data":{"timestamp":1777163113278,"deviceId":"ESP32_GREENHOUSE_01","event":"LIGHT_ACTIVITY","level":90,"raw":363,"diff":363,"message":"Quiet Level: 90"}}
{"timestamp":1777163119319,"type":"alerts","deviceId":"ESP32_GREENHOUSE_01","data":{"timestamp":1777163119319,"deviceId":"ESP32_GREENHOUSE_01","event":"LIGHT_ACTIVITY","level":61,"raw":245,"diff":245,"message":"Quiet Level: 61"}}
{"timestamp":1777163127404,"type":"alerts","deviceId":"ESP32_GREENHOUSE_01","data":{"timestamp":1777163127404,"deviceId":"ESP32_GREENHOUSE_01","event":"LIGHT_ACTIVITY","level":71,"raw":286,"diff":286,"message":"Quiet Level: 71"}}
{"timestamp":1777163133452,"type":"alerts","deviceId":"ESP32_GREENHOUSE_01","data":{"timestamp":1777163133452,"deviceId":"ESP32_GREENHOUSE_01","event":"LIGHT_ACTIVITY","level":60,"raw":240,"diff":240,"message":"Quiet Level: 60"}}
{"timestamp":1777163139513,"type":"alerts","deviceId":"ESP32_GREENHOUSE_01","data":{"timestamp":1777163139513,"deviceId":"ESP32_GREENHOUSE_01","event":"LIGHT_ACTIVITY","level":62,"raw":249,"diff":249,"message":"Quiet Level: 62"}}
{"timestamp":1777173125362,"type":"alerts","deviceId":"ESP32_GREENHOUSE_01","data":{"timestamp":1777173125362,"deviceId":"ESP32_GREENHOUSE_01","event":"LIGHT_ACTIVITY","level":70,"raw":281,"diff":281,"message":"Quiet Level: 70"}}
{"timestamp":1777173139474,"type":"alerts","deviceId":"ESP32_GREENHOUSE_01","data":{"timestamp":1777173139474,"deviceId":"ESP32_GREENHOUSE_01","event":"LIGHT_ACTIVITY","level":84,"raw":336,"diff":336,"message":"Quiet Level: 84"}}
{"timestamp":1777173940696,"type":"alerts","deviceId":"ESP32_GREENHOUSE_01","data":{"timestamp":1777173940696,"deviceId":"ESP32_GREENHOUSE_01","event":"LIGHT_ACTIVITY","level":76,"raw":306,"diff":306,"message":"Quiet Level: 76"}}
{"timestamp":1777175825641,"type":"alerts","deviceId":"ESP32_GREENHOUSE_01","data":{"timestamp":1777175825641,"deviceId":"ESP32_GREENHOUSE_01","event":"LIGHT_ACTIVITY","level":92,"raw":369,"diff":369,"message":"Quiet Level: 92"}}
{"timestamp":1777175831689,"type":"alerts","deviceId":"ESP32_GREENHOUSE_01","data":{"timestamp":1777175831689,"deviceId":"ESP32_GREENHOUSE_01","event":"LIGHT_ACTIVITY","level":73,"raw":295,"diff":295,"message":"Quiet Level: 73"}}
{"timestamp":1777175837735,"type":"alerts","deviceId":"ESP32_GREENHOUSE_01","data":{"timestamp":1777175837735,"deviceId":"ESP32_GREENHOUSE_01","event":"LIGHT_ACTIVITY","level":50,"raw":200,"diff":200,"message":"Quiet Level: 50"}}
{"timestamp":1777175839750,"type":"alerts","deviceId":"ESP32_GREENHOUSE_01","data":{"timestamp":1777175839749,"deviceId":"ESP32_GREENHOUSE_01","event":"RESTLESS","level":129,"raw":516,"diff":516,"message":"Quiet Level: 129"}}
{"timestamp":1777175845802,"type":"alerts","deviceId":"ESP32_GREENHOUSE_01","data":{"timestamp":1777175845802,"deviceId":"ESP32_GREENHOUSE_01","event":"RESTLESS","level":115,"raw":461,"diff":461,"message":"Quiet Level: 115"}}
{"timestamp":1777175851880,"type":"alerts","deviceId":"ESP32_GREENHOUSE_01","data":{"timestamp":1777175851880,"deviceId":"ESP32_GREENHOUSE_01","event":"RESTLESS","level":103,"raw":412,"diff":412,"message":"Quiet Level: 103"}}
{"timestamp":1777175853894,"type":"alerts","deviceId":"ESP32_GREENHOUSE_01","data":{"timestamp":1777175853894,"deviceId":"ESP32_GREENHOUSE_01","event":"LIGHT_ACTIVITY","level":43,"raw":175,"diff":175,"message":"Quiet Level: 43"}}
{"timestamp":1777175868006,"type":"alerts","deviceId":"ESP32_GREENHOUSE_01","data":{"timestamp":1777175868006,"deviceId":"ESP32_GREENHOUSE_01","event":"LIGHT_ACTIVITY","level":87,"raw":351,"diff":351,"message":"Quiet Level: 87"}}
{"timestamp":1777175884168,"type":"alerts","deviceId":"ESP32_GREENHOUSE_01","data":{"timestamp":1777175884168,"deviceId":"ESP32_GREENHOUSE_01","event":"LIGHT_ACTIVITY","level":155,"raw":623,"diff":623,"message":"CRYING DETECTED! ⚠️ Level: 155"}}
{"timestamp":1777175890217,"type":"alerts","deviceId":"ESP32_GREENHOUSE_01","data":{"timestamp":1777175890217,"deviceId":"ESP32_GREENHOUSE_01","event":"LIGHT_ACTIVITY","level":63,"raw":253,"diff":253,"message":"Quiet Level: 63"}}
{"timestamp":1777175896262,"type":"alerts","deviceId":"ESP32_GREENHOUSE_01","data":{"timestamp":1777175896262,"deviceId":"ESP32_GREENHOUSE_01","event":"LIGHT_ACTIVITY","level":64,"raw":258,"diff":258,"message":"Quiet Level: 64"}}
{"timestamp":1777175902314,"type":"alerts","deviceId":"ESP32_GREENHOUSE_01","data":{"timestamp":1777175902314,"deviceId":"ESP32_GREENHOUSE_01","event":"LIGHT_ACTIVITY","level":78,"raw":314,"diff":314,"message":"Quiet Level: 78"}}
{"timestamp":1777175908368,"type":"alerts","deviceId":"ESP32_GREENHOUSE_01","data":{"timestamp":1777175908367,"deviceId":"ESP32_GREENHOUSE_01","event":"LIGHT_ACTIVITY","level":92,"raw":368,"diff":368,"message":"Quiet Level: 92"}}
{"timestamp":1777175918471,"type":"alerts","deviceId":"ESP32_GREENHOUSE_01","data":{"timestamp":1777175918471,"deviceId":"ESP32_GREENHOUSE_01","event":"LIGHT_ACTIVITY","level":85,"raw":342,"diff":342,"message":"Quiet Level: 85"}}
{"timestamp":1777175924518,"type":"alerts","deviceId":"ESP32_GREENHOUSE_01","data":{"timestamp":1777175924518,"deviceId":"ESP32_GREENHOUSE_01","event":"LIGHT_ACTIVITY","level":107,"raw":430,"diff":430,"message":"Quiet Level: 107"}}
{"timestamp":1777175930569,"type":"alerts","deviceId":"ESP32_GREENHOUSE_01","data":{"timestamp":1777175930569,"deviceId":"ESP32_GREENHOUSE_01","event":"LIGHT_ACTIVITY","level":117,"raw":468,"diff":468,"message":"Quiet Level: 117"}}
{"timestamp":1777175936625,"type":"alerts","deviceId":"ESP32_GREENHOUSE_01","data":{"timestamp":1777175936625,"deviceId":"ESP32_GREENHOUSE_01","event":"LIGHT_ACTIVITY","level":78,"raw":312,"diff":312,"message":"Quiet Level: 78"}}
{"timestamp":1777175942694,"type":"alerts","deviceId":"ESP32_GREENHOUSE_01","data":{"timestamp":1777175942694,"deviceId":"ESP32_GREENHOUSE_01","event":"LIGHT_ACTIVITY","level":97,"raw":391,"diff":391,"message":"Quiet Level: 97"}}
{"timestamp":1777175948743,"type":"alerts","deviceId":"ESP32_GREENHOUSE_01","data":{"timestamp":1777175948742,"deviceId":"ESP32_GREENHOUSE_01","event":"LIGHT_ACTIVITY","level":125,"raw":500,"diff":500,"message":"Quiet Level: 125"}}
{"timestamp":1777175954790,"type":"alerts","deviceId":"ESP32_GREENHOUSE_01","data":{"timestamp":1777175954790,"deviceId":"ESP32_GREENHOUSE_01","event":"LIGHT_ACTIVITY","level":131,"raw":526,"diff":526,"message":"Quiet Level: 131"}}
{"timestamp":1777175960842,"type":"alerts","deviceId":"ESP32_GREENHOUSE_01","data":{"timestamp":1777175960842,"deviceId":"ESP32_GREENHOUSE_01","event":"LIGHT_ACTIVITY","level":93,"raw":374,"diff":374,"message":"Quiet Level: 93"}}
{"timestamp":1777175966895,"type":"alerts","deviceId":"ESP32_GREENHOUSE_01","data":{"timestamp":1777175966895,"deviceId":"ESP32_GREENHOUSE_01","event":"LIGHT_ACTIVITY","level":115,"raw":461,"diff":461,"message":"Quiet Level: 115"}}
{"timestamp":1777175972967,"type":"alerts","deviceId":"ESP32_GREENHOUSE_01","data":{"timestamp":1777175972967,"deviceId":"ESP32_GREENHOUSE_01","event":"LIGHT_ACTIVITY","level":133,"raw":533,"diff":533,"message":"Quiet Level: 133"}}
{"timestamp":1777175976999,"type":"alerts","deviceId":"ESP32_GREENHOUSE_01","data":{"timestamp":1777175976999,"deviceId":"ESP32_GREENHOUSE_01","event":"RESTLESS","level":149,"raw":597,"diff":597,"message":"Light Activity Level: 149"}}
{"timestamp":1777175979015,"type":"alerts","deviceId":"ESP32_GREENHOUSE_01","data":{"timestamp":1777175979015,"deviceId":"ESP32_GREENHOUSE_01","event":"LIGHT_ACTIVITY","level":75,"raw":301,"diff":301,"message":"Quiet Level: 75"}}
{"timestamp":1777175985065,"type":"alerts","deviceId":"ESP32_GREENHOUSE_01","data":{"timestamp":1777175985065,"deviceId":"ESP32_GREENHOUSE_01","event":"LIGHT_ACTIVITY","level":93,"raw":372,"diff":372,"message":"Quiet Level: 93"}}
{"timestamp":1777175991113,"type":"alerts","deviceId":"ESP32_GREENHOUSE_01","data":{"timestamp":1777175991113,"deviceId":"ESP32_GREENHOUSE_01","event":"LIGHT_ACTIVITY","level":92,"raw":369,"diff":369,"message":"Quiet Level: 92"}}
{"timestamp":1777175997167,"type":"alerts","deviceId":"ESP32_GREENHOUSE_01","data":{"timestamp":1777175997167,"deviceId":"ESP32_GREENHOUSE_01","event":"LIGHT_ACTIVITY","level":118,"raw":473,"diff":473,"message":"Quiet Level: 118"}}
{"timestamp":1777176003239,"type":"alerts","deviceId":"ESP32_GREENHOUSE_01","data":{"timestamp":1777176003239,"deviceId":"ESP32_GREENHOUSE_01","event":"LIGHT_ACTIVITY","level":112,"raw":450,"diff":450,"message":"Quiet Level: 112"}}
{"timestamp":1777176009287,"type":"alerts","deviceId":"ESP32_GREENHOUSE_01","data":{"timestamp":1777176009287,"deviceId":"ESP32_GREENHOUSE_01","event":"LIGHT_ACTIVITY","level":101,"raw":404,"diff":404,"message":"Quiet Level: 101"}}
{"timestamp":1777176015335,"type":"alerts","deviceId":"ESP32_GREENHOUSE_01","data":{"timestamp":1777176015335,"deviceId":"ESP32_GREENHOUSE_01","event":"LIGHT_ACTIVITY","level":87,"raw":348,"diff":348,"message":"Quiet Level: 87"}}
{"timestamp":1777176021385,"type":"alerts","deviceId":"ESP32_GREENHOUSE_01","data":{"timestamp":1777176021385,"deviceId":"ESP32_GREENHOUSE_01","event":"LIGHT_ACTIVITY","level":107,"raw":431,"diff":431,"message":"Quiet Level: 107"}}
{"timestamp":1777176027440,"type":"alerts","deviceId":"ESP32_GREENHOUSE_01","data":{"timestamp":1777176027440,"deviceId":"ESP32_GREENHOUSE_01","event":"LIGHT_ACTIVITY","level":80,"raw":321,"diff":321,"message":"Quiet Level: 80"}}
{"timestamp":1777176033516,"type":"alerts","deviceId":"ESP32_GREENHOUSE_01","data":{"timestamp":1777176033516,"deviceId":"ESP32_GREENHOUSE_01","event":"LIGHT_ACTIVITY","level":73,"raw":293,"diff":293,"message":"Quiet Level: 73"}}
{"timestamp":1777176039559,"type":"alerts","deviceId":"ESP32_GREENHOUSE_01","data":{"timestamp":1777176039559,"deviceId":"ESP32_GREENHOUSE_01","event":"LIGHT_ACTIVITY","level":208,"raw":834,"diff":834,"message":"Restless Level: 208"}}
{"timestamp":1777176045607,"type":"alerts","deviceId":"ESP32_GREENHOUSE_01","data":{"timestamp":1777176045607,"deviceId":"ESP32_GREENHOUSE_01","event":"LIGHT_ACTIVITY","level":109,"raw":438,"diff":438,"message":"Quiet Level: 109"}}
{"timestamp":1777176051659,"type":"alerts","deviceId":"ESP32_GREENHOUSE_01","data":{"timestamp":1777176051658,"deviceId":"ESP32_GREENHOUSE_01","event":"LIGHT_ACTIVITY","level":151,"raw":606,"diff":606,"message":"Light Activity Level: 151"}}
{"timestamp":1777176057715,"type":"alerts","deviceId":"ESP32_GREENHOUSE_01","data":{"timestamp":1777176057715,"deviceId":"ESP32_GREENHOUSE_01","event":"LIGHT_ACTIVITY","level":92,"raw":371,"diff":371,"message":"Quiet Level: 92"}}
{"timestamp":1777176063783,"type":"alerts","deviceId":"ESP32_GREENHOUSE_01","data":{"timestamp":1777176063783,"deviceId":"ESP32_GREENHOUSE_01","event":"LIGHT_ACTIVITY","level":96,"raw":387,"diff":387,"message":"Quiet Level: 96"}}
{"timestamp":1777176069833,"type":"alerts","deviceId":"ESP32_GREENHOUSE_01","data":{"timestamp":1777176069833,"deviceId":"ESP32_GREENHOUSE_01","event":"LIGHT_ACTIVITY","level":95,"raw":382,"diff":382,"message":"Quiet Level: 95"}}
{"timestamp":1777176075885,"type":"alerts","deviceId":"ESP32_GREENHOUSE_01","data":{"timestamp":1777176075885,"deviceId":"ESP32_GREENHOUSE_01","event":"LIGHT_ACTIVITY","level":85,"raw":340,"diff":340,"message":"Quiet Level: 85"}}
{"timestamp":1777176081931,"type":"alerts","deviceId":"ESP32_GREENHOUSE_01","data":{"timestamp":1777176081931,"deviceId":"ESP32_GREENHOUSE_01","event":"LIGHT_ACTIVITY","level":85,"raw":340,"diff":340,"message":"Quiet Level: 85"}}
{"timestamp":1777176087984,"type":"alerts","deviceId":"ESP32_GREENHOUSE_01","data":{"timestamp":1777176087984,"deviceId":"ESP32_GREENHOUSE_01","event":"LIGHT_ACTIVITY","level":90,"raw":361,"diff":361,"message":"Quiet Level: 90"}}
{"timestamp":1777176094055,"type":"alerts","deviceId":"ESP32_GREENHOUSE_01","data":{"timestamp":1777176094055,"deviceId":"ESP32_GREENHOUSE_01","event":"LIGHT_ACTIVITY","level":87,"raw":348,"diff":348,"message":"Quiet Level: 87"}}
{"timestamp":1777176100103,"type":"alerts","deviceId":"ESP32_GREENHOUSE_01","data":{"timestamp":1777176100103,"deviceId":"ESP32_GREENHOUSE_01","event":"LIGHT_ACTIVITY","level":81,"raw":326,"diff":326,"message":"Quiet Level: 81"}}
{"timestamp":1777176106152,"type":"alerts","deviceId":"ESP32_GREENHOUSE_01","data":{"timestamp":1777176106152,"deviceId":"ESP32_GREENHOUSE_01","event":"LIGHT_ACTIVITY","level":93,"raw":374,"diff":374,"message":"Quiet Level: 93"}}
{"timestamp":1777176112201,"type":"alerts","deviceId":"ESP32_GREENHOUSE_01","data":{"timestamp":1777176112201,"deviceId":"ESP32_GREENHOUSE_01","event":"LIGHT_ACTIVITY","level":90,"raw":360,"diff":360,"message":"Quiet Level: 90"}}
{"timestamp":1777176118257,"type":"alerts","deviceId":"ESP32_GREENHOUSE_01","data":{"timestamp":1777176118257,"deviceId":"ESP32_GREENHOUSE_01","event":"LIGHT_ACTIVITY","level":90,"raw":362,"diff":362,"message":"Quiet Level: 90"}}
{"timestamp":1777176124328,"type":"alerts","deviceId":"ESP32_GREENHOUSE_01","data":{"timestamp":1777176124328,"deviceId":"ESP32_GREENHOUSE_01","event":"LIGHT_ACTIVITY","level":101,"raw":406,"diff":406,"message":"Quiet Level: 101"}}
{"timestamp":1777176130376,"type":"alerts","deviceId":"ESP32_GREENHOUSE_01","data":{"timestamp":1777176130376,"deviceId":"ESP32_GREENHOUSE_01","event":"LIGHT_ACTIVITY","level":103,"raw":412,"diff":412,"message":"Quiet Level: 103"}}
{"timestamp":1777176136425,"type":"alerts","deviceId":"ESP32_GREENHOUSE_01","data":{"timestamp":1777176136425,"deviceId":"ESP32_GREENHOUSE_01","event":"LIGHT_ACTIVITY","level":112,"raw":449,"diff":449,"message":"Quiet Level: 112"}}
{"timestamp":1777176142475,"type":"alerts","deviceId":"ESP32_GREENHOUSE_01","data":{"timestamp":1777176142475,"deviceId":"ESP32_GREENHOUSE_01","event":"LIGHT_ACTIVITY","level":121,"raw":484,"diff":484,"message":"Quiet Level: 121"}}
{"timestamp":1777176148551,"type":"alerts","deviceId":"ESP32_GREENHOUSE_01","data":{"timestamp":1777176148551,"deviceId":"ESP32_GREENHOUSE_01","event":"LIGHT_ACTIVITY","level":112,"raw":451,"diff":451,"message":"Quiet Level: 112"}}
{"timestamp":1777176154600,"type":"alerts","deviceId":"ESP32_GREENHOUSE_01","data":{"timestamp":1777176154600,"deviceId":"ESP32_GREENHOUSE_01","event":"LIGHT_ACTIVITY","level":128,"raw":515,"diff":515,"message":"Quiet Level: 128"}}
{"timestamp":1777176160651,"type":"alerts","deviceId":"ESP32_GREENHOUSE_01","data":{"timestamp":1777176160650,"deviceId":"ESP32_GREENHOUSE_01","event":"LIGHT_ACTIVITY","level":100,"raw":400,"diff":400,"message":"Quiet Level: 100"}}
{"timestamp":1777176166696,"type":"alerts","deviceId":"ESP32_GREENHOUSE_01","data":{"timestamp":1777176166696,"deviceId":"ESP32_GREENHOUSE_01","event":"LIGHT_ACTIVITY","level":103,"raw":415,"diff":415,"message":"Quiet Level: 103"}}
{"timestamp":1777176172745,"type":"alerts","deviceId":"ESP32_GREENHOUSE_01","data":{"timestamp":1777176172745,"deviceId":"ESP32_GREENHOUSE_01","event":"LIGHT_ACTIVITY","level":108,"raw":432,"diff":432,"message":"Quiet Level: 108"}}
{"timestamp":1777176178799,"type":"alerts","deviceId":"ESP32_GREENHOUSE_01","data":{"timestamp":1777176178799,"deviceId":"ESP32_GREENHOUSE_01","event":"LIGHT_ACTIVITY","level":83,"raw":335,"diff":335,"message":"Quiet Level: 83"}}
{"timestamp":1777176184872,"type":"alerts","deviceId":"ESP32_GREENHOUSE_01","data":{"timestamp":1777176184872,"deviceId":"ESP32_GREENHOUSE_01","event":"LIGHT_ACTIVITY","level":126,"raw":504,"diff":504,"message":"Quiet Level: 126"}}
{"timestamp":1777176190921,"type":"alerts","deviceId":"ESP32_GREENHOUSE_01","data":{"timestamp":1777176190921,"deviceId":"ESP32_GREENHOUSE_01","event":"LIGHT_ACTIVITY","level":96,"raw":385,"diff":385,"message":"Quiet Level: 96"}}
{"timestamp":1777176196968,"type":"alerts","deviceId":"ESP32_GREENHOUSE_01","data":{"timestamp":1777176196968,"deviceId":"ESP32_GREENHOUSE_01","event":"LIGHT_ACTIVITY","level":104,"raw":417,"diff":417,"message":"Quiet Level: 104"}}
{"timestamp":1777176203016,"type":"alerts","deviceId":"ESP32_GREENHOUSE_01","data":{"timestamp":1777176203016,"deviceId":"ESP32_GREENHOUSE_01","event":"LIGHT_ACTIVITY","level":100,"raw":402,"diff":402,"message":"Quiet Level: 100"}}
{"timestamp":1777176209071,"type":"alerts","deviceId":"ESP32_GREENHOUSE_01","data":{"timestamp":1777176209071,"deviceId":"ESP32_GREENHOUSE_01","event":"LIGHT_ACTIVITY","level":96,"raw":387,"diff":387,"message":"Quiet Level: 96"}}
{"timestamp":1777176215144,"type":"alerts","deviceId":"ESP32_GREENHOUSE_01","data":{"timestamp":1777176215144,"deviceId":"ESP32_GREENHOUSE_01","event":"LIGHT_ACTIVITY","level":95,"raw":382,"diff":382,"message":"Quiet Level: 95"}}
{"timestamp":1777176221193,"type":"alerts","deviceId":"ESP32_GREENHOUSE_01","data":{"timestamp":1777176221193,"deviceId":"ESP32_GREENHOUSE_01","event":"LIGHT_ACTIVITY","level":101,"raw":404,"diff":404,"message":"Quiet Level: 101"}}
{"timestamp":1777176227241,"type":"alerts","deviceId":"ESP32_GREENHOUSE_01","data":{"timestamp":1777176227241,"deviceId":"ESP32_GREENHOUSE_01","event":"LIGHT_ACTIVITY","level":101,"raw":405,"diff":405,"message":"Quiet Level: 101"}}
{"timestamp":1777176233288,"type":"alerts","deviceId":"ESP32_GREENHOUSE_01","data":{"timestamp":1777176233288,"deviceId":"ESP32_GREENHOUSE_01","event":"LIGHT_ACTIVITY","level":101,"raw":407,"diff":407,"message":"Quiet Level: 101"}}
{"timestamp":1777176239345,"type":"alerts","deviceId":"ESP32_GREENHOUSE_01","data":{"timestamp":1777176239345,"deviceId":"ESP32_GREENHOUSE_01","event":"LIGHT_ACTIVITY","level":107,"raw":428,"diff":428,"message":"Quiet Level: 107"}}
{"timestamp":1777176245419,"type":"alerts","deviceId":"ESP32_GREENHOUSE_01","data":{"timestamp":1777176245419,"deviceId":"ESP32_GREENHOUSE_01","event":"LIGHT_ACTIVITY","level":92,"raw":369,"diff":369,"message":"Quiet Level: 92"}}
{"timestamp":1777176251467,"type":"alerts","deviceId":"ESP32_GREENHOUSE_01","data":{"timestamp":1777176251467,"deviceId":"ESP32_GREENHOUSE_01","event":"LIGHT_ACTIVITY","level":134,"raw":539,"diff":539,"message":"Quiet Level: 134"}}
{"timestamp":1777176257512,"type":"alerts","deviceId":"ESP32_GREENHOUSE_01","data":{"timestamp":1777176257512,"deviceId":"ESP32_GREENHOUSE_01","event":"LIGHT_ACTIVITY","level":82,"raw":328,"diff":328,"message":"Quiet Level: 82"}}
{"timestamp":1777176263563,"type":"alerts","deviceId":"ESP32_GREENHOUSE_01","data":{"timestamp":1777176263563,"deviceId":"ESP32_GREENHOUSE_01","event":"LIGHT_ACTIVITY","level":119,"raw":479,"diff":479,"message":"Quiet Level: 119"}}
{"timestamp":1777176269613,"type":"alerts","deviceId":"ESP32_GREENHOUSE_01","data":{"timestamp":1777176269613,"deviceId":"ESP32_GREENHOUSE_01","event":"LIGHT_ACTIVITY","level":80,"raw":322,"diff":322,"message":"Quiet Level: 80"}}
{"timestamp":1777176275689,"type":"alerts","deviceId":"ESP32_GREENHOUSE_01","data":{"timestamp":1777176275689,"deviceId":"ESP32_GREENHOUSE_01","event":"LIGHT_ACTIVITY","level":107,"raw":429,"diff":429,"message":"Quiet Level: 107"}}
{"timestamp":1777176281739,"type":"alerts","deviceId":"ESP32_GREENHOUSE_01","data":{"timestamp":1777176281739,"deviceId":"ESP32_GREENHOUSE_01","event":"LIGHT_ACTIVITY","level":124,"raw":496,"diff":496,"message":"Quiet Level: 124"}}
{"timestamp":1777176287786,"type":"alerts","deviceId":"ESP32_GREENHOUSE_01","data":{"timestamp":1777176287786,"deviceId":"ESP32_GREENHOUSE_01","event":"LIGHT_ACTIVITY","level":114,"raw":456,"diff":456,"message":"Quiet Level: 114"}}
{"timestamp":1777176293834,"type":"alerts","deviceId":"ESP32_GREENHOUSE_01","data":{"timestamp":1777176293834,"deviceId":"ESP32_GREENHOUSE_01","event":"LIGHT_ACTIVITY","level":85,"raw":343,"diff":343,"message":"Quiet Level: 85"}}
{"timestamp":1777176299889,"type":"alerts","deviceId":"ESP32_GREENHOUSE_01","data":{"timestamp":1777176299889,"deviceId":"ESP32_GREENHOUSE_01","event":"LIGHT_ACTIVITY","level":109,"raw":438,"diff":438,"message":"Quiet Level: 109"}}
{"timestamp":1777176305939,"type":"alerts","deviceId":"ESP32_GREENHOUSE_01","data":{"timestamp":1777176305938,"deviceId":"ESP32_GREENHOUSE_01","event":"LIGHT_ACTIVITY","level":100,"raw":400,"diff":400,"message":"Quiet Level: 100"}}
{"timestamp":1777176312009,"type":"alerts","deviceId":"ESP32_GREENHOUSE_01","data":{"timestamp":1777176312009,"deviceId":"ESP32_GREENHOUSE_01","event":"LIGHT_ACTIVITY","level":138,"raw":553,"diff":553,"message":"Light Activity Level: 138"}}
{"timestamp":1777176318057,"type":"alerts","deviceId":"ESP32_GREENHOUSE_01","data":{"timestamp":1777176318057,"deviceId":"ESP32_GREENHOUSE_01","event":"LIGHT_ACTIVITY","level":105,"raw":421,"diff":421,"message":"Quiet Level: 105"}}
{"timestamp":1777176324107,"type":"alerts","deviceId":"ESP32_GREENHOUSE_01","data":{"timestamp":1777176324107,"deviceId":"ESP32_GREENHOUSE_01","event":"LIGHT_ACTIVITY","level":111,"raw":445,"diff":445,"message":"Quiet Level: 111"}}
{"timestamp":1777176330156,"type":"alerts","deviceId":"ESP32_GREENHOUSE_01","data":{"timestamp":1777176330156,"deviceId":"ESP32_GREENHOUSE_01","event":"LIGHT_ACTIVITY","level":136,"raw":546,"diff":546,"message":"Light Activity Level: 136"}}
{"timestamp":1777176336215,"type":"alerts","deviceId":"ESP32_GREENHOUSE_01","data":{"timestamp":1777176336215,"deviceId":"ESP32_GREENHOUSE_01","event":"LIGHT_ACTIVITY","level":105,"raw":420,"diff":420,"message":"Quiet Level: 105"}}
{"timestamp":1777176342284,"type":"alerts","deviceId":"ESP32_GREENHOUSE_01","data":{"timestamp":1777176342283,"deviceId":"ESP32_GREENHOUSE_01","event":"LIGHT_ACTIVITY","level":116,"raw":467,"diff":467,"message":"Quiet Level: 116"}}
{"timestamp":1777176348333,"type":"alerts","deviceId":"ESP32_GREENHOUSE_01","data":{"timestamp":1777176348333,"deviceId":"ESP32_GREENHOUSE_01","event":"LIGHT_ACTIVITY","level":97,"raw":390,"diff":390,"message":"Quiet Level: 97"}}
{"timestamp":1777176354377,"type":"alerts","deviceId":"ESP32_GREENHOUSE_01","data":{"timestamp":1777176354377,"deviceId":"ESP32_GREENHOUSE_01","event":"LIGHT_ACTIVITY","level":111,"raw":447,"diff":447,"message":"Quiet Level: 111"}}
{"timestamp":1777176360427,"type":"alerts","deviceId":"ESP32_GREENHOUSE_01","data":{"timestamp":1777176360427,"deviceId":"ESP32_GREENHOUSE_01","event":"LIGHT_ACTIVITY","level":101,"raw":405,"diff":405,"message":"Quiet Level: 101"}}
{"timestamp":1777176366484,"type":"alerts","deviceId":"ESP32_GREENHOUSE_01","data":{"timestamp":1777176366484,"deviceId":"ESP32_GREENHOUSE_01","event":"LIGHT_ACTIVITY","level":100,"raw":400,"diff":400,"message":"Quiet Level: 100"}}
{"timestamp":1777176372554,"type":"alerts","deviceId":"ESP32_GREENHOUSE_01","data":{"timestamp":1777176372554,"deviceId":"ESP32_GREENHOUSE_01","event":"LIGHT_ACTIVITY","level":149,"raw":597,"diff":597,"message":"Light Activity Level: 149"}}
{"timestamp":1777176378613,"type":"alerts","deviceId":"ESP32_GREENHOUSE_01","data":{"timestamp":1777176378613,"deviceId":"ESP32_GREENHOUSE_01","event":"LIGHT_ACTIVITY","level":111,"raw":446,"diff":446,"message":"Quiet Level: 111"}}
{"timestamp":1777176384653,"type":"alerts","deviceId":"ESP32_GREENHOUSE_01","data":{"timestamp":1777176384653,"deviceId":"ESP32_GREENHOUSE_01","event":"LIGHT_ACTIVITY","level":83,"raw":335,"diff":335,"message":"Quiet Level: 83"}}
{"timestamp":1777176390699,"type":"alerts","deviceId":"ESP32_GREENHOUSE_01","data":{"timestamp":1777176390699,"deviceId":"ESP32_GREENHOUSE_01","event":"LIGHT_ACTIVITY","level":93,"raw":375,"diff":375,"message":"Quiet Level: 93"}}
{"timestamp":1777176396753,"type":"alerts","deviceId":"ESP32_GREENHOUSE_01","data":{"timestamp":1777176396753,"deviceId":"ESP32_GREENHOUSE_01","event":"LIGHT_ACTIVITY","level":124,"raw":497,"diff":497,"message":"Quiet Level: 124"}}
{"timestamp":1777176402831,"type":"alerts","deviceId":"ESP32_GREENHOUSE_01","data":{"timestamp":1777176402829,"deviceId":"ESP32_GREENHOUSE_01","event":"LIGHT_ACTIVITY","level":113,"raw":453,"diff":453,"message":"Quiet Level: 113"}}
{"timestamp":1777176406858,"type":"alerts","deviceId":"ESP32_GREENHOUSE_01","data":{"timestamp":1777176406858,"deviceId":"ESP32_GREENHOUSE_01","event":"RESTLESS","level":159,"raw":637,"diff":637,"message":"Light Activity Level: 159"}}
{"timestamp":1777176408886,"type":"alerts","deviceId":"ESP32_GREENHOUSE_01","data":{"timestamp":1777176408874,"deviceId":"ESP32_GREENHOUSE_01","event":"LIGHT_ACTIVITY","level":111,"raw":444,"diff":444,"message":"Quiet Level: 111"}}
{"timestamp":1777176414922,"type":"alerts","deviceId":"ESP32_GREENHOUSE_01","data":{"timestamp":1777176414922,"deviceId":"ESP32_GREENHOUSE_01","event":"LIGHT_ACTIVITY","level":111,"raw":445,"diff":445,"message":"Quiet Level: 111"}}
{"timestamp":1777176420971,"type":"alerts","deviceId":"ESP32_GREENHOUSE_01","data":{"timestamp":1777176420971,"deviceId":"ESP32_GREENHOUSE_01","event":"LIGHT_ACTIVITY","level":91,"raw":364,"diff":364,"message":"Quiet Level: 91"}}
{"timestamp":1777176427146,"type":"alerts","deviceId":"ESP32_GREENHOUSE_01","data":{"timestamp":1777176427146,"deviceId":"ESP32_GREENHOUSE_01","event":"LIGHT_ACTIVITY","level":82,"raw":329,"diff":329,"message":"Quiet Level: 82"}}
{"timestamp":1777176433101,"type":"alerts","deviceId":"ESP32_GREENHOUSE_01","data":{"timestamp":1777176433101,"deviceId":"ESP32_GREENHOUSE_01","event":"LIGHT_ACTIVITY","level":98,"raw":392,"diff":392,"message":"Quiet Level: 98"}}
{"timestamp":1777176439147,"type":"alerts","deviceId":"ESP32_GREENHOUSE_01","data":{"timestamp":1777176439146,"deviceId":"ESP32_GREENHOUSE_01","event":"LIGHT_ACTIVITY","level":96,"raw":385,"diff":385,"message":"Quiet Level: 96"}}
{"timestamp":1777176445195,"type":"alerts","deviceId":"ESP32_GREENHOUSE_01","data":{"timestamp":1777176445195,"deviceId":"ESP32_GREENHOUSE_01","event":"LIGHT_ACTIVITY","level":247,"raw":991,"diff":991,"message":"Restless Level: 247"}}
{"timestamp":1777176451246,"type":"alerts","deviceId":"ESP32_GREENHOUSE_01","data":{"timestamp":1777176451246,"deviceId":"ESP32_GREENHOUSE_01","event":"LIGHT_ACTIVITY","level":141,"raw":566,"diff":566,"message":"Light Activity Level: 141"}}
{"timestamp":1777176453262,"type":"alerts","deviceId":"ESP32_GREENHOUSE_01","data":{"timestamp":1777176453262,"deviceId":"ESP32_GREENHOUSE_01","event":"RESTLESS","level":147,"raw":588,"diff":588,"message":"Light Activity Level: 147"}}
{"timestamp":1777176459316,"type":"alerts","deviceId":"ESP32_GREENHOUSE_01","data":{"timestamp":1777176459316,"deviceId":"ESP32_GREENHOUSE_01","event":"RESTLESS","level":156,"raw":626,"diff":626,"message":"Light Activity Level: 156"}}
{"timestamp":1777176465386,"type":"alerts","deviceId":"ESP32_GREENHOUSE_01","data":{"timestamp":1777176465386,"deviceId":"ESP32_GREENHOUSE_01","event":"RESTLESS","level":108,"raw":435,"diff":435,"message":"Quiet Level: 108"}}
{"timestamp":1777176471439,"type":"alerts","deviceId":"ESP32_GREENHOUSE_01","data":{"timestamp":1777176471439,"deviceId":"ESP32_GREENHOUSE_01","event":"RESTLESS","level":149,"raw":596,"diff":596,"message":"Light Activity Level: 149"}}
{"timestamp":1777176477482,"type":"alerts","deviceId":"ESP32_GREENHOUSE_01","data":{"timestamp":1777176477482,"deviceId":"ESP32_GREENHOUSE_01","event":"RESTLESS","level":97,"raw":390,"diff":390,"message":"Quiet Level: 97"}}
{"timestamp":1777176479498,"type":"alerts","deviceId":"ESP32_GREENHOUSE_01","data":{"timestamp":1777176479498,"deviceId":"ESP32_GREENHOUSE_01","event":"LIGHT_ACTIVITY","level":106,"raw":426,"diff":426,"message":"Quiet Level: 106"}}
{"timestamp":1777176485549,"type":"alerts","deviceId":"ESP32_GREENHOUSE_01","data":{"timestamp":1777176485549,"deviceId":"ESP32_GREENHOUSE_01","event":"LIGHT_ACTIVITY","level":103,"raw":413,"diff":413,"message":"Quiet Level: 103"}}
{"timestamp":1777176491606,"type":"alerts","deviceId":"ESP32_GREENHOUSE_01","data":{"timestamp":1777176491606,"deviceId":"ESP32_GREENHOUSE_01","event":"LIGHT_ACTIVITY","level":95,"raw":380,"diff":380,"message":"Quiet Level: 95"}}
{"timestamp":1777176497677,"type":"alerts","deviceId":"ESP32_GREENHOUSE_01","data":{"timestamp":1777176497677,"deviceId":"ESP32_GREENHOUSE_01","event":"LIGHT_ACTIVITY","level":106,"raw":427,"diff":427,"message":"Quiet Level: 106"}}
{"timestamp":1777176503723,"type":"alerts","deviceId":"ESP32_GREENHOUSE_01","data":{"timestamp":1777176503723,"deviceId":"ESP32_GREENHOUSE_01","event":"LIGHT_ACTIVITY","level":83,"raw":332,"diff":332,"message":"Quiet Level: 83"}}
{"timestamp":1777176509775,"type":"alerts","deviceId":"ESP32_GREENHOUSE_01","data":{"timestamp":1777176509775,"deviceId":"ESP32_GREENHOUSE_01","event":"LIGHT_ACTIVITY","level":97,"raw":390,"diff":390,"message":"Quiet Level: 97"}}
{"timestamp":1777176515822,"type":"alerts","deviceId":"ESP32_GREENHOUSE_01","data":{"timestamp":1777176515822,"deviceId":"ESP32_GREENHOUSE_01","event":"LIGHT_ACTIVITY","level":117,"raw":469,"diff":469,"message":"Quiet Level: 117"}}
{"timestamp":1777176521874,"type":"alerts","deviceId":"ESP32_GREENHOUSE_01","data":{"timestamp":1777176521874,"deviceId":"ESP32_GREENHOUSE_01","event":"LIGHT_ACTIVITY","level":99,"raw":399,"diff":399,"message":"Quiet Level: 99"}}
{"timestamp":1777176527947,"type":"alerts","deviceId":"ESP32_GREENHOUSE_01","data":{"timestamp":1777176527947,"deviceId":"ESP32_GREENHOUSE_01","event":"LIGHT_ACTIVITY","level":95,"raw":381,"diff":381,"message":"Quiet Level: 95"}}
{"timestamp":1777176533995,"type":"alerts","deviceId":"ESP32_GREENHOUSE_01","data":{"timestamp":1777176533995,"deviceId":"ESP32_GREENHOUSE_01","event":"LIGHT_ACTIVITY","level":84,"raw":339,"diff":339,"message":"Quiet Level: 84"}}
{"timestamp":1777176540045,"type":"alerts","deviceId":"ESP32_GREENHOUSE_01","data":{"timestamp":1777176540045,"deviceId":"ESP32_GREENHOUSE_01","event":"LIGHT_ACTIVITY","level":80,"raw":320,"diff":320,"message":"Quiet Level: 80"}}
{"timestamp":1777176546091,"type":"alerts","deviceId":"ESP32_GREENHOUSE_01","data":{"timestamp":1777176546091,"deviceId":"ESP32_GREENHOUSE_01","event":"LIGHT_ACTIVITY","level":90,"raw":361,"diff":361,"message":"Quiet Level: 90"}}
{"timestamp":1777176552146,"type":"alerts","deviceId":"ESP32_GREENHOUSE_01","data":{"timestamp":1777176552146,"deviceId":"ESP32_GREENHOUSE_01","event":"LIGHT_ACTIVITY","level":112,"raw":448,"diff":448,"message":"Quiet Level: 112"}}
{"timestamp":1777176558222,"type":"alerts","deviceId":"ESP32_GREENHOUSE_01","data":{"timestamp":1777176558222,"deviceId":"ESP32_GREENHOUSE_01","event":"LIGHT_ACTIVITY","level":97,"raw":389,"diff":389,"message":"Quiet Level: 97"}}
{"timestamp":1777176564267,"type":"alerts","deviceId":"ESP32_GREENHOUSE_01","data":{"timestamp":1777176564267,"deviceId":"ESP32_GREENHOUSE_01","event":"LIGHT_ACTIVITY","level":692,"raw":2769,"diff":2769,"message":"CRYING DETECTED! ⚠️ Level: 692"}}
{"timestamp":1777176570317,"type":"alerts","deviceId":"ESP32_GREENHOUSE_01","data":{"timestamp":1777176570317,"deviceId":"ESP32_GREENHOUSE_01","event":"LIGHT_ACTIVITY","level":127,"raw":508,"diff":508,"message":"Quiet Level: 127"}}
{"timestamp":1777176574348,"type":"alerts","deviceId":"ESP32_GREENHOUSE_01","data":{"timestamp":1777176574348,"deviceId":"ESP32_GREENHOUSE_01","event":"RESTLESS","level":115,"raw":463,"diff":463,"message":"Quiet Level: 115"}}
{"timestamp":1777176580404,"type":"alerts","deviceId":"ESP32_GREENHOUSE_01","data":{"timestamp":1777176580403,"deviceId":"ESP32_GREENHOUSE_01","event":"RESTLESS","level":118,"raw":475,"diff":475,"message":"Quiet Level: 118"}}
{"timestamp":1777176586453,"type":"alerts","deviceId":"ESP32_GREENHOUSE_01","data":{"timestamp":1777176586453,"deviceId":"ESP32_GREENHOUSE_01","event":"RESTLESS","level":129,"raw":519,"diff":519,"message":"Quiet Level: 129"}}
{"timestamp":1777176592528,"type":"alerts","deviceId":"ESP32_GREENHOUSE_01","data":{"timestamp":1777176592527,"deviceId":"ESP32_GREENHOUSE_01","event":"RESTLESS","level":104,"raw":417,"diff":417,"message":"Quiet Level: 104"}}
{"timestamp":1777176594539,"type":"alerts","deviceId":"ESP32_GREENHOUSE_01","data":{"timestamp":1777176594539,"deviceId":"ESP32_GREENHOUSE_01","event":"LIGHT_ACTIVITY","level":104,"raw":417,"diff":417,"message":"Quiet Level: 104"}}
{"timestamp":1777176600591,"type":"alerts","deviceId":"ESP32_GREENHOUSE_01","data":{"timestamp":1777176600591,"deviceId":"ESP32_GREENHOUSE_01","event":"LIGHT_ACTIVITY","level":94,"raw":378,"diff":378,"message":"Quiet Level: 94"}}
{"timestamp":1777176606635,"type":"alerts","deviceId":"ESP32_GREENHOUSE_01","data":{"timestamp":1777176606635,"deviceId":"ESP32_GREENHOUSE_01","event":"LIGHT_ACTIVITY","level":88,"raw":353,"diff":353,"message":"Quiet Level: 88"}}
{"timestamp":1777176612689,"type":"alerts","deviceId":"ESP32_GREENHOUSE_01","data":{"timestamp":1777176612689,"deviceId":"ESP32_GREENHOUSE_01","event":"LIGHT_ACTIVITY","level":96,"raw":385,"diff":385,"message":"Quiet Level: 96"}}
{"timestamp":1777176618765,"type":"alerts","deviceId":"ESP32_GREENHOUSE_01","data":{"timestamp":1777176618765,"deviceId":"ESP32_GREENHOUSE_01","event":"LIGHT_ACTIVITY","level":90,"raw":362,"diff":362,"message":"Quiet Level: 90"}}
{"timestamp":1777176624814,"type":"alerts","deviceId":"ESP32_GREENHOUSE_01","data":{"timestamp":1777176624814,"deviceId":"ESP32_GREENHOUSE_01","event":"LIGHT_ACTIVITY","level":107,"raw":429,"diff":429,"message":"Quiet Level: 107"}}
{"timestamp":1777176630859,"type":"alerts","deviceId":"ESP32_GREENHOUSE_01","data":{"timestamp":1777176630859,"deviceId":"ESP32_GREENHOUSE_01","event":"LIGHT_ACTIVITY","level":113,"raw":455,"diff":455,"message":"Quiet Level: 113"}}
{"timestamp":1777176636908,"type":"alerts","deviceId":"ESP32_GREENHOUSE_01","data":{"timestamp":1777176636908,"deviceId":"ESP32_GREENHOUSE_01","event":"LIGHT_ACTIVITY","level":99,"raw":397,"diff":397,"message":"Quiet Level: 99"}}
{"timestamp":1777176642959,"type":"alerts","deviceId":"ESP32_GREENHOUSE_01","data":{"timestamp":1777176642959,"deviceId":"ESP32_GREENHOUSE_01","event":"LIGHT_ACTIVITY","level":107,"raw":431,"diff":431,"message":"Quiet Level: 107"}}
{"timestamp":1777176649013,"type":"alerts","deviceId":"ESP32_GREENHOUSE_01","data":{"timestamp":1777176649013,"deviceId":"ESP32_GREENHOUSE_01","event":"LIGHT_ACTIVITY","level":91,"raw":364,"diff":364,"message":"Quiet Level: 91"}}
{"timestamp":1777176655094,"type":"alerts","deviceId":"ESP32_GREENHOUSE_01","data":{"timestamp":1777176655094,"deviceId":"ESP32_GREENHOUSE_01","event":"LIGHT_ACTIVITY","level":119,"raw":479,"diff":479,"message":"Quiet Level: 119"}}
{"timestamp":1777176661136,"type":"alerts","deviceId":"ESP32_GREENHOUSE_01","data":{"timestamp":1777176661135,"deviceId":"ESP32_GREENHOUSE_01","event":"LIGHT_ACTIVITY","level":175,"raw":701,"diff":701,"message":"Light Activity Level: 175"}}
{"timestamp":1777176667180,"type":"alerts","deviceId":"ESP32_GREENHOUSE_01","data":{"timestamp":1777176667180,"deviceId":"ESP32_GREENHOUSE_01","event":"LIGHT_ACTIVITY","level":115,"raw":462,"diff":462,"message":"Quiet Level: 115"}}
{"timestamp":1777176673233,"type":"alerts","deviceId":"ESP32_GREENHOUSE_01","data":{"timestamp":1777176673233,"deviceId":"ESP32_GREENHOUSE_01","event":"RESTLESS","level":140,"raw":562,"diff":562,"message":"Light Activity Level: 140"}}
{"timestamp":1777176679284,"type":"alerts","deviceId":"ESP32_GREENHOUSE_01","data":{"timestamp":1777176679284,"deviceId":"ESP32_GREENHOUSE_01","event":"RESTLESS","level":112,"raw":449,"diff":449,"message":"Quiet Level: 112"}}
{"timestamp":1777176685356,"type":"alerts","deviceId":"ESP32_GREENHOUSE_01","data":{"timestamp":1777176685356,"deviceId":"ESP32_GREENHOUSE_01","event":"RESTLESS","level":83,"raw":333,"diff":333,"message":"Quiet Level: 83"}}
{"timestamp":1777176691404,"type":"alerts","deviceId":"ESP32_GREENHOUSE_01","data":{"timestamp":1777176691404,"deviceId":"ESP32_GREENHOUSE_01","event":"RESTLESS","level":153,"raw":615,"diff":615,"message":"Light Activity Level: 153"}}
{"timestamp":1777176697452,"type":"alerts","deviceId":"ESP32_GREENHOUSE_01","data":{"timestamp":1777176697452,"deviceId":"ESP32_GREENHOUSE_01","event":"RESTLESS","level":94,"raw":376,"diff":376,"message":"Quiet Level: 94"}}
{"timestamp":1777176703503,"type":"alerts","deviceId":"ESP32_GREENHOUSE_01","data":{"timestamp":1777176703503,"deviceId":"ESP32_GREENHOUSE_01","event":"LIGHT_ACTIVITY","level":109,"raw":439,"diff":439,"message":"Quiet Level: 109"}}
{"timestamp":1777176709559,"type":"alerts","deviceId":"ESP32_GREENHOUSE_01","data":{"timestamp":1777176709559,"deviceId":"ESP32_GREENHOUSE_01","event":"LIGHT_ACTIVITY","level":104,"raw":417,"diff":417,"message":"Quiet Level: 104"}}
{"timestamp":1777176715637,"type":"alerts","deviceId":"ESP32_GREENHOUSE_01","data":{"timestamp":1777176715637,"deviceId":"ESP32_GREENHOUSE_01","event":"LIGHT_ACTIVITY","level":200,"raw":801,"diff":801,"message":"Restless Level: 200"}}
{"timestamp":1777176721675,"type":"alerts","deviceId":"ESP32_GREENHOUSE_01","data":{"timestamp":1777176721675,"deviceId":"ESP32_GREENHOUSE_01","event":"LIGHT_ACTIVITY","level":131,"raw":525,"diff":525,"message":"Quiet Level: 131"}}
{"timestamp":1777176727724,"type":"alerts","deviceId":"ESP32_GREENHOUSE_01","data":{"timestamp":1777176727724,"deviceId":"ESP32_GREENHOUSE_01","event":"LIGHT_ACTIVITY","level":116,"raw":465,"diff":465,"message":"Quiet Level: 116"}}
{"timestamp":1777176733773,"type":"alerts","deviceId":"ESP32_GREENHOUSE_01","data":{"timestamp":1777176733773,"deviceId":"ESP32_GREENHOUSE_01","event":"LIGHT_ACTIVITY","level":114,"raw":457,"diff":457,"message":"Quiet Level: 114"}}
{"timestamp":1777176739829,"type":"alerts","deviceId":"ESP32_GREENHOUSE_01","data":{"timestamp":1777176739828,"deviceId":"ESP32_GREENHOUSE_01","event":"RESTLESS","level":121,"raw":485,"diff":485,"message":"Quiet Level: 121"}}
{"timestamp":1777176745900,"type":"alerts","deviceId":"ESP32_GREENHOUSE_01","data":{"timestamp":1777176745900,"deviceId":"ESP32_GREENHOUSE_01","event":"RESTLESS","level":94,"raw":378,"diff":378,"message":"Quiet Level: 94"}}
{"timestamp":1777176751965,"type":"alerts","deviceId":"ESP32_GREENHOUSE_01","data":{"timestamp":1777176751965,"deviceId":"ESP32_GREENHOUSE_01","event":"RESTLESS","level":146,"raw":585,"diff":585,"message":"Light Activity Level: 146"}}
{"timestamp":1777176756029,"type":"alerts","deviceId":"ESP32_GREENHOUSE_01","data":{"timestamp":1777176756029,"deviceId":"ESP32_GREENHOUSE_01","event":"LIGHT_ACTIVITY","level":98,"raw":392,"diff":392,"message":"Quiet Level: 98"}}
{"timestamp":1777176762031,"type":"alerts","deviceId":"ESP32_GREENHOUSE_01","data":{"timestamp":1777176762030,"deviceId":"ESP32_GREENHOUSE_01","event":"RESTLESS","level":114,"raw":456,"diff":456,"message":"Quiet Level: 114"}}
{"timestamp":1777176768082,"type":"alerts","deviceId":"ESP32_GREENHOUSE_01","data":{"timestamp":1777176768082,"deviceId":"ESP32_GREENHOUSE_01","event":"RESTLESS","level":100,"raw":402,"diff":402,"message":"Quiet Level: 100"}}
{"timestamp":1777176770104,"type":"alerts","deviceId":"ESP32_GREENHOUSE_01","data":{"timestamp":1777176770104,"deviceId":"ESP32_GREENHOUSE_01","event":"LIGHT_ACTIVITY","level":109,"raw":438,"diff":438,"message":"Quiet Level: 109"}}
{"timestamp":1777176776173,"type":"alerts","deviceId":"ESP32_GREENHOUSE_01","data":{"timestamp":1777176776173,"deviceId":"ESP32_GREENHOUSE_01","event":"LIGHT_ACTIVITY","level":98,"raw":392,"diff":392,"message":"Quiet Level: 98"}}
{"timestamp":1777176782225,"type":"alerts","deviceId":"ESP32_GREENHOUSE_01","data":{"timestamp":1777176782225,"deviceId":"ESP32_GREENHOUSE_01","event":"LIGHT_ACTIVITY","level":100,"raw":402,"diff":402,"message":"Quiet Level: 100"}}
{"timestamp":1777176788271,"type":"alerts","deviceId":"ESP32_GREENHOUSE_01","data":{"timestamp":1777176788271,"deviceId":"ESP32_GREENHOUSE_01","event":"LIGHT_ACTIVITY","level":98,"raw":393,"diff":393,"message":"Quiet Level: 98"}}
{"timestamp":1777176794318,"type":"alerts","deviceId":"ESP32_GREENHOUSE_01","data":{"timestamp":1777176794318,"deviceId":"ESP32_GREENHOUSE_01","event":"LIGHT_ACTIVITY","level":110,"raw":440,"diff":440,"message":"Quiet Level: 110"}}
{"timestamp":1777176800370,"type":"alerts","deviceId":"ESP32_GREENHOUSE_01","data":{"timestamp":1777176800370,"deviceId":"ESP32_GREENHOUSE_01","event":"LIGHT_ACTIVITY","level":112,"raw":450,"diff":450,"message":"Quiet Level: 112"}}
{"timestamp":1777176806446,"type":"alerts","deviceId":"ESP32_GREENHOUSE_01","data":{"timestamp":1777176806446,"deviceId":"ESP32_GREENHOUSE_01","event":"LIGHT_ACTIVITY","level":120,"raw":483,"diff":483,"message":"Quiet Level: 120"}}
{"timestamp":1777176812494,"type":"alerts","deviceId":"ESP32_GREENHOUSE_01","data":{"timestamp":1777176812493,"deviceId":"ESP32_GREENHOUSE_01","event":"LIGHT_ACTIVITY","level":105,"raw":422,"diff":422,"message":"Quiet Level: 105"}}
{"timestamp":1777176818541,"type":"alerts","deviceId":"ESP32_GREENHOUSE_01","data":{"timestamp":1777176818541,"deviceId":"ESP32_GREENHOUSE_01","event":"LIGHT_ACTIVITY","level":100,"raw":403,"diff":403,"message":"Quiet Level: 100"}}
{"timestamp":1777176824589,"type":"alerts","deviceId":"ESP32_GREENHOUSE_01","data":{"timestamp":1777176824589,"deviceId":"ESP32_GREENHOUSE_01","event":"LIGHT_ACTIVITY","level":93,"raw":375,"diff":375,"message":"Quiet Level: 93"}}
{"timestamp":1777176830642,"type":"alerts","deviceId":"ESP32_GREENHOUSE_01","data":{"timestamp":1777176830642,"deviceId":"ESP32_GREENHOUSE_01","event":"LIGHT_ACTIVITY","level":332,"raw":1331,"diff":1331,"message":"Restless Level: 332"}}
{"timestamp":1777176836694,"type":"alerts","deviceId":"ESP32_GREENHOUSE_01","data":{"timestamp":1777176836694,"deviceId":"ESP32_GREENHOUSE_01","event":"LIGHT_ACTIVITY","level":88,"raw":352,"diff":352,"message":"Quiet Level: 88"}}
{"timestamp":1777176842765,"type":"alerts","deviceId":"ESP32_GREENHOUSE_01","data":{"timestamp":1777176842765,"deviceId":"ESP32_GREENHOUSE_01","event":"LIGHT_ACTIVITY","level":127,"raw":509,"diff":509,"message":"Quiet Level: 127"}}
{"timestamp":1777176848813,"type":"alerts","deviceId":"ESP32_GREENHOUSE_01","data":{"timestamp":1777176848813,"deviceId":"ESP32_GREENHOUSE_01","event":"LIGHT_ACTIVITY","level":85,"raw":341,"diff":341,"message":"Quiet Level: 85"}}
{"timestamp":1777176854861,"type":"alerts","deviceId":"ESP32_GREENHOUSE_01","data":{"timestamp":1777176854861,"deviceId":"ESP32_GREENHOUSE_01","event":"LIGHT_ACTIVITY","level":117,"raw":469,"diff":469,"message":"Quiet Level: 117"}}
{"timestamp":1777176860910,"type":"alerts","deviceId":"ESP32_GREENHOUSE_01","data":{"timestamp":1777176860910,"deviceId":"ESP32_GREENHOUSE_01","event":"LIGHT_ACTIVITY","level":111,"raw":446,"diff":446,"message":"Quiet Level: 111"}}
{"timestamp":1777176866964,"type":"alerts","deviceId":"ESP32_GREENHOUSE_01","data":{"timestamp":1777176866964,"deviceId":"ESP32_GREENHOUSE_01","event":"LIGHT_ACTIVITY","level":129,"raw":518,"diff":518,"message":"Quiet Level: 129"}}
{"timestamp":1777176873037,"type":"alerts","deviceId":"ESP32_GREENHOUSE_01","data":{"timestamp":1777176873037,"deviceId":"ESP32_GREENHOUSE_01","event":"LIGHT_ACTIVITY","level":88,"raw":355,"diff":355,"message":"Quiet Level: 88"}}
{"timestamp":1777176879085,"type":"alerts","deviceId":"ESP32_GREENHOUSE_01","data":{"timestamp":1777176879085,"deviceId":"ESP32_GREENHOUSE_01","event":"LIGHT_ACTIVITY","level":126,"raw":504,"diff":504,"message":"Quiet Level: 126"}}
{"timestamp":1777176883117,"type":"alerts","deviceId":"ESP32_GREENHOUSE_01","data":{"timestamp":1777176883117,"deviceId":"ESP32_GREENHOUSE_01","event":"RESTLESS","level":161,"raw":645,"diff":645,"message":"Light Activity Level: 161"}}
{"timestamp":1777176885139,"type":"alerts","deviceId":"ESP32_GREENHOUSE_01","data":{"timestamp":1777176885139,"deviceId":"ESP32_GREENHOUSE_01","event":"LIGHT_ACTIVITY","level":94,"raw":378,"diff":378,"message":"Quiet Level: 94"}}
{"timestamp":1777176891181,"type":"alerts","deviceId":"ESP32_GREENHOUSE_01","data":{"timestamp":1777176891181,"deviceId":"ESP32_GREENHOUSE_01","event":"LIGHT_ACTIVITY","level":96,"raw":386,"diff":386,"message":"Quiet Level: 96"}}
{"timestamp":1777176897235,"type":"alerts","deviceId":"ESP32_GREENHOUSE_01","data":{"timestamp":1777176897235,"deviceId":"ESP32_GREENHOUSE_01","event":"LIGHT_ACTIVITY","level":125,"raw":503,"diff":503,"message":"Quiet Level: 125"}}
{"timestamp":1777176903311,"type":"alerts","deviceId":"ESP32_GREENHOUSE_01","data":{"timestamp":1777176903311,"deviceId":"ESP32_GREENHOUSE_01","event":"LIGHT_ACTIVITY","level":88,"raw":352,"diff":352,"message":"Quiet Level: 88"}}
{"timestamp":1777176909358,"type":"alerts","deviceId":"ESP32_GREENHOUSE_01","data":{"timestamp":1777176909358,"deviceId":"ESP32_GREENHOUSE_01","event":"LIGHT_ACTIVITY","level":92,"raw":369,"diff":369,"message":"Quiet Level: 92"}}
{"timestamp":1777176915408,"type":"alerts","deviceId":"ESP32_GREENHOUSE_01","data":{"timestamp":1777176915408,"deviceId":"ESP32_GREENHOUSE_01","event":"LIGHT_ACTIVITY","level":94,"raw":378,"diff":378,"message":"Quiet Level: 94"}}
{"timestamp":1777176921454,"type":"alerts","deviceId":"ESP32_GREENHOUSE_01","data":{"timestamp":1777176921454,"deviceId":"ESP32_GREENHOUSE_01","event":"LIGHT_ACTIVITY","level":112,"raw":448,"diff":448,"message":"Quiet Level: 112"}}
{"timestamp":1777176927506,"type":"alerts","deviceId":"ESP32_GREENHOUSE_01","data":{"timestamp":1777176927506,"deviceId":"ESP32_GREENHOUSE_01","event":"LIGHT_ACTIVITY","level":131,"raw":524,"diff":524,"message":"Quiet Level: 131"}}
{"timestamp":1777176933561,"type":"alerts","deviceId":"ESP32_GREENHOUSE_01","data":{"timestamp":1777176933561,"deviceId":"ESP32_GREENHOUSE_01","event":"LIGHT_ACTIVITY","level":105,"raw":423,"diff":423,"message":"Quiet Level: 105"}}
{"timestamp":1777176939632,"type":"alerts","deviceId":"ESP32_GREENHOUSE_01","data":{"timestamp":1777176939632,"deviceId":"ESP32_GREENHOUSE_01","event":"LIGHT_ACTIVITY","level":235,"raw":943,"diff":943,"message":"Restless Level: 235"}}
{"timestamp":1777176945679,"type":"alerts","deviceId":"ESP32_GREENHOUSE_01","data":{"timestamp":1777176945679,"deviceId":"ESP32_GREENHOUSE_01","event":"LIGHT_ACTIVITY","level":103,"raw":415,"diff":415,"message":"Quiet Level: 103"}}
{"timestamp":1777176951726,"type":"alerts","deviceId":"ESP32_GREENHOUSE_01","data":{"timestamp":1777176951726,"deviceId":"ESP32_GREENHOUSE_01","event":"LIGHT_ACTIVITY","level":105,"raw":422,"diff":422,"message":"Quiet Level: 105"}}
{"timestamp":1777176957778,"type":"alerts","deviceId":"ESP32_GREENHOUSE_01","data":{"timestamp":1777176957778,"deviceId":"ESP32_GREENHOUSE_01","event":"LIGHT_ACTIVITY","level":111,"raw":445,"diff":445,"message":"Quiet Level: 111"}}
{"timestamp":1777176963832,"type":"alerts","deviceId":"ESP32_GREENHOUSE_01","data":{"timestamp":1777176963832,"deviceId":"ESP32_GREENHOUSE_01","event":"LIGHT_ACTIVITY","level":98,"raw":393,"diff":393,"message":"Quiet Level: 98"}}
{"timestamp":1777176969902,"type":"alerts","deviceId":"ESP32_GREENHOUSE_01","data":{"timestamp":1777176969902,"deviceId":"ESP32_GREENHOUSE_01","event":"LIGHT_ACTIVITY","level":99,"raw":398,"diff":398,"message":"Quiet Level: 99"}}
{"timestamp":1777176975951,"type":"alerts","deviceId":"ESP32_GREENHOUSE_01","data":{"timestamp":1777176975951,"deviceId":"ESP32_GREENHOUSE_01","event":"LIGHT_ACTIVITY","level":79,"raw":316,"diff":316,"message":"Quiet Level: 79"}}
{"timestamp":1777176981998,"type":"alerts","deviceId":"ESP32_GREENHOUSE_01","data":{"timestamp":1777176981997,"deviceId":"ESP32_GREENHOUSE_01","event":"LIGHT_ACTIVITY","level":137,"raw":548,"diff":548,"message":"Light Activity Level: 137"}}
{"timestamp":1777176988051,"type":"alerts","deviceId":"ESP32_GREENHOUSE_01","data":{"timestamp":1777176988051,"deviceId":"ESP32_GREENHOUSE_01","event":"LIGHT_ACTIVITY","level":115,"raw":461,"diff":461,"message":"Quiet Level: 115"}}
{"timestamp":1777176994102,"type":"alerts","deviceId":"ESP32_GREENHOUSE_01","data":{"timestamp":1777176994102,"deviceId":"ESP32_GREENHOUSE_01","event":"LIGHT_ACTIVITY","level":119,"raw":479,"diff":479,"message":"Quiet Level: 119"}}
{"timestamp":1777177000174,"type":"alerts","deviceId":"ESP32_GREENHOUSE_01","data":{"timestamp":1777177000174,"deviceId":"ESP32_GREENHOUSE_01","event":"LIGHT_ACTIVITY","level":130,"raw":521,"diff":521,"message":"Quiet Level: 130"}}
{"timestamp":1777177004206,"type":"alerts","deviceId":"ESP32_GREENHOUSE_01","data":{"timestamp":1777177004206,"deviceId":"ESP32_GREENHOUSE_01","event":"RESTLESS","level":229,"raw":918,"diff":918,"message":"Restless Level: 229"}}
{"timestamp":1777177010254,"type":"alerts","deviceId":"ESP32_GREENHOUSE_01","data":{"timestamp":1777177010254,"deviceId":"ESP32_GREENHOUSE_01","event":"RESTLESS","level":114,"raw":458,"diff":458,"message":"Quiet Level: 114"}}
{"timestamp":1777177016303,"type":"alerts","deviceId":"ESP32_GREENHOUSE_01","data":{"timestamp":1777177016303,"deviceId":"ESP32_GREENHOUSE_01","event":"RESTLESS","level":122,"raw":490,"diff":490,"message":"Quiet Level: 122"}}
{"timestamp":1777177022356,"type":"alerts","deviceId":"ESP32_GREENHOUSE_01","data":{"timestamp":1777177022356,"deviceId":"ESP32_GREENHOUSE_01","event":"RESTLESS","level":127,"raw":508,"diff":508,"message":"Quiet Level: 127"}}
{"timestamp":1777177028440,"type":"alerts","deviceId":"ESP32_GREENHOUSE_01","data":{"timestamp":1777177028440,"deviceId":"ESP32_GREENHOUSE_01","event":"RESTLESS","level":123,"raw":494,"diff":494,"message":"Quiet Level: 123"}}
{"timestamp":1777177034478,"type":"alerts","deviceId":"ESP32_GREENHOUSE_01","data":{"timestamp":1777177034478,"deviceId":"ESP32_GREENHOUSE_01","event":"RESTLESS","level":112,"raw":449,"diff":449,"message":"Quiet Level: 112"}}
{"timestamp":1777177040529,"type":"alerts","deviceId":"ESP32_GREENHOUSE_01","data":{"timestamp":1777177040529,"deviceId":"ESP32_GREENHOUSE_01","event":"RESTLESS","level":132,"raw":530,"diff":530,"message":"Quiet Level: 132"}}
{"timestamp":1777177046574,"type":"alerts","deviceId":"ESP32_GREENHOUSE_01","data":{"timestamp":1777177046574,"deviceId":"ESP32_GREENHOUSE_01","event":"RESTLESS","level":164,"raw":656,"diff":656,"message":"Light Activity Level: 164"}}
{"timestamp":1777177052627,"type":"alerts","deviceId":"ESP32_GREENHOUSE_01","data":{"timestamp":1777177052627,"deviceId":"ESP32_GREENHOUSE_01","event":"RESTLESS","level":124,"raw":497,"diff":497,"message":"Quiet Level: 124"}}
{"timestamp":1777177058702,"type":"alerts","deviceId":"ESP32_GREENHOUSE_01","data":{"timestamp":1777177058702,"deviceId":"ESP32_GREENHOUSE_01","event":"RESTLESS","level":264,"raw":1058,"diff":1058,"message":"Restless Level: 264"}}
{"timestamp":1777177064751,"type":"alerts","deviceId":"ESP32_GREENHOUSE_01","data":{"timestamp":1777177064751,"deviceId":"ESP32_GREENHOUSE_01","event":"RESTLESS","level":304,"raw":1217,"diff":1217,"message":"CRYING DETECTED! ⚠️ Level: 304"}}
{"timestamp":1777177070799,"type":"alerts","deviceId":"ESP32_GREENHOUSE_01","data":{"timestamp":1777177070799,"deviceId":"ESP32_GREENHOUSE_01","event":"RESTLESS","level":268,"raw":1072,"diff":1072,"message":"CRYING DETECTED! ⚠️ Level: 268"}}
{"timestamp":1777177076848,"type":"alerts","deviceId":"ESP32_GREENHOUSE_01","data":{"timestamp":1777177076848,"deviceId":"ESP32_GREENHOUSE_01","event":"RESTLESS","level":171,"raw":684,"diff":684,"message":"Light Activity Level: 171"}}
{"timestamp":1777177082901,"type":"alerts","deviceId":"ESP32_GREENHOUSE_01","data":{"timestamp":1777177082901,"deviceId":"ESP32_GREENHOUSE_01","event":"RESTLESS","level":166,"raw":666,"diff":666,"message":"Light Activity Level: 166"}}
{"timestamp":1777177088953,"type":"alerts","deviceId":"ESP32_GREENHOUSE_01","data":{"timestamp":1777177088953,"deviceId":"ESP32_GREENHOUSE_01","event":"RESTLESS","level":108,"raw":433,"diff":433,"message":"Quiet Level: 108"}}
{"timestamp":1777177095024,"type":"alerts","deviceId":"ESP32_GREENHOUSE_01","data":{"timestamp":1777177095024,"deviceId":"ESP32_GREENHOUSE_01","event":"RESTLESS","level":87,"raw":350,"diff":350,"message":"Quiet Level: 87"}}
{"timestamp":1777177101071,"type":"alerts","deviceId":"ESP32_GREENHOUSE_01","data":{"timestamp":1777177101071,"deviceId":"ESP32_GREENHOUSE_01","event":"RESTLESS","level":164,"raw":656,"diff":656,"message":"CRYING DETECTED! ⚠️ Level: 164"}}
{"timestamp":1777177107119,"type":"alerts","deviceId":"ESP32_GREENHOUSE_01","data":{"timestamp":1777177107119,"deviceId":"ESP32_GREENHOUSE_01","event":"RESTLESS","level":121,"raw":485,"diff":485,"message":"Quiet Level: 121"}}
{"timestamp":1777177111168,"type":"alerts","deviceId":"ESP32_GREENHOUSE_01","data":{"timestamp":1777177111168,"deviceId":"ESP32_GREENHOUSE_01","event":"LIGHT_ACTIVITY","level":108,"raw":435,"diff":435,"message":"Quiet Level: 108"}}
{"timestamp":1777177117208,"type":"alerts","deviceId":"ESP32_GREENHOUSE_01","data":{"timestamp":1777177117208,"deviceId":"ESP32_GREENHOUSE_01","event":"RESTLESS","level":187,"raw":750,"diff":750,"message":"Restless Level: 187"}}
{"timestamp":1777177119229,"type":"alerts","deviceId":"ESP32_GREENHOUSE_01","data":{"timestamp":1777177119229,"deviceId":"ESP32_GREENHOUSE_01","event":"LIGHT_ACTIVITY","level":92,"raw":369,"diff":369,"message":"Quiet Level: 92"}}
{"timestamp":1777177123280,"type":"alerts","deviceId":"ESP32_GREENHOUSE_01","data":{"timestamp":1777177123280,"deviceId":"ESP32_GREENHOUSE_01","event":"RESTLESS","level":201,"raw":806,"diff":806,"message":"CRYING DETECTED! ⚠️ Level: 201"}}
{"timestamp":1777177129328,"type":"alerts","deviceId":"ESP32_GREENHOUSE_01","data":{"timestamp":1777177129328,"deviceId":"ESP32_GREENHOUSE_01","event":"RESTLESS","level":147,"raw":589,"diff":589,"message":"Light Activity Level: 147"}}
{"timestamp":1777177135382,"type":"alerts","deviceId":"ESP32_GREENHOUSE_01","data":{"timestamp":1777177135382,"deviceId":"ESP32_GREENHOUSE_01","event":"RESTLESS","level":154,"raw":617,"diff":617,"message":"CRYING DETECTED! ⚠️ Level: 154"}}
{"timestamp":1777177141429,"type":"alerts","deviceId":"ESP32_GREENHOUSE_01","data":{"timestamp":1777177141429,"deviceId":"ESP32_GREENHOUSE_01","event":"RESTLESS","level":201,"raw":805,"diff":805,"message":"CRYING DETECTED! ⚠️ Level: 201"}}
{"timestamp":1777177147511,"type":"alerts","deviceId":"ESP32_GREENHOUSE_01","data":{"timestamp":1777177147511,"deviceId":"ESP32_GREENHOUSE_01","event":"RESTLESS","level":231,"raw":927,"diff":927,"message":"Restless Level: 231"}}
{"timestamp":1777177153551,"type":"alerts","deviceId":"ESP32_GREENHOUSE_01","data":{"timestamp":1777177153551,"deviceId":"ESP32_GREENHOUSE_01","event":"RESTLESS","level":212,"raw":850,"diff":850,"message":"Restless Level: 212"}}
{"timestamp":1777177159599,"type":"alerts","deviceId":"ESP32_GREENHOUSE_01","data":{"timestamp":1777177159599,"deviceId":"ESP32_GREENHOUSE_01","event":"RESTLESS","level":177,"raw":710,"diff":710,"message":"Light Activity Level: 177"}}
{"timestamp":1777177165649,"type":"alerts","deviceId":"ESP32_GREENHOUSE_01","data":{"timestamp":1777177165649,"deviceId":"ESP32_GREENHOUSE_01","event":"RESTLESS","level":125,"raw":502,"diff":502,"message":"Quiet Level: 125"}}
{"timestamp":1777177171698,"type":"alerts","deviceId":"ESP32_GREENHOUSE_01","data":{"timestamp":1777177171698,"deviceId":"ESP32_GREENHOUSE_01","event":"RESTLESS","level":103,"raw":415,"diff":415,"message":"Quiet Level: 103"}}
{"timestamp":1777177177751,"type":"alerts","deviceId":"ESP32_GREENHOUSE_01","data":{"timestamp":1777177177751,"deviceId":"ESP32_GREENHOUSE_01","event":"RESTLESS","level":97,"raw":391,"diff":391,"message":"Quiet Level: 97"}}
{"timestamp":1777177183824,"type":"alerts","deviceId":"ESP32_GREENHOUSE_01","data":{"timestamp":1777177183824,"deviceId":"ESP32_GREENHOUSE_01","event":"RESTLESS","level":272,"raw":1089,"diff":1089,"message":"CRYING DETECTED! ⚠️ Level: 272"}}
{"timestamp":1777177189871,"type":"alerts","deviceId":"ESP32_GREENHOUSE_01","data":{"timestamp":1777177189871,"deviceId":"ESP32_GREENHOUSE_01","event":"RESTLESS","level":131,"raw":526,"diff":526,"message":"Quiet Level: 131"}}
{"timestamp":1777177191889,"type":"alerts","deviceId":"ESP32_GREENHOUSE_01","data":{"timestamp":1777177191889,"deviceId":"ESP32_GREENHOUSE_01","event":"LIGHT_ACTIVITY","level":136,"raw":544,"diff":544,"message":"Light Activity Level: 136"}}
{"timestamp":1777177195920,"type":"alerts","deviceId":"ESP32_GREENHOUSE_01","data":{"timestamp":1777177195919,"deviceId":"ESP32_GREENHOUSE_01","event":"RESTLESS","level":118,"raw":473,"diff":473,"message":"Quiet Level: 118"}}
{"timestamp":1777177201968,"type":"alerts","deviceId":"ESP32_GREENHOUSE_01","data":{"timestamp":1777177201968,"deviceId":"ESP32_GREENHOUSE_01","event":"RESTLESS","level":105,"raw":420,"diff":420,"message":"Quiet Level: 105"}}
{"timestamp":1777177203985,"type":"alerts","deviceId":"ESP32_GREENHOUSE_01","data":{"timestamp":1777177203984,"deviceId":"ESP32_GREENHOUSE_01","event":"LIGHT_ACTIVITY","level":79,"raw":317,"diff":317,"message":"Quiet Level: 79"}}
{"timestamp":1777177210105,"type":"alerts","deviceId":"ESP32_GREENHOUSE_01","data":{"timestamp":1777177210105,"deviceId":"ESP32_GREENHOUSE_01","event":"LIGHT_ACTIVITY","level":97,"raw":390,"diff":390,"message":"Quiet Level: 97"}}
{"timestamp":1777177216112,"type":"alerts","deviceId":"ESP32_GREENHOUSE_01","data":{"timestamp":1777177216112,"deviceId":"ESP32_GREENHOUSE_01","event":"LIGHT_ACTIVITY","level":102,"raw":409,"diff":409,"message":"Quiet Level: 102"}}
{"timestamp":1777177222160,"type":"alerts","deviceId":"ESP32_GREENHOUSE_01","data":{"timestamp":1777177222159,"deviceId":"ESP32_GREENHOUSE_01","event":"LIGHT_ACTIVITY","level":85,"raw":343,"diff":343,"message":"Quiet Level: 85"}}
{"timestamp":1777177228208,"type":"alerts","deviceId":"ESP32_GREENHOUSE_01","data":{"timestamp":1777177228208,"deviceId":"ESP32_GREENHOUSE_01","event":"LIGHT_ACTIVITY","level":111,"raw":445,"diff":445,"message":"Quiet Level: 111"}}
{"timestamp":1777177234257,"type":"alerts","deviceId":"ESP32_GREENHOUSE_01","data":{"timestamp":1777177234257,"deviceId":"ESP32_GREENHOUSE_01","event":"LIGHT_ACTIVITY","level":93,"raw":373,"diff":373,"message":"Quiet Level: 93"}}
{"timestamp":1777177240315,"type":"alerts","deviceId":"ESP32_GREENHOUSE_01","data":{"timestamp":1777177240315,"deviceId":"ESP32_GREENHOUSE_01","event":"LIGHT_ACTIVITY","level":230,"raw":921,"diff":921,"message":"Restless Level: 230"}}
{"timestamp":1777177246384,"type":"alerts","deviceId":"ESP32_GREENHOUSE_01","data":{"timestamp":1777177246384,"deviceId":"ESP32_GREENHOUSE_01","event":"LIGHT_ACTIVITY","level":113,"raw":454,"diff":454,"message":"Quiet Level: 113"}}
{"timestamp":1777177250416,"type":"alerts","deviceId":"ESP32_GREENHOUSE_01","data":{"timestamp":1777177250416,"deviceId":"ESP32_GREENHOUSE_01","event":"RESTLESS","level":254,"raw":1016,"diff":1016,"message":"Restless Level: 254"}}
{"timestamp":1777177256463,"type":"alerts","deviceId":"ESP32_GREENHOUSE_01","data":{"timestamp":1777177256463,"deviceId":"ESP32_GREENHOUSE_01","event":"RESTLESS","level":86,"raw":347,"diff":347,"message":"Quiet Level: 86"}}
{"timestamp":1777177258481,"type":"alerts","deviceId":"ESP32_GREENHOUSE_01","data":{"timestamp":1777177258481,"deviceId":"ESP32_GREENHOUSE_01","event":"LIGHT_ACTIVITY","level":88,"raw":352,"diff":352,"message":"Quiet Level: 88"}}
{"timestamp":1777177264530,"type":"alerts","deviceId":"ESP32_GREENHOUSE_01","data":{"timestamp":1777177264530,"deviceId":"ESP32_GREENHOUSE_01","event":"LIGHT_ACTIVITY","level":138,"raw":553,"diff":553,"message":"Light Activity Level: 138"}}
{"timestamp":1777177270586,"type":"alerts","deviceId":"ESP32_GREENHOUSE_01","data":{"timestamp":1777177270586,"deviceId":"ESP32_GREENHOUSE_01","event":"LIGHT_ACTIVITY","level":105,"raw":422,"diff":422,"message":"Quiet Level: 105"}}
{"timestamp":1777177274640,"type":"alerts","deviceId":"ESP32_GREENHOUSE_01","data":{"timestamp":1777177274640,"deviceId":"ESP32_GREENHOUSE_01","event":"RESTLESS","level":255,"raw":1022,"diff":1022,"message":"Restless Level: 255"}}
{"timestamp":1777177276656,"type":"alerts","deviceId":"ESP32_GREENHOUSE_01","data":{"timestamp":1777177276656,"deviceId":"ESP32_GREENHOUSE_01","event":"LIGHT_ACTIVITY","level":106,"raw":427,"diff":427,"message":"Quiet Level: 106"}}
{"timestamp":1777177282708,"type":"alerts","deviceId":"ESP32_GREENHOUSE_01","data":{"timestamp":1777177282708,"deviceId":"ESP32_GREENHOUSE_01","event":"LIGHT_ACTIVITY","level":112,"raw":450,"diff":450,"message":"Quiet Level: 112"}}
{"timestamp":1777177288752,"type":"alerts","deviceId":"ESP32_GREENHOUSE_01","data":{"timestamp":1777177288752,"deviceId":"ESP32_GREENHOUSE_01","event":"LIGHT_ACTIVITY","level":125,"raw":502,"diff":502,"message":"Quiet Level: 125"}}
{"timestamp":1777177290775,"type":"alerts","deviceId":"ESP32_GREENHOUSE_01","data":{"timestamp":1777177290775,"deviceId":"ESP32_GREENHOUSE_01","event":"RESTLESS","level":138,"raw":553,"diff":553,"message":"Light Activity Level: 138"}}
{"timestamp":1777177296821,"type":"alerts","deviceId":"ESP32_GREENHOUSE_01","data":{"timestamp":1777177296821,"deviceId":"ESP32_GREENHOUSE_01","event":"RESTLESS","level":112,"raw":450,"diff":450,"message":"Quiet Level: 112"}}
{"timestamp":1777177302875,"type":"alerts","deviceId":"ESP32_GREENHOUSE_01","data":{"timestamp":1777177302875,"deviceId":"ESP32_GREENHOUSE_01","event":"RESTLESS","level":114,"raw":459,"diff":459,"message":"Quiet Level: 114"}}
{"timestamp":1777177308944,"type":"alerts","deviceId":"ESP32_GREENHOUSE_01","data":{"timestamp":1777177308944,"deviceId":"ESP32_GREENHOUSE_01","event":"RESTLESS","level":53,"raw":213,"diff":213,"message":"Quiet Level: 53"}}
{"timestamp":1777177310961,"type":"alerts","deviceId":"ESP32_GREENHOUSE_01","data":{"timestamp":1777177310961,"deviceId":"ESP32_GREENHOUSE_01","event":"LIGHT_ACTIVITY","level":70,"raw":282,"diff":282,"message":"Quiet Level: 70"}}
{"timestamp":1777177314992,"type":"alerts","deviceId":"ESP32_GREENHOUSE_01","data":{"timestamp":1777177314992,"deviceId":"ESP32_GREENHOUSE_01","event":"RESTLESS","level":179,"raw":718,"diff":718,"message":"Light Activity Level: 179"}}
{"timestamp":1777177321040,"type":"alerts","deviceId":"ESP32_GREENHOUSE_01","data":{"timestamp":1777177321040,"deviceId":"ESP32_GREENHOUSE_01","event":"LIGHT_ACTIVITY","level":88,"raw":353,"diff":353,"message":"Quiet Level: 88"}}
{"timestamp":1777177323056,"type":"alerts","deviceId":"ESP32_GREENHOUSE_01","data":{"timestamp":1777177323056,"deviceId":"ESP32_GREENHOUSE_01","event":"RESTLESS","level":141,"raw":566,"diff":566,"message":"Light Activity Level: 141"}}
{"timestamp":1777177327090,"type":"alerts","deviceId":"ESP32_GREENHOUSE_01","data":{"timestamp":1777177327090,"deviceId":"ESP32_GREENHOUSE_01","event":"LIGHT_ACTIVITY","level":101,"raw":407,"diff":407,"message":"Quiet Level: 101"}}
{"timestamp":1777177333144,"type":"alerts","deviceId":"ESP32_GREENHOUSE_01","data":{"timestamp":1777177333144,"deviceId":"ESP32_GREENHOUSE_01","event":"LIGHT_ACTIVITY","level":120,"raw":482,"diff":482,"message":"Quiet Level: 120"}}
{"timestamp":1777177339217,"type":"alerts","deviceId":"ESP32_GREENHOUSE_01","data":{"timestamp":1777177339217,"deviceId":"ESP32_GREENHOUSE_01","event":"LIGHT_ACTIVITY","level":123,"raw":493,"diff":493,"message":"Quiet Level: 123"}}
{"timestamp":1777177345265,"type":"alerts","deviceId":"ESP32_GREENHOUSE_01","data":{"timestamp":1777177345265,"deviceId":"ESP32_GREENHOUSE_01","event":"LIGHT_ACTIVITY","level":56,"raw":227,"diff":227,"message":"Quiet Level: 56"}}
{"timestamp":1777177373521,"type":"alerts","deviceId":"ESP32_GREENHOUSE_01","data":{"timestamp":1777177373521,"deviceId":"ESP32_GREENHOUSE_01","event":"LIGHT_ACTIVITY","level":200,"raw":803,"diff":803,"message":"CRYING DETECTED! ⚠️ Level: 200"}}
{"timestamp":1777177379569,"type":"alerts","deviceId":"ESP32_GREENHOUSE_01","data":{"timestamp":1777177379569,"deviceId":"ESP32_GREENHOUSE_01","event":"LIGHT_ACTIVITY","level":61,"raw":245,"diff":245,"message":"Quiet Level: 61"}}
{"timestamp":1777177385624,"type":"alerts","deviceId":"ESP32_GREENHOUSE_01","data":{"timestamp":1777177385624,"deviceId":"ESP32_GREENHOUSE_01","event":"LIGHT_ACTIVITY","level":135,"raw":542,"diff":542,"message":"Light Activity Level: 135"}}
{"timestamp":1777177391669,"type":"alerts","deviceId":"ESP32_GREENHOUSE_01","data":{"timestamp":1777177391669,"deviceId":"ESP32_GREENHOUSE_01","event":"LIGHT_ACTIVITY","level":52,"raw":208,"diff":208,"message":"Quiet Level: 52"}}
{"timestamp":1777177397723,"type":"alerts","deviceId":"ESP32_GREENHOUSE_01","data":{"timestamp":1777177397723,"deviceId":"ESP32_GREENHOUSE_01","event":"LIGHT_ACTIVITY","level":59,"raw":239,"diff":239,"message":"Quiet Level: 59"}}
{"timestamp":1777177403793,"type":"alerts","deviceId":"ESP32_GREENHOUSE_01","data":{"timestamp":1777177403793,"deviceId":"ESP32_GREENHOUSE_01","event":"LIGHT_ACTIVITY","level":106,"raw":424,"diff":424,"message":"Quiet Level: 106"}}
{"timestamp":1777177409843,"type":"alerts","deviceId":"ESP32_GREENHOUSE_01","data":{"timestamp":1777177409843,"deviceId":"ESP32_GREENHOUSE_01","event":"LIGHT_ACTIVITY","level":56,"raw":224,"diff":224,"message":"Quiet Level: 56"}}
{"timestamp":1777177454232,"type":"alerts","deviceId":"ESP32_GREENHOUSE_01","data":{"timestamp":1777177454231,"deviceId":"ESP32_GREENHOUSE_01","event":"LIGHT_ACTIVITY","level":89,"raw":357,"diff":357,"message":"Quiet Level: 89"}}
{"timestamp":1777177462322,"type":"alerts","deviceId":"ESP32_GREENHOUSE_01","data":{"timestamp":1777177462321,"deviceId":"ESP32_GREENHOUSE_01","event":"LIGHT_ACTIVITY","level":80,"raw":323,"diff":323,"message":"Quiet Level: 80"}}
{"timestamp":1777177468373,"type":"alerts","deviceId":"ESP32_GREENHOUSE_01","data":{"timestamp":1777177468373,"deviceId":"ESP32_GREENHOUSE_01","event":"LIGHT_ACTIVITY","level":58,"raw":233,"diff":233,"message":"Quiet Level: 58"}}
{"timestamp":1777177474419,"type":"alerts","deviceId":"ESP32_GREENHOUSE_01","data":{"timestamp":1777177474419,"deviceId":"ESP32_GREENHOUSE_01","event":"LIGHT_ACTIVITY","level":77,"raw":309,"diff":309,"message":"Quiet Level: 77"}}
{"timestamp":1777177480472,"type":"alerts","deviceId":"ESP32_GREENHOUSE_01","data":{"timestamp":1777177480471,"deviceId":"ESP32_GREENHOUSE_01","event":"LIGHT_ACTIVITY","level":54,"raw":217,"diff":217,"message":"Quiet Level: 54"}}
{"timestamp":1777177486538,"type":"alerts","deviceId":"ESP32_GREENHOUSE_01","data":{"timestamp":1777177486530,"deviceId":"ESP32_GREENHOUSE_01","event":"LIGHT_ACTIVITY","level":195,"raw":782,"diff":782,"message":"Restless Level: 195"}}
{"timestamp":1777177492594,"type":"alerts","deviceId":"ESP32_GREENHOUSE_01","data":{"timestamp":1777177492594,"deviceId":"ESP32_GREENHOUSE_01","event":"LIGHT_ACTIVITY","level":60,"raw":242,"diff":242,"message":"Quiet Level: 60"}}
{"timestamp":1777177498642,"type":"alerts","deviceId":"ESP32_GREENHOUSE_01","data":{"timestamp":1777177498642,"deviceId":"ESP32_GREENHOUSE_01","event":"LIGHT_ACTIVITY","level":49,"raw":197,"diff":197,"message":"Quiet Level: 49"}}
{"timestamp":1777177504693,"type":"alerts","deviceId":"ESP32_GREENHOUSE_01","data":{"timestamp":1777177504693,"deviceId":"ESP32_GREENHOUSE_01","event":"LIGHT_ACTIVITY","level":63,"raw":252,"diff":252,"message":"Quiet Level: 63"}}
{"timestamp":1777177510738,"type":"alerts","deviceId":"ESP32_GREENHOUSE_01","data":{"timestamp":1777177510738,"deviceId":"ESP32_GREENHOUSE_01","event":"LIGHT_ACTIVITY","level":70,"raw":280,"diff":280,"message":"Quiet Level: 70"}}
{"timestamp":1777177516796,"type":"alerts","deviceId":"ESP32_GREENHOUSE_01","data":{"timestamp":1777177516796,"deviceId":"ESP32_GREENHOUSE_01","event":"LIGHT_ACTIVITY","level":69,"raw":277,"diff":277,"message":"Quiet Level: 69"}}
{"timestamp":1777177522868,"type":"alerts","deviceId":"ESP32_GREENHOUSE_01","data":{"timestamp":1777177522868,"deviceId":"ESP32_GREENHOUSE_01","event":"LIGHT_ACTIVITY","level":71,"raw":285,"diff":285,"message":"Quiet Level: 71"}}
{"timestamp":1777177532946,"type":"alerts","deviceId":"ESP32_GREENHOUSE_01","data":{"timestamp":1777177532946,"deviceId":"ESP32_GREENHOUSE_01","event":"LIGHT_ACTIVITY","level":69,"raw":277,"diff":277,"message":"Quiet Level: 69"}}
{"timestamp":1777177569844,"type":"alerts","deviceId":"ESP32_GREENHOUSE_01","data":{"timestamp":1777177569844,"deviceId":"ESP32_GREENHOUSE_01","event":"LIGHT_ACTIVITY","level":178,"raw":712,"diff":712,"message":"Light Activity Level: 178"}}
{"timestamp":1777177618229,"type":"alerts","deviceId":"ESP32_GREENHOUSE_01","data":{"timestamp":1777177618229,"deviceId":"ESP32_GREENHOUSE_01","event":"LIGHT_ACTIVITY","level":149,"raw":598,"diff":598,"message":"Light Activity Level: 149"}}
{"timestamp":1777177626291,"type":"alerts","deviceId":"ESP32_GREENHOUSE_01","data":{"timestamp":1777177626290,"deviceId":"ESP32_GREENHOUSE_01","event":"LIGHT_ACTIVITY","level":146,"raw":585,"diff":585,"message":"Light Activity Level: 146"}}
{"timestamp":1777177632340,"type":"alerts","deviceId":"ESP32_GREENHOUSE_01","data":{"timestamp":1777177632340,"deviceId":"ESP32_GREENHOUSE_01","event":"LIGHT_ACTIVITY","level":87,"raw":351,"diff":351,"message":"Quiet Level: 87"}}
{"timestamp":1777177638387,"type":"alerts","deviceId":"ESP32_GREENHOUSE_01","data":{"timestamp":1777177638387,"deviceId":"ESP32_GREENHOUSE_01","event":"LIGHT_ACTIVITY","level":68,"raw":274,"diff":274,"message":"Quiet Level: 68"}}
{"timestamp":1777177644435,"type":"alerts","deviceId":"ESP32_GREENHOUSE_01","data":{"timestamp":1777177644435,"deviceId":"ESP32_GREENHOUSE_01","event":"LIGHT_ACTIVITY","level":68,"raw":275,"diff":275,"message":"Quiet Level: 68"}}
{"timestamp":1777177650486,"type":"alerts","deviceId":"ESP32_GREENHOUSE_01","data":{"timestamp":1777177650486,"deviceId":"ESP32_GREENHOUSE_01","event":"LIGHT_ACTIVITY","level":75,"raw":301,"diff":301,"message":"Quiet Level: 75"}}
{"timestamp":1777177656535,"type":"alerts","deviceId":"ESP32_GREENHOUSE_01","data":{"timestamp":1777177656535,"deviceId":"ESP32_GREENHOUSE_01","event":"LIGHT_ACTIVITY","level":85,"raw":341,"diff":341,"message":"Quiet Level: 85"}}
{"timestamp":1777177670643,"type":"alerts","deviceId":"ESP32_GREENHOUSE_01","data":{"timestamp":1777177670643,"deviceId":"ESP32_GREENHOUSE_01","event":"LIGHT_ACTIVITY","level":173,"raw":695,"diff":695,"message":"Light Activity Level: 173"}}
{"timestamp":1777177676692,"type":"alerts","deviceId":"ESP32_GREENHOUSE_01","data":{"timestamp":1777177676692,"deviceId":"ESP32_GREENHOUSE_01","event":"LIGHT_ACTIVITY","level":112,"raw":449,"diff":449,"message":"Quiet Level: 112"}}
{"timestamp":1777177682743,"type":"alerts","deviceId":"ESP32_GREENHOUSE_01","data":{"timestamp":1777177682743,"deviceId":"ESP32_GREENHOUSE_01","event":"LIGHT_ACTIVITY","level":83,"raw":333,"diff":333,"message":"Quiet Level: 83"}}
{"timestamp":1777177688787,"type":"alerts","deviceId":"ESP32_GREENHOUSE_01","data":{"timestamp":1777177688787,"deviceId":"ESP32_GREENHOUSE_01","event":"LIGHT_ACTIVITY","level":141,"raw":564,"diff":564,"message":"Light Activity Level: 141"}}
{"timestamp":1777177694835,"type":"alerts","deviceId":"ESP32_GREENHOUSE_01","data":{"timestamp":1777177694835,"deviceId":"ESP32_GREENHOUSE_01","event":"LIGHT_ACTIVITY","level":129,"raw":516,"diff":516,"message":"Quiet Level: 129"}}
{"timestamp":1777177704916,"type":"alerts","deviceId":"ESP32_GREENHOUSE_01","data":{"timestamp":1777177704915,"deviceId":"ESP32_GREENHOUSE_01","event":"LIGHT_ACTIVITY","level":267,"raw":1069,"diff":1069,"message":"Restless Level: 267"}}
{"timestamp":1777177710964,"type":"alerts","deviceId":"ESP32_GREENHOUSE_01","data":{"timestamp":1777177710964,"deviceId":"ESP32_GREENHOUSE_01","event":"LIGHT_ACTIVITY","level":64,"raw":259,"diff":259,"message":"Quiet Level: 64"}}
{"timestamp":1777177717011,"type":"alerts","deviceId":"ESP32_GREENHOUSE_01","data":{"timestamp":1777177717011,"deviceId":"ESP32_GREENHOUSE_01","event":"LIGHT_ACTIVITY","level":104,"raw":417,"diff":417,"message":"Quiet Level: 104"}}
{"timestamp":1777177723059,"type":"alerts","deviceId":"ESP32_GREENHOUSE_01","data":{"timestamp":1777177723059,"deviceId":"ESP32_GREENHOUSE_01","event":"LIGHT_ACTIVITY","level":81,"raw":327,"diff":327,"message":"CRYING DETECTED! ⚠️ Level: 81"}}
{"timestamp":1777177729107,"type":"alerts","deviceId":"ESP32_GREENHOUSE_01","data":{"timestamp":1777177729107,"deviceId":"ESP32_GREENHOUSE_01","event":"LIGHT_ACTIVITY","level":159,"raw":637,"diff":637,"message":"Light Activity Level: 159"}}
{"timestamp":1777177735155,"type":"alerts","deviceId":"ESP32_GREENHOUSE_01","data":{"timestamp":1777177735155,"deviceId":"ESP32_GREENHOUSE_01","event":"LIGHT_ACTIVITY","level":211,"raw":845,"diff":845,"message":"Restless Level: 211"}}
{"timestamp":1777177741252,"type":"alerts","deviceId":"ESP32_GREENHOUSE_01","data":{"timestamp":1777177741252,"deviceId":"ESP32_GREENHOUSE_01","event":"LIGHT_ACTIVITY","level":113,"raw":452,"diff":452,"message":"Quiet Level: 113"}}
{"timestamp":1777177747255,"type":"alerts","deviceId":"ESP32_GREENHOUSE_01","data":{"timestamp":1777177747255,"deviceId":"ESP32_GREENHOUSE_01","event":"LIGHT_ACTIVITY","level":89,"raw":359,"diff":359,"message":"Quiet Level: 89"}}
{"timestamp":1777177753306,"type":"alerts","deviceId":"ESP32_GREENHOUSE_01","data":{"timestamp":1777177753306,"deviceId":"ESP32_GREENHOUSE_01","event":"LIGHT_ACTIVITY","level":111,"raw":447,"diff":447,"message":"Quiet Level: 111"}}
{"timestamp":1777177759355,"type":"alerts","deviceId":"ESP32_GREENHOUSE_01","data":{"timestamp":1777177759355,"deviceId":"ESP32_GREENHOUSE_01","event":"LIGHT_ACTIVITY","level":81,"raw":326,"diff":326,"message":"Quiet Level: 81"}}
{"timestamp":1777177777491,"type":"alerts","deviceId":"ESP32_GREENHOUSE_01","data":{"timestamp":1777177777491,"deviceId":"ESP32_GREENHOUSE_01","event":"RESTLESS","level":494,"raw":1976,"diff":1976,"message":"CRYING DETECTED! ⚠️ Level: 494"}}
{"timestamp":1777177783539,"type":"alerts","deviceId":"ESP32_GREENHOUSE_01","data":{"timestamp":1777177783539,"deviceId":"ESP32_GREENHOUSE_01","event":"RESTLESS","level":141,"raw":564,"diff":564,"message":"Light Activity Level: 141"}}
{"timestamp":1777177789598,"type":"alerts","deviceId":"ESP32_GREENHOUSE_01","data":{"timestamp":1777177789598,"deviceId":"ESP32_GREENHOUSE_01","event":"RESTLESS","level":122,"raw":488,"diff":488,"message":"Quiet Level: 122"}}
{"timestamp":1777177795642,"type":"alerts","deviceId":"ESP32_GREENHOUSE_01","data":{"timestamp":1777177795642,"deviceId":"ESP32_GREENHOUSE_01","event":"RESTLESS","level":54,"raw":219,"diff":219,"message":"Quiet Level: 54"}}
{"timestamp":1777177801694,"type":"alerts","deviceId":"ESP32_GREENHOUSE_01","data":{"timestamp":1777177801694,"deviceId":"ESP32_GREENHOUSE_01","event":"RESTLESS","level":74,"raw":298,"diff":298,"message":"Quiet Level: 74"}}
{"timestamp":1777177803703,"type":"alerts","deviceId":"ESP32_GREENHOUSE_01","data":{"timestamp":1777177803703,"deviceId":"ESP32_GREENHOUSE_01","event":"CRYING","level":1023,"raw":4156,"diff":4156,"message":"CRYING DETECTED! ⚠️ Level: 1023"}}
{"timestamp":1777177813785,"type":"alerts","deviceId":"ESP32_GREENHOUSE_01","data":{"timestamp":1777177813785,"deviceId":"ESP32_GREENHOUSE_01","event":"CRYING","level":86,"raw":346,"diff":346,"message":"Quiet Level: 86"}}
{"timestamp":1777177823862,"type":"alerts","deviceId":"ESP32_GREENHOUSE_01","data":{"timestamp":1777177823862,"deviceId":"ESP32_GREENHOUSE_01","event":"CRYING","level":49,"raw":197,"diff":197,"message":"Quiet Level: 49"}}
{"timestamp":1777177858133,"type":"alerts","deviceId":"ESP32_GREENHOUSE_01","data":{"timestamp":1777177858132,"deviceId":"ESP32_GREENHOUSE_01","event":"LIGHT_ACTIVITY","level":381,"raw":1524,"diff":1524,"message":"CRYING DETECTED! ⚠️ Level: 381"}}
{"timestamp":1777177864185,"type":"alerts","deviceId":"ESP32_GREENHOUSE_01","data":{"timestamp":1777177864185,"deviceId":"ESP32_GREENHOUSE_01","event":"LIGHT_ACTIVITY","level":96,"raw":384,"diff":384,"message":"Quiet Level: 96"}}
{"timestamp":1777177870229,"type":"alerts","deviceId":"ESP32_GREENHOUSE_01","data":{"timestamp":1777177870229,"deviceId":"ESP32_GREENHOUSE_01","event":"LIGHT_ACTIVITY","level":108,"raw":432,"diff":432,"message":"Quiet Level: 108"}}
{"timestamp":1777177876276,"type":"alerts","deviceId":"ESP32_GREENHOUSE_01","data":{"timestamp":1777177876276,"deviceId":"ESP32_GREENHOUSE_01","event":"LIGHT_ACTIVITY","level":99,"raw":397,"diff":397,"message":"Quiet Level: 99"}}
{"timestamp":1777177882325,"type":"alerts","deviceId":"ESP32_GREENHOUSE_01","data":{"timestamp":1777177882325,"deviceId":"ESP32_GREENHOUSE_01","event":"LIGHT_ACTIVITY","level":148,"raw":593,"diff":593,"message":"Light Activity Level: 148"}}
{"timestamp":1777177888375,"type":"alerts","deviceId":"ESP32_GREENHOUSE_01","data":{"timestamp":1777177888375,"deviceId":"ESP32_GREENHOUSE_01","event":"LIGHT_ACTIVITY","level":121,"raw":487,"diff":487,"message":"Quiet Level: 121"}}
{"timestamp":1777177894421,"type":"alerts","deviceId":"ESP32_GREENHOUSE_01","data":{"timestamp":1777177894421,"deviceId":"ESP32_GREENHOUSE_01","event":"LIGHT_ACTIVITY","level":147,"raw":590,"diff":590,"message":"CRYING DETECTED! ⚠️ Level: 147"}}
{"timestamp":1777177900468,"type":"alerts","deviceId":"ESP32_GREENHOUSE_01","data":{"timestamp":1777177900468,"deviceId":"ESP32_GREENHOUSE_01","event":"LIGHT_ACTIVITY","level":109,"raw":439,"diff":439,"message":"Quiet Level: 109"}}
{"timestamp":1777177906517,"type":"alerts","deviceId":"ESP32_GREENHOUSE_01","data":{"timestamp":1777177906517,"deviceId":"ESP32_GREENHOUSE_01","event":"LIGHT_ACTIVITY","level":134,"raw":537,"diff":537,"message":"Quiet Level: 134"}}
{"timestamp":1777177912566,"type":"alerts","deviceId":"ESP32_GREENHOUSE_01","data":{"timestamp":1777177912566,"deviceId":"ESP32_GREENHOUSE_01","event":"LIGHT_ACTIVITY","level":118,"raw":474,"diff":474,"message":"Quiet Level: 118"}}
{"timestamp":1777177918613,"type":"alerts","deviceId":"ESP32_GREENHOUSE_01","data":{"timestamp":1777177918613,"deviceId":"ESP32_GREENHOUSE_01","event":"LIGHT_ACTIVITY","level":105,"raw":420,"diff":420,"message":"Quiet Level: 105"}}
{"timestamp":1777177932726,"type":"alerts","deviceId":"ESP32_GREENHOUSE_01","data":{"timestamp":1777177932726,"deviceId":"ESP32_GREENHOUSE_01","event":"LIGHT_ACTIVITY","level":269,"raw":1079,"diff":1079,"message":"Restless Level: 269"}}
{"timestamp":1777177934742,"type":"alerts","deviceId":"ESP32_GREENHOUSE_01","data":{"timestamp":1777177934742,"deviceId":"ESP32_GREENHOUSE_01","event":"RESTLESS","level":610,"raw":2442,"diff":2442,"message":"CRYING DETECTED! ⚠️ Level: 610"}}
{"timestamp":1777177940793,"type":"alerts","deviceId":"ESP32_GREENHOUSE_01","data":{"timestamp":1777177940793,"deviceId":"ESP32_GREENHOUSE_01","event":"RESTLESS","level":108,"raw":432,"diff":432,"message":"Quiet Level: 108"}}
{"timestamp":1777177946838,"type":"alerts","deviceId":"ESP32_GREENHOUSE_01","data":{"timestamp":1777177946838,"deviceId":"ESP32_GREENHOUSE_01","event":"RESTLESS","level":126,"raw":505,"diff":505,"message":"Quiet Level: 126"}}
{"timestamp":1777177952886,"type":"alerts","deviceId":"ESP32_GREENHOUSE_01","data":{"timestamp":1777177952886,"deviceId":"ESP32_GREENHOUSE_01","event":"RESTLESS","level":154,"raw":616,"diff":616,"message":"Light Activity Level: 154"}}
{"timestamp":1777177958933,"type":"alerts","deviceId":"ESP32_GREENHOUSE_01","data":{"timestamp":1777177958933,"deviceId":"ESP32_GREENHOUSE_01","event":"RESTLESS","level":108,"raw":434,"diff":434,"message":"Quiet Level: 108"}}
{"timestamp":1777177964981,"type":"alerts","deviceId":"ESP32_GREENHOUSE_01","data":{"timestamp":1777177964981,"deviceId":"ESP32_GREENHOUSE_01","event":"LIGHT_ACTIVITY","level":153,"raw":613,"diff":613,"message":"CRYING DETECTED! ⚠️ Level: 153"}}
{"timestamp":1777177971029,"type":"alerts","deviceId":"ESP32_GREENHOUSE_01","data":{"timestamp":1777177971029,"deviceId":"ESP32_GREENHOUSE_01","event":"LIGHT_ACTIVITY","level":187,"raw":750,"diff":750,"message":"CRYING DETECTED! ⚠️ Level: 187"}}
{"timestamp":1777177977078,"type":"alerts","deviceId":"ESP32_GREENHOUSE_01","data":{"timestamp":1777177977078,"deviceId":"ESP32_GREENHOUSE_01","event":"LIGHT_ACTIVITY","level":171,"raw":684,"diff":684,"message":"CRYING DETECTED! ⚠️ Level: 171"}}
{"timestamp":1777177983126,"type":"alerts","deviceId":"ESP32_GREENHOUSE_01","data":{"timestamp":1777177983126,"deviceId":"ESP32_GREENHOUSE_01","event":"LIGHT_ACTIVITY","level":126,"raw":504,"diff":504,"message":"Quiet Level: 126"}}
{"timestamp":1777177989176,"type":"alerts","deviceId":"ESP32_GREENHOUSE_01","data":{"timestamp":1777177989176,"deviceId":"ESP32_GREENHOUSE_01","event":"LIGHT_ACTIVITY","level":103,"raw":413,"diff":413,"message":"Quiet Level: 103"}}
{"timestamp":1777177991190,"type":"alerts","deviceId":"ESP32_GREENHOUSE_01","data":{"timestamp":1777177991190,"deviceId":"ESP32_GREENHOUSE_01","event":"RESTLESS","level":411,"raw":1646,"diff":1646,"message":"CRYING DETECTED! ⚠️ Level: 411"}}
{"timestamp":1777177997238,"type":"alerts","deviceId":"ESP32_GREENHOUSE_01","data":{"timestamp":1777177997238,"deviceId":"ESP32_GREENHOUSE_01","event":"RESTLESS","level":121,"raw":486,"diff":486,"message":"Quiet Level: 121"}}
{"timestamp":1777178003286,"type":"alerts","deviceId":"ESP32_GREENHOUSE_01","data":{"timestamp":1777178003286,"deviceId":"ESP32_GREENHOUSE_01","event":"LIGHT_ACTIVITY","level":95,"raw":381,"diff":381,"message":"Quiet Level: 95"}}
{"timestamp":1777178005304,"type":"alerts","deviceId":"ESP32_GREENHOUSE_01","data":{"timestamp":1777178005304,"deviceId":"ESP32_GREENHOUSE_01","event":"RESTLESS","level":284,"raw":1138,"diff":1138,"message":"CRYING DETECTED! ⚠️ Level: 284"}}
{"timestamp":1777178009335,"type":"alerts","deviceId":"ESP32_GREENHOUSE_01","data":{"timestamp":1777178009334,"deviceId":"ESP32_GREENHOUSE_01","event":"LIGHT_ACTIVITY","level":109,"raw":439,"diff":439,"message":"Quiet Level: 109"}}
{"timestamp":1777178015382,"type":"alerts","deviceId":"ESP32_GREENHOUSE_01","data":{"timestamp":1777178015382,"deviceId":"ESP32_GREENHOUSE_01","event":"LIGHT_ACTIVITY","level":103,"raw":412,"diff":412,"message":"Quiet Level: 103"}}
{"timestamp":1777178019414,"type":"alerts","deviceId":"ESP32_GREENHOUSE_01","data":{"timestamp":1777178019414,"deviceId":"ESP32_GREENHOUSE_01","event":"RESTLESS","level":553,"raw":2213,"diff":2213,"message":"CRYING DETECTED! ⚠️ Level: 553"}}
{"timestamp":1777178025462,"type":"alerts","deviceId":"ESP32_GREENHOUSE_01","data":{"timestamp":1777178025462,"deviceId":"ESP32_GREENHOUSE_01","event":"RESTLESS","level":90,"raw":363,"diff":363,"message":"Quiet Level: 90"}}
{"timestamp":1777178031510,"type":"alerts","deviceId":"ESP32_GREENHOUSE_01","data":{"timestamp":1777178031510,"deviceId":"ESP32_GREENHOUSE_01","event":"RESTLESS","level":144,"raw":579,"diff":579,"message":"Light Activity Level: 144"}}
{"timestamp":1777178037558,"type":"alerts","deviceId":"ESP32_GREENHOUSE_01","data":{"timestamp":1777178037558,"deviceId":"ESP32_GREENHOUSE_01","event":"RESTLESS","level":88,"raw":352,"diff":352,"message":"Quiet Level: 88"}}
{"timestamp":1777178043610,"type":"alerts","deviceId":"ESP32_GREENHOUSE_01","data":{"timestamp":1777178043610,"deviceId":"ESP32_GREENHOUSE_01","event":"RESTLESS","level":137,"raw":549,"diff":549,"message":"Light Activity Level: 137"}}
{"timestamp":1777178049655,"type":"alerts","deviceId":"ESP32_GREENHOUSE_01","data":{"timestamp":1777178049655,"deviceId":"ESP32_GREENHOUSE_01","event":"LIGHT_ACTIVITY","level":95,"raw":383,"diff":383,"message":"Quiet Level: 95"}}
{"timestamp":1777178055702,"type":"alerts","deviceId":"ESP32_GREENHOUSE_01","data":{"timestamp":1777178055702,"deviceId":"ESP32_GREENHOUSE_01","event":"LIGHT_ACTIVITY","level":100,"raw":403,"diff":403,"message":"Quiet Level: 100"}}
{"timestamp":1777178085338,"type":"alerts","deviceId":"ESP32_GREENHOUSE_01","data":{"timestamp":1777178085338,"deviceId":"ESP32_GREENHOUSE_01","event":"LIGHT_ACTIVITY","level":151,"raw":604,"diff":604,"message":"Light Activity Level: 151"}}
{"timestamp":1777178097432,"type":"alerts","deviceId":"ESP32_GREENHOUSE_01","data":{"timestamp":1777178097432,"deviceId":"ESP32_GREENHOUSE_01","event":"LIGHT_ACTIVITY","level":227,"raw":908,"diff":908,"message":"CRYING DETECTED! ⚠️ Level: 227"}}
{"timestamp":1777178103478,"type":"alerts","deviceId":"ESP32_GREENHOUSE_01","data":{"timestamp":1777178103478,"deviceId":"ESP32_GREENHOUSE_01","event":"LIGHT_ACTIVITY","level":121,"raw":484,"diff":484,"message":"Quiet Level: 121"}}
{"timestamp":1777178109526,"type":"alerts","deviceId":"ESP32_GREENHOUSE_01","data":{"timestamp":1777178109526,"deviceId":"ESP32_GREENHOUSE_01","event":"LIGHT_ACTIVITY","level":90,"raw":360,"diff":360,"message":"Quiet Level: 90"}}
{"timestamp":1777178115574,"type":"alerts","deviceId":"ESP32_GREENHOUSE_01","data":{"timestamp":1777178115574,"deviceId":"ESP32_GREENHOUSE_01","event":"CRYING","level":1023,"raw":11075,"diff":11075,"message":"CRYING DETECTED! ⚠️ Level: 1023"}}
{"timestamp":1777178125655,"type":"alerts","deviceId":"ESP32_GREENHOUSE_01","data":{"timestamp":1777178125655,"deviceId":"ESP32_GREENHOUSE_01","event":"CRYING","level":91,"raw":367,"diff":367,"message":"Quiet Level: 91"}}
{"timestamp":1777178135737,"type":"alerts","deviceId":"ESP32_GREENHOUSE_01","data":{"timestamp":1777178135737,"deviceId":"ESP32_GREENHOUSE_01","event":"CRYING","level":109,"raw":436,"diff":436,"message":"Quiet Level: 109"}}
{"timestamp":1777178153879,"type":"alerts","deviceId":"ESP32_GREENHOUSE_01","data":{"timestamp":1777178153879,"deviceId":"ESP32_GREENHOUSE_01","event":"LIGHT_ACTIVITY","level":166,"raw":665,"diff":665,"message":"Light Activity Level: 166"}}
{"timestamp":1777178182104,"type":"alerts","deviceId":"ESP32_GREENHOUSE_01","data":{"timestamp":1777178182104,"deviceId":"ESP32_GREENHOUSE_01","event":"LIGHT_ACTIVITY","level":121,"raw":486,"diff":486,"message":"Quiet Level: 121"}}
{"timestamp":1777178198233,"type":"alerts","deviceId":"ESP32_GREENHOUSE_01","data":{"timestamp":1777178198233,"deviceId":"ESP32_GREENHOUSE_01","event":"LIGHT_ACTIVITY","level":187,"raw":749,"diff":749,"message":"Restless Level: 187"}}
{"timestamp":1777178204280,"type":"alerts","deviceId":"ESP32_GREENHOUSE_01","data":{"timestamp":1777178204280,"deviceId":"ESP32_GREENHOUSE_01","event":"LIGHT_ACTIVITY","level":116,"raw":466,"diff":466,"message":"Quiet Level: 116"}}
{"timestamp":1777178206299,"type":"alerts","deviceId":"ESP32_GREENHOUSE_01","data":{"timestamp":1777178206299,"deviceId":"ESP32_GREENHOUSE_01","event":"RESTLESS","level":456,"raw":1827,"diff":1827,"message":"Restless Level: 456"}}
{"timestamp":1777178212344,"type":"alerts","deviceId":"ESP32_GREENHOUSE_01","data":{"timestamp":1777178212344,"deviceId":"ESP32_GREENHOUSE_01","event":"RESTLESS","level":106,"raw":424,"diff":424,"message":"Quiet Level: 106"}}
{"timestamp":1777178214362,"type":"alerts","deviceId":"ESP32_GREENHOUSE_01","data":{"timestamp":1777178214361,"deviceId":"ESP32_GREENHOUSE_01","event":"LIGHT_ACTIVITY","level":93,"raw":375,"diff":375,"message":"Quiet Level: 93"}}
{"timestamp":1777178218391,"type":"alerts","deviceId":"ESP32_GREENHOUSE_01","data":{"timestamp":1777178218391,"deviceId":"ESP32_GREENHOUSE_01","event":"RESTLESS","level":108,"raw":432,"diff":432,"message":"Quiet Level: 108"}}
{"timestamp":1777178224439,"type":"alerts","deviceId":"ESP32_GREENHOUSE_01","data":{"timestamp":1777178224439,"deviceId":"ESP32_GREENHOUSE_01","event":"RESTLESS","level":110,"raw":443,"diff":443,"message":"Quiet Level: 110"}}
{"timestamp":1777178230488,"type":"alerts","deviceId":"ESP32_GREENHOUSE_01","data":{"timestamp":1777178230488,"deviceId":"ESP32_GREENHOUSE_01","event":"RESTLESS","level":105,"raw":421,"diff":421,"message":"Quiet Level: 105"}}
{"timestamp":1777178236536,"type":"alerts","deviceId":"ESP32_GREENHOUSE_01","data":{"timestamp":1777178236536,"deviceId":"ESP32_GREENHOUSE_01","event":"LIGHT_ACTIVITY","level":122,"raw":489,"diff":489,"message":"Quiet Level: 122"}}
{"timestamp":1777178290968,"type":"alerts","deviceId":"ESP32_GREENHOUSE_01","data":{"timestamp":1777178290968,"deviceId":"ESP32_GREENHOUSE_01","event":"LIGHT_ACTIVITY","level":161,"raw":644,"diff":644,"message":"Light Activity Level: 161"}}
{"timestamp":1777178297017,"type":"alerts","deviceId":"ESP32_GREENHOUSE_01","data":{"timestamp":1777178297017,"deviceId":"ESP32_GREENHOUSE_01","event":"LIGHT_ACTIVITY","level":148,"raw":592,"diff":592,"message":"CRYING DETECTED! ⚠️ Level: 148"}}
{"timestamp":1777178303064,"type":"alerts","deviceId":"ESP32_GREENHOUSE_01","data":{"timestamp":1777178303064,"deviceId":"ESP32_GREENHOUSE_01","event":"LIGHT_ACTIVITY","level":110,"raw":443,"diff":443,"message":"Quiet Level: 110"}}
{"timestamp":1777178309111,"type":"alerts","deviceId":"ESP32_GREENHOUSE_01","data":{"timestamp":1777178309111,"deviceId":"ESP32_GREENHOUSE_01","event":"LIGHT_ACTIVITY","level":185,"raw":740,"diff":740,"message":"Restless Level: 185"}}
{"timestamp":1777178315161,"type":"alerts","deviceId":"ESP32_GREENHOUSE_01","data":{"timestamp":1777178315161,"deviceId":"ESP32_GREENHOUSE_01","event":"LIGHT_ACTIVITY","level":102,"raw":408,"diff":408,"message":"Quiet Level: 102"}}
{"timestamp":1777178321208,"type":"alerts","deviceId":"ESP32_GREENHOUSE_01","data":{"timestamp":1777178321208,"deviceId":"ESP32_GREENHOUSE_01","event":"LIGHT_ACTIVITY","level":101,"raw":405,"diff":405,"message":"Quiet Level: 101"}}
{"timestamp":1777178323224,"type":"alerts","deviceId":"ESP32_GREENHOUSE_01","data":{"timestamp":1777178323224,"deviceId":"ESP32_GREENHOUSE_01","event":"RESTLESS","level":278,"raw":1115,"diff":1115,"message":"CRYING DETECTED! ⚠️ Level: 278"}}
{"timestamp":1777178329272,"type":"alerts","deviceId":"ESP32_GREENHOUSE_01","data":{"timestamp":1777178329272,"deviceId":"ESP32_GREENHOUSE_01","event":"LIGHT_ACTIVITY","level":117,"raw":469,"diff":469,"message":"Quiet Level: 117"}}
{"timestamp":1777178335321,"type":"alerts","deviceId":"ESP32_GREENHOUSE_01","data":{"timestamp":1777178335320,"deviceId":"ESP32_GREENHOUSE_01","event":"LIGHT_ACTIVITY","level":205,"raw":821,"diff":821,"message":"Restless Level: 205"}}
{"timestamp":1777178341368,"type":"alerts","deviceId":"ESP32_GREENHOUSE_01","data":{"timestamp":1777178341368,"deviceId":"ESP32_GREENHOUSE_01","event":"LIGHT_ACTIVITY","level":107,"raw":429,"diff":429,"message":"Quiet Level: 107"}}
{"timestamp":1777178347417,"type":"alerts","deviceId":"ESP32_GREENHOUSE_01","data":{"timestamp":1777178347417,"deviceId":"ESP32_GREENHOUSE_01","event":"LIGHT_ACTIVITY","level":118,"raw":473,"diff":473,"message":"Quiet Level: 118"}}
{"timestamp":1777178353464,"type":"alerts","deviceId":"ESP32_GREENHOUSE_01","data":{"timestamp":1777178353464,"deviceId":"ESP32_GREENHOUSE_01","event":"LIGHT_ACTIVITY","level":109,"raw":438,"diff":438,"message":"Quiet Level: 109"}}
{"timestamp":1777178359512,"type":"alerts","deviceId":"ESP32_GREENHOUSE_01","data":{"timestamp":1777178359512,"deviceId":"ESP32_GREENHOUSE_01","event":"LIGHT_ACTIVITY","level":116,"raw":466,"diff":466,"message":"Quiet Level: 116"}}
{"timestamp":1777178373624,"type":"alerts","deviceId":"ESP32_GREENHOUSE_01","data":{"timestamp":1777178373624,"deviceId":"ESP32_GREENHOUSE_01","event":"LIGHT_ACTIVITY","level":156,"raw":624,"diff":624,"message":"Light Activity Level: 156"}}
{"timestamp":1777178379675,"type":"alerts","deviceId":"ESP32_GREENHOUSE_01","data":{"timestamp":1777178379675,"deviceId":"ESP32_GREENHOUSE_01","event":"LIGHT_ACTIVITY","level":108,"raw":432,"diff":432,"message":"Quiet Level: 108"}}
{"timestamp":1777178383705,"type":"alerts","deviceId":"ESP32_GREENHOUSE_01","data":{"timestamp":1777178383705,"deviceId":"ESP32_GREENHOUSE_01","event":"RESTLESS","level":391,"raw":1567,"diff":1567,"message":"CRYING DETECTED! ⚠️ Level: 391"}}
{"timestamp":1777178389754,"type":"alerts","deviceId":"ESP32_GREENHOUSE_01","data":{"timestamp":1777178389754,"deviceId":"ESP32_GREENHOUSE_01","event":"RESTLESS","level":117,"raw":470,"diff":470,"message":"Quiet Level: 117"}}
{"timestamp":1777178395801,"type":"alerts","deviceId":"ESP32_GREENHOUSE_01","data":{"timestamp":1777178395800,"deviceId":"ESP32_GREENHOUSE_01","event":"CRYING","level":562,"raw":2249,"diff":2249,"message":"CRYING DETECTED! ⚠️ Level: 562"}}
{"timestamp":1777178405880,"type":"alerts","deviceId":"ESP32_GREENHOUSE_01","data":{"timestamp":1777178405880,"deviceId":"ESP32_GREENHOUSE_01","event":"CRYING","level":113,"raw":455,"diff":455,"message":"Quiet Level: 113"}}
{"timestamp":1777178413945,"type":"alerts","deviceId":"ESP32_GREENHOUSE_01","data":{"timestamp":1777178413945,"deviceId":"ESP32_GREENHOUSE_01","event":"RESTLESS","level":129,"raw":518,"diff":518,"message":"Quiet Level: 129"}}
{"timestamp":1777178419993,"type":"alerts","deviceId":"ESP32_GREENHOUSE_01","data":{"timestamp":1777178419993,"deviceId":"ESP32_GREENHOUSE_01","event":"RESTLESS","level":178,"raw":713,"diff":713,"message":"CRYING DETECTED! ⚠️ Level: 178"}}
{"timestamp":1777178426042,"type":"alerts","deviceId":"ESP32_GREENHOUSE_01","data":{"timestamp":1777178426042,"deviceId":"ESP32_GREENHOUSE_01","event":"RESTLESS","level":231,"raw":924,"diff":924,"message":"CRYING DETECTED! ⚠️ Level: 231"}}
{"timestamp":1777178432090,"type":"alerts","deviceId":"ESP32_GREENHOUSE_01","data":{"timestamp":1777178432090,"deviceId":"ESP32_GREENHOUSE_01","event":"RESTLESS","level":190,"raw":762,"diff":762,"message":"Restless Level: 190"}}
{"timestamp":1777178436121,"type":"alerts","deviceId":"ESP32_GREENHOUSE_01","data":{"timestamp":1777178436121,"deviceId":"ESP32_GREENHOUSE_01","event":"CRYING","level":477,"raw":1910,"diff":1910,"message":"CRYING DETECTED! ⚠️ Level: 477"}}
{"timestamp":1777178438137,"type":"alerts","deviceId":"ESP32_GREENHOUSE_01","data":{"timestamp":1777178438137,"deviceId":"ESP32_GREENHOUSE_01","event":"RESTLESS","level":115,"raw":462,"diff":462,"message":"CRYING DETECTED! ⚠️ Level: 115"}}
{"timestamp":1777178444185,"type":"alerts","deviceId":"ESP32_GREENHOUSE_01","data":{"timestamp":1777178444184,"deviceId":"ESP32_GREENHOUSE_01","event":"RESTLESS","level":96,"raw":384,"diff":384,"message":"Quiet Level: 96"}}
{"timestamp":1777178450237,"type":"alerts","deviceId":"ESP32_GREENHOUSE_01","data":{"timestamp":1777178450237,"deviceId":"ESP32_GREENHOUSE_01","event":"RESTLESS","level":194,"raw":776,"diff":776,"message":"Restless Level: 194"}}
{"timestamp":1777178461310,"type":"alerts","deviceId":"ESP32_GREENHOUSE_01","data":{"timestamp":1777178461310,"deviceId":"ESP32_GREENHOUSE_01","event":"CRYING","level":678,"raw":2713,"diff":2713,"message":"CRYING DETECTED! ⚠️ Level: 678"}}
{"timestamp":1777178463321,"type":"alerts","deviceId":"ESP32_GREENHOUSE_01","data":{"timestamp":1777178463321,"deviceId":"ESP32_GREENHOUSE_01","event":"RESTLESS","level":268,"raw":1075,"diff":1075,"message":"CRYING DETECTED! ⚠️ Level: 268"}}
{"timestamp":1777178471388,"type":"alerts","deviceId":"ESP32_GREENHOUSE_01","data":{"timestamp":1777178471388,"deviceId":"ESP32_GREENHOUSE_01","event":"CRYING","level":157,"raw":631,"diff":631,"message":"CRYING DETECTED! ⚠️ Level: 157"}}
{"timestamp":1777178481465,"type":"alerts","deviceId":"ESP32_GREENHOUSE_01","data":{"timestamp":1777178481465,"deviceId":"ESP32_GREENHOUSE_01","event":"CRYING","level":1023,"raw":4661,"diff":4661,"message":"CRYING DETECTED! ⚠️ Level: 1023"}}
{"timestamp":1777178491514,"type":"alerts","deviceId":"ESP32_GREENHOUSE_01","data":{"timestamp":1777178491514,"deviceId":"ESP32_GREENHOUSE_01","event":"CRYING","level":367,"raw":1468,"diff":1468,"message":"CRYING DETECTED! ⚠️ Level: 367"}}
{"timestamp":1777178497563,"type":"alerts","deviceId":"ESP32_GREENHOUSE_01","data":{"timestamp":1777178497562,"deviceId":"ESP32_GREENHOUSE_01","event":"RESTLESS","level":123,"raw":493,"diff":493,"message":"CRYING DETECTED! ⚠️ Level: 123"}}
{"timestamp":1777178503618,"type":"alerts","deviceId":"ESP32_GREENHOUSE_01","data":{"timestamp":1777178503618,"deviceId":"ESP32_GREENHOUSE_01","event":"RESTLESS","level":119,"raw":479,"diff":479,"message":"CRYING DETECTED! ⚠️ Level: 119"}}
{"timestamp":1777178509688,"type":"alerts","deviceId":"ESP32_GREENHOUSE_01","data":{"timestamp":1777178509688,"deviceId":"ESP32_GREENHOUSE_01","event":"RESTLESS","level":92,"raw":368,"diff":368,"message":"Quiet Level: 92"}}
{"timestamp":1777178515736,"type":"alerts","deviceId":"ESP32_GREENHOUSE_01","data":{"timestamp":1777178515736,"deviceId":"ESP32_GREENHOUSE_01","event":"RESTLESS","level":102,"raw":411,"diff":411,"message":"Quiet Level: 102"}}
{"timestamp":1777178517755,"type":"alerts","deviceId":"ESP32_GREENHOUSE_01","data":{"timestamp":1777178517755,"deviceId":"ESP32_GREENHOUSE_01","event":"LIGHT_ACTIVITY","level":107,"raw":429,"diff":429,"message":"Quiet Level: 107"}}
{"timestamp":1777178523800,"type":"alerts","deviceId":"ESP32_GREENHOUSE_01","data":{"timestamp":1777178523800,"deviceId":"ESP32_GREENHOUSE_01","event":"LIGHT_ACTIVITY","level":97,"raw":390,"diff":390,"message":"Quiet Level: 97"}}
{"timestamp":1777178529854,"type":"alerts","deviceId":"ESP32_GREENHOUSE_01","data":{"timestamp":1777178529854,"deviceId":"ESP32_GREENHOUSE_01","event":"LIGHT_ACTIVITY","level":243,"raw":974,"diff":974,"message":"Restless Level: 243"}}
{"timestamp":1777178535906,"type":"alerts","deviceId":"ESP32_GREENHOUSE_01","data":{"timestamp":1777178535906,"deviceId":"ESP32_GREENHOUSE_01","event":"LIGHT_ACTIVITY","level":90,"raw":363,"diff":363,"message":"Quiet Level: 90"}}
{"timestamp":1777178541978,"type":"alerts","deviceId":"ESP32_GREENHOUSE_01","data":{"timestamp":1777178541978,"deviceId":"ESP32_GREENHOUSE_01","event":"LIGHT_ACTIVITY","level":212,"raw":849,"diff":849,"message":"CRYING DETECTED! ⚠️ Level: 212"}}
{"timestamp":1777178548025,"type":"alerts","deviceId":"ESP32_GREENHOUSE_01","data":{"timestamp":1777178548025,"deviceId":"ESP32_GREENHOUSE_01","event":"LIGHT_ACTIVITY","level":206,"raw":827,"diff":827,"message":"Restless Level: 206"}}
{"timestamp":1777178552058,"type":"alerts","deviceId":"ESP32_GREENHOUSE_01","data":{"timestamp":1777178552057,"deviceId":"ESP32_GREENHOUSE_01","event":"RESTLESS","level":113,"raw":453,"diff":453,"message":"CRYING DETECTED! ⚠️ Level: 113"}}
{"timestamp":1777178558105,"type":"alerts","deviceId":"ESP32_GREENHOUSE_01","data":{"timestamp":1777178558105,"deviceId":"ESP32_GREENHOUSE_01","event":"RESTLESS","level":93,"raw":374,"diff":374,"message":"Quiet Level: 93"}}
{"timestamp":1777178560149,"type":"alerts","deviceId":"ESP32_GREENHOUSE_01","data":{"timestamp":1777178560149,"deviceId":"ESP32_GREENHOUSE_01","event":"LIGHT_ACTIVITY","level":99,"raw":397,"diff":397,"message":"Quiet Level: 99"}}
{"timestamp":1777178564165,"type":"alerts","deviceId":"ESP32_GREENHOUSE_01","data":{"timestamp":1777178564165,"deviceId":"ESP32_GREENHOUSE_01","event":"RESTLESS","level":158,"raw":635,"diff":635,"message":"Light Activity Level: 158"}}
{"timestamp":1777178570239,"type":"alerts","deviceId":"ESP32_GREENHOUSE_01","data":{"timestamp":1777178570239,"deviceId":"ESP32_GREENHOUSE_01","event":"LIGHT_ACTIVITY","level":81,"raw":324,"diff":324,"message":"Quiet Level: 81"}}
{"timestamp":1777178572251,"type":"alerts","deviceId":"ESP32_GREENHOUSE_01","data":{"timestamp":1777178572251,"deviceId":"ESP32_GREENHOUSE_01","event":"RESTLESS","level":484,"raw":1939,"diff":1939,"message":"CRYING DETECTED! ⚠️ Level: 484"}}
{"timestamp":1777178578298,"type":"alerts","deviceId":"ESP32_GREENHOUSE_01","data":{"timestamp":1777178578298,"deviceId":"ESP32_GREENHOUSE_01","event":"RESTLESS","level":651,"raw":2606,"diff":2606,"message":"CRYING DETECTED! ⚠️ Level: 651"}}
{"timestamp":1777178584346,"type":"alerts","deviceId":"ESP32_GREENHOUSE_01","data":{"timestamp":1777178584346,"deviceId":"ESP32_GREENHOUSE_01","event":"RESTLESS","level":101,"raw":406,"diff":406,"message":"CRYING DETECTED! ⚠️ Level: 101"}}
{"timestamp":1777178590397,"type":"alerts","deviceId":"ESP32_GREENHOUSE_01","data":{"timestamp":1777178590397,"deviceId":"ESP32_GREENHOUSE_01","event":"RESTLESS","level":83,"raw":333,"diff":333,"message":"CRYING DETECTED! ⚠️ Level: 83"}}
{"timestamp":1777178592421,"type":"alerts","deviceId":"ESP32_GREENHOUSE_01","data":{"timestamp":1777178592421,"deviceId":"ESP32_GREENHOUSE_01","event":"CRYING","level":451,"raw":1805,"diff":1805,"message":"CRYING DETECTED! ⚠️ Level: 451"}}
{"timestamp":1777178602530,"type":"alerts","deviceId":"ESP32_GREENHOUSE_01","data":{"timestamp":1777178602530,"deviceId":"ESP32_GREENHOUSE_01","event":"CRYING","level":281,"raw":1126,"diff":1126,"message":"CRYING DETECTED! ⚠️ Level: 281"}}
{"timestamp":1777178612603,"type":"alerts","deviceId":"ESP32_GREENHOUSE_01","data":{"timestamp":1777178612603,"deviceId":"ESP32_GREENHOUSE_01","event":"CRYING","level":154,"raw":616,"diff":616,"message":"CRYING DETECTED! ⚠️ Level: 154"}}
{"timestamp":1777178622689,"type":"alerts","deviceId":"ESP32_GREENHOUSE_01","data":{"timestamp":1777178622689,"deviceId":"ESP32_GREENHOUSE_01","event":"CRYING","level":106,"raw":427,"diff":427,"message":"CRYING DETECTED! ⚠️ Level: 106"}}
{"timestamp":1777178632795,"type":"alerts","deviceId":"ESP32_GREENHOUSE_01","data":{"timestamp":1777178632795,"deviceId":"ESP32_GREENHOUSE_01","event":"CRYING","level":117,"raw":469,"diff":469,"message":"CRYING DETECTED! ⚠️ Level: 117"}}
{"timestamp":1777178636826,"type":"alerts","deviceId":"ESP32_GREENHOUSE_01","data":{"timestamp":1777178636826,"deviceId":"ESP32_GREENHOUSE_01","event":"RESTLESS","level":118,"raw":472,"diff":472,"message":"CRYING DETECTED! ⚠️ Level: 118"}}
{"timestamp":1777178642874,"type":"alerts","deviceId":"ESP32_GREENHOUSE_01","data":{"timestamp":1777178642874,"deviceId":"ESP32_GREENHOUSE_01","event":"RESTLESS","level":170,"raw":683,"diff":683,"message":"CRYING DETECTED! ⚠️ Level: 170"}}
{"timestamp":1777178644890,"type":"alerts","deviceId":"ESP32_GREENHOUSE_01","data":{"timestamp":1777178644890,"deviceId":"ESP32_GREENHOUSE_01","event":"CRYING","level":280,"raw":1122,"diff":1122,"message":"CRYING DETECTED! ⚠️ Level: 280"}}
{"timestamp":1777178648923,"type":"alerts","deviceId":"ESP32_GREENHOUSE_01","data":{"timestamp":1777178648923,"deviceId":"ESP32_GREENHOUSE_01","event":"RESTLESS","level":121,"raw":487,"diff":487,"message":"CRYING DETECTED! ⚠️ Level: 121"}}
{"timestamp":1777178654979,"type":"alerts","deviceId":"ESP32_GREENHOUSE_01","data":{"timestamp":1777178654978,"deviceId":"ESP32_GREENHOUSE_01","event":"RESTLESS","level":169,"raw":679,"diff":679,"message":"Light Activity Level: 169"}}
{"timestamp":1777178661051,"type":"alerts","deviceId":"ESP32_GREENHOUSE_01","data":{"timestamp":1777178661051,"deviceId":"ESP32_GREENHOUSE_01","event":"RESTLESS","level":630,"raw":2521,"diff":2521,"message":"CRYING DETECTED! ⚠️ Level: 630"}}
{"timestamp":1777178663068,"type":"alerts","deviceId":"ESP32_GREENHOUSE_01","data":{"timestamp":1777178663068,"deviceId":"ESP32_GREENHOUSE_01","event":"CRYING","level":270,"raw":1081,"diff":1081,"message":"CRYING DETECTED! ⚠️ Level: 270"}}
{"timestamp":1777178673146,"type":"alerts","deviceId":"ESP32_GREENHOUSE_01","data":{"timestamp":1777178673146,"deviceId":"ESP32_GREENHOUSE_01","event":"CRYING","level":258,"raw":1034,"diff":1034,"message":"CRYING DETECTED! ⚠️ Level: 258"}}
{"timestamp":1777178683235,"type":"alerts","deviceId":"ESP32_GREENHOUSE_01","data":{"timestamp":1777178683235,"deviceId":"ESP32_GREENHOUSE_01","event":"CRYING","level":109,"raw":439,"diff":439,"message":"Quiet Level: 109"}}
{"timestamp":1777178687270,"type":"alerts","deviceId":"ESP32_GREENHOUSE_01","data":{"timestamp":1777178687269,"deviceId":"ESP32_GREENHOUSE_01","event":"RESTLESS","level":104,"raw":419,"diff":419,"message":"Quiet Level: 104"}}
{"timestamp":1777178693338,"type":"alerts","deviceId":"ESP32_GREENHOUSE_01","data":{"timestamp":1777178693338,"deviceId":"ESP32_GREENHOUSE_01","event":"RESTLESS","level":98,"raw":394,"diff":394,"message":"Quiet Level: 98"}}
{"timestamp":1777178699387,"type":"alerts","deviceId":"ESP32_GREENHOUSE_01","data":{"timestamp":1777178699387,"deviceId":"ESP32_GREENHOUSE_01","event":"LIGHT_ACTIVITY","level":81,"raw":326,"diff":326,"message":"Quiet Level: 81"}}
{"timestamp":1777178705436,"type":"alerts","deviceId":"ESP32_GREENHOUSE_01","data":{"timestamp":1777178705435,"deviceId":"ESP32_GREENHOUSE_01","event":"LIGHT_ACTIVITY","level":121,"raw":484,"diff":484,"message":"Quiet Level: 121"}}
{"timestamp":1777178707452,"type":"alerts","deviceId":"ESP32_GREENHOUSE_01","data":{"timestamp":1777178707452,"deviceId":"ESP32_GREENHOUSE_01","event":"RESTLESS","level":378,"raw":1515,"diff":1515,"message":"CRYING DETECTED! ⚠️ Level: 378"}}
{"timestamp":1777178711484,"type":"alerts","deviceId":"ESP32_GREENHOUSE_01","data":{"timestamp":1777178711484,"deviceId":"ESP32_GREENHOUSE_01","event":"LIGHT_ACTIVITY","level":357,"raw":1430,"diff":1430,"message":"CRYING DETECTED! ⚠️ Level: 357"}}
{"timestamp":1777178717541,"type":"alerts","deviceId":"ESP32_GREENHOUSE_01","data":{"timestamp":1777178717540,"deviceId":"ESP32_GREENHOUSE_01","event":"LIGHT_ACTIVITY","level":317,"raw":1271,"diff":1271,"message":"CRYING DETECTED! ⚠️ Level: 317"}}
{"timestamp":1777178723617,"type":"alerts","deviceId":"ESP32_GREENHOUSE_01","data":{"timestamp":1777178723617,"deviceId":"ESP32_GREENHOUSE_01","event":"LIGHT_ACTIVITY","level":85,"raw":340,"diff":340,"message":"Quiet Level: 85"}}
{"timestamp":1777178729660,"type":"alerts","deviceId":"ESP32_GREENHOUSE_01","data":{"timestamp":1777178729660,"deviceId":"ESP32_GREENHOUSE_01","event":"RESTLESS","level":187,"raw":749,"diff":749,"message":"CRYING DETECTED! ⚠️ Level: 187"}}
{"timestamp":1777178731690,"type":"alerts","deviceId":"ESP32_GREENHOUSE_01","data":{"timestamp":1777178731690,"deviceId":"ESP32_GREENHOUSE_01","event":"LIGHT_ACTIVITY","level":116,"raw":465,"diff":465,"message":"CRYING DETECTED! ⚠️ Level: 116"}}
{"timestamp":1777178737733,"type":"alerts","deviceId":"ESP32_GREENHOUSE_01","data":{"timestamp":1777178737733,"deviceId":"ESP32_GREENHOUSE_01","event":"LIGHT_ACTIVITY","level":257,"raw":1030,"diff":1030,"message":"CRYING DETECTED! ⚠️ Level: 257"}}
{"timestamp":1777178743776,"type":"alerts","deviceId":"ESP32_GREENHOUSE_01","data":{"timestamp":1777178743776,"deviceId":"ESP32_GREENHOUSE_01","event":"LIGHT_ACTIVITY","level":113,"raw":455,"diff":455,"message":"CRYING DETECTED! ⚠️ Level: 113"}}
{"timestamp":1777178749829,"type":"alerts","deviceId":"ESP32_GREENHOUSE_01","data":{"timestamp":1777178749829,"deviceId":"ESP32_GREENHOUSE_01","event":"LIGHT_ACTIVITY","level":107,"raw":429,"diff":429,"message":"CRYING DETECTED! ⚠️ Level: 107"}}
{"timestamp":1777178751873,"type":"alerts","deviceId":"ESP32_GREENHOUSE_01","data":{"timestamp":1777178751873,"deviceId":"ESP32_GREENHOUSE_01","event":"RESTLESS","level":530,"raw":2121,"diff":2121,"message":"CRYING DETECTED! ⚠️ Level: 530"}}
{"timestamp":1777178755900,"type":"alerts","deviceId":"ESP32_GREENHOUSE_01","data":{"timestamp":1777178755899,"deviceId":"ESP32_GREENHOUSE_01","event":"LIGHT_ACTIVITY","level":125,"raw":500,"diff":500,"message":"Quiet Level: 125"}}
{"timestamp":1777178761950,"type":"alerts","deviceId":"ESP32_GREENHOUSE_01","data":{"timestamp":1777178761949,"deviceId":"ESP32_GREENHOUSE_01","event":"LIGHT_ACTIVITY","level":91,"raw":367,"diff":367,"message":"Quiet Level: 91"}}
{"timestamp":1777178767996,"type":"alerts","deviceId":"ESP32_GREENHOUSE_01","data":{"timestamp":1777178767996,"deviceId":"ESP32_GREENHOUSE_01","event":"LIGHT_ACTIVITY","level":93,"raw":373,"diff":373,"message":"Quiet Level: 93"}}
{"timestamp":1777178774049,"type":"alerts","deviceId":"ESP32_GREENHOUSE_01","data":{"timestamp":1777178774049,"deviceId":"ESP32_GREENHOUSE_01","event":"LIGHT_ACTIVITY","level":90,"raw":361,"diff":361,"message":"Quiet Level: 90"}}
{"timestamp":1777178780102,"type":"alerts","deviceId":"ESP32_GREENHOUSE_01","data":{"timestamp":1777178780101,"deviceId":"ESP32_GREENHOUSE_01","event":"LIGHT_ACTIVITY","level":97,"raw":390,"diff":390,"message":"Quiet Level: 97"}}
{"timestamp":1777178786172,"type":"alerts","deviceId":"ESP32_GREENHOUSE_01","data":{"timestamp":1777178786172,"deviceId":"ESP32_GREENHOUSE_01","event":"LIGHT_ACTIVITY","level":113,"raw":455,"diff":455,"message":"Quiet Level: 113"}}
{"timestamp":1777178792220,"type":"alerts","deviceId":"ESP32_GREENHOUSE_01","data":{"timestamp":1777178792220,"deviceId":"ESP32_GREENHOUSE_01","event":"RESTLESS","level":157,"raw":630,"diff":630,"message":"Light Activity Level: 157"}}
{"timestamp":1777178794236,"type":"alerts","deviceId":"ESP32_GREENHOUSE_01","data":{"timestamp":1777178794235,"deviceId":"ESP32_GREENHOUSE_01","event":"LIGHT_ACTIVITY","level":111,"raw":446,"diff":446,"message":"Quiet Level: 111"}}
{"timestamp":1777178800283,"type":"alerts","deviceId":"ESP32_GREENHOUSE_01","data":{"timestamp":1777178800283,"deviceId":"ESP32_GREENHOUSE_01","event":"LIGHT_ACTIVITY","level":78,"raw":315,"diff":315,"message":"Quiet Level: 78"}}
{"timestamp":1777178806338,"type":"alerts","deviceId":"ESP32_GREENHOUSE_01","data":{"timestamp":1777178806338,"deviceId":"ESP32_GREENHOUSE_01","event":"LIGHT_ACTIVITY","level":99,"raw":396,"diff":396,"message":"Quiet Level: 99"}}
{"timestamp":1777178812391,"type":"alerts","deviceId":"ESP32_GREENHOUSE_01","data":{"timestamp":1777178812391,"deviceId":"ESP32_GREENHOUSE_01","event":"LIGHT_ACTIVITY","level":91,"raw":364,"diff":364,"message":"Quiet Level: 91"}}
{"timestamp":1777178818460,"type":"alerts","deviceId":"ESP32_GREENHOUSE_01","data":{"timestamp":1777178818459,"deviceId":"ESP32_GREENHOUSE_01","event":"LIGHT_ACTIVITY","level":100,"raw":402,"diff":402,"message":"Quiet Level: 100"}}
{"timestamp":1777178824508,"type":"alerts","deviceId":"ESP32_GREENHOUSE_01","data":{"timestamp":1777178824508,"deviceId":"ESP32_GREENHOUSE_01","event":"LIGHT_ACTIVITY","level":78,"raw":313,"diff":313,"message":"Quiet Level: 78"}}
{"timestamp":1777178830557,"type":"alerts","deviceId":"ESP32_GREENHOUSE_01","data":{"timestamp":1777178830557,"deviceId":"ESP32_GREENHOUSE_01","event":"LIGHT_ACTIVITY","level":101,"raw":406,"diff":406,"message":"Quiet Level: 101"}}
{"timestamp":1777178838626,"type":"alerts","deviceId":"ESP32_GREENHOUSE_01","data":{"timestamp":1777178838626,"deviceId":"ESP32_GREENHOUSE_01","event":"LIGHT_ACTIVITY","level":114,"raw":457,"diff":457,"message":"CRYING DETECTED! ⚠️ Level: 114"}}
{"timestamp":1777178844677,"type":"alerts","deviceId":"ESP32_GREENHOUSE_01","data":{"timestamp":1777178844677,"deviceId":"ESP32_GREENHOUSE_01","event":"LIGHT_ACTIVITY","level":113,"raw":453,"diff":453,"message":"Quiet Level: 113"}}
{"timestamp":1777178872932,"type":"alerts","deviceId":"ESP32_GREENHOUSE_01","data":{"timestamp":1777178872931,"deviceId":"ESP32_GREENHOUSE_01","event":"LIGHT_ACTIVITY","level":130,"raw":522,"diff":522,"message":"Quiet Level: 130"}}
{"timestamp":1777178879006,"type":"alerts","deviceId":"ESP32_GREENHOUSE_01","data":{"timestamp":1777178879006,"deviceId":"ESP32_GREENHOUSE_01","event":"LIGHT_ACTIVITY","level":117,"raw":469,"diff":469,"message":"Quiet Level: 117"}}
{"timestamp":1777178885056,"type":"alerts","deviceId":"ESP32_GREENHOUSE_01","data":{"timestamp":1777178885056,"deviceId":"ESP32_GREENHOUSE_01","event":"LIGHT_ACTIVITY","level":107,"raw":430,"diff":430,"message":"Quiet Level: 107"}}
{"timestamp":1777178891103,"type":"alerts","deviceId":"ESP32_GREENHOUSE_01","data":{"timestamp":1777178891103,"deviceId":"ESP32_GREENHOUSE_01","event":"LIGHT_ACTIVITY","level":109,"raw":438,"diff":438,"message":"Quiet Level: 109"}}
{"timestamp":1777178897149,"type":"alerts","deviceId":"ESP32_GREENHOUSE_01","data":{"timestamp":1777178897149,"deviceId":"ESP32_GREENHOUSE_01","event":"LIGHT_ACTIVITY","level":115,"raw":462,"diff":462,"message":"Quiet Level: 115"}}
{"timestamp":1777178903200,"type":"alerts","deviceId":"ESP32_GREENHOUSE_01","data":{"timestamp":1777178903200,"deviceId":"ESP32_GREENHOUSE_01","event":"LIGHT_ACTIVITY","level":91,"raw":365,"diff":365,"message":"Quiet Level: 91"}}
{"timestamp":1777178909254,"type":"alerts","deviceId":"ESP32_GREENHOUSE_01","data":{"timestamp":1777178909254,"deviceId":"ESP32_GREENHOUSE_01","event":"LIGHT_ACTIVITY","level":124,"raw":497,"diff":497,"message":"Quiet Level: 124"}}
{"timestamp":1777178915328,"type":"alerts","deviceId":"ESP32_GREENHOUSE_01","data":{"timestamp":1777178915327,"deviceId":"ESP32_GREENHOUSE_01","event":"LIGHT_ACTIVITY","level":115,"raw":460,"diff":460,"message":"Quiet Level: 115"}}
{"timestamp":1777178921373,"type":"alerts","deviceId":"ESP32_GREENHOUSE_01","data":{"timestamp":1777178921373,"deviceId":"ESP32_GREENHOUSE_01","event":"LIGHT_ACTIVITY","level":109,"raw":437,"diff":437,"message":"Quiet Level: 109"}}
{"timestamp":1777178927424,"type":"alerts","deviceId":"ESP32_GREENHOUSE_01","data":{"timestamp":1777178927423,"deviceId":"ESP32_GREENHOUSE_01","event":"LIGHT_ACTIVITY","level":104,"raw":416,"diff":416,"message":"Quiet Level: 104"}}
{"timestamp":1777178933470,"type":"alerts","deviceId":"ESP32_GREENHOUSE_01","data":{"timestamp":1777178933470,"deviceId":"ESP32_GREENHOUSE_01","event":"LIGHT_ACTIVITY","level":96,"raw":384,"diff":384,"message":"Quiet Level: 96"}}
{"timestamp":1777178961725,"type":"alerts","deviceId":"ESP32_GREENHOUSE_01","data":{"timestamp":1777178961725,"deviceId":"ESP32_GREENHOUSE_01","event":"LIGHT_ACTIVITY","level":137,"raw":551,"diff":551,"message":"Light Activity Level: 137"}}
{"timestamp":1777178967775,"type":"alerts","deviceId":"ESP32_GREENHOUSE_01","data":{"timestamp":1777178967775,"deviceId":"ESP32_GREENHOUSE_01","event":"LIGHT_ACTIVITY","level":104,"raw":417,"diff":417,"message":"Quiet Level: 104"}}
{"timestamp":1777178973829,"type":"alerts","deviceId":"ESP32_GREENHOUSE_01","data":{"timestamp":1777178973829,"deviceId":"ESP32_GREENHOUSE_01","event":"LIGHT_ACTIVITY","level":118,"raw":475,"diff":475,"message":"Quiet Level: 118"}}
{"timestamp":1777178979909,"type":"alerts","deviceId":"ESP32_GREENHOUSE_01","data":{"timestamp":1777178979909,"deviceId":"ESP32_GREENHOUSE_01","event":"LIGHT_ACTIVITY","level":93,"raw":373,"diff":373,"message":"Quiet Level: 93"}}
{"timestamp":1777178985952,"type":"alerts","deviceId":"ESP32_GREENHOUSE_01","data":{"timestamp":1777178985952,"deviceId":"ESP32_GREENHOUSE_01","event":"LIGHT_ACTIVITY","level":91,"raw":366,"diff":366,"message":"Quiet Level: 91"}}
{"timestamp":1777178991997,"type":"alerts","deviceId":"ESP32_GREENHOUSE_01","data":{"timestamp":1777178991996,"deviceId":"ESP32_GREENHOUSE_01","event":"LIGHT_ACTIVITY","level":99,"raw":399,"diff":399,"message":"Quiet Level: 99"}}
{"timestamp":1777178998045,"type":"alerts","deviceId":"ESP32_GREENHOUSE_01","data":{"timestamp":1777178998045,"deviceId":"ESP32_GREENHOUSE_01","event":"LIGHT_ACTIVITY","level":90,"raw":363,"diff":363,"message":"Quiet Level: 90"}}
{"timestamp":1777179004101,"type":"alerts","deviceId":"ESP32_GREENHOUSE_01","data":{"timestamp":1777179004101,"deviceId":"ESP32_GREENHOUSE_01","event":"LIGHT_ACTIVITY","level":98,"raw":395,"diff":395,"message":"Quiet Level: 98"}}
{"timestamp":1777179010173,"type":"alerts","deviceId":"ESP32_GREENHOUSE_01","data":{"timestamp":1777179010173,"deviceId":"ESP32_GREENHOUSE_01","event":"LIGHT_ACTIVITY","level":77,"raw":310,"diff":310,"message":"Quiet Level: 77"}}
{"timestamp":1777179016221,"type":"alerts","deviceId":"ESP32_GREENHOUSE_01","data":{"timestamp":1777179016221,"deviceId":"ESP32_GREENHOUSE_01","event":"LIGHT_ACTIVITY","level":133,"raw":534,"diff":534,"message":"Quiet Level: 133"}}
{"timestamp":1777179022271,"type":"alerts","deviceId":"ESP32_GREENHOUSE_01","data":{"timestamp":1777179022271,"deviceId":"ESP32_GREENHOUSE_01","event":"LIGHT_ACTIVITY","level":134,"raw":537,"diff":537,"message":"Quiet Level: 134"}}
{"timestamp":1777179028317,"type":"alerts","deviceId":"ESP32_GREENHOUSE_01","data":{"timestamp":1777179028317,"deviceId":"ESP32_GREENHOUSE_01","event":"LIGHT_ACTIVITY","level":90,"raw":360,"diff":360,"message":"Quiet Level: 90"}}
{"timestamp":1777179034371,"type":"alerts","deviceId":"ESP32_GREENHOUSE_01","data":{"timestamp":1777179034371,"deviceId":"ESP32_GREENHOUSE_01","event":"LIGHT_ACTIVITY","level":88,"raw":355,"diff":355,"message":"Quiet Level: 88"}}
{"timestamp":1777179040445,"type":"alerts","deviceId":"ESP32_GREENHOUSE_01","data":{"timestamp":1777179040445,"deviceId":"ESP32_GREENHOUSE_01","event":"LIGHT_ACTIVITY","level":142,"raw":568,"diff":568,"message":"CRYING DETECTED! ⚠️ Level: 142"}}
{"timestamp":1777179042461,"type":"alerts","deviceId":"ESP32_GREENHOUSE_01","data":{"timestamp":1777179042461,"deviceId":"ESP32_GREENHOUSE_01","event":"RESTLESS","level":241,"raw":964,"diff":964,"message":"CRYING DETECTED! ⚠️ Level: 241"}}
{"timestamp":1777179046493,"type":"alerts","deviceId":"ESP32_GREENHOUSE_01","data":{"timestamp":1777179046493,"deviceId":"ESP32_GREENHOUSE_01","event":"LIGHT_ACTIVITY","level":147,"raw":588,"diff":588,"message":"Light Activity Level: 147"}}
{"timestamp":1777179052542,"type":"alerts","deviceId":"ESP32_GREENHOUSE_01","data":{"timestamp":1777179052541,"deviceId":"ESP32_GREENHOUSE_01","event":"LIGHT_ACTIVITY","level":74,"raw":298,"diff":298,"message":"Quiet Level: 74"}}
{"timestamp":1777179058589,"type":"alerts","deviceId":"ESP32_GREENHOUSE_01","data":{"timestamp":1777179058589,"deviceId":"ESP32_GREENHOUSE_01","event":"LIGHT_ACTIVITY","level":112,"raw":448,"diff":448,"message":"Quiet Level: 112"}}
{"timestamp":1777179064640,"type":"alerts","deviceId":"ESP32_GREENHOUSE_01","data":{"timestamp":1777179064640,"deviceId":"ESP32_GREENHOUSE_01","event":"LIGHT_ACTIVITY","level":105,"raw":423,"diff":423,"message":"Quiet Level: 105"}}
{"timestamp":1777179070695,"type":"alerts","deviceId":"ESP32_GREENHOUSE_01","data":{"timestamp":1777179070695,"deviceId":"ESP32_GREENHOUSE_01","event":"LIGHT_ACTIVITY","level":92,"raw":371,"diff":371,"message":"Quiet Level: 92"}}
{"timestamp":1777179088863,"type":"alerts","deviceId":"ESP32_GREENHOUSE_01","data":{"timestamp":1777179088863,"deviceId":"ESP32_GREENHOUSE_01","event":"LIGHT_ACTIVITY","level":122,"raw":490,"diff":490,"message":"Quiet Level: 122"}}
{"timestamp":1777179094914,"type":"alerts","deviceId":"ESP32_GREENHOUSE_01","data":{"timestamp":1777179094914,"deviceId":"ESP32_GREENHOUSE_01","event":"LIGHT_ACTIVITY","level":131,"raw":524,"diff":524,"message":"Quiet Level: 131"}}
{"timestamp":1777179100966,"type":"alerts","deviceId":"ESP32_GREENHOUSE_01","data":{"timestamp":1777179100966,"deviceId":"ESP32_GREENHOUSE_01","event":"LIGHT_ACTIVITY","level":104,"raw":416,"diff":416,"message":"Quiet Level: 104"}}
{"timestamp":1777179107042,"type":"alerts","deviceId":"ESP32_GREENHOUSE_01","data":{"timestamp":1777179107041,"deviceId":"ESP32_GREENHOUSE_01","event":"LIGHT_ACTIVITY","level":154,"raw":619,"diff":619,"message":"Light Activity Level: 154"}}
{"timestamp":1777179113085,"type":"alerts","deviceId":"ESP32_GREENHOUSE_01","data":{"timestamp":1777179113085,"deviceId":"ESP32_GREENHOUSE_01","event":"LIGHT_ACTIVITY","level":112,"raw":448,"diff":448,"message":"Quiet Level: 112"}}
{"timestamp":1777179119135,"type":"alerts","deviceId":"ESP32_GREENHOUSE_01","data":{"timestamp":1777179119135,"deviceId":"ESP32_GREENHOUSE_01","event":"LIGHT_ACTIVITY","level":91,"raw":366,"diff":366,"message":"Quiet Level: 91"}}
{"timestamp":1777179125184,"type":"alerts","deviceId":"ESP32_GREENHOUSE_01","data":{"timestamp":1777179125184,"deviceId":"ESP32_GREENHOUSE_01","event":"LIGHT_ACTIVITY","level":133,"raw":534,"diff":534,"message":"Quiet Level: 133"}}
{"timestamp":1777179131238,"type":"alerts","deviceId":"ESP32_GREENHOUSE_01","data":{"timestamp":1777179131238,"deviceId":"ESP32_GREENHOUSE_01","event":"LIGHT_ACTIVITY","level":133,"raw":533,"diff":533,"message":"Quiet Level: 133"}}
{"timestamp":1777179137310,"type":"alerts","deviceId":"ESP32_GREENHOUSE_01","data":{"timestamp":1777179137310,"deviceId":"ESP32_GREENHOUSE_01","event":"LIGHT_ACTIVITY","level":103,"raw":413,"diff":413,"message":"Quiet Level: 103"}}
{"timestamp":1777179143358,"type":"alerts","deviceId":"ESP32_GREENHOUSE_01","data":{"timestamp":1777179143357,"deviceId":"ESP32_GREENHOUSE_01","event":"LIGHT_ACTIVITY","level":121,"raw":485,"diff":485,"message":"Quiet Level: 121"}}
{"timestamp":1777179149410,"type":"alerts","deviceId":"ESP32_GREENHOUSE_01","data":{"timestamp":1777179149410,"deviceId":"ESP32_GREENHOUSE_01","event":"LIGHT_ACTIVITY","level":118,"raw":472,"diff":472,"message":"Quiet Level: 118"}}
{"timestamp":1777179155457,"type":"alerts","deviceId":"ESP32_GREENHOUSE_01","data":{"timestamp":1777179155457,"deviceId":"ESP32_GREENHOUSE_01","event":"LIGHT_ACTIVITY","level":89,"raw":358,"diff":358,"message":"Quiet Level: 89"}}
{"timestamp":1777179161512,"type":"alerts","deviceId":"ESP32_GREENHOUSE_01","data":{"timestamp":1777179161511,"deviceId":"ESP32_GREENHOUSE_01","event":"LIGHT_ACTIVITY","level":93,"raw":375,"diff":375,"message":"Quiet Level: 93"}}
{"timestamp":1777179167582,"type":"alerts","deviceId":"ESP32_GREENHOUSE_01","data":{"timestamp":1777179167582,"deviceId":"ESP32_GREENHOUSE_01","event":"LIGHT_ACTIVITY","level":92,"raw":369,"diff":369,"message":"Quiet Level: 92"}}
{"timestamp":1777179189767,"type":"alerts","deviceId":"ESP32_GREENHOUSE_01","data":{"timestamp":1777179189767,"deviceId":"ESP32_GREENHOUSE_01","event":"LIGHT_ACTIVITY","level":126,"raw":504,"diff":504,"message":"Quiet Level: 126"}}
{"timestamp":1777179195839,"type":"alerts","deviceId":"ESP32_GREENHOUSE_01","data":{"timestamp":1777179195839,"deviceId":"ESP32_GREENHOUSE_01","event":"LIGHT_ACTIVITY","level":118,"raw":473,"diff":473,"message":"Quiet Level: 118"}}
{"timestamp":1777179201913,"type":"alerts","deviceId":"ESP32_GREENHOUSE_01","data":{"timestamp":1777179201913,"deviceId":"ESP32_GREENHOUSE_01","event":"LIGHT_ACTIVITY","level":101,"raw":404,"diff":404,"message":"Quiet Level: 101"}}
{"timestamp":1777179207938,"type":"alerts","deviceId":"ESP32_GREENHOUSE_01","data":{"timestamp":1777179207938,"deviceId":"ESP32_GREENHOUSE_01","event":"LIGHT_ACTIVITY","level":109,"raw":439,"diff":439,"message":"Quiet Level: 109"}}
{"timestamp":1777179213985,"type":"alerts","deviceId":"ESP32_GREENHOUSE_01","data":{"timestamp":1777179213984,"deviceId":"ESP32_GREENHOUSE_01","event":"LIGHT_ACTIVITY","level":83,"raw":335,"diff":335,"message":"Quiet Level: 83"}}
{"timestamp":1777179220039,"type":"alerts","deviceId":"ESP32_GREENHOUSE_01","data":{"timestamp":1777179220039,"deviceId":"ESP32_GREENHOUSE_01","event":"LIGHT_ACTIVITY","level":95,"raw":380,"diff":380,"message":"Quiet Level: 95"}}
{"timestamp":1777179226111,"type":"alerts","deviceId":"ESP32_GREENHOUSE_01","data":{"timestamp":1777179226110,"deviceId":"ESP32_GREENHOUSE_01","event":"LIGHT_ACTIVITY","level":93,"raw":374,"diff":374,"message":"Quiet Level: 93"}}
{"timestamp":1777179232159,"type":"alerts","deviceId":"ESP32_GREENHOUSE_01","data":{"timestamp":1777179232159,"deviceId":"ESP32_GREENHOUSE_01","event":"LIGHT_ACTIVITY","level":111,"raw":446,"diff":446,"message":"Quiet Level: 111"}}
{"timestamp":1777179248304,"type":"alerts","deviceId":"ESP32_GREENHOUSE_01","data":{"timestamp":1777179248304,"deviceId":"ESP32_GREENHOUSE_01","event":"LIGHT_ACTIVITY","level":136,"raw":544,"diff":544,"message":"Light Activity Level: 136"}}
{"timestamp":1777179254373,"type":"alerts","deviceId":"ESP32_GREENHOUSE_01","data":{"timestamp":1777179254372,"deviceId":"ESP32_GREENHOUSE_01","event":"LIGHT_ACTIVITY","level":110,"raw":440,"diff":440,"message":"Quiet Level: 110"}}
{"timestamp":1777179260424,"type":"alerts","deviceId":"ESP32_GREENHOUSE_01","data":{"timestamp":1777179260424,"deviceId":"ESP32_GREENHOUSE_01","event":"LIGHT_ACTIVITY","level":121,"raw":484,"diff":484,"message":"Quiet Level: 121"}}
{"timestamp":1777179266463,"type":"alerts","deviceId":"ESP32_GREENHOUSE_01","data":{"timestamp":1777179266463,"deviceId":"ESP32_GREENHOUSE_01","event":"LIGHT_ACTIVITY","level":105,"raw":421,"diff":421,"message":"Quiet Level: 105"}}
{"timestamp":1777179272512,"type":"alerts","deviceId":"ESP32_GREENHOUSE_01","data":{"timestamp":1777179272512,"deviceId":"ESP32_GREENHOUSE_01","event":"LIGHT_ACTIVITY","level":83,"raw":333,"diff":333,"message":"Quiet Level: 83"}}
{"timestamp":1777179278569,"type":"alerts","deviceId":"ESP32_GREENHOUSE_01","data":{"timestamp":1777179278569,"deviceId":"ESP32_GREENHOUSE_01","event":"LIGHT_ACTIVITY","level":90,"raw":362,"diff":362,"message":"Quiet Level: 90"}}
{"timestamp":1777179284640,"type":"alerts","deviceId":"ESP32_GREENHOUSE_01","data":{"timestamp":1777179284640,"deviceId":"ESP32_GREENHOUSE_01","event":"LIGHT_ACTIVITY","level":104,"raw":418,"diff":418,"message":"Quiet Level: 104"}}
{"timestamp":1777179290688,"type":"alerts","deviceId":"ESP32_GREENHOUSE_01","data":{"timestamp":1777179290688,"deviceId":"ESP32_GREENHOUSE_01","event":"LIGHT_ACTIVITY","level":97,"raw":391,"diff":391,"message":"Quiet Level: 97"}}
{"timestamp":1777179296735,"type":"alerts","deviceId":"ESP32_GREENHOUSE_01","data":{"timestamp":1777179296735,"deviceId":"ESP32_GREENHOUSE_01","event":"LIGHT_ACTIVITY","level":135,"raw":542,"diff":542,"message":"Light Activity Level: 135"}}
{"timestamp":1777179302789,"type":"alerts","deviceId":"ESP32_GREENHOUSE_01","data":{"timestamp":1777179302789,"deviceId":"ESP32_GREENHOUSE_01","event":"LIGHT_ACTIVITY","level":94,"raw":378,"diff":378,"message":"Quiet Level: 94"}}
{"timestamp":1777179308841,"type":"alerts","deviceId":"ESP32_GREENHOUSE_01","data":{"timestamp":1777179308841,"deviceId":"ESP32_GREENHOUSE_01","event":"LIGHT_ACTIVITY","level":106,"raw":427,"diff":427,"message":"Quiet Level: 106"}}
{"timestamp":1777179314916,"type":"alerts","deviceId":"ESP32_GREENHOUSE_01","data":{"timestamp":1777179314915,"deviceId":"ESP32_GREENHOUSE_01","event":"LIGHT_ACTIVITY","level":89,"raw":358,"diff":358,"message":"Quiet Level: 89"}}
{"timestamp":1777179320960,"type":"alerts","deviceId":"ESP32_GREENHOUSE_01","data":{"timestamp":1777179320960,"deviceId":"ESP32_GREENHOUSE_01","event":"LIGHT_ACTIVITY","level":65,"raw":263,"diff":263,"message":"Quiet Level: 65"}}
{"timestamp":1777179331042,"type":"alerts","deviceId":"ESP32_GREENHOUSE_01","data":{"timestamp":1777179331042,"deviceId":"ESP32_GREENHOUSE_01","event":"LIGHT_ACTIVITY","level":236,"raw":945,"diff":945,"message":"Restless Level: 236"}}
{"timestamp":1777179337094,"type":"alerts","deviceId":"ESP32_GREENHOUSE_01","data":{"timestamp":1777179337094,"deviceId":"ESP32_GREENHOUSE_01","event":"LIGHT_ACTIVITY","level":80,"raw":322,"diff":322,"message":"Quiet Level: 80"}}
{"timestamp":1777179343169,"type":"alerts","deviceId":"ESP32_GREENHOUSE_01","data":{"timestamp":1777179343169,"deviceId":"ESP32_GREENHOUSE_01","event":"LIGHT_ACTIVITY","level":85,"raw":343,"diff":343,"message":"Quiet Level: 85"}}
{"timestamp":1777179349221,"type":"alerts","deviceId":"ESP32_GREENHOUSE_01","data":{"timestamp":1777179349221,"deviceId":"ESP32_GREENHOUSE_01","event":"LIGHT_ACTIVITY","level":79,"raw":318,"diff":318,"message":"Quiet Level: 79"}}
{"timestamp":1777179355265,"type":"alerts","deviceId":"ESP32_GREENHOUSE_01","data":{"timestamp":1777179355265,"deviceId":"ESP32_GREENHOUSE_01","event":"LIGHT_ACTIVITY","level":118,"raw":473,"diff":473,"message":"Quiet Level: 118"}}
{"timestamp":1777179371426,"type":"alerts","deviceId":"ESP32_GREENHOUSE_01","data":{"timestamp":1777179371426,"deviceId":"ESP32_GREENHOUSE_01","event":"LIGHT_ACTIVITY","level":124,"raw":497,"diff":497,"message":"Quiet Level: 124"}}
{"timestamp":1777179377477,"type":"alerts","deviceId":"ESP32_GREENHOUSE_01","data":{"timestamp":1777179377477,"deviceId":"ESP32_GREENHOUSE_01","event":"LIGHT_ACTIVITY","level":111,"raw":444,"diff":444,"message":"Quiet Level: 111"}}
{"timestamp":1777179383520,"type":"alerts","deviceId":"ESP32_GREENHOUSE_01","data":{"timestamp":1777179383520,"deviceId":"ESP32_GREENHOUSE_01","event":"LIGHT_ACTIVITY","level":142,"raw":571,"diff":571,"message":"Light Activity Level: 142"}}
{"timestamp":1777179389569,"type":"alerts","deviceId":"ESP32_GREENHOUSE_01","data":{"timestamp":1777179389569,"deviceId":"ESP32_GREENHOUSE_01","event":"LIGHT_ACTIVITY","level":99,"raw":398,"diff":398,"message":"Quiet Level: 99"}}
{"timestamp":1777179395621,"type":"alerts","deviceId":"ESP32_GREENHOUSE_01","data":{"timestamp":1777179395621,"deviceId":"ESP32_GREENHOUSE_01","event":"LIGHT_ACTIVITY","level":79,"raw":318,"diff":318,"message":"Quiet Level: 79"}}
{"timestamp":1777179401696,"type":"alerts","deviceId":"ESP32_GREENHOUSE_01","data":{"timestamp":1777179401696,"deviceId":"ESP32_GREENHOUSE_01","event":"LIGHT_ACTIVITY","level":115,"raw":461,"diff":461,"message":"Quiet Level: 115"}}
{"timestamp":1777179407745,"type":"alerts","deviceId":"ESP32_GREENHOUSE_01","data":{"timestamp":1777179407745,"deviceId":"ESP32_GREENHOUSE_01","event":"LIGHT_ACTIVITY","level":75,"raw":303,"diff":303,"message":"Quiet Level: 75"}}
{"timestamp":1777179413793,"type":"alerts","deviceId":"ESP32_GREENHOUSE_01","data":{"timestamp":1777179413793,"deviceId":"ESP32_GREENHOUSE_01","event":"LIGHT_ACTIVITY","level":105,"raw":422,"diff":422,"message":"Quiet Level: 105"}}
{"timestamp":1777179466274,"type":"alerts","deviceId":"ESP32_GREENHOUSE_01","data":{"timestamp":1777179466273,"deviceId":"ESP32_GREENHOUSE_01","event":"LIGHT_ACTIVITY","level":140,"raw":562,"diff":562,"message":"Light Activity Level: 140"}}
{"timestamp":1777179472320,"type":"alerts","deviceId":"ESP32_GREENHOUSE_01","data":{"timestamp":1777179472320,"deviceId":"ESP32_GREENHOUSE_01","event":"LIGHT_ACTIVITY","level":106,"raw":427,"diff":427,"message":"Quiet Level: 106"}}
{"timestamp":1777179478372,"type":"alerts","deviceId":"ESP32_GREENHOUSE_01","data":{"timestamp":1777179478371,"deviceId":"ESP32_GREENHOUSE_01","event":"LIGHT_ACTIVITY","level":134,"raw":538,"diff":538,"message":"Quiet Level: 134"}}
{"timestamp":1777179484424,"type":"alerts","deviceId":"ESP32_GREENHOUSE_01","data":{"timestamp":1777179484424,"deviceId":"ESP32_GREENHOUSE_01","event":"LIGHT_ACTIVITY","level":104,"raw":416,"diff":416,"message":"Quiet Level: 104"}}
{"timestamp":1777179490498,"type":"alerts","deviceId":"ESP32_GREENHOUSE_01","data":{"timestamp":1777179490498,"deviceId":"ESP32_GREENHOUSE_01","event":"LIGHT_ACTIVITY","level":78,"raw":312,"diff":312,"message":"Quiet Level: 78"}}
{"timestamp":1777179496545,"type":"alerts","deviceId":"ESP32_GREENHOUSE_01","data":{"timestamp":1777179496544,"deviceId":"ESP32_GREENHOUSE_01","event":"LIGHT_ACTIVITY","level":372,"raw":1490,"diff":1490,"message":"CRYING DETECTED! ⚠️ Level: 372"}}
{"timestamp":1777179502593,"type":"alerts","deviceId":"ESP32_GREENHOUSE_01","data":{"timestamp":1777179502592,"deviceId":"ESP32_GREENHOUSE_01","event":"LIGHT_ACTIVITY","level":245,"raw":982,"diff":982,"message":"Restless Level: 245"}}
{"timestamp":1777179508644,"type":"alerts","deviceId":"ESP32_GREENHOUSE_01","data":{"timestamp":1777179508644,"deviceId":"ESP32_GREENHOUSE_01","event":"LIGHT_ACTIVITY","level":161,"raw":644,"diff":644,"message":"Light Activity Level: 161"}}
{"timestamp":1777179510663,"type":"alerts","deviceId":"ESP32_GREENHOUSE_01","data":{"timestamp":1777179510663,"deviceId":"ESP32_GREENHOUSE_01","event":"RESTLESS","level":633,"raw":2532,"diff":2532,"message":"CRYING DETECTED! ⚠️ Level: 633"}}
{"timestamp":1777179516714,"type":"alerts","deviceId":"ESP32_GREENHOUSE_01","data":{"timestamp":1777179516714,"deviceId":"ESP32_GREENHOUSE_01","event":"RESTLESS","level":95,"raw":383,"diff":383,"message":"Quiet Level: 95"}}
{"timestamp":1777179522789,"type":"alerts","deviceId":"ESP32_GREENHOUSE_01","data":{"timestamp":1777179522789,"deviceId":"ESP32_GREENHOUSE_01","event":"RESTLESS","level":77,"raw":310,"diff":310,"message":"Quiet Level: 77"}}
{"timestamp":1777179528833,"type":"alerts","deviceId":"ESP32_GREENHOUSE_01","data":{"timestamp":1777179528833,"deviceId":"ESP32_GREENHOUSE_01","event":"RESTLESS","level":108,"raw":432,"diff":432,"message":"CRYING DETECTED! ⚠️ Level: 108"}}
{"timestamp":1777179534882,"type":"alerts","deviceId":"ESP32_GREENHOUSE_01","data":{"timestamp":1777179534882,"deviceId":"ESP32_GREENHOUSE_01","event":"RESTLESS","level":82,"raw":331,"diff":331,"message":"Quiet Level: 82"}}
{"timestamp":1777179538917,"type":"alerts","deviceId":"ESP32_GREENHOUSE_01","data":{"timestamp":1777179538917,"deviceId":"ESP32_GREENHOUSE_01","event":"LIGHT_ACTIVITY","level":78,"raw":314,"diff":314,"message":"Quiet Level: 78"}}
{"timestamp":1777179544968,"type":"alerts","deviceId":"ESP32_GREENHOUSE_01","data":{"timestamp":1777179544968,"deviceId":"ESP32_GREENHOUSE_01","event":"LIGHT_ACTIVITY","level":88,"raw":353,"diff":353,"message":"Quiet Level: 88"}}
{"timestamp":1777179551041,"type":"alerts","deviceId":"ESP32_GREENHOUSE_01","data":{"timestamp":1777179551041,"deviceId":"ESP32_GREENHOUSE_01","event":"LIGHT_ACTIVITY","level":106,"raw":424,"diff":424,"message":"Quiet Level: 106"}}
{"timestamp":1777179557090,"type":"alerts","deviceId":"ESP32_GREENHOUSE_01","data":{"timestamp":1777179557090,"deviceId":"ESP32_GREENHOUSE_01","event":"LIGHT_ACTIVITY","level":95,"raw":383,"diff":383,"message":"Quiet Level: 95"}}
{"timestamp":1777179563139,"type":"alerts","deviceId":"ESP32_GREENHOUSE_01","data":{"timestamp":1777179563139,"deviceId":"ESP32_GREENHOUSE_01","event":"LIGHT_ACTIVITY","level":95,"raw":383,"diff":383,"message":"Quiet Level: 95"}}
{"timestamp":1777179569188,"type":"alerts","deviceId":"ESP32_GREENHOUSE_01","data":{"timestamp":1777179569188,"deviceId":"ESP32_GREENHOUSE_01","event":"LIGHT_ACTIVITY","level":345,"raw":1380,"diff":1380,"message":"CRYING DETECTED! ⚠️ Level: 345"}}
{"timestamp":1777179575242,"type":"alerts","deviceId":"ESP32_GREENHOUSE_01","data":{"timestamp":1777179575242,"deviceId":"ESP32_GREENHOUSE_01","event":"LIGHT_ACTIVITY","level":134,"raw":537,"diff":537,"message":"Quiet Level: 134"}}
{"timestamp":1777179581314,"type":"alerts","deviceId":"ESP32_GREENHOUSE_01","data":{"timestamp":1777179581314,"deviceId":"ESP32_GREENHOUSE_01","event":"LIGHT_ACTIVITY","level":212,"raw":850,"diff":850,"message":"Restless Level: 212"}}
{"timestamp":1777179587364,"type":"alerts","deviceId":"ESP32_GREENHOUSE_01","data":{"timestamp":1777179587364,"deviceId":"ESP32_GREENHOUSE_01","event":"LIGHT_ACTIVITY","level":71,"raw":284,"diff":284,"message":"Quiet Level: 71"}}
{"timestamp":1777179593409,"type":"alerts","deviceId":"ESP32_GREENHOUSE_01","data":{"timestamp":1777179593409,"deviceId":"ESP32_GREENHOUSE_01","event":"RESTLESS","level":119,"raw":477,"diff":477,"message":"Quiet Level: 119"}}
{"timestamp":1777179599462,"type":"alerts","deviceId":"ESP32_GREENHOUSE_01","data":{"timestamp":1777179599461,"deviceId":"ESP32_GREENHOUSE_01","event":"LIGHT_ACTIVITY","level":96,"raw":386,"diff":386,"message":"Quiet Level: 96"}}
{"timestamp":1777179605514,"type":"alerts","deviceId":"ESP32_GREENHOUSE_01","data":{"timestamp":1777179605514,"deviceId":"ESP32_GREENHOUSE_01","event":"RESTLESS","level":248,"raw":994,"diff":994,"message":"Restless Level: 248"}}
{"timestamp":1777179609572,"type":"alerts","deviceId":"ESP32_GREENHOUSE_01","data":{"timestamp":1777179609572,"deviceId":"ESP32_GREENHOUSE_01","event":"LIGHT_ACTIVITY","level":129,"raw":516,"diff":516,"message":"Quiet Level: 129"}}
{"timestamp":1777179611587,"type":"alerts","deviceId":"ESP32_GREENHOUSE_01","data":{"timestamp":1777179611587,"deviceId":"ESP32_GREENHOUSE_01","event":"RESTLESS","level":263,"raw":1052,"diff":1052,"message":"Restless Level: 263"}}
{"timestamp":1777179615620,"type":"alerts","deviceId":"ESP32_GREENHOUSE_01","data":{"timestamp":1777179615620,"deviceId":"ESP32_GREENHOUSE_01","event":"LIGHT_ACTIVITY","level":118,"raw":475,"diff":475,"message":"Quiet Level: 118"}}
{"timestamp":1777179617636,"type":"alerts","deviceId":"ESP32_GREENHOUSE_01","data":{"timestamp":1777179617636,"deviceId":"ESP32_GREENHOUSE_01","event":"RESTLESS","level":130,"raw":523,"diff":523,"message":"Quiet Level: 130"}}
{"timestamp":1777179623682,"type":"alerts","deviceId":"ESP32_GREENHOUSE_01","data":{"timestamp":1777179623681,"deviceId":"ESP32_GREENHOUSE_01","event":"RESTLESS","level":100,"raw":400,"diff":400,"message":"Quiet Level: 100"}}
{"timestamp":1777179627715,"type":"alerts","deviceId":"ESP32_GREENHOUSE_01","data":{"timestamp":1777179627715,"deviceId":"ESP32_GREENHOUSE_01","event":"LIGHT_ACTIVITY","level":84,"raw":339,"diff":339,"message":"Quiet Level: 84"}}
{"timestamp":1777179629732,"type":"alerts","deviceId":"ESP32_GREENHOUSE_01","data":{"timestamp":1777179629732,"deviceId":"ESP32_GREENHOUSE_01","event":"RESTLESS","level":161,"raw":645,"diff":645,"message":"Light Activity Level: 161"}}
{"timestamp":1777179635786,"type":"alerts","deviceId":"ESP32_GREENHOUSE_01","data":{"timestamp":1777179635786,"deviceId":"ESP32_GREENHOUSE_01","event":"LIGHT_ACTIVITY","level":93,"raw":374,"diff":374,"message":"Quiet Level: 93"}}
{"timestamp":1777179637804,"type":"alerts","deviceId":"ESP32_GREENHOUSE_01","data":{"timestamp":1777179637804,"deviceId":"ESP32_GREENHOUSE_01","event":"RESTLESS","level":111,"raw":447,"diff":447,"message":"Quiet Level: 111"}}
{"timestamp":1777179641862,"type":"alerts","deviceId":"ESP32_GREENHOUSE_01","data":{"timestamp":1777179641862,"deviceId":"ESP32_GREENHOUSE_01","event":"LIGHT_ACTIVITY","level":70,"raw":282,"diff":282,"message":"Quiet Level: 70"}}
{"timestamp":1777179647907,"type":"alerts","deviceId":"ESP32_GREENHOUSE_01","data":{"timestamp":1777179647907,"deviceId":"ESP32_GREENHOUSE_01","event":"LIGHT_ACTIVITY","level":123,"raw":492,"diff":492,"message":"Quiet Level: 123"}}
{"timestamp":1777179653957,"type":"alerts","deviceId":"ESP32_GREENHOUSE_01","data":{"timestamp":1777179653957,"deviceId":"ESP32_GREENHOUSE_01","event":"LIGHT_ACTIVITY","level":87,"raw":348,"diff":348,"message":"Quiet Level: 87"}}
{"timestamp":1777179660011,"type":"alerts","deviceId":"ESP32_GREENHOUSE_01","data":{"timestamp":1777179660011,"deviceId":"ESP32_GREENHOUSE_01","event":"LIGHT_ACTIVITY","level":137,"raw":550,"diff":550,"message":"Light Activity Level: 137"}}
{"timestamp":1777179666060,"type":"alerts","deviceId":"ESP32_GREENHOUSE_01","data":{"timestamp":1777179666060,"deviceId":"ESP32_GREENHOUSE_01","event":"LIGHT_ACTIVITY","level":119,"raw":478,"diff":478,"message":"Quiet Level: 119"}}
{"timestamp":1777179672130,"type":"alerts","deviceId":"ESP32_GREENHOUSE_01","data":{"timestamp":1777179672130,"deviceId":"ESP32_GREENHOUSE_01","event":"LIGHT_ACTIVITY","level":124,"raw":497,"diff":497,"message":"Quiet Level: 124"}}
{"timestamp":1777179678183,"type":"alerts","deviceId":"ESP32_GREENHOUSE_01","data":{"timestamp":1777179678183,"deviceId":"ESP32_GREENHOUSE_01","event":"RESTLESS","level":191,"raw":764,"diff":764,"message":"Restless Level: 191"}}
{"timestamp":1777179680196,"type":"alerts","deviceId":"ESP32_GREENHOUSE_01","data":{"timestamp":1777179680196,"deviceId":"ESP32_GREENHOUSE_01","event":"LIGHT_ACTIVITY","level":122,"raw":491,"diff":491,"message":"Quiet Level: 122"}}
{"timestamp":1777179684227,"type":"alerts","deviceId":"ESP32_GREENHOUSE_01","data":{"timestamp":1777179684227,"deviceId":"ESP32_GREENHOUSE_01","event":"RESTLESS","level":201,"raw":806,"diff":806,"message":"Restless Level: 201"}}
{"timestamp":1777179688259,"type":"alerts","deviceId":"ESP32_GREENHOUSE_01","data":{"timestamp":1777179688259,"deviceId":"ESP32_GREENHOUSE_01","event":"LIGHT_ACTIVITY","level":97,"raw":389,"diff":389,"message":"Quiet Level: 97"}}
{"timestamp":1777179690277,"type":"alerts","deviceId":"ESP32_GREENHOUSE_01","data":{"timestamp":1777179690277,"deviceId":"ESP32_GREENHOUSE_01","event":"RESTLESS","level":687,"raw":2750,"diff":2750,"message":"CRYING DETECTED! ⚠️ Level: 687"}}
{"timestamp":1777179696332,"type":"alerts","deviceId":"ESP32_GREENHOUSE_01","data":{"timestamp":1777179696331,"deviceId":"ESP32_GREENHOUSE_01","event":"RESTLESS","level":85,"raw":340,"diff":340,"message":"Quiet Level: 85"}}
{"timestamp":1777179702407,"type":"alerts","deviceId":"ESP32_GREENHOUSE_01","data":{"timestamp":1777179702407,"deviceId":"ESP32_GREENHOUSE_01","event":"RESTLESS","level":97,"raw":389,"diff":389,"message":"Quiet Level: 97"}}
{"timestamp":1777179708472,"type":"alerts","deviceId":"ESP32_GREENHOUSE_01","data":{"timestamp":1777179708471,"deviceId":"ESP32_GREENHOUSE_01","event":"RESTLESS","level":121,"raw":487,"diff":487,"message":"Quiet Level: 121"}}
{"timestamp":1777179714500,"type":"alerts","deviceId":"ESP32_GREENHOUSE_01","data":{"timestamp":1777179714500,"deviceId":"ESP32_GREENHOUSE_01","event":"RESTLESS","level":128,"raw":514,"diff":514,"message":"CRYING DETECTED! ⚠️ Level: 128"}}
{"timestamp":1777179720551,"type":"alerts","deviceId":"ESP32_GREENHOUSE_01","data":{"timestamp":1777179720551,"deviceId":"ESP32_GREENHOUSE_01","event":"RESTLESS","level":353,"raw":1413,"diff":1413,"message":"CRYING DETECTED! ⚠️ Level: 353"}}
{"timestamp":1777179726620,"type":"alerts","deviceId":"ESP32_GREENHOUSE_01","data":{"timestamp":1777179726620,"deviceId":"ESP32_GREENHOUSE_01","event":"RESTLESS","level":375,"raw":1502,"diff":1502,"message":"CRYING DETECTED! ⚠️ Level: 375"}}
{"timestamp":1777179732684,"type":"alerts","deviceId":"ESP32_GREENHOUSE_01","data":{"timestamp":1777179732684,"deviceId":"ESP32_GREENHOUSE_01","event":"RESTLESS","level":405,"raw":1620,"diff":1620,"message":"CRYING DETECTED! ⚠️ Level: 405"}}
{"timestamp":1777179734699,"type":"alerts","deviceId":"ESP32_GREENHOUSE_01","data":{"timestamp":1777179734699,"deviceId":"ESP32_GREENHOUSE_01","event":"CRYING","level":549,"raw":2196,"diff":2196,"message":"CRYING DETECTED! ⚠️ Level: 549"}}
{"timestamp":1777179740750,"type":"alerts","deviceId":"ESP32_GREENHOUSE_01","data":{"timestamp":1777179740750,"deviceId":"ESP32_GREENHOUSE_01","event":"RESTLESS","level":161,"raw":645,"diff":645,"message":"CRYING DETECTED! ⚠️ Level: 161"}}
{"timestamp":1777179746798,"type":"alerts","deviceId":"ESP32_GREENHOUSE_01","data":{"timestamp":1777179746798,"deviceId":"ESP32_GREENHOUSE_01","event":"RESTLESS","level":112,"raw":450,"diff":450,"message":"Quiet Level: 112"}}
{"timestamp":1777179752852,"type":"alerts","deviceId":"ESP32_GREENHOUSE_01","data":{"timestamp":1777179752852,"deviceId":"ESP32_GREENHOUSE_01","event":"RESTLESS","level":118,"raw":475,"diff":475,"message":"Quiet Level: 118"}}
{"timestamp":1777179758926,"type":"alerts","deviceId":"ESP32_GREENHOUSE_01","data":{"timestamp":1777179758926,"deviceId":"ESP32_GREENHOUSE_01","event":"RESTLESS","level":106,"raw":424,"diff":424,"message":"Quiet Level: 106"}}
{"timestamp":1777179764973,"type":"alerts","deviceId":"ESP32_GREENHOUSE_01","data":{"timestamp":1777179764973,"deviceId":"ESP32_GREENHOUSE_01","event":"RESTLESS","level":107,"raw":428,"diff":428,"message":"Quiet Level: 107"}}
{"timestamp":1777179769002,"type":"alerts","deviceId":"ESP32_GREENHOUSE_01","data":{"timestamp":1777179769002,"deviceId":"ESP32_GREENHOUSE_01","event":"LIGHT_ACTIVITY","level":141,"raw":564,"diff":564,"message":"Light Activity Level: 141"}}
{"timestamp":1777179775053,"type":"alerts","deviceId":"ESP32_GREENHOUSE_01","data":{"timestamp":1777179775053,"deviceId":"ESP32_GREENHOUSE_01","event":"LIGHT_ACTIVITY","level":125,"raw":502,"diff":502,"message":"Quiet Level: 125"}}
{"timestamp":1777179781137,"type":"alerts","deviceId":"ESP32_GREENHOUSE_01","data":{"timestamp":1777179781137,"deviceId":"ESP32_GREENHOUSE_01","event":"LIGHT_ACTIVITY","level":100,"raw":401,"diff":401,"message":"Quiet Level: 100"}}
{"timestamp":1777179787157,"type":"alerts","deviceId":"ESP32_GREENHOUSE_01","data":{"timestamp":1777179787157,"deviceId":"ESP32_GREENHOUSE_01","event":"LIGHT_ACTIVITY","level":111,"raw":447,"diff":447,"message":"Quiet Level: 111"}}
{"timestamp":1777179793227,"type":"alerts","deviceId":"ESP32_GREENHOUSE_01","data":{"timestamp":1777179793227,"deviceId":"ESP32_GREENHOUSE_01","event":"LIGHT_ACTIVITY","level":95,"raw":382,"diff":382,"message":"Quiet Level: 95"}}
{"timestamp":1777179799285,"type":"alerts","deviceId":"ESP32_GREENHOUSE_01","data":{"timestamp":1777179799285,"deviceId":"ESP32_GREENHOUSE_01","event":"LIGHT_ACTIVITY","level":124,"raw":498,"diff":498,"message":"Quiet Level: 124"}}
{"timestamp":1777179805327,"type":"alerts","deviceId":"ESP32_GREENHOUSE_01","data":{"timestamp":1777179805327,"deviceId":"ESP32_GREENHOUSE_01","event":"LIGHT_ACTIVITY","level":101,"raw":405,"diff":405,"message":"Quiet Level: 101"}}
{"timestamp":1777179811366,"type":"alerts","deviceId":"ESP32_GREENHOUSE_01","data":{"timestamp":1777179811366,"deviceId":"ESP32_GREENHOUSE_01","event":"LIGHT_ACTIVITY","level":90,"raw":360,"diff":360,"message":"Quiet Level: 90"}}
{"timestamp":1777179817435,"type":"alerts","deviceId":"ESP32_GREENHOUSE_01","data":{"timestamp":1777179817435,"deviceId":"ESP32_GREENHOUSE_01","event":"LIGHT_ACTIVITY","level":100,"raw":403,"diff":403,"message":"Quiet Level: 100"}}
{"timestamp":1777179823491,"type":"alerts","deviceId":"ESP32_GREENHOUSE_01","data":{"timestamp":1777179823491,"deviceId":"ESP32_GREENHOUSE_01","event":"LIGHT_ACTIVITY","level":97,"raw":389,"diff":389,"message":"Quiet Level: 97"}}
{"timestamp":1777179829541,"type":"alerts","deviceId":"ESP32_GREENHOUSE_01","data":{"timestamp":1777179829541,"deviceId":"ESP32_GREENHOUSE_01","event":"LIGHT_ACTIVITY","level":99,"raw":398,"diff":398,"message":"Quiet Level: 99"}}
{"timestamp":1777179835587,"type":"alerts","deviceId":"ESP32_GREENHOUSE_01","data":{"timestamp":1777179835587,"deviceId":"ESP32_GREENHOUSE_01","event":"LIGHT_ACTIVITY","level":133,"raw":534,"diff":534,"message":"Quiet Level: 133"}}
{"timestamp":1777179841638,"type":"alerts","deviceId":"ESP32_GREENHOUSE_01","data":{"timestamp":1777179841638,"deviceId":"ESP32_GREENHOUSE_01","event":"LIGHT_ACTIVITY","level":103,"raw":413,"diff":413,"message":"Quiet Level: 103"}}
{"timestamp":1777179847693,"type":"alerts","deviceId":"ESP32_GREENHOUSE_01","data":{"timestamp":1777179847693,"deviceId":"ESP32_GREENHOUSE_01","event":"RESTLESS","level":210,"raw":842,"diff":842,"message":"Restless Level: 210"}}
{"timestamp":1777179851750,"type":"alerts","deviceId":"ESP32_GREENHOUSE_01","data":{"timestamp":1777179851750,"deviceId":"ESP32_GREENHOUSE_01","event":"LIGHT_ACTIVITY","level":126,"raw":504,"diff":504,"message":"CRYING DETECTED! ⚠️ Level: 126"}}
{"timestamp":1777179857795,"type":"alerts","deviceId":"ESP32_GREENHOUSE_01","data":{"timestamp":1777179857795,"deviceId":"ESP32_GREENHOUSE_01","event":"LIGHT_ACTIVITY","level":112,"raw":449,"diff":449,"message":"Quiet Level: 112"}}
{"timestamp":1777179863846,"type":"alerts","deviceId":"ESP32_GREENHOUSE_01","data":{"timestamp":1777179863846,"deviceId":"ESP32_GREENHOUSE_01","event":"RESTLESS","level":176,"raw":704,"diff":704,"message":"Light Activity Level: 176"}}
{"timestamp":1777179865860,"type":"alerts","deviceId":"ESP32_GREENHOUSE_01","data":{"timestamp":1777179865860,"deviceId":"ESP32_GREENHOUSE_01","event":"LIGHT_ACTIVITY","level":139,"raw":557,"diff":557,"message":"Light Activity Level: 139"}}
{"timestamp":1777179871912,"type":"alerts","deviceId":"ESP32_GREENHOUSE_01","data":{"timestamp":1777179871911,"deviceId":"ESP32_GREENHOUSE_01","event":"LIGHT_ACTIVITY","level":116,"raw":467,"diff":467,"message":"Quiet Level: 116"}}
{"timestamp":1777179877965,"type":"alerts","deviceId":"ESP32_GREENHOUSE_01","data":{"timestamp":1777179877965,"deviceId":"ESP32_GREENHOUSE_01","event":"RESTLESS","level":177,"raw":710,"diff":710,"message":"Light Activity Level: 177"}}
{"timestamp":1777179880003,"type":"alerts","deviceId":"ESP32_GREENHOUSE_01","data":{"timestamp":1777179880003,"deviceId":"ESP32_GREENHOUSE_01","event":"LIGHT_ACTIVITY","level":159,"raw":638,"diff":638,"message":"Light Activity Level: 159"}}
{"timestamp":1777179884035,"type":"alerts","deviceId":"ESP32_GREENHOUSE_01","data":{"timestamp":1777179884035,"deviceId":"ESP32_GREENHOUSE_01","event":"RESTLESS","level":222,"raw":891,"diff":891,"message":"Restless Level: 222"}}
{"timestamp":1777179886057,"type":"alerts","deviceId":"ESP32_GREENHOUSE_01","data":{"timestamp":1777179886057,"deviceId":"ESP32_GREENHOUSE_01","event":"LIGHT_ACTIVITY","level":97,"raw":389,"diff":389,"message":"Quiet Level: 97"}}
{"timestamp":1777179892100,"type":"alerts","deviceId":"ESP32_GREENHOUSE_01","data":{"timestamp":1777179892100,"deviceId":"ESP32_GREENHOUSE_01","event":"LIGHT_ACTIVITY","level":92,"raw":370,"diff":370,"message":"Quiet Level: 92"}}
{"timestamp":1777179894116,"type":"alerts","deviceId":"ESP32_GREENHOUSE_01","data":{"timestamp":1777179894115,"deviceId":"ESP32_GREENHOUSE_01","event":"RESTLESS","level":174,"raw":697,"diff":697,"message":"Light Activity Level: 174"}}
{"timestamp":1777179898149,"type":"alerts","deviceId":"ESP32_GREENHOUSE_01","data":{"timestamp":1777179898149,"deviceId":"ESP32_GREENHOUSE_01","event":"LIGHT_ACTIVITY","level":81,"raw":327,"diff":327,"message":"Quiet Level: 81"}}
{"timestamp":1777179900164,"type":"alerts","deviceId":"ESP32_GREENHOUSE_01","data":{"timestamp":1777179900164,"deviceId":"ESP32_GREENHOUSE_01","event":"RESTLESS","level":200,"raw":800,"diff":800,"message":"Restless Level: 200"}}
{"timestamp":1777179904210,"type":"alerts","deviceId":"ESP32_GREENHOUSE_01","data":{"timestamp":1777179904210,"deviceId":"ESP32_GREENHOUSE_01","event":"LIGHT_ACTIVITY","level":164,"raw":657,"diff":657,"message":"Light Activity Level: 164"}}
{"timestamp":1777179910284,"type":"alerts","deviceId":"ESP32_GREENHOUSE_01","data":{"timestamp":1777179910284,"deviceId":"ESP32_GREENHOUSE_01","event":"LIGHT_ACTIVITY","level":158,"raw":635,"diff":635,"message":"Light Activity Level: 158"}}
{"timestamp":1777179916323,"type":"alerts","deviceId":"ESP32_GREENHOUSE_01","data":{"timestamp":1777179916323,"deviceId":"ESP32_GREENHOUSE_01","event":"LIGHT_ACTIVITY","level":99,"raw":399,"diff":399,"message":"Quiet Level: 99"}}
{"timestamp":1777179923124,"type":"alerts","deviceId":"ESP32_GREENHOUSE_01","data":{"timestamp":1777179923124,"deviceId":"ESP32_GREENHOUSE_01","event":"LIGHT_ACTIVITY","level":175,"raw":703,"diff":703,"message":"Light Activity Level: 175"}}
{"timestamp":1777179928928,"type":"alerts","deviceId":"ESP32_GREENHOUSE_01","data":{"timestamp":1777179928928,"deviceId":"ESP32_GREENHOUSE_01","event":"LIGHT_ACTIVITY","level":105,"raw":422,"diff":422,"message":"Quiet Level: 105"}}
{"timestamp":1777179940328,"type":"alerts","deviceId":"ESP32_GREENHOUSE_01","data":{"timestamp":1777179940327,"deviceId":"ESP32_GREENHOUSE_01","event":"RESTLESS","level":1003,"raw":4013,"diff":4013,"message":"CRYING DETECTED! ⚠️ Level: 1003"}}
{"timestamp":1777179944629,"type":"alerts","deviceId":"ESP32_GREENHOUSE_01","data":{"timestamp":1777179944629,"deviceId":"ESP32_GREENHOUSE_01","event":"LIGHT_ACTIVITY","level":103,"raw":414,"diff":414,"message":"Quiet Level: 103"}}
{"timestamp":1777179946615,"type":"alerts","deviceId":"ESP32_GREENHOUSE_01","data":{"timestamp":1777179946615,"deviceId":"ESP32_GREENHOUSE_01","event":"RESTLESS","level":102,"raw":410,"diff":410,"message":"Quiet Level: 102"}}
{"timestamp":1777179950643,"type":"alerts","deviceId":"ESP32_GREENHOUSE_01","data":{"timestamp":1777179950643,"deviceId":"ESP32_GREENHOUSE_01","event":"LIGHT_ACTIVITY","level":111,"raw":446,"diff":446,"message":"Quiet Level: 111"}}
{"timestamp":1777179956690,"type":"alerts","deviceId":"ESP32_GREENHOUSE_01","data":{"timestamp":1777179956690,"deviceId":"ESP32_GREENHOUSE_01","event":"RESTLESS","level":147,"raw":588,"diff":588,"message":"Light Activity Level: 147"}}
{"timestamp":1777179962826,"type":"alerts","deviceId":"ESP32_GREENHOUSE_01","data":{"timestamp":1777179962825,"deviceId":"ESP32_GREENHOUSE_01","event":"RESTLESS","level":136,"raw":546,"diff":546,"message":"Light Activity Level: 136"}}
{"timestamp":1777179964755,"type":"alerts","deviceId":"ESP32_GREENHOUSE_01","data":{"timestamp":1777179964754,"deviceId":"ESP32_GREENHOUSE_01","event":"LIGHT_ACTIVITY","level":149,"raw":598,"diff":598,"message":"Light Activity Level: 149"}}
{"timestamp":1777179970807,"type":"alerts","deviceId":"ESP32_GREENHOUSE_01","data":{"timestamp":1777179970807,"deviceId":"ESP32_GREENHOUSE_01","event":"RESTLESS","level":219,"raw":877,"diff":877,"message":"Restless Level: 219"}}
{"timestamp":1777179972845,"type":"alerts","deviceId":"ESP32_GREENHOUSE_01","data":{"timestamp":1777179972845,"deviceId":"ESP32_GREENHOUSE_01","event":"LIGHT_ACTIVITY","level":130,"raw":522,"diff":522,"message":"Quiet Level: 130"}}
{"timestamp":1777179978905,"type":"alerts","deviceId":"ESP32_GREENHOUSE_01","data":{"timestamp":1777179978905,"deviceId":"ESP32_GREENHOUSE_01","event":"LIGHT_ACTIVITY","level":101,"raw":406,"diff":406,"message":"Quiet Level: 101"}}
{"timestamp":1777179985050,"type":"alerts","deviceId":"ESP32_GREENHOUSE_01","data":{"timestamp":1777179985050,"deviceId":"ESP32_GREENHOUSE_01","event":"LIGHT_ACTIVITY","level":87,"raw":351,"diff":351,"message":"Quiet Level: 87"}}
{"timestamp":1777179991707,"type":"alerts","deviceId":"ESP32_GREENHOUSE_01","data":{"timestamp":1777179991706,"deviceId":"ESP32_GREENHOUSE_01","event":"LIGHT_ACTIVITY","level":98,"raw":392,"diff":392,"message":"Quiet Level: 98"}}
{"timestamp":1777179997056,"type":"alerts","deviceId":"ESP32_GREENHOUSE_01","data":{"timestamp":1777179997056,"deviceId":"ESP32_GREENHOUSE_01","event":"LIGHT_ACTIVITY","level":157,"raw":629,"diff":629,"message":"Light Activity Level: 157"}}
{"timestamp":1777180003130,"type":"alerts","deviceId":"ESP32_GREENHOUSE_01","data":{"timestamp":1777180003130,"deviceId":"ESP32_GREENHOUSE_01","event":"LIGHT_ACTIVITY","level":233,"raw":933,"diff":933,"message":"CRYING DETECTED! ⚠️ Level: 233"}}
{"timestamp":1777180005829,"type":"alerts","deviceId":"ESP32_GREENHOUSE_01","data":{"timestamp":1777180005829,"deviceId":"ESP32_GREENHOUSE_01","event":"RESTLESS","level":169,"raw":679,"diff":679,"message":"CRYING DETECTED! ⚠️ Level: 169"}}
{"timestamp":1777180011180,"type":"alerts","deviceId":"ESP32_GREENHOUSE_01","data":{"timestamp":1777180011180,"deviceId":"ESP32_GREENHOUSE_01","event":"LIGHT_ACTIVITY","level":128,"raw":512,"diff":512,"message":"Quiet Level: 128"}}
{"timestamp":1777180013188,"type":"alerts","deviceId":"ESP32_GREENHOUSE_01","data":{"timestamp":1777180013188,"deviceId":"ESP32_GREENHOUSE_01","event":"RESTLESS","level":204,"raw":817,"diff":817,"message":"Restless Level: 204"}}
{"timestamp":1777180019261,"type":"alerts","deviceId":"ESP32_GREENHOUSE_01","data":{"timestamp":1777180019261,"deviceId":"ESP32_GREENHOUSE_01","event":"RESTLESS","level":97,"raw":388,"diff":388,"message":"Quiet Level: 97"}}
{"timestamp":1777180026839,"type":"alerts","deviceId":"ESP32_GREENHOUSE_01","data":{"timestamp":1777180026839,"deviceId":"ESP32_GREENHOUSE_01","event":"RESTLESS","level":121,"raw":487,"diff":487,"message":"Quiet Level: 121"}}
{"timestamp":1777180033414,"type":"alerts","deviceId":"ESP32_GREENHOUSE_01","data":{"timestamp":1777180033414,"deviceId":"ESP32_GREENHOUSE_01","event":"LIGHT_ACTIVITY","level":146,"raw":584,"diff":584,"message":"Light Activity Level: 146"}}
{"timestamp":1777180039439,"type":"alerts","deviceId":"ESP32_GREENHOUSE_01","data":{"timestamp":1777180039439,"deviceId":"ESP32_GREENHOUSE_01","event":"LIGHT_ACTIVITY","level":98,"raw":392,"diff":392,"message":"Quiet Level: 98"}}
{"timestamp":1777180044900,"type":"alerts","deviceId":"ESP32_GREENHOUSE_01","data":{"timestamp":1777180044900,"deviceId":"ESP32_GREENHOUSE_01","event":"LIGHT_ACTIVITY","level":110,"raw":442,"diff":442,"message":"Quiet Level: 110"}}
{"timestamp":1777180051549,"type":"alerts","deviceId":"ESP32_GREENHOUSE_01","data":{"timestamp":1777180051549,"deviceId":"ESP32_GREENHOUSE_01","event":"LIGHT_ACTIVITY","level":110,"raw":442,"diff":442,"message":"Quiet Level: 110"}}
{"timestamp":1777180056939,"type":"alerts","deviceId":"ESP32_GREENHOUSE_01","data":{"timestamp":1777180056939,"deviceId":"ESP32_GREENHOUSE_01","event":"LIGHT_ACTIVITY","level":86,"raw":344,"diff":344,"message":"Quiet Level: 86"}}
{"timestamp":1777180064839,"type":"alerts","deviceId":"ESP32_GREENHOUSE_01","data":{"timestamp":1777180064839,"deviceId":"ESP32_GREENHOUSE_01","event":"LIGHT_ACTIVITY","level":86,"raw":346,"diff":346,"message":"Quiet Level: 86"}}
{"timestamp":1777180071727,"type":"alerts","deviceId":"ESP32_GREENHOUSE_01","data":{"timestamp":1777180071727,"deviceId":"ESP32_GREENHOUSE_01","event":"LIGHT_ACTIVITY","level":86,"raw":345,"diff":345,"message":"Quiet Level: 86"}}
{"timestamp":1777180077774,"type":"alerts","deviceId":"ESP32_GREENHOUSE_01","data":{"timestamp":1777180077774,"deviceId":"ESP32_GREENHOUSE_01","event":"LIGHT_ACTIVITY","level":135,"raw":541,"diff":541,"message":"Quiet Level: 135"}}
{"timestamp":1777180083833,"type":"alerts","deviceId":"ESP32_GREENHOUSE_01","data":{"timestamp":1777180083833,"deviceId":"ESP32_GREENHOUSE_01","event":"LIGHT_ACTIVITY","level":115,"raw":461,"diff":461,"message":"Quiet Level: 115"}}
{"timestamp":1777180089891,"type":"alerts","deviceId":"ESP32_GREENHOUSE_01","data":{"timestamp":1777180089891,"deviceId":"ESP32_GREENHOUSE_01","event":"LIGHT_ACTIVITY","level":122,"raw":491,"diff":491,"message":"Quiet Level: 122"}}
{"timestamp":1777180095950,"type":"alerts","deviceId":"ESP32_GREENHOUSE_01","data":{"timestamp":1777180095950,"deviceId":"ESP32_GREENHOUSE_01","event":"LIGHT_ACTIVITY","level":111,"raw":447,"diff":447,"message":"Quiet Level: 111"}}
{"timestamp":1777180101989,"type":"alerts","deviceId":"ESP32_GREENHOUSE_01","data":{"timestamp":1777180101989,"deviceId":"ESP32_GREENHOUSE_01","event":"LIGHT_ACTIVITY","level":93,"raw":373,"diff":373,"message":"Quiet Level: 93"}}
{"timestamp":1777180108046,"type":"alerts","deviceId":"ESP32_GREENHOUSE_01","data":{"timestamp":1777180108046,"deviceId":"ESP32_GREENHOUSE_01","event":"LIGHT_ACTIVITY","level":167,"raw":668,"diff":668,"message":"Light Activity Level: 167"}}
{"timestamp":1777180112082,"type":"alerts","deviceId":"ESP32_GREENHOUSE_01","data":{"timestamp":1777180112082,"deviceId":"ESP32_GREENHOUSE_01","event":"RESTLESS","level":164,"raw":659,"diff":659,"message":"Light Activity Level: 164"}}
{"timestamp":1777180116117,"type":"alerts","deviceId":"ESP32_GREENHOUSE_01","data":{"timestamp":1777180116117,"deviceId":"ESP32_GREENHOUSE_01","event":"LIGHT_ACTIVITY","level":146,"raw":585,"diff":585,"message":"Light Activity Level: 146"}}
{"timestamp":1777180120161,"type":"alerts","deviceId":"ESP32_GREENHOUSE_01","data":{"timestamp":1777180120161,"deviceId":"ESP32_GREENHOUSE_01","event":"RESTLESS","level":221,"raw":885,"diff":885,"message":"Restless Level: 221"}}
{"timestamp":1777180127335,"type":"alerts","deviceId":"ESP32_GREENHOUSE_01","data":{"timestamp":1777180127334,"deviceId":"ESP32_GREENHOUSE_01","event":"RESTLESS","level":174,"raw":697,"diff":697,"message":"Light Activity Level: 174"}}
{"timestamp":1777180134290,"type":"alerts","deviceId":"ESP32_GREENHOUSE_01","data":{"timestamp":1777180134290,"deviceId":"ESP32_GREENHOUSE_01","event":"RESTLESS","level":104,"raw":419,"diff":419,"message":"Quiet Level: 104"}}
{"timestamp":1777180142330,"type":"alerts","deviceId":"ESP32_GREENHOUSE_01","data":{"timestamp":1777180142330,"deviceId":"ESP32_GREENHOUSE_01","event":"RESTLESS","level":141,"raw":567,"diff":567,"message":"Light Activity Level: 141"}}
{"timestamp":1777180144371,"type":"alerts","deviceId":"ESP32_GREENHOUSE_01","data":{"timestamp":1777180144371,"deviceId":"ESP32_GREENHOUSE_01","event":"LIGHT_ACTIVITY","level":101,"raw":405,"diff":405,"message":"Quiet Level: 101"}}
{"timestamp":1777180150415,"type":"alerts","deviceId":"ESP32_GREENHOUSE_01","data":{"timestamp":1777180150415,"deviceId":"ESP32_GREENHOUSE_01","event":"LIGHT_ACTIVITY","level":126,"raw":505,"diff":505,"message":"Quiet Level: 126"}}
{"timestamp":1777180156485,"type":"alerts","deviceId":"ESP32_GREENHOUSE_01","data":{"timestamp":1777180156485,"deviceId":"ESP32_GREENHOUSE_01","event":"LIGHT_ACTIVITY","level":84,"raw":337,"diff":337,"message":"Quiet Level: 84"}}
{"timestamp":1777180162537,"type":"alerts","deviceId":"ESP32_GREENHOUSE_01","data":{"timestamp":1777180162536,"deviceId":"ESP32_GREENHOUSE_01","event":"LIGHT_ACTIVITY","level":118,"raw":473,"diff":473,"message":"Quiet Level: 118"}}
{"timestamp":1777180168581,"type":"alerts","deviceId":"ESP32_GREENHOUSE_01","data":{"timestamp":1777180168581,"deviceId":"ESP32_GREENHOUSE_01","event":"LIGHT_ACTIVITY","level":118,"raw":473,"diff":473,"message":"Quiet Level: 118"}}
{"timestamp":1777180174633,"type":"alerts","deviceId":"ESP32_GREENHOUSE_01","data":{"timestamp":1777180174633,"deviceId":"ESP32_GREENHOUSE_01","event":"LIGHT_ACTIVITY","level":89,"raw":358,"diff":358,"message":"Quiet Level: 89"}}
{"timestamp":1777180178818,"type":"alerts","deviceId":"ESP32_GREENHOUSE_01","data":{"timestamp":1777180178818,"deviceId":"ESP32_GREENHOUSE_01","event":"RESTLESS","level":239,"raw":957,"diff":957,"message":"Restless Level: 239"}}
{"timestamp":1777180180688,"type":"alerts","deviceId":"ESP32_GREENHOUSE_01","data":{"timestamp":1777180180688,"deviceId":"ESP32_GREENHOUSE_01","event":"LIGHT_ACTIVITY","level":77,"raw":311,"diff":311,"message":"Quiet Level: 77"}}
{"timestamp":1777180186758,"type":"alerts","deviceId":"ESP32_GREENHOUSE_01","data":{"timestamp":1777180186758,"deviceId":"ESP32_GREENHOUSE_01","event":"LIGHT_ACTIVITY","level":119,"raw":476,"diff":476,"message":"Quiet Level: 119"}}
{"timestamp":1777180192806,"type":"alerts","deviceId":"ESP32_GREENHOUSE_01","data":{"timestamp":1777180192806,"deviceId":"ESP32_GREENHOUSE_01","event":"LIGHT_ACTIVITY","level":116,"raw":464,"diff":464,"message":"Quiet Level: 116"}}
{"timestamp":1777180198854,"type":"alerts","deviceId":"ESP32_GREENHOUSE_01","data":{"timestamp":1777180198854,"deviceId":"ESP32_GREENHOUSE_01","event":"LIGHT_ACTIVITY","level":290,"raw":1160,"diff":1160,"message":"CRYING DETECTED! ⚠️ Level: 290"}}
{"timestamp":1777180211881,"type":"alerts","deviceId":"ESP32_GREENHOUSE_01","data":{"timestamp":1777180211881,"deviceId":"ESP32_GREENHOUSE_01","event":"LIGHT_ACTIVITY","level":140,"raw":561,"diff":561,"message":"Light Activity Level: 140"}}
{"timestamp":1777180217330,"type":"alerts","deviceId":"ESP32_GREENHOUSE_01","data":{"timestamp":1777180217329,"deviceId":"ESP32_GREENHOUSE_01","event":"LIGHT_ACTIVITY","level":99,"raw":396,"diff":396,"message":"Quiet Level: 99"}}
{"timestamp":1777180223975,"type":"alerts","deviceId":"ESP32_GREENHOUSE_01","data":{"timestamp":1777180223974,"deviceId":"ESP32_GREENHOUSE_01","event":"LIGHT_ACTIVITY","level":101,"raw":406,"diff":406,"message":"Quiet Level: 101"}}
{"timestamp":1777180230023,"type":"alerts","deviceId":"ESP32_GREENHOUSE_01","data":{"timestamp":1777180230023,"deviceId":"ESP32_GREENHOUSE_01","event":"LIGHT_ACTIVITY","level":88,"raw":354,"diff":354,"message":"Quiet Level: 88"}}
{"timestamp":1777180236071,"type":"alerts","deviceId":"ESP32_GREENHOUSE_01","data":{"timestamp":1777180236071,"deviceId":"ESP32_GREENHOUSE_01","event":"LIGHT_ACTIVITY","level":94,"raw":376,"diff":376,"message":"Quiet Level: 94"}}
{"timestamp":1777180242121,"type":"alerts","deviceId":"ESP32_GREENHOUSE_01","data":{"timestamp":1777180242121,"deviceId":"ESP32_GREENHOUSE_01","event":"LIGHT_ACTIVITY","level":84,"raw":336,"diff":336,"message":"Quiet Level: 84"}}
{"timestamp":1777180248167,"type":"alerts","deviceId":"ESP32_GREENHOUSE_01","data":{"timestamp":1777180248167,"deviceId":"ESP32_GREENHOUSE_01","event":"LIGHT_ACTIVITY","level":136,"raw":546,"diff":546,"message":"Light Activity Level: 136"}}
{"timestamp":1777180254214,"type":"alerts","deviceId":"ESP32_GREENHOUSE_01","data":{"timestamp":1777180254214,"deviceId":"ESP32_GREENHOUSE_01","event":"LIGHT_ACTIVITY","level":93,"raw":373,"diff":373,"message":"Quiet Level: 93"}}
{"timestamp":1777180260263,"type":"alerts","deviceId":"ESP32_GREENHOUSE_01","data":{"timestamp":1777180260263,"deviceId":"ESP32_GREENHOUSE_01","event":"LIGHT_ACTIVITY","level":98,"raw":395,"diff":395,"message":"Quiet Level: 98"}}
{"timestamp":1777180266310,"type":"alerts","deviceId":"ESP32_GREENHOUSE_01","data":{"timestamp":1777180266309,"deviceId":"ESP32_GREENHOUSE_01","event":"LIGHT_ACTIVITY","level":111,"raw":445,"diff":445,"message":"Quiet Level: 111"}}
{"timestamp":1777180270343,"type":"alerts","deviceId":"ESP32_GREENHOUSE_01","data":{"timestamp":1777180270343,"deviceId":"ESP32_GREENHOUSE_01","event":"RESTLESS","level":756,"raw":3024,"diff":3024,"message":"CRYING DETECTED! ⚠️ Level: 756"}}
{"timestamp":1777180276390,"type":"alerts","deviceId":"ESP32_GREENHOUSE_01","data":{"timestamp":1777180276390,"deviceId":"ESP32_GREENHOUSE_01","event":"RESTLESS","level":80,"raw":322,"diff":322,"message":"Quiet Level: 80"}}
{"timestamp":1777180282438,"type":"alerts","deviceId":"ESP32_GREENHOUSE_01","data":{"timestamp":1777180282438,"deviceId":"ESP32_GREENHOUSE_01","event":"RESTLESS","level":111,"raw":445,"diff":445,"message":"Quiet Level: 111"}}
{"timestamp":1777180286472,"type":"alerts","deviceId":"ESP32_GREENHOUSE_01","data":{"timestamp":1777180286472,"deviceId":"ESP32_GREENHOUSE_01","event":"CRYING","level":1023,"raw":4360,"diff":4360,"message":"CRYING DETECTED! ⚠️ Level: 1023"}}
{"timestamp":1777180296550,"type":"alerts","deviceId":"ESP32_GREENHOUSE_01","data":{"timestamp":1777180296550,"deviceId":"ESP32_GREENHOUSE_01","event":"CRYING","level":94,"raw":378,"diff":378,"message":"Quiet Level: 94"}}
{"timestamp":1777180300584,"type":"alerts","deviceId":"ESP32_GREENHOUSE_01","data":{"timestamp":1777180300583,"deviceId":"ESP32_GREENHOUSE_01","event":"RESTLESS","level":100,"raw":402,"diff":402,"message":"Quiet Level: 100"}}
{"timestamp":1777180306637,"type":"alerts","deviceId":"ESP32_GREENHOUSE_01","data":{"timestamp":1777180306637,"deviceId":"ESP32_GREENHOUSE_01","event":"RESTLESS","level":81,"raw":324,"diff":324,"message":"Quiet Level: 81"}}
{"timestamp":1777180312679,"type":"alerts","deviceId":"ESP32_GREENHOUSE_01","data":{"timestamp":1777180312679,"deviceId":"ESP32_GREENHOUSE_01","event":"RESTLESS","level":304,"raw":1216,"diff":1216,"message":"CRYING DETECTED! ⚠️ Level: 304"}}
{"timestamp":1777180316710,"type":"alerts","deviceId":"ESP32_GREENHOUSE_01","data":{"timestamp":1777180316710,"deviceId":"ESP32_GREENHOUSE_01","event":"LIGHT_ACTIVITY","level":102,"raw":409,"diff":409,"message":"Quiet Level: 102"}}
{"timestamp":1777180322759,"type":"alerts","deviceId":"ESP32_GREENHOUSE_01","data":{"timestamp":1777180322758,"deviceId":"ESP32_GREENHOUSE_01","event":"LIGHT_ACTIVITY","level":119,"raw":476,"diff":476,"message":"Quiet Level: 119"}}
{"timestamp":1777180328808,"type":"alerts","deviceId":"ESP32_GREENHOUSE_01","data":{"timestamp":1777180328807,"deviceId":"ESP32_GREENHOUSE_01","event":"LIGHT_ACTIVITY","level":101,"raw":404,"diff":404,"message":"Quiet Level: 101"}}
{"timestamp":1777180334856,"type":"alerts","deviceId":"ESP32_GREENHOUSE_01","data":{"timestamp":1777180334855,"deviceId":"ESP32_GREENHOUSE_01","event":"LIGHT_ACTIVITY","level":550,"raw":2200,"diff":2200,"message":"CRYING DETECTED! ⚠️ Level: 550"}}
{"timestamp":1777180340909,"type":"alerts","deviceId":"ESP32_GREENHOUSE_01","data":{"timestamp":1777180340909,"deviceId":"ESP32_GREENHOUSE_01","event":"LIGHT_ACTIVITY","level":175,"raw":701,"diff":701,"message":"CRYING DETECTED! ⚠️ Level: 175"}}
{"timestamp":1777180346965,"type":"alerts","deviceId":"ESP32_GREENHOUSE_01","data":{"timestamp":1777180346965,"deviceId":"ESP32_GREENHOUSE_01","event":"LIGHT_ACTIVITY","level":208,"raw":832,"diff":832,"message":"CRYING DETECTED! ⚠️ Level: 208"}}
{"timestamp":1777180353012,"type":"alerts","deviceId":"ESP32_GREENHOUSE_01","data":{"timestamp":1777180353012,"deviceId":"ESP32_GREENHOUSE_01","event":"LIGHT_ACTIVITY","level":93,"raw":375,"diff":375,"message":"Quiet Level: 93"}}
{"timestamp":1777180359048,"type":"alerts","deviceId":"ESP32_GREENHOUSE_01","data":{"timestamp":1777180359048,"deviceId":"ESP32_GREENHOUSE_01","event":"LIGHT_ACTIVITY","level":153,"raw":614,"diff":614,"message":"Light Activity Level: 153"}}
{"timestamp":1777180365096,"type":"alerts","deviceId":"ESP32_GREENHOUSE_01","data":{"timestamp":1777180365096,"deviceId":"ESP32_GREENHOUSE_01","event":"LIGHT_ACTIVITY","level":113,"raw":454,"diff":454,"message":"Quiet Level: 113"}}
{"timestamp":1777180371143,"type":"alerts","deviceId":"ESP32_GREENHOUSE_01","data":{"timestamp":1777180371143,"deviceId":"ESP32_GREENHOUSE_01","event":"LIGHT_ACTIVITY","level":88,"raw":354,"diff":354,"message":"Quiet Level: 88"}}
{"timestamp":1777180377192,"type":"alerts","deviceId":"ESP32_GREENHOUSE_01","data":{"timestamp":1777180377192,"deviceId":"ESP32_GREENHOUSE_01","event":"LIGHT_ACTIVITY","level":118,"raw":472,"diff":472,"message":"Quiet Level: 118"}}
{"timestamp":1777180383239,"type":"alerts","deviceId":"ESP32_GREENHOUSE_01","data":{"timestamp":1777180383239,"deviceId":"ESP32_GREENHOUSE_01","event":"LIGHT_ACTIVITY","level":101,"raw":407,"diff":407,"message":"Quiet Level: 101"}}
{"timestamp":1777180393319,"type":"alerts","deviceId":"ESP32_GREENHOUSE_01","data":{"timestamp":1777180393319,"deviceId":"ESP32_GREENHOUSE_01","event":"LIGHT_ACTIVITY","level":221,"raw":886,"diff":886,"message":"Restless Level: 221"}}
{"timestamp":1777180399367,"type":"alerts","deviceId":"ESP32_GREENHOUSE_01","data":{"timestamp":1777180399367,"deviceId":"ESP32_GREENHOUSE_01","event":"LIGHT_ACTIVITY","level":144,"raw":577,"diff":577,"message":"Light Activity Level: 144"}}
{"timestamp":1777180405415,"type":"alerts","deviceId":"ESP32_GREENHOUSE_01","data":{"timestamp":1777180405415,"deviceId":"ESP32_GREENHOUSE_01","event":"LIGHT_ACTIVITY","level":125,"raw":502,"diff":502,"message":"Quiet Level: 125"}}
{"timestamp":1777180411463,"type":"alerts","deviceId":"ESP32_GREENHOUSE_01","data":{"timestamp":1777180411463,"deviceId":"ESP32_GREENHOUSE_01","event":"LIGHT_ACTIVITY","level":116,"raw":464,"diff":464,"message":"Quiet Level: 116"}}
{"timestamp":1777180417512,"type":"alerts","deviceId":"ESP32_GREENHOUSE_01","data":{"timestamp":1777180417512,"deviceId":"ESP32_GREENHOUSE_01","event":"LIGHT_ACTIVITY","level":128,"raw":513,"diff":513,"message":"Quiet Level: 128"}}
{"timestamp":1777180423560,"type":"alerts","deviceId":"ESP32_GREENHOUSE_01","data":{"timestamp":1777180423560,"deviceId":"ESP32_GREENHOUSE_01","event":"LIGHT_ACTIVITY","level":102,"raw":410,"diff":410,"message":"Quiet Level: 102"}}
{"timestamp":1777180429608,"type":"alerts","deviceId":"ESP32_GREENHOUSE_01","data":{"timestamp":1777180429608,"deviceId":"ESP32_GREENHOUSE_01","event":"LIGHT_ACTIVITY","level":73,"raw":295,"diff":295,"message":"Quiet Level: 73"}}
{"timestamp":1777180435656,"type":"alerts","deviceId":"ESP32_GREENHOUSE_01","data":{"timestamp":1777180435655,"deviceId":"ESP32_GREENHOUSE_01","event":"LIGHT_ACTIVITY","level":97,"raw":391,"diff":391,"message":"Quiet Level: 97"}}
{"timestamp":1777180445736,"type":"alerts","deviceId":"ESP32_GREENHOUSE_01","data":{"timestamp":1777180445736,"deviceId":"ESP32_GREENHOUSE_01","event":"LIGHT_ACTIVITY","level":146,"raw":587,"diff":587,"message":"Light Activity Level: 146"}}
{"timestamp":1777180451784,"type":"alerts","deviceId":"ESP32_GREENHOUSE_01","data":{"timestamp":1777180451783,"deviceId":"ESP32_GREENHOUSE_01","event":"LIGHT_ACTIVITY","level":97,"raw":391,"diff":391,"message":"Quiet Level: 97"}}
{"timestamp":1777180457831,"type":"alerts","deviceId":"ESP32_GREENHOUSE_01","data":{"timestamp":1777180457831,"deviceId":"ESP32_GREENHOUSE_01","event":"LIGHT_ACTIVITY","level":94,"raw":379,"diff":379,"message":"Quiet Level: 94"}}
{"timestamp":1777180463879,"type":"alerts","deviceId":"ESP32_GREENHOUSE_01","data":{"timestamp":1777180463879,"deviceId":"ESP32_GREENHOUSE_01","event":"LIGHT_ACTIVITY","level":84,"raw":337,"diff":337,"message":"Quiet Level: 84"}}
{"timestamp":1777180469927,"type":"alerts","deviceId":"ESP32_GREENHOUSE_01","data":{"timestamp":1777180469927,"deviceId":"ESP32_GREENHOUSE_01","event":"LIGHT_ACTIVITY","level":124,"raw":498,"diff":498,"message":"Quiet Level: 124"}}
{"timestamp":1777180475976,"type":"alerts","deviceId":"ESP32_GREENHOUSE_01","data":{"timestamp":1777180475976,"deviceId":"ESP32_GREENHOUSE_01","event":"LIGHT_ACTIVITY","level":136,"raw":546,"diff":546,"message":"Light Activity Level: 136"}}
{"timestamp":1777180482023,"type":"alerts","deviceId":"ESP32_GREENHOUSE_01","data":{"timestamp":1777180482023,"deviceId":"ESP32_GREENHOUSE_01","event":"LIGHT_ACTIVITY","level":91,"raw":367,"diff":367,"message":"Quiet Level: 91"}}
{"timestamp":1777180488071,"type":"alerts","deviceId":"ESP32_GREENHOUSE_01","data":{"timestamp":1777180488071,"deviceId":"ESP32_GREENHOUSE_01","event":"LIGHT_ACTIVITY","level":84,"raw":338,"diff":338,"message":"Quiet Level: 84"}}
{"timestamp":1777180494120,"type":"alerts","deviceId":"ESP32_GREENHOUSE_01","data":{"timestamp":1777180494119,"deviceId":"ESP32_GREENHOUSE_01","event":"LIGHT_ACTIVITY","level":95,"raw":381,"diff":381,"message":"Quiet Level: 95"}}
{"timestamp":1777180500167,"type":"alerts","deviceId":"ESP32_GREENHOUSE_01","data":{"timestamp":1777180500167,"deviceId":"ESP32_GREENHOUSE_01","event":"LIGHT_ACTIVITY","level":126,"raw":504,"diff":504,"message":"Quiet Level: 126"}}
{"timestamp":1777180506216,"type":"alerts","deviceId":"ESP32_GREENHOUSE_01","data":{"timestamp":1777180506216,"deviceId":"ESP32_GREENHOUSE_01","event":"LIGHT_ACTIVITY","level":126,"raw":507,"diff":507,"message":"Quiet Level: 126"}}
{"timestamp":1777180512264,"type":"alerts","deviceId":"ESP32_GREENHOUSE_01","data":{"timestamp":1777180512264,"deviceId":"ESP32_GREENHOUSE_01","event":"LIGHT_ACTIVITY","level":84,"raw":338,"diff":338,"message":"Quiet Level: 84"}}
{"timestamp":1777180518318,"type":"alerts","deviceId":"ESP32_GREENHOUSE_01","data":{"timestamp":1777180518318,"deviceId":"ESP32_GREENHOUSE_01","event":"LIGHT_ACTIVITY","level":92,"raw":370,"diff":370,"message":"Quiet Level: 92"}}
{"timestamp":1777180546537,"type":"alerts","deviceId":"ESP32_GREENHOUSE_01","data":{"timestamp":1777180546536,"deviceId":"ESP32_GREENHOUSE_01","event":"LIGHT_ACTIVITY","level":195,"raw":781,"diff":781,"message":"Restless Level: 195"}}
{"timestamp":1777180552585,"type":"alerts","deviceId":"ESP32_GREENHOUSE_01","data":{"timestamp":1777180552585,"deviceId":"ESP32_GREENHOUSE_01","event":"LIGHT_ACTIVITY","level":200,"raw":800,"diff":800,"message":"CRYING DETECTED! ⚠️ Level: 200"}}
{"timestamp":1777180558633,"type":"alerts","deviceId":"ESP32_GREENHOUSE_01","data":{"timestamp":1777180558633,"deviceId":"ESP32_GREENHOUSE_01","event":"LIGHT_ACTIVITY","level":93,"raw":374,"diff":374,"message":"Quiet Level: 93"}}
{"timestamp":1777180564682,"type":"alerts","deviceId":"ESP32_GREENHOUSE_01","data":{"timestamp":1777180564682,"deviceId":"ESP32_GREENHOUSE_01","event":"LIGHT_ACTIVITY","level":76,"raw":306,"diff":306,"message":"Quiet Level: 76"}}
{"timestamp":1777180570730,"type":"alerts","deviceId":"ESP32_GREENHOUSE_01","data":{"timestamp":1777180570730,"deviceId":"ESP32_GREENHOUSE_01","event":"LIGHT_ACTIVITY","level":110,"raw":442,"diff":442,"message":"Quiet Level: 110"}}
{"timestamp":1777180576779,"type":"alerts","deviceId":"ESP32_GREENHOUSE_01","data":{"timestamp":1777180576779,"deviceId":"ESP32_GREENHOUSE_01","event":"LIGHT_ACTIVITY","level":206,"raw":827,"diff":827,"message":"Restless Level: 206"}}
{"timestamp":1777180582825,"type":"alerts","deviceId":"ESP32_GREENHOUSE_01","data":{"timestamp":1777180582825,"deviceId":"ESP32_GREENHOUSE_01","event":"LIGHT_ACTIVITY","level":118,"raw":472,"diff":472,"message":"Quiet Level: 118"}}
{"timestamp":1777180588874,"type":"alerts","deviceId":"ESP32_GREENHOUSE_01","data":{"timestamp":1777180588874,"deviceId":"ESP32_GREENHOUSE_01","event":"LIGHT_ACTIVITY","level":106,"raw":426,"diff":426,"message":"Quiet Level: 106"}}
{"timestamp":1777180594925,"type":"alerts","deviceId":"ESP32_GREENHOUSE_01","data":{"timestamp":1777180594925,"deviceId":"ESP32_GREENHOUSE_01","event":"RESTLESS","level":234,"raw":937,"diff":937,"message":"CRYING DETECTED! ⚠️ Level: 234"}}
{"timestamp":1777180600970,"type":"alerts","deviceId":"ESP32_GREENHOUSE_01","data":{"timestamp":1777180600969,"deviceId":"ESP32_GREENHOUSE_01","event":"RESTLESS","level":136,"raw":545,"diff":545,"message":"Light Activity Level: 136"}}
{"timestamp":1777180607019,"type":"alerts","deviceId":"ESP32_GREENHOUSE_01","data":{"timestamp":1777180607019,"deviceId":"ESP32_GREENHOUSE_01","event":"LIGHT_ACTIVITY","level":112,"raw":450,"diff":450,"message":"Quiet Level: 112"}}
{"timestamp":1777180613069,"type":"alerts","deviceId":"ESP32_GREENHOUSE_01","data":{"timestamp":1777180613069,"deviceId":"ESP32_GREENHOUSE_01","event":"LIGHT_ACTIVITY","level":96,"raw":385,"diff":385,"message":"Quiet Level: 96"}}
{"timestamp":1777180619117,"type":"alerts","deviceId":"ESP32_GREENHOUSE_01","data":{"timestamp":1777180619116,"deviceId":"ESP32_GREENHOUSE_01","event":"LIGHT_ACTIVITY","level":109,"raw":439,"diff":439,"message":"Quiet Level: 109"}}
{"timestamp":1777180625161,"type":"alerts","deviceId":"ESP32_GREENHOUSE_01","data":{"timestamp":1777180625161,"deviceId":"ESP32_GREENHOUSE_01","event":"LIGHT_ACTIVITY","level":139,"raw":558,"diff":558,"message":"Light Activity Level: 139"}}
{"timestamp":1777180631209,"type":"alerts","deviceId":"ESP32_GREENHOUSE_01","data":{"timestamp":1777180631208,"deviceId":"ESP32_GREENHOUSE_01","event":"LIGHT_ACTIVITY","level":98,"raw":393,"diff":393,"message":"Quiet Level: 98"}}
{"timestamp":1777180637263,"type":"alerts","deviceId":"ESP32_GREENHOUSE_01","data":{"timestamp":1777180637262,"deviceId":"ESP32_GREENHOUSE_01","event":"LIGHT_ACTIVITY","level":119,"raw":479,"diff":479,"message":"Quiet Level: 119"}}
{"timestamp":1777180643307,"type":"alerts","deviceId":"ESP32_GREENHOUSE_01","data":{"timestamp":1777180643307,"deviceId":"ESP32_GREENHOUSE_01","event":"LIGHT_ACTIVITY","level":115,"raw":463,"diff":463,"message":"Quiet Level: 115"}}
{"timestamp":1777180649353,"type":"alerts","deviceId":"ESP32_GREENHOUSE_01","data":{"timestamp":1777180649353,"deviceId":"ESP32_GREENHOUSE_01","event":"LIGHT_ACTIVITY","level":67,"raw":268,"diff":268,"message":"Quiet Level: 67"}}
{"timestamp":1777180657420,"type":"alerts","deviceId":"ESP32_GREENHOUSE_01","data":{"timestamp":1777180657420,"deviceId":"ESP32_GREENHOUSE_01","event":"LIGHT_ACTIVITY","level":108,"raw":433,"diff":433,"message":"Quiet Level: 108"}}
{"timestamp":1777180738062,"type":"alerts","deviceId":"ESP32_GREENHOUSE_01","data":{"timestamp":1777180738062,"deviceId":"ESP32_GREENHOUSE_01","event":"LIGHT_ACTIVITY","level":220,"raw":880,"diff":880,"message":"Restless Level: 220"}}
{"timestamp":1777180744113,"type":"alerts","deviceId":"ESP32_GREENHOUSE_01","data":{"timestamp":1777180744113,"deviceId":"ESP32_GREENHOUSE_01","event":"LIGHT_ACTIVITY","level":83,"raw":333,"diff":333,"message":"Quiet Level: 83"}}
{"timestamp":1777180781427,"type":"alerts","deviceId":"ESP32_GREENHOUSE_01","data":{"timestamp":1777180781426,"deviceId":"ESP32_GREENHOUSE_01","event":"LIGHT_ACTIVITY","level":168,"raw":674,"diff":674,"message":"Light Activity Level: 168"}}
{"timestamp":1777180787474,"type":"alerts","deviceId":"ESP32_GREENHOUSE_01","data":{"timestamp":1777180787474,"deviceId":"ESP32_GREENHOUSE_01","event":"LIGHT_ACTIVITY","level":78,"raw":314,"diff":314,"message":"Quiet Level: 78"}}
{"timestamp":1777180793528,"type":"alerts","deviceId":"ESP32_GREENHOUSE_01","data":{"timestamp":1777180793528,"deviceId":"ESP32_GREENHOUSE_01","event":"LIGHT_ACTIVITY","level":84,"raw":339,"diff":339,"message":"Quiet Level: 84"}}
{"timestamp":1777180799569,"type":"alerts","deviceId":"ESP32_GREENHOUSE_01","data":{"timestamp":1777180799569,"deviceId":"ESP32_GREENHOUSE_01","event":"LIGHT_ACTIVITY","level":94,"raw":377,"diff":377,"message":"Quiet Level: 94"}}
{"timestamp":1777180805621,"type":"alerts","deviceId":"ESP32_GREENHOUSE_01","data":{"timestamp":1777180805621,"deviceId":"ESP32_GREENHOUSE_01","event":"LIGHT_ACTIVITY","level":97,"raw":389,"diff":389,"message":"Quiet Level: 97"}}
{"timestamp":1777180841899,"type":"alerts","deviceId":"ESP32_GREENHOUSE_01","data":{"timestamp":1777180841899,"deviceId":"ESP32_GREENHOUSE_01","event":"LIGHT_ACTIVITY","level":147,"raw":589,"diff":589,"message":"Light Activity Level: 147"}}
{"timestamp":1777180847946,"type":"alerts","deviceId":"ESP32_GREENHOUSE_01","data":{"timestamp":1777180847946,"deviceId":"ESP32_GREENHOUSE_01","event":"LIGHT_ACTIVITY","level":96,"raw":384,"diff":384,"message":"Quiet Level: 96"}}
{"timestamp":1777180853994,"type":"alerts","deviceId":"ESP32_GREENHOUSE_01","data":{"timestamp":1777180853994,"deviceId":"ESP32_GREENHOUSE_01","event":"LIGHT_ACTIVITY","level":97,"raw":389,"diff":389,"message":"Quiet Level: 97"}}
{"timestamp":1777180860043,"type":"alerts","deviceId":"ESP32_GREENHOUSE_01","data":{"timestamp":1777180860043,"deviceId":"ESP32_GREENHOUSE_01","event":"LIGHT_ACTIVITY","level":94,"raw":377,"diff":377,"message":"Quiet Level: 94"}}
{"timestamp":1777180866091,"type":"alerts","deviceId":"ESP32_GREENHOUSE_01","data":{"timestamp":1777180866091,"deviceId":"ESP32_GREENHOUSE_01","event":"LIGHT_ACTIVITY","level":97,"raw":388,"diff":388,"message":"Quiet Level: 97"}}
{"timestamp":1777180890282,"type":"alerts","deviceId":"ESP32_GREENHOUSE_01","data":{"timestamp":1777180890282,"deviceId":"ESP32_GREENHOUSE_01","event":"LIGHT_ACTIVITY","level":121,"raw":484,"diff":484,"message":"Quiet Level: 121"}}
{"timestamp":1777180896331,"type":"alerts","deviceId":"ESP32_GREENHOUSE_01","data":{"timestamp":1777180896331,"deviceId":"ESP32_GREENHOUSE_01","event":"LIGHT_ACTIVITY","level":108,"raw":434,"diff":434,"message":"Quiet Level: 108"}}
{"timestamp":1777180902379,"type":"alerts","deviceId":"ESP32_GREENHOUSE_01","data":{"timestamp":1777180902378,"deviceId":"ESP32_GREENHOUSE_01","event":"LIGHT_ACTIVITY","level":122,"raw":490,"diff":490,"message":"Quiet Level: 122"}}
{"timestamp":1777180908427,"type":"alerts","deviceId":"ESP32_GREENHOUSE_01","data":{"timestamp":1777180908427,"deviceId":"ESP32_GREENHOUSE_01","event":"LIGHT_ACTIVITY","level":89,"raw":359,"diff":359,"message":"Quiet Level: 89"}}
{"timestamp":1777180914484,"type":"alerts","deviceId":"ESP32_GREENHOUSE_01","data":{"timestamp":1777180914483,"deviceId":"ESP32_GREENHOUSE_01","event":"LIGHT_ACTIVITY","level":212,"raw":851,"diff":851,"message":"Restless Level: 212"}}
{"timestamp":1777180920526,"type":"alerts","deviceId":"ESP32_GREENHOUSE_01","data":{"timestamp":1777180920526,"deviceId":"ESP32_GREENHOUSE_01","event":"RESTLESS","level":194,"raw":777,"diff":777,"message":"Restless Level: 194"}}
{"timestamp":1777180922539,"type":"alerts","deviceId":"ESP32_GREENHOUSE_01","data":{"timestamp":1777180922539,"deviceId":"ESP32_GREENHOUSE_01","event":"LIGHT_ACTIVITY","level":120,"raw":481,"diff":481,"message":"Quiet Level: 120"}}
{"timestamp":1777180928587,"type":"alerts","deviceId":"ESP32_GREENHOUSE_01","data":{"timestamp":1777180928587,"deviceId":"ESP32_GREENHOUSE_01","event":"LIGHT_ACTIVITY","level":90,"raw":363,"diff":363,"message":"Quiet Level: 90"}}
{"timestamp":1777180934636,"type":"alerts","deviceId":"ESP32_GREENHOUSE_01","data":{"timestamp":1777180934636,"deviceId":"ESP32_GREENHOUSE_01","event":"LIGHT_ACTIVITY","level":69,"raw":278,"diff":278,"message":"Quiet Level: 69"}}
{"timestamp":1777180940688,"type":"alerts","deviceId":"ESP32_GREENHOUSE_01","data":{"timestamp":1777180940688,"deviceId":"ESP32_GREENHOUSE_01","event":"LIGHT_ACTIVITY","level":112,"raw":448,"diff":448,"message":"Quiet Level: 112"}}
{"timestamp":1777180946734,"type":"alerts","deviceId":"ESP32_GREENHOUSE_01","data":{"timestamp":1777180946734,"deviceId":"ESP32_GREENHOUSE_01","event":"LIGHT_ACTIVITY","level":127,"raw":509,"diff":509,"message":"Quiet Level: 127"}}
{"timestamp":1777180956812,"type":"alerts","deviceId":"ESP32_GREENHOUSE_01","data":{"timestamp":1777180956812,"deviceId":"ESP32_GREENHOUSE_01","event":"LIGHT_ACTIVITY","level":107,"raw":429,"diff":429,"message":"Quiet Level: 107"}}
{"timestamp":1777180962862,"type":"alerts","deviceId":"ESP32_GREENHOUSE_01","data":{"timestamp":1777180962862,"deviceId":"ESP32_GREENHOUSE_01","event":"LIGHT_ACTIVITY","level":78,"raw":313,"diff":313,"message":"Quiet Level: 78"}}
{"timestamp":1777180974958,"type":"alerts","deviceId":"ESP32_GREENHOUSE_01","data":{"timestamp":1777180974958,"deviceId":"ESP32_GREENHOUSE_01","event":"LIGHT_ACTIVITY","level":105,"raw":423,"diff":423,"message":"Quiet Level: 105"}}
{"timestamp":1777180981004,"type":"alerts","deviceId":"ESP32_GREENHOUSE_01","data":{"timestamp":1777180981004,"deviceId":"ESP32_GREENHOUSE_01","event":"LIGHT_ACTIVITY","level":130,"raw":523,"diff":523,"message":"Quiet Level: 130"}}
{"timestamp":1777180987053,"type":"alerts","deviceId":"ESP32_GREENHOUSE_01","data":{"timestamp":1777180987052,"deviceId":"ESP32_GREENHOUSE_01","event":"LIGHT_ACTIVITY","level":87,"raw":351,"diff":351,"message":"Quiet Level: 87"}}
{"timestamp":1777180993101,"type":"alerts","deviceId":"ESP32_GREENHOUSE_01","data":{"timestamp":1777180993100,"deviceId":"ESP32_GREENHOUSE_01","event":"LIGHT_ACTIVITY","level":76,"raw":304,"diff":304,"message":"Quiet Level: 76"}}
{"timestamp":1777180999149,"type":"alerts","deviceId":"ESP32_GREENHOUSE_01","data":{"timestamp":1777180999149,"deviceId":"ESP32_GREENHOUSE_01","event":"LIGHT_ACTIVITY","level":94,"raw":379,"diff":379,"message":"Quiet Level: 94"}}
{"timestamp":1777181005196,"type":"alerts","deviceId":"ESP32_GREENHOUSE_01","data":{"timestamp":1777181005196,"deviceId":"ESP32_GREENHOUSE_01","event":"LIGHT_ACTIVITY","level":104,"raw":418,"diff":418,"message":"Quiet Level: 104"}}
{"timestamp":1777181011243,"type":"alerts","deviceId":"ESP32_GREENHOUSE_01","data":{"timestamp":1777181011243,"deviceId":"ESP32_GREENHOUSE_01","event":"LIGHT_ACTIVITY","level":86,"raw":347,"diff":347,"message":"Quiet Level: 86"}}
{"timestamp":1777181025356,"type":"alerts","deviceId":"ESP32_GREENHOUSE_01","data":{"timestamp":1777181025356,"deviceId":"ESP32_GREENHOUSE_01","event":"LIGHT_ACTIVITY","level":137,"raw":551,"diff":551,"message":"Light Activity Level: 137"}}
{"timestamp":1777181031405,"type":"alerts","deviceId":"ESP32_GREENHOUSE_01","data":{"timestamp":1777181031405,"deviceId":"ESP32_GREENHOUSE_01","event":"LIGHT_ACTIVITY","level":95,"raw":382,"diff":382,"message":"Quiet Level: 95"}}
{"timestamp":1777181039468,"type":"alerts","deviceId":"ESP32_GREENHOUSE_01","data":{"timestamp":1777181039468,"deviceId":"ESP32_GREENHOUSE_01","event":"LIGHT_ACTIVITY","level":107,"raw":431,"diff":431,"message":"Quiet Level: 107"}}
{"timestamp":1777181045517,"type":"alerts","deviceId":"ESP32_GREENHOUSE_01","data":{"timestamp":1777181045516,"deviceId":"ESP32_GREENHOUSE_01","event":"LIGHT_ACTIVITY","level":79,"raw":318,"diff":318,"message":"Quiet Level: 79"}}
{"timestamp":1777181051564,"type":"alerts","deviceId":"ESP32_GREENHOUSE_01","data":{"timestamp":1777181051564,"deviceId":"ESP32_GREENHOUSE_01","event":"LIGHT_ACTIVITY","level":82,"raw":330,"diff":330,"message":"Quiet Level: 82"}}
{"timestamp":1777181124153,"type":"alerts","deviceId":"ESP32_GREENHOUSE_01","data":{"timestamp":1777181124153,"deviceId":"ESP32_GREENHOUSE_01","event":"LIGHT_ACTIVITY","level":149,"raw":599,"diff":599,"message":"Light Activity Level: 149"}}
{"timestamp":1777181130198,"type":"alerts","deviceId":"ESP32_GREENHOUSE_01","data":{"timestamp":1777181130197,"deviceId":"ESP32_GREENHOUSE_01","event":"LIGHT_ACTIVITY","level":87,"raw":351,"diff":351,"message":"Quiet Level: 87"}}
{"timestamp":1777181136245,"type":"alerts","deviceId":"ESP32_GREENHOUSE_01","data":{"timestamp":1777181136245,"deviceId":"ESP32_GREENHOUSE_01","event":"LIGHT_ACTIVITY","level":143,"raw":572,"diff":572,"message":"Light Activity Level: 143"}}
{"timestamp":1777181142286,"type":"alerts","deviceId":"ESP32_GREENHOUSE_01","data":{"timestamp":1777181142286,"deviceId":"ESP32_GREENHOUSE_01","event":"LIGHT_ACTIVITY","level":109,"raw":438,"diff":438,"message":"Quiet Level: 109"}}
{"timestamp":1777181148333,"type":"alerts","deviceId":"ESP32_GREENHOUSE_01","data":{"timestamp":1777181148333,"deviceId":"ESP32_GREENHOUSE_01","event":"LIGHT_ACTIVITY","level":113,"raw":453,"diff":453,"message":"Quiet Level: 113"}}
{"timestamp":1777181154382,"type":"alerts","deviceId":"ESP32_GREENHOUSE_01","data":{"timestamp":1777181154382,"deviceId":"ESP32_GREENHOUSE_01","event":"LIGHT_ACTIVITY","level":93,"raw":374,"diff":374,"message":"Quiet Level: 93"}}
{"timestamp":1777181160431,"type":"alerts","deviceId":"ESP32_GREENHOUSE_01","data":{"timestamp":1777181160431,"deviceId":"ESP32_GREENHOUSE_01","event":"LIGHT_ACTIVITY","level":92,"raw":368,"diff":368,"message":"Quiet Level: 92"}}
{"timestamp":1777181197200,"type":"alerts","deviceId":"ESP32_GREENHOUSE_01","data":{"timestamp":1777181197200,"deviceId":"ESP32_GREENHOUSE_01","event":"LIGHT_ACTIVITY","level":110,"raw":441,"diff":441,"message":"Quiet Level: 110"}}
{"timestamp":1777181203245,"type":"alerts","deviceId":"ESP32_GREENHOUSE_01","data":{"timestamp":1777181203245,"deviceId":"ESP32_GREENHOUSE_01","event":"LIGHT_ACTIVITY","level":111,"raw":444,"diff":444,"message":"Quiet Level: 111"}}
{"timestamp":1777181209296,"type":"alerts","deviceId":"ESP32_GREENHOUSE_01","data":{"timestamp":1777181209295,"deviceId":"ESP32_GREENHOUSE_01","event":"LIGHT_ACTIVITY","level":99,"raw":399,"diff":399,"message":"Quiet Level: 99"}}
{"timestamp":1777181215341,"type":"alerts","deviceId":"ESP32_GREENHOUSE_01","data":{"timestamp":1777181215341,"deviceId":"ESP32_GREENHOUSE_01","event":"LIGHT_ACTIVITY","level":81,"raw":325,"diff":325,"message":"Quiet Level: 81"}}
{"timestamp":1777181221389,"type":"alerts","deviceId":"ESP32_GREENHOUSE_01","data":{"timestamp":1777181221389,"deviceId":"ESP32_GREENHOUSE_01","event":"LIGHT_ACTIVITY","level":87,"raw":349,"diff":349,"message":"Quiet Level: 87"}}
{"timestamp":1777181227438,"type":"alerts","deviceId":"ESP32_GREENHOUSE_01","data":{"timestamp":1777181227438,"deviceId":"ESP32_GREENHOUSE_01","event":"LIGHT_ACTIVITY","level":97,"raw":390,"diff":390,"message":"Quiet Level: 97"}}
{"timestamp":1777181233486,"type":"alerts","deviceId":"ESP32_GREENHOUSE_01","data":{"timestamp":1777181233486,"deviceId":"ESP32_GREENHOUSE_01","event":"LIGHT_ACTIVITY","level":101,"raw":405,"diff":405,"message":"Quiet Level: 101"}}
{"timestamp":1777181239533,"type":"alerts","deviceId":"ESP32_GREENHOUSE_01","data":{"timestamp":1777181239533,"deviceId":"ESP32_GREENHOUSE_01","event":"LIGHT_ACTIVITY","level":95,"raw":383,"diff":383,"message":"Quiet Level: 95"}}
{"timestamp":1777181245581,"type":"alerts","deviceId":"ESP32_GREENHOUSE_01","data":{"timestamp":1777181245581,"deviceId":"ESP32_GREENHOUSE_01","event":"LIGHT_ACTIVITY","level":121,"raw":486,"diff":486,"message":"Quiet Level: 121"}}
{"timestamp":1777181251631,"type":"alerts","deviceId":"ESP32_GREENHOUSE_01","data":{"timestamp":1777181251631,"deviceId":"ESP32_GREENHOUSE_01","event":"LIGHT_ACTIVITY","level":83,"raw":332,"diff":332,"message":"Quiet Level: 83"}}
{"timestamp":1777181257677,"type":"alerts","deviceId":"ESP32_GREENHOUSE_01","data":{"timestamp":1777181257677,"deviceId":"ESP32_GREENHOUSE_01","event":"LIGHT_ACTIVITY","level":83,"raw":334,"diff":334,"message":"Quiet Level: 83"}}
{"timestamp":1777181263725,"type":"alerts","deviceId":"ESP32_GREENHOUSE_01","data":{"timestamp":1777181263725,"deviceId":"ESP32_GREENHOUSE_01","event":"LIGHT_ACTIVITY","level":113,"raw":455,"diff":455,"message":"Quiet Level: 113"}}
{"timestamp":1777181269773,"type":"alerts","deviceId":"ESP32_GREENHOUSE_01","data":{"timestamp":1777181269773,"deviceId":"ESP32_GREENHOUSE_01","event":"LIGHT_ACTIVITY","level":106,"raw":426,"diff":426,"message":"Quiet Level: 106"}}
{"timestamp":1777181275821,"type":"alerts","deviceId":"ESP32_GREENHOUSE_01","data":{"timestamp":1777181275821,"deviceId":"ESP32_GREENHOUSE_01","event":"LIGHT_ACTIVITY","level":90,"raw":362,"diff":362,"message":"Quiet Level: 90"}}
{"timestamp":1777181283886,"type":"alerts","deviceId":"ESP32_GREENHOUSE_01","data":{"timestamp":1777181283886,"deviceId":"ESP32_GREENHOUSE_01","event":"LIGHT_ACTIVITY","level":132,"raw":528,"diff":528,"message":"Quiet Level: 132"}}
{"timestamp":1777181289933,"type":"alerts","deviceId":"ESP32_GREENHOUSE_01","data":{"timestamp":1777181289933,"deviceId":"ESP32_GREENHOUSE_01","event":"LIGHT_ACTIVITY","level":120,"raw":482,"diff":482,"message":"Quiet Level: 120"}}
{"timestamp":1777181295982,"type":"alerts","deviceId":"ESP32_GREENHOUSE_01","data":{"timestamp":1777181295982,"deviceId":"ESP32_GREENHOUSE_01","event":"LIGHT_ACTIVITY","level":165,"raw":662,"diff":662,"message":"Light Activity Level: 165"}}
{"timestamp":1777181300014,"type":"alerts","deviceId":"ESP32_GREENHOUSE_01","data":{"timestamp":1777181300014,"deviceId":"ESP32_GREENHOUSE_01","event":"RESTLESS","level":114,"raw":459,"diff":459,"message":"Quiet Level: 114"}}
{"timestamp":1777181302030,"type":"alerts","deviceId":"ESP32_GREENHOUSE_01","data":{"timestamp":1777181302030,"deviceId":"ESP32_GREENHOUSE_01","event":"LIGHT_ACTIVITY","level":99,"raw":397,"diff":397,"message":"Quiet Level: 99"}}
{"timestamp":1777181306078,"type":"alerts","deviceId":"ESP32_GREENHOUSE_01","data":{"timestamp":1777181306078,"deviceId":"ESP32_GREENHOUSE_01","event":"RESTLESS","level":99,"raw":399,"diff":399,"message":"Quiet Level: 99"}}
{"timestamp":1777181312109,"type":"alerts","deviceId":"ESP32_GREENHOUSE_01","data":{"timestamp":1777181312109,"deviceId":"ESP32_GREENHOUSE_01","event":"RESTLESS","level":101,"raw":406,"diff":406,"message":"Quiet Level: 101"}}
{"timestamp":1777181318157,"type":"alerts","deviceId":"ESP32_GREENHOUSE_01","data":{"timestamp":1777181318157,"deviceId":"ESP32_GREENHOUSE_01","event":"LIGHT_ACTIVITY","level":96,"raw":386,"diff":386,"message":"Quiet Level: 96"}}
{"timestamp":1777181324205,"type":"alerts","deviceId":"ESP32_GREENHOUSE_01","data":{"timestamp":1777181324205,"deviceId":"ESP32_GREENHOUSE_01","event":"LIGHT_ACTIVITY","level":97,"raw":388,"diff":388,"message":"Quiet Level: 97"}}
{"timestamp":1777181330253,"type":"alerts","deviceId":"ESP32_GREENHOUSE_01","data":{"timestamp":1777181330253,"deviceId":"ESP32_GREENHOUSE_01","event":"LIGHT_ACTIVITY","level":136,"raw":545,"diff":545,"message":"Light Activity Level: 136"}}
{"timestamp":1777181336302,"type":"alerts","deviceId":"ESP32_GREENHOUSE_01","data":{"timestamp":1777181336302,"deviceId":"ESP32_GREENHOUSE_01","event":"LIGHT_ACTIVITY","level":91,"raw":366,"diff":366,"message":"Quiet Level: 91"}}
{"timestamp":1777181342350,"type":"alerts","deviceId":"ESP32_GREENHOUSE_01","data":{"timestamp":1777181342349,"deviceId":"ESP32_GREENHOUSE_01","event":"LIGHT_ACTIVITY","level":98,"raw":393,"diff":393,"message":"Quiet Level: 98"}}
{"timestamp":1777181348400,"type":"alerts","deviceId":"ESP32_GREENHOUSE_01","data":{"timestamp":1777181348399,"deviceId":"ESP32_GREENHOUSE_01","event":"LIGHT_ACTIVITY","level":99,"raw":396,"diff":396,"message":"Quiet Level: 99"}}
{"timestamp":1777181354447,"type":"alerts","deviceId":"ESP32_GREENHOUSE_01","data":{"timestamp":1777181354446,"deviceId":"ESP32_GREENHOUSE_01","event":"LIGHT_ACTIVITY","level":109,"raw":436,"diff":436,"message":"Quiet Level: 109"}}
{"timestamp":1777181360494,"type":"alerts","deviceId":"ESP32_GREENHOUSE_01","data":{"timestamp":1777181360494,"deviceId":"ESP32_GREENHOUSE_01","event":"LIGHT_ACTIVITY","level":95,"raw":383,"diff":383,"message":"Quiet Level: 95"}}
{"timestamp":1777181366542,"type":"alerts","deviceId":"ESP32_GREENHOUSE_01","data":{"timestamp":1777181366542,"deviceId":"ESP32_GREENHOUSE_01","event":"LIGHT_ACTIVITY","level":105,"raw":422,"diff":422,"message":"Quiet Level: 105"}}
{"timestamp":1777181372591,"type":"alerts","deviceId":"ESP32_GREENHOUSE_01","data":{"timestamp":1777181372591,"deviceId":"ESP32_GREENHOUSE_01","event":"LIGHT_ACTIVITY","level":99,"raw":399,"diff":399,"message":"Quiet Level: 99"}}
{"timestamp":1777181378638,"type":"alerts","deviceId":"ESP32_GREENHOUSE_01","data":{"timestamp":1777181378638,"deviceId":"ESP32_GREENHOUSE_01","event":"LIGHT_ACTIVITY","level":92,"raw":370,"diff":370,"message":"Quiet Level: 92"}}
{"timestamp":1777181384687,"type":"alerts","deviceId":"ESP32_GREENHOUSE_01","data":{"timestamp":1777181384686,"deviceId":"ESP32_GREENHOUSE_01","event":"LIGHT_ACTIVITY","level":94,"raw":378,"diff":378,"message":"Quiet Level: 94"}}
{"timestamp":1777181390737,"type":"alerts","deviceId":"ESP32_GREENHOUSE_01","data":{"timestamp":1777181390737,"deviceId":"ESP32_GREENHOUSE_01","event":"LIGHT_ACTIVITY","level":90,"raw":360,"diff":360,"message":"Quiet Level: 90"}}
{"timestamp":1777181396784,"type":"alerts","deviceId":"ESP32_GREENHOUSE_01","data":{"timestamp":1777181396783,"deviceId":"ESP32_GREENHOUSE_01","event":"LIGHT_ACTIVITY","level":98,"raw":395,"diff":395,"message":"Quiet Level: 98"}}
{"timestamp":1777181402832,"type":"alerts","deviceId":"ESP32_GREENHOUSE_01","data":{"timestamp":1777181402832,"deviceId":"ESP32_GREENHOUSE_01","event":"LIGHT_ACTIVITY","level":106,"raw":427,"diff":427,"message":"Quiet Level: 106"}}
{"timestamp":1777181408878,"type":"alerts","deviceId":"ESP32_GREENHOUSE_01","data":{"timestamp":1777181408878,"deviceId":"ESP32_GREENHOUSE_01","event":"LIGHT_ACTIVITY","level":97,"raw":389,"diff":389,"message":"Quiet Level: 97"}}
{"timestamp":1777181414928,"type":"alerts","deviceId":"ESP32_GREENHOUSE_01","data":{"timestamp":1777181414928,"deviceId":"ESP32_GREENHOUSE_01","event":"LIGHT_ACTIVITY","level":114,"raw":456,"diff":456,"message":"Quiet Level: 114"}}
{"timestamp":1777181420976,"type":"alerts","deviceId":"ESP32_GREENHOUSE_01","data":{"timestamp":1777181420976,"deviceId":"ESP32_GREENHOUSE_01","event":"LIGHT_ACTIVITY","level":118,"raw":474,"diff":474,"message":"Quiet Level: 118"}}
{"timestamp":1777181427023,"type":"alerts","deviceId":"ESP32_GREENHOUSE_01","data":{"timestamp":1777181427023,"deviceId":"ESP32_GREENHOUSE_01","event":"LIGHT_ACTIVITY","level":99,"raw":396,"diff":396,"message":"Quiet Level: 99"}}
{"timestamp":1777181437103,"type":"alerts","deviceId":"ESP32_GREENHOUSE_01","data":{"timestamp":1777181437103,"deviceId":"ESP32_GREENHOUSE_01","event":"LIGHT_ACTIVITY","level":144,"raw":578,"diff":578,"message":"Light Activity Level: 144"}}
{"timestamp":1777181443151,"type":"alerts","deviceId":"ESP32_GREENHOUSE_01","data":{"timestamp":1777181443151,"deviceId":"ESP32_GREENHOUSE_01","event":"LIGHT_ACTIVITY","level":118,"raw":474,"diff":474,"message":"Quiet Level: 118"}}
{"timestamp":1777181449199,"type":"alerts","deviceId":"ESP32_GREENHOUSE_01","data":{"timestamp":1777181449199,"deviceId":"ESP32_GREENHOUSE_01","event":"LIGHT_ACTIVITY","level":85,"raw":340,"diff":340,"message":"Quiet Level: 85"}}
{"timestamp":1777181455251,"type":"alerts","deviceId":"ESP32_GREENHOUSE_01","data":{"timestamp":1777181455251,"deviceId":"ESP32_GREENHOUSE_01","event":"LIGHT_ACTIVITY","level":109,"raw":436,"diff":436,"message":"Quiet Level: 109"}}
{"timestamp":1777181461295,"type":"alerts","deviceId":"ESP32_GREENHOUSE_01","data":{"timestamp":1777181461295,"deviceId":"ESP32_GREENHOUSE_01","event":"LIGHT_ACTIVITY","level":104,"raw":419,"diff":419,"message":"Quiet Level: 104"}}
{"timestamp":1777181467349,"type":"alerts","deviceId":"ESP32_GREENHOUSE_01","data":{"timestamp":1777181467349,"deviceId":"ESP32_GREENHOUSE_01","event":"LIGHT_ACTIVITY","level":125,"raw":503,"diff":503,"message":"Quiet Level: 125"}}
{"timestamp":1777181477425,"type":"alerts","deviceId":"ESP32_GREENHOUSE_01","data":{"timestamp":1777181477425,"deviceId":"ESP32_GREENHOUSE_01","event":"LIGHT_ACTIVITY","level":118,"raw":473,"diff":473,"message":"Quiet Level: 118"}}
{"timestamp":1777181487505,"type":"alerts","deviceId":"ESP32_GREENHOUSE_01","data":{"timestamp":1777181487505,"deviceId":"ESP32_GREENHOUSE_01","event":"LIGHT_ACTIVITY","level":138,"raw":554,"diff":554,"message":"Light Activity Level: 138"}}
{"timestamp":1777181493551,"type":"alerts","deviceId":"ESP32_GREENHOUSE_01","data":{"timestamp":1777181493551,"deviceId":"ESP32_GREENHOUSE_01","event":"LIGHT_ACTIVITY","level":108,"raw":432,"diff":432,"message":"Quiet Level: 108"}}
{"timestamp":1777181511696,"type":"alerts","deviceId":"ESP32_GREENHOUSE_01","data":{"timestamp":1777181511695,"deviceId":"ESP32_GREENHOUSE_01","event":"RESTLESS","level":588,"raw":2352,"diff":2352,"message":"CRYING DETECTED! ⚠️ Level: 588"}}
{"timestamp":1777181517745,"type":"alerts","deviceId":"ESP32_GREENHOUSE_01","data":{"timestamp":1777181517745,"deviceId":"ESP32_GREENHOUSE_01","event":"RESTLESS","level":80,"raw":322,"diff":322,"message":"Quiet Level: 80"}}
{"timestamp":1777181521776,"type":"alerts","deviceId":"ESP32_GREENHOUSE_01","data":{"timestamp":1777181521776,"deviceId":"ESP32_GREENHOUSE_01","event":"LIGHT_ACTIVITY","level":132,"raw":528,"diff":528,"message":"Quiet Level: 132"}}
{"timestamp":1777181523792,"type":"alerts","deviceId":"ESP32_GREENHOUSE_01","data":{"timestamp":1777181523792,"deviceId":"ESP32_GREENHOUSE_01","event":"RESTLESS","level":149,"raw":597,"diff":597,"message":"Light Activity Level: 149"}}
{"timestamp":1777181527826,"type":"alerts","deviceId":"ESP32_GREENHOUSE_01","data":{"timestamp":1777181527825,"deviceId":"ESP32_GREENHOUSE_01","event":"LIGHT_ACTIVITY","level":85,"raw":341,"diff":341,"message":"Quiet Level: 85"}}
{"timestamp":1777181533871,"type":"alerts","deviceId":"ESP32_GREENHOUSE_01","data":{"timestamp":1777181533871,"deviceId":"ESP32_GREENHOUSE_01","event":"RESTLESS","level":408,"raw":1635,"diff":1635,"message":"Restless Level: 408"}}
{"timestamp":1777181535899,"type":"alerts","deviceId":"ESP32_GREENHOUSE_01","data":{"timestamp":1777181535895,"deviceId":"ESP32_GREENHOUSE_01","event":"LIGHT_ACTIVITY","level":151,"raw":605,"diff":605,"message":"CRYING DETECTED! ⚠️ Level: 151"}}
{"timestamp":1777181541938,"type":"alerts","deviceId":"ESP32_GREENHOUSE_01","data":{"timestamp":1777181541938,"deviceId":"ESP32_GREENHOUSE_01","event":"LIGHT_ACTIVITY","level":141,"raw":564,"diff":564,"message":"Light Activity Level: 141"}}
{"timestamp":1777181545968,"type":"alerts","deviceId":"ESP32_GREENHOUSE_01","data":{"timestamp":1777181545967,"deviceId":"ESP32_GREENHOUSE_01","event":"RESTLESS","level":132,"raw":528,"diff":528,"message":"Quiet Level: 132"}}
{"timestamp":1777181552021,"type":"alerts","deviceId":"ESP32_GREENHOUSE_01","data":{"timestamp":1777181552021,"deviceId":"ESP32_GREENHOUSE_01","event":"RESTLESS","level":98,"raw":395,"diff":395,"message":"Quiet Level: 98"}}
{"timestamp":1777181558064,"type":"alerts","deviceId":"ESP32_GREENHOUSE_01","data":{"timestamp":1777181558064,"deviceId":"ESP32_GREENHOUSE_01","event":"RESTLESS","level":145,"raw":581,"diff":581,"message":"CRYING DETECTED! ⚠️ Level: 145"}}
{"timestamp":1777181564115,"type":"alerts","deviceId":"ESP32_GREENHOUSE_01","data":{"timestamp":1777181564114,"deviceId":"ESP32_GREENHOUSE_01","event":"RESTLESS","level":105,"raw":421,"diff":421,"message":"Quiet Level: 105"}}
{"timestamp":1777181568145,"type":"alerts","deviceId":"ESP32_GREENHOUSE_01","data":{"timestamp":1777181568145,"deviceId":"ESP32_GREENHOUSE_01","event":"LIGHT_ACTIVITY","level":84,"raw":339,"diff":339,"message":"Quiet Level: 84"}}
{"timestamp":1777181570160,"type":"alerts","deviceId":"ESP32_GREENHOUSE_01","data":{"timestamp":1777181570160,"deviceId":"ESP32_GREENHOUSE_01","event":"RESTLESS","level":150,"raw":602,"diff":602,"message":"CRYING DETECTED! ⚠️ Level: 150"}}
{"timestamp":1777181574194,"type":"alerts","deviceId":"ESP32_GREENHOUSE_01","data":{"timestamp":1777181574194,"deviceId":"ESP32_GREENHOUSE_01","event":"LIGHT_ACTIVITY","level":92,"raw":368,"diff":368,"message":"Quiet Level: 92"}}
{"timestamp":1777181580241,"type":"alerts","deviceId":"ESP32_GREENHOUSE_01","data":{"timestamp":1777181580241,"deviceId":"ESP32_GREENHOUSE_01","event":"LIGHT_ACTIVITY","level":105,"raw":423,"diff":423,"message":"Quiet Level: 105"}}
{"timestamp":1777181586289,"type":"alerts","deviceId":"ESP32_GREENHOUSE_01","data":{"timestamp":1777181586288,"deviceId":"ESP32_GREENHOUSE_01","event":"LIGHT_ACTIVITY","level":89,"raw":359,"diff":359,"message":"Quiet Level: 89"}}
{"timestamp":1777181592339,"type":"alerts","deviceId":"ESP32_GREENHOUSE_01","data":{"timestamp":1777181592339,"deviceId":"ESP32_GREENHOUSE_01","event":"LIGHT_ACTIVITY","level":105,"raw":423,"diff":423,"message":"Quiet Level: 105"}}
{"timestamp":1777181598385,"type":"alerts","deviceId":"ESP32_GREENHOUSE_01","data":{"timestamp":1777181598385,"deviceId":"ESP32_GREENHOUSE_01","event":"LIGHT_ACTIVITY","level":182,"raw":731,"diff":731,"message":"Restless Level: 182"}}
{"timestamp":1777181604432,"type":"alerts","deviceId":"ESP32_GREENHOUSE_01","data":{"timestamp":1777181604432,"deviceId":"ESP32_GREENHOUSE_01","event":"LIGHT_ACTIVITY","level":137,"raw":551,"diff":551,"message":"Light Activity Level: 137"}}
{"timestamp":1777181610480,"type":"alerts","deviceId":"ESP32_GREENHOUSE_01","data":{"timestamp":1777181610480,"deviceId":"ESP32_GREENHOUSE_01","event":"LIGHT_ACTIVITY","level":84,"raw":339,"diff":339,"message":"Quiet Level: 84"}}
{"timestamp":1777181616529,"type":"alerts","deviceId":"ESP32_GREENHOUSE_01","data":{"timestamp":1777181616529,"deviceId":"ESP32_GREENHOUSE_01","event":"LIGHT_ACTIVITY","level":80,"raw":320,"diff":320,"message":"Quiet Level: 80"}}
{"timestamp":1777181622577,"type":"alerts","deviceId":"ESP32_GREENHOUSE_01","data":{"timestamp":1777181622577,"deviceId":"ESP32_GREENHOUSE_01","event":"LIGHT_ACTIVITY","level":85,"raw":340,"diff":340,"message":"Quiet Level: 85"}}
{"timestamp":1777181628627,"type":"alerts","deviceId":"ESP32_GREENHOUSE_01","data":{"timestamp":1777181628627,"deviceId":"ESP32_GREENHOUSE_01","event":"LIGHT_ACTIVITY","level":88,"raw":352,"diff":352,"message":"Quiet Level: 88"}}
{"timestamp":1777181634672,"type":"alerts","deviceId":"ESP32_GREENHOUSE_01","data":{"timestamp":1777181634672,"deviceId":"ESP32_GREENHOUSE_01","event":"LIGHT_ACTIVITY","level":94,"raw":376,"diff":376,"message":"Quiet Level: 94"}}
{"timestamp":1777181640720,"type":"alerts","deviceId":"ESP32_GREENHOUSE_01","data":{"timestamp":1777181640720,"deviceId":"ESP32_GREENHOUSE_01","event":"LIGHT_ACTIVITY","level":128,"raw":515,"diff":515,"message":"Quiet Level: 128"}}
{"timestamp":1777181646768,"type":"alerts","deviceId":"ESP32_GREENHOUSE_01","data":{"timestamp":1777181646768,"deviceId":"ESP32_GREENHOUSE_01","event":"LIGHT_ACTIVITY","level":78,"raw":314,"diff":314,"message":"Quiet Level: 78"}}
{"timestamp":1777181662897,"type":"alerts","deviceId":"ESP32_GREENHOUSE_01","data":{"timestamp":1777181662896,"deviceId":"ESP32_GREENHOUSE_01","event":"LIGHT_ACTIVITY","level":137,"raw":548,"diff":548,"message":"Light Activity Level: 137"}}
{"timestamp":1777181668944,"type":"alerts","deviceId":"ESP32_GREENHOUSE_01","data":{"timestamp":1777181668944,"deviceId":"ESP32_GREENHOUSE_01","event":"LIGHT_ACTIVITY","level":101,"raw":407,"diff":407,"message":"Quiet Level: 101"}}
{"timestamp":1777181674993,"type":"alerts","deviceId":"ESP32_GREENHOUSE_01","data":{"timestamp":1777181674993,"deviceId":"ESP32_GREENHOUSE_01","event":"LIGHT_ACTIVITY","level":134,"raw":537,"diff":537,"message":"Quiet Level: 134"}}
{"timestamp":1777181681040,"type":"alerts","deviceId":"ESP32_GREENHOUSE_01","data":{"timestamp":1777181681040,"deviceId":"ESP32_GREENHOUSE_01","event":"LIGHT_ACTIVITY","level":111,"raw":447,"diff":447,"message":"Quiet Level: 111"}}
{"timestamp":1777181687089,"type":"alerts","deviceId":"ESP32_GREENHOUSE_01","data":{"timestamp":1777181687089,"deviceId":"ESP32_GREENHOUSE_01","event":"LIGHT_ACTIVITY","level":82,"raw":328,"diff":328,"message":"Quiet Level: 82"}}
{"timestamp":1777181693138,"type":"alerts","deviceId":"ESP32_GREENHOUSE_01","data":{"timestamp":1777181693138,"deviceId":"ESP32_GREENHOUSE_01","event":"LIGHT_ACTIVITY","level":111,"raw":444,"diff":444,"message":"Quiet Level: 111"}}
{"timestamp":1777181699185,"type":"alerts","deviceId":"ESP32_GREENHOUSE_01","data":{"timestamp":1777181699185,"deviceId":"ESP32_GREENHOUSE_01","event":"LIGHT_ACTIVITY","level":115,"raw":461,"diff":461,"message":"Quiet Level: 115"}}
{"timestamp":1777181705234,"type":"alerts","deviceId":"ESP32_GREENHOUSE_01","data":{"timestamp":1777181705234,"deviceId":"ESP32_GREENHOUSE_01","event":"LIGHT_ACTIVITY","level":123,"raw":492,"diff":492,"message":"Quiet Level: 123"}}
{"timestamp":1777181711281,"type":"alerts","deviceId":"ESP32_GREENHOUSE_01","data":{"timestamp":1777181711281,"deviceId":"ESP32_GREENHOUSE_01","event":"LIGHT_ACTIVITY","level":101,"raw":405,"diff":405,"message":"Quiet Level: 101"}}
{"timestamp":1777181717330,"type":"alerts","deviceId":"ESP32_GREENHOUSE_01","data":{"timestamp":1777181717330,"deviceId":"ESP32_GREENHOUSE_01","event":"LIGHT_ACTIVITY","level":101,"raw":407,"diff":407,"message":"Quiet Level: 101"}}
{"timestamp":1777181723378,"type":"alerts","deviceId":"ESP32_GREENHOUSE_01","data":{"timestamp":1777181723378,"deviceId":"ESP32_GREENHOUSE_01","event":"LIGHT_ACTIVITY","level":102,"raw":410,"diff":410,"message":"Quiet Level: 102"}}
{"timestamp":1777181729426,"type":"alerts","deviceId":"ESP32_GREENHOUSE_01","data":{"timestamp":1777181729426,"deviceId":"ESP32_GREENHOUSE_01","event":"LIGHT_ACTIVITY","level":93,"raw":373,"diff":373,"message":"Quiet Level: 93"}}
{"timestamp":1777181759668,"type":"alerts","deviceId":"ESP32_GREENHOUSE_01","data":{"timestamp":1777181759668,"deviceId":"ESP32_GREENHOUSE_01","event":"LIGHT_ACTIVITY","level":197,"raw":790,"diff":790,"message":"Restless Level: 197"}}
{"timestamp":1777181765714,"type":"alerts","deviceId":"ESP32_GREENHOUSE_01","data":{"timestamp":1777181765714,"deviceId":"ESP32_GREENHOUSE_01","event":"LIGHT_ACTIVITY","level":110,"raw":441,"diff":441,"message":"Quiet Level: 110"}}
{"timestamp":1777181771761,"type":"alerts","deviceId":"ESP32_GREENHOUSE_01","data":{"timestamp":1777181771761,"deviceId":"ESP32_GREENHOUSE_01","event":"LIGHT_ACTIVITY","level":87,"raw":351,"diff":351,"message":"Quiet Level: 87"}}
{"timestamp":1777181777812,"type":"alerts","deviceId":"ESP32_GREENHOUSE_01","data":{"timestamp":1777181777812,"deviceId":"ESP32_GREENHOUSE_01","event":"LIGHT_ACTIVITY","level":78,"raw":315,"diff":315,"message":"Quiet Level: 78"}}
{"timestamp":1777181783858,"type":"alerts","deviceId":"ESP32_GREENHOUSE_01","data":{"timestamp":1777181783857,"deviceId":"ESP32_GREENHOUSE_01","event":"LIGHT_ACTIVITY","level":116,"raw":465,"diff":465,"message":"Quiet Level: 116"}}
{"timestamp":1777181789906,"type":"alerts","deviceId":"ESP32_GREENHOUSE_01","data":{"timestamp":1777181789906,"deviceId":"ESP32_GREENHOUSE_01","event":"LIGHT_ACTIVITY","level":81,"raw":327,"diff":327,"message":"Quiet Level: 81"}}
{"timestamp":1777181795956,"type":"alerts","deviceId":"ESP32_GREENHOUSE_01","data":{"timestamp":1777181795955,"deviceId":"ESP32_GREENHOUSE_01","event":"LIGHT_ACTIVITY","level":85,"raw":343,"diff":343,"message":"Quiet Level: 85"}}
{"timestamp":1777181802001,"type":"alerts","deviceId":"ESP32_GREENHOUSE_01","data":{"timestamp":1777181802001,"deviceId":"ESP32_GREENHOUSE_01","event":"LIGHT_ACTIVITY","level":83,"raw":332,"diff":332,"message":"Quiet Level: 83"}}
{"timestamp":1777181808050,"type":"alerts","deviceId":"ESP32_GREENHOUSE_01","data":{"timestamp":1777181808050,"deviceId":"ESP32_GREENHOUSE_01","event":"LIGHT_ACTIVITY","level":83,"raw":333,"diff":333,"message":"Quiet Level: 83"}}
{"timestamp":1777181816114,"type":"alerts","deviceId":"ESP32_GREENHOUSE_01","data":{"timestamp":1777181816114,"deviceId":"ESP32_GREENHOUSE_01","event":"LIGHT_ACTIVITY","level":122,"raw":490,"diff":490,"message":"Quiet Level: 122"}}
{"timestamp":1777181824178,"type":"alerts","deviceId":"ESP32_GREENHOUSE_01","data":{"timestamp":1777181824178,"deviceId":"ESP32_GREENHOUSE_01","event":"LIGHT_ACTIVITY","level":109,"raw":439,"diff":439,"message":"Quiet Level: 109"}}
{"timestamp":1777181830225,"type":"alerts","deviceId":"ESP32_GREENHOUSE_01","data":{"timestamp":1777181830225,"deviceId":"ESP32_GREENHOUSE_01","event":"LIGHT_ACTIVITY","level":97,"raw":391,"diff":391,"message":"Quiet Level: 97"}}
{"timestamp":1777181836273,"type":"alerts","deviceId":"ESP32_GREENHOUSE_01","data":{"timestamp":1777181836273,"deviceId":"ESP32_GREENHOUSE_01","event":"LIGHT_ACTIVITY","level":72,"raw":291,"diff":291,"message":"Quiet Level: 72"}}
{"timestamp":1777181842322,"type":"alerts","deviceId":"ESP32_GREENHOUSE_01","data":{"timestamp":1777181842322,"deviceId":"ESP32_GREENHOUSE_01","event":"LIGHT_ACTIVITY","level":94,"raw":377,"diff":377,"message":"Quiet Level: 94"}}
{"timestamp":1777181848370,"type":"alerts","deviceId":"ESP32_GREENHOUSE_01","data":{"timestamp":1777181848370,"deviceId":"ESP32_GREENHOUSE_01","event":"LIGHT_ACTIVITY","level":110,"raw":440,"diff":440,"message":"Quiet Level: 110"}}
{"timestamp":1777181854418,"type":"alerts","deviceId":"ESP32_GREENHOUSE_01","data":{"timestamp":1777181854418,"deviceId":"ESP32_GREENHOUSE_01","event":"RESTLESS","level":166,"raw":666,"diff":666,"message":"Light Activity Level: 166"}}
{"timestamp":1777181856435,"type":"alerts","deviceId":"ESP32_GREENHOUSE_01","data":{"timestamp":1777181856434,"deviceId":"ESP32_GREENHOUSE_01","event":"LIGHT_ACTIVITY","level":125,"raw":501,"diff":501,"message":"Quiet Level: 125"}}
{"timestamp":1777181860466,"type":"alerts","deviceId":"ESP32_GREENHOUSE_01","data":{"timestamp":1777181860466,"deviceId":"ESP32_GREENHOUSE_01","event":"RESTLESS","level":148,"raw":595,"diff":595,"message":"Light Activity Level: 148"}}
{"timestamp":1777181866521,"type":"alerts","deviceId":"ESP32_GREENHOUSE_01","data":{"timestamp":1777181866521,"deviceId":"ESP32_GREENHOUSE_01","event":"RESTLESS","level":110,"raw":441,"diff":441,"message":"Quiet Level: 110"}}
{"timestamp":1777181872562,"type":"alerts","deviceId":"ESP32_GREENHOUSE_01","data":{"timestamp":1777181872562,"deviceId":"ESP32_GREENHOUSE_01","event":"RESTLESS","level":100,"raw":402,"diff":402,"message":"Quiet Level: 100"}}
{"timestamp":1777181878614,"type":"alerts","deviceId":"ESP32_GREENHOUSE_01","data":{"timestamp":1777181878614,"deviceId":"ESP32_GREENHOUSE_01","event":"RESTLESS","level":128,"raw":513,"diff":513,"message":"Quiet Level: 128"}}
{"timestamp":1777181884658,"type":"alerts","deviceId":"ESP32_GREENHOUSE_01","data":{"timestamp":1777181884658,"deviceId":"ESP32_GREENHOUSE_01","event":"RESTLESS","level":132,"raw":531,"diff":531,"message":"Quiet Level: 132"}}
{"timestamp":1777181888692,"type":"alerts","deviceId":"ESP32_GREENHOUSE_01","data":{"timestamp":1777181888692,"deviceId":"ESP32_GREENHOUSE_01","event":"LIGHT_ACTIVITY","level":119,"raw":479,"diff":479,"message":"Quiet Level: 119"}}
{"timestamp":1777181894743,"type":"alerts","deviceId":"ESP32_GREENHOUSE_01","data":{"timestamp":1777181894743,"deviceId":"ESP32_GREENHOUSE_01","event":"LIGHT_ACTIVITY","level":123,"raw":494,"diff":494,"message":"Quiet Level: 123"}}
{"timestamp":1777181900788,"type":"alerts","deviceId":"ESP32_GREENHOUSE_01","data":{"timestamp":1777181900788,"deviceId":"ESP32_GREENHOUSE_01","event":"LIGHT_ACTIVITY","level":92,"raw":369,"diff":369,"message":"Quiet Level: 92"}}
{"timestamp":1777181906834,"type":"alerts","deviceId":"ESP32_GREENHOUSE_01","data":{"timestamp":1777181906834,"deviceId":"ESP32_GREENHOUSE_01","event":"LIGHT_ACTIVITY","level":130,"raw":523,"diff":523,"message":"Quiet Level: 130"}}
{"timestamp":1777181912885,"type":"alerts","deviceId":"ESP32_GREENHOUSE_01","data":{"timestamp":1777181912885,"deviceId":"ESP32_GREENHOUSE_01","event":"LIGHT_ACTIVITY","level":106,"raw":427,"diff":427,"message":"Quiet Level: 106"}}
{"timestamp":1777181918930,"type":"alerts","deviceId":"ESP32_GREENHOUSE_01","data":{"timestamp":1777181918930,"deviceId":"ESP32_GREENHOUSE_01","event":"LIGHT_ACTIVITY","level":115,"raw":463,"diff":463,"message":"Quiet Level: 115"}}
{"timestamp":1777181924979,"type":"alerts","deviceId":"ESP32_GREENHOUSE_01","data":{"timestamp":1777181924979,"deviceId":"ESP32_GREENHOUSE_01","event":"LIGHT_ACTIVITY","level":117,"raw":471,"diff":471,"message":"Quiet Level: 117"}}
{"timestamp":1777181931026,"type":"alerts","deviceId":"ESP32_GREENHOUSE_01","data":{"timestamp":1777181931026,"deviceId":"ESP32_GREENHOUSE_01","event":"LIGHT_ACTIVITY","level":137,"raw":551,"diff":551,"message":"Light Activity Level: 137"}}
{"timestamp":1777181937074,"type":"alerts","deviceId":"ESP32_GREENHOUSE_01","data":{"timestamp":1777181937074,"deviceId":"ESP32_GREENHOUSE_01","event":"LIGHT_ACTIVITY","level":131,"raw":524,"diff":524,"message":"Quiet Level: 131"}}
{"timestamp":1777181943122,"type":"alerts","deviceId":"ESP32_GREENHOUSE_01","data":{"timestamp":1777181943122,"deviceId":"ESP32_GREENHOUSE_01","event":"LIGHT_ACTIVITY","level":144,"raw":579,"diff":579,"message":"Light Activity Level: 144"}}
{"timestamp":1777181947156,"type":"alerts","deviceId":"ESP32_GREENHOUSE_01","data":{"timestamp":1777181947156,"deviceId":"ESP32_GREENHOUSE_01","event":"RESTLESS","level":176,"raw":704,"diff":704,"message":"Light Activity Level: 176"}}
{"timestamp":1777181953202,"type":"alerts","deviceId":"ESP32_GREENHOUSE_01","data":{"timestamp":1777181953202,"deviceId":"ESP32_GREENHOUSE_01","event":"RESTLESS","level":160,"raw":643,"diff":643,"message":"Light Activity Level: 160"}}
{"timestamp":1777181957235,"type":"alerts","deviceId":"ESP32_GREENHOUSE_01","data":{"timestamp":1777181957234,"deviceId":"ESP32_GREENHOUSE_01","event":"LIGHT_ACTIVITY","level":117,"raw":471,"diff":471,"message":"Quiet Level: 117"}}
{"timestamp":1777181959251,"type":"alerts","deviceId":"ESP32_GREENHOUSE_01","data":{"timestamp":1777181959251,"deviceId":"ESP32_GREENHOUSE_01","event":"RESTLESS","level":100,"raw":400,"diff":400,"message":"Quiet Level: 100"}}
{"timestamp":1777181965299,"type":"alerts","deviceId":"ESP32_GREENHOUSE_01","data":{"timestamp":1777181965299,"deviceId":"ESP32_GREENHOUSE_01","event":"RESTLESS","level":104,"raw":417,"diff":417,"message":"Quiet Level: 104"}}
{"timestamp":1777181967314,"type":"alerts","deviceId":"ESP32_GREENHOUSE_01","data":{"timestamp":1777181967314,"deviceId":"ESP32_GREENHOUSE_01","event":"LIGHT_ACTIVITY","level":104,"raw":418,"diff":418,"message":"Quiet Level: 104"}}
{"timestamp":1777181971348,"type":"alerts","deviceId":"ESP32_GREENHOUSE_01","data":{"timestamp":1777181971348,"deviceId":"ESP32_GREENHOUSE_01","event":"RESTLESS","level":337,"raw":1349,"diff":1349,"message":"Restless Level: 337"}}
{"timestamp":1777181975379,"type":"alerts","deviceId":"ESP32_GREENHOUSE_01","data":{"timestamp":1777181975378,"deviceId":"ESP32_GREENHOUSE_01","event":"LIGHT_ACTIVITY","level":111,"raw":447,"diff":447,"message":"Quiet Level: 111"}}
{"timestamp":1777181981427,"type":"alerts","deviceId":"ESP32_GREENHOUSE_01","data":{"timestamp":1777181981426,"deviceId":"ESP32_GREENHOUSE_01","event":"RESTLESS","level":145,"raw":580,"diff":580,"message":"Light Activity Level: 145"}}
{"timestamp":1777181983443,"type":"alerts","deviceId":"ESP32_GREENHOUSE_01","data":{"timestamp":1777181983443,"deviceId":"ESP32_GREENHOUSE_01","event":"LIGHT_ACTIVITY","level":122,"raw":491,"diff":491,"message":"Quiet Level: 122"}}
{"timestamp":1777181989494,"type":"alerts","deviceId":"ESP32_GREENHOUSE_01","data":{"timestamp":1777181989494,"deviceId":"ESP32_GREENHOUSE_01","event":"LIGHT_ACTIVITY","level":131,"raw":527,"diff":527,"message":"Quiet Level: 131"}}
{"timestamp":1777181993523,"type":"alerts","deviceId":"ESP32_GREENHOUSE_01","data":{"timestamp":1777181993522,"deviceId":"ESP32_GREENHOUSE_01","event":"RESTLESS","level":80,"raw":323,"diff":323,"message":"Quiet Level: 80"}}
{"timestamp":1777181999571,"type":"alerts","deviceId":"ESP32_GREENHOUSE_01","data":{"timestamp":1777181999571,"deviceId":"ESP32_GREENHOUSE_01","event":"RESTLESS","level":1023,"raw":10319,"diff":10319,"message":"Restless Level: 1023"}}
{"timestamp":1777182005619,"type":"alerts","deviceId":"ESP32_GREENHOUSE_01","data":{"timestamp":1777182005619,"deviceId":"ESP32_GREENHOUSE_01","event":"RESTLESS","level":118,"raw":473,"diff":473,"message":"Quiet Level: 118"}}
{"timestamp":1777182011667,"type":"alerts","deviceId":"ESP32_GREENHOUSE_01","data":{"timestamp":1777182011667,"deviceId":"ESP32_GREENHOUSE_01","event":"RESTLESS","level":138,"raw":552,"diff":552,"message":"Light Activity Level: 138"}}
{"timestamp":1777182017715,"type":"alerts","deviceId":"ESP32_GREENHOUSE_01","data":{"timestamp":1777182017715,"deviceId":"ESP32_GREENHOUSE_01","event":"RESTLESS","level":187,"raw":749,"diff":749,"message":"Restless Level: 187"}}
{"timestamp":1777182023769,"type":"alerts","deviceId":"ESP32_GREENHOUSE_01","data":{"timestamp":1777182023769,"deviceId":"ESP32_GREENHOUSE_01","event":"RESTLESS","level":105,"raw":423,"diff":423,"message":"Quiet Level: 105"}}
{"timestamp":1777182029815,"type":"alerts","deviceId":"ESP32_GREENHOUSE_01","data":{"timestamp":1777182029815,"deviceId":"ESP32_GREENHOUSE_01","event":"LIGHT_ACTIVITY","level":134,"raw":536,"diff":536,"message":"Quiet Level: 134"}}
{"timestamp":1777182035861,"type":"alerts","deviceId":"ESP32_GREENHOUSE_01","data":{"timestamp":1777182035861,"deviceId":"ESP32_GREENHOUSE_01","event":"RESTLESS","level":141,"raw":565,"diff":565,"message":"Light Activity Level: 141"}}
{"timestamp":1777182037876,"type":"alerts","deviceId":"ESP32_GREENHOUSE_01","data":{"timestamp":1777182037876,"deviceId":"ESP32_GREENHOUSE_01","event":"LIGHT_ACTIVITY","level":100,"raw":400,"diff":400,"message":"Quiet Level: 100"}}
{"timestamp":1777182041908,"type":"alerts","deviceId":"ESP32_GREENHOUSE_01","data":{"timestamp":1777182041908,"deviceId":"ESP32_GREENHOUSE_01","event":"RESTLESS","level":116,"raw":467,"diff":467,"message":"Quiet Level: 116"}}
{"timestamp":1777182043923,"type":"alerts","deviceId":"ESP32_GREENHOUSE_01","data":{"timestamp":1777182043923,"deviceId":"ESP32_GREENHOUSE_01","event":"LIGHT_ACTIVITY","level":123,"raw":492,"diff":492,"message":"Quiet Level: 123"}}
{"timestamp":1777182049971,"type":"alerts","deviceId":"ESP32_GREENHOUSE_01","data":{"timestamp":1777182049971,"deviceId":"ESP32_GREENHOUSE_01","event":"LIGHT_ACTIVITY","level":117,"raw":471,"diff":471,"message":"Quiet Level: 117"}}
{"timestamp":1777182056019,"type":"alerts","deviceId":"ESP32_GREENHOUSE_01","data":{"timestamp":1777182056019,"deviceId":"ESP32_GREENHOUSE_01","event":"LIGHT_ACTIVITY","level":129,"raw":517,"diff":517,"message":"Quiet Level: 129"}}
{"timestamp":1777182062067,"type":"alerts","deviceId":"ESP32_GREENHOUSE_01","data":{"timestamp":1777182062067,"deviceId":"ESP32_GREENHOUSE_01","event":"LIGHT_ACTIVITY","level":112,"raw":450,"diff":450,"message":"Quiet Level: 112"}}
{"timestamp":1777182068117,"type":"alerts","deviceId":"ESP32_GREENHOUSE_01","data":{"timestamp":1777182068117,"deviceId":"ESP32_GREENHOUSE_01","event":"LIGHT_ACTIVITY","level":164,"raw":658,"diff":658,"message":"Light Activity Level: 164"}}
{"timestamp":1777182074164,"type":"alerts","deviceId":"ESP32_GREENHOUSE_01","data":{"timestamp":1777182074164,"deviceId":"ESP32_GREENHOUSE_01","event":"RESTLESS","level":902,"raw":3608,"diff":3608,"message":"CRYING DETECTED! ⚠️ Level: 902"}}
{"timestamp":1777182080212,"type":"alerts","deviceId":"ESP32_GREENHOUSE_01","data":{"timestamp":1777182080212,"deviceId":"ESP32_GREENHOUSE_01","event":"RESTLESS","level":94,"raw":377,"diff":377,"message":"Quiet Level: 94"}}
{"timestamp":1777182086262,"type":"alerts","deviceId":"ESP32_GREENHOUSE_01","data":{"timestamp":1777182086262,"deviceId":"ESP32_GREENHOUSE_01","event":"RESTLESS","level":126,"raw":506,"diff":506,"message":"Quiet Level: 126"}}
{"timestamp":1777182092307,"type":"alerts","deviceId":"ESP32_GREENHOUSE_01","data":{"timestamp":1777182092307,"deviceId":"ESP32_GREENHOUSE_01","event":"RESTLESS","level":90,"raw":361,"diff":361,"message":"Quiet Level: 90"}}
{"timestamp":1777182098355,"type":"alerts","deviceId":"ESP32_GREENHOUSE_01","data":{"timestamp":1777182098355,"deviceId":"ESP32_GREENHOUSE_01","event":"RESTLESS","level":300,"raw":1201,"diff":1201,"message":"CRYING DETECTED! ⚠️ Level: 300"}}
{"timestamp":1777182104403,"type":"alerts","deviceId":"ESP32_GREENHOUSE_01","data":{"timestamp":1777182104403,"deviceId":"ESP32_GREENHOUSE_01","event":"RESTLESS","level":379,"raw":1519,"diff":1519,"message":"CRYING DETECTED! ⚠️ Level: 379"}}
{"timestamp":1777182110453,"type":"alerts","deviceId":"ESP32_GREENHOUSE_01","data":{"timestamp":1777182110453,"deviceId":"ESP32_GREENHOUSE_01","event":"RESTLESS","level":371,"raw":1484,"diff":1484,"message":"CRYING DETECTED! ⚠️ Level: 371"}}
{"timestamp":1777182116500,"type":"alerts","deviceId":"ESP32_GREENHOUSE_01","data":{"timestamp":1777182116500,"deviceId":"ESP32_GREENHOUSE_01","event":"RESTLESS","level":127,"raw":508,"diff":508,"message":"CRYING DETECTED! ⚠️ Level: 127"}}
{"timestamp":1777182122547,"type":"alerts","deviceId":"ESP32_GREENHOUSE_01","data":{"timestamp":1777182122547,"deviceId":"ESP32_GREENHOUSE_01","event":"RESTLESS","level":91,"raw":365,"diff":365,"message":"Quiet Level: 91"}}
{"timestamp":1777182124564,"type":"alerts","deviceId":"ESP32_GREENHOUSE_01","data":{"timestamp":1777182124564,"deviceId":"ESP32_GREENHOUSE_01","event":"CRYING","level":259,"raw":1036,"diff":1036,"message":"CRYING DETECTED! ⚠️ Level: 259"}}
{"timestamp":1777182128597,"type":"alerts","deviceId":"ESP32_GREENHOUSE_01","data":{"timestamp":1777182128597,"deviceId":"ESP32_GREENHOUSE_01","event":"RESTLESS","level":170,"raw":682,"diff":682,"message":"CRYING DETECTED! ⚠️ Level: 170"}}
{"timestamp":1777182134649,"type":"alerts","deviceId":"ESP32_GREENHOUSE_01","data":{"timestamp":1777182134649,"deviceId":"ESP32_GREENHOUSE_01","event":"CRYING","level":143,"raw":572,"diff":572,"message":"CRYING DETECTED! ⚠️ Level: 143"}}
{"timestamp":1777182136660,"type":"alerts","deviceId":"ESP32_GREENHOUSE_01","data":{"timestamp":1777182136660,"deviceId":"ESP32_GREENHOUSE_01","event":"RESTLESS","level":168,"raw":672,"diff":672,"message":"CRYING DETECTED! ⚠️ Level: 168"}}
{"timestamp":1777182144726,"type":"alerts","deviceId":"ESP32_GREENHOUSE_01","data":{"timestamp":1777182144726,"deviceId":"ESP32_GREENHOUSE_01","event":"CRYING","level":82,"raw":328,"diff":328,"message":"Quiet Level: 82"}}
{"timestamp":1777182150772,"type":"alerts","deviceId":"ESP32_GREENHOUSE_01","data":{"timestamp":1777182150772,"deviceId":"ESP32_GREENHOUSE_01","event":"RESTLESS","level":91,"raw":367,"diff":367,"message":"Quiet Level: 91"}}
{"timestamp":1777182156821,"type":"alerts","deviceId":"ESP32_GREENHOUSE_01","data":{"timestamp":1777182156821,"deviceId":"ESP32_GREENHOUSE_01","event":"RESTLESS","level":134,"raw":536,"diff":536,"message":"Quiet Level: 134"}}
{"timestamp":1777182162868,"type":"alerts","deviceId":"ESP32_GREENHOUSE_01","data":{"timestamp":1777182162868,"deviceId":"ESP32_GREENHOUSE_01","event":"RESTLESS","level":98,"raw":395,"diff":395,"message":"Quiet Level: 98"}}
{"timestamp":1777182168916,"type":"alerts","deviceId":"ESP32_GREENHOUSE_01","data":{"timestamp":1777182168916,"deviceId":"ESP32_GREENHOUSE_01","event":"RESTLESS","level":525,"raw":2102,"diff":2102,"message":"CRYING DETECTED! ⚠️ Level: 525"}}
{"timestamp":1777182170953,"type":"alerts","deviceId":"ESP32_GREENHOUSE_01","data":{"timestamp":1777182170933,"deviceId":"ESP32_GREENHOUSE_01","event":"LIGHT_ACTIVITY","level":216,"raw":866,"diff":866,"message":"CRYING DETECTED! ⚠️ Level: 216"}}
{"timestamp":1777182176981,"type":"alerts","deviceId":"ESP32_GREENHOUSE_01","data":{"timestamp":1777182176981,"deviceId":"ESP32_GREENHOUSE_01","event":"LIGHT_ACTIVITY","level":108,"raw":432,"diff":432,"message":"Quiet Level: 108"}}
{"timestamp":1777182178998,"type":"alerts","deviceId":"ESP32_GREENHOUSE_01","data":{"timestamp":1777182178998,"deviceId":"ESP32_GREENHOUSE_01","event":"RESTLESS","level":92,"raw":371,"diff":371,"message":"Quiet Level: 92"}}
{"timestamp":1777182185044,"type":"alerts","deviceId":"ESP32_GREENHOUSE_01","data":{"timestamp":1777182185044,"deviceId":"ESP32_GREENHOUSE_01","event":"RESTLESS","level":120,"raw":482,"diff":482,"message":"Quiet Level: 120"}}
{"timestamp":1777182191092,"type":"alerts","deviceId":"ESP32_GREENHOUSE_01","data":{"timestamp":1777182191092,"deviceId":"ESP32_GREENHOUSE_01","event":"RESTLESS","level":147,"raw":589,"diff":589,"message":"Light Activity Level: 147"}}
{"timestamp":1777182197141,"type":"alerts","deviceId":"ESP32_GREENHOUSE_01","data":{"timestamp":1777182197141,"deviceId":"ESP32_GREENHOUSE_01","event":"RESTLESS","level":88,"raw":355,"diff":355,"message":"Quiet Level: 88"}}
{"timestamp":1777182201175,"type":"alerts","deviceId":"ESP32_GREENHOUSE_01","data":{"timestamp":1777182201175,"deviceId":"ESP32_GREENHOUSE_01","event":"LIGHT_ACTIVITY","level":138,"raw":554,"diff":554,"message":"Light Activity Level: 138"}}
{"timestamp":1777182207221,"type":"alerts","deviceId":"ESP32_GREENHOUSE_01","data":{"timestamp":1777182207221,"deviceId":"ESP32_GREENHOUSE_01","event":"LIGHT_ACTIVITY","level":96,"raw":386,"diff":386,"message":"Quiet Level: 96"}}
{"timestamp":1777182213268,"type":"alerts","deviceId":"ESP32_GREENHOUSE_01","data":{"timestamp":1777182213268,"deviceId":"ESP32_GREENHOUSE_01","event":"LIGHT_ACTIVITY","level":178,"raw":712,"diff":712,"message":"CRYING DETECTED! ⚠️ Level: 178"}}
{"timestamp":1777182219326,"type":"alerts","deviceId":"ESP32_GREENHOUSE_01","data":{"timestamp":1777182219326,"deviceId":"ESP32_GREENHOUSE_01","event":"RESTLESS","level":157,"raw":630,"diff":630,"message":"Light Activity Level: 157"}}
{"timestamp":1777182223350,"type":"alerts","deviceId":"ESP32_GREENHOUSE_01","data":{"timestamp":1777182223350,"deviceId":"ESP32_GREENHOUSE_01","event":"LIGHT_ACTIVITY","level":101,"raw":404,"diff":404,"message":"CRYING DETECTED! ⚠️ Level: 101"}}
{"timestamp":1777182225366,"type":"alerts","deviceId":"ESP32_GREENHOUSE_01","data":{"timestamp":1777182225366,"deviceId":"ESP32_GREENHOUSE_01","event":"RESTLESS","level":301,"raw":1207,"diff":1207,"message":"CRYING DETECTED! ⚠️ Level: 301"}}
{"timestamp":1777182229398,"type":"alerts","deviceId":"ESP32_GREENHOUSE_01","data":{"timestamp":1777182229398,"deviceId":"ESP32_GREENHOUSE_01","event":"LIGHT_ACTIVITY","level":90,"raw":360,"diff":360,"message":"Quiet Level: 90"}}
{"timestamp":1777182231413,"type":"alerts","deviceId":"ESP32_GREENHOUSE_01","data":{"timestamp":1777182231413,"deviceId":"ESP32_GREENHOUSE_01","event":"RESTLESS","level":315,"raw":1260,"diff":1260,"message":"CRYING DETECTED! ⚠️ Level: 315"}}
{"timestamp":1777182235446,"type":"alerts","deviceId":"ESP32_GREENHOUSE_01","data":{"timestamp":1777182235446,"deviceId":"ESP32_GREENHOUSE_01","event":"LIGHT_ACTIVITY","level":84,"raw":338,"diff":338,"message":"Quiet Level: 84"}}
{"timestamp":1777182241493,"type":"alerts","deviceId":"ESP32_GREENHOUSE_01","data":{"timestamp":1777182241493,"deviceId":"ESP32_GREENHOUSE_01","event":"RESTLESS","level":310,"raw":1242,"diff":1242,"message":"CRYING DETECTED! ⚠️ Level: 310"}}
{"timestamp":1777182243512,"type":"alerts","deviceId":"ESP32_GREENHOUSE_01","data":{"timestamp":1777182243512,"deviceId":"ESP32_GREENHOUSE_01","event":"LIGHT_ACTIVITY","level":114,"raw":457,"diff":457,"message":"Quiet Level: 114"}}
{"timestamp":1777182249558,"type":"alerts","deviceId":"ESP32_GREENHOUSE_01","data":{"timestamp":1777182249558,"deviceId":"ESP32_GREENHOUSE_01","event":"LIGHT_ACTIVITY","level":112,"raw":448,"diff":448,"message":"Quiet Level: 112"}}
{"timestamp":1777182255607,"type":"alerts","deviceId":"ESP32_GREENHOUSE_01","data":{"timestamp":1777182255607,"deviceId":"ESP32_GREENHOUSE_01","event":"LIGHT_ACTIVITY","level":79,"raw":316,"diff":316,"message":"Quiet Level: 79"}}
{"timestamp":1777182261654,"type":"alerts","deviceId":"ESP32_GREENHOUSE_01","data":{"timestamp":1777182261654,"deviceId":"ESP32_GREENHOUSE_01","event":"LIGHT_ACTIVITY","level":186,"raw":745,"diff":745,"message":"Restless Level: 186"}}
{"timestamp":1777182265685,"type":"alerts","deviceId":"ESP32_GREENHOUSE_01","data":{"timestamp":1777182265685,"deviceId":"ESP32_GREENHOUSE_01","event":"RESTLESS","level":189,"raw":759,"diff":759,"message":"Restless Level: 189"}}
{"timestamp":1777182271733,"type":"alerts","deviceId":"ESP32_GREENHOUSE_01","data":{"timestamp":1777182271733,"deviceId":"ESP32_GREENHOUSE_01","event":"RESTLESS","level":252,"raw":1010,"diff":1010,"message":"CRYING DETECTED! ⚠️ Level: 252"}}
{"timestamp":1777182273749,"type":"alerts","deviceId":"ESP32_GREENHOUSE_01","data":{"timestamp":1777182273749,"deviceId":"ESP32_GREENHOUSE_01","event":"LIGHT_ACTIVITY","level":110,"raw":443,"diff":443,"message":"Quiet Level: 110"}}
{"timestamp":1777182279797,"type":"alerts","deviceId":"ESP32_GREENHOUSE_01","data":{"timestamp":1777182279797,"deviceId":"ESP32_GREENHOUSE_01","event":"LIGHT_ACTIVITY","level":123,"raw":494,"diff":494,"message":"Quiet Level: 123"}}
{"timestamp":1777182283835,"type":"alerts","deviceId":"ESP32_GREENHOUSE_01","data":{"timestamp":1777182283835,"deviceId":"ESP32_GREENHOUSE_01","event":"RESTLESS","level":390,"raw":1561,"diff":1561,"message":"CRYING DETECTED! ⚠️ Level: 390"}}
{"timestamp":1777182289878,"type":"alerts","deviceId":"ESP32_GREENHOUSE_01","data":{"timestamp":1777182289878,"deviceId":"ESP32_GREENHOUSE_01","event":"RESTLESS","level":119,"raw":476,"diff":476,"message":"CRYING DETECTED! ⚠️ Level: 119"}}
{"timestamp":1777182295925,"type":"alerts","deviceId":"ESP32_GREENHOUSE_01","data":{"timestamp":1777182295925,"deviceId":"ESP32_GREENHOUSE_01","event":"RESTLESS","level":85,"raw":340,"diff":340,"message":"Quiet Level: 85"}}
{"timestamp":1777182297941,"type":"alerts","deviceId":"ESP32_GREENHOUSE_01","data":{"timestamp":1777182297941,"deviceId":"ESP32_GREENHOUSE_01","event":"LIGHT_ACTIVITY","level":89,"raw":358,"diff":358,"message":"Quiet Level: 89"}}
{"timestamp":1777182303991,"type":"alerts","deviceId":"ESP32_GREENHOUSE_01","data":{"timestamp":1777182303991,"deviceId":"ESP32_GREENHOUSE_01","event":"LIGHT_ACTIVITY","level":135,"raw":540,"diff":540,"message":"Quiet Level: 135"}}
{"timestamp":1777182310037,"type":"alerts","deviceId":"ESP32_GREENHOUSE_01","data":{"timestamp":1777182310037,"deviceId":"ESP32_GREENHOUSE_01","event":"LIGHT_ACTIVITY","level":125,"raw":502,"diff":502,"message":"CRYING DETECTED! ⚠️ Level: 125"}}
{"timestamp":1777182312053,"type":"alerts","deviceId":"ESP32_GREENHOUSE_01","data":{"timestamp":1777182312053,"deviceId":"ESP32_GREENHOUSE_01","event":"RESTLESS","level":464,"raw":1858,"diff":1858,"message":"CRYING DETECTED! ⚠️ Level: 464"}}
{"timestamp":1777182318102,"type":"alerts","deviceId":"ESP32_GREENHOUSE_01","data":{"timestamp":1777182318102,"deviceId":"ESP32_GREENHOUSE_01","event":"RESTLESS","level":96,"raw":387,"diff":387,"message":"Quiet Level: 96"}}
{"timestamp":1777182320118,"type":"alerts","deviceId":"ESP32_GREENHOUSE_01","data":{"timestamp":1777182320118,"deviceId":"ESP32_GREENHOUSE_01","event":"LIGHT_ACTIVITY","level":99,"raw":399,"diff":399,"message":"Quiet Level: 99"}}
{"timestamp":1777182324154,"type":"alerts","deviceId":"ESP32_GREENHOUSE_01","data":{"timestamp":1777182324154,"deviceId":"ESP32_GREENHOUSE_01","event":"RESTLESS","level":579,"raw":2318,"diff":2318,"message":"CRYING DETECTED! ⚠️ Level: 579"}}
{"timestamp":1777182328182,"type":"alerts","deviceId":"ESP32_GREENHOUSE_01","data":{"timestamp":1777182328182,"deviceId":"ESP32_GREENHOUSE_01","event":"LIGHT_ACTIVITY","level":95,"raw":380,"diff":380,"message":"Quiet Level: 95"}}
{"timestamp":1777182330199,"type":"alerts","deviceId":"ESP32_GREENHOUSE_01","data":{"timestamp":1777182330199,"deviceId":"ESP32_GREENHOUSE_01","event":"RESTLESS","level":184,"raw":739,"diff":739,"message":"CRYING DETECTED! ⚠️ Level: 184"}}
{"timestamp":1777182336246,"type":"alerts","deviceId":"ESP32_GREENHOUSE_01","data":{"timestamp":1777182336246,"deviceId":"ESP32_GREENHOUSE_01","event":"LIGHT_ACTIVITY","level":89,"raw":356,"diff":356,"message":"Quiet Level: 89"}}
{"timestamp":1777182342295,"type":"alerts","deviceId":"ESP32_GREENHOUSE_01","data":{"timestamp":1777182342295,"deviceId":"ESP32_GREENHOUSE_01","event":"RESTLESS","level":112,"raw":451,"diff":451,"message":"Quiet Level: 112"}}
{"timestamp":1777182352632,"type":"alerts","deviceId":"ESP32_GREENHOUSE_01","data":{"timestamp":1777182352632,"deviceId":"ESP32_GREENHOUSE_01","event":"RESTLESS","level":346,"raw":1385,"diff":1385,"message":"CRYING DETECTED! ⚠️ Level: 346"}}
{"timestamp":1777182356664,"type":"alerts","deviceId":"ESP32_GREENHOUSE_01","data":{"timestamp":1777182356664,"deviceId":"ESP32_GREENHOUSE_01","event":"LIGHT_ACTIVITY","level":228,"raw":912,"diff":912,"message":"CRYING DETECTED! ⚠️ Level: 228"}}
{"timestamp":1777182362710,"type":"alerts","deviceId":"ESP32_GREENHOUSE_01","data":{"timestamp":1777182362710,"deviceId":"ESP32_GREENHOUSE_01","event":"LIGHT_ACTIVITY","level":106,"raw":426,"diff":426,"message":"Quiet Level: 106"}}
{"timestamp":1777182368760,"type":"alerts","deviceId":"ESP32_GREENHOUSE_01","data":{"timestamp":1777182368760,"deviceId":"ESP32_GREENHOUSE_01","event":"LIGHT_ACTIVITY","level":220,"raw":880,"diff":880,"message":"Restless Level: 220"}}
{"timestamp":1777182374806,"type":"alerts","deviceId":"ESP32_GREENHOUSE_01","data":{"timestamp":1777182374806,"deviceId":"ESP32_GREENHOUSE_01","event":"LIGHT_ACTIVITY","level":119,"raw":477,"diff":477,"message":"Quiet Level: 119"}}
{"timestamp":1777182378841,"type":"alerts","deviceId":"ESP32_GREENHOUSE_01","data":{"timestamp":1777182378841,"deviceId":"ESP32_GREENHOUSE_01","event":"RESTLESS","level":170,"raw":682,"diff":682,"message":"Light Activity Level: 170"}}
{"timestamp":1777182382873,"type":"alerts","deviceId":"ESP32_GREENHOUSE_01","data":{"timestamp":1777182382873,"deviceId":"ESP32_GREENHOUSE_01","event":"LIGHT_ACTIVITY","level":87,"raw":350,"diff":350,"message":"Quiet Level: 87"}}
{"timestamp":1777182384888,"type":"alerts","deviceId":"ESP32_GREENHOUSE_01","data":{"timestamp":1777182384888,"deviceId":"ESP32_GREENHOUSE_01","event":"RESTLESS","level":151,"raw":605,"diff":605,"message":"CRYING DETECTED! ⚠️ Level: 151"}}
{"timestamp":1777182388918,"type":"alerts","deviceId":"ESP32_GREENHOUSE_01","data":{"timestamp":1777182388918,"deviceId":"ESP32_GREENHOUSE_01","event":"LIGHT_ACTIVITY","level":103,"raw":413,"diff":413,"message":"Quiet Level: 103"}}
{"timestamp":1777182394971,"type":"alerts","deviceId":"ESP32_GREENHOUSE_01","data":{"timestamp":1777182394971,"deviceId":"ESP32_GREENHOUSE_01","event":"LIGHT_ACTIVITY","level":95,"raw":381,"diff":381,"message":"Quiet Level: 95"}}
{"timestamp":1777182401016,"type":"alerts","deviceId":"ESP32_GREENHOUSE_01","data":{"timestamp":1777182401016,"deviceId":"ESP32_GREENHOUSE_01","event":"LIGHT_ACTIVITY","level":81,"raw":325,"diff":325,"message":"Quiet Level: 81"}}
{"timestamp":1777182403030,"type":"alerts","deviceId":"ESP32_GREENHOUSE_01","data":{"timestamp":1777182403030,"deviceId":"ESP32_GREENHOUSE_01","event":"RESTLESS","level":470,"raw":1880,"diff":1880,"message":"CRYING DETECTED! ⚠️ Level: 470"}}
{"timestamp":1777182409077,"type":"alerts","deviceId":"ESP32_GREENHOUSE_01","data":{"timestamp":1777182409077,"deviceId":"ESP32_GREENHOUSE_01","event":"LIGHT_ACTIVITY","level":110,"raw":442,"diff":442,"message":"Quiet Level: 110"}}
{"timestamp":1777182411093,"type":"alerts","deviceId":"ESP32_GREENHOUSE_01","data":{"timestamp":1777182411093,"deviceId":"ESP32_GREENHOUSE_01","event":"RESTLESS","level":238,"raw":954,"diff":954,"message":"CRYING DETECTED! ⚠️ Level: 238"}}
{"timestamp":1777182415125,"type":"alerts","deviceId":"ESP32_GREENHOUSE_01","data":{"timestamp":1777182415125,"deviceId":"ESP32_GREENHOUSE_01","event":"LIGHT_ACTIVITY","level":78,"raw":314,"diff":314,"message":"Quiet Level: 78"}}
{"timestamp":1777182419158,"type":"alerts","deviceId":"ESP32_GREENHOUSE_01","data":{"timestamp":1777182419158,"deviceId":"ESP32_GREENHOUSE_01","event":"RESTLESS","level":243,"raw":973,"diff":973,"message":"CRYING DETECTED! ⚠️ Level: 243"}}
{"timestamp":1777182421174,"type":"alerts","deviceId":"ESP32_GREENHOUSE_01","data":{"timestamp":1777182421174,"deviceId":"ESP32_GREENHOUSE_01","event":"LIGHT_ACTIVITY","level":151,"raw":604,"diff":604,"message":"Light Activity Level: 151"}}
{"timestamp":1777182427221,"type":"alerts","deviceId":"ESP32_GREENHOUSE_01","data":{"timestamp":1777182427221,"deviceId":"ESP32_GREENHOUSE_01","event":"LIGHT_ACTIVITY","level":90,"raw":363,"diff":363,"message":"Quiet Level: 90"}}
{"timestamp":1777182433269,"type":"alerts","deviceId":"ESP32_GREENHOUSE_01","data":{"timestamp":1777182433269,"deviceId":"ESP32_GREENHOUSE_01","event":"LIGHT_ACTIVITY","level":116,"raw":464,"diff":464,"message":"Quiet Level: 116"}}
{"timestamp":1777182439318,"type":"alerts","deviceId":"ESP32_GREENHOUSE_01","data":{"timestamp":1777182439318,"deviceId":"ESP32_GREENHOUSE_01","event":"LIGHT_ACTIVITY","level":89,"raw":358,"diff":358,"message":"Quiet Level: 89"}}
{"timestamp":1777182445371,"type":"alerts","deviceId":"ESP32_GREENHOUSE_01","data":{"timestamp":1777182445371,"deviceId":"ESP32_GREENHOUSE_01","event":"LIGHT_ACTIVITY","level":84,"raw":336,"diff":336,"message":"Quiet Level: 84"}}
{"timestamp":1777182451417,"type":"alerts","deviceId":"ESP32_GREENHOUSE_01","data":{"timestamp":1777182451417,"deviceId":"ESP32_GREENHOUSE_01","event":"LIGHT_ACTIVITY","level":147,"raw":590,"diff":590,"message":"Light Activity Level: 147"}}
{"timestamp":1777182457462,"type":"alerts","deviceId":"ESP32_GREENHOUSE_01","data":{"timestamp":1777182457462,"deviceId":"ESP32_GREENHOUSE_01","event":"LIGHT_ACTIVITY","level":138,"raw":555,"diff":555,"message":"Light Activity Level: 138"}}
{"timestamp":1777182463511,"type":"alerts","deviceId":"ESP32_GREENHOUSE_01","data":{"timestamp":1777182463511,"deviceId":"ESP32_GREENHOUSE_01","event":"LIGHT_ACTIVITY","level":74,"raw":298,"diff":298,"message":"Quiet Level: 74"}}
{"timestamp":1777182469559,"type":"alerts","deviceId":"ESP32_GREENHOUSE_01","data":{"timestamp":1777182469559,"deviceId":"ESP32_GREENHOUSE_01","event":"LIGHT_ACTIVITY","level":99,"raw":399,"diff":399,"message":"Quiet Level: 99"}}
{"timestamp":1777182475607,"type":"alerts","deviceId":"ESP32_GREENHOUSE_01","data":{"timestamp":1777182475607,"deviceId":"ESP32_GREENHOUSE_01","event":"LIGHT_ACTIVITY","level":219,"raw":878,"diff":878,"message":"CRYING DETECTED! ⚠️ Level: 219"}}
{"timestamp":1777182481656,"type":"alerts","deviceId":"ESP32_GREENHOUSE_01","data":{"timestamp":1777182481656,"deviceId":"ESP32_GREENHOUSE_01","event":"LIGHT_ACTIVITY","level":97,"raw":390,"diff":390,"message":"Quiet Level: 97"}}
{"timestamp":1777182487704,"type":"alerts","deviceId":"ESP32_GREENHOUSE_01","data":{"timestamp":1777182487704,"deviceId":"ESP32_GREENHOUSE_01","event":"LIGHT_ACTIVITY","level":112,"raw":451,"diff":451,"message":"Quiet Level: 112"}}
{"timestamp":1777182493751,"type":"alerts","deviceId":"ESP32_GREENHOUSE_01","data":{"timestamp":1777182493750,"deviceId":"ESP32_GREENHOUSE_01","event":"LIGHT_ACTIVITY","level":160,"raw":642,"diff":642,"message":"Light Activity Level: 160"}}
{"timestamp":1777182499799,"type":"alerts","deviceId":"ESP32_GREENHOUSE_01","data":{"timestamp":1777182499799,"deviceId":"ESP32_GREENHOUSE_01","event":"LIGHT_ACTIVITY","level":127,"raw":508,"diff":508,"message":"Quiet Level: 127"}}
{"timestamp":1777182505848,"type":"alerts","deviceId":"ESP32_GREENHOUSE_01","data":{"timestamp":1777182505848,"deviceId":"ESP32_GREENHOUSE_01","event":"LIGHT_ACTIVITY","level":126,"raw":505,"diff":505,"message":"Quiet Level: 126"}}
{"timestamp":1777182511906,"type":"alerts","deviceId":"ESP32_GREENHOUSE_01","data":{"timestamp":1777182511906,"deviceId":"ESP32_GREENHOUSE_01","event":"LIGHT_ACTIVITY","level":163,"raw":655,"diff":655,"message":"Light Activity Level: 163"}}
{"timestamp":1777182517953,"type":"alerts","deviceId":"ESP32_GREENHOUSE_01","data":{"timestamp":1777182517952,"deviceId":"ESP32_GREENHOUSE_01","event":"LIGHT_ACTIVITY","level":152,"raw":609,"diff":609,"message":"Light Activity Level: 152"}}
{"timestamp":1777182523992,"type":"alerts","deviceId":"ESP32_GREENHOUSE_01","data":{"timestamp":1777182523991,"deviceId":"ESP32_GREENHOUSE_01","event":"LIGHT_ACTIVITY","level":117,"raw":468,"diff":468,"message":"Quiet Level: 117"}}
{"timestamp":1777182530039,"type":"alerts","deviceId":"ESP32_GREENHOUSE_01","data":{"timestamp":1777182530039,"deviceId":"ESP32_GREENHOUSE_01","event":"LIGHT_ACTIVITY","level":121,"raw":485,"diff":485,"message":"Quiet Level: 121"}}
{"timestamp":1777182536094,"type":"alerts","deviceId":"ESP32_GREENHOUSE_01","data":{"timestamp":1777182536093,"deviceId":"ESP32_GREENHOUSE_01","event":"LIGHT_ACTIVITY","level":119,"raw":476,"diff":476,"message":"Quiet Level: 119"}}
{"timestamp":1777182542149,"type":"alerts","deviceId":"ESP32_GREENHOUSE_01","data":{"timestamp":1777182542149,"deviceId":"ESP32_GREENHOUSE_01","event":"LIGHT_ACTIVITY","level":111,"raw":445,"diff":445,"message":"Quiet Level: 111"}}
{"timestamp":1777182548183,"type":"alerts","deviceId":"ESP32_GREENHOUSE_01","data":{"timestamp":1777182548183,"deviceId":"ESP32_GREENHOUSE_01","event":"LIGHT_ACTIVITY","level":73,"raw":294,"diff":294,"message":"Quiet Level: 73"}}
{"timestamp":1777182554239,"type":"alerts","deviceId":"ESP32_GREENHOUSE_01","data":{"timestamp":1777182554239,"deviceId":"ESP32_GREENHOUSE_01","event":"LIGHT_ACTIVITY","level":109,"raw":437,"diff":437,"message":"Quiet Level: 109"}}
{"timestamp":1777182560290,"type":"alerts","deviceId":"ESP32_GREENHOUSE_01","data":{"timestamp":1777182560290,"deviceId":"ESP32_GREENHOUSE_01","event":"LIGHT_ACTIVITY","level":158,"raw":633,"diff":633,"message":"Light Activity Level: 158"}}
{"timestamp":1777182566328,"type":"alerts","deviceId":"ESP32_GREENHOUSE_01","data":{"timestamp":1777182566328,"deviceId":"ESP32_GREENHOUSE_01","event":"LIGHT_ACTIVITY","level":119,"raw":479,"diff":479,"message":"Quiet Level: 119"}}
{"timestamp":1777182572386,"type":"alerts","deviceId":"ESP32_GREENHOUSE_01","data":{"timestamp":1777182572386,"deviceId":"ESP32_GREENHOUSE_01","event":"LIGHT_ACTIVITY","level":76,"raw":306,"diff":306,"message":"Quiet Level: 76"}}
{"timestamp":1777182578425,"type":"alerts","deviceId":"ESP32_GREENHOUSE_01","data":{"timestamp":1777182578424,"deviceId":"ESP32_GREENHOUSE_01","event":"LIGHT_ACTIVITY","level":94,"raw":376,"diff":376,"message":"Quiet Level: 94"}}
{"timestamp":1777182584471,"type":"alerts","deviceId":"ESP32_GREENHOUSE_01","data":{"timestamp":1777182584471,"deviceId":"ESP32_GREENHOUSE_01","event":"LIGHT_ACTIVITY","level":102,"raw":410,"diff":410,"message":"Quiet Level: 102"}}
{"timestamp":1777182590519,"type":"alerts","deviceId":"ESP32_GREENHOUSE_01","data":{"timestamp":1777182590519,"deviceId":"ESP32_GREENHOUSE_01","event":"LIGHT_ACTIVITY","level":111,"raw":445,"diff":445,"message":"Quiet Level: 111"}}
{"timestamp":1777182596567,"type":"alerts","deviceId":"ESP32_GREENHOUSE_01","data":{"timestamp":1777182596567,"deviceId":"ESP32_GREENHOUSE_01","event":"LIGHT_ACTIVITY","level":90,"raw":361,"diff":361,"message":"Quiet Level: 90"}}
{"timestamp":1777182602615,"type":"alerts","deviceId":"ESP32_GREENHOUSE_01","data":{"timestamp":1777182602615,"deviceId":"ESP32_GREENHOUSE_01","event":"LIGHT_ACTIVITY","level":91,"raw":367,"diff":367,"message":"Quiet Level: 91"}}
{"timestamp":1777182608664,"type":"alerts","deviceId":"ESP32_GREENHOUSE_01","data":{"timestamp":1777182608664,"deviceId":"ESP32_GREENHOUSE_01","event":"LIGHT_ACTIVITY","level":254,"raw":1019,"diff":1019,"message":"CRYING DETECTED! ⚠️ Level: 254"}}
{"timestamp":1777182614712,"type":"alerts","deviceId":"ESP32_GREENHOUSE_01","data":{"timestamp":1777182614712,"deviceId":"ESP32_GREENHOUSE_01","event":"LIGHT_ACTIVITY","level":166,"raw":664,"diff":664,"message":"Light Activity Level: 166"}}
{"timestamp":1777182620760,"type":"alerts","deviceId":"ESP32_GREENHOUSE_01","data":{"timestamp":1777182620760,"deviceId":"ESP32_GREENHOUSE_01","event":"LIGHT_ACTIVITY","level":93,"raw":374,"diff":374,"message":"Quiet Level: 93"}}
{"timestamp":1777182626809,"type":"alerts","deviceId":"ESP32_GREENHOUSE_01","data":{"timestamp":1777182626809,"deviceId":"ESP32_GREENHOUSE_01","event":"LIGHT_ACTIVITY","level":132,"raw":529,"diff":529,"message":"Quiet Level: 132"}}
{"timestamp":1777182632868,"type":"alerts","deviceId":"ESP32_GREENHOUSE_01","data":{"timestamp":1777182632868,"deviceId":"ESP32_GREENHOUSE_01","event":"LIGHT_ACTIVITY","level":145,"raw":581,"diff":581,"message":"Light Activity Level: 145"}}
{"timestamp":1777182638918,"type":"alerts","deviceId":"ESP32_GREENHOUSE_01","data":{"timestamp":1777182638918,"deviceId":"ESP32_GREENHOUSE_01","event":"RESTLESS","level":382,"raw":1528,"diff":1528,"message":"CRYING DETECTED! ⚠️ Level: 382"}}
{"timestamp":1777182644964,"type":"alerts","deviceId":"ESP32_GREENHOUSE_01","data":{"timestamp":1777182644963,"deviceId":"ESP32_GREENHOUSE_01","event":"RESTLESS","level":126,"raw":504,"diff":504,"message":"Quiet Level: 126"}}
{"timestamp":1777182651009,"type":"alerts","deviceId":"ESP32_GREENHOUSE_01","data":{"timestamp":1777182651009,"deviceId":"ESP32_GREENHOUSE_01","event":"RESTLESS","level":97,"raw":389,"diff":389,"message":"Quiet Level: 97"}}
{"timestamp":1777182657056,"type":"alerts","deviceId":"ESP32_GREENHOUSE_01","data":{"timestamp":1777182657056,"deviceId":"ESP32_GREENHOUSE_01","event":"RESTLESS","level":198,"raw":793,"diff":793,"message":"Restless Level: 198"}}
{"timestamp":1777182663106,"type":"alerts","deviceId":"ESP32_GREENHOUSE_01","data":{"timestamp":1777182663106,"deviceId":"ESP32_GREENHOUSE_01","event":"RESTLESS","level":156,"raw":624,"diff":624,"message":"Light Activity Level: 156"}}
{"timestamp":1777182669144,"type":"alerts","deviceId":"ESP32_GREENHOUSE_01","data":{"timestamp":1777182669144,"deviceId":"ESP32_GREENHOUSE_01","event":"RESTLESS","level":101,"raw":404,"diff":404,"message":"Quiet Level: 101"}}
{"timestamp":1777182675193,"type":"alerts","deviceId":"ESP32_GREENHOUSE_01","data":{"timestamp":1777182675193,"deviceId":"ESP32_GREENHOUSE_01","event":"RESTLESS","level":200,"raw":803,"diff":803,"message":"Restless Level: 200"}}
{"timestamp":1777182681240,"type":"alerts","deviceId":"ESP32_GREENHOUSE_01","data":{"timestamp":1777182681240,"deviceId":"ESP32_GREENHOUSE_01","event":"RESTLESS","level":312,"raw":1251,"diff":1251,"message":"CRYING DETECTED! ⚠️ Level: 312"}}
{"timestamp":1777182687288,"type":"alerts","deviceId":"ESP32_GREENHOUSE_01","data":{"timestamp":1777182687288,"deviceId":"ESP32_GREENHOUSE_01","event":"RESTLESS","level":272,"raw":1088,"diff":1088,"message":"CRYING DETECTED! ⚠️ Level: 272"}}
{"timestamp":1777182693337,"type":"alerts","deviceId":"ESP32_GREENHOUSE_01","data":{"timestamp":1777182693337,"deviceId":"ESP32_GREENHOUSE_01","event":"RESTLESS","level":138,"raw":555,"diff":555,"message":"CRYING DETECTED! ⚠️ Level: 138"}}
{"timestamp":1777182699384,"type":"alerts","deviceId":"ESP32_GREENHOUSE_01","data":{"timestamp":1777182699384,"deviceId":"ESP32_GREENHOUSE_01","event":"RESTLESS","level":117,"raw":471,"diff":471,"message":"Quiet Level: 117"}}
{"timestamp":1777182705434,"type":"alerts","deviceId":"ESP32_GREENHOUSE_01","data":{"timestamp":1777182705433,"deviceId":"ESP32_GREENHOUSE_01","event":"RESTLESS","level":264,"raw":1058,"diff":1058,"message":"Restless Level: 264"}}
{"timestamp":1777182711481,"type":"alerts","deviceId":"ESP32_GREENHOUSE_01","data":{"timestamp":1777182711480,"deviceId":"ESP32_GREENHOUSE_01","event":"RESTLESS","level":110,"raw":443,"diff":443,"message":"Quiet Level: 110"}}
{"timestamp":1777182717531,"type":"alerts","deviceId":"ESP32_GREENHOUSE_01","data":{"timestamp":1777182717531,"deviceId":"ESP32_GREENHOUSE_01","event":"LIGHT_ACTIVITY","level":114,"raw":456,"diff":456,"message":"CRYING DETECTED! ⚠️ Level: 114"}}
{"timestamp":1777182719557,"type":"alerts","deviceId":"ESP32_GREENHOUSE_01","data":{"timestamp":1777182719557,"deviceId":"ESP32_GREENHOUSE_01","event":"RESTLESS","level":185,"raw":741,"diff":741,"message":"Restless Level: 185"}}
{"timestamp":1777182725593,"type":"alerts","deviceId":"ESP32_GREENHOUSE_01","data":{"timestamp":1777182725592,"deviceId":"ESP32_GREENHOUSE_01","event":"RESTLESS","level":130,"raw":522,"diff":522,"message":"Quiet Level: 130"}}
{"timestamp":1777182731641,"type":"alerts","deviceId":"ESP32_GREENHOUSE_01","data":{"timestamp":1777182731641,"deviceId":"ESP32_GREENHOUSE_01","event":"RESTLESS","level":102,"raw":411,"diff":411,"message":"Quiet Level: 102"}}
{"timestamp":1777182737659,"type":"alerts","deviceId":"ESP32_GREENHOUSE_01","data":{"timestamp":1777182737659,"deviceId":"ESP32_GREENHOUSE_01","event":"RESTLESS","level":175,"raw":702,"diff":702,"message":"Light Activity Level: 175"}}
{"timestamp":1777182743711,"type":"alerts","deviceId":"ESP32_GREENHOUSE_01","data":{"timestamp":1777182743711,"deviceId":"ESP32_GREENHOUSE_01","event":"RESTLESS","level":152,"raw":611,"diff":611,"message":"CRYING DETECTED! ⚠️ Level: 152"}}
{"timestamp":1777182749787,"type":"alerts","deviceId":"ESP32_GREENHOUSE_01","data":{"timestamp":1777182749787,"deviceId":"ESP32_GREENHOUSE_01","event":"RESTLESS","level":133,"raw":535,"diff":535,"message":"Quiet Level: 133"}}
{"timestamp":1777182755833,"type":"alerts","deviceId":"ESP32_GREENHOUSE_01","data":{"timestamp":1777182755833,"deviceId":"ESP32_GREENHOUSE_01","event":"RESTLESS","level":117,"raw":468,"diff":468,"message":"Quiet Level: 117"}}
{"timestamp":1777182761881,"type":"alerts","deviceId":"ESP32_GREENHOUSE_01","data":{"timestamp":1777182761881,"deviceId":"ESP32_GREENHOUSE_01","event":"RESTLESS","level":198,"raw":793,"diff":793,"message":"CRYING DETECTED! ⚠️ Level: 198"}}
{"timestamp":1777182767933,"type":"alerts","deviceId":"ESP32_GREENHOUSE_01","data":{"timestamp":1777182767932,"deviceId":"ESP32_GREENHOUSE_01","event":"CRYING","level":1023,"raw":5485,"diff":5485,"message":"CRYING DETECTED! ⚠️ Level: 1023"}}
{"timestamp":1777182774013,"type":"alerts","deviceId":"ESP32_GREENHOUSE_01","data":{"timestamp":1777182774013,"deviceId":"ESP32_GREENHOUSE_01","event":"RESTLESS","level":85,"raw":343,"diff":343,"message":"Quiet Level: 85"}}
{"timestamp":1777182780066,"type":"alerts","deviceId":"ESP32_GREENHOUSE_01","data":{"timestamp":1777182780066,"deviceId":"ESP32_GREENHOUSE_01","event":"RESTLESS","level":118,"raw":473,"diff":473,"message":"Quiet Level: 118"}}
{"timestamp":1777182786106,"type":"alerts","deviceId":"ESP32_GREENHOUSE_01","data":{"timestamp":1777182786106,"deviceId":"ESP32_GREENHOUSE_01","event":"RESTLESS","level":97,"raw":390,"diff":390,"message":"Quiet Level: 97"}}
{"timestamp":1777182792180,"type":"alerts","deviceId":"ESP32_GREENHOUSE_01","data":{"timestamp":1777182792180,"deviceId":"ESP32_GREENHOUSE_01","event":"RESTLESS","level":158,"raw":632,"diff":632,"message":"Light Activity Level: 158"}}
{"timestamp":1777182798202,"type":"alerts","deviceId":"ESP32_GREENHOUSE_01","data":{"timestamp":1777182798202,"deviceId":"ESP32_GREENHOUSE_01","event":"RESTLESS","level":119,"raw":477,"diff":477,"message":"Quiet Level: 119"}}
{"timestamp":1777182804256,"type":"alerts","deviceId":"ESP32_GREENHOUSE_01","data":{"timestamp":1777182804256,"deviceId":"ESP32_GREENHOUSE_01","event":"RESTLESS","level":81,"raw":324,"diff":324,"message":"Quiet Level: 81"}}
{"timestamp":1777182806298,"type":"alerts","deviceId":"ESP32_GREENHOUSE_01","data":{"timestamp":1777182806298,"deviceId":"ESP32_GREENHOUSE_01","event":"LIGHT_ACTIVITY","level":109,"raw":437,"diff":437,"message":"CRYING DETECTED! ⚠️ Level: 109"}}
{"timestamp":1777182812346,"type":"alerts","deviceId":"ESP32_GREENHOUSE_01","data":{"timestamp":1777182812346,"deviceId":"ESP32_GREENHOUSE_01","event":"LIGHT_ACTIVITY","level":116,"raw":464,"diff":464,"message":"Quiet Level: 116"}}
{"timestamp":1777182814361,"type":"alerts","deviceId":"ESP32_GREENHOUSE_01","data":{"timestamp":1777182814361,"deviceId":"ESP32_GREENHOUSE_01","event":"RESTLESS","level":110,"raw":440,"diff":440,"message":"Quiet Level: 110"}}
{"timestamp":1777182820409,"type":"alerts","deviceId":"ESP32_GREENHOUSE_01","data":{"timestamp":1777182820409,"deviceId":"ESP32_GREENHOUSE_01","event":"RESTLESS","level":89,"raw":356,"diff":356,"message":"Quiet Level: 89"}}
{"timestamp":1777182824441,"type":"alerts","deviceId":"ESP32_GREENHOUSE_01","data":{"timestamp":1777182824441,"deviceId":"ESP32_GREENHOUSE_01","event":"LIGHT_ACTIVITY","level":99,"raw":399,"diff":399,"message":"Quiet Level: 99"}}
{"timestamp":1777182830492,"type":"alerts","deviceId":"ESP32_GREENHOUSE_01","data":{"timestamp":1777182830492,"deviceId":"ESP32_GREENHOUSE_01","event":"LIGHT_ACTIVITY","level":98,"raw":393,"diff":393,"message":"Quiet Level: 98"}}
{"timestamp":1777182840602,"type":"alerts","deviceId":"ESP32_GREENHOUSE_01","data":{"timestamp":1777182840602,"deviceId":"ESP32_GREENHOUSE_01","event":"LIGHT_ACTIVITY","level":158,"raw":635,"diff":635,"message":"Light Activity Level: 158"}}
{"timestamp":1777182846649,"type":"alerts","deviceId":"ESP32_GREENHOUSE_01","data":{"timestamp":1777182846649,"deviceId":"ESP32_GREENHOUSE_01","event":"LIGHT_ACTIVITY","level":114,"raw":457,"diff":457,"message":"Quiet Level: 114"}}
{"timestamp":1777182852697,"type":"alerts","deviceId":"ESP32_GREENHOUSE_01","data":{"timestamp":1777182852697,"deviceId":"ESP32_GREENHOUSE_01","event":"LIGHT_ACTIVITY","level":234,"raw":939,"diff":939,"message":"CRYING DETECTED! ⚠️ Level: 234"}}
{"timestamp":1777182858746,"type":"alerts","deviceId":"ESP32_GREENHOUSE_01","data":{"timestamp":1777182858746,"deviceId":"ESP32_GREENHOUSE_01","event":"LIGHT_ACTIVITY","level":149,"raw":598,"diff":598,"message":"CRYING DETECTED! ⚠️ Level: 149"}}
{"timestamp":1777182864801,"type":"alerts","deviceId":"ESP32_GREENHOUSE_01","data":{"timestamp":1777182864801,"deviceId":"ESP32_GREENHOUSE_01","event":"LIGHT_ACTIVITY","level":89,"raw":358,"diff":358,"message":"Quiet Level: 89"}}
{"timestamp":1777182870874,"type":"alerts","deviceId":"ESP32_GREENHOUSE_01","data":{"timestamp":1777182870874,"deviceId":"ESP32_GREENHOUSE_01","event":"LIGHT_ACTIVITY","level":68,"raw":274,"diff":274,"message":"Quiet Level: 68"}}
{"timestamp":1777182876922,"type":"alerts","deviceId":"ESP32_GREENHOUSE_01","data":{"timestamp":1777182876922,"deviceId":"ESP32_GREENHOUSE_01","event":"LIGHT_ACTIVITY","level":95,"raw":383,"diff":383,"message":"Quiet Level: 95"}}
{"timestamp":1777182882973,"type":"alerts","deviceId":"ESP32_GREENHOUSE_01","data":{"timestamp":1777182882969,"deviceId":"ESP32_GREENHOUSE_01","event":"LIGHT_ACTIVITY","level":151,"raw":605,"diff":605,"message":"Light Activity Level: 151"}}
{"timestamp":1777182889017,"type":"alerts","deviceId":"ESP32_GREENHOUSE_01","data":{"timestamp":1777182889017,"deviceId":"ESP32_GREENHOUSE_01","event":"LIGHT_ACTIVITY","level":85,"raw":342,"diff":342,"message":"Quiet Level: 85"}}
{"timestamp":1777182895070,"type":"alerts","deviceId":"ESP32_GREENHOUSE_01","data":{"timestamp":1777182895070,"deviceId":"ESP32_GREENHOUSE_01","event":"LIGHT_ACTIVITY","level":101,"raw":406,"diff":406,"message":"Quiet Level: 101"}}
{"timestamp":1777182901124,"type":"alerts","deviceId":"ESP32_GREENHOUSE_01","data":{"timestamp":1777182901124,"deviceId":"ESP32_GREENHOUSE_01","event":"LIGHT_ACTIVITY","level":91,"raw":365,"diff":365,"message":"Quiet Level: 91"}}
{"timestamp":1777182907196,"type":"alerts","deviceId":"ESP32_GREENHOUSE_01","data":{"timestamp":1777182907195,"deviceId":"ESP32_GREENHOUSE_01","event":"LIGHT_ACTIVITY","level":108,"raw":434,"diff":434,"message":"Quiet Level: 108"}}
{"timestamp":1777182913242,"type":"alerts","deviceId":"ESP32_GREENHOUSE_01","data":{"timestamp":1777182913242,"deviceId":"ESP32_GREENHOUSE_01","event":"LIGHT_ACTIVITY","level":112,"raw":449,"diff":449,"message":"Quiet Level: 112"}}
{"timestamp":1777182919293,"type":"alerts","deviceId":"ESP32_GREENHOUSE_01","data":{"timestamp":1777182919293,"deviceId":"ESP32_GREENHOUSE_01","event":"LIGHT_ACTIVITY","level":344,"raw":1377,"diff":1377,"message":"CRYING DETECTED! ⚠️ Level: 344"}}
{"timestamp":1777182925342,"type":"alerts","deviceId":"ESP32_GREENHOUSE_01","data":{"timestamp":1777182925341,"deviceId":"ESP32_GREENHOUSE_01","event":"LIGHT_ACTIVITY","level":211,"raw":844,"diff":844,"message":"CRYING DETECTED! ⚠️ Level: 211"}}
{"timestamp":1777182931396,"type":"alerts","deviceId":"ESP32_GREENHOUSE_01","data":{"timestamp":1777182931396,"deviceId":"ESP32_GREENHOUSE_01","event":"LIGHT_ACTIVITY","level":86,"raw":345,"diff":345,"message":"Quiet Level: 86"}}
{"timestamp":1777182937466,"type":"alerts","deviceId":"ESP32_GREENHOUSE_01","data":{"timestamp":1777182937466,"deviceId":"ESP32_GREENHOUSE_01","event":"LIGHT_ACTIVITY","level":95,"raw":380,"diff":380,"message":"Quiet Level: 95"}}
{"timestamp":1777182943514,"type":"alerts","deviceId":"ESP32_GREENHOUSE_01","data":{"timestamp":1777182943514,"deviceId":"ESP32_GREENHOUSE_01","event":"LIGHT_ACTIVITY","level":108,"raw":435,"diff":435,"message":"Quiet Level: 108"}}
{"timestamp":1777182949563,"type":"alerts","deviceId":"ESP32_GREENHOUSE_01","data":{"timestamp":1777182949563,"deviceId":"ESP32_GREENHOUSE_01","event":"LIGHT_ACTIVITY","level":106,"raw":426,"diff":426,"message":"Quiet Level: 106"}}
{"timestamp":1777182977820,"type":"alerts","deviceId":"ESP32_GREENHOUSE_01","data":{"timestamp":1777182977820,"deviceId":"ESP32_GREENHOUSE_01","event":"LIGHT_ACTIVITY","level":104,"raw":419,"diff":419,"message":"CRYING DETECTED! ⚠️ Level: 104"}}
{"timestamp":1777182983867,"type":"alerts","deviceId":"ESP32_GREENHOUSE_01","data":{"timestamp":1777182983867,"deviceId":"ESP32_GREENHOUSE_01","event":"LIGHT_ACTIVITY","level":112,"raw":450,"diff":450,"message":"Quiet Level: 112"}}
{"timestamp":1777182989921,"type":"alerts","deviceId":"ESP32_GREENHOUSE_01","data":{"timestamp":1777182989921,"deviceId":"ESP32_GREENHOUSE_01","event":"LIGHT_ACTIVITY","level":160,"raw":642,"diff":642,"message":"Light Activity Level: 160"}}
{"timestamp":1777182995994,"type":"alerts","deviceId":"ESP32_GREENHOUSE_01","data":{"timestamp":1777182995994,"deviceId":"ESP32_GREENHOUSE_01","event":"LIGHT_ACTIVITY","level":99,"raw":397,"diff":397,"message":"Quiet Level: 99"}}
{"timestamp":1777183002043,"type":"alerts","deviceId":"ESP32_GREENHOUSE_01","data":{"timestamp":1777183002043,"deviceId":"ESP32_GREENHOUSE_01","event":"LIGHT_ACTIVITY","level":97,"raw":390,"diff":390,"message":"Quiet Level: 97"}}
{"timestamp":1777183008091,"type":"alerts","deviceId":"ESP32_GREENHOUSE_01","data":{"timestamp":1777183008091,"deviceId":"ESP32_GREENHOUSE_01","event":"LIGHT_ACTIVITY","level":511,"raw":2045,"diff":2045,"message":"CRYING DETECTED! ⚠️ Level: 511"}}
{"timestamp":1777183014138,"type":"alerts","deviceId":"ESP32_GREENHOUSE_01","data":{"timestamp":1777183014138,"deviceId":"ESP32_GREENHOUSE_01","event":"LIGHT_ACTIVITY","level":82,"raw":330,"diff":330,"message":"Quiet Level: 82"}}
{"timestamp":1777183020191,"type":"alerts","deviceId":"ESP32_GREENHOUSE_01","data":{"timestamp":1777183020191,"deviceId":"ESP32_GREENHOUSE_01","event":"LIGHT_ACTIVITY","level":113,"raw":452,"diff":452,"message":"Quiet Level: 113"}}
{"timestamp":1777183026246,"type":"alerts","deviceId":"ESP32_GREENHOUSE_01","data":{"timestamp":1777183026246,"deviceId":"ESP32_GREENHOUSE_01","event":"LIGHT_ACTIVITY","level":365,"raw":1461,"diff":1461,"message":"CRYING DETECTED! ⚠️ Level: 365"}}
{"timestamp":1777183032315,"type":"alerts","deviceId":"ESP32_GREENHOUSE_01","data":{"timestamp":1777183032315,"deviceId":"ESP32_GREENHOUSE_01","event":"LIGHT_ACTIVITY","level":90,"raw":361,"diff":361,"message":"Quiet Level: 90"}}
{"timestamp":1777183038363,"type":"alerts","deviceId":"ESP32_GREENHOUSE_01","data":{"timestamp":1777183038363,"deviceId":"ESP32_GREENHOUSE_01","event":"LIGHT_ACTIVITY","level":114,"raw":458,"diff":458,"message":"Quiet Level: 114"}}
{"timestamp":1777183044414,"type":"alerts","deviceId":"ESP32_GREENHOUSE_01","data":{"timestamp":1777183044414,"deviceId":"ESP32_GREENHOUSE_01","event":"LIGHT_ACTIVITY","level":97,"raw":388,"diff":388,"message":"Quiet Level: 97"}}
{"timestamp":1777183050463,"type":"alerts","deviceId":"ESP32_GREENHOUSE_01","data":{"timestamp":1777183050463,"deviceId":"ESP32_GREENHOUSE_01","event":"LIGHT_ACTIVITY","level":82,"raw":330,"diff":330,"message":"Quiet Level: 82"}}
{"timestamp":1777183056517,"type":"alerts","deviceId":"ESP32_GREENHOUSE_01","data":{"timestamp":1777183056517,"deviceId":"ESP32_GREENHOUSE_01","event":"LIGHT_ACTIVITY","level":144,"raw":576,"diff":576,"message":"Light Activity Level: 144"}}
{"timestamp":1777183062587,"type":"alerts","deviceId":"ESP32_GREENHOUSE_01","data":{"timestamp":1777183062587,"deviceId":"ESP32_GREENHOUSE_01","event":"LIGHT_ACTIVITY","level":81,"raw":324,"diff":324,"message":"Quiet Level: 81"}}
{"timestamp":1777183068639,"type":"alerts","deviceId":"ESP32_GREENHOUSE_01","data":{"timestamp":1777183068639,"deviceId":"ESP32_GREENHOUSE_01","event":"LIGHT_ACTIVITY","level":85,"raw":342,"diff":342,"message":"Quiet Level: 85"}}
{"timestamp":1777183074683,"type":"alerts","deviceId":"ESP32_GREENHOUSE_01","data":{"timestamp":1777183074683,"deviceId":"ESP32_GREENHOUSE_01","event":"LIGHT_ACTIVITY","level":87,"raw":351,"diff":351,"message":"Quiet Level: 87"}}
{"timestamp":1777183080734,"type":"alerts","deviceId":"ESP32_GREENHOUSE_01","data":{"timestamp":1777183080733,"deviceId":"ESP32_GREENHOUSE_01","event":"LIGHT_ACTIVITY","level":118,"raw":473,"diff":473,"message":"Quiet Level: 118"}}
{"timestamp":1777183086790,"type":"alerts","deviceId":"ESP32_GREENHOUSE_01","data":{"timestamp":1777183086790,"deviceId":"ESP32_GREENHOUSE_01","event":"LIGHT_ACTIVITY","level":120,"raw":480,"diff":480,"message":"Quiet Level: 120"}}
{"timestamp":1777183092861,"type":"alerts","deviceId":"ESP32_GREENHOUSE_01","data":{"timestamp":1777183092861,"deviceId":"ESP32_GREENHOUSE_01","event":"LIGHT_ACTIVITY","level":101,"raw":407,"diff":407,"message":"Quiet Level: 101"}}
{"timestamp":1777183098908,"type":"alerts","deviceId":"ESP32_GREENHOUSE_01","data":{"timestamp":1777183098907,"deviceId":"ESP32_GREENHOUSE_01","event":"LIGHT_ACTIVITY","level":100,"raw":400,"diff":400,"message":"Quiet Level: 100"}}
{"timestamp":1777183104955,"type":"alerts","deviceId":"ESP32_GREENHOUSE_01","data":{"timestamp":1777183104955,"deviceId":"ESP32_GREENHOUSE_01","event":"LIGHT_ACTIVITY","level":93,"raw":372,"diff":372,"message":"Quiet Level: 93"}}
{"timestamp":1777183111005,"type":"alerts","deviceId":"ESP32_GREENHOUSE_01","data":{"timestamp":1777183111005,"deviceId":"ESP32_GREENHOUSE_01","event":"LIGHT_ACTIVITY","level":95,"raw":383,"diff":383,"message":"Quiet Level: 95"}}
{"timestamp":1777183117060,"type":"alerts","deviceId":"ESP32_GREENHOUSE_01","data":{"timestamp":1777183117060,"deviceId":"ESP32_GREENHOUSE_01","event":"LIGHT_ACTIVITY","level":117,"raw":468,"diff":468,"message":"Quiet Level: 117"}}
{"timestamp":1777183123132,"type":"alerts","deviceId":"ESP32_GREENHOUSE_01","data":{"timestamp":1777183123132,"deviceId":"ESP32_GREENHOUSE_01","event":"LIGHT_ACTIVITY","level":465,"raw":1861,"diff":1861,"message":"CRYING DETECTED! ⚠️ Level: 465"}}
{"timestamp":1777183129180,"type":"alerts","deviceId":"ESP32_GREENHOUSE_01","data":{"timestamp":1777183129180,"deviceId":"ESP32_GREENHOUSE_01","event":"LIGHT_ACTIVITY","level":104,"raw":416,"diff":416,"message":"Quiet Level: 104"}}
{"timestamp":1777183135229,"type":"alerts","deviceId":"ESP32_GREENHOUSE_01","data":{"timestamp":1777183135228,"deviceId":"ESP32_GREENHOUSE_01","event":"LIGHT_ACTIVITY","level":157,"raw":631,"diff":631,"message":"Light Activity Level: 157"}}
{"timestamp":1777183137248,"type":"alerts","deviceId":"ESP32_GREENHOUSE_01","data":{"timestamp":1777183137247,"deviceId":"ESP32_GREENHOUSE_01","event":"RESTLESS","level":114,"raw":458,"diff":458,"message":"Quiet Level: 114"}}
{"timestamp":1777183143296,"type":"alerts","deviceId":"ESP32_GREENHOUSE_01","data":{"timestamp":1777183143295,"deviceId":"ESP32_GREENHOUSE_01","event":"LIGHT_ACTIVITY","level":100,"raw":401,"diff":401,"message":"Quiet Level: 100"}}
{"timestamp":1777183149350,"type":"alerts","deviceId":"ESP32_GREENHOUSE_01","data":{"timestamp":1777183149350,"deviceId":"ESP32_GREENHOUSE_01","event":"LIGHT_ACTIVITY","level":82,"raw":329,"diff":329,"message":"Quiet Level: 82"}}
{"timestamp":1777183155420,"type":"alerts","deviceId":"ESP32_GREENHOUSE_01","data":{"timestamp":1777183155420,"deviceId":"ESP32_GREENHOUSE_01","event":"LIGHT_ACTIVITY","level":97,"raw":388,"diff":388,"message":"Quiet Level: 97"}}
{"timestamp":1777183161468,"type":"alerts","deviceId":"ESP32_GREENHOUSE_01","data":{"timestamp":1777183161468,"deviceId":"ESP32_GREENHOUSE_01","event":"LIGHT_ACTIVITY","level":95,"raw":383,"diff":383,"message":"Quiet Level: 95"}}
{"timestamp":1777183167517,"type":"alerts","deviceId":"ESP32_GREENHOUSE_01","data":{"timestamp":1777183167517,"deviceId":"ESP32_GREENHOUSE_01","event":"LIGHT_ACTIVITY","level":90,"raw":362,"diff":362,"message":"Quiet Level: 90"}}
{"timestamp":1777183173569,"type":"alerts","deviceId":"ESP32_GREENHOUSE_01","data":{"timestamp":1777183173568,"deviceId":"ESP32_GREENHOUSE_01","event":"LIGHT_ACTIVITY","level":92,"raw":369,"diff":369,"message":"Quiet Level: 92"}}
{"timestamp":1777183179645,"type":"alerts","deviceId":"ESP32_GREENHOUSE_01","data":{"timestamp":1777183179645,"deviceId":"ESP32_GREENHOUSE_01","event":"LIGHT_ACTIVITY","level":124,"raw":497,"diff":497,"message":"Quiet Level: 124"}}
{"timestamp":1777183185693,"type":"alerts","deviceId":"ESP32_GREENHOUSE_01","data":{"timestamp":1777183185692,"deviceId":"ESP32_GREENHOUSE_01","event":"LIGHT_ACTIVITY","level":111,"raw":447,"diff":447,"message":"Quiet Level: 111"}}
{"timestamp":1777183191740,"type":"alerts","deviceId":"ESP32_GREENHOUSE_01","data":{"timestamp":1777183191740,"deviceId":"ESP32_GREENHOUSE_01","event":"LIGHT_ACTIVITY","level":97,"raw":391,"diff":391,"message":"Quiet Level: 97"}}
{"timestamp":1777183197791,"type":"alerts","deviceId":"ESP32_GREENHOUSE_01","data":{"timestamp":1777183197790,"deviceId":"ESP32_GREENHOUSE_01","event":"LIGHT_ACTIVITY","level":188,"raw":755,"diff":755,"message":"Restless Level: 188"}}
{"timestamp":1777183203841,"type":"alerts","deviceId":"ESP32_GREENHOUSE_01","data":{"timestamp":1777183203840,"deviceId":"ESP32_GREENHOUSE_01","event":"LIGHT_ACTIVITY","level":107,"raw":428,"diff":428,"message":"Quiet Level: 107"}}
{"timestamp":1777183209916,"type":"alerts","deviceId":"ESP32_GREENHOUSE_01","data":{"timestamp":1777183209916,"deviceId":"ESP32_GREENHOUSE_01","event":"LIGHT_ACTIVITY","level":114,"raw":458,"diff":458,"message":"Quiet Level: 114"}}
{"timestamp":1777183215963,"type":"alerts","deviceId":"ESP32_GREENHOUSE_01","data":{"timestamp":1777183215963,"deviceId":"ESP32_GREENHOUSE_01","event":"LIGHT_ACTIVITY","level":125,"raw":503,"diff":503,"message":"Quiet Level: 125"}}
{"timestamp":1777183222013,"type":"alerts","deviceId":"ESP32_GREENHOUSE_01","data":{"timestamp":1777183222012,"deviceId":"ESP32_GREENHOUSE_01","event":"LIGHT_ACTIVITY","level":153,"raw":613,"diff":613,"message":"Light Activity Level: 153"}}
{"timestamp":1777183228059,"type":"alerts","deviceId":"ESP32_GREENHOUSE_01","data":{"timestamp":1777183228059,"deviceId":"ESP32_GREENHOUSE_01","event":"LIGHT_ACTIVITY","level":86,"raw":347,"diff":347,"message":"Quiet Level: 86"}}
{"timestamp":1777183234113,"type":"alerts","deviceId":"ESP32_GREENHOUSE_01","data":{"timestamp":1777183234113,"deviceId":"ESP32_GREENHOUSE_01","event":"LIGHT_ACTIVITY","level":92,"raw":369,"diff":369,"message":"Quiet Level: 92"}}
{"timestamp":1777183240188,"type":"alerts","deviceId":"ESP32_GREENHOUSE_01","data":{"timestamp":1777183240188,"deviceId":"ESP32_GREENHOUSE_01","event":"LIGHT_ACTIVITY","level":95,"raw":383,"diff":383,"message":"Quiet Level: 95"}}
{"timestamp":1777183246236,"type":"alerts","deviceId":"ESP32_GREENHOUSE_01","data":{"timestamp":1777183246236,"deviceId":"ESP32_GREENHOUSE_01","event":"LIGHT_ACTIVITY","level":138,"raw":555,"diff":555,"message":"Light Activity Level: 138"}}
{"timestamp":1777183252285,"type":"alerts","deviceId":"ESP32_GREENHOUSE_01","data":{"timestamp":1777183252284,"deviceId":"ESP32_GREENHOUSE_01","event":"LIGHT_ACTIVITY","level":83,"raw":333,"diff":333,"message":"Quiet Level: 83"}}
{"timestamp":1777183258332,"type":"alerts","deviceId":"ESP32_GREENHOUSE_01","data":{"timestamp":1777183258332,"deviceId":"ESP32_GREENHOUSE_01","event":"LIGHT_ACTIVITY","level":91,"raw":364,"diff":364,"message":"Quiet Level: 91"}}
{"timestamp":1777183264385,"type":"alerts","deviceId":"ESP32_GREENHOUSE_01","data":{"timestamp":1777183264384,"deviceId":"ESP32_GREENHOUSE_01","event":"LIGHT_ACTIVITY","level":152,"raw":610,"diff":610,"message":"Light Activity Level: 152"}}
{"timestamp":1777183270460,"type":"alerts","deviceId":"ESP32_GREENHOUSE_01","data":{"timestamp":1777183270460,"deviceId":"ESP32_GREENHOUSE_01","event":"LIGHT_ACTIVITY","level":100,"raw":403,"diff":403,"message":"Quiet Level: 100"}}
{"timestamp":1777183276511,"type":"alerts","deviceId":"ESP32_GREENHOUSE_01","data":{"timestamp":1777183276511,"deviceId":"ESP32_GREENHOUSE_01","event":"LIGHT_ACTIVITY","level":87,"raw":350,"diff":350,"message":"Quiet Level: 87"}}
{"timestamp":1777183282557,"type":"alerts","deviceId":"ESP32_GREENHOUSE_01","data":{"timestamp":1777183282557,"deviceId":"ESP32_GREENHOUSE_01","event":"LIGHT_ACTIVITY","level":95,"raw":380,"diff":380,"message":"Quiet Level: 95"}}
{"timestamp":1777183288605,"type":"alerts","deviceId":"ESP32_GREENHOUSE_01","data":{"timestamp":1777183288605,"deviceId":"ESP32_GREENHOUSE_01","event":"LIGHT_ACTIVITY","level":104,"raw":416,"diff":416,"message":"Quiet Level: 104"}}
{"timestamp":1777183294658,"type":"alerts","deviceId":"ESP32_GREENHOUSE_01","data":{"timestamp":1777183294657,"deviceId":"ESP32_GREENHOUSE_01","event":"LIGHT_ACTIVITY","level":100,"raw":401,"diff":401,"message":"Quiet Level: 100"}}
{"timestamp":1777183300733,"type":"alerts","deviceId":"ESP32_GREENHOUSE_01","data":{"timestamp":1777183300733,"deviceId":"ESP32_GREENHOUSE_01","event":"LIGHT_ACTIVITY","level":146,"raw":586,"diff":586,"message":"Light Activity Level: 146"}}
{"timestamp":1777183306781,"type":"alerts","deviceId":"ESP32_GREENHOUSE_01","data":{"timestamp":1777183306781,"deviceId":"ESP32_GREENHOUSE_01","event":"LIGHT_ACTIVITY","level":123,"raw":492,"diff":492,"message":"Quiet Level: 123"}}
{"timestamp":1777183312829,"type":"alerts","deviceId":"ESP32_GREENHOUSE_01","data":{"timestamp":1777183312829,"deviceId":"ESP32_GREENHOUSE_01","event":"LIGHT_ACTIVITY","level":105,"raw":420,"diff":420,"message":"Quiet Level: 105"}}
{"timestamp":1777183318877,"type":"alerts","deviceId":"ESP32_GREENHOUSE_01","data":{"timestamp":1777183318877,"deviceId":"ESP32_GREENHOUSE_01","event":"LIGHT_ACTIVITY","level":89,"raw":357,"diff":357,"message":"Quiet Level: 89"}}
{"timestamp":1777183324930,"type":"alerts","deviceId":"ESP32_GREENHOUSE_01","data":{"timestamp":1777183324930,"deviceId":"ESP32_GREENHOUSE_01","event":"LIGHT_ACTIVITY","level":81,"raw":326,"diff":326,"message":"Quiet Level: 81"}}
{"timestamp":1777183331005,"type":"alerts","deviceId":"ESP32_GREENHOUSE_01","data":{"timestamp":1777183331004,"deviceId":"ESP32_GREENHOUSE_01","event":"LIGHT_ACTIVITY","level":111,"raw":445,"diff":445,"message":"Quiet Level: 111"}}
{"timestamp":1777183337054,"type":"alerts","deviceId":"ESP32_GREENHOUSE_01","data":{"timestamp":1777183337054,"deviceId":"ESP32_GREENHOUSE_01","event":"LIGHT_ACTIVITY","level":86,"raw":345,"diff":345,"message":"Quiet Level: 86"}}
{"timestamp":1777183343102,"type":"alerts","deviceId":"ESP32_GREENHOUSE_01","data":{"timestamp":1777183343101,"deviceId":"ESP32_GREENHOUSE_01","event":"LIGHT_ACTIVITY","level":464,"raw":1859,"diff":1859,"message":"CRYING DETECTED! ⚠️ Level: 464"}}
{"timestamp":1777183349149,"type":"alerts","deviceId":"ESP32_GREENHOUSE_01","data":{"timestamp":1777183349149,"deviceId":"ESP32_GREENHOUSE_01","event":"LIGHT_ACTIVITY","level":95,"raw":382,"diff":382,"message":"Quiet Level: 95"}}
{"timestamp":1777183355203,"type":"alerts","deviceId":"ESP32_GREENHOUSE_01","data":{"timestamp":1777183355203,"deviceId":"ESP32_GREENHOUSE_01","event":"LIGHT_ACTIVITY","level":77,"raw":308,"diff":308,"message":"Quiet Level: 77"}}
{"timestamp":1777183361278,"type":"alerts","deviceId":"ESP32_GREENHOUSE_01","data":{"timestamp":1777183361277,"deviceId":"ESP32_GREENHOUSE_01","event":"LIGHT_ACTIVITY","level":84,"raw":337,"diff":337,"message":"Quiet Level: 84"}}
{"timestamp":1777183367325,"type":"alerts","deviceId":"ESP32_GREENHOUSE_01","data":{"timestamp":1777183367325,"deviceId":"ESP32_GREENHOUSE_01","event":"LIGHT_ACTIVITY","level":87,"raw":351,"diff":351,"message":"Quiet Level: 87"}}
{"timestamp":1777183377406,"type":"alerts","deviceId":"ESP32_GREENHOUSE_01","data":{"timestamp":1777183377405,"deviceId":"ESP32_GREENHOUSE_01","event":"LIGHT_ACTIVITY","level":151,"raw":605,"diff":605,"message":"Light Activity Level: 151"}}
{"timestamp":1777183383461,"type":"alerts","deviceId":"ESP32_GREENHOUSE_01","data":{"timestamp":1777183383460,"deviceId":"ESP32_GREENHOUSE_01","event":"LIGHT_ACTIVITY","level":84,"raw":336,"diff":336,"message":"Quiet Level: 84"}}
{"timestamp":1777183389534,"type":"alerts","deviceId":"ESP32_GREENHOUSE_01","data":{"timestamp":1777183389533,"deviceId":"ESP32_GREENHOUSE_01","event":"LIGHT_ACTIVITY","level":85,"raw":342,"diff":342,"message":"Quiet Level: 85"}}
{"timestamp":1777183395581,"type":"alerts","deviceId":"ESP32_GREENHOUSE_01","data":{"timestamp":1777183395581,"deviceId":"ESP32_GREENHOUSE_01","event":"LIGHT_ACTIVITY","level":141,"raw":567,"diff":567,"message":"Light Activity Level: 141"}}
{"timestamp":1777183401630,"type":"alerts","deviceId":"ESP32_GREENHOUSE_01","data":{"timestamp":1777183401630,"deviceId":"ESP32_GREENHOUSE_01","event":"LIGHT_ACTIVITY","level":98,"raw":392,"diff":392,"message":"Quiet Level: 98"}}
{"timestamp":1777183407678,"type":"alerts","deviceId":"ESP32_GREENHOUSE_01","data":{"timestamp":1777183407678,"deviceId":"ESP32_GREENHOUSE_01","event":"LIGHT_ACTIVITY","level":103,"raw":415,"diff":415,"message":"Quiet Level: 103"}}
{"timestamp":1777183413734,"type":"alerts","deviceId":"ESP32_GREENHOUSE_01","data":{"timestamp":1777183413734,"deviceId":"ESP32_GREENHOUSE_01","event":"LIGHT_ACTIVITY","level":233,"raw":933,"diff":933,"message":"CRYING DETECTED! ⚠️ Level: 233"}}
{"timestamp":1777183419805,"type":"alerts","deviceId":"ESP32_GREENHOUSE_01","data":{"timestamp":1777183419805,"deviceId":"ESP32_GREENHOUSE_01","event":"LIGHT_ACTIVITY","level":94,"raw":377,"diff":377,"message":"Quiet Level: 94"}}
{"timestamp":1777183425854,"type":"alerts","deviceId":"ESP32_GREENHOUSE_01","data":{"timestamp":1777183425854,"deviceId":"ESP32_GREENHOUSE_01","event":"LIGHT_ACTIVITY","level":80,"raw":320,"diff":320,"message":"Quiet Level: 80"}}
{"timestamp":1777183431902,"type":"alerts","deviceId":"ESP32_GREENHOUSE_01","data":{"timestamp":1777183431902,"deviceId":"ESP32_GREENHOUSE_01","event":"LIGHT_ACTIVITY","level":112,"raw":451,"diff":451,"message":"Quiet Level: 112"}}
{"timestamp":1777183437950,"type":"alerts","deviceId":"ESP32_GREENHOUSE_01","data":{"timestamp":1777183437950,"deviceId":"ESP32_GREENHOUSE_01","event":"LIGHT_ACTIVITY","level":91,"raw":364,"diff":364,"message":"Quiet Level: 91"}}
{"timestamp":1777183444004,"type":"alerts","deviceId":"ESP32_GREENHOUSE_01","data":{"timestamp":1777183444004,"deviceId":"ESP32_GREENHOUSE_01","event":"LIGHT_ACTIVITY","level":193,"raw":772,"diff":772,"message":"CRYING DETECTED! ⚠️ Level: 193"}}
{"timestamp":1777183450078,"type":"alerts","deviceId":"ESP32_GREENHOUSE_01","data":{"timestamp":1777183450078,"deviceId":"ESP32_GREENHOUSE_01","event":"RESTLESS","level":254,"raw":1018,"diff":1018,"message":"Restless Level: 254"}}
{"timestamp":1777183452094,"type":"alerts","deviceId":"ESP32_GREENHOUSE_01","data":{"timestamp":1777183452094,"deviceId":"ESP32_GREENHOUSE_01","event":"LIGHT_ACTIVITY","level":101,"raw":406,"diff":406,"message":"Quiet Level: 101"}}
{"timestamp":1777183458143,"type":"alerts","deviceId":"ESP32_GREENHOUSE_01","data":{"timestamp":1777183458143,"deviceId":"ESP32_GREENHOUSE_01","event":"LIGHT_ACTIVITY","level":80,"raw":320,"diff":320,"message":"Quiet Level: 80"}}
{"timestamp":1777183464190,"type":"alerts","deviceId":"ESP32_GREENHOUSE_01","data":{"timestamp":1777183464190,"deviceId":"ESP32_GREENHOUSE_01","event":"LIGHT_ACTIVITY","level":108,"raw":434,"diff":434,"message":"Quiet Level: 108"}}
{"timestamp":1777183470239,"type":"alerts","deviceId":"ESP32_GREENHOUSE_01","data":{"timestamp":1777183470239,"deviceId":"ESP32_GREENHOUSE_01","event":"LIGHT_ACTIVITY","level":107,"raw":430,"diff":430,"message":"Quiet Level: 107"}}
{"timestamp":1777183476300,"type":"alerts","deviceId":"ESP32_GREENHOUSE_01","data":{"timestamp":1777183476299,"deviceId":"ESP32_GREENHOUSE_01","event":"LIGHT_ACTIVITY","level":87,"raw":351,"diff":351,"message":"Quiet Level: 87"}}
{"timestamp":1777183482368,"type":"alerts","deviceId":"ESP32_GREENHOUSE_01","data":{"timestamp":1777183482368,"deviceId":"ESP32_GREENHOUSE_01","event":"LIGHT_ACTIVITY","level":118,"raw":472,"diff":472,"message":"Quiet Level: 118"}}
{"timestamp":1777183488432,"type":"alerts","deviceId":"ESP32_GREENHOUSE_01","data":{"timestamp":1777183488432,"deviceId":"ESP32_GREENHOUSE_01","event":"LIGHT_ACTIVITY","level":92,"raw":370,"diff":370,"message":"Quiet Level: 92"}}
{"timestamp":1777183494473,"type":"alerts","deviceId":"ESP32_GREENHOUSE_01","data":{"timestamp":1777183494473,"deviceId":"ESP32_GREENHOUSE_01","event":"LIGHT_ACTIVITY","level":108,"raw":435,"diff":435,"message":"Quiet Level: 108"}}
{"timestamp":1777183500524,"type":"alerts","deviceId":"ESP32_GREENHOUSE_01","data":{"timestamp":1777183500524,"deviceId":"ESP32_GREENHOUSE_01","event":"LIGHT_ACTIVITY","level":95,"raw":382,"diff":382,"message":"Quiet Level: 95"}}
{"timestamp":1777183506569,"type":"alerts","deviceId":"ESP32_GREENHOUSE_01","data":{"timestamp":1777183506569,"deviceId":"ESP32_GREENHOUSE_01","event":"LIGHT_ACTIVITY","level":99,"raw":397,"diff":397,"message":"Quiet Level: 99"}}
{"timestamp":1777183512639,"type":"alerts","deviceId":"ESP32_GREENHOUSE_01","data":{"timestamp":1777183512639,"deviceId":"ESP32_GREENHOUSE_01","event":"LIGHT_ACTIVITY","level":104,"raw":417,"diff":417,"message":"Quiet Level: 104"}}
{"timestamp":1777183518686,"type":"alerts","deviceId":"ESP32_GREENHOUSE_01","data":{"timestamp":1777183518686,"deviceId":"ESP32_GREENHOUSE_01","event":"LIGHT_ACTIVITY","level":143,"raw":574,"diff":574,"message":"Light Activity Level: 143"}}
{"timestamp":1777183524734,"type":"alerts","deviceId":"ESP32_GREENHOUSE_01","data":{"timestamp":1777183524734,"deviceId":"ESP32_GREENHOUSE_01","event":"LIGHT_ACTIVITY","level":84,"raw":339,"diff":339,"message":"Quiet Level: 84"}}
{"timestamp":1777183530785,"type":"alerts","deviceId":"ESP32_GREENHOUSE_01","data":{"timestamp":1777183530785,"deviceId":"ESP32_GREENHOUSE_01","event":"LIGHT_ACTIVITY","level":367,"raw":1470,"diff":1470,"message":"CRYING DETECTED! ⚠️ Level: 367"}}
{"timestamp":1777183536840,"type":"alerts","deviceId":"ESP32_GREENHOUSE_01","data":{"timestamp":1777183536840,"deviceId":"ESP32_GREENHOUSE_01","event":"LIGHT_ACTIVITY","level":190,"raw":763,"diff":763,"message":"CRYING DETECTED! ⚠️ Level: 190"}}
{"timestamp":1777183542911,"type":"alerts","deviceId":"ESP32_GREENHOUSE_01","data":{"timestamp":1777183542910,"deviceId":"ESP32_GREENHOUSE_01","event":"LIGHT_ACTIVITY","level":349,"raw":1396,"diff":1396,"message":"CRYING DETECTED! ⚠️ Level: 349"}}
{"timestamp":1777183548958,"type":"alerts","deviceId":"ESP32_GREENHOUSE_01","data":{"timestamp":1777183548958,"deviceId":"ESP32_GREENHOUSE_01","event":"LIGHT_ACTIVITY","level":100,"raw":401,"diff":401,"message":"Quiet Level: 100"}}
{"timestamp":1777183555007,"type":"alerts","deviceId":"ESP32_GREENHOUSE_01","data":{"timestamp":1777183555007,"deviceId":"ESP32_GREENHOUSE_01","event":"LIGHT_ACTIVITY","level":558,"raw":2235,"diff":2235,"message":"CRYING DETECTED! ⚠️ Level: 558"}}
{"timestamp":1777183561056,"type":"alerts","deviceId":"ESP32_GREENHOUSE_01","data":{"timestamp":1777183561056,"deviceId":"ESP32_GREENHOUSE_01","event":"LIGHT_ACTIVITY","level":97,"raw":388,"diff":388,"message":"Quiet Level: 97"}}
{"timestamp":1777183563077,"type":"alerts","deviceId":"ESP32_GREENHOUSE_01","data":{"timestamp":1777183563077,"deviceId":"ESP32_GREENHOUSE_01","event":"RESTLESS","level":297,"raw":1190,"diff":1190,"message":"Restless Level: 297"}}
{"timestamp":1777183567114,"type":"alerts","deviceId":"ESP32_GREENHOUSE_01","data":{"timestamp":1777183567114,"deviceId":"ESP32_GREENHOUSE_01","event":"LIGHT_ACTIVITY","level":108,"raw":433,"diff":433,"message":"Quiet Level: 108"}}
{"timestamp":1777183573182,"type":"alerts","deviceId":"ESP32_GREENHOUSE_01","data":{"timestamp":1777183573182,"deviceId":"ESP32_GREENHOUSE_01","event":"LIGHT_ACTIVITY","level":146,"raw":587,"diff":587,"message":"Light Activity Level: 146"}}
{"timestamp":1777183579231,"type":"alerts","deviceId":"ESP32_GREENHOUSE_01","data":{"timestamp":1777183579231,"deviceId":"ESP32_GREENHOUSE_01","event":"LIGHT_ACTIVITY","level":123,"raw":495,"diff":495,"message":"Quiet Level: 123"}}
{"timestamp":1777183583262,"type":"alerts","deviceId":"ESP32_GREENHOUSE_01","data":{"timestamp":1777183583262,"deviceId":"ESP32_GREENHOUSE_01","event":"RESTLESS","level":167,"raw":669,"diff":669,"message":"CRYING DETECTED! ⚠️ Level: 167"}}
{"timestamp":1777183585279,"type":"alerts","deviceId":"ESP32_GREENHOUSE_01","data":{"timestamp":1777183585279,"deviceId":"ESP32_GREENHOUSE_01","event":"LIGHT_ACTIVITY","level":84,"raw":338,"diff":338,"message":"Quiet Level: 84"}}
{"timestamp":1777183591330,"type":"alerts","deviceId":"ESP32_GREENHOUSE_01","data":{"timestamp":1777183591330,"deviceId":"ESP32_GREENHOUSE_01","event":"RESTLESS","level":172,"raw":690,"diff":690,"message":"Light Activity Level: 172"}}
{"timestamp":1777183597385,"type":"alerts","deviceId":"ESP32_GREENHOUSE_01","data":{"timestamp":1777183597385,"deviceId":"ESP32_GREENHOUSE_01","event":"RESTLESS","level":103,"raw":414,"diff":414,"message":"Quiet Level: 103"}}
{"timestamp":1777183603454,"type":"alerts","deviceId":"ESP32_GREENHOUSE_01","data":{"timestamp":1777183603454,"deviceId":"ESP32_GREENHOUSE_01","event":"LIGHT_ACTIVITY","level":94,"raw":376,"diff":376,"message":"Quiet Level: 94"}}
{"timestamp":1777183609503,"type":"alerts","deviceId":"ESP32_GREENHOUSE_01","data":{"timestamp":1777183609503,"deviceId":"ESP32_GREENHOUSE_01","event":"LIGHT_ACTIVITY","level":175,"raw":703,"diff":703,"message":"Light Activity Level: 175"}}
{"timestamp":1777183615550,"type":"alerts","deviceId":"ESP32_GREENHOUSE_01","data":{"timestamp":1777183615550,"deviceId":"ESP32_GREENHOUSE_01","event":"LIGHT_ACTIVITY","level":184,"raw":738,"diff":738,"message":"Restless Level: 184"}}
{"timestamp":1777183621606,"type":"alerts","deviceId":"ESP32_GREENHOUSE_01","data":{"timestamp":1777183621606,"deviceId":"ESP32_GREENHOUSE_01","event":"LIGHT_ACTIVITY","level":99,"raw":399,"diff":399,"message":"Quiet Level: 99"}}
{"timestamp":1777183627656,"type":"alerts","deviceId":"ESP32_GREENHOUSE_01","data":{"timestamp":1777183627656,"deviceId":"ESP32_GREENHOUSE_01","event":"LIGHT_ACTIVITY","level":88,"raw":353,"diff":353,"message":"Quiet Level: 88"}}
{"timestamp":1777183633727,"type":"alerts","deviceId":"ESP32_GREENHOUSE_01","data":{"timestamp":1777183633727,"deviceId":"ESP32_GREENHOUSE_01","event":"LIGHT_ACTIVITY","level":95,"raw":381,"diff":381,"message":"Quiet Level: 95"}}
{"timestamp":1777183639776,"type":"alerts","deviceId":"ESP32_GREENHOUSE_01","data":{"timestamp":1777183639776,"deviceId":"ESP32_GREENHOUSE_01","event":"LIGHT_ACTIVITY","level":100,"raw":403,"diff":403,"message":"Quiet Level: 100"}}
{"timestamp":1777183645823,"type":"alerts","deviceId":"ESP32_GREENHOUSE_01","data":{"timestamp":1777183645823,"deviceId":"ESP32_GREENHOUSE_01","event":"LIGHT_ACTIVITY","level":120,"raw":482,"diff":482,"message":"Quiet Level: 120"}}
{"timestamp":1777183666015,"type":"alerts","deviceId":"ESP32_GREENHOUSE_01","data":{"timestamp":1777183666015,"deviceId":"ESP32_GREENHOUSE_01","event":"LIGHT_ACTIVITY","level":130,"raw":523,"diff":523,"message":"Quiet Level: 130"}}
{"timestamp":1777183672063,"type":"alerts","deviceId":"ESP32_GREENHOUSE_01","data":{"timestamp":1777183672063,"deviceId":"ESP32_GREENHOUSE_01","event":"LIGHT_ACTIVITY","level":87,"raw":351,"diff":351,"message":"Quiet Level: 87"}}
{"timestamp":1777183678111,"type":"alerts","deviceId":"ESP32_GREENHOUSE_01","data":{"timestamp":1777183678111,"deviceId":"ESP32_GREENHOUSE_01","event":"LIGHT_ACTIVITY","level":106,"raw":424,"diff":424,"message":"Quiet Level: 106"}}
{"timestamp":1777183684162,"type":"alerts","deviceId":"ESP32_GREENHOUSE_01","data":{"timestamp":1777183684162,"deviceId":"ESP32_GREENHOUSE_01","event":"LIGHT_ACTIVITY","level":108,"raw":432,"diff":432,"message":"Quiet Level: 108"}}
{"timestamp":1777183716451,"type":"alerts","deviceId":"ESP32_GREENHOUSE_01","data":{"timestamp":1777183716451,"deviceId":"ESP32_GREENHOUSE_01","event":"LIGHT_ACTIVITY","level":129,"raw":517,"diff":517,"message":"Quiet Level: 129"}}
{"timestamp":1777183722505,"type":"alerts","deviceId":"ESP32_GREENHOUSE_01","data":{"timestamp":1777183722505,"deviceId":"ESP32_GREENHOUSE_01","event":"LIGHT_ACTIVITY","level":104,"raw":416,"diff":416,"message":"Quiet Level: 104"}}
{"timestamp":1777183728576,"type":"alerts","deviceId":"ESP32_GREENHOUSE_01","data":{"timestamp":1777183728576,"deviceId":"ESP32_GREENHOUSE_01","event":"LIGHT_ACTIVITY","level":89,"raw":356,"diff":356,"message":"Quiet Level: 89"}}
{"timestamp":1777183734624,"type":"alerts","deviceId":"ESP32_GREENHOUSE_01","data":{"timestamp":1777183734624,"deviceId":"ESP32_GREENHOUSE_01","event":"LIGHT_ACTIVITY","level":110,"raw":442,"diff":442,"message":"Quiet Level: 110"}}
{"timestamp":1777183740672,"type":"alerts","deviceId":"ESP32_GREENHOUSE_01","data":{"timestamp":1777183740672,"deviceId":"ESP32_GREENHOUSE_01","event":"LIGHT_ACTIVITY","level":80,"raw":321,"diff":321,"message":"Quiet Level: 80"}}
{"timestamp":1777183746745,"type":"alerts","deviceId":"ESP32_GREENHOUSE_01","data":{"timestamp":1777183746745,"deviceId":"ESP32_GREENHOUSE_01","event":"LIGHT_ACTIVITY","level":114,"raw":456,"diff":456,"message":"Quiet Level: 114"}}
{"timestamp":1777183770944,"type":"alerts","deviceId":"ESP32_GREENHOUSE_01","data":{"timestamp":1777183770944,"deviceId":"ESP32_GREENHOUSE_01","event":"LIGHT_ACTIVITY","level":152,"raw":611,"diff":611,"message":"CRYING DETECTED! ⚠️ Level: 152"}}
{"timestamp":1777183776993,"type":"alerts","deviceId":"ESP32_GREENHOUSE_01","data":{"timestamp":1777183776993,"deviceId":"ESP32_GREENHOUSE_01","event":"LIGHT_ACTIVITY","level":91,"raw":366,"diff":366,"message":"Quiet Level: 91"}}
{"timestamp":1777183783048,"type":"alerts","deviceId":"ESP32_GREENHOUSE_01","data":{"timestamp":1777183783048,"deviceId":"ESP32_GREENHOUSE_01","event":"LIGHT_ACTIVITY","level":80,"raw":322,"diff":322,"message":"Quiet Level: 80"}}
{"timestamp":1777183789121,"type":"alerts","deviceId":"ESP32_GREENHOUSE_01","data":{"timestamp":1777183789121,"deviceId":"ESP32_GREENHOUSE_01","event":"LIGHT_ACTIVITY","level":80,"raw":322,"diff":322,"message":"Quiet Level: 80"}}
{"timestamp":1777183795168,"type":"alerts","deviceId":"ESP32_GREENHOUSE_01","data":{"timestamp":1777183795168,"deviceId":"ESP32_GREENHOUSE_01","event":"LIGHT_ACTIVITY","level":74,"raw":299,"diff":299,"message":"Quiet Level: 74"}}
{"timestamp":1777183815336,"type":"alerts","deviceId":"ESP32_GREENHOUSE_01","data":{"timestamp":1777183815336,"deviceId":"ESP32_GREENHOUSE_01","event":"LIGHT_ACTIVITY","level":176,"raw":707,"diff":707,"message":"Light Activity Level: 176"}}
{"timestamp":1777183821412,"type":"alerts","deviceId":"ESP32_GREENHOUSE_01","data":{"timestamp":1777183821411,"deviceId":"ESP32_GREENHOUSE_01","event":"LIGHT_ACTIVITY","level":86,"raw":346,"diff":346,"message":"Quiet Level: 86"}}
{"timestamp":1777183827457,"type":"alerts","deviceId":"ESP32_GREENHOUSE_01","data":{"timestamp":1777183827456,"deviceId":"ESP32_GREENHOUSE_01","event":"LIGHT_ACTIVITY","level":85,"raw":343,"diff":343,"message":"Quiet Level: 85"}}
{"timestamp":1777183833504,"type":"alerts","deviceId":"ESP32_GREENHOUSE_01","data":{"timestamp":1777183833504,"deviceId":"ESP32_GREENHOUSE_01","event":"LIGHT_ACTIVITY","level":74,"raw":299,"diff":299,"message":"Quiet Level: 74"}}
{"timestamp":1777183839557,"type":"alerts","deviceId":"ESP32_GREENHOUSE_01","data":{"timestamp":1777183839557,"deviceId":"ESP32_GREENHOUSE_01","event":"LIGHT_ACTIVITY","level":102,"raw":408,"diff":408,"message":"Quiet Level: 102"}}
{"timestamp":1777183845608,"type":"alerts","deviceId":"ESP32_GREENHOUSE_01","data":{"timestamp":1777183845608,"deviceId":"ESP32_GREENHOUSE_01","event":"LIGHT_ACTIVITY","level":98,"raw":394,"diff":394,"message":"Quiet Level: 98"}}
{"timestamp":1777183851680,"type":"alerts","deviceId":"ESP32_GREENHOUSE_01","data":{"timestamp":1777183851680,"deviceId":"ESP32_GREENHOUSE_01","event":"LIGHT_ACTIVITY","level":113,"raw":453,"diff":453,"message":"Quiet Level: 113"}}
{"timestamp":1777183857729,"type":"alerts","deviceId":"ESP32_GREENHOUSE_01","data":{"timestamp":1777183857729,"deviceId":"ESP32_GREENHOUSE_01","event":"LIGHT_ACTIVITY","level":85,"raw":341,"diff":341,"message":"Quiet Level: 85"}}
{"timestamp":1777183863777,"type":"alerts","deviceId":"ESP32_GREENHOUSE_01","data":{"timestamp":1777183863777,"deviceId":"ESP32_GREENHOUSE_01","event":"LIGHT_ACTIVITY","level":130,"raw":522,"diff":522,"message":"Quiet Level: 130"}}
{"timestamp":1777183871845,"type":"alerts","deviceId":"ESP32_GREENHOUSE_01","data":{"timestamp":1777183871845,"deviceId":"ESP32_GREENHOUSE_01","event":"LIGHT_ACTIVITY","level":90,"raw":360,"diff":360,"message":"Quiet Level: 90"}}
{"timestamp":1777183877898,"type":"alerts","deviceId":"ESP32_GREENHOUSE_01","data":{"timestamp":1777183877898,"deviceId":"ESP32_GREENHOUSE_01","event":"LIGHT_ACTIVITY","level":108,"raw":433,"diff":433,"message":"Quiet Level: 108"}}
{"timestamp":1777183952578,"type":"alerts","deviceId":"ESP32_GREENHOUSE_01","data":{"timestamp":1777183952578,"deviceId":"ESP32_GREENHOUSE_01","event":"LIGHT_ACTIVITY","level":137,"raw":548,"diff":548,"message":"Light Activity Level: 137"}}
{"timestamp":1777184003018,"type":"alerts","deviceId":"ESP32_GREENHOUSE_01","data":{"timestamp":1777184003018,"deviceId":"ESP32_GREENHOUSE_01","event":"LIGHT_ACTIVITY","level":119,"raw":476,"diff":476,"message":"Quiet Level: 119"}}
{"timestamp":1777184009090,"type":"alerts","deviceId":"ESP32_GREENHOUSE_01","data":{"timestamp":1777184009090,"deviceId":"ESP32_GREENHOUSE_01","event":"LIGHT_ACTIVITY","level":86,"raw":346,"diff":346,"message":"Quiet Level: 86"}}
{"timestamp":1777184015138,"type":"alerts","deviceId":"ESP32_GREENHOUSE_01","data":{"timestamp":1777184015138,"deviceId":"ESP32_GREENHOUSE_01","event":"LIGHT_ACTIVITY","level":109,"raw":436,"diff":436,"message":"Quiet Level: 109"}}
{"timestamp":1777184027238,"type":"alerts","deviceId":"ESP32_GREENHOUSE_01","data":{"timestamp":1777184027238,"deviceId":"ESP32_GREENHOUSE_01","event":"LIGHT_ACTIVITY","level":121,"raw":484,"diff":484,"message":"Quiet Level: 121"}}
{"timestamp":1777184033289,"type":"alerts","deviceId":"ESP32_GREENHOUSE_01","data":{"timestamp":1777184033289,"deviceId":"ESP32_GREENHOUSE_01","event":"LIGHT_ACTIVITY","level":99,"raw":399,"diff":399,"message":"Quiet Level: 99"}}
{"timestamp":1777184039362,"type":"alerts","deviceId":"ESP32_GREENHOUSE_01","data":{"timestamp":1777184039362,"deviceId":"ESP32_GREENHOUSE_01","event":"LIGHT_ACTIVITY","level":81,"raw":325,"diff":325,"message":"Quiet Level: 81"}}
{"timestamp":1777184045409,"type":"alerts","deviceId":"ESP32_GREENHOUSE_01","data":{"timestamp":1777184045409,"deviceId":"ESP32_GREENHOUSE_01","event":"LIGHT_ACTIVITY","level":71,"raw":285,"diff":285,"message":"Quiet Level: 71"}}
{"timestamp":1777184051458,"type":"alerts","deviceId":"ESP32_GREENHOUSE_01","data":{"timestamp":1777184051458,"deviceId":"ESP32_GREENHOUSE_01","event":"LIGHT_ACTIVITY","level":96,"raw":384,"diff":384,"message":"Quiet Level: 96"}}
{"timestamp":1777184071664,"type":"alerts","deviceId":"ESP32_GREENHOUSE_01","data":{"timestamp":1777184071664,"deviceId":"ESP32_GREENHOUSE_01","event":"LIGHT_ACTIVITY","level":124,"raw":498,"diff":498,"message":"Quiet Level: 124"}}
{"timestamp":1777184077700,"type":"alerts","deviceId":"ESP32_GREENHOUSE_01","data":{"timestamp":1777184077700,"deviceId":"ESP32_GREENHOUSE_01","event":"LIGHT_ACTIVITY","level":102,"raw":410,"diff":410,"message":"Quiet Level: 102"}}
{"timestamp":1777184083749,"type":"alerts","deviceId":"ESP32_GREENHOUSE_01","data":{"timestamp":1777184083749,"deviceId":"ESP32_GREENHOUSE_01","event":"LIGHT_ACTIVITY","level":90,"raw":360,"diff":360,"message":"Quiet Level: 90"}}
{"timestamp":1777184089801,"type":"alerts","deviceId":"ESP32_GREENHOUSE_01","data":{"timestamp":1777184089801,"deviceId":"ESP32_GREENHOUSE_01","event":"LIGHT_ACTIVITY","level":149,"raw":596,"diff":596,"message":"Light Activity Level: 149"}}
{"timestamp":1777184095858,"type":"alerts","deviceId":"ESP32_GREENHOUSE_01","data":{"timestamp":1777184095858,"deviceId":"ESP32_GREENHOUSE_01","event":"LIGHT_ACTIVITY","level":147,"raw":588,"diff":588,"message":"Light Activity Level: 147"}}
{"timestamp":1777184101934,"type":"alerts","deviceId":"ESP32_GREENHOUSE_01","data":{"timestamp":1777184101934,"deviceId":"ESP32_GREENHOUSE_01","event":"LIGHT_ACTIVITY","level":141,"raw":565,"diff":565,"message":"Light Activity Level: 141"}}
{"timestamp":1777184107973,"type":"alerts","deviceId":"ESP32_GREENHOUSE_01","data":{"timestamp":1777184107973,"deviceId":"ESP32_GREENHOUSE_01","event":"LIGHT_ACTIVITY","level":88,"raw":355,"diff":355,"message":"Quiet Level: 88"}}
{"timestamp":1777184114025,"type":"alerts","deviceId":"ESP32_GREENHOUSE_01","data":{"timestamp":1777184114025,"deviceId":"ESP32_GREENHOUSE_01","event":"LIGHT_ACTIVITY","level":94,"raw":378,"diff":378,"message":"Quiet Level: 94"}}
{"timestamp":1777184120065,"type":"alerts","deviceId":"ESP32_GREENHOUSE_01","data":{"timestamp":1777184120065,"deviceId":"ESP32_GREENHOUSE_01","event":"LIGHT_ACTIVITY","level":102,"raw":411,"diff":411,"message":"Quiet Level: 102"}}
{"timestamp":1777184126119,"type":"alerts","deviceId":"ESP32_GREENHOUSE_01","data":{"timestamp":1777184126119,"deviceId":"ESP32_GREENHOUSE_01","event":"LIGHT_ACTIVITY","level":68,"raw":274,"diff":274,"message":"Quiet Level: 68"}}
{"timestamp":1777184132195,"type":"alerts","deviceId":"ESP32_GREENHOUSE_01","data":{"timestamp":1777184132194,"deviceId":"ESP32_GREENHOUSE_01","event":"LIGHT_ACTIVITY","level":295,"raw":1180,"diff":1180,"message":"Restless Level: 295"}}
{"timestamp":1777184138250,"type":"alerts","deviceId":"ESP32_GREENHOUSE_01","data":{"timestamp":1777184138250,"deviceId":"ESP32_GREENHOUSE_01","event":"LIGHT_ACTIVITY","level":100,"raw":403,"diff":403,"message":"Quiet Level: 100"}}
{"timestamp":1777184144290,"type":"alerts","deviceId":"ESP32_GREENHOUSE_01","data":{"timestamp":1777184144289,"deviceId":"ESP32_GREENHOUSE_01","event":"LIGHT_ACTIVITY","level":94,"raw":378,"diff":378,"message":"Quiet Level: 94"}}
{"timestamp":1777184150339,"type":"alerts","deviceId":"ESP32_GREENHOUSE_01","data":{"timestamp":1777184150339,"deviceId":"ESP32_GREENHOUSE_01","event":"LIGHT_ACTIVITY","level":82,"raw":331,"diff":331,"message":"Quiet Level: 82"}}
{"timestamp":1777184156389,"type":"alerts","deviceId":"ESP32_GREENHOUSE_01","data":{"timestamp":1777184156389,"deviceId":"ESP32_GREENHOUSE_01","event":"LIGHT_ACTIVITY","level":75,"raw":300,"diff":300,"message":"Quiet Level: 75"}}
{"timestamp":1777184162452,"type":"alerts","deviceId":"ESP32_GREENHOUSE_01","data":{"timestamp":1777184162452,"deviceId":"ESP32_GREENHOUSE_01","event":"LIGHT_ACTIVITY","level":84,"raw":337,"diff":337,"message":"Quiet Level: 84"}}
{"timestamp":1777184168524,"type":"alerts","deviceId":"ESP32_GREENHOUSE_01","data":{"timestamp":1777184168524,"deviceId":"ESP32_GREENHOUSE_01","event":"LIGHT_ACTIVITY","level":77,"raw":309,"diff":309,"message":"Quiet Level: 77"}}
{"timestamp":1777184265389,"type":"alerts","deviceId":"ESP32_GREENHOUSE_01","data":{"timestamp":1777184265389,"deviceId":"ESP32_GREENHOUSE_01","event":"LIGHT_ACTIVITY","level":98,"raw":392,"diff":392,"message":"Quiet Level: 98"}}
{"timestamp":1777184311792,"type":"alerts","deviceId":"ESP32_GREENHOUSE_01","data":{"timestamp":1777184311792,"deviceId":"ESP32_GREENHOUSE_01","event":"LIGHT_ACTIVITY","level":126,"raw":506,"diff":506,"message":"Quiet Level: 126"}}
{"timestamp":1777184317838,"type":"alerts","deviceId":"ESP32_GREENHOUSE_01","data":{"timestamp":1777184317838,"deviceId":"ESP32_GREENHOUSE_01","event":"LIGHT_ACTIVITY","level":78,"raw":314,"diff":314,"message":"Quiet Level: 78"}}
{"timestamp":1777184323921,"type":"alerts","deviceId":"ESP32_GREENHOUSE_01","data":{"timestamp":1777184323921,"deviceId":"ESP32_GREENHOUSE_01","event":"LIGHT_ACTIVITY","level":119,"raw":477,"diff":477,"message":"Quiet Level: 119"}}
{"timestamp":1777184329972,"type":"alerts","deviceId":"ESP32_GREENHOUSE_01","data":{"timestamp":1777184329972,"deviceId":"ESP32_GREENHOUSE_01","event":"LIGHT_ACTIVITY","level":83,"raw":333,"diff":333,"message":"Quiet Level: 83"}}
{"timestamp":1777184336016,"type":"alerts","deviceId":"ESP32_GREENHOUSE_01","data":{"timestamp":1777184336016,"deviceId":"ESP32_GREENHOUSE_01","event":"LIGHT_ACTIVITY","level":76,"raw":307,"diff":307,"message":"Quiet Level: 76"}}
{"timestamp":1777184358220,"type":"alerts","deviceId":"ESP32_GREENHOUSE_01","data":{"timestamp":1777184358220,"deviceId":"ESP32_GREENHOUSE_01","event":"LIGHT_ACTIVITY","level":135,"raw":542,"diff":542,"message":"Light Activity Level: 135"}}
{"timestamp":1777184364268,"type":"alerts","deviceId":"ESP32_GREENHOUSE_01","data":{"timestamp":1777184364268,"deviceId":"ESP32_GREENHOUSE_01","event":"LIGHT_ACTIVITY","level":100,"raw":400,"diff":400,"message":"Quiet Level: 100"}}
{"timestamp":1777184370318,"type":"alerts","deviceId":"ESP32_GREENHOUSE_01","data":{"timestamp":1777184370317,"deviceId":"ESP32_GREENHOUSE_01","event":"LIGHT_ACTIVITY","level":148,"raw":593,"diff":593,"message":"Light Activity Level: 148"}}
{"timestamp":1777184376365,"type":"alerts","deviceId":"ESP32_GREENHOUSE_01","data":{"timestamp":1777184376365,"deviceId":"ESP32_GREENHOUSE_01","event":"LIGHT_ACTIVITY","level":126,"raw":506,"diff":506,"message":"Quiet Level: 126"}}
{"timestamp":1777184382418,"type":"alerts","deviceId":"ESP32_GREENHOUSE_01","data":{"timestamp":1777184382418,"deviceId":"ESP32_GREENHOUSE_01","event":"LIGHT_ACTIVITY","level":80,"raw":322,"diff":322,"message":"Quiet Level: 80"}}
{"timestamp":1777184386454,"type":"alerts","deviceId":"ESP32_GREENHOUSE_01","data":{"timestamp":1777184386454,"deviceId":"ESP32_GREENHOUSE_01","event":"RESTLESS","level":110,"raw":443,"diff":443,"message":"Quiet Level: 110"}}
{"timestamp":1777184388495,"type":"alerts","deviceId":"ESP32_GREENHOUSE_01","data":{"timestamp":1777184388495,"deviceId":"ESP32_GREENHOUSE_01","event":"LIGHT_ACTIVITY","level":107,"raw":429,"diff":429,"message":"Quiet Level: 107"}}
{"timestamp":1777184392528,"type":"alerts","deviceId":"ESP32_GREENHOUSE_01","data":{"timestamp":1777184392528,"deviceId":"ESP32_GREENHOUSE_01","event":"RESTLESS","level":112,"raw":451,"diff":451,"message":"Quiet Level: 112"}}
{"timestamp":1777184398578,"type":"alerts","deviceId":"ESP32_GREENHOUSE_01","data":{"timestamp":1777184398578,"deviceId":"ESP32_GREENHOUSE_01","event":"RESTLESS","level":92,"raw":369,"diff":369,"message":"Quiet Level: 92"}}
{"timestamp":1777184404623,"type":"alerts","deviceId":"ESP32_GREENHOUSE_01","data":{"timestamp":1777184404623,"deviceId":"ESP32_GREENHOUSE_01","event":"LIGHT_ACTIVITY","level":102,"raw":409,"diff":409,"message":"Quiet Level: 102"}}
{"timestamp":1777184410664,"type":"alerts","deviceId":"ESP32_GREENHOUSE_01","data":{"timestamp":1777184410664,"deviceId":"ESP32_GREENHOUSE_01","event":"LIGHT_ACTIVITY","level":82,"raw":331,"diff":331,"message":"Quiet Level: 82"}}
{"timestamp":1777184416722,"type":"alerts","deviceId":"ESP32_GREENHOUSE_01","data":{"timestamp":1777184416722,"deviceId":"ESP32_GREENHOUSE_01","event":"LIGHT_ACTIVITY","level":133,"raw":532,"diff":532,"message":"Quiet Level: 133"}}
{"timestamp":1777184422791,"type":"alerts","deviceId":"ESP32_GREENHOUSE_01","data":{"timestamp":1777184422791,"deviceId":"ESP32_GREENHOUSE_01","event":"LIGHT_ACTIVITY","level":102,"raw":411,"diff":411,"message":"Quiet Level: 102"}}
{"timestamp":1777184428836,"type":"alerts","deviceId":"ESP32_GREENHOUSE_01","data":{"timestamp":1777184428836,"deviceId":"ESP32_GREENHOUSE_01","event":"LIGHT_ACTIVITY","level":200,"raw":802,"diff":802,"message":"Restless Level: 200"}}
{"timestamp":1777184434884,"type":"alerts","deviceId":"ESP32_GREENHOUSE_01","data":{"timestamp":1777184434884,"deviceId":"ESP32_GREENHOUSE_01","event":"LIGHT_ACTIVITY","level":116,"raw":466,"diff":466,"message":"Quiet Level: 116"}}
{"timestamp":1777184440935,"type":"alerts","deviceId":"ESP32_GREENHOUSE_01","data":{"timestamp":1777184440935,"deviceId":"ESP32_GREENHOUSE_01","event":"LIGHT_ACTIVITY","level":80,"raw":320,"diff":320,"message":"Quiet Level: 80"}}
{"timestamp":1777184446988,"type":"alerts","deviceId":"ESP32_GREENHOUSE_01","data":{"timestamp":1777184446988,"deviceId":"ESP32_GREENHOUSE_01","event":"LIGHT_ACTIVITY","level":106,"raw":426,"diff":426,"message":"Quiet Level: 106"}}
{"timestamp":1777184453061,"type":"alerts","deviceId":"ESP32_GREENHOUSE_01","data":{"timestamp":1777184453060,"deviceId":"ESP32_GREENHOUSE_01","event":"LIGHT_ACTIVITY","level":169,"raw":677,"diff":677,"message":"Light Activity Level: 169"}}
{"timestamp":1777184459109,"type":"alerts","deviceId":"ESP32_GREENHOUSE_01","data":{"timestamp":1777184459109,"deviceId":"ESP32_GREENHOUSE_01","event":"LIGHT_ACTIVITY","level":92,"raw":371,"diff":371,"message":"Quiet Level: 92"}}
{"timestamp":1777184465156,"type":"alerts","deviceId":"ESP32_GREENHOUSE_01","data":{"timestamp":1777184465156,"deviceId":"ESP32_GREENHOUSE_01","event":"LIGHT_ACTIVITY","level":276,"raw":1104,"diff":1104,"message":"CRYING DETECTED! ⚠️ Level: 276"}}
{"timestamp":1777184471217,"type":"alerts","deviceId":"ESP32_GREENHOUSE_01","data":{"timestamp":1777184471217,"deviceId":"ESP32_GREENHOUSE_01","event":"LIGHT_ACTIVITY","level":113,"raw":453,"diff":453,"message":"Quiet Level: 113"}}
{"timestamp":1777184477261,"type":"alerts","deviceId":"ESP32_GREENHOUSE_01","data":{"timestamp":1777184477260,"deviceId":"ESP32_GREENHOUSE_01","event":"LIGHT_ACTIVITY","level":155,"raw":623,"diff":623,"message":"CRYING DETECTED! ⚠️ Level: 155"}}
{"timestamp":1777184481322,"type":"alerts","deviceId":"ESP32_GREENHOUSE_01","data":{"timestamp":1777184481322,"deviceId":"ESP32_GREENHOUSE_01","event":"RESTLESS","level":114,"raw":457,"diff":457,"message":"CRYING DETECTED! ⚠️ Level: 114"}}
{"timestamp":1777184483333,"type":"alerts","deviceId":"ESP32_GREENHOUSE_01","data":{"timestamp":1777184483333,"deviceId":"ESP32_GREENHOUSE_01","event":"LIGHT_ACTIVITY","level":113,"raw":453,"diff":453,"message":"Quiet Level: 113"}}
{"timestamp":1777184489380,"type":"alerts","deviceId":"ESP32_GREENHOUSE_01","data":{"timestamp":1777184489380,"deviceId":"ESP32_GREENHOUSE_01","event":"LIGHT_ACTIVITY","level":100,"raw":402,"diff":402,"message":"Quiet Level: 100"}}
{"timestamp":1777184495428,"type":"alerts","deviceId":"ESP32_GREENHOUSE_01","data":{"timestamp":1777184495428,"deviceId":"ESP32_GREENHOUSE_01","event":"LIGHT_ACTIVITY","level":108,"raw":433,"diff":433,"message":"Quiet Level: 108"}}
{"timestamp":1777184501481,"type":"alerts","deviceId":"ESP32_GREENHOUSE_01","data":{"timestamp":1777184501481,"deviceId":"ESP32_GREENHOUSE_01","event":"LIGHT_ACTIVITY","level":93,"raw":374,"diff":374,"message":"Quiet Level: 93"}}
{"timestamp":1777184507532,"type":"alerts","deviceId":"ESP32_GREENHOUSE_01","data":{"timestamp":1777184507532,"deviceId":"ESP32_GREENHOUSE_01","event":"LIGHT_ACTIVITY","level":89,"raw":356,"diff":356,"message":"Quiet Level: 89"}}
{"timestamp":1777184513605,"type":"alerts","deviceId":"ESP32_GREENHOUSE_01","data":{"timestamp":1777184513605,"deviceId":"ESP32_GREENHOUSE_01","event":"LIGHT_ACTIVITY","level":432,"raw":1728,"diff":1728,"message":"Restless Level: 432"}}
{"timestamp":1777184519653,"type":"alerts","deviceId":"ESP32_GREENHOUSE_01","data":{"timestamp":1777184519653,"deviceId":"ESP32_GREENHOUSE_01","event":"LIGHT_ACTIVITY","level":155,"raw":622,"diff":622,"message":"Light Activity Level: 155"}}
{"timestamp":1777184525702,"type":"alerts","deviceId":"ESP32_GREENHOUSE_01","data":{"timestamp":1777184525702,"deviceId":"ESP32_GREENHOUSE_01","event":"LIGHT_ACTIVITY","level":99,"raw":396,"diff":396,"message":"Quiet Level: 99"}}
{"timestamp":1777184531749,"type":"alerts","deviceId":"ESP32_GREENHOUSE_01","data":{"timestamp":1777184531749,"deviceId":"ESP32_GREENHOUSE_01","event":"LIGHT_ACTIVITY","level":79,"raw":318,"diff":318,"message":"Quiet Level: 79"}}
{"timestamp":1777184537811,"type":"alerts","deviceId":"ESP32_GREENHOUSE_01","data":{"timestamp":1777184537811,"deviceId":"ESP32_GREENHOUSE_01","event":"LIGHT_ACTIVITY","level":232,"raw":928,"diff":928,"message":"CRYING DETECTED! ⚠️ Level: 232"}}
{"timestamp":1777184543877,"type":"alerts","deviceId":"ESP32_GREENHOUSE_01","data":{"timestamp":1777184543877,"deviceId":"ESP32_GREENHOUSE_01","event":"LIGHT_ACTIVITY","level":82,"raw":329,"diff":329,"message":"Quiet Level: 82"}}
{"timestamp":1777184549928,"type":"alerts","deviceId":"ESP32_GREENHOUSE_01","data":{"timestamp":1777184549927,"deviceId":"ESP32_GREENHOUSE_01","event":"LIGHT_ACTIVITY","level":501,"raw":2006,"diff":2006,"message":"Restless Level: 501"}}
{"timestamp":1777184555974,"type":"alerts","deviceId":"ESP32_GREENHOUSE_01","data":{"timestamp":1777184555974,"deviceId":"ESP32_GREENHOUSE_01","event":"LIGHT_ACTIVITY","level":188,"raw":755,"diff":755,"message":"Restless Level: 188"}}
{"timestamp":1777184562022,"type":"alerts","deviceId":"ESP32_GREENHOUSE_01","data":{"timestamp":1777184562022,"deviceId":"ESP32_GREENHOUSE_01","event":"RESTLESS","level":208,"raw":833,"diff":833,"message":"Restless Level: 208"}}
{"timestamp":1777184564037,"type":"alerts","deviceId":"ESP32_GREENHOUSE_01","data":{"timestamp":1777184564037,"deviceId":"ESP32_GREENHOUSE_01","event":"LIGHT_ACTIVITY","level":100,"raw":400,"diff":400,"message":"Quiet Level: 100"}}
{"timestamp":1777184570091,"type":"alerts","deviceId":"ESP32_GREENHOUSE_01","data":{"timestamp":1777184570091,"deviceId":"ESP32_GREENHOUSE_01","event":"LIGHT_ACTIVITY","level":97,"raw":391,"diff":391,"message":"Quiet Level: 97"}}
{"timestamp":1777184576165,"type":"alerts","deviceId":"ESP32_GREENHOUSE_01","data":{"timestamp":1777184576164,"deviceId":"ESP32_GREENHOUSE_01","event":"LIGHT_ACTIVITY","level":115,"raw":463,"diff":463,"message":"Quiet Level: 115"}}
{"timestamp":1777184582214,"type":"alerts","deviceId":"ESP32_GREENHOUSE_01","data":{"timestamp":1777184582214,"deviceId":"ESP32_GREENHOUSE_01","event":"LIGHT_ACTIVITY","level":76,"raw":305,"diff":305,"message":"Quiet Level: 76"}}
{"timestamp":1777184588262,"type":"alerts","deviceId":"ESP32_GREENHOUSE_01","data":{"timestamp":1777184588261,"deviceId":"ESP32_GREENHOUSE_01","event":"LIGHT_ACTIVITY","level":102,"raw":410,"diff":410,"message":"Quiet Level: 102"}}
{"timestamp":1777184594309,"type":"alerts","deviceId":"ESP32_GREENHOUSE_01","data":{"timestamp":1777184594309,"deviceId":"ESP32_GREENHOUSE_01","event":"LIGHT_ACTIVITY","level":94,"raw":376,"diff":376,"message":"Quiet Level: 94"}}
{"timestamp":1777184662923,"type":"alerts","deviceId":"ESP32_GREENHOUSE_01","data":{"timestamp":1777184662923,"deviceId":"ESP32_GREENHOUSE_01","event":"LIGHT_ACTIVITY","level":107,"raw":428,"diff":428,"message":"Quiet Level: 107"}}
{"timestamp":1777184685128,"type":"alerts","deviceId":"ESP32_GREENHOUSE_01","data":{"timestamp":1777184685127,"deviceId":"ESP32_GREENHOUSE_01","event":"LIGHT_ACTIVITY","level":112,"raw":449,"diff":449,"message":"Quiet Level: 112"}}
{"timestamp":1777184697229,"type":"alerts","deviceId":"ESP32_GREENHOUSE_01","data":{"timestamp":1777184697229,"deviceId":"ESP32_GREENHOUSE_01","event":"LIGHT_ACTIVITY","level":183,"raw":732,"diff":732,"message":"Restless Level: 183"}}
{"timestamp":1777184703304,"type":"alerts","deviceId":"ESP32_GREENHOUSE_01","data":{"timestamp":1777184703304,"deviceId":"ESP32_GREENHOUSE_01","event":"LIGHT_ACTIVITY","level":99,"raw":397,"diff":397,"message":"Quiet Level: 99"}}
{"timestamp":1777184709358,"type":"alerts","deviceId":"ESP32_GREENHOUSE_01","data":{"timestamp":1777184709358,"deviceId":"ESP32_GREENHOUSE_01","event":"LIGHT_ACTIVITY","level":97,"raw":389,"diff":389,"message":"Quiet Level: 97"}}
{"timestamp":1777184715398,"type":"alerts","deviceId":"ESP32_GREENHOUSE_01","data":{"timestamp":1777184715398,"deviceId":"ESP32_GREENHOUSE_01","event":"LIGHT_ACTIVITY","level":191,"raw":765,"diff":765,"message":"Restless Level: 191"}}
{"timestamp":1777184721447,"type":"alerts","deviceId":"ESP32_GREENHOUSE_01","data":{"timestamp":1777184721446,"deviceId":"ESP32_GREENHOUSE_01","event":"LIGHT_ACTIVITY","level":96,"raw":386,"diff":386,"message":"Quiet Level: 96"}}
{"timestamp":1777184727528,"type":"alerts","deviceId":"ESP32_GREENHOUSE_01","data":{"timestamp":1777184727528,"deviceId":"ESP32_GREENHOUSE_01","event":"LIGHT_ACTIVITY","level":89,"raw":356,"diff":356,"message":"Quiet Level: 89"}}
{"timestamp":1777184733579,"type":"alerts","deviceId":"ESP32_GREENHOUSE_01","data":{"timestamp":1777184733579,"deviceId":"ESP32_GREENHOUSE_01","event":"LIGHT_ACTIVITY","level":86,"raw":347,"diff":347,"message":"Quiet Level: 86"}}
{"timestamp":1777184739622,"type":"alerts","deviceId":"ESP32_GREENHOUSE_01","data":{"timestamp":1777184739622,"deviceId":"ESP32_GREENHOUSE_01","event":"LIGHT_ACTIVITY","level":80,"raw":323,"diff":323,"message":"Quiet Level: 80"}}
{"timestamp":1777184745671,"type":"alerts","deviceId":"ESP32_GREENHOUSE_01","data":{"timestamp":1777184745671,"deviceId":"ESP32_GREENHOUSE_01","event":"LIGHT_ACTIVITY","level":163,"raw":654,"diff":654,"message":"Light Activity Level: 163"}}
{"timestamp":1777184751718,"type":"alerts","deviceId":"ESP32_GREENHOUSE_01","data":{"timestamp":1777184751718,"deviceId":"ESP32_GREENHOUSE_01","event":"LIGHT_ACTIVITY","level":114,"raw":458,"diff":458,"message":"Quiet Level: 114"}}
{"timestamp":1777184757772,"type":"alerts","deviceId":"ESP32_GREENHOUSE_01","data":{"timestamp":1777184757772,"deviceId":"ESP32_GREENHOUSE_01","event":"LIGHT_ACTIVITY","level":135,"raw":543,"diff":543,"message":"Light Activity Level: 135"}}
{"timestamp":1777184763847,"type":"alerts","deviceId":"ESP32_GREENHOUSE_01","data":{"timestamp":1777184763847,"deviceId":"ESP32_GREENHOUSE_01","event":"LIGHT_ACTIVITY","level":138,"raw":555,"diff":555,"message":"Light Activity Level: 138"}}
{"timestamp":1777184765883,"type":"alerts","deviceId":"ESP32_GREENHOUSE_01","data":{"timestamp":1777184765883,"deviceId":"ESP32_GREENHOUSE_01","event":"RESTLESS","level":148,"raw":594,"diff":594,"message":"Light Activity Level: 148"}}
{"timestamp":1777184771915,"type":"alerts","deviceId":"ESP32_GREENHOUSE_01","data":{"timestamp":1777184771915,"deviceId":"ESP32_GREENHOUSE_01","event":"LIGHT_ACTIVITY","level":109,"raw":438,"diff":438,"message":"Quiet Level: 109"}}
{"timestamp":1777184775945,"type":"alerts","deviceId":"ESP32_GREENHOUSE_01","data":{"timestamp":1777184775945,"deviceId":"ESP32_GREENHOUSE_01","event":"RESTLESS","level":214,"raw":859,"diff":859,"message":"Restless Level: 214"}}
{"timestamp":1777184781993,"type":"alerts","deviceId":"ESP32_GREENHOUSE_01","data":{"timestamp":1777184781993,"deviceId":"ESP32_GREENHOUSE_01","event":"LIGHT_ACTIVITY","level":90,"raw":360,"diff":360,"message":"Quiet Level: 90"}}
{"timestamp":1777184784008,"type":"alerts","deviceId":"ESP32_GREENHOUSE_01","data":{"timestamp":1777184784008,"deviceId":"ESP32_GREENHOUSE_01","event":"RESTLESS","level":133,"raw":534,"diff":534,"message":"Quiet Level: 133"}}
{"timestamp":1777184790061,"type":"alerts","deviceId":"ESP32_GREENHOUSE_01","data":{"timestamp":1777184790061,"deviceId":"ESP32_GREENHOUSE_01","event":"RESTLESS","level":108,"raw":433,"diff":433,"message":"Quiet Level: 108"}}
{"timestamp":1777184794121,"type":"alerts","deviceId":"ESP32_GREENHOUSE_01","data":{"timestamp":1777184794121,"deviceId":"ESP32_GREENHOUSE_01","event":"LIGHT_ACTIVITY","level":100,"raw":400,"diff":400,"message":"Quiet Level: 100"}}
{"timestamp":1777184800166,"type":"alerts","deviceId":"ESP32_GREENHOUSE_01","data":{"timestamp":1777184800166,"deviceId":"ESP32_GREENHOUSE_01","event":"LIGHT_ACTIVITY","level":96,"raw":386,"diff":386,"message":"Quiet Level: 96"}}
{"timestamp":1777184806216,"type":"alerts","deviceId":"ESP32_GREENHOUSE_01","data":{"timestamp":1777184806216,"deviceId":"ESP32_GREENHOUSE_01","event":"LIGHT_ACTIVITY","level":81,"raw":324,"diff":324,"message":"Quiet Level: 81"}}
{"timestamp":1777184812263,"type":"alerts","deviceId":"ESP32_GREENHOUSE_01","data":{"timestamp":1777184812263,"deviceId":"ESP32_GREENHOUSE_01","event":"LIGHT_ACTIVITY","level":97,"raw":389,"diff":389,"message":"Quiet Level: 97"}}
{"timestamp":1777184818314,"type":"alerts","deviceId":"ESP32_GREENHOUSE_01","data":{"timestamp":1777184818314,"deviceId":"ESP32_GREENHOUSE_01","event":"LIGHT_ACTIVITY","level":124,"raw":499,"diff":499,"message":"Quiet Level: 124"}}
{"timestamp":1777184824368,"type":"alerts","deviceId":"ESP32_GREENHOUSE_01","data":{"timestamp":1777184824368,"deviceId":"ESP32_GREENHOUSE_01","event":"LIGHT_ACTIVITY","level":85,"raw":340,"diff":340,"message":"Quiet Level: 85"}}
{"timestamp":1777184830439,"type":"alerts","deviceId":"ESP32_GREENHOUSE_01","data":{"timestamp":1777184830439,"deviceId":"ESP32_GREENHOUSE_01","event":"LIGHT_ACTIVITY","level":113,"raw":452,"diff":452,"message":"Quiet Level: 113"}}
{"timestamp":1777184840521,"type":"alerts","deviceId":"ESP32_GREENHOUSE_01","data":{"timestamp":1777184840521,"deviceId":"ESP32_GREENHOUSE_01","event":"LIGHT_ACTIVITY","level":124,"raw":497,"diff":497,"message":"Quiet Level: 124"}}
{"timestamp":1777184846568,"type":"alerts","deviceId":"ESP32_GREENHOUSE_01","data":{"timestamp":1777184846567,"deviceId":"ESP32_GREENHOUSE_01","event":"LIGHT_ACTIVITY","level":106,"raw":427,"diff":427,"message":"Quiet Level: 106"}}
{"timestamp":1777184862727,"type":"alerts","deviceId":"ESP32_GREENHOUSE_01","data":{"timestamp":1777184862726,"deviceId":"ESP32_GREENHOUSE_01","event":"RESTLESS","level":1023,"raw":6103,"diff":6103,"message":"CRYING DETECTED! ⚠️ Level: 1023"}}
{"timestamp":1777184864747,"type":"alerts","deviceId":"ESP32_GREENHOUSE_01","data":{"timestamp":1777184864747,"deviceId":"ESP32_GREENHOUSE_01","event":"LIGHT_ACTIVITY","level":93,"raw":372,"diff":372,"message":"CRYING DETECTED! ⚠️ Level: 93"}}
{"timestamp":1777184868777,"type":"alerts","deviceId":"ESP32_GREENHOUSE_01","data":{"timestamp":1777184868777,"deviceId":"ESP32_GREENHOUSE_01","event":"RESTLESS","level":84,"raw":337,"diff":337,"message":"CRYING DETECTED! ⚠️ Level: 84"}}
{"timestamp":1777184874825,"type":"alerts","deviceId":"ESP32_GREENHOUSE_01","data":{"timestamp":1777184874825,"deviceId":"ESP32_GREENHOUSE_01","event":"RESTLESS","level":101,"raw":406,"diff":406,"message":"Quiet Level: 101"}}
{"timestamp":1777184880878,"type":"alerts","deviceId":"ESP32_GREENHOUSE_01","data":{"timestamp":1777184880878,"deviceId":"ESP32_GREENHOUSE_01","event":"RESTLESS","level":84,"raw":338,"diff":338,"message":"Quiet Level: 84"}}
{"timestamp":1777184886930,"type":"alerts","deviceId":"ESP32_GREENHOUSE_01","data":{"timestamp":1777184886930,"deviceId":"ESP32_GREENHOUSE_01","event":"RESTLESS","level":143,"raw":572,"diff":572,"message":"Light Activity Level: 143"}}
{"timestamp":1777184892999,"type":"alerts","deviceId":"ESP32_GREENHOUSE_01","data":{"timestamp":1777184892999,"deviceId":"ESP32_GREENHOUSE_01","event":"RESTLESS","level":117,"raw":471,"diff":471,"message":"Quiet Level: 117"}}
{"timestamp":1777184897032,"type":"alerts","deviceId":"ESP32_GREENHOUSE_01","data":{"timestamp":1777184897032,"deviceId":"ESP32_GREENHOUSE_01","event":"LIGHT_ACTIVITY","level":106,"raw":425,"diff":425,"message":"Quiet Level: 106"}}
{"timestamp":1777184903080,"type":"alerts","deviceId":"ESP32_GREENHOUSE_01","data":{"timestamp":1777184903080,"deviceId":"ESP32_GREENHOUSE_01","event":"LIGHT_ACTIVITY","level":113,"raw":454,"diff":454,"message":"Quiet Level: 113"}}
{"timestamp":1777184909127,"type":"alerts","deviceId":"ESP32_GREENHOUSE_01","data":{"timestamp":1777184909127,"deviceId":"ESP32_GREENHOUSE_01","event":"LIGHT_ACTIVITY","level":112,"raw":449,"diff":449,"message":"Quiet Level: 112"}}
{"timestamp":1777184915182,"type":"alerts","deviceId":"ESP32_GREENHOUSE_01","data":{"timestamp":1777184915181,"deviceId":"ESP32_GREENHOUSE_01","event":"LIGHT_ACTIVITY","level":111,"raw":445,"diff":445,"message":"Quiet Level: 111"}}
{"timestamp":1777184921256,"type":"alerts","deviceId":"ESP32_GREENHOUSE_01","data":{"timestamp":1777184921256,"deviceId":"ESP32_GREENHOUSE_01","event":"LIGHT_ACTIVITY","level":93,"raw":375,"diff":375,"message":"Quiet Level: 93"}}
{"timestamp":1777184927303,"type":"alerts","deviceId":"ESP32_GREENHOUSE_01","data":{"timestamp":1777184927303,"deviceId":"ESP32_GREENHOUSE_01","event":"LIGHT_ACTIVITY","level":88,"raw":353,"diff":353,"message":"Quiet Level: 88"}}
{"timestamp":1777184933351,"type":"alerts","deviceId":"ESP32_GREENHOUSE_01","data":{"timestamp":1777184933351,"deviceId":"ESP32_GREENHOUSE_01","event":"LIGHT_ACTIVITY","level":231,"raw":927,"diff":927,"message":"Restless Level: 231"}}
{"timestamp":1777184939400,"type":"alerts","deviceId":"ESP32_GREENHOUSE_01","data":{"timestamp":1777184939400,"deviceId":"ESP32_GREENHOUSE_01","event":"LIGHT_ACTIVITY","level":106,"raw":424,"diff":424,"message":"Quiet Level: 106"}}
{"timestamp":1777184945453,"type":"alerts","deviceId":"ESP32_GREENHOUSE_01","data":{"timestamp":1777184945453,"deviceId":"ESP32_GREENHOUSE_01","event":"LIGHT_ACTIVITY","level":99,"raw":399,"diff":399,"message":"Quiet Level: 99"}}
{"timestamp":1777184951506,"type":"alerts","deviceId":"ESP32_GREENHOUSE_01","data":{"timestamp":1777184951506,"deviceId":"ESP32_GREENHOUSE_01","event":"LIGHT_ACTIVITY","level":79,"raw":318,"diff":318,"message":"Quiet Level: 79"}}
{"timestamp":1777184957577,"type":"alerts","deviceId":"ESP32_GREENHOUSE_01","data":{"timestamp":1777184957577,"deviceId":"ESP32_GREENHOUSE_01","event":"LIGHT_ACTIVITY","level":169,"raw":678,"diff":678,"message":"Light Activity Level: 169"}}
{"timestamp":1777184963625,"type":"alerts","deviceId":"ESP32_GREENHOUSE_01","data":{"timestamp":1777184963625,"deviceId":"ESP32_GREENHOUSE_01","event":"LIGHT_ACTIVITY","level":99,"raw":399,"diff":399,"message":"Quiet Level: 99"}}
{"timestamp":1777184969672,"type":"alerts","deviceId":"ESP32_GREENHOUSE_01","data":{"timestamp":1777184969672,"deviceId":"ESP32_GREENHOUSE_01","event":"LIGHT_ACTIVITY","level":148,"raw":592,"diff":592,"message":"Light Activity Level: 148"}}
{"timestamp":1777184975723,"type":"alerts","deviceId":"ESP32_GREENHOUSE_01","data":{"timestamp":1777184975723,"deviceId":"ESP32_GREENHOUSE_01","event":"LIGHT_ACTIVITY","level":82,"raw":328,"diff":328,"message":"Quiet Level: 82"}}
{"timestamp":1777184981778,"type":"alerts","deviceId":"ESP32_GREENHOUSE_01","data":{"timestamp":1777184981778,"deviceId":"ESP32_GREENHOUSE_01","event":"LIGHT_ACTIVITY","level":268,"raw":1074,"diff":1074,"message":"CRYING DETECTED! ⚠️ Level: 268"}}
{"timestamp":1777184987848,"type":"alerts","deviceId":"ESP32_GREENHOUSE_01","data":{"timestamp":1777184987848,"deviceId":"ESP32_GREENHOUSE_01","event":"LIGHT_ACTIVITY","level":119,"raw":477,"diff":477,"message":"Quiet Level: 119"}}
{"timestamp":1777184993896,"type":"alerts","deviceId":"ESP32_GREENHOUSE_01","data":{"timestamp":1777184993896,"deviceId":"ESP32_GREENHOUSE_01","event":"LIGHT_ACTIVITY","level":124,"raw":498,"diff":498,"message":"Quiet Level: 124"}}
{"timestamp":1777184999944,"type":"alerts","deviceId":"ESP32_GREENHOUSE_01","data":{"timestamp":1777184999944,"deviceId":"ESP32_GREENHOUSE_01","event":"LIGHT_ACTIVITY","level":92,"raw":370,"diff":370,"message":"Quiet Level: 92"}}
{"timestamp":1777185005994,"type":"alerts","deviceId":"ESP32_GREENHOUSE_01","data":{"timestamp":1777185005994,"deviceId":"ESP32_GREENHOUSE_01","event":"LIGHT_ACTIVITY","level":97,"raw":391,"diff":391,"message":"Quiet Level: 97"}}
{"timestamp":1777185012050,"type":"alerts","deviceId":"ESP32_GREENHOUSE_01","data":{"timestamp":1777185012050,"deviceId":"ESP32_GREENHOUSE_01","event":"LIGHT_ACTIVITY","level":101,"raw":405,"diff":405,"message":"Quiet Level: 101"}}
{"timestamp":1777185018119,"type":"alerts","deviceId":"ESP32_GREENHOUSE_01","data":{"timestamp":1777185018119,"deviceId":"ESP32_GREENHOUSE_01","event":"LIGHT_ACTIVITY","level":90,"raw":362,"diff":362,"message":"Quiet Level: 90"}}
{"timestamp":1777185024169,"type":"alerts","deviceId":"ESP32_GREENHOUSE_01","data":{"timestamp":1777185024169,"deviceId":"ESP32_GREENHOUSE_01","event":"LIGHT_ACTIVITY","level":141,"raw":564,"diff":564,"message":"CRYING DETECTED! ⚠️ Level: 141"}}
{"timestamp":1777185030219,"type":"alerts","deviceId":"ESP32_GREENHOUSE_01","data":{"timestamp":1777185030219,"deviceId":"ESP32_GREENHOUSE_01","event":"LIGHT_ACTIVITY","level":110,"raw":441,"diff":441,"message":"Quiet Level: 110"}}
{"timestamp":1777185036265,"type":"alerts","deviceId":"ESP32_GREENHOUSE_01","data":{"timestamp":1777185036265,"deviceId":"ESP32_GREENHOUSE_01","event":"LIGHT_ACTIVITY","level":97,"raw":390,"diff":390,"message":"Quiet Level: 97"}}
{"timestamp":1777185040302,"type":"alerts","deviceId":"ESP32_GREENHOUSE_01","data":{"timestamp":1777185040302,"deviceId":"ESP32_GREENHOUSE_01","event":"RESTLESS","level":118,"raw":472,"diff":472,"message":"Quiet Level: 118"}}
{"timestamp":1777185046376,"type":"alerts","deviceId":"ESP32_GREENHOUSE_01","data":{"timestamp":1777185046376,"deviceId":"ESP32_GREENHOUSE_01","event":"RESTLESS","level":121,"raw":485,"diff":485,"message":"Quiet Level: 121"}}
{"timestamp":1777185052424,"type":"alerts","deviceId":"ESP32_GREENHOUSE_01","data":{"timestamp":1777185052424,"deviceId":"ESP32_GREENHOUSE_01","event":"RESTLESS","level":119,"raw":479,"diff":479,"message":"Quiet Level: 119"}}
{"timestamp":1777185056457,"type":"alerts","deviceId":"ESP32_GREENHOUSE_01","data":{"timestamp":1777185056457,"deviceId":"ESP32_GREENHOUSE_01","event":"LIGHT_ACTIVITY","level":99,"raw":398,"diff":398,"message":"Quiet Level: 99"}}
{"timestamp":1777185062505,"type":"alerts","deviceId":"ESP32_GREENHOUSE_01","data":{"timestamp":1777185062505,"deviceId":"ESP32_GREENHOUSE_01","event":"LIGHT_ACTIVITY","level":97,"raw":391,"diff":391,"message":"Quiet Level: 97"}}
{"timestamp":1777185066537,"type":"alerts","deviceId":"ESP32_GREENHOUSE_01","data":{"timestamp":1777185066537,"deviceId":"ESP32_GREENHOUSE_01","event":"RESTLESS","level":231,"raw":927,"diff":927,"message":"CRYING DETECTED! ⚠️ Level: 231"}}
{"timestamp":1777185072603,"type":"alerts","deviceId":"ESP32_GREENHOUSE_01","data":{"timestamp":1777185072603,"deviceId":"ESP32_GREENHOUSE_01","event":"RESTLESS","level":339,"raw":1357,"diff":1357,"message":"CRYING DETECTED! ⚠️ Level: 339"}}
{"timestamp":1777185078665,"type":"alerts","deviceId":"ESP32_GREENHOUSE_01","data":{"timestamp":1777185078665,"deviceId":"ESP32_GREENHOUSE_01","event":"RESTLESS","level":159,"raw":636,"diff":636,"message":"Light Activity Level: 159"}}
{"timestamp":1777185084714,"type":"alerts","deviceId":"ESP32_GREENHOUSE_01","data":{"timestamp":1777185084714,"deviceId":"ESP32_GREENHOUSE_01","event":"RESTLESS","level":109,"raw":437,"diff":437,"message":"Quiet Level: 109"}}
{"timestamp":1777185090762,"type":"alerts","deviceId":"ESP32_GREENHOUSE_01","data":{"timestamp":1777185090762,"deviceId":"ESP32_GREENHOUSE_01","event":"RESTLESS","level":108,"raw":432,"diff":432,"message":"Quiet Level: 108"}}
{"timestamp":1777185096818,"type":"alerts","deviceId":"ESP32_GREENHOUSE_01","data":{"timestamp":1777185096818,"deviceId":"ESP32_GREENHOUSE_01","event":"RESTLESS","level":391,"raw":1564,"diff":1564,"message":"CRYING DETECTED! ⚠️ Level: 391"}}
{"timestamp":1777185102871,"type":"alerts","deviceId":"ESP32_GREENHOUSE_01","data":{"timestamp":1777185102871,"deviceId":"ESP32_GREENHOUSE_01","event":"RESTLESS","level":161,"raw":645,"diff":645,"message":"CRYING DETECTED! ⚠️ Level: 161"}}
{"timestamp":1777185108939,"type":"alerts","deviceId":"ESP32_GREENHOUSE_01","data":{"timestamp":1777185108939,"deviceId":"ESP32_GREENHOUSE_01","event":"RESTLESS","level":724,"raw":2896,"diff":2896,"message":"CRYING DETECTED! ⚠️ Level: 724"}}
{"timestamp":1777185110955,"type":"alerts","deviceId":"ESP32_GREENHOUSE_01","data":{"timestamp":1777185110955,"deviceId":"ESP32_GREENHOUSE_01","event":"CRYING","level":485,"raw":1942,"diff":1942,"message":"CRYING DETECTED! ⚠️ Level: 485"}}
{"timestamp":1777185114984,"type":"alerts","deviceId":"ESP32_GREENHOUSE_01","data":{"timestamp":1777185114984,"deviceId":"ESP32_GREENHOUSE_01","event":"RESTLESS","level":183,"raw":735,"diff":735,"message":"CRYING DETECTED! ⚠️ Level: 183"}}
{"timestamp":1777185121032,"type":"alerts","deviceId":"ESP32_GREENHOUSE_01","data":{"timestamp":1777185121032,"deviceId":"ESP32_GREENHOUSE_01","event":"RESTLESS","level":89,"raw":356,"diff":356,"message":"Quiet Level: 89"}}
{"timestamp":1777185127107,"type":"alerts","deviceId":"ESP32_GREENHOUSE_01","data":{"timestamp":1777185127107,"deviceId":"ESP32_GREENHOUSE_01","event":"RESTLESS","level":249,"raw":997,"diff":997,"message":"CRYING DETECTED! ⚠️ Level: 249"}}
{"timestamp":1777185129100,"type":"alerts","deviceId":"ESP32_GREENHOUSE_01","data":{"timestamp":1777185129100,"deviceId":"ESP32_GREENHOUSE_01","event":"CRYING","level":764,"raw":3058,"diff":3058,"message":"CRYING DETECTED! ⚠️ Level: 764"}}
{"timestamp":1777185133135,"type":"alerts","deviceId":"ESP32_GREENHOUSE_01","data":{"timestamp":1777185133135,"deviceId":"ESP32_GREENHOUSE_01","event":"RESTLESS","level":122,"raw":490,"diff":490,"message":"CRYING DETECTED! ⚠️ Level: 122"}}
{"timestamp":1777185139216,"type":"alerts","deviceId":"ESP32_GREENHOUSE_01","data":{"timestamp":1777185139216,"deviceId":"ESP32_GREENHOUSE_01","event":"CRYING","level":482,"raw":1930,"diff":1930,"message":"CRYING DETECTED! ⚠️ Level: 482"}}
{"timestamp":1777185149292,"type":"alerts","deviceId":"ESP32_GREENHOUSE_01","data":{"timestamp":1777185149292,"deviceId":"ESP32_GREENHOUSE_01","event":"CRYING","level":103,"raw":412,"diff":412,"message":"CRYING DETECTED! ⚠️ Level: 103"}}
{"timestamp":1777187865687,"type":"alerts","deviceId":"ESP32_GREENHOUSE_01","data":{"timestamp":1777187865687,"deviceId":"ESP32_GREENHOUSE_01","event":"LIGHT_ACTIVITY","level":93,"raw":375,"diff":375,"message":"CRYING DETECTED! ⚠️ Level: 93"}}
{"timestamp":1777187871734,"type":"alerts","deviceId":"ESP32_GREENHOUSE_01","data":{"timestamp":1777187871734,"deviceId":"ESP32_GREENHOUSE_01","event":"LIGHT_ACTIVITY","level":190,"raw":761,"diff":761,"message":"CRYING DETECTED! ⚠️ Level: 190"}}
{"timestamp":1777187877787,"type":"alerts","deviceId":"ESP32_GREENHOUSE_01","data":{"timestamp":1777187877787,"deviceId":"ESP32_GREENHOUSE_01","event":"LIGHT_ACTIVITY","level":167,"raw":670,"diff":670,"message":"CRYING DETECTED! ⚠️ Level: 167"}}
{"timestamp":1777187883862,"type":"alerts","deviceId":"ESP32_GREENHOUSE_01","data":{"timestamp":1777187883862,"deviceId":"ESP32_GREENHOUSE_01","event":"LIGHT_ACTIVITY","level":97,"raw":391,"diff":391,"message":"CRYING DETECTED! ⚠️ Level: 97"}}
{"timestamp":1777187885878,"type":"alerts","deviceId":"ESP32_GREENHOUSE_01","data":{"timestamp":1777187885878,"deviceId":"ESP32_GREENHOUSE_01","event":"RESTLESS","level":422,"raw":1691,"diff":1691,"message":"CRYING DETECTED! ⚠️ Level: 422"}}
{"timestamp":1777187889910,"type":"alerts","deviceId":"ESP32_GREENHOUSE_01","data":{"timestamp":1777187889910,"deviceId":"ESP32_GREENHOUSE_01","event":"LIGHT_ACTIVITY","level":96,"raw":387,"diff":387,"message":"CRYING DETECTED! ⚠️ Level: 96"}}
{"timestamp":1777187893944,"type":"alerts","deviceId":"ESP32_GREENHOUSE_01","data":{"timestamp":1777187893944,"deviceId":"ESP32_GREENHOUSE_01","event":"RESTLESS","level":302,"raw":1208,"diff":1208,"message":"CRYING DETECTED! ⚠️ Level: 302"}}
{"timestamp":1777188082265,"type":"alerts","deviceId":"ESP32_GREENHOUSE_01","data":{"timestamp":1777188082265,"deviceId":"ESP32_GREENHOUSE_01","event":"LIGHT_ACTIVITY","level":118,"raw":472,"diff":472,"message":"Quiet Level: 118"}}
{"timestamp":1777188088313,"type":"alerts","deviceId":"ESP32_GREENHOUSE_01","data":{"timestamp":1777188088313,"deviceId":"ESP32_GREENHOUSE_01","event":"LIGHT_ACTIVITY","level":258,"raw":1033,"diff":1033,"message":"CRYING DETECTED! ⚠️ Level: 258"}}
{"timestamp":1777188094361,"type":"alerts","deviceId":"ESP32_GREENHOUSE_01","data":{"timestamp":1777188094361,"deviceId":"ESP32_GREENHOUSE_01","event":"LIGHT_ACTIVITY","level":104,"raw":418,"diff":418,"message":"Quiet Level: 104"}}
{"timestamp":1777188100409,"type":"alerts","deviceId":"ESP32_GREENHOUSE_01","data":{"timestamp":1777188100409,"deviceId":"ESP32_GREENHOUSE_01","event":"LIGHT_ACTIVITY","level":225,"raw":903,"diff":903,"message":"Restless Level: 225"}}
{"timestamp":1777188102428,"type":"alerts","deviceId":"ESP32_GREENHOUSE_01","data":{"timestamp":1777188102428,"deviceId":"ESP32_GREENHOUSE_01","event":"RESTLESS","level":132,"raw":530,"diff":530,"message":"Quiet Level: 132"}}
{"timestamp":1777188108476,"type":"alerts","deviceId":"ESP32_GREENHOUSE_01","data":{"timestamp":1777188108476,"deviceId":"ESP32_GREENHOUSE_01","event":"RESTLESS","level":106,"raw":426,"diff":426,"message":"Quiet Level: 106"}}
{"timestamp":1777188114523,"type":"alerts","deviceId":"ESP32_GREENHOUSE_01","data":{"timestamp":1777188114523,"deviceId":"ESP32_GREENHOUSE_01","event":"RESTLESS","level":100,"raw":400,"diff":400,"message":"Quiet Level: 100"}}
{"timestamp":1777195554784,"type":"alerts","deviceId":"ESP32_GREENHOUSE_01","data":{"timestamp":1777195554784,"deviceId":"ESP32_GREENHOUSE_01","event":"RESTLESS","level":302,"raw":1208,"diff":1208,"message":"CRYING DETECTED! ⚠️ Level: 302"}}
{"timestamp":1777195560830,"type":"alerts","deviceId":"ESP32_GREENHOUSE_01","data":{"timestamp":1777195560830,"deviceId":"ESP32_GREENHOUSE_01","event":"RESTLESS","level":181,"raw":727,"diff":727,"message":"CRYING DETECTED! ⚠️ Level: 181"}}
{"timestamp":1777195562850,"type":"alerts","deviceId":"ESP32_GREENHOUSE_01","data":{"timestamp":1777195562850,"deviceId":"ESP32_GREENHOUSE_01","event":"LIGHT_ACTIVITY","level":116,"raw":467,"diff":467,"message":"CRYING DETECTED! ⚠️ Level: 116"}}
{"timestamp":1777195568893,"type":"alerts","deviceId":"ESP32_GREENHOUSE_01","data":{"timestamp":1777195568893,"deviceId":"ESP32_GREENHOUSE_01","event":"RESTLESS","level":140,"raw":562,"diff":562,"message":"Quiet Level: 140"}}
{"timestamp":1777195574943,"type":"alerts","deviceId":"ESP32_GREENHOUSE_01","data":{"timestamp":1777195574943,"deviceId":"ESP32_GREENHOUSE_01","event":"RESTLESS","level":136,"raw":544,"diff":544,"message":"Quiet Level: 136"}}
{"timestamp":1777195580993,"type":"alerts","deviceId":"ESP32_GREENHOUSE_01","data":{"timestamp":1777195580993,"deviceId":"ESP32_GREENHOUSE_01","event":"RESTLESS","level":261,"raw":1047,"diff":1047,"message":"CRYING DETECTED! ⚠️ Level: 261"}}
{"timestamp":1777195587038,"type":"alerts","deviceId":"ESP32_GREENHOUSE_01","data":{"timestamp":1777195587038,"deviceId":"ESP32_GREENHOUSE_01","event":"RESTLESS","level":1023,"raw":4551,"diff":4551,"message":"CRYING DETECTED! ⚠️ Level: 1023"}}
{"timestamp":1777195593085,"type":"alerts","deviceId":"ESP32_GREENHOUSE_01","data":{"timestamp":1777195593085,"deviceId":"ESP32_GREENHOUSE_01","event":"CRYING","level":248,"raw":993,"diff":993,"message":"CRYING DETECTED! ⚠️ Level: 248"}}
{"timestamp":1777195603166,"type":"alerts","deviceId":"ESP32_GREENHOUSE_01","data":{"timestamp":1777195603166,"deviceId":"ESP32_GREENHOUSE_01","event":"CRYING","level":135,"raw":542,"diff":542,"message":"CRYING DETECTED! ⚠️ Level: 135"}}
{"timestamp":1777195613258,"type":"alerts","deviceId":"ESP32_GREENHOUSE_01","data":{"timestamp":1777195613257,"deviceId":"ESP32_GREENHOUSE_01","event":"CRYING","level":264,"raw":1059,"diff":1059,"message":"Restless Level: 264"}}
{"timestamp":1777195617279,"type":"alerts","deviceId":"ESP32_GREENHOUSE_01","data":{"timestamp":1777195617279,"deviceId":"ESP32_GREENHOUSE_01","event":"RESTLESS","level":116,"raw":467,"diff":467,"message":"Quiet Level: 116"}}
{"timestamp":1777195623325,"type":"alerts","deviceId":"ESP32_GREENHOUSE_01","data":{"timestamp":1777195623325,"deviceId":"ESP32_GREENHOUSE_01","event":"CRYING","level":137,"raw":551,"diff":551,"message":"CRYING DETECTED! ⚠️ Level: 137"}}
{"timestamp":1777195633405,"type":"alerts","deviceId":"ESP32_GREENHOUSE_01","data":{"timestamp":1777195633405,"deviceId":"ESP32_GREENHOUSE_01","event":"CRYING","level":122,"raw":489,"diff":489,"message":"CRYING DETECTED! ⚠️ Level: 122"}}
{"timestamp":1777195643485,"type":"alerts","deviceId":"ESP32_GREENHOUSE_01","data":{"timestamp":1777195643485,"deviceId":"ESP32_GREENHOUSE_01","event":"CRYING","level":790,"raw":3163,"diff":3163,"message":"CRYING DETECTED! ⚠️ Level: 790"}}
{"timestamp":1777195653566,"type":"alerts","deviceId":"ESP32_GREENHOUSE_01","data":{"timestamp":1777195653566,"deviceId":"ESP32_GREENHOUSE_01","event":"CRYING","level":697,"raw":2788,"diff":2788,"message":"CRYING DETECTED! ⚠️ Level: 697"}}
