{"timestamp":1777107568140,"type":"alerts","deviceId":"ESP32_GREENHOUSE_01","data":{"timestamp":1777107568140,"deviceId":"ESP32_GREENHOUSE_01","event":"CRYING","level":76,"raw":306,"diff":306,"message":"CRYING DETECTED! ⚠️ Level: 76"}}
{"timestamp":1777107578223,"type":"alerts","deviceId":"ESP32_GREENHOUSE_01","data":{"timestamp":1777107578223,"deviceId":"ESP32_GREENHOUSE_01","event":"CRYING","level":106,"raw":424,"diff":424,"message":"CRYING DETECTED! ⚠️ Level: 106"}}
{"timestamp":1777107588847,"type":"alerts","deviceId":"ESP32_GREENHOUSE_01","data":{"timestamp":1777107588847,"deviceId":"ESP32_GREENHOUSE_01","event":"CRYING","level":82,"raw":328,"diff":328,"message":"CRYING DETECTED! ⚠️ Level: 82"}}
{"timestamp":1777107598925,"type":"alerts","deviceId":"ESP32_GREENHOUSE_01","data":{"timestamp":1777107598925,"deviceId":"ESP32_GREENHOUSE_01","event":"CRYING","level":83,"raw":332,"diff":332,"message":"CRYING DETECTED! ⚠️ Level: 83"}}
{"timestamp":1777107608998,"type":"alerts","deviceId":"ESP32_GREENHOUSE_01","data":{"timestamp":1777107608998,"deviceId":"ESP32_GREENHOUSE_01","event":"CRYING","level":111,"raw":446,"diff":446,"message":"CRYING DETECTED! ⚠️ Level: 111"}}
{"timestamp":1777107619085,"type":"alerts","deviceId":"ESP32_GREENHOUSE_01","data":{"timestamp":1777107619085,"deviceId":"ESP32_GREENHOUSE_01","event":"CRYING","level":79,"raw":319,"diff":319,"message":"CRYING DETECTED! ⚠️ Level: 79"}}
{"timestamp":1777107629165,"type":"alerts","deviceId":"ESP32_GREENHOUSE_01","data":{"timestamp":1777107629165,"deviceId":"ESP32_GREENHOUSE_01","event":"CRYING","level":83,"raw":333,"diff":333,"message":"CRYING DETECTED! ⚠️ Level: 83"}}
{"timestamp":1777107639241,"type":"alerts","deviceId":"ESP32_GREENHOUSE_01","data":{"timestamp":1777107639241,"deviceId":"ESP32_GREENHOUSE_01","event":"CRYING","level":125,"raw":502,"diff":502,"message":"CRYING DETECTED! ⚠️ Level: 125"}}
{"timestamp":1777107649320,"type":"alerts","deviceId":"ESP32_GREENHOUSE_01","data":{"timestamp":1777107649320,"deviceId":"ESP32_GREENHOUSE_01","event":"CRYING","level":86,"raw":345,"diff":345,"message":"CRYING DETECTED! ⚠️ Level: 86"}}
{"timestamp":1777107659399,"type":"alerts","deviceId":"ESP32_GREENHOUSE_01","data":{"timestamp":1777107659399,"deviceId":"ESP32_GREENHOUSE_01","event":"CRYING","level":508,"raw":2032,"diff":2032,"message":"CRYING DETECTED! ⚠️ Level: 508"}}
{"timestamp":1777107669485,"type":"alerts","deviceId":"ESP32_GREENHOUSE_01","data":{"timestamp":1777107669485,"deviceId":"ESP32_GREENHOUSE_01","event":"CRYING","level":155,"raw":622,"diff":622,"message":"CRYING DETECTED! ⚠️ Level: 155"}}
{"timestamp":1777107679560,"type":"alerts","deviceId":"ESP32_GREENHOUSE_01","data":{"timestamp":1777107679560,"deviceId":"ESP32_GREENHOUSE_01","event":"CRYING","level":186,"raw":747,"diff":747,"message":"CRYING DETECTED! ⚠️ Level: 186"}}
{"timestamp":1777107689639,"type":"alerts","deviceId":"ESP32_GREENHOUSE_01","data":{"timestamp":1777107689639,"deviceId":"ESP32_GREENHOUSE_01","event":"CRYING","level":118,"raw":473,"diff":473,"message":"CRYING DETECTED! ⚠️ Level: 118"}}
{"timestamp":1777107699723,"type":"alerts","deviceId":"ESP32_GREENHOUSE_01","data":{"timestamp":1777107699723,"deviceId":"ESP32_GREENHOUSE_01","event":"CRYING","level":95,"raw":382,"diff":382,"message":"CRYING DETECTED! ⚠️ Level: 95"}}
{"timestamp":1777107709800,"type":"alerts","deviceId":"ESP32_GREENHOUSE_01","data":{"timestamp":1777107709800,"deviceId":"ESP32_GREENHOUSE_01","event":"CRYING","level":79,"raw":318,"diff":318,"message":"CRYING DETECTED! ⚠️ Level: 79"}}
{"timestamp":1777107719880,"type":"alerts","deviceId":"ESP32_GREENHOUSE_01","data":{"timestamp":1777107719880,"deviceId":"ESP32_GREENHOUSE_01","event":"CRYING","level":95,"raw":383,"diff":383,"message":"CRYING DETECTED! ⚠️ Level: 95"}}
{"timestamp":1777107729960,"type":"alerts","deviceId":"ESP32_GREENHOUSE_01","data":{"timestamp":1777107729960,"deviceId":"ESP32_GREENHOUSE_01","event":"CRYING","level":79,"raw":317,"diff":317,"message":"CRYING DETECTED! ⚠️ Level: 79"}}
{"timestamp":1777107740041,"type":"alerts","deviceId":"ESP32_GREENHOUSE_01","data":{"timestamp":1777107740040,"deviceId":"ESP32_GREENHOUSE_01","event":"CRYING","level":94,"raw":378,"diff":378,"message":"CRYING DETECTED! ⚠️ Level: 94"}}
{"timestamp":1777107750121,"type":"alerts","deviceId":"ESP32_GREENHOUSE_01","data":{"timestamp":1777107750120,"deviceId":"ESP32_GREENHOUSE_01","event":"CRYING","level":69,"raw":276,"diff":276,"message":"CRYING DETECTED! ⚠️ Level: 69"}}
{"timestamp":1777107760201,"type":"alerts","deviceId":"ESP32_GREENHOUSE_01","data":{"timestamp":1777107760201,"deviceId":"ESP32_GREENHOUSE_01","event":"CRYING","level":67,"raw":269,"diff":269,"message":"CRYING DETECTED! ⚠️ Level: 67"}}
{"timestamp":1777107770280,"type":"alerts","deviceId":"ESP32_GREENHOUSE_01","data":{"timestamp":1777107770280,"deviceId":"ESP32_GREENHOUSE_01","event":"CRYING","level":89,"raw":359,"diff":359,"message":"CRYING DETECTED! ⚠️ Level: 89"}}
{"timestamp":1777107780361,"type":"alerts","deviceId":"ESP32_GREENHOUSE_01","data":{"timestamp":1777107780360,"deviceId":"ESP32_GREENHOUSE_01","event":"CRYING","level":73,"raw":292,"diff":292,"message":"CRYING DETECTED! ⚠️ Level: 73"}}
{"timestamp":1777107790442,"type":"alerts","deviceId":"ESP32_GREENHOUSE_01","data":{"timestamp":1777107790442,"deviceId":"ESP32_GREENHOUSE_01","event":"CRYING","level":67,"raw":268,"diff":268,"message":"CRYING DETECTED! ⚠️ Level: 67"}}
{"timestamp":1777107800521,"type":"alerts","deviceId":"ESP32_GREENHOUSE_01","data":{"timestamp":1777107800521,"deviceId":"ESP32_GREENHOUSE_01","event":"CRYING","level":76,"raw":307,"diff":307,"message":"CRYING DETECTED! ⚠️ Level: 76"}}
{"timestamp":1777107810601,"type":"alerts","deviceId":"ESP32_GREENHOUSE_01","data":{"timestamp":1777107810601,"deviceId":"ESP32_GREENHOUSE_01","event":"CRYING","level":72,"raw":291,"diff":291,"message":"CRYING DETECTED! ⚠️ Level: 72"}}
{"timestamp":1777107820681,"type":"alerts","deviceId":"ESP32_GREENHOUSE_01","data":{"timestamp":1777107820681,"deviceId":"ESP32_GREENHOUSE_01","event":"CRYING","level":56,"raw":227,"diff":227,"message":"CRYING DETECTED! ⚠️ Level: 56"}}
{"timestamp":1777107830760,"type":"alerts","deviceId":"ESP32_GREENHOUSE_01","data":{"timestamp":1777107830760,"deviceId":"ESP32_GREENHOUSE_01","event":"CRYING","level":98,"raw":392,"diff":392,"message":"CRYING DETECTED! ⚠️ Level: 98"}}
{"timestamp":1777107840841,"type":"alerts","deviceId":"ESP32_GREENHOUSE_01","data":{"timestamp":1777107840841,"deviceId":"ESP32_GREENHOUSE_01","event":"CRYING","level":73,"raw":293,"diff":293,"message":"CRYING DETECTED! ⚠️ Level: 73"}}
{"timestamp":1777107850921,"type":"alerts","deviceId":"ESP32_GREENHOUSE_01","data":{"timestamp":1777107850921,"deviceId":"ESP32_GREENHOUSE_01","event":"CRYING","level":77,"raw":310,"diff":310,"message":"CRYING DETECTED! ⚠️ Level: 77"}}
{"timestamp":1777107861005,"type":"alerts","deviceId":"ESP32_GREENHOUSE_01","data":{"timestamp":1777107861005,"deviceId":"ESP32_GREENHOUSE_01","event":"CRYING","level":113,"raw":453,"diff":453,"message":"CRYING DETECTED! ⚠️ Level: 113"}}
{"timestamp":1777107871081,"type":"alerts","deviceId":"ESP32_GREENHOUSE_01","data":{"timestamp":1777107871081,"deviceId":"ESP32_GREENHOUSE_01","event":"CRYING","level":114,"raw":456,"diff":456,"message":"CRYING DETECTED! ⚠️ Level: 114"}}
{"timestamp":1777107881161,"type":"alerts","deviceId":"ESP32_GREENHOUSE_01","data":{"timestamp":1777107881161,"deviceId":"ESP32_GREENHOUSE_01","event":"CRYING","level":84,"raw":338,"diff":338,"message":"CRYING DETECTED! ⚠️ Level: 84"}}
{"timestamp":1777107891241,"type":"alerts","deviceId":"ESP32_GREENHOUSE_01","data":{"timestamp":1777107891241,"deviceId":"ESP32_GREENHOUSE_01","event":"CRYING","level":73,"raw":294,"diff":294,"message":"CRYING DETECTED! ⚠️ Level: 73"}}
{"timestamp":1777107901321,"type":"alerts","deviceId":"ESP32_GREENHOUSE_01","data":{"timestamp":1777107901321,"deviceId":"ESP32_GREENHOUSE_01","event":"CRYING","level":74,"raw":296,"diff":296,"message":"CRYING DETECTED! ⚠️ Level: 74"}}
{"timestamp":1777107911401,"type":"alerts","deviceId":"ESP32_GREENHOUSE_01","data":{"timestamp":1777107911401,"deviceId":"ESP32_GREENHOUSE_01","event":"CRYING","level":68,"raw":275,"diff":275,"message":"CRYING DETECTED! ⚠️ Level: 68"}}
{"timestamp":1777107921481,"type":"alerts","deviceId":"ESP32_GREENHOUSE_01","data":{"timestamp":1777107921481,"deviceId":"ESP32_GREENHOUSE_01","event":"CRYING","level":64,"raw":257,"diff":257,"message":"CRYING DETECTED! ⚠️ Level: 64"}}
{"timestamp":1777107931562,"type":"alerts","deviceId":"ESP32_GREENHOUSE_01","data":{"timestamp":1777107931562,"deviceId":"ESP32_GREENHOUSE_01","event":"CRYING","level":72,"raw":288,"diff":288,"message":"CRYING DETECTED! ⚠️ Level: 72"}}
{"timestamp":1777107941641,"type":"alerts","deviceId":"ESP32_GREENHOUSE_01","data":{"timestamp":1777107941641,"deviceId":"ESP32_GREENHOUSE_01","event":"CRYING","level":84,"raw":339,"diff":339,"message":"CRYING DETECTED! ⚠️ Level: 84"}}
{"timestamp":1777107951721,"type":"alerts","deviceId":"ESP32_GREENHOUSE_01","data":{"timestamp":1777107951721,"deviceId":"ESP32_GREENHOUSE_01","event":"CRYING","level":70,"raw":282,"diff":282,"message":"CRYING DETECTED! ⚠️ Level: 70"}}
{"timestamp":1777107961802,"type":"alerts","deviceId":"ESP32_GREENHOUSE_01","data":{"timestamp":1777107961802,"deviceId":"ESP32_GREENHOUSE_01","event":"CRYING","level":90,"raw":362,"diff":362,"message":"CRYING DETECTED! ⚠️ Level: 90"}}
{"timestamp":1777107971882,"type":"alerts","deviceId":"ESP32_GREENHOUSE_01","data":{"timestamp":1777107971882,"deviceId":"ESP32_GREENHOUSE_01","event":"CRYING","level":65,"raw":262,"diff":262,"message":"CRYING DETECTED! ⚠️ Level: 65"}}
{"timestamp":1777107981962,"type":"alerts","deviceId":"ESP32_GREENHOUSE_01","data":{"timestamp":1777107981962,"deviceId":"ESP32_GREENHOUSE_01","event":"CRYING","level":82,"raw":329,"diff":329,"message":"CRYING DETECTED! ⚠️ Level: 82"}}
{"timestamp":1777107992042,"type":"alerts","deviceId":"ESP32_GREENHOUSE_01","data":{"timestamp":1777107992042,"deviceId":"ESP32_GREENHOUSE_01","event":"CRYING","level":70,"raw":281,"diff":281,"message":"CRYING DETECTED! ⚠️ Level: 70"}}
{"timestamp":1777108002122,"type":"alerts","deviceId":"ESP32_GREENHOUSE_01","data":{"timestamp":1777108002122,"deviceId":"ESP32_GREENHOUSE_01","event":"CRYING","level":79,"raw":317,"diff":317,"message":"CRYING DETECTED! ⚠️ Level: 79"}}
{"timestamp":1777108012202,"type":"alerts","deviceId":"ESP32_GREENHOUSE_01","data":{"timestamp":1777108012202,"deviceId":"ESP32_GREENHOUSE_01","event":"CRYING","level":78,"raw":313,"diff":313,"message":"CRYING DETECTED! ⚠️ Level: 78"}}
{"timestamp":1777108022286,"type":"alerts","deviceId":"ESP32_GREENHOUSE_01","data":{"timestamp":1777108022286,"deviceId":"ESP32_GREENHOUSE_01","event":"CRYING","level":83,"raw":334,"diff":334,"message":"CRYING DETECTED! ⚠️ Level: 83"}}
{"timestamp":1777108032366,"type":"alerts","deviceId":"ESP32_GREENHOUSE_01","data":{"timestamp":1777108032365,"deviceId":"ESP32_GREENHOUSE_01","event":"CRYING","level":80,"raw":323,"diff":323,"message":"CRYING DETECTED! ⚠️ Level: 80"}}
{"timestamp":1777108042442,"type":"alerts","deviceId":"ESP32_GREENHOUSE_01","data":{"timestamp":1777108042442,"deviceId":"ESP32_GREENHOUSE_01","event":"CRYING","level":86,"raw":347,"diff":347,"message":"CRYING DETECTED! ⚠️ Level: 86"}}
{"timestamp":1777108052523,"type":"alerts","deviceId":"ESP32_GREENHOUSE_01","data":{"timestamp":1777108052522,"deviceId":"ESP32_GREENHOUSE_01","event":"CRYING","level":73,"raw":292,"diff":292,"message":"CRYING DETECTED! ⚠️ Level: 73"}}
{"timestamp":1777108062603,"type":"alerts","deviceId":"ESP32_GREENHOUSE_01","data":{"timestamp":1777108062603,"deviceId":"ESP32_GREENHOUSE_01","event":"CRYING","level":62,"raw":248,"diff":248,"message":"CRYING DETECTED! ⚠️ Level: 62"}}
{"timestamp":1777108072683,"type":"alerts","deviceId":"ESP32_GREENHOUSE_01","data":{"timestamp":1777108072682,"deviceId":"ESP32_GREENHOUSE_01","event":"CRYING","level":64,"raw":256,"diff":256,"message":"CRYING DETECTED! ⚠️ Level: 64"}}
{"timestamp":1777108082763,"type":"alerts","deviceId":"ESP32_GREENHOUSE_01","data":{"timestamp":1777108082763,"deviceId":"ESP32_GREENHOUSE_01","event":"CRYING","level":86,"raw":347,"diff":347,"message":"CRYING DETECTED! ⚠️ Level: 86"}}
{"timestamp":1777108092843,"type":"alerts","deviceId":"ESP32_GREENHOUSE_01","data":{"timestamp":1777108092843,"deviceId":"ESP32_GREENHOUSE_01","event":"CRYING","level":76,"raw":305,"diff":305,"message":"CRYING DETECTED! ⚠️ Level: 76"}}
{"timestamp":1777108102923,"type":"alerts","deviceId":"ESP32_GREENHOUSE_01","data":{"timestamp":1777108102923,"deviceId":"ESP32_GREENHOUSE_01","event":"CRYING","level":76,"raw":306,"diff":306,"message":"CRYING DETECTED! ⚠️ Level: 76"}}
{"timestamp":1777108113003,"type":"alerts","deviceId":"ESP32_GREENHOUSE_01","data":{"timestamp":1777108113003,"deviceId":"ESP32_GREENHOUSE_01","event":"CRYING","level":77,"raw":311,"diff":311,"message":"CRYING DETECTED! ⚠️ Level: 77"}}
{"timestamp":1777108123083,"type":"alerts","deviceId":"ESP32_GREENHOUSE_01","data":{"timestamp":1777108123083,"deviceId":"ESP32_GREENHOUSE_01","event":"CRYING","level":71,"raw":287,"diff":287,"message":"CRYING DETECTED! ⚠️ Level: 71"}}
{"timestamp":1777108133170,"type":"alerts","deviceId":"ESP32_GREENHOUSE_01","data":{"timestamp":1777108133169,"deviceId":"ESP32_GREENHOUSE_01","event":"CRYING","level":87,"raw":348,"diff":348,"message":"CRYING DETECTED! ⚠️ Level: 87"}}
{"timestamp":1777108143245,"type":"alerts","deviceId":"ESP32_GREENHOUSE_01","data":{"timestamp":1777108143245,"deviceId":"ESP32_GREENHOUSE_01","event":"CRYING","level":73,"raw":295,"diff":295,"message":"CRYING DETECTED! ⚠️ Level: 73"}}
{"timestamp":1777108153323,"type":"alerts","deviceId":"ESP32_GREENHOUSE_01","data":{"timestamp":1777108153323,"deviceId":"ESP32_GREENHOUSE_01","event":"CRYING","level":84,"raw":338,"diff":338,"message":"CRYING DETECTED! ⚠️ Level: 84"}}
{"timestamp":1777108163406,"type":"alerts","deviceId":"ESP32_GREENHOUSE_01","data":{"timestamp":1777108163406,"deviceId":"ESP32_GREENHOUSE_01","event":"CRYING","level":85,"raw":340,"diff":340,"message":"CRYING DETECTED! ⚠️ Level: 85"}}
{"timestamp":1777108173454,"type":"alerts","deviceId":"ESP32_GREENHOUSE_01","data":{"timestamp":1777108173454,"deviceId":"ESP32_GREENHOUSE_01","event":"CRYING","level":66,"raw":267,"diff":267,"message":"CRYING DETECTED! ⚠️ Level: 66"}}
{"timestamp":1777108183563,"type":"alerts","deviceId":"ESP32_GREENHOUSE_01","data":{"timestamp":1777108183563,"deviceId":"ESP32_GREENHOUSE_01","event":"CRYING","level":88,"raw":353,"diff":353,"message":"CRYING DETECTED! ⚠️ Level: 88"}}
{"timestamp":1777108193644,"type":"alerts","deviceId":"ESP32_GREENHOUSE_01","data":{"timestamp":1777108193644,"deviceId":"ESP32_GREENHOUSE_01","event":"CRYING","level":83,"raw":333,"diff":333,"message":"CRYING DETECTED! ⚠️ Level: 83"}}
{"timestamp":1777108203724,"type":"alerts","deviceId":"ESP32_GREENHOUSE_01","data":{"timestamp":1777108203724,"deviceId":"ESP32_GREENHOUSE_01","event":"CRYING","level":93,"raw":373,"diff":373,"message":"CRYING DETECTED! ⚠️ Level: 93"}}
{"timestamp":1777108213836,"type":"alerts","deviceId":"ESP32_GREENHOUSE_01","data":{"timestamp":1777108213836,"deviceId":"ESP32_GREENHOUSE_01","event":"CRYING","level":79,"raw":318,"diff":318,"message":"CRYING DETECTED! ⚠️ Level: 79"}}
{"timestamp":1777108223916,"type":"alerts","deviceId":"ESP32_GREENHOUSE_01","data":{"timestamp":1777108223916,"deviceId":"ESP32_GREENHOUSE_01","event":"CRYING","level":71,"raw":284,"diff":284,"message":"CRYING DETECTED! ⚠️ Level: 71"}}
{"timestamp":1777108233996,"type":"alerts","deviceId":"ESP32_GREENHOUSE_01","data":{"timestamp":1777108233996,"deviceId":"ESP32_GREENHOUSE_01","event":"CRYING","level":79,"raw":319,"diff":319,"message":"CRYING DETECTED! ⚠️ Level: 79"}}
{"timestamp":1777108244088,"type":"alerts","deviceId":"ESP32_GREENHOUSE_01","data":{"timestamp":1777108244088,"deviceId":"ESP32_GREENHOUSE_01","event":"CRYING","level":59,"raw":237,"diff":237,"message":"CRYING DETECTED! ⚠️ Level: 59"}}
{"timestamp":1777108254188,"type":"alerts","deviceId":"ESP32_GREENHOUSE_01","data":{"timestamp":1777108254188,"deviceId":"ESP32_GREENHOUSE_01","event":"CRYING","level":80,"raw":320,"diff":320,"message":"CRYING DETECTED! ⚠️ Level: 80"}}
{"timestamp":1777108264268,"type":"alerts","deviceId":"ESP32_GREENHOUSE_01","data":{"timestamp":1777108264268,"deviceId":"ESP32_GREENHOUSE_01","event":"CRYING","level":70,"raw":281,"diff":281,"message":"CRYING DETECTED! ⚠️ Level: 70"}}
{"timestamp":1777108274354,"type":"alerts","deviceId":"ESP32_GREENHOUSE_01","data":{"timestamp":1777108274354,"deviceId":"ESP32_GREENHOUSE_01","event":"CRYING","level":80,"raw":321,"diff":321,"message":"CRYING DETECTED! ⚠️ Level: 80"}}
{"timestamp":1777108284460,"type":"alerts","deviceId":"ESP32_GREENHOUSE_01","data":{"timestamp":1777108284460,"deviceId":"ESP32_GREENHOUSE_01","event":"CRYING","level":78,"raw":314,"diff":314,"message":"CRYING DETECTED! ⚠️ Level: 78"}}
{"timestamp":1777108294540,"type":"alerts","deviceId":"ESP32_GREENHOUSE_01","data":{"timestamp":1777108294540,"deviceId":"ESP32_GREENHOUSE_01","event":"CRYING","level":86,"raw":347,"diff":347,"message":"CRYING DETECTED! ⚠️ Level: 86"}}
{"timestamp":1777108304626,"type":"alerts","deviceId":"ESP32_GREENHOUSE_01","data":{"timestamp":1777108304626,"deviceId":"ESP32_GREENHOUSE_01","event":"CRYING","level":78,"raw":312,"diff":312,"message":"CRYING DETECTED! ⚠️ Level: 78"}}
{"timestamp":1777108314732,"type":"alerts","deviceId":"ESP32_GREENHOUSE_01","data":{"timestamp":1777108314732,"deviceId":"ESP32_GREENHOUSE_01","event":"CRYING","level":89,"raw":357,"diff":357,"message":"CRYING DETECTED! ⚠️ Level: 89"}}
{"timestamp":1777108324814,"type":"alerts","deviceId":"ESP32_GREENHOUSE_01","data":{"timestamp":1777108324814,"deviceId":"ESP32_GREENHOUSE_01","event":"CRYING","level":68,"raw":272,"diff":272,"message":"CRYING DETECTED! ⚠️ Level: 68"}}
{"timestamp":1777108334893,"type":"alerts","deviceId":"ESP32_GREENHOUSE_01","data":{"timestamp":1777108334893,"deviceId":"ESP32_GREENHOUSE_01","event":"CRYING","level":87,"raw":351,"diff":351,"message":"CRYING DETECTED! ⚠️ Level: 87"}}
{"timestamp":1777108345004,"type":"alerts","deviceId":"ESP32_GREENHOUSE_01","data":{"timestamp":1777108345004,"deviceId":"ESP32_GREENHOUSE_01","event":"CRYING","level":82,"raw":328,"diff":328,"message":"CRYING DETECTED! ⚠️ Level: 82"}}
{"timestamp":1777108355096,"type":"alerts","deviceId":"ESP32_GREENHOUSE_01","data":{"timestamp":1777108355095,"deviceId":"ESP32_GREENHOUSE_01","event":"CRYING","level":79,"raw":318,"diff":318,"message":"CRYING DETECTED! ⚠️ Level: 79"}}
{"timestamp":1777108365174,"type":"alerts","deviceId":"ESP32_GREENHOUSE_01","data":{"timestamp":1777108365174,"deviceId":"ESP32_GREENHOUSE_01","event":"CRYING","level":72,"raw":289,"diff":289,"message":"CRYING DETECTED! ⚠️ Level: 72"}}
{"timestamp":1777108375252,"type":"alerts","deviceId":"ESP32_GREENHOUSE_01","data":{"timestamp":1777108375252,"deviceId":"ESP32_GREENHOUSE_01","event":"CRYING","level":61,"raw":246,"diff":246,"message":"CRYING DETECTED! ⚠️ Level: 61"}}
{"timestamp":1777108385357,"type":"alerts","deviceId":"ESP32_GREENHOUSE_01","data":{"timestamp":1777108385357,"deviceId":"ESP32_GREENHOUSE_01","event":"CRYING","level":90,"raw":360,"diff":360,"message":"CRYING DETECTED! ⚠️ Level: 90"}}
{"timestamp":1777108395437,"type":"alerts","deviceId":"ESP32_GREENHOUSE_01","data":{"timestamp":1777108395437,"deviceId":"ESP32_GREENHOUSE_01","event":"CRYING","level":59,"raw":239,"diff":239,"message":"CRYING DETECTED! ⚠️ Level: 59"}}
{"timestamp":1777108405522,"type":"alerts","deviceId":"ESP32_GREENHOUSE_01","data":{"timestamp":1777108405522,"deviceId":"ESP32_GREENHOUSE_01","event":"CRYING","level":72,"raw":288,"diff":288,"message":"CRYING DETECTED! ⚠️ Level: 72"}}
{"timestamp":1777108415629,"type":"alerts","deviceId":"ESP32_GREENHOUSE_01","data":{"timestamp":1777108415629,"deviceId":"ESP32_GREENHOUSE_01","event":"CRYING","level":71,"raw":285,"diff":285,"message":"CRYING DETECTED! ⚠️ Level: 71"}}
{"timestamp":1777108425709,"type":"alerts","deviceId":"ESP32_GREENHOUSE_01","data":{"timestamp":1777108425709,"deviceId":"ESP32_GREENHOUSE_01","event":"CRYING","level":71,"raw":286,"diff":286,"message":"CRYING DETECTED! ⚠️ Level: 71"}}
{"timestamp":1777108435792,"type":"alerts","deviceId":"ESP32_GREENHOUSE_01","data":{"timestamp":1777108435792,"deviceId":"ESP32_GREENHOUSE_01","event":"CRYING","level":65,"raw":262,"diff":262,"message":"CRYING DETECTED! ⚠️ Level: 65"}}
{"timestamp":1777108445903,"type":"alerts","deviceId":"ESP32_GREENHOUSE_01","data":{"timestamp":1777108445903,"deviceId":"ESP32_GREENHOUSE_01","event":"CRYING","level":73,"raw":292,"diff":292,"message":"CRYING DETECTED! ⚠️ Level: 73"}}
{"timestamp":1777108455983,"type":"alerts","deviceId":"ESP32_GREENHOUSE_01","data":{"timestamp":1777108455983,"deviceId":"ESP32_GREENHOUSE_01","event":"CRYING","level":61,"raw":245,"diff":245,"message":"CRYING DETECTED! ⚠️ Level: 61"}}
{"timestamp":1777108466062,"type":"alerts","deviceId":"ESP32_GREENHOUSE_01","data":{"timestamp":1777108466062,"deviceId":"ESP32_GREENHOUSE_01","event":"CRYING","level":88,"raw":354,"diff":354,"message":"CRYING DETECTED! ⚠️ Level: 88"}}
{"timestamp":1777108476174,"type":"alerts","deviceId":"ESP32_GREENHOUSE_01","data":{"timestamp":1777108476174,"deviceId":"ESP32_GREENHOUSE_01","event":"CRYING","level":77,"raw":309,"diff":309,"message":"CRYING DETECTED! ⚠️ Level: 77"}}
{"timestamp":1777108486253,"type":"alerts","deviceId":"ESP32_GREENHOUSE_01","data":{"timestamp":1777108486253,"deviceId":"ESP32_GREENHOUSE_01","event":"CRYING","level":58,"raw":235,"diff":235,"message":"CRYING DETECTED! ⚠️ Level: 58"}}
{"timestamp":1777108496337,"type":"alerts","deviceId":"ESP32_GREENHOUSE_01","data":{"timestamp":1777108496336,"deviceId":"ESP32_GREENHOUSE_01","event":"CRYING","level":69,"raw":277,"diff":277,"message":"CRYING DETECTED! ⚠️ Level: 69"}}
{"timestamp":1777108506422,"type":"alerts","deviceId":"ESP32_GREENHOUSE_01","data":{"timestamp":1777108506422,"deviceId":"ESP32_GREENHOUSE_01","event":"CRYING","level":85,"raw":342,"diff":342,"message":"CRYING DETECTED! ⚠️ Level: 85"}}
{"timestamp":1777108516526,"type":"alerts","deviceId":"ESP32_GREENHOUSE_01","data":{"timestamp":1777108516526,"deviceId":"ESP32_GREENHOUSE_01","event":"CRYING","level":71,"raw":286,"diff":286,"message":"CRYING DETECTED! ⚠️ Level: 71"}}
{"timestamp":1777108526630,"type":"alerts","deviceId":"ESP32_GREENHOUSE_01","data":{"timestamp":1777108526630,"deviceId":"ESP32_GREENHOUSE_01","event":"CRYING","level":73,"raw":295,"diff":295,"message":"CRYING DETECTED! ⚠️ Level: 73"}}
{"timestamp":1777108536691,"type":"alerts","deviceId":"ESP32_GREENHOUSE_01","data":{"timestamp":1777108536691,"deviceId":"ESP32_GREENHOUSE_01","event":"CRYING","level":84,"raw":338,"diff":338,"message":"CRYING DETECTED! ⚠️ Level: 84"}}
{"timestamp":1777108546849,"type":"alerts","deviceId":"ESP32_GREENHOUSE_01","data":{"timestamp":1777108546848,"deviceId":"ESP32_GREENHOUSE_01","event":"CRYING","level":76,"raw":306,"diff":306,"message":"CRYING DETECTED! ⚠️ Level: 76"}}
{"timestamp":1777108556878,"type":"alerts","deviceId":"ESP32_GREENHOUSE_01","data":{"timestamp":1777108556878,"deviceId":"ESP32_GREENHOUSE_01","event":"CRYING","level":68,"raw":274,"diff":274,"message":"CRYING DETECTED! ⚠️ Level: 68"}}
{"timestamp":1777108567006,"type":"alerts","deviceId":"ESP32_GREENHOUSE_01","data":{"timestamp":1777108567006,"deviceId":"ESP32_GREENHOUSE_01","event":"CRYING","level":104,"raw":418,"diff":418,"message":"CRYING DETECTED! ⚠️ Level: 104"}}
{"timestamp":1777108577070,"type":"alerts","deviceId":"ESP32_GREENHOUSE_01","data":{"timestamp":1777108577070,"deviceId":"ESP32_GREENHOUSE_01","event":"CRYING","level":88,"raw":354,"diff":354,"message":"CRYING DETECTED! ⚠️ Level: 88"}}
{"timestamp":1777108587150,"type":"alerts","deviceId":"ESP32_GREENHOUSE_01","data":{"timestamp":1777108587150,"deviceId":"ESP32_GREENHOUSE_01","event":"CRYING","level":81,"raw":325,"diff":325,"message":"CRYING DETECTED! ⚠️ Level: 81"}}
{"timestamp":1777108597230,"type":"alerts","deviceId":"ESP32_GREENHOUSE_01","data":{"timestamp":1777108597230,"deviceId":"ESP32_GREENHOUSE_01","event":"CRYING","level":87,"raw":349,"diff":349,"message":"CRYING DETECTED! ⚠️ Level: 87"}}
{"timestamp":1777108607342,"type":"alerts","deviceId":"ESP32_GREENHOUSE_01","data":{"timestamp":1777108607342,"deviceId":"ESP32_GREENHOUSE_01","event":"CRYING","level":82,"raw":328,"diff":328,"message":"CRYING DETECTED! ⚠️ Level: 82"}}
{"timestamp":1777108617425,"type":"alerts","deviceId":"ESP32_GREENHOUSE_01","data":{"timestamp":1777108617425,"deviceId":"ESP32_GREENHOUSE_01","event":"CRYING","level":72,"raw":290,"diff":290,"message":"CRYING DETECTED! ⚠️ Level: 72"}}
{"timestamp":1777108627503,"type":"alerts","deviceId":"ESP32_GREENHOUSE_01","data":{"timestamp":1777108627503,"deviceId":"ESP32_GREENHOUSE_01","event":"CRYING","level":51,"raw":206,"diff":206,"message":"CRYING DETECTED! ⚠️ Level: 51"}}
{"timestamp":1777108637591,"type":"alerts","deviceId":"ESP32_GREENHOUSE_01","data":{"timestamp":1777108637590,"deviceId":"ESP32_GREENHOUSE_01","event":"CRYING","level":42,"raw":169,"diff":169,"message":"CRYING DETECTED! ⚠️ Level: 42"}}
{"timestamp":1777108647695,"type":"alerts","deviceId":"ESP32_GREENHOUSE_01","data":{"timestamp":1777108647695,"deviceId":"ESP32_GREENHOUSE_01","event":"CRYING","level":35,"raw":142,"diff":142,"message":"CRYING DETECTED! ⚠️ Level: 35"}}
{"timestamp":1777108657775,"type":"alerts","deviceId":"ESP32_GREENHOUSE_01","data":{"timestamp":1777108657775,"deviceId":"ESP32_GREENHOUSE_01","event":"CRYING","level":58,"raw":232,"diff":232,"message":"CRYING DETECTED! ⚠️ Level: 58"}}
{"timestamp":1777108667861,"type":"alerts","deviceId":"ESP32_GREENHOUSE_01","data":{"timestamp":1777108667861,"deviceId":"ESP32_GREENHOUSE_01","event":"CRYING","level":46,"raw":187,"diff":187,"message":"CRYING DETECTED! ⚠️ Level: 46"}}
{"timestamp":1777108677967,"type":"alerts","deviceId":"ESP32_GREENHOUSE_01","data":{"timestamp":1777108677966,"deviceId":"ESP32_GREENHOUSE_01","event":"CRYING","level":54,"raw":216,"diff":216,"message":"CRYING DETECTED! ⚠️ Level: 54"}}
{"timestamp":1777108688047,"type":"alerts","deviceId":"ESP32_GREENHOUSE_01","data":{"timestamp":1777108688046,"deviceId":"ESP32_GREENHOUSE_01","event":"CRYING","level":32,"raw":129,"diff":129,"message":"CRYING DETECTED! ⚠️ Level: 32"}}
{"timestamp":1777108698133,"type":"alerts","deviceId":"ESP32_GREENHOUSE_01","data":{"timestamp":1777108698133,"deviceId":"ESP32_GREENHOUSE_01","event":"CRYING","level":48,"raw":195,"diff":195,"message":"CRYING DETECTED! ⚠️ Level: 48"}}
{"timestamp":1777108708239,"type":"alerts","deviceId":"ESP32_GREENHOUSE_01","data":{"timestamp":1777108708239,"deviceId":"ESP32_GREENHOUSE_01","event":"CRYING","level":44,"raw":176,"diff":176,"message":"CRYING DETECTED! ⚠️ Level: 44"}}
{"timestamp":1777108718319,"type":"alerts","deviceId":"ESP32_GREENHOUSE_01","data":{"timestamp":1777108718319,"deviceId":"ESP32_GREENHOUSE_01","event":"CRYING","level":38,"raw":154,"diff":154,"message":"CRYING DETECTED! ⚠️ Level: 38"}}
{"timestamp":1777108728402,"type":"alerts","deviceId":"ESP32_GREENHOUSE_01","data":{"timestamp":1777108728402,"deviceId":"ESP32_GREENHOUSE_01","event":"CRYING","level":59,"raw":237,"diff":237,"message":"CRYING DETECTED! ⚠️ Level: 59"}}
{"timestamp":1777108738511,"type":"alerts","deviceId":"ESP32_GREENHOUSE_01","data":{"timestamp":1777108738511,"deviceId":"ESP32_GREENHOUSE_01","event":"CRYING","level":48,"raw":194,"diff":194,"message":"CRYING DETECTED! ⚠️ Level: 48"}}
{"timestamp":1777108748591,"type":"alerts","deviceId":"ESP32_GREENHOUSE_01","data":{"timestamp":1777108748591,"deviceId":"ESP32_GREENHOUSE_01","event":"CRYING","level":38,"raw":153,"diff":153,"message":"CRYING DETECTED! ⚠️ Level: 38"}}
{"timestamp":1777108758674,"type":"alerts","deviceId":"ESP32_GREENHOUSE_01","data":{"timestamp":1777108758673,"deviceId":"ESP32_GREENHOUSE_01","event":"CRYING","level":35,"raw":141,"diff":141,"message":"CRYING DETECTED! ⚠️ Level: 35"}}
{"timestamp":1777108768784,"type":"alerts","deviceId":"ESP32_GREENHOUSE_01","data":{"timestamp":1777108768784,"deviceId":"ESP32_GREENHOUSE_01","event":"CRYING","level":38,"raw":154,"diff":154,"message":"CRYING DETECTED! ⚠️ Level: 38"}}
{"timestamp":1777108778864,"type":"alerts","deviceId":"ESP32_GREENHOUSE_01","data":{"timestamp":1777108778864,"deviceId":"ESP32_GREENHOUSE_01","event":"CRYING","level":48,"raw":192,"diff":192,"message":"CRYING DETECTED! ⚠️ Level: 48"}}
{"timestamp":1777108788946,"type":"alerts","deviceId":"ESP32_GREENHOUSE_01","data":{"timestamp":1777108788945,"deviceId":"ESP32_GREENHOUSE_01","event":"CRYING","level":52,"raw":208,"diff":208,"message":"CRYING DETECTED! ⚠️ Level: 52"}}
{"timestamp":1777108799056,"type":"alerts","deviceId":"ESP32_GREENHOUSE_01","data":{"timestamp":1777108799056,"deviceId":"ESP32_GREENHOUSE_01","event":"CRYING","level":37,"raw":151,"diff":151,"message":"CRYING DETECTED! ⚠️ Level: 37"}}
{"timestamp":1777108809137,"type":"alerts","deviceId":"ESP32_GREENHOUSE_01","data":{"timestamp":1777108809137,"deviceId":"ESP32_GREENHOUSE_01","event":"CRYING","level":46,"raw":185,"diff":185,"message":"CRYING DETECTED! ⚠️ Level: 46"}}
{"timestamp":1777108819216,"type":"alerts","deviceId":"ESP32_GREENHOUSE_01","data":{"timestamp":1777108819216,"deviceId":"ESP32_GREENHOUSE_01","event":"CRYING","level":62,"raw":250,"diff":250,"message":"CRYING DETECTED! ⚠️ Level: 62"}}
{"timestamp":1777108829305,"type":"alerts","deviceId":"ESP32_GREENHOUSE_01","data":{"timestamp":1777108829305,"deviceId":"ESP32_GREENHOUSE_01","event":"CRYING","level":43,"raw":173,"diff":173,"message":"CRYING DETECTED! ⚠️ Level: 43"}}
{"timestamp":1777108839408,"type":"alerts","deviceId":"ESP32_GREENHOUSE_01","data":{"timestamp":1777108839408,"deviceId":"ESP32_GREENHOUSE_01","event":"CRYING","level":47,"raw":190,"diff":190,"message":"CRYING DETECTED! ⚠️ Level: 47"}}
{"timestamp":1777108849488,"type":"alerts","deviceId":"ESP32_GREENHOUSE_01","data":{"timestamp":1777108849488,"deviceId":"ESP32_GREENHOUSE_01","event":"CRYING","level":37,"raw":150,"diff":150,"message":"CRYING DETECTED! ⚠️ Level: 37"}}
{"timestamp":1777108859574,"type":"alerts","deviceId":"ESP32_GREENHOUSE_01","data":{"timestamp":1777108859573,"deviceId":"ESP32_GREENHOUSE_01","event":"CRYING","level":25,"raw":100,"diff":100,"message":"CRYING DETECTED! ⚠️ Level: 25"}}
{"timestamp":1777108869680,"type":"alerts","deviceId":"ESP32_GREENHOUSE_01","data":{"timestamp":1777108869680,"deviceId":"ESP32_GREENHOUSE_01","event":"CRYING","level":38,"raw":155,"diff":155,"message":"CRYING DETECTED! ⚠️ Level: 38"}}
{"timestamp":1777108879760,"type":"alerts","deviceId":"ESP32_GREENHOUSE_01","data":{"timestamp":1777108879760,"deviceId":"ESP32_GREENHOUSE_01","event":"CRYING","level":60,"raw":240,"diff":240,"message":"CRYING DETECTED! ⚠️ Level: 60"}}
{"timestamp":1777108889844,"type":"alerts","deviceId":"ESP32_GREENHOUSE_01","data":{"timestamp":1777108889844,"deviceId":"ESP32_GREENHOUSE_01","event":"CRYING","level":41,"raw":167,"diff":167,"message":"CRYING DETECTED! ⚠️ Level: 41"}}
{"timestamp":1777108899952,"type":"alerts","deviceId":"ESP32_GREENHOUSE_01","data":{"timestamp":1777108899952,"deviceId":"ESP32_GREENHOUSE_01","event":"CRYING","level":40,"raw":163,"diff":163,"message":"CRYING DETECTED! ⚠️ Level: 40"}}
{"timestamp":1777108910033,"type":"alerts","deviceId":"ESP32_GREENHOUSE_01","data":{"timestamp":1777108910033,"deviceId":"ESP32_GREENHOUSE_01","event":"CRYING","level":53,"raw":213,"diff":213,"message":"CRYING DETECTED! ⚠️ Level: 53"}}
{"timestamp":1777108920114,"type":"alerts","deviceId":"ESP32_GREENHOUSE_01","data":{"timestamp":1777108920114,"deviceId":"ESP32_GREENHOUSE_01","event":"CRYING","level":37,"raw":149,"diff":149,"message":"CRYING DETECTED! ⚠️ Level: 37"}}
{"timestamp":1777108930225,"type":"alerts","deviceId":"ESP32_GREENHOUSE_01","data":{"timestamp":1777108930225,"deviceId":"ESP32_GREENHOUSE_01","event":"CRYING","level":30,"raw":123,"diff":123,"message":"CRYING DETECTED! ⚠️ Level: 30"}}
{"timestamp":1777108940305,"type":"alerts","deviceId":"ESP32_GREENHOUSE_01","data":{"timestamp":1777108940305,"deviceId":"ESP32_GREENHOUSE_01","event":"CRYING","level":47,"raw":189,"diff":189,"message":"CRYING DETECTED! ⚠️ Level: 47"}}
{"timestamp":1777108950385,"type":"alerts","deviceId":"ESP32_GREENHOUSE_01","data":{"timestamp":1777108950385,"deviceId":"ESP32_GREENHOUSE_01","event":"CRYING","level":32,"raw":128,"diff":128,"message":"CRYING DETECTED! ⚠️ Level: 32"}}
{"timestamp":1777108960497,"type":"alerts","deviceId":"ESP32_GREENHOUSE_01","data":{"timestamp":1777108960497,"deviceId":"ESP32_GREENHOUSE_01","event":"CRYING","level":38,"raw":153,"diff":153,"message":"CRYING DETECTED! ⚠️ Level: 38"}}
{"timestamp":1777108970577,"type":"alerts","deviceId":"ESP32_GREENHOUSE_01","data":{"timestamp":1777108970577,"deviceId":"ESP32_GREENHOUSE_01","event":"CRYING","level":29,"raw":117,"diff":117,"message":"CRYING DETECTED! ⚠️ Level: 29"}}
{"timestamp":1777108980660,"type":"alerts","deviceId":"ESP32_GREENHOUSE_01","data":{"timestamp":1777108980660,"deviceId":"ESP32_GREENHOUSE_01","event":"CRYING","level":33,"raw":135,"diff":135,"message":"CRYING DETECTED! ⚠️ Level: 33"}}
{"timestamp":1777108990746,"type":"alerts","deviceId":"ESP32_GREENHOUSE_01","data":{"timestamp":1777108990746,"deviceId":"ESP32_GREENHOUSE_01","event":"CRYING","level":46,"raw":187,"diff":187,"message":"CRYING DETECTED! ⚠️ Level: 46"}}
{"timestamp":1777109000849,"type":"alerts","deviceId":"ESP32_GREENHOUSE_01","data":{"timestamp":1777109000849,"deviceId":"ESP32_GREENHOUSE_01","event":"CRYING","level":38,"raw":153,"diff":153,"message":"CRYING DETECTED! ⚠️ Level: 38"}}
{"timestamp":1777109010929,"type":"alerts","deviceId":"ESP32_GREENHOUSE_01","data":{"timestamp":1777109010929,"deviceId":"ESP32_GREENHOUSE_01","event":"CRYING","level":35,"raw":142,"diff":142,"message":"CRYING DETECTED! ⚠️ Level: 35"}}
{"timestamp":1777109021017,"type":"alerts","deviceId":"ESP32_GREENHOUSE_01","data":{"timestamp":1777109021017,"deviceId":"ESP32_GREENHOUSE_01","event":"CRYING","level":46,"raw":186,"diff":186,"message":"CRYING DETECTED! ⚠️ Level: 46"}}
{"timestamp":1777109031121,"type":"alerts","deviceId":"ESP32_GREENHOUSE_01","data":{"timestamp":1777109031121,"deviceId":"ESP32_GREENHOUSE_01","event":"CRYING","level":40,"raw":161,"diff":161,"message":"CRYING DETECTED! ⚠️ Level: 40"}}
{"timestamp":1777109041202,"type":"alerts","deviceId":"ESP32_GREENHOUSE_01","data":{"timestamp":1777109041201,"deviceId":"ESP32_GREENHOUSE_01","event":"CRYING","level":35,"raw":142,"diff":142,"message":"CRYING DETECTED! ⚠️ Level: 35"}}
{"timestamp":1777109051283,"type":"alerts","deviceId":"ESP32_GREENHOUSE_01","data":{"timestamp":1777109051283,"deviceId":"ESP32_GREENHOUSE_01","event":"CRYING","level":30,"raw":123,"diff":123,"message":"CRYING DETECTED! ⚠️ Level: 30"}}
{"timestamp":1777109061394,"type":"alerts","deviceId":"ESP32_GREENHOUSE_01","data":{"timestamp":1777109061393,"deviceId":"ESP32_GREENHOUSE_01","event":"CRYING","level":25,"raw":102,"diff":102,"message":"CRYING DETECTED! ⚠️ Level: 25"}}
{"timestamp":1777109071473,"type":"alerts","deviceId":"ESP32_GREENHOUSE_01","data":{"timestamp":1777109071473,"deviceId":"ESP32_GREENHOUSE_01","event":"CRYING","level":48,"raw":192,"diff":192,"message":"CRYING DETECTED! ⚠️ Level: 48"}}
{"timestamp":1777109081554,"type":"alerts","deviceId":"ESP32_GREENHOUSE_01","data":{"timestamp":1777109081553,"deviceId":"ESP32_GREENHOUSE_01","event":"CRYING","level":41,"raw":165,"diff":165,"message":"CRYING DETECTED! ⚠️ Level: 41"}}
{"timestamp":1777109091666,"type":"alerts","deviceId":"ESP32_GREENHOUSE_01","data":{"timestamp":1777109091666,"deviceId":"ESP32_GREENHOUSE_01","event":"CRYING","level":69,"raw":279,"diff":279,"message":"CRYING DETECTED! ⚠️ Level: 69"}}
{"timestamp":1777109101746,"type":"alerts","deviceId":"ESP32_GREENHOUSE_01","data":{"timestamp":1777109101746,"deviceId":"ESP32_GREENHOUSE_01","event":"CRYING","level":37,"raw":151,"diff":151,"message":"CRYING DETECTED! ⚠️ Level: 37"}}
{"timestamp":1777109111826,"type":"alerts","deviceId":"ESP32_GREENHOUSE_01","data":{"timestamp":1777109111826,"deviceId":"ESP32_GREENHOUSE_01","event":"CRYING","level":50,"raw":201,"diff":201,"message":"CRYING DETECTED! ⚠️ Level: 50"}}
{"timestamp":1777109121913,"type":"alerts","deviceId":"ESP32_GREENHOUSE_01","data":{"timestamp":1777109121913,"deviceId":"ESP32_GREENHOUSE_01","event":"CRYING","level":41,"raw":166,"diff":166,"message":"CRYING DETECTED! ⚠️ Level: 41"}}
{"timestamp":1777109132070,"type":"alerts","deviceId":"ESP32_GREENHOUSE_01","data":{"timestamp":1777109132070,"deviceId":"ESP32_GREENHOUSE_01","event":"Quiet","level":43,"raw":175,"diff":175,"message":"Quiet Level: 43"}}
{"timestamp":1777109134203,"type":"alerts","deviceId":"ESP32_GREENHOUSE_01","data":{"timestamp":1777109134203,"deviceId":"ESP32_GREENHOUSE_01","event":"Light Activity","level":53,"raw":215,"diff":215,"message":"Light Activity Level: 53"}}
{"timestamp":1777109138066,"type":"alerts","deviceId":"ESP32_GREENHOUSE_01","data":{"timestamp":1777109138066,"deviceId":"ESP32_GREENHOUSE_01","event":"Quiet","level":41,"raw":166,"diff":166,"message":"Quiet Level: 41"}}
{"timestamp":1777109142098,"type":"alerts","deviceId":"ESP32_GREENHOUSE_01","data":{"timestamp":1777109142098,"deviceId":"ESP32_GREENHOUSE_01","event":"Light Activity","level":51,"raw":207,"diff":207,"message":"Light Activity Level: 51"}}
{"timestamp":1777109148148,"type":"alerts","deviceId":"ESP32_GREENHOUSE_01","data":{"timestamp":1777109148148,"deviceId":"ESP32_GREENHOUSE_01","event":"Light Activity","level":54,"raw":219,"diff":219,"message":"Light Activity Level: 54"}}
{"timestamp":1777109152182,"type":"alerts","deviceId":"ESP32_GREENHOUSE_01","data":{"timestamp":1777109152182,"deviceId":"ESP32_GREENHOUSE_01","event":"Restless","level":73,"raw":294,"diff":294,"message":"Restless Level: 73"}}
{"timestamp":1777109154201,"type":"alerts","deviceId":"ESP32_GREENHOUSE_01","data":{"timestamp":1777109154201,"deviceId":"ESP32_GREENHOUSE_01","event":"Light Activity","level":47,"raw":189,"diff":189,"message":"Light Activity Level: 47"}}
{"timestamp":1777109160274,"type":"alerts","deviceId":"ESP32_GREENHOUSE_01","data":{"timestamp":1777109160274,"deviceId":"ESP32_GREENHOUSE_01","event":"Quiet","level":37,"raw":148,"diff":148,"message":"Quiet Level: 37"}}
{"timestamp":1777109162291,"type":"alerts","deviceId":"ESP32_GREENHOUSE_01","data":{"timestamp":1777109162290,"deviceId":"ESP32_GREENHOUSE_01","event":"Light Activity","level":52,"raw":210,"diff":210,"message":"Light Activity Level: 52"}}
{"timestamp":1777109168338,"type":"alerts","deviceId":"ESP32_GREENHOUSE_01","data":{"timestamp":1777109168338,"deviceId":"ESP32_GREENHOUSE_01","event":"Quiet","level":36,"raw":147,"diff":147,"message":"Quiet Level: 36"}}
{"timestamp":1777109174386,"type":"alerts","deviceId":"ESP32_GREENHOUSE_01","data":{"timestamp":1777109174386,"deviceId":"ESP32_GREENHOUSE_01","event":"Quiet","level":37,"raw":150,"diff":150,"message":"Quiet Level: 37"}}
{"timestamp":1777109180435,"type":"alerts","deviceId":"ESP32_GREENHOUSE_01","data":{"timestamp":1777109180435,"deviceId":"ESP32_GREENHOUSE_01","event":"Quiet","level":39,"raw":158,"diff":158,"message":"Quiet Level: 39"}}
{"timestamp":1777109182455,"type":"alerts","deviceId":"ESP32_GREENHOUSE_01","data":{"timestamp":1777109182454,"deviceId":"ESP32_GREENHOUSE_01","event":"Light Activity","level":52,"raw":210,"diff":210,"message":"Light Activity Level: 52"}}
{"timestamp":1777109186489,"type":"alerts","deviceId":"ESP32_GREENHOUSE_01","data":{"timestamp":1777109186489,"deviceId":"ESP32_GREENHOUSE_01","event":"Quiet","level":39,"raw":157,"diff":157,"message":"Quiet Level: 39"}}
{"timestamp":1777109188507,"type":"alerts","deviceId":"ESP32_GREENHOUSE_01","data":{"timestamp":1777109188507,"deviceId":"ESP32_GREENHOUSE_01","event":"Restless","level":63,"raw":253,"diff":253,"message":"Restless Level: 63"}}
{"timestamp":1777109190547,"type":"alerts","deviceId":"ESP32_GREENHOUSE_01","data":{"timestamp":1777109190547,"deviceId":"ESP32_GREENHOUSE_01","event":"Light Activity","level":57,"raw":228,"diff":228,"message":"Light Activity Level: 57"}}
{"timestamp":1777109194579,"type":"alerts","deviceId":"ESP32_GREENHOUSE_01","data":{"timestamp":1777109194579,"deviceId":"ESP32_GREENHOUSE_01","event":"Quiet","level":42,"raw":168,"diff":168,"message":"Quiet Level: 42"}}
{"timestamp":1777109196658,"type":"alerts","deviceId":"ESP32_GREENHOUSE_01","data":{"timestamp":1777109196658,"deviceId":"ESP32_GREENHOUSE_01","event":"Light Activity","level":52,"raw":209,"diff":209,"message":"Light Activity Level: 52"}}
{"timestamp":1777109202663,"type":"alerts","deviceId":"ESP32_GREENHOUSE_01","data":{"timestamp":1777109202663,"deviceId":"ESP32_GREENHOUSE_01","event":"Light Activity","level":50,"raw":200,"diff":200,"message":"Light Activity Level: 50"}}
{"timestamp":1777109204715,"type":"alerts","deviceId":"ESP32_GREENHOUSE_01","data":{"timestamp":1777109204715,"deviceId":"ESP32_GREENHOUSE_01","event":"Restless","level":61,"raw":245,"diff":245,"message":"Restless Level: 61"}}
{"timestamp":1777109210707,"type":"alerts","deviceId":"ESP32_GREENHOUSE_01","data":{"timestamp":1777109210707,"deviceId":"ESP32_GREENHOUSE_01","event":"Light Activity","level":49,"raw":197,"diff":197,"message":"Light Activity Level: 49"}}
{"timestamp":1777109212723,"type":"alerts","deviceId":"ESP32_GREENHOUSE_01","data":{"timestamp":1777109212723,"deviceId":"ESP32_GREENHOUSE_01","event":"CRYING","level":85,"raw":342,"diff":342,"message":"CRYING DETECTED! ⚠️ Level: 85"}}
{"timestamp":1777109214743,"type":"alerts","deviceId":"ESP32_GREENHOUSE_01","data":{"timestamp":1777109214743,"deviceId":"ESP32_GREENHOUSE_01","event":"Restless","level":64,"raw":258,"diff":258,"message":"Restless Level: 64"}}
{"timestamp":1777109216759,"type":"alerts","deviceId":"ESP32_GREENHOUSE_01","data":{"timestamp":1777109216759,"deviceId":"ESP32_GREENHOUSE_01","event":"Light Activity","level":45,"raw":182,"diff":182,"message":"Light Activity Level: 45"}}
{"timestamp":1777109222838,"type":"alerts","deviceId":"ESP32_GREENHOUSE_01","data":{"timestamp":1777109222838,"deviceId":"ESP32_GREENHOUSE_01","event":"Light Activity","level":49,"raw":198,"diff":198,"message":"Light Activity Level: 49"}}
{"timestamp":1777109226867,"type":"alerts","deviceId":"ESP32_GREENHOUSE_01","data":{"timestamp":1777109226867,"deviceId":"ESP32_GREENHOUSE_01","event":"Quiet","level":40,"raw":162,"diff":162,"message":"Quiet Level: 40"}}
{"timestamp":1777109230900,"type":"alerts","deviceId":"ESP32_GREENHOUSE_01","data":{"timestamp":1777109230900,"deviceId":"ESP32_GREENHOUSE_01","event":"Light Activity","level":54,"raw":219,"diff":219,"message":"Light Activity Level: 54"}}
{"timestamp":1777109234931,"type":"alerts","deviceId":"ESP32_GREENHOUSE_01","data":{"timestamp":1777109234931,"deviceId":"ESP32_GREENHOUSE_01","event":"Quiet","level":40,"raw":162,"diff":162,"message":"Quiet Level: 40"}}
{"timestamp":1777109236949,"type":"alerts","deviceId":"ESP32_GREENHOUSE_01","data":{"timestamp":1777109236949,"deviceId":"ESP32_GREENHOUSE_01","event":"Restless","level":61,"raw":246,"diff":246,"message":"Restless Level: 61"}}
{"timestamp":1777109238963,"type":"alerts","deviceId":"ESP32_GREENHOUSE_01","data":{"timestamp":1777109238963,"deviceId":"ESP32_GREENHOUSE_01","event":"Light Activity","level":56,"raw":225,"diff":225,"message":"Light Activity Level: 56"}}
{"timestamp":1777109245012,"type":"alerts","deviceId":"ESP32_GREENHOUSE_01","data":{"timestamp":1777109245011,"deviceId":"ESP32_GREENHOUSE_01","event":"Restless","level":63,"raw":253,"diff":253,"message":"Restless Level: 63"}}
{"timestamp":1777109247029,"type":"alerts","deviceId":"ESP32_GREENHOUSE_01","data":{"timestamp":1777109247029,"deviceId":"ESP32_GREENHOUSE_01","event":"Quiet","level":43,"raw":174,"diff":174,"message":"Quiet Level: 43"}}
{"timestamp":1777109249048,"type":"alerts","deviceId":"ESP32_GREENHOUSE_01","data":{"timestamp":1777109249048,"deviceId":"ESP32_GREENHOUSE_01","event":"Light Activity","level":45,"raw":182,"diff":182,"message":"Light Activity Level: 45"}}
{"timestamp":1777109255123,"type":"alerts","deviceId":"ESP32_GREENHOUSE_01","data":{"timestamp":1777109255122,"deviceId":"ESP32_GREENHOUSE_01","event":"Restless","level":67,"raw":271,"diff":271,"message":"Restless Level: 67"}}
{"timestamp":1777109257143,"type":"alerts","deviceId":"ESP32_GREENHOUSE_01","data":{"timestamp":1777109257142,"deviceId":"ESP32_GREENHOUSE_01","event":"Light Activity","level":50,"raw":200,"diff":200,"message":"Light Activity Level: 50"}}
{"timestamp":1777109261171,"type":"alerts","deviceId":"ESP32_GREENHOUSE_01","data":{"timestamp":1777109261171,"deviceId":"ESP32_GREENHOUSE_01","event":"Restless","level":72,"raw":289,"diff":289,"message":"Restless Level: 72"}}
{"timestamp":1777109263187,"type":"alerts","deviceId":"ESP32_GREENHOUSE_01","data":{"timestamp":1777109263187,"deviceId":"ESP32_GREENHOUSE_01","event":"Light Activity","level":53,"raw":215,"diff":215,"message":"Light Activity Level: 53"}}
{"timestamp":1777109269236,"type":"alerts","deviceId":"ESP32_GREENHOUSE_01","data":{"timestamp":1777109269235,"deviceId":"ESP32_GREENHOUSE_01","event":"Light Activity","level":44,"raw":179,"diff":179,"message":"Light Activity Level: 44"}}
{"timestamp":1777109271251,"type":"alerts","deviceId":"ESP32_GREENHOUSE_01","data":{"timestamp":1777109271251,"deviceId":"ESP32_GREENHOUSE_01","event":"Restless","level":77,"raw":309,"diff":309,"message":"Restless Level: 77"}}
{"timestamp":1777109273267,"type":"alerts","deviceId":"ESP32_GREENHOUSE_01","data":{"timestamp":1777109273267,"deviceId":"ESP32_GREENHOUSE_01","event":"Quiet","level":41,"raw":167,"diff":167,"message":"Quiet Level: 41"}}
{"timestamp":1777109277299,"type":"alerts","deviceId":"ESP32_GREENHOUSE_01","data":{"timestamp":1777109277299,"deviceId":"ESP32_GREENHOUSE_01","event":"Restless","level":59,"raw":239,"diff":239,"message":"Restless Level: 59"}}
{"timestamp":1777109281336,"type":"alerts","deviceId":"ESP32_GREENHOUSE_01","data":{"timestamp":1777109281336,"deviceId":"ESP32_GREENHOUSE_01","event":"Quiet","level":36,"raw":145,"diff":145,"message":"Quiet Level: 36"}}
{"timestamp":1777109283358,"type":"alerts","deviceId":"ESP32_GREENHOUSE_01","data":{"timestamp":1777109283357,"deviceId":"ESP32_GREENHOUSE_01","event":"Light Activity","level":49,"raw":198,"diff":198,"message":"Light Activity Level: 49"}}
{"timestamp":1777109287411,"type":"alerts","deviceId":"ESP32_GREENHOUSE_01","data":{"timestamp":1777109287411,"deviceId":"ESP32_GREENHOUSE_01","event":"CRYING","level":136,"raw":545,"diff":545,"message":"CRYING DETECTED! ⚠️ Level: 136"}}
{"timestamp":1777109293459,"type":"alerts","deviceId":"ESP32_GREENHOUSE_01","data":{"timestamp":1777109293459,"deviceId":"ESP32_GREENHOUSE_01","event":"Quiet","level":43,"raw":175,"diff":175,"message":"Quiet Level: 43"}}
{"timestamp":1777109295475,"type":"alerts","deviceId":"ESP32_GREENHOUSE_01","data":{"timestamp":1777109295475,"deviceId":"ESP32_GREENHOUSE_01","event":"Light Activity","level":45,"raw":182,"diff":182,"message":"Light Activity Level: 45"}}
{"timestamp":1777109299508,"type":"alerts","deviceId":"ESP32_GREENHOUSE_01","data":{"timestamp":1777109299507,"deviceId":"ESP32_GREENHOUSE_01","event":"Quiet","level":41,"raw":167,"diff":167,"message":"Quiet Level: 41"}}
{"timestamp":1777109301526,"type":"alerts","deviceId":"ESP32_GREENHOUSE_01","data":{"timestamp":1777109301526,"deviceId":"ESP32_GREENHOUSE_01","event":"Restless","level":60,"raw":243,"diff":243,"message":"Restless Level: 60"}}
{"timestamp":1777109305556,"type":"alerts","deviceId":"ESP32_GREENHOUSE_01","data":{"timestamp":1777109305556,"deviceId":"ESP32_GREENHOUSE_01","event":"Quiet","level":39,"raw":158,"diff":158,"message":"Quiet Level: 39"}}
{"timestamp":1777109307571,"type":"alerts","deviceId":"ESP32_GREENHOUSE_01","data":{"timestamp":1777109307571,"deviceId":"ESP32_GREENHOUSE_01","event":"Restless","level":61,"raw":246,"diff":246,"message":"Restless Level: 61"}}
{"timestamp":1777109309588,"type":"alerts","deviceId":"ESP32_GREENHOUSE_01","data":{"timestamp":1777109309588,"deviceId":"ESP32_GREENHOUSE_01","event":"Light Activity","level":56,"raw":227,"diff":227,"message":"Light Activity Level: 56"}}
{"timestamp":1777109313624,"type":"alerts","deviceId":"ESP32_GREENHOUSE_01","data":{"timestamp":1777109313624,"deviceId":"ESP32_GREENHOUSE_01","event":"Quiet","level":31,"raw":124,"diff":124,"message":"Quiet Level: 31"}}
{"timestamp":1777109315642,"type":"alerts","deviceId":"ESP32_GREENHOUSE_01","data":{"timestamp":1777109315642,"deviceId":"ESP32_GREENHOUSE_01","event":"Light Activity","level":53,"raw":215,"diff":215,"message":"Light Activity Level: 53"}}
{"timestamp":1777109321716,"type":"alerts","deviceId":"ESP32_GREENHOUSE_01","data":{"timestamp":1777109321715,"deviceId":"ESP32_GREENHOUSE_01","event":"Quiet","level":30,"raw":120,"diff":120,"message":"Quiet Level: 30"}}
{"timestamp":1777109325751,"type":"alerts","deviceId":"ESP32_GREENHOUSE_01","data":{"timestamp":1777109325751,"deviceId":"ESP32_GREENHOUSE_01","event":"Light Activity","level":45,"raw":180,"diff":180,"message":"Light Activity Level: 45"}}
{"timestamp":1777109327764,"type":"alerts","deviceId":"ESP32_GREENHOUSE_01","data":{"timestamp":1777109327764,"deviceId":"ESP32_GREENHOUSE_01","event":"Quiet","level":42,"raw":170,"diff":170,"message":"Quiet Level: 42"}}
{"timestamp":1777109333812,"type":"alerts","deviceId":"ESP32_GREENHOUSE_01","data":{"timestamp":1777109333812,"deviceId":"ESP32_GREENHOUSE_01","event":"Quiet","level":33,"raw":135,"diff":135,"message":"Quiet Level: 33"}}
{"timestamp":1777109335831,"type":"alerts","deviceId":"ESP32_GREENHOUSE_01","data":{"timestamp":1777109335830,"deviceId":"ESP32_GREENHOUSE_01","event":"Light Activity","level":50,"raw":202,"diff":202,"message":"Light Activity Level: 50"}}
{"timestamp":1777109341877,"type":"alerts","deviceId":"ESP32_GREENHOUSE_01","data":{"timestamp":1777109341877,"deviceId":"ESP32_GREENHOUSE_01","event":"Light Activity","level":49,"raw":197,"diff":197,"message":"Light Activity Level: 49"}}
{"timestamp":1777109343897,"type":"alerts","deviceId":"ESP32_GREENHOUSE_01","data":{"timestamp":1777109343897,"deviceId":"ESP32_GREENHOUSE_01","event":"Quiet","level":32,"raw":128,"diff":128,"message":"Quiet Level: 32"}}
{"timestamp":1777109349972,"type":"alerts","deviceId":"ESP32_GREENHOUSE_01","data":{"timestamp":1777109349972,"deviceId":"ESP32_GREENHOUSE_01","event":"Light Activity","level":45,"raw":181,"diff":181,"message":"Light Activity Level: 45"}}
{"timestamp":1777109351987,"type":"alerts","deviceId":"ESP32_GREENHOUSE_01","data":{"timestamp":1777109351987,"deviceId":"ESP32_GREENHOUSE_01","event":"Quiet","level":36,"raw":147,"diff":147,"message":"Quiet Level: 36"}}
{"timestamp":1777109358035,"type":"alerts","deviceId":"ESP32_GREENHOUSE_01","data":{"timestamp":1777109358035,"deviceId":"ESP32_GREENHOUSE_01","event":"Quiet","level":37,"raw":150,"diff":150,"message":"Quiet Level: 37"}}
{"timestamp":1777109360055,"type":"alerts","deviceId":"ESP32_GREENHOUSE_01","data":{"timestamp":1777109360055,"deviceId":"ESP32_GREENHOUSE_01","event":"Restless","level":75,"raw":302,"diff":302,"message":"Restless Level: 75"}}
{"timestamp":1777109364084,"type":"alerts","deviceId":"ESP32_GREENHOUSE_01","data":{"timestamp":1777109364084,"deviceId":"ESP32_GREENHOUSE_01","event":"Light Activity","level":56,"raw":226,"diff":226,"message":"Light Activity Level: 56"}}
{"timestamp":1777109366100,"type":"alerts","deviceId":"ESP32_GREENHOUSE_01","data":{"timestamp":1777109366100,"deviceId":"ESP32_GREENHOUSE_01","event":"Restless","level":61,"raw":245,"diff":245,"message":"Restless Level: 61"}}
{"timestamp":1777109368117,"type":"alerts","deviceId":"ESP32_GREENHOUSE_01","data":{"timestamp":1777109368117,"deviceId":"ESP32_GREENHOUSE_01","event":"Quiet","level":36,"raw":146,"diff":146,"message":"Quiet Level: 36"}}
{"timestamp":1777109370133,"type":"alerts","deviceId":"ESP32_GREENHOUSE_01","data":{"timestamp":1777109370133,"deviceId":"ESP32_GREENHOUSE_01","event":"Light Activity","level":49,"raw":199,"diff":199,"message":"Light Activity Level: 49"}}
{"timestamp":1777109376186,"type":"alerts","deviceId":"ESP32_GREENHOUSE_01","data":{"timestamp":1777109376186,"deviceId":"ESP32_GREENHOUSE_01","event":"Light Activity","level":51,"raw":207,"diff":207,"message":"Light Activity Level: 51"}}
{"timestamp":1777109380220,"type":"alerts","deviceId":"ESP32_GREENHOUSE_01","data":{"timestamp":1777109380220,"deviceId":"ESP32_GREENHOUSE_01","event":"Restless","level":71,"raw":286,"diff":286,"message":"Restless Level: 71"}}
{"timestamp":1777109384276,"type":"alerts","deviceId":"ESP32_GREENHOUSE_01","data":{"timestamp":1777109384276,"deviceId":"ESP32_GREENHOUSE_01","event":"Quiet","level":29,"raw":118,"diff":118,"message":"Quiet Level: 29"}}
{"timestamp":1777109386292,"type":"alerts","deviceId":"ESP32_GREENHOUSE_01","data":{"timestamp":1777109386292,"deviceId":"ESP32_GREENHOUSE_01","event":"Light Activity","level":57,"raw":229,"diff":229,"message":"Light Activity Level: 57"}}
{"timestamp":1777109388308,"type":"alerts","deviceId":"ESP32_GREENHOUSE_01","data":{"timestamp":1777109388308,"deviceId":"ESP32_GREENHOUSE_01","event":"Restless","level":78,"raw":315,"diff":315,"message":"Restless Level: 78"}}
{"timestamp":1777109392340,"type":"alerts","deviceId":"ESP32_GREENHOUSE_01","data":{"timestamp":1777109392340,"deviceId":"ESP32_GREENHOUSE_01","event":"Light Activity","level":47,"raw":189,"diff":189,"message":"Light Activity Level: 47"}}
{"timestamp":1777109396372,"type":"alerts","deviceId":"ESP32_GREENHOUSE_01","data":{"timestamp":1777109396372,"deviceId":"ESP32_GREENHOUSE_01","event":"Quiet","level":41,"raw":164,"diff":164,"message":"Quiet Level: 41"}}
{"timestamp":1777109398388,"type":"alerts","deviceId":"ESP32_GREENHOUSE_01","data":{"timestamp":1777109398388,"deviceId":"ESP32_GREENHOUSE_01","event":"Restless","level":64,"raw":258,"diff":258,"message":"Restless Level: 64"}}
{"timestamp":1777109402420,"type":"alerts","deviceId":"ESP32_GREENHOUSE_01","data":{"timestamp":1777109402420,"deviceId":"ESP32_GREENHOUSE_01","event":"Quiet","level":34,"raw":136,"diff":136,"message":"Quiet Level: 34"}}
{"timestamp":1777109404438,"type":"alerts","deviceId":"ESP32_GREENHOUSE_01","data":{"timestamp":1777109404438,"deviceId":"ESP32_GREENHOUSE_01","event":"Light Activity","level":52,"raw":209,"diff":209,"message":"Light Activity Level: 52"}}
{"timestamp":1777109408473,"type":"alerts","deviceId":"ESP32_GREENHOUSE_01","data":{"timestamp":1777109408473,"deviceId":"ESP32_GREENHOUSE_01","event":"Quiet","level":37,"raw":148,"diff":148,"message":"Quiet Level: 37"}}
{"timestamp":1777109410490,"type":"alerts","deviceId":"ESP32_GREENHOUSE_01","data":{"timestamp":1777109410490,"deviceId":"ESP32_GREENHOUSE_01","event":"Light Activity","level":54,"raw":216,"diff":216,"message":"Light Activity Level: 54"}}
{"timestamp":1777109414548,"type":"alerts","deviceId":"ESP32_GREENHOUSE_01","data":{"timestamp":1777109414548,"deviceId":"ESP32_GREENHOUSE_01","event":"Quiet","level":33,"raw":132,"diff":132,"message":"Quiet Level: 33"}}
{"timestamp":1777109416567,"type":"alerts","deviceId":"ESP32_GREENHOUSE_01","data":{"timestamp":1777109416567,"deviceId":"ESP32_GREENHOUSE_01","event":"CRYING","level":100,"raw":401,"diff":401,"message":"CRYING DETECTED! ⚠️ Level: 100"}}
{"timestamp":1777109424628,"type":"alerts","deviceId":"ESP32_GREENHOUSE_01","data":{"timestamp":1777109424628,"deviceId":"ESP32_GREENHOUSE_01","event":"Quiet","level":41,"raw":167,"diff":167,"message":"Quiet Level: 41"}}
{"timestamp":1777109426644,"type":"alerts","deviceId":"ESP32_GREENHOUSE_01","data":{"timestamp":1777109426644,"deviceId":"ESP32_GREENHOUSE_01","event":"Restless","level":62,"raw":248,"diff":248,"message":"Restless Level: 62"}}
{"timestamp":1777109430676,"type":"alerts","deviceId":"ESP32_GREENHOUSE_01","data":{"timestamp":1777109430676,"deviceId":"ESP32_GREENHOUSE_01","event":"CRYING","level":96,"raw":387,"diff":387,"message":"CRYING DETECTED! ⚠️ Level: 96"}}
{"timestamp":1777109434708,"type":"alerts","deviceId":"ESP32_GREENHOUSE_01","data":{"timestamp":1777109434708,"deviceId":"ESP32_GREENHOUSE_01","event":"Quiet","level":41,"raw":167,"diff":167,"message":"Quiet Level: 41"}}
{"timestamp":1777109438743,"type":"alerts","deviceId":"ESP32_GREENHOUSE_01","data":{"timestamp":1777109438742,"deviceId":"ESP32_GREENHOUSE_01","event":"Light Activity","level":49,"raw":196,"diff":196,"message":"Light Activity Level: 49"}}
{"timestamp":1777109442779,"type":"alerts","deviceId":"ESP32_GREENHOUSE_01","data":{"timestamp":1777109442778,"deviceId":"ESP32_GREENHOUSE_01","event":"Quiet","level":43,"raw":175,"diff":175,"message":"Quiet Level: 43"}}
{"timestamp":1777109446838,"type":"alerts","deviceId":"ESP32_GREENHOUSE_01","data":{"timestamp":1777109446838,"deviceId":"ESP32_GREENHOUSE_01","event":"Light Activity","level":46,"raw":185,"diff":185,"message":"Light Activity Level: 46"}}
{"timestamp":1777109450869,"type":"alerts","deviceId":"ESP32_GREENHOUSE_01","data":{"timestamp":1777109450868,"deviceId":"ESP32_GREENHOUSE_01","event":"Quiet","level":28,"raw":114,"diff":114,"message":"Quiet Level: 28"}}
{"timestamp":1777109456917,"type":"alerts","deviceId":"ESP32_GREENHOUSE_01","data":{"timestamp":1777109456916,"deviceId":"ESP32_GREENHOUSE_01","event":"Light Activity","level":54,"raw":218,"diff":218,"message":"Light Activity Level: 54"}}
{"timestamp":1777109458933,"type":"alerts","deviceId":"ESP32_GREENHOUSE_01","data":{"timestamp":1777109458933,"deviceId":"ESP32_GREENHOUSE_01","event":"Restless","level":64,"raw":258,"diff":258,"message":"Restless Level: 64"}}
{"timestamp":1777109462966,"type":"alerts","deviceId":"ESP32_GREENHOUSE_01","data":{"timestamp":1777109462966,"deviceId":"ESP32_GREENHOUSE_01","event":"Quiet","level":37,"raw":149,"diff":149,"message":"Quiet Level: 37"}}
{"timestamp":1777109469013,"type":"alerts","deviceId":"ESP32_GREENHOUSE_01","data":{"timestamp":1777109469013,"deviceId":"ESP32_GREENHOUSE_01","event":"Restless","level":86,"raw":345,"diff":345,"message":"Restless Level: 86"}}
{"timestamp":1777109471033,"type":"alerts","deviceId":"ESP32_GREENHOUSE_01","data":{"timestamp":1777109471033,"deviceId":"ESP32_GREENHOUSE_01","event":"CRYING","level":78,"raw":315,"diff":315,"message":"CRYING DETECTED! ⚠️ Level: 78"}}
{"timestamp":1777109473049,"type":"alerts","deviceId":"ESP32_GREENHOUSE_01","data":{"timestamp":1777109473049,"deviceId":"ESP32_GREENHOUSE_01","event":"Light Activity","level":51,"raw":207,"diff":207,"message":"Light Activity Level: 51"}}
{"timestamp":1777109477214,"type":"alerts","deviceId":"ESP32_GREENHOUSE_01","data":{"timestamp":1777109477214,"deviceId":"ESP32_GREENHOUSE_01","event":"Quiet","level":33,"raw":135,"diff":135,"message":"Quiet Level: 33"}}
{"timestamp":1777109479125,"type":"alerts","deviceId":"ESP32_GREENHOUSE_01","data":{"timestamp":1777109479125,"deviceId":"ESP32_GREENHOUSE_01","event":"Light Activity","level":55,"raw":222,"diff":222,"message":"Light Activity Level: 55"}}
{"timestamp":1777109483157,"type":"alerts","deviceId":"ESP32_GREENHOUSE_01","data":{"timestamp":1777109483157,"deviceId":"ESP32_GREENHOUSE_01","event":"Quiet","level":32,"raw":130,"diff":130,"message":"Quiet Level: 32"}}
{"timestamp":1777109487189,"type":"alerts","deviceId":"ESP32_GREENHOUSE_01","data":{"timestamp":1777109487189,"deviceId":"ESP32_GREENHOUSE_01","event":"Restless","level":65,"raw":262,"diff":262,"message":"Restless Level: 65"}}
{"timestamp":1777109491221,"type":"alerts","deviceId":"ESP32_GREENHOUSE_01","data":{"timestamp":1777109491221,"deviceId":"ESP32_GREENHOUSE_01","event":"Light Activity","level":54,"raw":217,"diff":217,"message":"Light Activity Level: 54"}}
{"timestamp":1777109497271,"type":"alerts","deviceId":"ESP32_GREENHOUSE_01","data":{"timestamp":1777109497271,"deviceId":"ESP32_GREENHOUSE_01","event":"Quiet","level":38,"raw":154,"diff":154,"message":"Quiet Level: 38"}}
{"timestamp":1777109503319,"type":"alerts","deviceId":"ESP32_GREENHOUSE_01","data":{"timestamp":1777109503319,"deviceId":"ESP32_GREENHOUSE_01","event":"Restless","level":64,"raw":259,"diff":259,"message":"Restless Level: 64"}}
{"timestamp":1777109505339,"type":"alerts","deviceId":"ESP32_GREENHOUSE_01","data":{"timestamp":1777109505339,"deviceId":"ESP32_GREENHOUSE_01","event":"Light Activity","level":49,"raw":199,"diff":199,"message":"Light Activity Level: 49"}}
{"timestamp":1777109509399,"type":"alerts","deviceId":"ESP32_GREENHOUSE_01","data":{"timestamp":1777109509399,"deviceId":"ESP32_GREENHOUSE_01","event":"CRYING","level":83,"raw":333,"diff":333,"message":"CRYING DETECTED! ⚠️ Level: 83"}}
{"timestamp":1777109511413,"type":"alerts","deviceId":"ESP32_GREENHOUSE_01","data":{"timestamp":1777109511413,"deviceId":"ESP32_GREENHOUSE_01","event":"Restless","level":83,"raw":335,"diff":335,"message":"Restless Level: 83"}}
{"timestamp":1777109513430,"type":"alerts","deviceId":"ESP32_GREENHOUSE_01","data":{"timestamp":1777109513430,"deviceId":"ESP32_GREENHOUSE_01","event":"Light Activity","level":51,"raw":206,"diff":206,"message":"Light Activity Level: 51"}}
{"timestamp":1777109519477,"type":"alerts","deviceId":"ESP32_GREENHOUSE_01","data":{"timestamp":1777109519477,"deviceId":"ESP32_GREENHOUSE_01","event":"Restless","level":72,"raw":289,"diff":289,"message":"Restless Level: 72"}}
{"timestamp":1777109521493,"type":"alerts","deviceId":"ESP32_GREENHOUSE_01","data":{"timestamp":1777109521493,"deviceId":"ESP32_GREENHOUSE_01","event":"Quiet","level":41,"raw":167,"diff":167,"message":"Quiet Level: 41"}}
{"timestamp":1777109523509,"type":"alerts","deviceId":"ESP32_GREENHOUSE_01","data":{"timestamp":1777109523509,"deviceId":"ESP32_GREENHOUSE_01","event":"Light Activity","level":53,"raw":215,"diff":215,"message":"Light Activity Level: 53"}}
{"timestamp":1777109525525,"type":"alerts","deviceId":"ESP32_GREENHOUSE_01","data":{"timestamp":1777109525525,"deviceId":"ESP32_GREENHOUSE_01","event":"Restless","level":75,"raw":303,"diff":303,"message":"Restless Level: 75"}}
{"timestamp":1777109529557,"type":"alerts","deviceId":"ESP32_GREENHOUSE_01","data":{"timestamp":1777109529557,"deviceId":"ESP32_GREENHOUSE_01","event":"Light Activity","level":47,"raw":190,"diff":190,"message":"Light Activity Level: 47"}}
{"timestamp":1777109535608,"type":"alerts","deviceId":"ESP32_GREENHOUSE_01","data":{"timestamp":1777109535608,"deviceId":"ESP32_GREENHOUSE_01","event":"Light Activity","level":51,"raw":204,"diff":204,"message":"Light Activity Level: 51"}}
{"timestamp":1777109539645,"type":"alerts","deviceId":"ESP32_GREENHOUSE_01","data":{"timestamp":1777109539645,"deviceId":"ESP32_GREENHOUSE_01","event":"Quiet","level":37,"raw":150,"diff":150,"message":"Quiet Level: 37"}}
{"timestamp":1777109543701,"type":"alerts","deviceId":"ESP32_GREENHOUSE_01","data":{"timestamp":1777109543701,"deviceId":"ESP32_GREENHOUSE_01","event":"Light Activity","level":58,"raw":233,"diff":233,"message":"Light Activity Level: 58"}}
{"timestamp":1777109545719,"type":"alerts","deviceId":"ESP32_GREENHOUSE_01","data":{"timestamp":1777109545719,"deviceId":"ESP32_GREENHOUSE_01","event":"Restless","level":60,"raw":241,"diff":241,"message":"Restless Level: 60"}}
{"timestamp":1777109547736,"type":"alerts","deviceId":"ESP32_GREENHOUSE_01","data":{"timestamp":1777109547736,"deviceId":"ESP32_GREENHOUSE_01","event":"Quiet","level":41,"raw":166,"diff":166,"message":"Quiet Level: 41"}}
{"timestamp":1777109551770,"type":"alerts","deviceId":"ESP32_GREENHOUSE_01","data":{"timestamp":1777109551770,"deviceId":"ESP32_GREENHOUSE_01","event":"CRYING","level":58,"raw":234,"diff":234,"message":"CRYING DETECTED! ⚠️ Level: 58"}}
{"timestamp":1777109553781,"type":"alerts","deviceId":"ESP32_GREENHOUSE_01","data":{"timestamp":1777109553781,"deviceId":"ESP32_GREENHOUSE_01","event":"Quiet","level":42,"raw":168,"diff":168,"message":"Quiet Level: 42"}}
{"timestamp":1777109555797,"type":"alerts","deviceId":"ESP32_GREENHOUSE_01","data":{"timestamp":1777109555797,"deviceId":"ESP32_GREENHOUSE_01","event":"Light Activity","level":54,"raw":219,"diff":219,"message":"Light Activity Level: 54"}}
{"timestamp":1777109557814,"type":"alerts","deviceId":"ESP32_GREENHOUSE_01","data":{"timestamp":1777109557813,"deviceId":"ESP32_GREENHOUSE_01","event":"Restless","level":59,"raw":237,"diff":237,"message":"Restless Level: 59"}}
{"timestamp":1777109561847,"type":"alerts","deviceId":"ESP32_GREENHOUSE_01","data":{"timestamp":1777109561847,"deviceId":"ESP32_GREENHOUSE_01","event":"Quiet","level":38,"raw":155,"diff":155,"message":"Quiet Level: 38"}}
{"timestamp":1777109565882,"type":"alerts","deviceId":"ESP32_GREENHOUSE_01","data":{"timestamp":1777109565882,"deviceId":"ESP32_GREENHOUSE_01","event":"Light Activity","level":57,"raw":228,"diff":228,"message":"Light Activity Level: 57"}}
{"timestamp":1777109568431,"type":"alerts","deviceId":"ESP32_GREENHOUSE_01","data":{"timestamp":1777109568430,"deviceId":"ESP32_GREENHOUSE_01","event":"Quiet","level":36,"raw":146,"diff":146,"message":"Quiet Level: 36"}}
{"timestamp":1777109571934,"type":"alerts","deviceId":"ESP32_GREENHOUSE_01","data":{"timestamp":1777109571934,"deviceId":"ESP32_GREENHOUSE_01","event":"Light Activity","level":45,"raw":183,"diff":183,"message":"Light Activity Level: 45"}}
{"timestamp":1777109573973,"type":"alerts","deviceId":"ESP32_GREENHOUSE_01","data":{"timestamp":1777109573973,"deviceId":"ESP32_GREENHOUSE_01","event":"Quiet","level":37,"raw":149,"diff":149,"message":"Quiet Level: 37"}}
{"timestamp":1777109576005,"type":"alerts","deviceId":"ESP32_GREENHOUSE_01","data":{"timestamp":1777109576005,"deviceId":"ESP32_GREENHOUSE_01","event":"Restless","level":59,"raw":237,"diff":237,"message":"Restless Level: 59"}}
{"timestamp":1777109580021,"type":"alerts","deviceId":"ESP32_GREENHOUSE_01","data":{"timestamp":1777109580021,"deviceId":"ESP32_GREENHOUSE_01","event":"Quiet","level":41,"raw":166,"diff":166,"message":"Quiet Level: 41"}}
{"timestamp":1777109582038,"type":"alerts","deviceId":"ESP32_GREENHOUSE_01","data":{"timestamp":1777109582037,"deviceId":"ESP32_GREENHOUSE_01","event":"Light Activity","level":45,"raw":180,"diff":180,"message":"Light Activity Level: 45"}}
{"timestamp":1777109588086,"type":"alerts","deviceId":"ESP32_GREENHOUSE_01","data":{"timestamp":1777109588085,"deviceId":"ESP32_GREENHOUSE_01","event":"Light Activity","level":54,"raw":217,"diff":217,"message":"Light Activity Level: 54"}}
{"timestamp":1777109590102,"type":"alerts","deviceId":"ESP32_GREENHOUSE_01","data":{"timestamp":1777109590101,"deviceId":"ESP32_GREENHOUSE_01","event":"Quiet","level":41,"raw":165,"diff":165,"message":"Quiet Level: 41"}}
{"timestamp":1777109596149,"type":"alerts","deviceId":"ESP32_GREENHOUSE_01","data":{"timestamp":1777109596149,"deviceId":"ESP32_GREENHOUSE_01","event":"Quiet","level":35,"raw":140,"diff":140,"message":"Quiet Level: 35"}}
{"timestamp":1777109598167,"type":"alerts","deviceId":"ESP32_GREENHOUSE_01","data":{"timestamp":1777109598167,"deviceId":"ESP32_GREENHOUSE_01","event":"Light Activity","level":44,"raw":178,"diff":178,"message":"Light Activity Level: 44"}}
{"timestamp":1777109602203,"type":"alerts","deviceId":"ESP32_GREENHOUSE_01","data":{"timestamp":1777109602203,"deviceId":"ESP32_GREENHOUSE_01","event":"Quiet","level":33,"raw":135,"diff":135,"message":"Quiet Level: 33"}}
{"timestamp":1777109608277,"type":"alerts","deviceId":"ESP32_GREENHOUSE_01","data":{"timestamp":1777109608277,"deviceId":"ESP32_GREENHOUSE_01","event":"Quiet","level":29,"raw":117,"diff":117,"message":"Quiet Level: 29"}}
{"timestamp":1777109614326,"type":"alerts","deviceId":"ESP32_GREENHOUSE_01","data":{"timestamp":1777109614325,"deviceId":"ESP32_GREENHOUSE_01","event":"Quiet","level":32,"raw":129,"diff":129,"message":"Quiet Level: 32"}}
{"timestamp":1777109620374,"type":"alerts","deviceId":"ESP32_GREENHOUSE_01","data":{"timestamp":1777109620374,"deviceId":"ESP32_GREENHOUSE_01","event":"Quiet","level":30,"raw":123,"diff":123,"message":"Quiet Level: 30"}}
{"timestamp":1777109622390,"type":"alerts","deviceId":"ESP32_GREENHOUSE_01","data":{"timestamp":1777109622390,"deviceId":"ESP32_GREENHOUSE_01","event":"Light Activity","level":47,"raw":191,"diff":191,"message":"Light Activity Level: 47"}}
{"timestamp":1777109628488,"type":"alerts","deviceId":"ESP32_GREENHOUSE_01","data":{"timestamp":1777109628488,"deviceId":"ESP32_GREENHOUSE_01","event":"Light Activity","level":46,"raw":185,"diff":185,"message":"Light Activity Level: 46"}}
{"timestamp":1777109630466,"type":"alerts","deviceId":"ESP32_GREENHOUSE_01","data":{"timestamp":1777109630466,"deviceId":"ESP32_GREENHOUSE_01","event":"Quiet","level":39,"raw":158,"diff":158,"message":"Quiet Level: 39"}}
{"timestamp":1777109636509,"type":"alerts","deviceId":"ESP32_GREENHOUSE_01","data":{"timestamp":1777109636509,"deviceId":"ESP32_GREENHOUSE_01","event":"Light Activity","level":44,"raw":179,"diff":179,"message":"Light Activity Level: 44"}}
{"timestamp":1777109638560,"type":"alerts","deviceId":"ESP32_GREENHOUSE_01","data":{"timestamp":1777109638560,"deviceId":"ESP32_GREENHOUSE_01","event":"Quiet","level":31,"raw":125,"diff":125,"message":"Quiet Level: 31"}}
{"timestamp":1777109644598,"type":"alerts","deviceId":"ESP32_GREENHOUSE_01","data":{"timestamp":1777109644598,"deviceId":"ESP32_GREENHOUSE_01","event":"Light Activity","level":54,"raw":216,"diff":216,"message":"Light Activity Level: 54"}}
{"timestamp":1777109650646,"type":"alerts","deviceId":"ESP32_GREENHOUSE_01","data":{"timestamp":1777109650646,"deviceId":"ESP32_GREENHOUSE_01","event":"Quiet","level":36,"raw":145,"diff":145,"message":"Quiet Level: 36"}}
{"timestamp":1777109654685,"type":"alerts","deviceId":"ESP32_GREENHOUSE_01","data":{"timestamp":1777109654685,"deviceId":"ESP32_GREENHOUSE_01","event":"Light Activity","level":55,"raw":223,"diff":223,"message":"Light Activity Level: 55"}}
{"timestamp":1777109656695,"type":"alerts","deviceId":"ESP32_GREENHOUSE_01","data":{"timestamp":1777109656695,"deviceId":"ESP32_GREENHOUSE_01","event":"Quiet","level":42,"raw":171,"diff":171,"message":"Quiet Level: 42"}}
{"timestamp":1777109662744,"type":"alerts","deviceId":"ESP32_GREENHOUSE_01","data":{"timestamp":1777109662743,"deviceId":"ESP32_GREENHOUSE_01","event":"Light Activity","level":48,"raw":192,"diff":192,"message":"Light Activity Level: 48"}}
{"timestamp":1777109664762,"type":"alerts","deviceId":"ESP32_GREENHOUSE_01","data":{"timestamp":1777109664762,"deviceId":"ESP32_GREENHOUSE_01","event":"Quiet","level":41,"raw":165,"diff":165,"message":"Quiet Level: 41"}}
{"timestamp":1777109668799,"type":"alerts","deviceId":"ESP32_GREENHOUSE_01","data":{"timestamp":1777109668798,"deviceId":"ESP32_GREENHOUSE_01","event":"Light Activity","level":44,"raw":177,"diff":177,"message":"Light Activity Level: 44"}}
{"timestamp":1777109673172,"type":"alerts","deviceId":"ESP32_GREENHOUSE_01","data":{"timestamp":1777109673172,"deviceId":"ESP32_GREENHOUSE_01","event":"Quiet","level":38,"raw":154,"diff":154,"message":"Quiet Level: 38"}}
{"timestamp":1777109674871,"type":"alerts","deviceId":"ESP32_GREENHOUSE_01","data":{"timestamp":1777109674871,"deviceId":"ESP32_GREENHOUSE_01","event":"Restless","level":60,"raw":240,"diff":240,"message":"Restless Level: 60"}}
{"timestamp":1777109678902,"type":"alerts","deviceId":"ESP32_GREENHOUSE_01","data":{"timestamp":1777109678902,"deviceId":"ESP32_GREENHOUSE_01","event":"Light Activity","level":48,"raw":194,"diff":194,"message":"Light Activity Level: 48"}}
{"timestamp":1777109684951,"type":"alerts","deviceId":"ESP32_GREENHOUSE_01","data":{"timestamp":1777109684951,"deviceId":"ESP32_GREENHOUSE_01","event":"Light Activity","level":56,"raw":226,"diff":226,"message":"Light Activity Level: 56"}}
{"timestamp":1777109686966,"type":"alerts","deviceId":"ESP32_GREENHOUSE_01","data":{"timestamp":1777109686966,"deviceId":"ESP32_GREENHOUSE_01","event":"Restless","level":59,"raw":238,"diff":238,"message":"Restless Level: 59"}}
{"timestamp":1777109690999,"type":"alerts","deviceId":"ESP32_GREENHOUSE_01","data":{"timestamp":1777109690999,"deviceId":"ESP32_GREENHOUSE_01","event":"Quiet","level":34,"raw":139,"diff":139,"message":"Quiet Level: 34"}}
{"timestamp":1777109697050,"type":"alerts","deviceId":"ESP32_GREENHOUSE_01","data":{"timestamp":1777109697049,"deviceId":"ESP32_GREENHOUSE_01","event":"Quiet","level":36,"raw":147,"diff":147,"message":"Quiet Level: 36"}}
{"timestamp":1777109703126,"type":"alerts","deviceId":"ESP32_GREENHOUSE_01","data":{"timestamp":1777109703126,"deviceId":"ESP32_GREENHOUSE_01","event":"Quiet","level":27,"raw":110,"diff":110,"message":"Quiet Level: 27"}}
{"timestamp":1777109705142,"type":"alerts","deviceId":"ESP32_GREENHOUSE_01","data":{"timestamp":1777109705142,"deviceId":"ESP32_GREENHOUSE_01","event":"Light Activity","level":44,"raw":177,"diff":177,"message":"Light Activity Level: 44"}}
{"timestamp":1777109709178,"type":"alerts","deviceId":"ESP32_GREENHOUSE_01","data":{"timestamp":1777109709178,"deviceId":"ESP32_GREENHOUSE_01","event":"Quiet","level":39,"raw":159,"diff":159,"message":"Quiet Level: 39"}}
{"timestamp":1777109715222,"type":"alerts","deviceId":"ESP32_GREENHOUSE_01","data":{"timestamp":1777109715222,"deviceId":"ESP32_GREENHOUSE_01","event":"Quiet","level":42,"raw":171,"diff":171,"message":"Quiet Level: 42"}}
{"timestamp":1777109721270,"type":"alerts","deviceId":"ESP32_GREENHOUSE_01","data":{"timestamp":1777109721270,"deviceId":"ESP32_GREENHOUSE_01","event":"Quiet","level":33,"raw":134,"diff":134,"message":"Quiet Level: 33"}}
{"timestamp":1777109727321,"type":"alerts","deviceId":"ESP32_GREENHOUSE_01","data":{"timestamp":1777109727321,"deviceId":"ESP32_GREENHOUSE_01","event":"Light Activity","level":45,"raw":183,"diff":183,"message":"Light Activity Level: 45"}}
{"timestamp":1777109731357,"type":"alerts","deviceId":"ESP32_GREENHOUSE_01","data":{"timestamp":1777109731357,"deviceId":"ESP32_GREENHOUSE_01","event":"Quiet","level":43,"raw":174,"diff":174,"message":"Quiet Level: 43"}}
{"timestamp":1777109733399,"type":"alerts","deviceId":"ESP32_GREENHOUSE_01","data":{"timestamp":1777109733399,"deviceId":"ESP32_GREENHOUSE_01","event":"Light Activity","level":56,"raw":224,"diff":224,"message":"Light Activity Level: 56"}}
{"timestamp":1777109735414,"type":"alerts","deviceId":"ESP32_GREENHOUSE_01","data":{"timestamp":1777109735414,"deviceId":"ESP32_GREENHOUSE_01","event":"Restless","level":60,"raw":241,"diff":241,"message":"Restless Level: 60"}}
{"timestamp":1777109737430,"type":"alerts","deviceId":"ESP32_GREENHOUSE_01","data":{"timestamp":1777109737430,"deviceId":"ESP32_GREENHOUSE_01","event":"Quiet","level":36,"raw":145,"diff":145,"message":"Quiet Level: 36"}}
{"timestamp":1777109739447,"type":"alerts","deviceId":"ESP32_GREENHOUSE_01","data":{"timestamp":1777109739447,"deviceId":"ESP32_GREENHOUSE_01","event":"Light Activity","level":49,"raw":198,"diff":198,"message":"Light Activity Level: 49"}}
{"timestamp":1777109745494,"type":"alerts","deviceId":"ESP32_GREENHOUSE_01","data":{"timestamp":1777109745494,"deviceId":"ESP32_GREENHOUSE_01","event":"Light Activity","level":53,"raw":214,"diff":214,"message":"Light Activity Level: 53"}}
{"timestamp":1777109747511,"type":"alerts","deviceId":"ESP32_GREENHOUSE_01","data":{"timestamp":1777109747511,"deviceId":"ESP32_GREENHOUSE_01","event":"Quiet","level":39,"raw":159,"diff":159,"message":"Quiet Level: 39"}}
{"timestamp":1777109753559,"type":"alerts","deviceId":"ESP32_GREENHOUSE_01","data":{"timestamp":1777109753559,"deviceId":"ESP32_GREENHOUSE_01","event":"Restless","level":60,"raw":243,"diff":243,"message":"Restless Level: 60"}}
{"timestamp":1777109755590,"type":"alerts","deviceId":"ESP32_GREENHOUSE_01","data":{"timestamp":1777109755590,"deviceId":"ESP32_GREENHOUSE_01","event":"Light Activity","level":49,"raw":196,"diff":196,"message":"Light Activity Level: 49"}}
{"timestamp":1777109757594,"type":"alerts","deviceId":"ESP32_GREENHOUSE_01","data":{"timestamp":1777109757594,"deviceId":"ESP32_GREENHOUSE_01","event":"Quiet","level":43,"raw":175,"diff":175,"message":"Quiet Level: 43"}}
{"timestamp":1777109761627,"type":"alerts","deviceId":"ESP32_GREENHOUSE_01","data":{"timestamp":1777109761627,"deviceId":"ESP32_GREENHOUSE_01","event":"Light Activity","level":46,"raw":187,"diff":187,"message":"Light Activity Level: 46"}}
{"timestamp":1777109763646,"type":"alerts","deviceId":"ESP32_GREENHOUSE_01","data":{"timestamp":1777109763646,"deviceId":"ESP32_GREENHOUSE_01","event":"Restless","level":58,"raw":235,"diff":235,"message":"Restless Level: 58"}}
{"timestamp":1777109767703,"type":"alerts","deviceId":"ESP32_GREENHOUSE_01","data":{"timestamp":1777109767702,"deviceId":"ESP32_GREENHOUSE_01","event":"Light Activity","level":45,"raw":183,"diff":183,"message":"Light Activity Level: 45"}}
{"timestamp":1777109773764,"type":"alerts","deviceId":"ESP32_GREENHOUSE_01","data":{"timestamp":1777109773764,"deviceId":"ESP32_GREENHOUSE_01","event":"Light Activity","level":48,"raw":195,"diff":195,"message":"Light Activity Level: 48"}}
{"timestamp":1777109779799,"type":"alerts","deviceId":"ESP32_GREENHOUSE_01","data":{"timestamp":1777109779799,"deviceId":"ESP32_GREENHOUSE_01","event":"Quiet","level":31,"raw":124,"diff":124,"message":"Quiet Level: 31"}}
{"timestamp":1777109785847,"type":"alerts","deviceId":"ESP32_GREENHOUSE_01","data":{"timestamp":1777109785847,"deviceId":"ESP32_GREENHOUSE_01","event":"Quiet","level":37,"raw":148,"diff":148,"message":"Quiet Level: 37"}}
{"timestamp":1777109791916,"type":"alerts","deviceId":"ESP32_GREENHOUSE_01","data":{"timestamp":1777109791916,"deviceId":"ESP32_GREENHOUSE_01","event":"Light Activity","level":52,"raw":208,"diff":208,"message":"Light Activity Level: 52"}}
{"timestamp":1777109793916,"type":"alerts","deviceId":"ESP32_GREENHOUSE_01","data":{"timestamp":1777109793916,"deviceId":"ESP32_GREENHOUSE_01","event":"Quiet","level":37,"raw":150,"diff":150,"message":"Quiet Level: 37"}}
{"timestamp":1777109799998,"type":"alerts","deviceId":"ESP32_GREENHOUSE_01","data":{"timestamp":1777109799998,"deviceId":"ESP32_GREENHOUSE_01","event":"Quiet","level":35,"raw":140,"diff":140,"message":"Quiet Level: 35"}}
{"timestamp":1777109806039,"type":"alerts","deviceId":"ESP32_GREENHOUSE_01","data":{"timestamp":1777109806039,"deviceId":"ESP32_GREENHOUSE_01","event":"Quiet","level":31,"raw":124,"diff":124,"message":"Quiet Level: 31"}}
{"timestamp":1777109812090,"type":"alerts","deviceId":"ESP32_GREENHOUSE_01","data":{"timestamp":1777109812090,"deviceId":"ESP32_GREENHOUSE_01","event":"Light Activity","level":50,"raw":203,"diff":203,"message":"Light Activity Level: 50"}}
{"timestamp":1777109818136,"type":"alerts","deviceId":"ESP32_GREENHOUSE_01","data":{"timestamp":1777109818136,"deviceId":"ESP32_GREENHOUSE_01","event":"Quiet","level":33,"raw":134,"diff":134,"message":"Quiet Level: 33"}}
{"timestamp":1777109822169,"type":"alerts","deviceId":"ESP32_GREENHOUSE_01","data":{"timestamp":1777109822169,"deviceId":"ESP32_GREENHOUSE_01","event":"Light Activity","level":49,"raw":197,"diff":197,"message":"Light Activity Level: 49"}}
{"timestamp":1777109824187,"type":"alerts","deviceId":"ESP32_GREENHOUSE_01","data":{"timestamp":1777109824187,"deviceId":"ESP32_GREENHOUSE_01","event":"Restless","level":62,"raw":248,"diff":248,"message":"Restless Level: 62"}}
{"timestamp":1777109828223,"type":"alerts","deviceId":"ESP32_GREENHOUSE_01","data":{"timestamp":1777109828223,"deviceId":"ESP32_GREENHOUSE_01","event":"CRYING","level":81,"raw":324,"diff":324,"message":"CRYING DETECTED! ⚠️ Level: 81"}}
{"timestamp":1777109834295,"type":"alerts","deviceId":"ESP32_GREENHOUSE_01","data":{"timestamp":1777109834295,"deviceId":"ESP32_GREENHOUSE_01","event":"Light Activity","level":46,"raw":186,"diff":186,"message":"Light Activity Level: 46"}}
{"timestamp":1777109836311,"type":"alerts","deviceId":"ESP32_GREENHOUSE_01","data":{"timestamp":1777109836311,"deviceId":"ESP32_GREENHOUSE_01","event":"Restless","level":62,"raw":249,"diff":249,"message":"Restless Level: 62"}}
{"timestamp":1777109838328,"type":"alerts","deviceId":"ESP32_GREENHOUSE_01","data":{"timestamp":1777109838328,"deviceId":"ESP32_GREENHOUSE_01","event":"CRYING","level":70,"raw":282,"diff":282,"message":"CRYING DETECTED! ⚠️ Level: 70"}}
{"timestamp":1777109840344,"type":"alerts","deviceId":"ESP32_GREENHOUSE_01","data":{"timestamp":1777109840343,"deviceId":"ESP32_GREENHOUSE_01","event":"Light Activity","level":49,"raw":197,"diff":197,"message":"Light Activity Level: 49"}}
{"timestamp":1777109846394,"type":"alerts","deviceId":"ESP32_GREENHOUSE_01","data":{"timestamp":1777109846393,"deviceId":"ESP32_GREENHOUSE_01","event":"Light Activity","level":49,"raw":197,"diff":197,"message":"Light Activity Level: 49"}}
{"timestamp":1777109852439,"type":"alerts","deviceId":"ESP32_GREENHOUSE_01","data":{"timestamp":1777109852439,"deviceId":"ESP32_GREENHOUSE_01","event":"Restless","level":65,"raw":261,"diff":261,"message":"Restless Level: 65"}}
{"timestamp":1777109854457,"type":"alerts","deviceId":"ESP32_GREENHOUSE_01","data":{"timestamp":1777109854457,"deviceId":"ESP32_GREENHOUSE_01","event":"CRYING","level":80,"raw":321,"diff":321,"message":"CRYING DETECTED! ⚠️ Level: 80"}}
{"timestamp":1777109856475,"type":"alerts","deviceId":"ESP32_GREENHOUSE_01","data":{"timestamp":1777109856475,"deviceId":"ESP32_GREENHOUSE_01","event":"Light Activity","level":52,"raw":210,"diff":210,"message":"Light Activity Level: 52"}}
{"timestamp":1777109858493,"type":"alerts","deviceId":"ESP32_GREENHOUSE_01","data":{"timestamp":1777109858493,"deviceId":"ESP32_GREENHOUSE_01","event":"Quiet","level":37,"raw":150,"diff":150,"message":"Quiet Level: 37"}}
{"timestamp":1777109860511,"type":"alerts","deviceId":"ESP32_GREENHOUSE_01","data":{"timestamp":1777109860511,"deviceId":"ESP32_GREENHOUSE_01","event":"Restless","level":58,"raw":235,"diff":235,"message":"Restless Level: 58"}}
{"timestamp":1777109862551,"type":"alerts","deviceId":"ESP32_GREENHOUSE_01","data":{"timestamp":1777109862551,"deviceId":"ESP32_GREENHOUSE_01","event":"Light Activity","level":49,"raw":196,"diff":196,"message":"Light Activity Level: 49"}}
{"timestamp":1777109864570,"type":"alerts","deviceId":"ESP32_GREENHOUSE_01","data":{"timestamp":1777109864570,"deviceId":"ESP32_GREENHOUSE_01","event":"Quiet","level":34,"raw":139,"diff":139,"message":"Quiet Level: 34"}}
{"timestamp":1777109868599,"type":"alerts","deviceId":"ESP32_GREENHOUSE_01","data":{"timestamp":1777109868599,"deviceId":"ESP32_GREENHOUSE_01","event":"Light Activity","level":50,"raw":201,"diff":201,"message":"Light Activity Level: 50"}}
{"timestamp":1777109870616,"type":"alerts","deviceId":"ESP32_GREENHOUSE_01","data":{"timestamp":1777109870615,"deviceId":"ESP32_GREENHOUSE_01","event":"Restless","level":75,"raw":301,"diff":301,"message":"Restless Level: 75"}}
{"timestamp":1777109874647,"type":"alerts","deviceId":"ESP32_GREENHOUSE_01","data":{"timestamp":1777109874647,"deviceId":"ESP32_GREENHOUSE_01","event":"Quiet","level":40,"raw":163,"diff":163,"message":"Quiet Level: 40"}}
{"timestamp":1777109876663,"type":"alerts","deviceId":"ESP32_GREENHOUSE_01","data":{"timestamp":1777109876663,"deviceId":"ESP32_GREENHOUSE_01","event":"Light Activity","level":47,"raw":188,"diff":188,"message":"Light Activity Level: 47"}}
{"timestamp":1777109880695,"type":"alerts","deviceId":"ESP32_GREENHOUSE_01","data":{"timestamp":1777109880695,"deviceId":"ESP32_GREENHOUSE_01","event":"Quiet","level":39,"raw":158,"diff":158,"message":"Quiet Level: 39"}}
{"timestamp":1777109882711,"type":"alerts","deviceId":"ESP32_GREENHOUSE_01","data":{"timestamp":1777109882711,"deviceId":"ESP32_GREENHOUSE_01","event":"Restless","level":65,"raw":260,"diff":260,"message":"Restless Level: 65"}}
{"timestamp":1777109886747,"type":"alerts","deviceId":"ESP32_GREENHOUSE_01","data":{"timestamp":1777109886747,"deviceId":"ESP32_GREENHOUSE_01","event":"CRYING","level":84,"raw":337,"diff":337,"message":"CRYING DETECTED! ⚠️ Level: 84"}}
{"timestamp":1777109888764,"type":"alerts","deviceId":"ESP32_GREENHOUSE_01","data":{"timestamp":1777109888764,"deviceId":"ESP32_GREENHOUSE_01","event":"Quiet","level":40,"raw":162,"diff":162,"message":"Quiet Level: 40"}}
{"timestamp":1777109890784,"type":"alerts","deviceId":"ESP32_GREENHOUSE_01","data":{"timestamp":1777109890784,"deviceId":"ESP32_GREENHOUSE_01","event":"Light Activity","level":46,"raw":186,"diff":186,"message":"Light Activity Level: 46"}}
{"timestamp":1777109892802,"type":"alerts","deviceId":"ESP32_GREENHOUSE_01","data":{"timestamp":1777109892802,"deviceId":"ESP32_GREENHOUSE_01","event":"Restless","level":69,"raw":277,"diff":277,"message":"Restless Level: 69"}}
{"timestamp":1777109896856,"type":"alerts","deviceId":"ESP32_GREENHOUSE_01","data":{"timestamp":1777109896856,"deviceId":"ESP32_GREENHOUSE_01","event":"Light Activity","level":47,"raw":190,"diff":190,"message":"Light Activity Level: 47"}}
{"timestamp":1777109898874,"type":"alerts","deviceId":"ESP32_GREENHOUSE_01","data":{"timestamp":1777109898874,"deviceId":"ESP32_GREENHOUSE_01","event":"Restless","level":67,"raw":271,"diff":271,"message":"Restless Level: 67"}}
{"timestamp":1777109902904,"type":"alerts","deviceId":"ESP32_GREENHOUSE_01","data":{"timestamp":1777109902904,"deviceId":"ESP32_GREENHOUSE_01","event":"Quiet","level":29,"raw":119,"diff":119,"message":"Quiet Level: 29"}}
{"timestamp":1777109908951,"type":"alerts","deviceId":"ESP32_GREENHOUSE_01","data":{"timestamp":1777109908951,"deviceId":"ESP32_GREENHOUSE_01","event":"Quiet","level":33,"raw":134,"diff":134,"message":"Quiet Level: 33"}}
{"timestamp":1777109915000,"type":"alerts","deviceId":"ESP32_GREENHOUSE_01","data":{"timestamp":1777109915000,"deviceId":"ESP32_GREENHOUSE_01","event":"Quiet","level":38,"raw":152,"diff":152,"message":"Quiet Level: 38"}}
{"timestamp":1777109917017,"type":"alerts","deviceId":"ESP32_GREENHOUSE_01","data":{"timestamp":1777109917016,"deviceId":"ESP32_GREENHOUSE_01","event":"Light Activity","level":57,"raw":229,"diff":229,"message":"Light Activity Level: 57"}}
{"timestamp":1777109921054,"type":"alerts","deviceId":"ESP32_GREENHOUSE_01","data":{"timestamp":1777109921053,"deviceId":"ESP32_GREENHOUSE_01","event":"Quiet","level":28,"raw":115,"diff":115,"message":"Quiet Level: 28"}}
{"timestamp":1777109927127,"type":"alerts","deviceId":"ESP32_GREENHOUSE_01","data":{"timestamp":1777109927127,"deviceId":"ESP32_GREENHOUSE_01","event":"Quiet","level":29,"raw":117,"diff":117,"message":"Quiet Level: 29"}}
{"timestamp":1777109933178,"type":"alerts","deviceId":"ESP32_GREENHOUSE_01","data":{"timestamp":1777109933178,"deviceId":"ESP32_GREENHOUSE_01","event":"Quiet","level":27,"raw":110,"diff":110,"message":"Quiet Level: 27"}}
{"timestamp":1777109939224,"type":"alerts","deviceId":"ESP32_GREENHOUSE_01","data":{"timestamp":1777109939224,"deviceId":"ESP32_GREENHOUSE_01","event":"Quiet","level":28,"raw":112,"diff":112,"message":"Quiet Level: 28"}}
{"timestamp":1777109945272,"type":"alerts","deviceId":"ESP32_GREENHOUSE_01","data":{"timestamp":1777109945272,"deviceId":"ESP32_GREENHOUSE_01","event":"Quiet","level":36,"raw":147,"diff":147,"message":"Quiet Level: 36"}}
{"timestamp":1777109947288,"type":"alerts","deviceId":"ESP32_GREENHOUSE_01","data":{"timestamp":1777109947287,"deviceId":"ESP32_GREENHOUSE_01","event":"Light Activity","level":46,"raw":187,"diff":187,"message":"Light Activity Level: 46"}}
{"timestamp":1777109951325,"type":"alerts","deviceId":"ESP32_GREENHOUSE_01","data":{"timestamp":1777109951325,"deviceId":"ESP32_GREENHOUSE_01","event":"Quiet","level":41,"raw":164,"diff":164,"message":"Quiet Level: 41"}}
{"timestamp":1777109955359,"type":"alerts","deviceId":"ESP32_GREENHOUSE_01","data":{"timestamp":1777109955359,"deviceId":"ESP32_GREENHOUSE_01","event":"Light Activity","level":45,"raw":183,"diff":183,"message":"Light Activity Level: 45"}}
{"timestamp":1777109961435,"type":"alerts","deviceId":"ESP32_GREENHOUSE_01","data":{"timestamp":1777109961435,"deviceId":"ESP32_GREENHOUSE_01","event":"Restless","level":69,"raw":276,"diff":276,"message":"Restless Level: 69"}}
{"timestamp":1777109963452,"type":"alerts","deviceId":"ESP32_GREENHOUSE_01","data":{"timestamp":1777109963452,"deviceId":"ESP32_GREENHOUSE_01","event":"Light Activity","level":46,"raw":186,"diff":186,"message":"Light Activity Level: 46"}}
{"timestamp":1777109965468,"type":"alerts","deviceId":"ESP32_GREENHOUSE_01","data":{"timestamp":1777109965468,"deviceId":"ESP32_GREENHOUSE_01","event":"Quiet","level":38,"raw":153,"diff":153,"message":"Quiet Level: 38"}}
{"timestamp":1777109971512,"type":"alerts","deviceId":"ESP32_GREENHOUSE_01","data":{"timestamp":1777109971512,"deviceId":"ESP32_GREENHOUSE_01","event":"Quiet","level":27,"raw":111,"diff":111,"message":"Quiet Level: 27"}}
{"timestamp":1777109977560,"type":"alerts","deviceId":"ESP32_GREENHOUSE_01","data":{"timestamp":1777109977560,"deviceId":"ESP32_GREENHOUSE_01","event":"Quiet","level":36,"raw":144,"diff":144,"message":"Quiet Level: 36"}}
{"timestamp":1777109983628,"type":"alerts","deviceId":"ESP32_GREENHOUSE_01","data":{"timestamp":1777109983628,"deviceId":"ESP32_GREENHOUSE_01","event":"Quiet","level":35,"raw":142,"diff":142,"message":"Quiet Level: 35"}}
{"timestamp":1777109989666,"type":"alerts","deviceId":"ESP32_GREENHOUSE_01","data":{"timestamp":1777109989666,"deviceId":"ESP32_GREENHOUSE_01","event":"Light Activity","level":46,"raw":186,"diff":186,"message":"Light Activity Level: 46"}}
{"timestamp":1777109991705,"type":"alerts","deviceId":"ESP32_GREENHOUSE_01","data":{"timestamp":1777109991705,"deviceId":"ESP32_GREENHOUSE_01","event":"CRYING","level":65,"raw":261,"diff":261,"message":"CRYING DETECTED! ⚠️ Level: 65"}}
{"timestamp":1777110001786,"type":"alerts","deviceId":"ESP32_GREENHOUSE_01","data":{"timestamp":1777110001786,"deviceId":"ESP32_GREENHOUSE_01","event":"CRYING","level":41,"raw":166,"diff":166,"message":"CRYING DETECTED! ⚠️ Level: 41"}}
{"timestamp":1777110007833,"type":"alerts","deviceId":"ESP32_GREENHOUSE_01","data":{"timestamp":1777110007832,"deviceId":"ESP32_GREENHOUSE_01","event":"Quiet","level":31,"raw":124,"diff":124,"message":"Quiet Level: 31"}}
{"timestamp":1777110013882,"type":"alerts","deviceId":"ESP32_GREENHOUSE_01","data":{"timestamp":1777110013882,"deviceId":"ESP32_GREENHOUSE_01","event":"Quiet","level":39,"raw":156,"diff":156,"message":"Quiet Level: 39"}}
{"timestamp":1777110015899,"type":"alerts","deviceId":"ESP32_GREENHOUSE_01","data":{"timestamp":1777110015899,"deviceId":"ESP32_GREENHOUSE_01","event":"Light Activity","level":48,"raw":193,"diff":193,"message":"Light Activity Level: 48"}}
{"timestamp":1777110021977,"type":"alerts","deviceId":"ESP32_GREENHOUSE_01","data":{"timestamp":1777110021976,"deviceId":"ESP32_GREENHOUSE_01","event":"Quiet","level":42,"raw":168,"diff":168,"message":"Quiet Level: 42"}}
{"timestamp":1777110026008,"type":"alerts","deviceId":"ESP32_GREENHOUSE_01","data":{"timestamp":1777110026008,"deviceId":"ESP32_GREENHOUSE_01","event":"Restless","level":60,"raw":242,"diff":242,"message":"Restless Level: 60"}}
{"timestamp":1777110028025,"type":"alerts","deviceId":"ESP32_GREENHOUSE_01","data":{"timestamp":1777110028025,"deviceId":"ESP32_GREENHOUSE_01","event":"Light Activity","level":44,"raw":179,"diff":179,"message":"Light Activity Level: 44"}}
{"timestamp":1777110034073,"type":"alerts","deviceId":"ESP32_GREENHOUSE_01","data":{"timestamp":1777110034073,"deviceId":"ESP32_GREENHOUSE_01","event":"Light Activity","level":57,"raw":229,"diff":229,"message":"Light Activity Level: 57"}}
{"timestamp":1777110036091,"type":"alerts","deviceId":"ESP32_GREENHOUSE_01","data":{"timestamp":1777110036091,"deviceId":"ESP32_GREENHOUSE_01","event":"Restless","level":85,"raw":340,"diff":340,"message":"Restless Level: 85"}}
{"timestamp":1777110042137,"type":"alerts","deviceId":"ESP32_GREENHOUSE_01","data":{"timestamp":1777110042137,"deviceId":"ESP32_GREENHOUSE_01","event":"Quiet","level":30,"raw":122,"diff":122,"message":"Quiet Level: 30"}}
{"timestamp":1777110044153,"type":"alerts","deviceId":"ESP32_GREENHOUSE_01","data":{"timestamp":1777110044152,"deviceId":"ESP32_GREENHOUSE_01","event":"Light Activity","level":48,"raw":195,"diff":195,"message":"Light Activity Level: 48"}}
{"timestamp":1777110046170,"type":"alerts","deviceId":"ESP32_GREENHOUSE_01","data":{"timestamp":1777110046170,"deviceId":"ESP32_GREENHOUSE_01","event":"CRYING","level":98,"raw":395,"diff":395,"message":"CRYING DETECTED! ⚠️ Level: 98"}}
{"timestamp":1777110050206,"type":"alerts","deviceId":"ESP32_GREENHOUSE_01","data":{"timestamp":1777110050206,"deviceId":"ESP32_GREENHOUSE_01","event":"Light Activity","level":49,"raw":199,"diff":199,"message":"Light Activity Level: 49"}}
{"timestamp":1777110054264,"type":"alerts","deviceId":"ESP32_GREENHOUSE_01","data":{"timestamp":1777110054264,"deviceId":"ESP32_GREENHOUSE_01","event":"Quiet","level":24,"raw":97,"diff":97,"message":"Quiet Level: 24"}}
{"timestamp":1777110058300,"type":"alerts","deviceId":"ESP32_GREENHOUSE_01","data":{"timestamp":1777110058300,"deviceId":"ESP32_GREENHOUSE_01","event":"CRYING","level":84,"raw":336,"diff":336,"message":"CRYING DETECTED! ⚠️ Level: 84"}}
{"timestamp":1777110068495,"type":"alerts","deviceId":"ESP32_GREENHOUSE_01","data":{"timestamp":1777110068495,"deviceId":"ESP32_GREENHOUSE_01","event":"CRYING","level":46,"raw":184,"diff":184,"message":"CRYING DETECTED! ⚠️ Level: 46"}}
{"timestamp":1777110078520,"type":"alerts","deviceId":"ESP32_GREENHOUSE_01","data":{"timestamp":1777110078520,"deviceId":"ESP32_GREENHOUSE_01","event":"CRYING","level":106,"raw":427,"diff":427,"message":"CRYING DETECTED! ⚠️ Level: 106"}}
{"timestamp":1777110086553,"type":"alerts","deviceId":"ESP32_GREENHOUSE_01","data":{"timestamp":1777110086553,"deviceId":"ESP32_GREENHOUSE_01","event":"Quiet","level":41,"raw":166,"diff":166,"message":"Quiet Level: 41"}}
{"timestamp":1777110092636,"type":"alerts","deviceId":"ESP32_GREENHOUSE_01","data":{"timestamp":1777110092636,"deviceId":"ESP32_GREENHOUSE_01","event":"Quiet","level":34,"raw":137,"diff":137,"message":"Quiet Level: 34"}}
{"timestamp":1777110098649,"type":"alerts","deviceId":"ESP32_GREENHOUSE_01","data":{"timestamp":1777110098649,"deviceId":"ESP32_GREENHOUSE_01","event":"Light Activity","level":57,"raw":228,"diff":228,"message":"Light Activity Level: 57"}}
{"timestamp":1777110100668,"type":"alerts","deviceId":"ESP32_GREENHOUSE_01","data":{"timestamp":1777110100668,"deviceId":"ESP32_GREENHOUSE_01","event":"Quiet","level":37,"raw":150,"diff":150,"message":"Quiet Level: 37"}}
{"timestamp":1777110102681,"type":"alerts","deviceId":"ESP32_GREENHOUSE_01","data":{"timestamp":1777110102681,"deviceId":"ESP32_GREENHOUSE_01","event":"Restless","level":62,"raw":250,"diff":250,"message":"Restless Level: 62"}}
{"timestamp":1777110104699,"type":"alerts","deviceId":"ESP32_GREENHOUSE_01","data":{"timestamp":1777110104699,"deviceId":"ESP32_GREENHOUSE_01","event":"Light Activity","level":56,"raw":227,"diff":227,"message":"Light Activity Level: 56"}}
{"timestamp":1777110108729,"type":"alerts","deviceId":"ESP32_GREENHOUSE_01","data":{"timestamp":1777110108729,"deviceId":"ESP32_GREENHOUSE_01","event":"Quiet","level":35,"raw":141,"diff":141,"message":"Quiet Level: 35"}}
{"timestamp":1777110110747,"type":"alerts","deviceId":"ESP32_GREENHOUSE_01","data":{"timestamp":1777110110747,"deviceId":"ESP32_GREENHOUSE_01","event":"Light Activity","level":51,"raw":206,"diff":206,"message":"Light Activity Level: 51"}}
{"timestamp":1777110114788,"type":"alerts","deviceId":"ESP32_GREENHOUSE_01","data":{"timestamp":1777110114788,"deviceId":"ESP32_GREENHOUSE_01","event":"Quiet","level":31,"raw":127,"diff":127,"message":"Quiet Level: 31"}}
{"timestamp":1777110116804,"type":"alerts","deviceId":"ESP32_GREENHOUSE_01","data":{"timestamp":1777110116804,"deviceId":"ESP32_GREENHOUSE_01","event":"Light Activity","level":44,"raw":177,"diff":177,"message":"Light Activity Level: 44"}}
{"timestamp":1777110120861,"type":"alerts","deviceId":"ESP32_GREENHOUSE_01","data":{"timestamp":1777110120860,"deviceId":"ESP32_GREENHOUSE_01","event":"Quiet","level":37,"raw":149,"diff":149,"message":"Quiet Level: 37"}}
{"timestamp":1777110126905,"type":"alerts","deviceId":"ESP32_GREENHOUSE_01","data":{"timestamp":1777110126905,"deviceId":"ESP32_GREENHOUSE_01","event":"Quiet","level":32,"raw":130,"diff":130,"message":"Quiet Level: 32"}}
{"timestamp":1777110130959,"type":"alerts","deviceId":"ESP32_GREENHOUSE_01","data":{"timestamp":1777110130959,"deviceId":"ESP32_GREENHOUSE_01","event":"Light Activity","level":52,"raw":210,"diff":210,"message":"Light Activity Level: 52"}}
{"timestamp":1777110132954,"type":"alerts","deviceId":"ESP32_GREENHOUSE_01","data":{"timestamp":1777110132954,"deviceId":"ESP32_GREENHOUSE_01","event":"Restless","level":67,"raw":268,"diff":268,"message":"Restless Level: 67"}}
{"timestamp":1777110134974,"type":"alerts","deviceId":"ESP32_GREENHOUSE_01","data":{"timestamp":1777110134974,"deviceId":"ESP32_GREENHOUSE_01","event":"Quiet","level":33,"raw":135,"diff":135,"message":"Quiet Level: 33"}}
{"timestamp":1777110141017,"type":"alerts","deviceId":"ESP32_GREENHOUSE_01","data":{"timestamp":1777110141017,"deviceId":"ESP32_GREENHOUSE_01","event":"Quiet","level":40,"raw":160,"diff":160,"message":"Quiet Level: 40"}}
{"timestamp":1777110147072,"type":"alerts","deviceId":"ESP32_GREENHOUSE_01","data":{"timestamp":1777110147072,"deviceId":"ESP32_GREENHOUSE_01","event":"Quiet","level":28,"raw":113,"diff":113,"message":"Quiet Level: 28"}}
{"timestamp":1777110153145,"type":"alerts","deviceId":"ESP32_GREENHOUSE_01","data":{"timestamp":1777110153145,"deviceId":"ESP32_GREENHOUSE_01","event":"Light Activity","level":44,"raw":177,"diff":177,"message":"Light Activity Level: 44"}}
{"timestamp":1777110155161,"type":"alerts","deviceId":"ESP32_GREENHOUSE_01","data":{"timestamp":1777110155161,"deviceId":"ESP32_GREENHOUSE_01","event":"Quiet","level":24,"raw":99,"diff":99,"message":"Quiet Level: 24"}}
{"timestamp":1777110161209,"type":"alerts","deviceId":"ESP32_GREENHOUSE_01","data":{"timestamp":1777110161209,"deviceId":"ESP32_GREENHOUSE_01","event":"Quiet","level":40,"raw":161,"diff":161,"message":"Quiet Level: 40"}}
{"timestamp":1777110167257,"type":"alerts","deviceId":"ESP32_GREENHOUSE_01","data":{"timestamp":1777110167257,"deviceId":"ESP32_GREENHOUSE_01","event":"Quiet","level":37,"raw":148,"diff":148,"message":"Quiet Level: 37"}}
{"timestamp":1777110173344,"type":"alerts","deviceId":"ESP32_GREENHOUSE_01","data":{"timestamp":1777110173344,"deviceId":"ESP32_GREENHOUSE_01","event":"Light Activity","level":51,"raw":207,"diff":207,"message":"Light Activity Level: 51"}}
{"timestamp":1777110179463,"type":"alerts","deviceId":"ESP32_GREENHOUSE_01","data":{"timestamp":1777110179463,"deviceId":"ESP32_GREENHOUSE_01","event":"Light Activity","level":49,"raw":196,"diff":196,"message":"Light Activity Level: 49"}}
{"timestamp":1777110181695,"type":"alerts","deviceId":"ESP32_GREENHOUSE_01","data":{"timestamp":1777110181695,"deviceId":"ESP32_GREENHOUSE_01","event":"Quiet","level":35,"raw":143,"diff":143,"message":"Quiet Level: 35"}}
{"timestamp":1777110187576,"type":"alerts","deviceId":"ESP32_GREENHOUSE_01","data":{"timestamp":1777110187576,"deviceId":"ESP32_GREENHOUSE_01","event":"Quiet","level":29,"raw":118,"diff":118,"message":"Quiet Level: 29"}}
{"timestamp":1777110193498,"type":"alerts","deviceId":"ESP32_GREENHOUSE_01","data":{"timestamp":1777110193498,"deviceId":"ESP32_GREENHOUSE_01","event":"Restless","level":77,"raw":311,"diff":311,"message":"Restless Level: 77"}}
{"timestamp":1777110195515,"type":"alerts","deviceId":"ESP32_GREENHOUSE_01","data":{"timestamp":1777110195515,"deviceId":"ESP32_GREENHOUSE_01","event":"Quiet","level":33,"raw":135,"diff":135,"message":"Quiet Level: 33"}}
{"timestamp":1777110199546,"type":"alerts","deviceId":"ESP32_GREENHOUSE_01","data":{"timestamp":1777110199546,"deviceId":"ESP32_GREENHOUSE_01","event":"Light Activity","level":49,"raw":198,"diff":198,"message":"Light Activity Level: 49"}}
{"timestamp":1777110203600,"type":"alerts","deviceId":"ESP32_GREENHOUSE_01","data":{"timestamp":1777110203600,"deviceId":"ESP32_GREENHOUSE_01","event":"Quiet","level":27,"raw":110,"diff":110,"message":"Quiet Level: 27"}}
{"timestamp":1777110209703,"type":"alerts","deviceId":"ESP32_GREENHOUSE_01","data":{"timestamp":1777110209702,"deviceId":"ESP32_GREENHOUSE_01","event":"Quiet","level":39,"raw":157,"diff":157,"message":"Quiet Level: 39"}}
{"timestamp":1777110213796,"type":"alerts","deviceId":"ESP32_GREENHOUSE_01","data":{"timestamp":1777110213796,"deviceId":"ESP32_GREENHOUSE_01","event":"Light Activity","level":46,"raw":184,"diff":184,"message":"Light Activity Level: 46"}}
{"timestamp":1777110219738,"type":"alerts","deviceId":"ESP32_GREENHOUSE_01","data":{"timestamp":1777110219738,"deviceId":"ESP32_GREENHOUSE_01","event":"Quiet","level":38,"raw":152,"diff":152,"message":"Quiet Level: 38"}}
{"timestamp":1777110225786,"type":"alerts","deviceId":"ESP32_GREENHOUSE_01","data":{"timestamp":1777110225786,"deviceId":"ESP32_GREENHOUSE_01","event":"Quiet","level":34,"raw":137,"diff":137,"message":"Quiet Level: 34"}}
{"timestamp":1777110229819,"type":"alerts","deviceId":"ESP32_GREENHOUSE_01","data":{"timestamp":1777110229819,"deviceId":"ESP32_GREENHOUSE_01","event":"Light Activity","level":44,"raw":179,"diff":179,"message":"Light Activity Level: 44"}}
{"timestamp":1777110233850,"type":"alerts","deviceId":"ESP32_GREENHOUSE_01","data":{"timestamp":1777110233850,"deviceId":"ESP32_GREENHOUSE_01","event":"Quiet","level":38,"raw":153,"diff":153,"message":"Quiet Level: 38"}}
{"timestamp":1777110235866,"type":"alerts","deviceId":"ESP32_GREENHOUSE_01","data":{"timestamp":1777110235866,"deviceId":"ESP32_GREENHOUSE_01","event":"Light Activity","level":52,"raw":210,"diff":210,"message":"Light Activity Level: 52"}}
{"timestamp":1777110237885,"type":"alerts","deviceId":"ESP32_GREENHOUSE_01","data":{"timestamp":1777110237885,"deviceId":"ESP32_GREENHOUSE_01","event":"Restless","level":68,"raw":275,"diff":275,"message":"Restless Level: 68"}}
{"timestamp":1777110241919,"type":"alerts","deviceId":"ESP32_GREENHOUSE_01","data":{"timestamp":1777110241919,"deviceId":"ESP32_GREENHOUSE_01","event":"Quiet","level":33,"raw":135,"diff":135,"message":"Quiet Level: 33"}}
{"timestamp":1777110245981,"type":"alerts","deviceId":"ESP32_GREENHOUSE_01","data":{"timestamp":1777110245981,"deviceId":"ESP32_GREENHOUSE_01","event":"Light Activity","level":49,"raw":199,"diff":199,"message":"Light Activity Level: 49"}}
{"timestamp":1777110250011,"type":"alerts","deviceId":"ESP32_GREENHOUSE_01","data":{"timestamp":1777110250011,"deviceId":"ESP32_GREENHOUSE_01","event":"CRYING","level":57,"raw":229,"diff":229,"message":"CRYING DETECTED! ⚠️ Level: 57"}}
{"timestamp":1777110252027,"type":"alerts","deviceId":"ESP32_GREENHOUSE_01","data":{"timestamp":1777110252027,"deviceId":"ESP32_GREENHOUSE_01","event":"Light Activity","level":51,"raw":204,"diff":204,"message":"Light Activity Level: 51"}}
{"timestamp":1777110256058,"type":"alerts","deviceId":"ESP32_GREENHOUSE_01","data":{"timestamp":1777110256058,"deviceId":"ESP32_GREENHOUSE_01","event":"Quiet","level":35,"raw":142,"diff":142,"message":"Quiet Level: 35"}}
{"timestamp":1777110262108,"type":"alerts","deviceId":"ESP32_GREENHOUSE_01","data":{"timestamp":1777110262108,"deviceId":"ESP32_GREENHOUSE_01","event":"Light Activity","level":53,"raw":212,"diff":212,"message":"Light Activity Level: 53"}}
{"timestamp":1777110266138,"type":"alerts","deviceId":"ESP32_GREENHOUSE_01","data":{"timestamp":1777110266138,"deviceId":"ESP32_GREENHOUSE_01","event":"Quiet","level":41,"raw":165,"diff":165,"message":"Quiet Level: 41"}}
{"timestamp":1777110270172,"type":"alerts","deviceId":"ESP32_GREENHOUSE_01","data":{"timestamp":1777110270172,"deviceId":"ESP32_GREENHOUSE_01","event":"Light Activity","level":51,"raw":204,"diff":204,"message":"Light Activity Level: 51"}}
{"timestamp":1777110272194,"type":"alerts","deviceId":"ESP32_GREENHOUSE_01","data":{"timestamp":1777110272194,"deviceId":"ESP32_GREENHOUSE_01","event":"Quiet","level":42,"raw":170,"diff":170,"message":"Quiet Level: 42"}}
{"timestamp":1777110278391,"type":"alerts","deviceId":"ESP32_GREENHOUSE_01","data":{"timestamp":1777110278391,"deviceId":"ESP32_GREENHOUSE_01","event":"Restless","level":66,"raw":267,"diff":267,"message":"Restless Level: 66"}}
{"timestamp":1777110280283,"type":"alerts","deviceId":"ESP32_GREENHOUSE_01","data":{"timestamp":1777110280283,"deviceId":"ESP32_GREENHOUSE_01","event":"Quiet","level":43,"raw":174,"diff":174,"message":"Quiet Level: 43"}}
{"timestamp":1777110282301,"type":"alerts","deviceId":"ESP32_GREENHOUSE_01","data":{"timestamp":1777110282301,"deviceId":"ESP32_GREENHOUSE_01","event":"Light Activity","level":44,"raw":179,"diff":179,"message":"Light Activity Level: 44"}}
{"timestamp":1777110286337,"type":"alerts","deviceId":"ESP32_GREENHOUSE_01","data":{"timestamp":1777110286337,"deviceId":"ESP32_GREENHOUSE_01","event":"Quiet","level":42,"raw":168,"diff":168,"message":"Quiet Level: 42"}}
{"timestamp":1777110288377,"type":"alerts","deviceId":"ESP32_GREENHOUSE_01","data":{"timestamp":1777110288377,"deviceId":"ESP32_GREENHOUSE_01","event":"Light Activity","level":47,"raw":188,"diff":188,"message":"Light Activity Level: 47"}}
{"timestamp":1777110292428,"type":"alerts","deviceId":"ESP32_GREENHOUSE_01","data":{"timestamp":1777110292428,"deviceId":"ESP32_GREENHOUSE_01","event":"Quiet","level":43,"raw":174,"diff":174,"message":"Quiet Level: 43"}}
{"timestamp":1777110298426,"type":"alerts","deviceId":"ESP32_GREENHOUSE_01","data":{"timestamp":1777110298426,"deviceId":"ESP32_GREENHOUSE_01","event":"Light Activity","level":51,"raw":204,"diff":204,"message":"Light Activity Level: 51"}}
{"timestamp":1777110300456,"type":"alerts","deviceId":"ESP32_GREENHOUSE_01","data":{"timestamp":1777110300455,"deviceId":"ESP32_GREENHOUSE_01","event":"Quiet","level":39,"raw":157,"diff":157,"message":"Quiet Level: 39"}}
{"timestamp":1777110304477,"type":"alerts","deviceId":"ESP32_GREENHOUSE_01","data":{"timestamp":1777110304477,"deviceId":"ESP32_GREENHOUSE_01","event":"Light Activity","level":45,"raw":183,"diff":183,"message":"Light Activity Level: 45"}}
{"timestamp":1777110306495,"type":"alerts","deviceId":"ESP32_GREENHOUSE_01","data":{"timestamp":1777110306495,"deviceId":"ESP32_GREENHOUSE_01","event":"Quiet","level":34,"raw":136,"diff":136,"message":"Quiet Level: 34"}}
{"timestamp":1777110312570,"type":"alerts","deviceId":"ESP32_GREENHOUSE_01","data":{"timestamp":1777110312570,"deviceId":"ESP32_GREENHOUSE_01","event":"Quiet","level":34,"raw":139,"diff":139,"message":"Quiet Level: 34"}}
{"timestamp":1777110318619,"type":"alerts","deviceId":"ESP32_GREENHOUSE_01","data":{"timestamp":1777110318619,"deviceId":"ESP32_GREENHOUSE_01","event":"Quiet","level":32,"raw":129,"diff":129,"message":"Quiet Level: 32"}}
{"timestamp":1777110324667,"type":"alerts","deviceId":"ESP32_GREENHOUSE_01","data":{"timestamp":1777110324667,"deviceId":"ESP32_GREENHOUSE_01","event":"Light Activity","level":55,"raw":222,"diff":222,"message":"Light Activity Level: 55"}}
{"timestamp":1777110326687,"type":"alerts","deviceId":"ESP32_GREENHOUSE_01","data":{"timestamp":1777110326687,"deviceId":"ESP32_GREENHOUSE_01","event":"Quiet","level":34,"raw":136,"diff":136,"message":"Quiet Level: 34"}}
{"timestamp":1777110332734,"type":"alerts","deviceId":"ESP32_GREENHOUSE_01","data":{"timestamp":1777110332733,"deviceId":"ESP32_GREENHOUSE_01","event":"Quiet","level":41,"raw":166,"diff":166,"message":"Quiet Level: 41"}}
{"timestamp":1777110336765,"type":"alerts","deviceId":"ESP32_GREENHOUSE_01","data":{"timestamp":1777110336765,"deviceId":"ESP32_GREENHOUSE_01","event":"Light Activity","level":51,"raw":206,"diff":206,"message":"Light Activity Level: 51"}}
{"timestamp":1777110340807,"type":"alerts","deviceId":"ESP32_GREENHOUSE_01","data":{"timestamp":1777110340807,"deviceId":"ESP32_GREENHOUSE_01","event":"Restless","level":65,"raw":261,"diff":261,"message":"Restless Level: 65"}}
{"timestamp":1777110342844,"type":"alerts","deviceId":"ESP32_GREENHOUSE_01","data":{"timestamp":1777110342844,"deviceId":"ESP32_GREENHOUSE_01","event":"Light Activity","level":46,"raw":185,"diff":185,"message":"Light Activity Level: 46"}}
{"timestamp":1777110344859,"type":"alerts","deviceId":"ESP32_GREENHOUSE_01","data":{"timestamp":1777110344859,"deviceId":"ESP32_GREENHOUSE_01","event":"Quiet","level":39,"raw":156,"diff":156,"message":"Quiet Level: 39"}}
{"timestamp":1777110348943,"type":"alerts","deviceId":"ESP32_GREENHOUSE_01","data":{"timestamp":1777110348943,"deviceId":"ESP32_GREENHOUSE_01","event":"Light Activity","level":51,"raw":205,"diff":205,"message":"Light Activity Level: 51"}}
{"timestamp":1777110354939,"type":"alerts","deviceId":"ESP32_GREENHOUSE_01","data":{"timestamp":1777110354939,"deviceId":"ESP32_GREENHOUSE_01","event":"Quiet","level":35,"raw":141,"diff":141,"message":"Quiet Level: 35"}}
{"timestamp":1777110356955,"type":"alerts","deviceId":"ESP32_GREENHOUSE_01","data":{"timestamp":1777110356955,"deviceId":"ESP32_GREENHOUSE_01","event":"Restless","level":84,"raw":338,"diff":338,"message":"Restless Level: 84"}}
{"timestamp":1777110358993,"type":"alerts","deviceId":"ESP32_GREENHOUSE_01","data":{"timestamp":1777110358993,"deviceId":"ESP32_GREENHOUSE_01","event":"Light Activity","level":44,"raw":179,"diff":179,"message":"Light Activity Level: 44"}}
{"timestamp":1777110363003,"type":"alerts","deviceId":"ESP32_GREENHOUSE_01","data":{"timestamp":1777110363003,"deviceId":"ESP32_GREENHOUSE_01","event":"Restless","level":81,"raw":326,"diff":326,"message":"Restless Level: 81"}}
{"timestamp":1777110367036,"type":"alerts","deviceId":"ESP32_GREENHOUSE_01","data":{"timestamp":1777110367036,"deviceId":"ESP32_GREENHOUSE_01","event":"Quiet","level":43,"raw":173,"diff":173,"message":"Quiet Level: 43"}}
{"timestamp":1777110371072,"type":"alerts","deviceId":"ESP32_GREENHOUSE_01","data":{"timestamp":1777110371072,"deviceId":"ESP32_GREENHOUSE_01","event":"Light Activity","level":53,"raw":212,"diff":212,"message":"Light Activity Level: 53"}}
{"timestamp":1777110373090,"type":"alerts","deviceId":"ESP32_GREENHOUSE_01","data":{"timestamp":1777110373090,"deviceId":"ESP32_GREENHOUSE_01","event":"Quiet","level":41,"raw":167,"diff":167,"message":"Quiet Level: 41"}}
{"timestamp":1777110377147,"type":"alerts","deviceId":"ESP32_GREENHOUSE_01","data":{"timestamp":1777110377147,"deviceId":"ESP32_GREENHOUSE_01","event":"Light Activity","level":53,"raw":214,"diff":214,"message":"Light Activity Level: 53"}}
{"timestamp":1777110379163,"type":"alerts","deviceId":"ESP32_GREENHOUSE_01","data":{"timestamp":1777110379163,"deviceId":"ESP32_GREENHOUSE_01","event":"Quiet","level":36,"raw":147,"diff":147,"message":"Quiet Level: 36"}}
{"timestamp":1777110385213,"type":"alerts","deviceId":"ESP32_GREENHOUSE_01","data":{"timestamp":1777110385213,"deviceId":"ESP32_GREENHOUSE_01","event":"Quiet","level":40,"raw":162,"diff":162,"message":"Quiet Level: 40"}}
{"timestamp":1777110391265,"type":"alerts","deviceId":"ESP32_GREENHOUSE_01","data":{"timestamp":1777110391265,"deviceId":"ESP32_GREENHOUSE_01","event":"Quiet","level":42,"raw":168,"diff":168,"message":"Quiet Level: 42"}}
{"timestamp":1777110393276,"type":"alerts","deviceId":"ESP32_GREENHOUSE_01","data":{"timestamp":1777110393276,"deviceId":"ESP32_GREENHOUSE_01","event":"Light Activity","level":53,"raw":213,"diff":213,"message":"Light Activity Level: 53"}}
{"timestamp":1777110397307,"type":"alerts","deviceId":"ESP32_GREENHOUSE_01","data":{"timestamp":1777110397307,"deviceId":"ESP32_GREENHOUSE_01","event":"Quiet","level":33,"raw":133,"diff":133,"message":"Quiet Level: 33"}}
{"timestamp":1777110403361,"type":"alerts","deviceId":"ESP32_GREENHOUSE_01","data":{"timestamp":1777110403361,"deviceId":"ESP32_GREENHOUSE_01","event":"Light Activity","level":45,"raw":180,"diff":180,"message":"Light Activity Level: 45"}}
{"timestamp":1777110405384,"type":"alerts","deviceId":"ESP32_GREENHOUSE_01","data":{"timestamp":1777110405384,"deviceId":"ESP32_GREENHOUSE_01","event":"Quiet","level":39,"raw":159,"diff":159,"message":"Quiet Level: 39"}}
{"timestamp":1777110411461,"type":"alerts","deviceId":"ESP32_GREENHOUSE_01","data":{"timestamp":1777110411460,"deviceId":"ESP32_GREENHOUSE_01","event":"Quiet","level":39,"raw":156,"diff":156,"message":"Quiet Level: 39"}}
{"timestamp":1777110413467,"type":"alerts","deviceId":"ESP32_GREENHOUSE_01","data":{"timestamp":1777110413467,"deviceId":"ESP32_GREENHOUSE_01","event":"Light Activity","level":55,"raw":221,"diff":221,"message":"Light Activity Level: 55"}}
{"timestamp":1777110417499,"type":"alerts","deviceId":"ESP32_GREENHOUSE_01","data":{"timestamp":1777110417499,"deviceId":"ESP32_GREENHOUSE_01","event":"Quiet","level":37,"raw":149,"diff":149,"message":"Quiet Level: 37"}}
{"timestamp":1777110423548,"type":"alerts","deviceId":"ESP32_GREENHOUSE_01","data":{"timestamp":1777110423548,"deviceId":"ESP32_GREENHOUSE_01","event":"Quiet","level":37,"raw":150,"diff":150,"message":"Quiet Level: 37"}}
{"timestamp":1777110425563,"type":"alerts","deviceId":"ESP32_GREENHOUSE_01","data":{"timestamp":1777110425563,"deviceId":"ESP32_GREENHOUSE_01","event":"Light Activity","level":45,"raw":180,"diff":180,"message":"Light Activity Level: 45"}}
{"timestamp":1777110429595,"type":"alerts","deviceId":"ESP32_GREENHOUSE_01","data":{"timestamp":1777110429595,"deviceId":"ESP32_GREENHOUSE_01","event":"Quiet","level":33,"raw":132,"diff":132,"message":"Quiet Level: 33"}}
{"timestamp":1777110435647,"type":"alerts","deviceId":"ESP32_GREENHOUSE_01","data":{"timestamp":1777110435647,"deviceId":"ESP32_GREENHOUSE_01","event":"Quiet","level":24,"raw":98,"diff":98,"message":"Quiet Level: 24"}}
{"timestamp":1777110441723,"type":"alerts","deviceId":"ESP32_GREENHOUSE_01","data":{"timestamp":1777110441723,"deviceId":"ESP32_GREENHOUSE_01","event":"Quiet","level":34,"raw":136,"diff":136,"message":"Quiet Level: 34"}}
{"timestamp":1777110445755,"type":"alerts","deviceId":"ESP32_GREENHOUSE_01","data":{"timestamp":1777110445755,"deviceId":"ESP32_GREENHOUSE_01","event":"Light Activity","level":45,"raw":181,"diff":181,"message":"Light Activity Level: 45"}}
{"timestamp":1777110447772,"type":"alerts","deviceId":"ESP32_GREENHOUSE_01","data":{"timestamp":1777110447771,"deviceId":"ESP32_GREENHOUSE_01","event":"Quiet","level":28,"raw":112,"diff":112,"message":"Quiet Level: 28"}}
{"timestamp":1777110453819,"type":"alerts","deviceId":"ESP32_GREENHOUSE_01","data":{"timestamp":1777110453819,"deviceId":"ESP32_GREENHOUSE_01","event":"Quiet","level":25,"raw":102,"diff":102,"message":"Quiet Level: 25"}}
{"timestamp":1777110459868,"type":"alerts","deviceId":"ESP32_GREENHOUSE_01","data":{"timestamp":1777110459868,"deviceId":"ESP32_GREENHOUSE_01","event":"Quiet","level":34,"raw":137,"diff":137,"message":"Quiet Level: 34"}}
{"timestamp":1777110463900,"type":"alerts","deviceId":"ESP32_GREENHOUSE_01","data":{"timestamp":1777110463899,"deviceId":"ESP32_GREENHOUSE_01","event":"Light Activity","level":50,"raw":203,"diff":203,"message":"Light Activity Level: 50"}}
{"timestamp":1777110467935,"type":"alerts","deviceId":"ESP32_GREENHOUSE_01","data":{"timestamp":1777110467935,"deviceId":"ESP32_GREENHOUSE_01","event":"Quiet","level":35,"raw":140,"diff":140,"message":"Quiet Level: 35"}}
{"timestamp":1777110474012,"type":"alerts","deviceId":"ESP32_GREENHOUSE_01","data":{"timestamp":1777110474012,"deviceId":"ESP32_GREENHOUSE_01","event":"Quiet","level":27,"raw":109,"diff":109,"message":"Quiet Level: 27"}}
{"timestamp":1777110476042,"type":"alerts","deviceId":"ESP32_GREENHOUSE_01","data":{"timestamp":1777110476042,"deviceId":"ESP32_GREENHOUSE_01","event":"Light Activity","level":47,"raw":191,"diff":191,"message":"Light Activity Level: 47"}}
{"timestamp":1777110482076,"type":"alerts","deviceId":"ESP32_GREENHOUSE_01","data":{"timestamp":1777110482076,"deviceId":"ESP32_GREENHOUSE_01","event":"Quiet","level":41,"raw":164,"diff":164,"message":"Quiet Level: 41"}}
{"timestamp":1777110484092,"type":"alerts","deviceId":"ESP32_GREENHOUSE_01","data":{"timestamp":1777110484092,"deviceId":"ESP32_GREENHOUSE_01","event":"Light Activity","level":45,"raw":181,"diff":181,"message":"Light Activity Level: 45"}}
{"timestamp":1777110490140,"type":"alerts","deviceId":"ESP32_GREENHOUSE_01","data":{"timestamp":1777110490140,"deviceId":"ESP32_GREENHOUSE_01","event":"Restless","level":59,"raw":236,"diff":236,"message":"Restless Level: 59"}}
{"timestamp":1777110492156,"type":"alerts","deviceId":"ESP32_GREENHOUSE_01","data":{"timestamp":1777110492156,"deviceId":"ESP32_GREENHOUSE_01","event":"Quiet","level":40,"raw":161,"diff":161,"message":"Quiet Level: 40"}}
{"timestamp":1777110494172,"type":"alerts","deviceId":"ESP32_GREENHOUSE_01","data":{"timestamp":1777110494172,"deviceId":"ESP32_GREENHOUSE_01","event":"Light Activity","level":47,"raw":189,"diff":189,"message":"Light Activity Level: 47"}}
{"timestamp":1777110498207,"type":"alerts","deviceId":"ESP32_GREENHOUSE_01","data":{"timestamp":1777110498207,"deviceId":"ESP32_GREENHOUSE_01","event":"Restless","level":74,"raw":298,"diff":298,"message":"Restless Level: 74"}}
{"timestamp":1777110500227,"type":"alerts","deviceId":"ESP32_GREENHOUSE_01","data":{"timestamp":1777110500227,"deviceId":"ESP32_GREENHOUSE_01","event":"Quiet","level":40,"raw":161,"diff":161,"message":"Quiet Level: 40"}}
{"timestamp":1777110506300,"type":"alerts","deviceId":"ESP32_GREENHOUSE_01","data":{"timestamp":1777110506300,"deviceId":"ESP32_GREENHOUSE_01","event":"Quiet","level":33,"raw":135,"diff":135,"message":"Quiet Level: 33"}}
{"timestamp":1777110508317,"type":"alerts","deviceId":"ESP32_GREENHOUSE_01","data":{"timestamp":1777110508317,"deviceId":"ESP32_GREENHOUSE_01","event":"Light Activity","level":51,"raw":207,"diff":207,"message":"Light Activity Level: 51"}}
{"timestamp":1777110512348,"type":"alerts","deviceId":"ESP32_GREENHOUSE_01","data":{"timestamp":1777110512348,"deviceId":"ESP32_GREENHOUSE_01","event":"Quiet","level":43,"raw":173,"diff":173,"message":"Quiet Level: 43"}}
{"timestamp":1777110516381,"type":"alerts","deviceId":"ESP32_GREENHOUSE_01","data":{"timestamp":1777110516381,"deviceId":"ESP32_GREENHOUSE_01","event":"Light Activity","level":48,"raw":193,"diff":193,"message":"Light Activity Level: 48"}}
{"timestamp":1777110522428,"type":"alerts","deviceId":"ESP32_GREENHOUSE_01","data":{"timestamp":1777110522428,"deviceId":"ESP32_GREENHOUSE_01","event":"Light Activity","level":56,"raw":227,"diff":227,"message":"Light Activity Level: 56"}}
{"timestamp":1777110526462,"type":"alerts","deviceId":"ESP32_GREENHOUSE_01","data":{"timestamp":1777110526462,"deviceId":"ESP32_GREENHOUSE_01","event":"Quiet","level":32,"raw":129,"diff":129,"message":"Quiet Level: 32"}}
{"timestamp":1777110530493,"type":"alerts","deviceId":"ESP32_GREENHOUSE_01","data":{"timestamp":1777110530493,"deviceId":"ESP32_GREENHOUSE_01","event":"Light Activity","level":48,"raw":195,"diff":195,"message":"Light Activity Level: 48"}}
{"timestamp":1777110532512,"type":"alerts","deviceId":"ESP32_GREENHOUSE_01","data":{"timestamp":1777110532512,"deviceId":"ESP32_GREENHOUSE_01","event":"Quiet","level":36,"raw":146,"diff":146,"message":"Quiet Level: 36"}}
{"timestamp":1777110538567,"type":"alerts","deviceId":"ESP32_GREENHOUSE_01","data":{"timestamp":1777110538567,"deviceId":"ESP32_GREENHOUSE_01","event":"Quiet","level":43,"raw":175,"diff":175,"message":"Quiet Level: 43"}}
{"timestamp":1777110544643,"type":"alerts","deviceId":"ESP32_GREENHOUSE_01","data":{"timestamp":1777110544643,"deviceId":"ESP32_GREENHOUSE_01","event":"Restless","level":72,"raw":288,"diff":288,"message":"Restless Level: 72"}}
{"timestamp":1777110546652,"type":"alerts","deviceId":"ESP32_GREENHOUSE_01","data":{"timestamp":1777110546652,"deviceId":"ESP32_GREENHOUSE_01","event":"Light Activity","level":51,"raw":207,"diff":207,"message":"Light Activity Level: 51"}}
{"timestamp":1777110550684,"type":"alerts","deviceId":"ESP32_GREENHOUSE_01","data":{"timestamp":1777110550684,"deviceId":"ESP32_GREENHOUSE_01","event":"Quiet","level":25,"raw":102,"diff":102,"message":"Quiet Level: 25"}}
{"timestamp":1777110556734,"type":"alerts","deviceId":"ESP32_GREENHOUSE_01","data":{"timestamp":1777110556734,"deviceId":"ESP32_GREENHOUSE_01","event":"Quiet","level":37,"raw":148,"diff":148,"message":"Quiet Level: 37"}}
{"timestamp":1777110558751,"type":"alerts","deviceId":"ESP32_GREENHOUSE_01","data":{"timestamp":1777110558751,"deviceId":"ESP32_GREENHOUSE_01","event":"Light Activity","level":58,"raw":233,"diff":233,"message":"Light Activity Level: 58"}}
{"timestamp":1777110562868,"type":"alerts","deviceId":"ESP32_GREENHOUSE_01","data":{"timestamp":1777110562868,"deviceId":"ESP32_GREENHOUSE_01","event":"Quiet","level":38,"raw":154,"diff":154,"message":"Quiet Level: 38"}}
{"timestamp":1777110568851,"type":"alerts","deviceId":"ESP32_GREENHOUSE_01","data":{"timestamp":1777110568851,"deviceId":"ESP32_GREENHOUSE_01","event":"Quiet","level":39,"raw":156,"diff":156,"message":"Quiet Level: 39"}}
{"timestamp":1777110570941,"type":"alerts","deviceId":"ESP32_GREENHOUSE_01","data":{"timestamp":1777110570941,"deviceId":"ESP32_GREENHOUSE_01","event":"Light Activity","level":44,"raw":179,"diff":179,"message":"Light Activity Level: 44"}}
{"timestamp":1777110574909,"type":"alerts","deviceId":"ESP32_GREENHOUSE_01","data":{"timestamp":1777110574909,"deviceId":"ESP32_GREENHOUSE_01","event":"Quiet","level":27,"raw":111,"diff":111,"message":"Quiet Level: 27"}}
{"timestamp":1777110578940,"type":"alerts","deviceId":"ESP32_GREENHOUSE_01","data":{"timestamp":1777110578940,"deviceId":"ESP32_GREENHOUSE_01","event":"Light Activity","level":45,"raw":180,"diff":180,"message":"Light Activity Level: 45"}}
{"timestamp":1777110580957,"type":"alerts","deviceId":"ESP32_GREENHOUSE_01","data":{"timestamp":1777110580957,"deviceId":"ESP32_GREENHOUSE_01","event":"Quiet","level":35,"raw":143,"diff":143,"message":"Quiet Level: 35"}}
{"timestamp":1777110587004,"type":"alerts","deviceId":"ESP32_GREENHOUSE_01","data":{"timestamp":1777110587004,"deviceId":"ESP32_GREENHOUSE_01","event":"Light Activity","level":46,"raw":186,"diff":186,"message":"Light Activity Level: 46"}}
{"timestamp":1777110589021,"type":"alerts","deviceId":"ESP32_GREENHOUSE_01","data":{"timestamp":1777110589021,"deviceId":"ESP32_GREENHOUSE_01","event":"Quiet","level":36,"raw":145,"diff":145,"message":"Quiet Level: 36"}}
{"timestamp":1777110595068,"type":"alerts","deviceId":"ESP32_GREENHOUSE_01","data":{"timestamp":1777110595068,"deviceId":"ESP32_GREENHOUSE_01","event":"Light Activity","level":45,"raw":180,"diff":180,"message":"Light Activity Level: 45"}}
{"timestamp":1777110597103,"type":"alerts","deviceId":"ESP32_GREENHOUSE_01","data":{"timestamp":1777110597103,"deviceId":"ESP32_GREENHOUSE_01","event":"Restless","level":69,"raw":278,"diff":278,"message":"Restless Level: 69"}}
{"timestamp":1777110599107,"type":"alerts","deviceId":"ESP32_GREENHOUSE_01","data":{"timestamp":1777110599107,"deviceId":"ESP32_GREENHOUSE_01","event":"Quiet","level":34,"raw":136,"diff":136,"message":"Quiet Level: 34"}}
{"timestamp":1777110601122,"type":"alerts","deviceId":"ESP32_GREENHOUSE_01","data":{"timestamp":1777110601122,"deviceId":"ESP32_GREENHOUSE_01","event":"Light Activity","level":49,"raw":199,"diff":199,"message":"Light Activity Level: 49"}}
{"timestamp":1777110605180,"type":"alerts","deviceId":"ESP32_GREENHOUSE_01","data":{"timestamp":1777110605180,"deviceId":"ESP32_GREENHOUSE_01","event":"Quiet","level":43,"raw":175,"diff":175,"message":"Quiet Level: 43"}}
{"timestamp":1777110611230,"type":"alerts","deviceId":"ESP32_GREENHOUSE_01","data":{"timestamp":1777110611229,"deviceId":"ESP32_GREENHOUSE_01","event":"Light Activity","level":45,"raw":182,"diff":182,"message":"Light Activity Level: 45"}}
{"timestamp":1777110613245,"type":"alerts","deviceId":"ESP32_GREENHOUSE_01","data":{"timestamp":1777110613245,"deviceId":"ESP32_GREENHOUSE_01","event":"Quiet","level":41,"raw":165,"diff":165,"message":"Quiet Level: 41"}}
{"timestamp":1777110615261,"type":"alerts","deviceId":"ESP32_GREENHOUSE_01","data":{"timestamp":1777110615261,"deviceId":"ESP32_GREENHOUSE_01","event":"Restless","level":62,"raw":249,"diff":249,"message":"Restless Level: 62"}}
{"timestamp":1777110619305,"type":"alerts","deviceId":"ESP32_GREENHOUSE_01","data":{"timestamp":1777110619305,"deviceId":"ESP32_GREENHOUSE_01","event":"Quiet","level":38,"raw":153,"diff":153,"message":"Quiet Level: 38"}}
{"timestamp":1777110625341,"type":"alerts","deviceId":"ESP32_GREENHOUSE_01","data":{"timestamp":1777110625340,"deviceId":"ESP32_GREENHOUSE_01","event":"Light Activity","level":45,"raw":182,"diff":182,"message":"Light Activity Level: 45"}}
{"timestamp":1777110627357,"type":"alerts","deviceId":"ESP32_GREENHOUSE_01","data":{"timestamp":1777110627357,"deviceId":"ESP32_GREENHOUSE_01","event":"Quiet","level":35,"raw":141,"diff":141,"message":"Quiet Level: 35"}}
{"timestamp":1777110631393,"type":"alerts","deviceId":"ESP32_GREENHOUSE_01","data":{"timestamp":1777110631393,"deviceId":"ESP32_GREENHOUSE_01","event":"Light Activity","level":53,"raw":214,"diff":214,"message":"Light Activity Level: 53"}}
{"timestamp":1777110633412,"type":"alerts","deviceId":"ESP32_GREENHOUSE_01","data":{"timestamp":1777110633412,"deviceId":"ESP32_GREENHOUSE_01","event":"Quiet","level":26,"raw":107,"diff":107,"message":"Quiet Level: 26"}}
{"timestamp":1777110637469,"type":"alerts","deviceId":"ESP32_GREENHOUSE_01","data":{"timestamp":1777110637469,"deviceId":"ESP32_GREENHOUSE_01","event":"CRYING","level":60,"raw":242,"diff":242,"message":"CRYING DETECTED! ⚠️ Level: 60"}}
{"timestamp":1777110639485,"type":"alerts","deviceId":"ESP32_GREENHOUSE_01","data":{"timestamp":1777110639485,"deviceId":"ESP32_GREENHOUSE_01","event":"Light Activity","level":46,"raw":186,"diff":186,"message":"Light Activity Level: 46"}}
{"timestamp":1777110645533,"type":"alerts","deviceId":"ESP32_GREENHOUSE_01","data":{"timestamp":1777110645533,"deviceId":"ESP32_GREENHOUSE_01","event":"Restless","level":69,"raw":278,"diff":278,"message":"Restless Level: 69"}}
{"timestamp":1777110647549,"type":"alerts","deviceId":"ESP32_GREENHOUSE_01","data":{"timestamp":1777110647549,"deviceId":"ESP32_GREENHOUSE_01","event":"Quiet","level":40,"raw":160,"diff":160,"message":"Quiet Level: 40"}}
{"timestamp":1777110651587,"type":"alerts","deviceId":"ESP32_GREENHOUSE_01","data":{"timestamp":1777110651587,"deviceId":"ESP32_GREENHOUSE_01","event":"CRYING","level":142,"raw":570,"diff":570,"message":"CRYING DETECTED! ⚠️ Level: 142"}}
{"timestamp":1777110655613,"type":"alerts","deviceId":"ESP32_GREENHOUSE_01","data":{"timestamp":1777110655613,"deviceId":"ESP32_GREENHOUSE_01","event":"Restless","level":71,"raw":287,"diff":287,"message":"Restless Level: 71"}}
{"timestamp":1777110657631,"type":"alerts","deviceId":"ESP32_GREENHOUSE_01","data":{"timestamp":1777110657631,"deviceId":"ESP32_GREENHOUSE_01","event":"Light Activity","level":46,"raw":184,"diff":184,"message":"Light Activity Level: 46"}}
{"timestamp":1777110659645,"type":"alerts","deviceId":"ESP32_GREENHOUSE_01","data":{"timestamp":1777110659645,"deviceId":"ESP32_GREENHOUSE_01","event":"Quiet","level":38,"raw":155,"diff":155,"message":"Quiet Level: 38"}}
{"timestamp":1777110663682,"type":"alerts","deviceId":"ESP32_GREENHOUSE_01","data":{"timestamp":1777110663682,"deviceId":"ESP32_GREENHOUSE_01","event":"Restless","level":88,"raw":353,"diff":353,"message":"Restless Level: 88"}}
{"timestamp":1777110665699,"type":"alerts","deviceId":"ESP32_GREENHOUSE_01","data":{"timestamp":1777110665699,"deviceId":"ESP32_GREENHOUSE_01","event":"Quiet","level":37,"raw":151,"diff":151,"message":"Quiet Level: 37"}}
{"timestamp":1777110669757,"type":"alerts","deviceId":"ESP32_GREENHOUSE_01","data":{"timestamp":1777110669757,"deviceId":"ESP32_GREENHOUSE_01","event":"Light Activity","level":56,"raw":224,"diff":224,"message":"Light Activity Level: 56"}}
{"timestamp":1777110673790,"type":"alerts","deviceId":"ESP32_GREENHOUSE_01","data":{"timestamp":1777110673789,"deviceId":"ESP32_GREENHOUSE_01","event":"CRYING","level":58,"raw":232,"diff":232,"message":"CRYING DETECTED! ⚠️ Level: 58"}}
{"timestamp":1777110675809,"type":"alerts","deviceId":"ESP32_GREENHOUSE_01","data":{"timestamp":1777110675809,"deviceId":"ESP32_GREENHOUSE_01","event":"Quiet","level":41,"raw":167,"diff":167,"message":"Quiet Level: 41"}}
{"timestamp":1777110681853,"type":"alerts","deviceId":"ESP32_GREENHOUSE_01","data":{"timestamp":1777110681853,"deviceId":"ESP32_GREENHOUSE_01","event":"Quiet","level":33,"raw":134,"diff":134,"message":"Quiet Level: 33"}}
{"timestamp":1777110685885,"type":"alerts","deviceId":"ESP32_GREENHOUSE_01","data":{"timestamp":1777110685885,"deviceId":"ESP32_GREENHOUSE_01","event":"Light Activity","level":47,"raw":189,"diff":189,"message":"Light Activity Level: 47"}}
{"timestamp":1777110689917,"type":"alerts","deviceId":"ESP32_GREENHOUSE_01","data":{"timestamp":1777110689917,"deviceId":"ESP32_GREENHOUSE_01","event":"Quiet","level":37,"raw":149,"diff":149,"message":"Quiet Level: 37"}}
{"timestamp":1777110691934,"type":"alerts","deviceId":"ESP32_GREENHOUSE_01","data":{"timestamp":1777110691934,"deviceId":"ESP32_GREENHOUSE_01","event":"Light Activity","level":46,"raw":185,"diff":185,"message":"Light Activity Level: 46"}}
{"timestamp":1777110695970,"type":"alerts","deviceId":"ESP32_GREENHOUSE_01","data":{"timestamp":1777110695969,"deviceId":"ESP32_GREENHOUSE_01","event":"Quiet","level":43,"raw":172,"diff":172,"message":"Quiet Level: 43"}}
{"timestamp":1777110702048,"type":"alerts","deviceId":"ESP32_GREENHOUSE_01","data":{"timestamp":1777110702048,"deviceId":"ESP32_GREENHOUSE_01","event":"Quiet","level":39,"raw":156,"diff":156,"message":"Quiet Level: 39"}}
{"timestamp":1777110706077,"type":"alerts","deviceId":"ESP32_GREENHOUSE_01","data":{"timestamp":1777110706077,"deviceId":"ESP32_GREENHOUSE_01","event":"Light Activity","level":48,"raw":193,"diff":193,"message":"Light Activity Level: 48"}}
{"timestamp":1777110708093,"type":"alerts","deviceId":"ESP32_GREENHOUSE_01","data":{"timestamp":1777110708093,"deviceId":"ESP32_GREENHOUSE_01","event":"Restless","level":61,"raw":247,"diff":247,"message":"Restless Level: 61"}}
{"timestamp":1777110712125,"type":"alerts","deviceId":"ESP32_GREENHOUSE_01","data":{"timestamp":1777110712125,"deviceId":"ESP32_GREENHOUSE_01","event":"Light Activity","level":45,"raw":180,"diff":180,"message":"Light Activity Level: 45"}}
{"timestamp":1777110714141,"type":"alerts","deviceId":"ESP32_GREENHOUSE_01","data":{"timestamp":1777110714141,"deviceId":"ESP32_GREENHOUSE_01","event":"Quiet","level":35,"raw":143,"diff":143,"message":"Quiet Level: 35"}}
{"timestamp":1777110720189,"type":"alerts","deviceId":"ESP32_GREENHOUSE_01","data":{"timestamp":1777110720189,"deviceId":"ESP32_GREENHOUSE_01","event":"Quiet","level":37,"raw":148,"diff":148,"message":"Quiet Level: 37"}}
{"timestamp":1777110724223,"type":"alerts","deviceId":"ESP32_GREENHOUSE_01","data":{"timestamp":1777110724223,"deviceId":"ESP32_GREENHOUSE_01","event":"Restless","level":66,"raw":265,"diff":265,"message":"Restless Level: 66"}}
{"timestamp":1777110726240,"type":"alerts","deviceId":"ESP32_GREENHOUSE_01","data":{"timestamp":1777110726240,"deviceId":"ESP32_GREENHOUSE_01","event":"Light Activity","level":55,"raw":220,"diff":220,"message":"Light Activity Level: 55"}}
{"timestamp":1777110728258,"type":"alerts","deviceId":"ESP32_GREENHOUSE_01","data":{"timestamp":1777110728258,"deviceId":"ESP32_GREENHOUSE_01","event":"Quiet","level":38,"raw":155,"diff":155,"message":"Quiet Level: 38"}}
{"timestamp":1777110734333,"type":"alerts","deviceId":"ESP32_GREENHOUSE_01","data":{"timestamp":1777110734333,"deviceId":"ESP32_GREENHOUSE_01","event":"Quiet","level":21,"raw":87,"diff":87,"message":"Quiet Level: 21"}}
{"timestamp":1777110736349,"type":"alerts","deviceId":"ESP32_GREENHOUSE_01","data":{"timestamp":1777110736349,"deviceId":"ESP32_GREENHOUSE_01","event":"Restless","level":59,"raw":236,"diff":236,"message":"Restless Level: 59"}}
{"timestamp":1777110740387,"type":"alerts","deviceId":"ESP32_GREENHOUSE_01","data":{"timestamp":1777110740387,"deviceId":"ESP32_GREENHOUSE_01","event":"Quiet","level":27,"raw":108,"diff":108,"message":"Quiet Level: 27"}}
{"timestamp":1777110746492,"type":"alerts","deviceId":"ESP32_GREENHOUSE_01","data":{"timestamp":1777110746492,"deviceId":"ESP32_GREENHOUSE_01","event":"Quiet","level":24,"raw":97,"diff":97,"message":"Quiet Level: 24"}}
{"timestamp":1777110750462,"type":"alerts","deviceId":"ESP32_GREENHOUSE_01","data":{"timestamp":1777110750461,"deviceId":"ESP32_GREENHOUSE_01","event":"Light Activity","level":54,"raw":217,"diff":217,"message":"Light Activity Level: 54"}}
{"timestamp":1777110752477,"type":"alerts","deviceId":"ESP32_GREENHOUSE_01","data":{"timestamp":1777110752477,"deviceId":"ESP32_GREENHOUSE_01","event":"Quiet","level":41,"raw":164,"diff":164,"message":"Quiet Level: 41"}}
{"timestamp":1777110756510,"type":"alerts","deviceId":"ESP32_GREENHOUSE_01","data":{"timestamp":1777110756510,"deviceId":"ESP32_GREENHOUSE_01","event":"Restless","level":78,"raw":312,"diff":312,"message":"Restless Level: 78"}}
{"timestamp":1777110758528,"type":"alerts","deviceId":"ESP32_GREENHOUSE_01","data":{"timestamp":1777110758528,"deviceId":"ESP32_GREENHOUSE_01","event":"CRYING","level":45,"raw":182,"diff":182,"message":"CRYING DETECTED! ⚠️ Level: 45"}}
{"timestamp":1777110760546,"type":"alerts","deviceId":"ESP32_GREENHOUSE_01","data":{"timestamp":1777110760546,"deviceId":"ESP32_GREENHOUSE_01","event":"Light Activity","level":49,"raw":199,"diff":199,"message":"Light Activity Level: 49"}}
{"timestamp":1777110762564,"type":"alerts","deviceId":"ESP32_GREENHOUSE_01","data":{"timestamp":1777110762564,"deviceId":"ESP32_GREENHOUSE_01","event":"Quiet","level":41,"raw":164,"diff":164,"message":"Quiet Level: 41"}}
{"timestamp":1777110766622,"type":"alerts","deviceId":"ESP32_GREENHOUSE_01","data":{"timestamp":1777110766622,"deviceId":"ESP32_GREENHOUSE_01","event":"Light Activity","level":51,"raw":206,"diff":206,"message":"Light Activity Level: 51"}}
{"timestamp":1777110768638,"type":"alerts","deviceId":"ESP32_GREENHOUSE_01","data":{"timestamp":1777110768638,"deviceId":"ESP32_GREENHOUSE_01","event":"Quiet","level":38,"raw":153,"diff":153,"message":"Quiet Level: 38"}}
{"timestamp":1777110770726,"type":"alerts","deviceId":"ESP32_GREENHOUSE_01","data":{"timestamp":1777110770726,"deviceId":"ESP32_GREENHOUSE_01","event":"Restless","level":65,"raw":263,"diff":263,"message":"Restless Level: 65"}}
{"timestamp":1777110774686,"type":"alerts","deviceId":"ESP32_GREENHOUSE_01","data":{"timestamp":1777110774686,"deviceId":"ESP32_GREENHOUSE_01","event":"Light Activity","level":48,"raw":194,"diff":194,"message":"Light Activity Level: 48"}}
{"timestamp":1777110776702,"type":"alerts","deviceId":"ESP32_GREENHOUSE_01","data":{"timestamp":1777110776702,"deviceId":"ESP32_GREENHOUSE_01","event":"Quiet","level":32,"raw":131,"diff":131,"message":"Quiet Level: 32"}}
{"timestamp":1777110782752,"type":"alerts","deviceId":"ESP32_GREENHOUSE_01","data":{"timestamp":1777110782752,"deviceId":"ESP32_GREENHOUSE_01","event":"Light Activity","level":45,"raw":180,"diff":180,"message":"Light Activity Level: 45"}}
{"timestamp":1777110784766,"type":"alerts","deviceId":"ESP32_GREENHOUSE_01","data":{"timestamp":1777110784766,"deviceId":"ESP32_GREENHOUSE_01","event":"CRYING","level":92,"raw":370,"diff":370,"message":"CRYING DETECTED! ⚠️ Level: 92"}}
{"timestamp":1777110786783,"type":"alerts","deviceId":"ESP32_GREENHOUSE_01","data":{"timestamp":1777110786783,"deviceId":"ESP32_GREENHOUSE_01","event":"Quiet","level":31,"raw":126,"diff":126,"message":"Quiet Level: 31"}}
{"timestamp":1777110792837,"type":"alerts","deviceId":"ESP32_GREENHOUSE_01","data":{"timestamp":1777110792836,"deviceId":"ESP32_GREENHOUSE_01","event":"Quiet","level":34,"raw":138,"diff":138,"message":"Quiet Level: 34"}}
{"timestamp":1777110796894,"type":"alerts","deviceId":"ESP32_GREENHOUSE_01","data":{"timestamp":1777110796894,"deviceId":"ESP32_GREENHOUSE_01","event":"Light Activity","level":45,"raw":180,"diff":180,"message":"Light Activity Level: 45"}}
{"timestamp":1777110798910,"type":"alerts","deviceId":"ESP32_GREENHOUSE_01","data":{"timestamp":1777110798910,"deviceId":"ESP32_GREENHOUSE_01","event":"Quiet","level":32,"raw":128,"diff":128,"message":"Quiet Level: 32"}}
{"timestamp":1777110805167,"type":"alerts","deviceId":"ESP32_GREENHOUSE_01","data":{"timestamp":1777110805167,"deviceId":"ESP32_GREENHOUSE_01","event":"Quiet","level":41,"raw":166,"diff":166,"message":"Quiet Level: 41"}}
{"timestamp":1777110811007,"type":"alerts","deviceId":"ESP32_GREENHOUSE_01","data":{"timestamp":1777110811007,"deviceId":"ESP32_GREENHOUSE_01","event":"Quiet","level":42,"raw":168,"diff":168,"message":"Quiet Level: 42"}}
{"timestamp":1777110817056,"type":"alerts","deviceId":"ESP32_GREENHOUSE_01","data":{"timestamp":1777110817056,"deviceId":"ESP32_GREENHOUSE_01","event":"Quiet","level":37,"raw":149,"diff":149,"message":"Quiet Level: 37"}}
{"timestamp":1777110823105,"type":"alerts","deviceId":"ESP32_GREENHOUSE_01","data":{"timestamp":1777110823105,"deviceId":"ESP32_GREENHOUSE_01","event":"Quiet","level":30,"raw":120,"diff":120,"message":"Quiet Level: 30"}}
{"timestamp":1777110829182,"type":"alerts","deviceId":"ESP32_GREENHOUSE_01","data":{"timestamp":1777110829182,"deviceId":"ESP32_GREENHOUSE_01","event":"Quiet","level":37,"raw":149,"diff":149,"message":"Quiet Level: 37"}}
{"timestamp":1777110835234,"type":"alerts","deviceId":"ESP32_GREENHOUSE_01","data":{"timestamp":1777110835234,"deviceId":"ESP32_GREENHOUSE_01","event":"Quiet","level":40,"raw":163,"diff":163,"message":"Quiet Level: 40"}}
{"timestamp":1777110841343,"type":"alerts","deviceId":"ESP32_GREENHOUSE_01","data":{"timestamp":1777110841343,"deviceId":"ESP32_GREENHOUSE_01","event":"Quiet","level":26,"raw":105,"diff":105,"message":"Quiet Level: 26"}}
{"timestamp":1777110845319,"type":"alerts","deviceId":"ESP32_GREENHOUSE_01","data":{"timestamp":1777110845319,"deviceId":"ESP32_GREENHOUSE_01","event":"Light Activity","level":44,"raw":176,"diff":176,"message":"Light Activity Level: 44"}}
{"timestamp":1777110847336,"type":"alerts","deviceId":"ESP32_GREENHOUSE_01","data":{"timestamp":1777110847336,"deviceId":"ESP32_GREENHOUSE_01","event":"Quiet","level":35,"raw":142,"diff":142,"message":"Quiet Level: 35"}}
{"timestamp":1777110853376,"type":"alerts","deviceId":"ESP32_GREENHOUSE_01","data":{"timestamp":1777110853376,"deviceId":"ESP32_GREENHOUSE_01","event":"Quiet","level":33,"raw":134,"diff":134,"message":"Quiet Level: 33"}}
{"timestamp":1777110859433,"type":"alerts","deviceId":"ESP32_GREENHOUSE_01","data":{"timestamp":1777110859433,"deviceId":"ESP32_GREENHOUSE_01","event":"Quiet","level":42,"raw":169,"diff":169,"message":"Quiet Level: 42"}}
{"timestamp":1777110861471,"type":"alerts","deviceId":"ESP32_GREENHOUSE_01","data":{"timestamp":1777110861471,"deviceId":"ESP32_GREENHOUSE_01","event":"Light Activity","level":48,"raw":192,"diff":192,"message":"Light Activity Level: 48"}}
{"timestamp":1777110865503,"type":"alerts","deviceId":"ESP32_GREENHOUSE_01","data":{"timestamp":1777110865503,"deviceId":"ESP32_GREENHOUSE_01","event":"Quiet","level":40,"raw":162,"diff":162,"message":"Quiet Level: 40"}}
{"timestamp":1777110869535,"type":"alerts","deviceId":"ESP32_GREENHOUSE_01","data":{"timestamp":1777110869535,"deviceId":"ESP32_GREENHOUSE_01","event":"Light Activity","level":48,"raw":194,"diff":194,"message":"Light Activity Level: 48"}}
{"timestamp":1777110873567,"type":"alerts","deviceId":"ESP32_GREENHOUSE_01","data":{"timestamp":1777110873567,"deviceId":"ESP32_GREENHOUSE_01","event":"Quiet","level":39,"raw":159,"diff":159,"message":"Quiet Level: 39"}}
{"timestamp":1777110877606,"type":"alerts","deviceId":"ESP32_GREENHOUSE_01","data":{"timestamp":1777110877606,"deviceId":"ESP32_GREENHOUSE_01","event":"Light Activity","level":46,"raw":186,"diff":186,"message":"Light Activity Level: 46"}}
{"timestamp":1777110879615,"type":"alerts","deviceId":"ESP32_GREENHOUSE_01","data":{"timestamp":1777110879615,"deviceId":"ESP32_GREENHOUSE_01","event":"Restless","level":71,"raw":284,"diff":284,"message":"Restless Level: 71"}}
{"timestamp":1777110881632,"type":"alerts","deviceId":"ESP32_GREENHOUSE_01","data":{"timestamp":1777110881632,"deviceId":"ESP32_GREENHOUSE_01","event":"Quiet","level":40,"raw":163,"diff":163,"message":"Quiet Level: 40"}}
{"timestamp":1777110887682,"type":"alerts","deviceId":"ESP32_GREENHOUSE_01","data":{"timestamp":1777110887682,"deviceId":"ESP32_GREENHOUSE_01","event":"Quiet","level":39,"raw":158,"diff":158,"message":"Quiet Level: 39"}}
{"timestamp":1777110891718,"type":"alerts","deviceId":"ESP32_GREENHOUSE_01","data":{"timestamp":1777110891718,"deviceId":"ESP32_GREENHOUSE_01","event":"Light Activity","level":47,"raw":189,"diff":189,"message":"Light Activity Level: 47"}}
{"timestamp":1777110893759,"type":"alerts","deviceId":"ESP32_GREENHOUSE_01","data":{"timestamp":1777110893759,"deviceId":"ESP32_GREENHOUSE_01","event":"Quiet","level":40,"raw":163,"diff":163,"message":"Quiet Level: 40"}}
{"timestamp":1777110899808,"type":"alerts","deviceId":"ESP32_GREENHOUSE_01","data":{"timestamp":1777110899808,"deviceId":"ESP32_GREENHOUSE_01","event":"Quiet","level":34,"raw":136,"diff":136,"message":"Quiet Level: 34"}}
{"timestamp":1777110901823,"type":"alerts","deviceId":"ESP32_GREENHOUSE_01","data":{"timestamp":1777110901823,"deviceId":"ESP32_GREENHOUSE_01","event":"Light Activity","level":51,"raw":207,"diff":207,"message":"Light Activity Level: 51"}}
{"timestamp":1777110905854,"type":"alerts","deviceId":"ESP32_GREENHOUSE_01","data":{"timestamp":1777110905854,"deviceId":"ESP32_GREENHOUSE_01","event":"Quiet","level":28,"raw":112,"diff":112,"message":"Quiet Level: 28"}}
{"timestamp":1777110911902,"type":"alerts","deviceId":"ESP32_GREENHOUSE_01","data":{"timestamp":1777110911902,"deviceId":"ESP32_GREENHOUSE_01","event":"Quiet","level":36,"raw":145,"diff":145,"message":"Quiet Level: 36"}}
{"timestamp":1777110917952,"type":"alerts","deviceId":"ESP32_GREENHOUSE_01","data":{"timestamp":1777110917952,"deviceId":"ESP32_GREENHOUSE_01","event":"Light Activity","level":46,"raw":186,"diff":186,"message":"Light Activity Level: 46"}}
{"timestamp":1777110919971,"type":"alerts","deviceId":"ESP32_GREENHOUSE_01","data":{"timestamp":1777110919971,"deviceId":"ESP32_GREENHOUSE_01","event":"CRYING","level":48,"raw":192,"diff":192,"message":"CRYING DETECTED! ⚠️ Level: 48"}}
{"timestamp":1777110924020,"type":"alerts","deviceId":"ESP32_GREENHOUSE_01","data":{"timestamp":1777110924020,"deviceId":"ESP32_GREENHOUSE_01","event":"Quiet","level":35,"raw":142,"diff":142,"message":"Quiet Level: 35"}}
{"timestamp":1777110930082,"type":"alerts","deviceId":"ESP32_GREENHOUSE_01","data":{"timestamp":1777110930082,"deviceId":"ESP32_GREENHOUSE_01","event":"Quiet","level":31,"raw":127,"diff":127,"message":"Quiet Level: 31"}}
{"timestamp":1777110936127,"type":"alerts","deviceId":"ESP32_GREENHOUSE_01","data":{"timestamp":1777110936127,"deviceId":"ESP32_GREENHOUSE_01","event":"Quiet","level":34,"raw":137,"diff":137,"message":"Quiet Level: 34"}}
{"timestamp":1777110942176,"type":"alerts","deviceId":"ESP32_GREENHOUSE_01","data":{"timestamp":1777110942176,"deviceId":"ESP32_GREENHOUSE_01","event":"Quiet","level":34,"raw":137,"diff":137,"message":"Quiet Level: 34"}}
{"timestamp":1777110948223,"type":"alerts","deviceId":"ESP32_GREENHOUSE_01","data":{"timestamp":1777110948223,"deviceId":"ESP32_GREENHOUSE_01","event":"Quiet","level":39,"raw":156,"diff":156,"message":"Quiet Level: 39"}}
{"timestamp":1777110954276,"type":"alerts","deviceId":"ESP32_GREENHOUSE_01","data":{"timestamp":1777110954276,"deviceId":"ESP32_GREENHOUSE_01","event":"Quiet","level":26,"raw":104,"diff":104,"message":"Quiet Level: 26"}}
{"timestamp":1777110958335,"type":"alerts","deviceId":"ESP32_GREENHOUSE_01","data":{"timestamp":1777110958335,"deviceId":"ESP32_GREENHOUSE_01","event":"Light Activity","level":45,"raw":181,"diff":181,"message":"Light Activity Level: 45"}}
{"timestamp":1777110960351,"type":"alerts","deviceId":"ESP32_GREENHOUSE_01","data":{"timestamp":1777110960351,"deviceId":"ESP32_GREENHOUSE_01","event":"Quiet","level":34,"raw":138,"diff":138,"message":"Quiet Level: 34"}}
{"timestamp":1777110964448,"type":"alerts","deviceId":"ESP32_GREENHOUSE_01","data":{"timestamp":1777110964448,"deviceId":"ESP32_GREENHOUSE_01","event":"Light Activity","level":45,"raw":182,"diff":182,"message":"Light Activity Level: 45"}}
{"timestamp":1777110966403,"type":"alerts","deviceId":"ESP32_GREENHOUSE_01","data":{"timestamp":1777110966402,"deviceId":"ESP32_GREENHOUSE_01","event":"Quiet","level":36,"raw":146,"diff":146,"message":"Quiet Level: 36"}}
{"timestamp":1777110972586,"type":"alerts","deviceId":"ESP32_GREENHOUSE_01","data":{"timestamp":1777110972586,"deviceId":"ESP32_GREENHOUSE_01","event":"Light Activity","level":56,"raw":225,"diff":225,"message":"Light Activity Level: 56"}}
{"timestamp":1777110976508,"type":"alerts","deviceId":"ESP32_GREENHOUSE_01","data":{"timestamp":1777110976508,"deviceId":"ESP32_GREENHOUSE_01","event":"Quiet","level":36,"raw":146,"diff":146,"message":"Quiet Level: 36"}}
{"timestamp":1777110980511,"type":"alerts","deviceId":"ESP32_GREENHOUSE_01","data":{"timestamp":1777110980511,"deviceId":"ESP32_GREENHOUSE_01","event":"Light Activity","level":53,"raw":213,"diff":213,"message":"Light Activity Level: 53"}}
{"timestamp":1777110986567,"type":"alerts","deviceId":"ESP32_GREENHOUSE_01","data":{"timestamp":1777110986567,"deviceId":"ESP32_GREENHOUSE_01","event":"Quiet","level":38,"raw":153,"diff":153,"message":"Quiet Level: 38"}}
{"timestamp":1777110990624,"type":"alerts","deviceId":"ESP32_GREENHOUSE_01","data":{"timestamp":1777110990624,"deviceId":"ESP32_GREENHOUSE_01","event":"Restless","level":60,"raw":241,"diff":241,"message":"Restless Level: 60"}}
{"timestamp":1777110992639,"type":"alerts","deviceId":"ESP32_GREENHOUSE_01","data":{"timestamp":1777110992639,"deviceId":"ESP32_GREENHOUSE_01","event":"Quiet","level":35,"raw":140,"diff":140,"message":"Quiet Level: 35"}}
{"timestamp":1777110998688,"type":"alerts","deviceId":"ESP32_GREENHOUSE_01","data":{"timestamp":1777110998688,"deviceId":"ESP32_GREENHOUSE_01","event":"Quiet","level":38,"raw":154,"diff":154,"message":"Quiet Level: 38"}}
{"timestamp":1777111004825,"type":"alerts","deviceId":"ESP32_GREENHOUSE_01","data":{"timestamp":1777111004825,"deviceId":"ESP32_GREENHOUSE_01","event":"Quiet","level":38,"raw":155,"diff":155,"message":"Quiet Level: 38"}}
{"timestamp":1777111010783,"type":"alerts","deviceId":"ESP32_GREENHOUSE_01","data":{"timestamp":1777111010783,"deviceId":"ESP32_GREENHOUSE_01","event":"Quiet","level":36,"raw":147,"diff":147,"message":"Quiet Level: 36"}}
{"timestamp":1777111016835,"type":"alerts","deviceId":"ESP32_GREENHOUSE_01","data":{"timestamp":1777111016835,"deviceId":"ESP32_GREENHOUSE_01","event":"Quiet","level":24,"raw":98,"diff":98,"message":"Quiet Level: 24"}}
{"timestamp":1777111022914,"type":"alerts","deviceId":"ESP32_GREENHOUSE_01","data":{"timestamp":1777111022914,"deviceId":"ESP32_GREENHOUSE_01","event":"Quiet","level":21,"raw":84,"diff":84,"message":"Quiet Level: 21"}}
{"timestamp":1777111028959,"type":"alerts","deviceId":"ESP32_GREENHOUSE_01","data":{"timestamp":1777111028959,"deviceId":"ESP32_GREENHOUSE_01","event":"Quiet","level":35,"raw":141,"diff":141,"message":"Quiet Level: 35"}}
{"timestamp":1777111035007,"type":"alerts","deviceId":"ESP32_GREENHOUSE_01","data":{"timestamp":1777111035007,"deviceId":"ESP32_GREENHOUSE_01","event":"Quiet","level":18,"raw":72,"diff":72,"message":"Quiet Level: 18"}}
{"timestamp":1777111041057,"type":"alerts","deviceId":"ESP32_GREENHOUSE_01","data":{"timestamp":1777111041057,"deviceId":"ESP32_GREENHOUSE_01","event":"Quiet","level":25,"raw":102,"diff":102,"message":"Quiet Level: 25"}}
{"timestamp":1777111047106,"type":"alerts","deviceId":"ESP32_GREENHOUSE_01","data":{"timestamp":1777111047106,"deviceId":"ESP32_GREENHOUSE_01","event":"Light Activity","level":44,"raw":176,"diff":176,"message":"Light Activity Level: 44"}}
{"timestamp":1777111049136,"type":"alerts","deviceId":"ESP32_GREENHOUSE_01","data":{"timestamp":1777111049136,"deviceId":"ESP32_GREENHOUSE_01","event":"Quiet","level":33,"raw":133,"diff":133,"message":"Quiet Level: 33"}}
{"timestamp":1777111053159,"type":"alerts","deviceId":"ESP32_GREENHOUSE_01","data":{"timestamp":1777111053159,"deviceId":"ESP32_GREENHOUSE_01","event":"Light Activity","level":49,"raw":196,"diff":196,"message":"Light Activity Level: 49"}}
{"timestamp":1777111055200,"type":"alerts","deviceId":"ESP32_GREENHOUSE_01","data":{"timestamp":1777111055200,"deviceId":"ESP32_GREENHOUSE_01","event":"Quiet","level":34,"raw":138,"diff":138,"message":"Quiet Level: 34"}}
{"timestamp":1777111061247,"type":"alerts","deviceId":"ESP32_GREENHOUSE_01","data":{"timestamp":1777111061247,"deviceId":"ESP32_GREENHOUSE_01","event":"Quiet","level":28,"raw":115,"diff":115,"message":"Quiet Level: 28"}}
{"timestamp":1777111067295,"type":"alerts","deviceId":"ESP32_GREENHOUSE_01","data":{"timestamp":1777111067295,"deviceId":"ESP32_GREENHOUSE_01","event":"Quiet","level":26,"raw":104,"diff":104,"message":"Quiet Level: 26"}}
{"timestamp":1777111073344,"type":"alerts","deviceId":"ESP32_GREENHOUSE_01","data":{"timestamp":1777111073344,"deviceId":"ESP32_GREENHOUSE_01","event":"Quiet","level":25,"raw":101,"diff":101,"message":"Quiet Level: 25"}}
{"timestamp":1777111079393,"type":"alerts","deviceId":"ESP32_GREENHOUSE_01","data":{"timestamp":1777111079393,"deviceId":"ESP32_GREENHOUSE_01","event":"Quiet","level":36,"raw":145,"diff":145,"message":"Quiet Level: 36"}}
{"timestamp":1777111085450,"type":"alerts","deviceId":"ESP32_GREENHOUSE_01","data":{"timestamp":1777111085450,"deviceId":"ESP32_GREENHOUSE_01","event":"Light Activity","level":44,"raw":179,"diff":179,"message":"Light Activity Level: 44"}}
{"timestamp":1777111087488,"type":"alerts","deviceId":"ESP32_GREENHOUSE_01","data":{"timestamp":1777111087488,"deviceId":"ESP32_GREENHOUSE_01","event":"Quiet","level":38,"raw":153,"diff":153,"message":"Quiet Level: 38"}}
{"timestamp":1777111093538,"type":"alerts","deviceId":"ESP32_GREENHOUSE_01","data":{"timestamp":1777111093538,"deviceId":"ESP32_GREENHOUSE_01","event":"Quiet","level":28,"raw":115,"diff":115,"message":"Quiet Level: 28"}}
{"timestamp":1777111097570,"type":"alerts","deviceId":"ESP32_GREENHOUSE_01","data":{"timestamp":1777111097569,"deviceId":"ESP32_GREENHOUSE_01","event":"Light Activity","level":45,"raw":180,"diff":180,"message":"Light Activity Level: 45"}}
{"timestamp":1777111099584,"type":"alerts","deviceId":"ESP32_GREENHOUSE_01","data":{"timestamp":1777111099584,"deviceId":"ESP32_GREENHOUSE_01","event":"Quiet","level":28,"raw":115,"diff":115,"message":"Quiet Level: 28"}}
{"timestamp":1777111105634,"type":"alerts","deviceId":"ESP32_GREENHOUSE_01","data":{"timestamp":1777111105634,"deviceId":"ESP32_GREENHOUSE_01","event":"CRYING","level":57,"raw":228,"diff":228,"message":"CRYING DETECTED! ⚠️ Level: 57"}}
{"timestamp":1777111107853,"type":"alerts","deviceId":"ESP32_GREENHOUSE_01","data":{"timestamp":1777111107853,"deviceId":"ESP32_GREENHOUSE_01","event":"Light Activity","level":44,"raw":178,"diff":178,"message":"Light Activity Level: 44"}}
{"timestamp":1777111109681,"type":"alerts","deviceId":"ESP32_GREENHOUSE_01","data":{"timestamp":1777111109681,"deviceId":"ESP32_GREENHOUSE_01","event":"Quiet","level":30,"raw":120,"diff":120,"message":"Quiet Level: 30"}}
{"timestamp":1777111115718,"type":"alerts","deviceId":"ESP32_GREENHOUSE_01","data":{"timestamp":1777111115718,"deviceId":"ESP32_GREENHOUSE_01","event":"Light Activity","level":51,"raw":207,"diff":207,"message":"Light Activity Level: 51"}}
{"timestamp":1777111117736,"type":"alerts","deviceId":"ESP32_GREENHOUSE_01","data":{"timestamp":1777111117736,"deviceId":"ESP32_GREENHOUSE_01","event":"Quiet","level":23,"raw":92,"diff":92,"message":"Quiet Level: 23"}}
{"timestamp":1777111121792,"type":"alerts","deviceId":"ESP32_GREENHOUSE_01","data":{"timestamp":1777111121792,"deviceId":"ESP32_GREENHOUSE_01","event":"Light Activity","level":50,"raw":203,"diff":203,"message":"Light Activity Level: 50"}}
{"timestamp":1777111123809,"type":"alerts","deviceId":"ESP32_GREENHOUSE_01","data":{"timestamp":1777111123808,"deviceId":"ESP32_GREENHOUSE_01","event":"Quiet","level":43,"raw":172,"diff":172,"message":"Quiet Level: 43"}}
{"timestamp":1777111129893,"type":"alerts","deviceId":"ESP32_GREENHOUSE_01","data":{"timestamp":1777111129893,"deviceId":"ESP32_GREENHOUSE_01","event":"Quiet","level":40,"raw":162,"diff":162,"message":"Quiet Level: 40"}}
{"timestamp":1777111135904,"type":"alerts","deviceId":"ESP32_GREENHOUSE_01","data":{"timestamp":1777111135904,"deviceId":"ESP32_GREENHOUSE_01","event":"Quiet","level":43,"raw":174,"diff":174,"message":"Quiet Level: 43"}}
{"timestamp":1777111139937,"type":"alerts","deviceId":"ESP32_GREENHOUSE_01","data":{"timestamp":1777111139937,"deviceId":"ESP32_GREENHOUSE_01","event":"Light Activity","level":53,"raw":212,"diff":212,"message":"Light Activity Level: 53"}}
{"timestamp":1777111141953,"type":"alerts","deviceId":"ESP32_GREENHOUSE_01","data":{"timestamp":1777111141953,"deviceId":"ESP32_GREENHOUSE_01","event":"Quiet","level":37,"raw":148,"diff":148,"message":"Quiet Level: 37"}}
{"timestamp":1777111148006,"type":"alerts","deviceId":"ESP32_GREENHOUSE_01","data":{"timestamp":1777111148006,"deviceId":"ESP32_GREENHOUSE_01","event":"Quiet","level":30,"raw":121,"diff":121,"message":"Quiet Level: 30"}}
{"timestamp":1777111152066,"type":"alerts","deviceId":"ESP32_GREENHOUSE_01","data":{"timestamp":1777111152065,"deviceId":"ESP32_GREENHOUSE_01","event":"Light Activity","level":47,"raw":191,"diff":191,"message":"Light Activity Level: 47"}}
{"timestamp":1777111154081,"type":"alerts","deviceId":"ESP32_GREENHOUSE_01","data":{"timestamp":1777111154080,"deviceId":"ESP32_GREENHOUSE_01","event":"Quiet","level":29,"raw":117,"diff":117,"message":"Quiet Level: 29"}}
{"timestamp":1777111160129,"type":"alerts","deviceId":"ESP32_GREENHOUSE_01","data":{"timestamp":1777111160128,"deviceId":"ESP32_GREENHOUSE_01","event":"Quiet","level":36,"raw":145,"diff":145,"message":"Quiet Level: 36"}}
{"timestamp":1777111162145,"type":"alerts","deviceId":"ESP32_GREENHOUSE_01","data":{"timestamp":1777111162145,"deviceId":"ESP32_GREENHOUSE_01","event":"Light Activity","level":50,"raw":200,"diff":200,"message":"Light Activity Level: 50"}}
{"timestamp":1777111166176,"type":"alerts","deviceId":"ESP32_GREENHOUSE_01","data":{"timestamp":1777111166176,"deviceId":"ESP32_GREENHOUSE_01","event":"Quiet","level":33,"raw":133,"diff":133,"message":"Quiet Level: 33"}}
{"timestamp":1777111168193,"type":"alerts","deviceId":"ESP32_GREENHOUSE_01","data":{"timestamp":1777111168192,"deviceId":"ESP32_GREENHOUSE_01","event":"Light Activity","level":45,"raw":182,"diff":182,"message":"Light Activity Level: 45"}}
{"timestamp":1777111172224,"type":"alerts","deviceId":"ESP32_GREENHOUSE_01","data":{"timestamp":1777111172224,"deviceId":"ESP32_GREENHOUSE_01","event":"Quiet","level":36,"raw":145,"diff":145,"message":"Quiet Level: 36"}}
{"timestamp":1777111178277,"type":"alerts","deviceId":"ESP32_GREENHOUSE_01","data":{"timestamp":1777111178277,"deviceId":"ESP32_GREENHOUSE_01","event":"Quiet","level":40,"raw":163,"diff":163,"message":"Quiet Level: 40"}}
{"timestamp":1777111184354,"type":"alerts","deviceId":"ESP32_GREENHOUSE_01","data":{"timestamp":1777111184354,"deviceId":"ESP32_GREENHOUSE_01","event":"Quiet","level":33,"raw":134,"diff":134,"message":"Quiet Level: 33"}}
{"timestamp":1777111190401,"type":"alerts","deviceId":"ESP32_GREENHOUSE_01","data":{"timestamp":1777111190401,"deviceId":"ESP32_GREENHOUSE_01","event":"Quiet","level":30,"raw":120,"diff":120,"message":"Quiet Level: 30"}}
{"timestamp":1777111196449,"type":"alerts","deviceId":"ESP32_GREENHOUSE_01","data":{"timestamp":1777111196449,"deviceId":"ESP32_GREENHOUSE_01","event":"Quiet","level":33,"raw":134,"diff":134,"message":"Quiet Level: 33"}}
{"timestamp":1777111202497,"type":"alerts","deviceId":"ESP32_GREENHOUSE_01","data":{"timestamp":1777111202497,"deviceId":"ESP32_GREENHOUSE_01","event":"Quiet","level":30,"raw":123,"diff":123,"message":"Quiet Level: 30"}}
{"timestamp":1777111204513,"type":"alerts","deviceId":"ESP32_GREENHOUSE_01","data":{"timestamp":1777111204513,"deviceId":"ESP32_GREENHOUSE_01","event":"Light Activity","level":50,"raw":203,"diff":203,"message":"Light Activity Level: 50"}}
{"timestamp":1777111208549,"type":"alerts","deviceId":"ESP32_GREENHOUSE_01","data":{"timestamp":1777111208549,"deviceId":"ESP32_GREENHOUSE_01","event":"Quiet","level":36,"raw":147,"diff":147,"message":"Quiet Level: 36"}}
{"timestamp":1777111214603,"type":"alerts","deviceId":"ESP32_GREENHOUSE_01","data":{"timestamp":1777111214603,"deviceId":"ESP32_GREENHOUSE_01","event":"Quiet","level":36,"raw":145,"diff":145,"message":"Quiet Level: 36"}}
{"timestamp":1777111220673,"type":"alerts","deviceId":"ESP32_GREENHOUSE_01","data":{"timestamp":1777111220673,"deviceId":"ESP32_GREENHOUSE_01","event":"Quiet","level":32,"raw":131,"diff":131,"message":"Quiet Level: 32"}}
{"timestamp":1777111224705,"type":"alerts","deviceId":"ESP32_GREENHOUSE_01","data":{"timestamp":1777111224705,"deviceId":"ESP32_GREENHOUSE_01","event":"Restless","level":69,"raw":279,"diff":279,"message":"Restless Level: 69"}}
{"timestamp":1777111226721,"type":"alerts","deviceId":"ESP32_GREENHOUSE_01","data":{"timestamp":1777111226721,"deviceId":"ESP32_GREENHOUSE_01","event":"Light Activity","level":51,"raw":206,"diff":206,"message":"Light Activity Level: 51"}}
{"timestamp":1777111230754,"type":"alerts","deviceId":"ESP32_GREENHOUSE_01","data":{"timestamp":1777111230754,"deviceId":"ESP32_GREENHOUSE_01","event":"Quiet","level":43,"raw":173,"diff":173,"message":"Quiet Level: 43"}}
{"timestamp":1777111232769,"type":"alerts","deviceId":"ESP32_GREENHOUSE_01","data":{"timestamp":1777111232769,"deviceId":"ESP32_GREENHOUSE_01","event":"CRYING","level":44,"raw":178,"diff":178,"message":"CRYING DETECTED! ⚠️ Level: 44"}}
{"timestamp":1777111234785,"type":"alerts","deviceId":"ESP32_GREENHOUSE_01","data":{"timestamp":1777111234785,"deviceId":"ESP32_GREENHOUSE_01","event":"Light Activity","level":56,"raw":226,"diff":226,"message":"Light Activity Level: 56"}}
{"timestamp":1777111236801,"type":"alerts","deviceId":"ESP32_GREENHOUSE_01","data":{"timestamp":1777111236800,"deviceId":"ESP32_GREENHOUSE_01","event":"Restless","level":61,"raw":244,"diff":244,"message":"Restless Level: 61"}}
{"timestamp":1777111242854,"type":"alerts","deviceId":"ESP32_GREENHOUSE_01","data":{"timestamp":1777111242854,"deviceId":"ESP32_GREENHOUSE_01","event":"Restless","level":66,"raw":264,"diff":264,"message":"Restless Level: 66"}}
{"timestamp":1777111244872,"type":"alerts","deviceId":"ESP32_GREENHOUSE_01","data":{"timestamp":1777111244872,"deviceId":"ESP32_GREENHOUSE_01","event":"CRYING","level":67,"raw":269,"diff":269,"message":"CRYING DETECTED! ⚠️ Level: 67"}}
{"timestamp":1777111248931,"type":"alerts","deviceId":"ESP32_GREENHOUSE_01","data":{"timestamp":1777111248930,"deviceId":"ESP32_GREENHOUSE_01","event":"Light Activity","level":52,"raw":209,"diff":209,"message":"Light Activity Level: 52"}}
{"timestamp":1777111254977,"type":"alerts","deviceId":"ESP32_GREENHOUSE_01","data":{"timestamp":1777111254976,"deviceId":"ESP32_GREENHOUSE_01","event":"Light Activity","level":49,"raw":196,"diff":196,"message":"Light Activity Level: 49"}}
{"timestamp":1777111256993,"type":"alerts","deviceId":"ESP32_GREENHOUSE_01","data":{"timestamp":1777111256993,"deviceId":"ESP32_GREENHOUSE_01","event":"Restless","level":60,"raw":242,"diff":242,"message":"Restless Level: 60"}}
{"timestamp":1777111263041,"type":"alerts","deviceId":"ESP32_GREENHOUSE_01","data":{"timestamp":1777111263041,"deviceId":"ESP32_GREENHOUSE_01","event":"CRYING","level":96,"raw":385,"diff":385,"message":"CRYING DETECTED! ⚠️ Level: 96"}}
{"timestamp":1777111269089,"type":"alerts","deviceId":"ESP32_GREENHOUSE_01","data":{"timestamp":1777111269089,"deviceId":"ESP32_GREENHOUSE_01","event":"Light Activity","level":57,"raw":228,"diff":228,"message":"Light Activity Level: 57"}}
{"timestamp":1777111275140,"type":"alerts","deviceId":"ESP32_GREENHOUSE_01","data":{"timestamp":1777111275140,"deviceId":"ESP32_GREENHOUSE_01","event":"Quiet","level":38,"raw":154,"diff":154,"message":"Quiet Level: 38"}}
{"timestamp":1777111277160,"type":"alerts","deviceId":"ESP32_GREENHOUSE_01","data":{"timestamp":1777111277160,"deviceId":"ESP32_GREENHOUSE_01","event":"Restless","level":87,"raw":349,"diff":349,"message":"Restless Level: 87"}}
{"timestamp":1777111279179,"type":"alerts","deviceId":"ESP32_GREENHOUSE_01","data":{"timestamp":1777111279179,"deviceId":"ESP32_GREENHOUSE_01","event":"CRYING","level":120,"raw":482,"diff":482,"message":"CRYING DETECTED! ⚠️ Level: 120"}}
{"timestamp":1777111289294,"type":"alerts","deviceId":"ESP32_GREENHOUSE_01","data":{"timestamp":1777111289294,"deviceId":"ESP32_GREENHOUSE_01","event":"CRYING","level":92,"raw":370,"diff":370,"message":"CRYING DETECTED! ⚠️ Level: 92"}}
{"timestamp":1777111299361,"type":"alerts","deviceId":"ESP32_GREENHOUSE_01","data":{"timestamp":1777111299361,"deviceId":"ESP32_GREENHOUSE_01","event":"CRYING","level":149,"raw":599,"diff":599,"message":"CRYING DETECTED! ⚠️ Level: 149"}}
{"timestamp":1777111309451,"type":"alerts","deviceId":"ESP32_GREENHOUSE_01","data":{"timestamp":1777111309451,"deviceId":"ESP32_GREENHOUSE_01","event":"CRYING","level":46,"raw":184,"diff":184,"message":"CRYING DETECTED! ⚠️ Level: 46"}}
{"timestamp":1777111319553,"type":"alerts","deviceId":"ESP32_GREENHOUSE_01","data":{"timestamp":1777111319553,"deviceId":"ESP32_GREENHOUSE_01","event":"CRYING","level":38,"raw":154,"diff":154,"message":"CRYING DETECTED! ⚠️ Level: 38"}}
{"timestamp":1777111327618,"type":"alerts","deviceId":"ESP32_GREENHOUSE_01","data":{"timestamp":1777111327618,"deviceId":"ESP32_GREENHOUSE_01","event":"Quiet","level":35,"raw":141,"diff":141,"message":"Quiet Level: 35"}}
{"timestamp":1777111333666,"type":"alerts","deviceId":"ESP32_GREENHOUSE_01","data":{"timestamp":1777111333666,"deviceId":"ESP32_GREENHOUSE_01","event":"Quiet","level":24,"raw":97,"diff":97,"message":"Quiet Level: 24"}}
{"timestamp":1777111339717,"type":"alerts","deviceId":"ESP32_GREENHOUSE_01","data":{"timestamp":1777111339717,"deviceId":"ESP32_GREENHOUSE_01","event":"Quiet","level":43,"raw":172,"diff":172,"message":"Quiet Level: 43"}}
{"timestamp":1777111345794,"type":"alerts","deviceId":"ESP32_GREENHOUSE_01","data":{"timestamp":1777111345794,"deviceId":"ESP32_GREENHOUSE_01","event":"Light Activity","level":46,"raw":184,"diff":184,"message":"Light Activity Level: 46"}}
{"timestamp":1777111347810,"type":"alerts","deviceId":"ESP32_GREENHOUSE_01","data":{"timestamp":1777111347810,"deviceId":"ESP32_GREENHOUSE_01","event":"Quiet","level":24,"raw":96,"diff":96,"message":"Quiet Level: 24"}}
{"timestamp":1777111353858,"type":"alerts","deviceId":"ESP32_GREENHOUSE_01","data":{"timestamp":1777111353858,"deviceId":"ESP32_GREENHOUSE_01","event":"Quiet","level":34,"raw":138,"diff":138,"message":"Quiet Level: 34"}}
{"timestamp":1777111357891,"type":"alerts","deviceId":"ESP32_GREENHOUSE_01","data":{"timestamp":1777111357891,"deviceId":"ESP32_GREENHOUSE_01","event":"Restless","level":63,"raw":253,"diff":253,"message":"Restless Level: 63"}}
{"timestamp":1777111361923,"type":"alerts","deviceId":"ESP32_GREENHOUSE_01","data":{"timestamp":1777111361923,"deviceId":"ESP32_GREENHOUSE_01","event":"Light Activity","level":57,"raw":228,"diff":228,"message":"Light Activity Level: 57"}}
{"timestamp":1777111363942,"type":"alerts","deviceId":"ESP32_GREENHOUSE_01","data":{"timestamp":1777111363942,"deviceId":"ESP32_GREENHOUSE_01","event":"Quiet","level":41,"raw":165,"diff":165,"message":"Quiet Level: 41"}}
{"timestamp":1777111367970,"type":"alerts","deviceId":"ESP32_GREENHOUSE_01","data":{"timestamp":1777111367970,"deviceId":"ESP32_GREENHOUSE_01","event":"Light Activity","level":55,"raw":223,"diff":223,"message":"Light Activity Level: 55"}}
{"timestamp":1777111369987,"type":"alerts","deviceId":"ESP32_GREENHOUSE_01","data":{"timestamp":1777111369986,"deviceId":"ESP32_GREENHOUSE_01","event":"CRYING","level":75,"raw":303,"diff":303,"message":"CRYING DETECTED! ⚠️ Level: 75"}}
{"timestamp":1777111374022,"type":"alerts","deviceId":"ESP32_GREENHOUSE_01","data":{"timestamp":1777111374022,"deviceId":"ESP32_GREENHOUSE_01","event":"Light Activity","level":52,"raw":211,"diff":211,"message":"Light Activity Level: 52"}}
{"timestamp":1777111376041,"type":"alerts","deviceId":"ESP32_GREENHOUSE_01","data":{"timestamp":1777111376041,"deviceId":"ESP32_GREENHOUSE_01","event":"Quiet","level":31,"raw":125,"diff":125,"message":"Quiet Level: 31"}}
{"timestamp":1777111380123,"type":"alerts","deviceId":"ESP32_GREENHOUSE_01","data":{"timestamp":1777111380123,"deviceId":"ESP32_GREENHOUSE_01","event":"CRYING","level":66,"raw":266,"diff":266,"message":"CRYING DETECTED! ⚠️ Level: 66"}}
{"timestamp":1777111382114,"type":"alerts","deviceId":"ESP32_GREENHOUSE_01","data":{"timestamp":1777111382114,"deviceId":"ESP32_GREENHOUSE_01","event":"Light Activity","level":56,"raw":227,"diff":227,"message":"Light Activity Level: 56"}}
{"timestamp":1777111388162,"type":"alerts","deviceId":"ESP32_GREENHOUSE_01","data":{"timestamp":1777111388162,"deviceId":"ESP32_GREENHOUSE_01","event":"Quiet","level":33,"raw":135,"diff":135,"message":"Quiet Level: 33"}}
{"timestamp":1777111394211,"type":"alerts","deviceId":"ESP32_GREENHOUSE_01","data":{"timestamp":1777111394210,"deviceId":"ESP32_GREENHOUSE_01","event":"Restless","level":77,"raw":309,"diff":309,"message":"Restless Level: 77"}}
{"timestamp":1777111396226,"type":"alerts","deviceId":"ESP32_GREENHOUSE_01","data":{"timestamp":1777111396226,"deviceId":"ESP32_GREENHOUSE_01","event":"Light Activity","level":44,"raw":178,"diff":178,"message":"Light Activity Level: 44"}}
{"timestamp":1777111400258,"type":"alerts","deviceId":"ESP32_GREENHOUSE_01","data":{"timestamp":1777111400258,"deviceId":"ESP32_GREENHOUSE_01","event":"Quiet","level":43,"raw":175,"diff":175,"message":"Quiet Level: 43"}}
{"timestamp":1777111402275,"type":"alerts","deviceId":"ESP32_GREENHOUSE_01","data":{"timestamp":1777111402275,"deviceId":"ESP32_GREENHOUSE_01","event":"Light Activity","level":53,"raw":212,"diff":212,"message":"Light Activity Level: 53"}}
{"timestamp":1777111404295,"type":"alerts","deviceId":"ESP32_GREENHOUSE_01","data":{"timestamp":1777111404295,"deviceId":"ESP32_GREENHOUSE_01","event":"CRYING","level":77,"raw":311,"diff":311,"message":"CRYING DETECTED! ⚠️ Level: 77"}}
{"timestamp":1777111408329,"type":"alerts","deviceId":"ESP32_GREENHOUSE_01","data":{"timestamp":1777111408329,"deviceId":"ESP32_GREENHOUSE_01","event":"Quiet","level":40,"raw":162,"diff":162,"message":"Quiet Level: 40"}}
{"timestamp":1777111412387,"type":"alerts","deviceId":"ESP32_GREENHOUSE_01","data":{"timestamp":1777111412387,"deviceId":"ESP32_GREENHOUSE_01","event":"Light Activity","level":50,"raw":200,"diff":200,"message":"Light Activity Level: 50"}}
{"timestamp":1777111416418,"type":"alerts","deviceId":"ESP32_GREENHOUSE_01","data":{"timestamp":1777111416418,"deviceId":"ESP32_GREENHOUSE_01","event":"Quiet","level":32,"raw":129,"diff":129,"message":"Quiet Level: 32"}}
{"timestamp":1777111418434,"type":"alerts","deviceId":"ESP32_GREENHOUSE_01","data":{"timestamp":1777111418434,"deviceId":"ESP32_GREENHOUSE_01","event":"Light Activity","level":52,"raw":209,"diff":209,"message":"Light Activity Level: 52"}}
{"timestamp":1777111422466,"type":"alerts","deviceId":"ESP32_GREENHOUSE_01","data":{"timestamp":1777111422466,"deviceId":"ESP32_GREENHOUSE_01","event":"Quiet","level":41,"raw":166,"diff":166,"message":"Quiet Level: 41"}}
{"timestamp":1777111424483,"type":"alerts","deviceId":"ESP32_GREENHOUSE_01","data":{"timestamp":1777111424483,"deviceId":"ESP32_GREENHOUSE_01","event":"CRYING","level":83,"raw":333,"diff":333,"message":"CRYING DETECTED! ⚠️ Level: 83"}}
{"timestamp":1777111428514,"type":"alerts","deviceId":"ESP32_GREENHOUSE_01","data":{"timestamp":1777111428514,"deviceId":"ESP32_GREENHOUSE_01","event":"Quiet","level":41,"raw":164,"diff":164,"message":"Quiet Level: 41"}}
{"timestamp":1777111432547,"type":"alerts","deviceId":"ESP32_GREENHOUSE_01","data":{"timestamp":1777111432547,"deviceId":"ESP32_GREENHOUSE_01","event":"Light Activity","level":57,"raw":231,"diff":231,"message":"Light Activity Level: 57"}}
{"timestamp":1777111434562,"type":"alerts","deviceId":"ESP32_GREENHOUSE_01","data":{"timestamp":1777111434562,"deviceId":"ESP32_GREENHOUSE_01","event":"Restless","level":74,"raw":297,"diff":297,"message":"Restless Level: 74"}}
{"timestamp":1777111436583,"type":"alerts","deviceId":"ESP32_GREENHOUSE_01","data":{"timestamp":1777111436583,"deviceId":"ESP32_GREENHOUSE_01","event":"CRYING","level":58,"raw":234,"diff":234,"message":"CRYING DETECTED! ⚠️ Level: 58"}}
{"timestamp":1777111440616,"type":"alerts","deviceId":"ESP32_GREENHOUSE_01","data":{"timestamp":1777111440616,"deviceId":"ESP32_GREENHOUSE_01","event":"Restless","level":65,"raw":263,"diff":263,"message":"Restless Level: 65"}}
{"timestamp":1777111444675,"type":"alerts","deviceId":"ESP32_GREENHOUSE_01","data":{"timestamp":1777111444674,"deviceId":"ESP32_GREENHOUSE_01","event":"Light Activity","level":57,"raw":230,"diff":230,"message":"Light Activity Level: 57"}}
{"timestamp":1777111448706,"type":"alerts","deviceId":"ESP32_GREENHOUSE_01","data":{"timestamp":1777111448706,"deviceId":"ESP32_GREENHOUSE_01","event":"CRYING","level":134,"raw":537,"diff":537,"message":"CRYING DETECTED! ⚠️ Level: 134"}}
{"timestamp":1777111456770,"type":"alerts","deviceId":"ESP32_GREENHOUSE_01","data":{"timestamp":1777111456770,"deviceId":"ESP32_GREENHOUSE_01","event":"Light Activity","level":51,"raw":207,"diff":207,"message":"Light Activity Level: 51"}}
{"timestamp":1777111462819,"type":"alerts","deviceId":"ESP32_GREENHOUSE_01","data":{"timestamp":1777111462818,"deviceId":"ESP32_GREENHOUSE_01","event":"Light Activity","level":47,"raw":191,"diff":191,"message":"Light Activity Level: 47"}}
{"timestamp":1777111466852,"type":"alerts","deviceId":"ESP32_GREENHOUSE_01","data":{"timestamp":1777111466852,"deviceId":"ESP32_GREENHOUSE_01","event":"Quiet","level":37,"raw":150,"diff":150,"message":"Quiet Level: 37"}}
{"timestamp":1777111468867,"type":"alerts","deviceId":"ESP32_GREENHOUSE_01","data":{"timestamp":1777111468867,"deviceId":"ESP32_GREENHOUSE_01","event":"Light Activity","level":58,"raw":233,"diff":233,"message":"Light Activity Level: 58"}}
{"timestamp":1777111474921,"type":"alerts","deviceId":"ESP32_GREENHOUSE_01","data":{"timestamp":1777111474921,"deviceId":"ESP32_GREENHOUSE_01","event":"Restless","level":61,"raw":246,"diff":246,"message":"Restless Level: 61"}}
{"timestamp":1777111476963,"type":"alerts","deviceId":"ESP32_GREENHOUSE_01","data":{"timestamp":1777111476963,"deviceId":"ESP32_GREENHOUSE_01","event":"Light Activity","level":57,"raw":231,"diff":231,"message":"Light Activity Level: 57"}}
{"timestamp":1777111480995,"type":"alerts","deviceId":"ESP32_GREENHOUSE_01","data":{"timestamp":1777111480994,"deviceId":"ESP32_GREENHOUSE_01","event":"Quiet","level":39,"raw":157,"diff":157,"message":"Quiet Level: 39"}}
{"timestamp":1777111483011,"type":"alerts","deviceId":"ESP32_GREENHOUSE_01","data":{"timestamp":1777111483011,"deviceId":"ESP32_GREENHOUSE_01","event":"Light Activity","level":47,"raw":191,"diff":191,"message":"Light Activity Level: 47"}}
{"timestamp":1777111489059,"type":"alerts","deviceId":"ESP32_GREENHOUSE_01","data":{"timestamp":1777111489059,"deviceId":"ESP32_GREENHOUSE_01","event":"Quiet","level":33,"raw":135,"diff":135,"message":"Quiet Level: 33"}}
{"timestamp":1777111491075,"type":"alerts","deviceId":"ESP32_GREENHOUSE_01","data":{"timestamp":1777111491075,"deviceId":"ESP32_GREENHOUSE_01","event":"Light Activity","level":44,"raw":178,"diff":178,"message":"Light Activity Level: 44"}}
{"timestamp":1777111495106,"type":"alerts","deviceId":"ESP32_GREENHOUSE_01","data":{"timestamp":1777111495106,"deviceId":"ESP32_GREENHOUSE_01","event":"Quiet","level":32,"raw":129,"diff":129,"message":"Quiet Level: 32"}}
{"timestamp":1777111499139,"type":"alerts","deviceId":"ESP32_GREENHOUSE_01","data":{"timestamp":1777111499139,"deviceId":"ESP32_GREENHOUSE_01","event":"Light Activity","level":57,"raw":229,"diff":229,"message":"Light Activity Level: 57"}}
{"timestamp":1777111503173,"type":"alerts","deviceId":"ESP32_GREENHOUSE_01","data":{"timestamp":1777111503173,"deviceId":"ESP32_GREENHOUSE_01","event":"Quiet","level":42,"raw":170,"diff":170,"message":"Quiet Level: 42"}}
{"timestamp":1777111505194,"type":"alerts","deviceId":"ESP32_GREENHOUSE_01","data":{"timestamp":1777111505193,"deviceId":"ESP32_GREENHOUSE_01","event":"Light Activity","level":48,"raw":195,"diff":195,"message":"Light Activity Level: 48"}}
{"timestamp":1777111509256,"type":"alerts","deviceId":"ESP32_GREENHOUSE_01","data":{"timestamp":1777111509256,"deviceId":"ESP32_GREENHOUSE_01","event":"Quiet","level":29,"raw":119,"diff":119,"message":"Quiet Level: 29"}}
{"timestamp":1777111513287,"type":"alerts","deviceId":"ESP32_GREENHOUSE_01","data":{"timestamp":1777111513287,"deviceId":"ESP32_GREENHOUSE_01","event":"Light Activity","level":57,"raw":228,"diff":228,"message":"Light Activity Level: 57"}}
{"timestamp":1777111515303,"type":"alerts","deviceId":"ESP32_GREENHOUSE_01","data":{"timestamp":1777111515303,"deviceId":"ESP32_GREENHOUSE_01","event":"Quiet","level":39,"raw":159,"diff":159,"message":"Quiet Level: 39"}}
{"timestamp":1777111521347,"type":"alerts","deviceId":"ESP32_GREENHOUSE_01","data":{"timestamp":1777111521347,"deviceId":"ESP32_GREENHOUSE_01","event":"Quiet","level":43,"raw":174,"diff":174,"message":"Quiet Level: 43"}}
{"timestamp":1777111527395,"type":"alerts","deviceId":"ESP32_GREENHOUSE_01","data":{"timestamp":1777111527395,"deviceId":"ESP32_GREENHOUSE_01","event":"Quiet","level":28,"raw":114,"diff":114,"message":"Quiet Level: 28"}}
{"timestamp":1777111529411,"type":"alerts","deviceId":"ESP32_GREENHOUSE_01","data":{"timestamp":1777111529411,"deviceId":"ESP32_GREENHOUSE_01","event":"CRYING","level":43,"raw":173,"diff":173,"message":"CRYING DETECTED! ⚠️ Level: 43"}}
{"timestamp":1777111531427,"type":"alerts","deviceId":"ESP32_GREENHOUSE_01","data":{"timestamp":1777111531427,"deviceId":"ESP32_GREENHOUSE_01","event":"Restless","level":71,"raw":286,"diff":286,"message":"Restless Level: 71"}}
{"timestamp":1777111533444,"type":"alerts","deviceId":"ESP32_GREENHOUSE_01","data":{"timestamp":1777111533444,"deviceId":"ESP32_GREENHOUSE_01","event":"Quiet","level":41,"raw":166,"diff":166,"message":"Quiet Level: 41"}}
{"timestamp":1777111535464,"type":"alerts","deviceId":"ESP32_GREENHOUSE_01","data":{"timestamp":1777111535464,"deviceId":"ESP32_GREENHOUSE_01","event":"Light Activity","level":48,"raw":195,"diff":195,"message":"Light Activity Level: 48"}}
{"timestamp":1777111541539,"type":"alerts","deviceId":"ESP32_GREENHOUSE_01","data":{"timestamp":1777111541539,"deviceId":"ESP32_GREENHOUSE_01","event":"Light Activity","level":45,"raw":182,"diff":182,"message":"Light Activity Level: 45"}}
{"timestamp":1777111543555,"type":"alerts","deviceId":"ESP32_GREENHOUSE_01","data":{"timestamp":1777111543555,"deviceId":"ESP32_GREENHOUSE_01","event":"Restless","level":73,"raw":294,"diff":294,"message":"Restless Level: 73"}}
{"timestamp":1777111547587,"type":"alerts","deviceId":"ESP32_GREENHOUSE_01","data":{"timestamp":1777111547587,"deviceId":"ESP32_GREENHOUSE_01","event":"Quiet","level":30,"raw":120,"diff":120,"message":"Quiet Level: 30"}}
{"timestamp":1777111553635,"type":"alerts","deviceId":"ESP32_GREENHOUSE_01","data":{"timestamp":1777111553635,"deviceId":"ESP32_GREENHOUSE_01","event":"Quiet","level":34,"raw":139,"diff":139,"message":"Quiet Level: 34"}}
{"timestamp":1777111559683,"type":"alerts","deviceId":"ESP32_GREENHOUSE_01","data":{"timestamp":1777111559683,"deviceId":"ESP32_GREENHOUSE_01","event":"Quiet","level":33,"raw":132,"diff":132,"message":"Quiet Level: 33"}}
{"timestamp":1777111565733,"type":"alerts","deviceId":"ESP32_GREENHOUSE_01","data":{"timestamp":1777111565733,"deviceId":"ESP32_GREENHOUSE_01","event":"Quiet","level":29,"raw":118,"diff":118,"message":"Quiet Level: 29"}}
{"timestamp":1777111569771,"type":"alerts","deviceId":"ESP32_GREENHOUSE_01","data":{"timestamp":1777111569771,"deviceId":"ESP32_GREENHOUSE_01","event":"Light Activity","level":44,"raw":179,"diff":179,"message":"Light Activity Level: 44"}}
{"timestamp":1777111575844,"type":"alerts","deviceId":"ESP32_GREENHOUSE_01","data":{"timestamp":1777111575844,"deviceId":"ESP32_GREENHOUSE_01","event":"Quiet","level":41,"raw":167,"diff":167,"message":"Quiet Level: 41"}}
{"timestamp":1777111577860,"type":"alerts","deviceId":"ESP32_GREENHOUSE_01","data":{"timestamp":1777111577860,"deviceId":"ESP32_GREENHOUSE_01","event":"Light Activity","level":57,"raw":229,"diff":229,"message":"Light Activity Level: 57"}}
{"timestamp":1777111583907,"type":"alerts","deviceId":"ESP32_GREENHOUSE_01","data":{"timestamp":1777111583907,"deviceId":"ESP32_GREENHOUSE_01","event":"Light Activity","level":50,"raw":203,"diff":203,"message":"Light Activity Level: 50"}}
{"timestamp":1777111587944,"type":"alerts","deviceId":"ESP32_GREENHOUSE_01","data":{"timestamp":1777111587944,"deviceId":"ESP32_GREENHOUSE_01","event":"Quiet","level":29,"raw":118,"diff":118,"message":"Quiet Level: 29"}}
{"timestamp":1777111589958,"type":"alerts","deviceId":"ESP32_GREENHOUSE_01","data":{"timestamp":1777111589958,"deviceId":"ESP32_GREENHOUSE_01","event":"Restless","level":61,"raw":245,"diff":245,"message":"Restless Level: 61"}}
{"timestamp":1777111593988,"type":"alerts","deviceId":"ESP32_GREENHOUSE_01","data":{"timestamp":1777111593988,"deviceId":"ESP32_GREENHOUSE_01","event":"Quiet","level":28,"raw":113,"diff":113,"message":"Quiet Level: 28"}}
{"timestamp":1777111596021,"type":"alerts","deviceId":"ESP32_GREENHOUSE_01","data":{"timestamp":1777111596021,"deviceId":"ESP32_GREENHOUSE_01","event":"Light Activity","level":53,"raw":213,"diff":213,"message":"Light Activity Level: 53"}}
{"timestamp":1777111600038,"type":"alerts","deviceId":"ESP32_GREENHOUSE_01","data":{"timestamp":1777111600038,"deviceId":"ESP32_GREENHOUSE_01","event":"Quiet","level":34,"raw":139,"diff":139,"message":"Quiet Level: 34"}}
{"timestamp":1777111606116,"type":"alerts","deviceId":"ESP32_GREENHOUSE_01","data":{"timestamp":1777111606116,"deviceId":"ESP32_GREENHOUSE_01","event":"Quiet","level":30,"raw":120,"diff":120,"message":"Quiet Level: 30"}}
{"timestamp":1777111612166,"type":"alerts","deviceId":"ESP32_GREENHOUSE_01","data":{"timestamp":1777111612166,"deviceId":"ESP32_GREENHOUSE_01","event":"Quiet","level":38,"raw":152,"diff":152,"message":"Quiet Level: 38"}}
{"timestamp":1777111618211,"type":"alerts","deviceId":"ESP32_GREENHOUSE_01","data":{"timestamp":1777111618211,"deviceId":"ESP32_GREENHOUSE_01","event":"Quiet","level":38,"raw":154,"diff":154,"message":"Quiet Level: 38"}}
{"timestamp":1777111624261,"type":"alerts","deviceId":"ESP32_GREENHOUSE_01","data":{"timestamp":1777111624261,"deviceId":"ESP32_GREENHOUSE_01","event":"Quiet","level":41,"raw":165,"diff":165,"message":"Quiet Level: 41"}}
{"timestamp":1777111630308,"type":"alerts","deviceId":"ESP32_GREENHOUSE_01","data":{"timestamp":1777111630308,"deviceId":"ESP32_GREENHOUSE_01","event":"Quiet","level":33,"raw":132,"diff":132,"message":"Quiet Level: 33"}}
{"timestamp":1777111636362,"type":"alerts","deviceId":"ESP32_GREENHOUSE_01","data":{"timestamp":1777111636362,"deviceId":"ESP32_GREENHOUSE_01","event":"Quiet","level":28,"raw":114,"diff":114,"message":"Quiet Level: 28"}}
{"timestamp":1777111640420,"type":"alerts","deviceId":"ESP32_GREENHOUSE_01","data":{"timestamp":1777111640420,"deviceId":"ESP32_GREENHOUSE_01","event":"CRYING","level":94,"raw":376,"diff":376,"message":"CRYING DETECTED! ⚠️ Level: 94"}}
{"timestamp":1777111642437,"type":"alerts","deviceId":"ESP32_GREENHOUSE_01","data":{"timestamp":1777111642436,"deviceId":"ESP32_GREENHOUSE_01","event":"Quiet","level":26,"raw":107,"diff":107,"message":"Quiet Level: 26"}}
{"timestamp":1777111648484,"type":"alerts","deviceId":"ESP32_GREENHOUSE_01","data":{"timestamp":1777111648484,"deviceId":"ESP32_GREENHOUSE_01","event":"Quiet","level":33,"raw":134,"diff":134,"message":"Quiet Level: 33"}}
{"timestamp":1777111652516,"type":"alerts","deviceId":"ESP32_GREENHOUSE_01","data":{"timestamp":1777111652516,"deviceId":"ESP32_GREENHOUSE_01","event":"Light Activity","level":46,"raw":187,"diff":187,"message":"Light Activity Level: 46"}}
{"timestamp":1777111654532,"type":"alerts","deviceId":"ESP32_GREENHOUSE_01","data":{"timestamp":1777111654532,"deviceId":"ESP32_GREENHOUSE_01","event":"CRYING","level":113,"raw":454,"diff":454,"message":"CRYING DETECTED! ⚠️ Level: 113"}}
{"timestamp":1777111656548,"type":"alerts","deviceId":"ESP32_GREENHOUSE_01","data":{"timestamp":1777111656548,"deviceId":"ESP32_GREENHOUSE_01","event":"Quiet","level":35,"raw":143,"diff":143,"message":"Quiet Level: 35"}}
{"timestamp":1777111662598,"type":"alerts","deviceId":"ESP32_GREENHOUSE_01","data":{"timestamp":1777111662598,"deviceId":"ESP32_GREENHOUSE_01","event":"Quiet","level":38,"raw":153,"diff":153,"message":"Quiet Level: 38"}}
{"timestamp":1777111666633,"type":"alerts","deviceId":"ESP32_GREENHOUSE_01","data":{"timestamp":1777111666633,"deviceId":"ESP32_GREENHOUSE_01","event":"Light Activity","level":50,"raw":200,"diff":200,"message":"Light Activity Level: 50"}}
{"timestamp":1777111672708,"type":"alerts","deviceId":"ESP32_GREENHOUSE_01","data":{"timestamp":1777111672708,"deviceId":"ESP32_GREENHOUSE_01","event":"Quiet","level":42,"raw":171,"diff":171,"message":"Quiet Level: 42"}}
{"timestamp":1777111676741,"type":"alerts","deviceId":"ESP32_GREENHOUSE_01","data":{"timestamp":1777111676740,"deviceId":"ESP32_GREENHOUSE_01","event":"Light Activity","level":46,"raw":184,"diff":184,"message":"Light Activity Level: 46"}}
{"timestamp":1777111678771,"type":"alerts","deviceId":"ESP32_GREENHOUSE_01","data":{"timestamp":1777111678771,"deviceId":"ESP32_GREENHOUSE_01","event":"Restless","level":60,"raw":243,"diff":243,"message":"Restless Level: 60"}}
{"timestamp":1777111680774,"type":"alerts","deviceId":"ESP32_GREENHOUSE_01","data":{"timestamp":1777111680774,"deviceId":"ESP32_GREENHOUSE_01","event":"Quiet","level":27,"raw":111,"diff":111,"message":"Quiet Level: 27"}}
{"timestamp":1777111686820,"type":"alerts","deviceId":"ESP32_GREENHOUSE_01","data":{"timestamp":1777111686820,"deviceId":"ESP32_GREENHOUSE_01","event":"Quiet","level":28,"raw":115,"diff":115,"message":"Quiet Level: 28"}}
{"timestamp":1777111688840,"type":"alerts","deviceId":"ESP32_GREENHOUSE_01","data":{"timestamp":1777111688839,"deviceId":"ESP32_GREENHOUSE_01","event":"Light Activity","level":52,"raw":208,"diff":208,"message":"Light Activity Level: 52"}}
{"timestamp":1777111692868,"type":"alerts","deviceId":"ESP32_GREENHOUSE_01","data":{"timestamp":1777111692868,"deviceId":"ESP32_GREENHOUSE_01","event":"Quiet","level":41,"raw":166,"diff":166,"message":"Quiet Level: 41"}}
{"timestamp":1777111698920,"type":"alerts","deviceId":"ESP32_GREENHOUSE_01","data":{"timestamp":1777111698920,"deviceId":"ESP32_GREENHOUSE_01","event":"Quiet","level":41,"raw":166,"diff":166,"message":"Quiet Level: 41"}}
{"timestamp":1777111704996,"type":"alerts","deviceId":"ESP32_GREENHOUSE_01","data":{"timestamp":1777111704996,"deviceId":"ESP32_GREENHOUSE_01","event":"Quiet","level":35,"raw":140,"diff":140,"message":"Quiet Level: 35"}}
{"timestamp":1777111711044,"type":"alerts","deviceId":"ESP32_GREENHOUSE_01","data":{"timestamp":1777111711044,"deviceId":"ESP32_GREENHOUSE_01","event":"Light Activity","level":55,"raw":223,"diff":223,"message":"Light Activity Level: 55"}}
{"timestamp":1777111713060,"type":"alerts","deviceId":"ESP32_GREENHOUSE_01","data":{"timestamp":1777111713060,"deviceId":"ESP32_GREENHOUSE_01","event":"Quiet","level":40,"raw":163,"diff":163,"message":"Quiet Level: 40"}}
{"timestamp":1777111715079,"type":"alerts","deviceId":"ESP32_GREENHOUSE_01","data":{"timestamp":1777111715078,"deviceId":"ESP32_GREENHOUSE_01","event":"Restless","level":70,"raw":280,"diff":280,"message":"Restless Level: 70"}}
{"timestamp":1777111719109,"type":"alerts","deviceId":"ESP32_GREENHOUSE_01","data":{"timestamp":1777111719108,"deviceId":"ESP32_GREENHOUSE_01","event":"Light Activity","level":47,"raw":190,"diff":190,"message":"Light Activity Level: 47"}}
{"timestamp":1777111723140,"type":"alerts","deviceId":"ESP32_GREENHOUSE_01","data":{"timestamp":1777111723140,"deviceId":"ESP32_GREENHOUSE_01","event":"Quiet","level":29,"raw":117,"diff":117,"message":"Quiet Level: 29"}}
{"timestamp":1777111729189,"type":"alerts","deviceId":"ESP32_GREENHOUSE_01","data":{"timestamp":1777111729189,"deviceId":"ESP32_GREENHOUSE_01","event":"Quiet","level":37,"raw":149,"diff":149,"message":"Quiet Level: 37"}}
{"timestamp":1777111735244,"type":"alerts","deviceId":"ESP32_GREENHOUSE_01","data":{"timestamp":1777111735244,"deviceId":"ESP32_GREENHOUSE_01","event":"Quiet","level":31,"raw":124,"diff":124,"message":"Quiet Level: 31"}}
{"timestamp":1777111741316,"type":"alerts","deviceId":"ESP32_GREENHOUSE_01","data":{"timestamp":1777111741316,"deviceId":"ESP32_GREENHOUSE_01","event":"Quiet","level":20,"raw":82,"diff":82,"message":"Quiet Level: 20"}}
{"timestamp":1777111747365,"type":"alerts","deviceId":"ESP32_GREENHOUSE_01","data":{"timestamp":1777111747365,"deviceId":"ESP32_GREENHOUSE_01","event":"Quiet","level":22,"raw":89,"diff":89,"message":"Quiet Level: 22"}}
{"timestamp":1777111753413,"type":"alerts","deviceId":"ESP32_GREENHOUSE_01","data":{"timestamp":1777111753413,"deviceId":"ESP32_GREENHOUSE_01","event":"Quiet","level":25,"raw":100,"diff":100,"message":"Quiet Level: 25"}}
{"timestamp":1777111757445,"type":"alerts","deviceId":"ESP32_GREENHOUSE_01","data":{"timestamp":1777111757445,"deviceId":"ESP32_GREENHOUSE_01","event":"Light Activity","level":53,"raw":212,"diff":212,"message":"Light Activity Level: 53"}}
{"timestamp":1777111759461,"type":"alerts","deviceId":"ESP32_GREENHOUSE_01","data":{"timestamp":1777111759461,"deviceId":"ESP32_GREENHOUSE_01","event":"Restless","level":66,"raw":267,"diff":267,"message":"Restless Level: 66"}}
{"timestamp":1777111761477,"type":"alerts","deviceId":"ESP32_GREENHOUSE_01","data":{"timestamp":1777111761477,"deviceId":"ESP32_GREENHOUSE_01","event":"Quiet","level":39,"raw":157,"diff":157,"message":"Quiet Level: 39"}}
{"timestamp":1777111767530,"type":"alerts","deviceId":"ESP32_GREENHOUSE_01","data":{"timestamp":1777111767530,"deviceId":"ESP32_GREENHOUSE_01","event":"Quiet","level":32,"raw":131,"diff":131,"message":"Quiet Level: 32"}}
{"timestamp":1777111773605,"type":"alerts","deviceId":"ESP32_GREENHOUSE_01","data":{"timestamp":1777111773605,"deviceId":"ESP32_GREENHOUSE_01","event":"Quiet","level":28,"raw":112,"diff":112,"message":"Quiet Level: 28"}}
{"timestamp":1777111777637,"type":"alerts","deviceId":"ESP32_GREENHOUSE_01","data":{"timestamp":1777111777637,"deviceId":"ESP32_GREENHOUSE_01","event":"Light Activity","level":47,"raw":191,"diff":191,"message":"Light Activity Level: 47"}}
{"timestamp":1777111779652,"type":"alerts","deviceId":"ESP32_GREENHOUSE_01","data":{"timestamp":1777111779652,"deviceId":"ESP32_GREENHOUSE_01","event":"Quiet","level":31,"raw":125,"diff":125,"message":"Quiet Level: 31"}}
{"timestamp":1777111785701,"type":"alerts","deviceId":"ESP32_GREENHOUSE_01","data":{"timestamp":1777111785701,"deviceId":"ESP32_GREENHOUSE_01","event":"Quiet","level":38,"raw":155,"diff":155,"message":"Quiet Level: 38"}}
{"timestamp":1777111791749,"type":"alerts","deviceId":"ESP32_GREENHOUSE_01","data":{"timestamp":1777111791749,"deviceId":"ESP32_GREENHOUSE_01","event":"Quiet","level":34,"raw":139,"diff":139,"message":"Quiet Level: 34"}}
{"timestamp":1777111797802,"type":"alerts","deviceId":"ESP32_GREENHOUSE_01","data":{"timestamp":1777111797802,"deviceId":"ESP32_GREENHOUSE_01","event":"Light Activity","level":47,"raw":189,"diff":189,"message":"Light Activity Level: 47"}}
{"timestamp":1777111799819,"type":"alerts","deviceId":"ESP32_GREENHOUSE_01","data":{"timestamp":1777111799819,"deviceId":"ESP32_GREENHOUSE_01","event":"Quiet","level":35,"raw":143,"diff":143,"message":"Quiet Level: 35"}}
{"timestamp":1777111805893,"type":"alerts","deviceId":"ESP32_GREENHOUSE_01","data":{"timestamp":1777111805893,"deviceId":"ESP32_GREENHOUSE_01","event":"Quiet","level":42,"raw":168,"diff":168,"message":"Quiet Level: 42"}}
{"timestamp":1777111807909,"type":"alerts","deviceId":"ESP32_GREENHOUSE_01","data":{"timestamp":1777111807909,"deviceId":"ESP32_GREENHOUSE_01","event":"Light Activity","level":45,"raw":183,"diff":183,"message":"Light Activity Level: 45"}}
{"timestamp":1777111811941,"type":"alerts","deviceId":"ESP32_GREENHOUSE_01","data":{"timestamp":1777111811941,"deviceId":"ESP32_GREENHOUSE_01","event":"Quiet","level":36,"raw":146,"diff":146,"message":"Quiet Level: 36"}}
{"timestamp":1777111817989,"type":"alerts","deviceId":"ESP32_GREENHOUSE_01","data":{"timestamp":1777111817989,"deviceId":"ESP32_GREENHOUSE_01","event":"Quiet","level":38,"raw":153,"diff":153,"message":"Quiet Level: 38"}}
{"timestamp":1777111820005,"type":"alerts","deviceId":"ESP32_GREENHOUSE_01","data":{"timestamp":1777111820005,"deviceId":"ESP32_GREENHOUSE_01","event":"Restless","level":59,"raw":238,"diff":238,"message":"Restless Level: 59"}}
{"timestamp":1777111824037,"type":"alerts","deviceId":"ESP32_GREENHOUSE_01","data":{"timestamp":1777111824037,"deviceId":"ESP32_GREENHOUSE_01","event":"Quiet","level":31,"raw":125,"diff":125,"message":"Quiet Level: 31"}}
{"timestamp":1777111830087,"type":"alerts","deviceId":"ESP32_GREENHOUSE_01","data":{"timestamp":1777111830087,"deviceId":"ESP32_GREENHOUSE_01","event":"Quiet","level":32,"raw":130,"diff":130,"message":"Quiet Level: 32"}}
{"timestamp":1777111834124,"type":"alerts","deviceId":"ESP32_GREENHOUSE_01","data":{"timestamp":1777111834124,"deviceId":"ESP32_GREENHOUSE_01","event":"Light Activity","level":48,"raw":193,"diff":193,"message":"Light Activity Level: 48"}}
{"timestamp":1777111836168,"type":"alerts","deviceId":"ESP32_GREENHOUSE_01","data":{"timestamp":1777111836167,"deviceId":"ESP32_GREENHOUSE_01","event":"Restless","level":62,"raw":251,"diff":251,"message":"Restless Level: 62"}}
{"timestamp":1777111838181,"type":"alerts","deviceId":"ESP32_GREENHOUSE_01","data":{"timestamp":1777111838181,"deviceId":"ESP32_GREENHOUSE_01","event":"Quiet","level":40,"raw":162,"diff":162,"message":"Quiet Level: 40"}}
{"timestamp":1777111844229,"type":"alerts","deviceId":"ESP32_GREENHOUSE_01","data":{"timestamp":1777111844229,"deviceId":"ESP32_GREENHOUSE_01","event":"Quiet","level":33,"raw":133,"diff":133,"message":"Quiet Level: 33"}}
{"timestamp":1777111846245,"type":"alerts","deviceId":"ESP32_GREENHOUSE_01","data":{"timestamp":1777111846245,"deviceId":"ESP32_GREENHOUSE_01","event":"CRYING","level":83,"raw":335,"diff":335,"message":"CRYING DETECTED! ⚠️ Level: 83"}}
{"timestamp":1777111848262,"type":"alerts","deviceId":"ESP32_GREENHOUSE_01","data":{"timestamp":1777111848261,"deviceId":"ESP32_GREENHOUSE_01","event":"Light Activity","level":45,"raw":181,"diff":181,"message":"Light Activity Level: 45"}}
{"timestamp":1777111850277,"type":"alerts","deviceId":"ESP32_GREENHOUSE_01","data":{"timestamp":1777111850277,"deviceId":"ESP32_GREENHOUSE_01","event":"Quiet","level":38,"raw":153,"diff":153,"message":"Quiet Level: 38"}}
{"timestamp":1777111856326,"type":"alerts","deviceId":"ESP32_GREENHOUSE_01","data":{"timestamp":1777111856326,"deviceId":"ESP32_GREENHOUSE_01","event":"Quiet","level":33,"raw":133,"diff":133,"message":"Quiet Level: 33"}}
{"timestamp":1777111858341,"type":"alerts","deviceId":"ESP32_GREENHOUSE_01","data":{"timestamp":1777111858341,"deviceId":"ESP32_GREENHOUSE_01","event":"Restless","level":67,"raw":268,"diff":268,"message":"Restless Level: 67"}}
{"timestamp":1777111864396,"type":"alerts","deviceId":"ESP32_GREENHOUSE_01","data":{"timestamp":1777111864396,"deviceId":"ESP32_GREENHOUSE_01","event":"Light Activity","level":49,"raw":196,"diff":196,"message":"Light Activity Level: 49"}}
{"timestamp":1777111866411,"type":"alerts","deviceId":"ESP32_GREENHOUSE_01","data":{"timestamp":1777111866411,"deviceId":"ESP32_GREENHOUSE_01","event":"Quiet","level":41,"raw":167,"diff":167,"message":"Quiet Level: 41"}}
{"timestamp":1777111872485,"type":"alerts","deviceId":"ESP32_GREENHOUSE_01","data":{"timestamp":1777111872485,"deviceId":"ESP32_GREENHOUSE_01","event":"Restless","level":64,"raw":259,"diff":259,"message":"Restless Level: 64"}}
{"timestamp":1777111874508,"type":"alerts","deviceId":"ESP32_GREENHOUSE_01","data":{"timestamp":1777111874508,"deviceId":"ESP32_GREENHOUSE_01","event":"CRYING","level":67,"raw":269,"diff":269,"message":"CRYING DETECTED! ⚠️ Level: 67"}}
{"timestamp":1777111884582,"type":"alerts","deviceId":"ESP32_GREENHOUSE_01","data":{"timestamp":1777111884582,"deviceId":"ESP32_GREENHOUSE_01","event":"CRYING","level":111,"raw":444,"diff":444,"message":"CRYING DETECTED! ⚠️ Level: 111"}}
{"timestamp":1777111894663,"type":"alerts","deviceId":"ESP32_GREENHOUSE_01","data":{"timestamp":1777111894663,"deviceId":"ESP32_GREENHOUSE_01","event":"Restless","level":69,"raw":276,"diff":276,"message":"Restless Level: 69"}}
{"timestamp":1777111898700,"type":"alerts","deviceId":"ESP32_GREENHOUSE_01","data":{"timestamp":1777111898700,"deviceId":"ESP32_GREENHOUSE_01","event":"Light Activity","level":47,"raw":189,"diff":189,"message":"Light Activity Level: 47"}}
{"timestamp":1777111900721,"type":"alerts","deviceId":"ESP32_GREENHOUSE_01","data":{"timestamp":1777111900720,"deviceId":"ESP32_GREENHOUSE_01","event":"Quiet","level":39,"raw":159,"diff":159,"message":"Quiet Level: 39"}}
{"timestamp":1777111904775,"type":"alerts","deviceId":"ESP32_GREENHOUSE_01","data":{"timestamp":1777111904775,"deviceId":"ESP32_GREENHOUSE_01","event":"Light Activity","level":44,"raw":177,"diff":177,"message":"Light Activity Level: 44"}}
{"timestamp":1777111910822,"type":"alerts","deviceId":"ESP32_GREENHOUSE_01","data":{"timestamp":1777111910822,"deviceId":"ESP32_GREENHOUSE_01","event":"Restless","level":61,"raw":244,"diff":244,"message":"Restless Level: 61"}}
{"timestamp":1777111912838,"type":"alerts","deviceId":"ESP32_GREENHOUSE_01","data":{"timestamp":1777111912838,"deviceId":"ESP32_GREENHOUSE_01","event":"Light Activity","level":46,"raw":186,"diff":186,"message":"Light Activity Level: 46"}}
{"timestamp":1777111916870,"type":"alerts","deviceId":"ESP32_GREENHOUSE_01","data":{"timestamp":1777111916870,"deviceId":"ESP32_GREENHOUSE_01","event":"Restless","level":59,"raw":238,"diff":238,"message":"Restless Level: 59"}}
{"timestamp":1777111918886,"type":"alerts","deviceId":"ESP32_GREENHOUSE_01","data":{"timestamp":1777111918886,"deviceId":"ESP32_GREENHOUSE_01","event":"Light Activity","level":54,"raw":216,"diff":216,"message":"Light Activity Level: 54"}}
{"timestamp":1777111920905,"type":"alerts","deviceId":"ESP32_GREENHOUSE_01","data":{"timestamp":1777111920905,"deviceId":"ESP32_GREENHOUSE_01","event":"Quiet","level":38,"raw":154,"diff":154,"message":"Quiet Level: 38"}}
{"timestamp":1777111926951,"type":"alerts","deviceId":"ESP32_GREENHOUSE_01","data":{"timestamp":1777111926951,"deviceId":"ESP32_GREENHOUSE_01","event":"Restless","level":59,"raw":236,"diff":236,"message":"Restless Level: 59"}}
{"timestamp":1777111928969,"type":"alerts","deviceId":"ESP32_GREENHOUSE_01","data":{"timestamp":1777111928969,"deviceId":"ESP32_GREENHOUSE_01","event":"Light Activity","level":50,"raw":201,"diff":201,"message":"Light Activity Level: 50"}}
{"timestamp":1777111930986,"type":"alerts","deviceId":"ESP32_GREENHOUSE_01","data":{"timestamp":1777111930986,"deviceId":"ESP32_GREENHOUSE_01","event":"Quiet","level":33,"raw":134,"diff":134,"message":"Quiet Level: 33"}}
{"timestamp":1777111937062,"type":"alerts","deviceId":"ESP32_GREENHOUSE_01","data":{"timestamp":1777111937062,"deviceId":"ESP32_GREENHOUSE_01","event":"Light Activity","level":46,"raw":185,"diff":185,"message":"Light Activity Level: 46"}}
{"timestamp":1777111941095,"type":"alerts","deviceId":"ESP32_GREENHOUSE_01","data":{"timestamp":1777111941095,"deviceId":"ESP32_GREENHOUSE_01","event":"Quiet","level":31,"raw":125,"diff":125,"message":"Quiet Level: 31"}}
{"timestamp":1777111947142,"type":"alerts","deviceId":"ESP32_GREENHOUSE_01","data":{"timestamp":1777111947142,"deviceId":"ESP32_GREENHOUSE_01","event":"Quiet","level":35,"raw":141,"diff":141,"message":"Quiet Level: 35"}}
{"timestamp":1777111953190,"type":"alerts","deviceId":"ESP32_GREENHOUSE_01","data":{"timestamp":1777111953190,"deviceId":"ESP32_GREENHOUSE_01","event":"Light Activity","level":55,"raw":222,"diff":222,"message":"Light Activity Level: 55"}}
{"timestamp":1777111955209,"type":"alerts","deviceId":"ESP32_GREENHOUSE_01","data":{"timestamp":1777111955209,"deviceId":"ESP32_GREENHOUSE_01","event":"Quiet","level":38,"raw":152,"diff":152,"message":"Quiet Level: 38"}}
{"timestamp":1777111959250,"type":"alerts","deviceId":"ESP32_GREENHOUSE_01","data":{"timestamp":1777111959249,"deviceId":"ESP32_GREENHOUSE_01","event":"Restless","level":70,"raw":282,"diff":282,"message":"Restless Level: 70"}}
{"timestamp":1777111961632,"type":"alerts","deviceId":"ESP32_GREENHOUSE_01","data":{"timestamp":1777111961632,"deviceId":"ESP32_GREENHOUSE_01","event":"Quiet","level":27,"raw":108,"diff":108,"message":"Quiet Level: 27"}}
{"timestamp":1777111967311,"type":"alerts","deviceId":"ESP32_GREENHOUSE_01","data":{"timestamp":1777111967311,"deviceId":"ESP32_GREENHOUSE_01","event":"Quiet","level":31,"raw":126,"diff":126,"message":"Quiet Level: 31"}}
{"timestamp":1777111973384,"type":"alerts","deviceId":"ESP32_GREENHOUSE_01","data":{"timestamp":1777111973383,"deviceId":"ESP32_GREENHOUSE_01","event":"Light Activity","level":47,"raw":188,"diff":188,"message":"Light Activity Level: 47"}}
{"timestamp":1777111979432,"type":"alerts","deviceId":"ESP32_GREENHOUSE_01","data":{"timestamp":1777111979432,"deviceId":"ESP32_GREENHOUSE_01","event":"Quiet","level":34,"raw":138,"diff":138,"message":"Quiet Level: 34"}}
{"timestamp":1777111985478,"type":"alerts","deviceId":"ESP32_GREENHOUSE_01","data":{"timestamp":1777111985478,"deviceId":"ESP32_GREENHOUSE_01","event":"Light Activity","level":54,"raw":216,"diff":216,"message":"Light Activity Level: 54"}}
{"timestamp":1777111987494,"type":"alerts","deviceId":"ESP32_GREENHOUSE_01","data":{"timestamp":1777111987494,"deviceId":"ESP32_GREENHOUSE_01","event":"Quiet","level":43,"raw":173,"diff":173,"message":"Quiet Level: 43"}}
{"timestamp":1777111989516,"type":"alerts","deviceId":"ESP32_GREENHOUSE_01","data":{"timestamp":1777111989515,"deviceId":"ESP32_GREENHOUSE_01","event":"Restless","level":67,"raw":269,"diff":269,"message":"Restless Level: 67"}}
{"timestamp":1777111991538,"type":"alerts","deviceId":"ESP32_GREENHOUSE_01","data":{"timestamp":1777111991538,"deviceId":"ESP32_GREENHOUSE_01","event":"Light Activity","level":54,"raw":219,"diff":219,"message":"Light Activity Level: 54"}}
{"timestamp":1777111997589,"type":"alerts","deviceId":"ESP32_GREENHOUSE_01","data":{"timestamp":1777111997589,"deviceId":"ESP32_GREENHOUSE_01","event":"Restless","level":71,"raw":286,"diff":286,"message":"Restless Level: 71"}}
{"timestamp":1777111999601,"type":"alerts","deviceId":"ESP32_GREENHOUSE_01","data":{"timestamp":1777111999601,"deviceId":"ESP32_GREENHOUSE_01","event":"CRYING","level":38,"raw":155,"diff":155,"message":"CRYING DETECTED! ⚠️ Level: 38"}}
{"timestamp":1777112001639,"type":"alerts","deviceId":"ESP32_GREENHOUSE_01","data":{"timestamp":1777112001639,"deviceId":"ESP32_GREENHOUSE_01","event":"Light Activity","level":57,"raw":229,"diff":229,"message":"Light Activity Level: 57"}}
{"timestamp":1777112003655,"type":"alerts","deviceId":"ESP32_GREENHOUSE_01","data":{"timestamp":1777112003655,"deviceId":"ESP32_GREENHOUSE_01","event":"Restless","level":92,"raw":370,"diff":370,"message":"Restless Level: 92"}}
{"timestamp":1777112007701,"type":"alerts","deviceId":"ESP32_GREENHOUSE_01","data":{"timestamp":1777112007701,"deviceId":"ESP32_GREENHOUSE_01","event":"Quiet","level":27,"raw":111,"diff":111,"message":"Quiet Level: 27"}}
{"timestamp":1777112013735,"type":"alerts","deviceId":"ESP32_GREENHOUSE_01","data":{"timestamp":1777112013735,"deviceId":"ESP32_GREENHOUSE_01","event":"Quiet","level":43,"raw":174,"diff":174,"message":"Quiet Level: 43"}}
{"timestamp":1777112015751,"type":"alerts","deviceId":"ESP32_GREENHOUSE_01","data":{"timestamp":1777112015750,"deviceId":"ESP32_GREENHOUSE_01","event":"Light Activity","level":44,"raw":177,"diff":177,"message":"Light Activity Level: 44"}}
{"timestamp":1777112019783,"type":"alerts","deviceId":"ESP32_GREENHOUSE_01","data":{"timestamp":1777112019782,"deviceId":"ESP32_GREENHOUSE_01","event":"Quiet","level":39,"raw":159,"diff":159,"message":"Quiet Level: 39"}}
{"timestamp":1777112025832,"type":"alerts","deviceId":"ESP32_GREENHOUSE_01","data":{"timestamp":1777112025832,"deviceId":"ESP32_GREENHOUSE_01","event":"Quiet","level":33,"raw":135,"diff":135,"message":"Quiet Level: 33"}}
{"timestamp":1777112027850,"type":"alerts","deviceId":"ESP32_GREENHOUSE_01","data":{"timestamp":1777112027850,"deviceId":"ESP32_GREENHOUSE_01","event":"Light Activity","level":48,"raw":194,"diff":194,"message":"Light Activity Level: 48"}}
{"timestamp":1777112031888,"type":"alerts","deviceId":"ESP32_GREENHOUSE_01","data":{"timestamp":1777112031887,"deviceId":"ESP32_GREENHOUSE_01","event":"Quiet","level":37,"raw":150,"diff":150,"message":"Quiet Level: 37"}}
{"timestamp":1777112037959,"type":"alerts","deviceId":"ESP32_GREENHOUSE_01","data":{"timestamp":1777112037959,"deviceId":"ESP32_GREENHOUSE_01","event":"Light Activity","level":44,"raw":177,"diff":177,"message":"Light Activity Level: 44"}}
{"timestamp":1777112041993,"type":"alerts","deviceId":"ESP32_GREENHOUSE_01","data":{"timestamp":1777112041993,"deviceId":"ESP32_GREENHOUSE_01","event":"Restless","level":73,"raw":295,"diff":295,"message":"Restless Level: 73"}}
{"timestamp":1777112044007,"type":"alerts","deviceId":"ESP32_GREENHOUSE_01","data":{"timestamp":1777112044007,"deviceId":"ESP32_GREENHOUSE_01","event":"Light Activity","level":50,"raw":200,"diff":200,"message":"Light Activity Level: 50"}}
{"timestamp":1777112046023,"type":"alerts","deviceId":"ESP32_GREENHOUSE_01","data":{"timestamp":1777112046023,"deviceId":"ESP32_GREENHOUSE_01","event":"Quiet","level":38,"raw":155,"diff":155,"message":"Quiet Level: 38"}}
{"timestamp":1777112052071,"type":"alerts","deviceId":"ESP32_GREENHOUSE_01","data":{"timestamp":1777112052071,"deviceId":"ESP32_GREENHOUSE_01","event":"Restless","level":106,"raw":426,"diff":426,"message":"Restless Level: 106"}}
{"timestamp":1777112054087,"type":"alerts","deviceId":"ESP32_GREENHOUSE_01","data":{"timestamp":1777112054087,"deviceId":"ESP32_GREENHOUSE_01","event":"Light Activity","level":48,"raw":195,"diff":195,"message":"Light Activity Level: 48"}}
{"timestamp":1777112056103,"type":"alerts","deviceId":"ESP32_GREENHOUSE_01","data":{"timestamp":1777112056103,"deviceId":"ESP32_GREENHOUSE_01","event":"Quiet","level":39,"raw":158,"diff":158,"message":"Quiet Level: 39"}}
{"timestamp":1777112060139,"type":"alerts","deviceId":"ESP32_GREENHOUSE_01","data":{"timestamp":1777112060139,"deviceId":"ESP32_GREENHOUSE_01","event":"Light Activity","level":45,"raw":182,"diff":182,"message":"Light Activity Level: 45"}}
{"timestamp":1777112062156,"type":"alerts","deviceId":"ESP32_GREENHOUSE_01","data":{"timestamp":1777112062156,"deviceId":"ESP32_GREENHOUSE_01","event":"Quiet","level":30,"raw":120,"diff":120,"message":"Quiet Level: 30"}}
{"timestamp":1777112066215,"type":"alerts","deviceId":"ESP32_GREENHOUSE_01","data":{"timestamp":1777112066215,"deviceId":"ESP32_GREENHOUSE_01","event":"Restless","level":72,"raw":288,"diff":288,"message":"Restless Level: 72"}}
{"timestamp":1777112068231,"type":"alerts","deviceId":"ESP32_GREENHOUSE_01","data":{"timestamp":1777112068231,"deviceId":"ESP32_GREENHOUSE_01","event":"Quiet","level":34,"raw":139,"diff":139,"message":"Quiet Level: 34"}}
{"timestamp":1777112074279,"type":"alerts","deviceId":"ESP32_GREENHOUSE_01","data":{"timestamp":1777112074279,"deviceId":"ESP32_GREENHOUSE_01","event":"Quiet","level":37,"raw":148,"diff":148,"message":"Quiet Level: 37"}}
{"timestamp":1777112080327,"type":"alerts","deviceId":"ESP32_GREENHOUSE_01","data":{"timestamp":1777112080327,"deviceId":"ESP32_GREENHOUSE_01","event":"Quiet","level":33,"raw":132,"diff":132,"message":"Quiet Level: 33"}}
{"timestamp":1777112086375,"type":"alerts","deviceId":"ESP32_GREENHOUSE_01","data":{"timestamp":1777112086375,"deviceId":"ESP32_GREENHOUSE_01","event":"Light Activity","level":44,"raw":176,"diff":176,"message":"Light Activity Level: 44"}}
{"timestamp":1777112092426,"type":"alerts","deviceId":"ESP32_GREENHOUSE_01","data":{"timestamp":1777112092426,"deviceId":"ESP32_GREENHOUSE_01","event":"Quiet","level":31,"raw":127,"diff":127,"message":"Quiet Level: 31"}}
{"timestamp":1777112098505,"type":"alerts","deviceId":"ESP32_GREENHOUSE_01","data":{"timestamp":1777112098505,"deviceId":"ESP32_GREENHOUSE_01","event":"Quiet","level":26,"raw":104,"diff":104,"message":"Quiet Level: 26"}}
{"timestamp":1777112104552,"type":"alerts","deviceId":"ESP32_GREENHOUSE_01","data":{"timestamp":1777112104552,"deviceId":"ESP32_GREENHOUSE_01","event":"Quiet","level":28,"raw":113,"diff":113,"message":"Quiet Level: 28"}}
{"timestamp":1777112110599,"type":"alerts","deviceId":"ESP32_GREENHOUSE_01","data":{"timestamp":1777112110599,"deviceId":"ESP32_GREENHOUSE_01","event":"Quiet","level":28,"raw":114,"diff":114,"message":"Quiet Level: 28"}}
{"timestamp":1777112116647,"type":"alerts","deviceId":"ESP32_GREENHOUSE_01","data":{"timestamp":1777112116647,"deviceId":"ESP32_GREENHOUSE_01","event":"Quiet","level":34,"raw":138,"diff":138,"message":"Quiet Level: 34"}}
{"timestamp":1777112122696,"type":"alerts","deviceId":"ESP32_GREENHOUSE_01","data":{"timestamp":1777112122696,"deviceId":"ESP32_GREENHOUSE_01","event":"Quiet","level":43,"raw":173,"diff":173,"message":"Quiet Level: 43"}}
{"timestamp":1777112124715,"type":"alerts","deviceId":"ESP32_GREENHOUSE_01","data":{"timestamp":1777112124714,"deviceId":"ESP32_GREENHOUSE_01","event":"Light Activity","level":47,"raw":190,"diff":190,"message":"Light Activity Level: 47"}}
{"timestamp":1777112130768,"type":"alerts","deviceId":"ESP32_GREENHOUSE_01","data":{"timestamp":1777112130768,"deviceId":"ESP32_GREENHOUSE_01","event":"Light Activity","level":46,"raw":186,"diff":186,"message":"Light Activity Level: 46"}}
{"timestamp":1777112132809,"type":"alerts","deviceId":"ESP32_GREENHOUSE_01","data":{"timestamp":1777112132809,"deviceId":"ESP32_GREENHOUSE_01","event":"Quiet","level":43,"raw":174,"diff":174,"message":"Quiet Level: 43"}}
{"timestamp":1777112138855,"type":"alerts","deviceId":"ESP32_GREENHOUSE_01","data":{"timestamp":1777112138855,"deviceId":"ESP32_GREENHOUSE_01","event":"Quiet","level":31,"raw":126,"diff":126,"message":"Quiet Level: 31"}}
{"timestamp":1777112144903,"type":"alerts","deviceId":"ESP32_GREENHOUSE_01","data":{"timestamp":1777112144903,"deviceId":"ESP32_GREENHOUSE_01","event":"Quiet","level":34,"raw":136,"diff":136,"message":"Quiet Level: 34"}}
{"timestamp":1777112150951,"type":"alerts","deviceId":"ESP32_GREENHOUSE_01","data":{"timestamp":1777112150951,"deviceId":"ESP32_GREENHOUSE_01","event":"Quiet","level":25,"raw":103,"diff":103,"message":"Quiet Level: 25"}}
{"timestamp":1777112157002,"type":"alerts","deviceId":"ESP32_GREENHOUSE_01","data":{"timestamp":1777112157002,"deviceId":"ESP32_GREENHOUSE_01","event":"Quiet","level":35,"raw":141,"diff":141,"message":"Quiet Level: 35"}}
{"timestamp":1777112163056,"type":"alerts","deviceId":"ESP32_GREENHOUSE_01","data":{"timestamp":1777112163056,"deviceId":"ESP32_GREENHOUSE_01","event":"Quiet","level":31,"raw":124,"diff":124,"message":"Quiet Level: 31"}}
{"timestamp":1777112169128,"type":"alerts","deviceId":"ESP32_GREENHOUSE_01","data":{"timestamp":1777112169128,"deviceId":"ESP32_GREENHOUSE_01","event":"Quiet","level":32,"raw":131,"diff":131,"message":"Quiet Level: 32"}}
{"timestamp":1777112175176,"type":"alerts","deviceId":"ESP32_GREENHOUSE_01","data":{"timestamp":1777112175176,"deviceId":"ESP32_GREENHOUSE_01","event":"Quiet","level":24,"raw":96,"diff":96,"message":"Quiet Level: 24"}}
{"timestamp":1777112181224,"type":"alerts","deviceId":"ESP32_GREENHOUSE_01","data":{"timestamp":1777112181224,"deviceId":"ESP32_GREENHOUSE_01","event":"Quiet","level":29,"raw":119,"diff":119,"message":"Quiet Level: 29"}}
{"timestamp":1777112187272,"type":"alerts","deviceId":"ESP32_GREENHOUSE_01","data":{"timestamp":1777112187272,"deviceId":"ESP32_GREENHOUSE_01","event":"Quiet","level":30,"raw":120,"diff":120,"message":"Quiet Level: 30"}}
{"timestamp":1777112193329,"type":"alerts","deviceId":"ESP32_GREENHOUSE_01","data":{"timestamp":1777112193328,"deviceId":"ESP32_GREENHOUSE_01","event":"Quiet","level":38,"raw":154,"diff":154,"message":"Quiet Level: 38"}}
{"timestamp":1777112199402,"type":"alerts","deviceId":"ESP32_GREENHOUSE_01","data":{"timestamp":1777112199402,"deviceId":"ESP32_GREENHOUSE_01","event":"Quiet","level":35,"raw":141,"diff":141,"message":"Quiet Level: 35"}}
{"timestamp":1777112205448,"type":"alerts","deviceId":"ESP32_GREENHOUSE_01","data":{"timestamp":1777112205448,"deviceId":"ESP32_GREENHOUSE_01","event":"Quiet","level":39,"raw":158,"diff":158,"message":"Quiet Level: 39"}}
{"timestamp":1777112211496,"type":"alerts","deviceId":"ESP32_GREENHOUSE_01","data":{"timestamp":1777112211496,"deviceId":"ESP32_GREENHOUSE_01","event":"Quiet","level":36,"raw":146,"diff":146,"message":"Quiet Level: 36"}}
{"timestamp":1777112215528,"type":"alerts","deviceId":"ESP32_GREENHOUSE_01","data":{"timestamp":1777112215528,"deviceId":"ESP32_GREENHOUSE_01","event":"Restless","level":59,"raw":239,"diff":239,"message":"Restless Level: 59"}}
{"timestamp":1777112217545,"type":"alerts","deviceId":"ESP32_GREENHOUSE_01","data":{"timestamp":1777112217545,"deviceId":"ESP32_GREENHOUSE_01","event":"Quiet","level":32,"raw":130,"diff":130,"message":"Quiet Level: 32"}}
{"timestamp":1777112223597,"type":"alerts","deviceId":"ESP32_GREENHOUSE_01","data":{"timestamp":1777112223597,"deviceId":"ESP32_GREENHOUSE_01","event":"Quiet","level":28,"raw":114,"diff":114,"message":"Quiet Level: 28"}}
{"timestamp":1777112227632,"type":"alerts","deviceId":"ESP32_GREENHOUSE_01","data":{"timestamp":1777112227632,"deviceId":"ESP32_GREENHOUSE_01","event":"Restless","level":66,"raw":264,"diff":264,"message":"Restless Level: 66"}}
{"timestamp":1777112229672,"type":"alerts","deviceId":"ESP32_GREENHOUSE_01","data":{"timestamp":1777112229672,"deviceId":"ESP32_GREENHOUSE_01","event":"CRYING","level":100,"raw":400,"diff":400,"message":"CRYING DETECTED! ⚠️ Level: 100"}}
{"timestamp":1777112231691,"type":"alerts","deviceId":"ESP32_GREENHOUSE_01","data":{"timestamp":1777112231691,"deviceId":"ESP32_GREENHOUSE_01","event":"Light Activity","level":49,"raw":196,"diff":196,"message":"Light Activity Level: 49"}}
{"timestamp":1777112233704,"type":"alerts","deviceId":"ESP32_GREENHOUSE_01","data":{"timestamp":1777112233704,"deviceId":"ESP32_GREENHOUSE_01","event":"Quiet","level":20,"raw":82,"diff":82,"message":"Quiet Level: 20"}}
{"timestamp":1777112235722,"type":"alerts","deviceId":"ESP32_GREENHOUSE_01","data":{"timestamp":1777112235722,"deviceId":"ESP32_GREENHOUSE_01","event":"Restless","level":85,"raw":342,"diff":342,"message":"Restless Level: 85"}}
{"timestamp":1777112239752,"type":"alerts","deviceId":"ESP32_GREENHOUSE_01","data":{"timestamp":1777112239752,"deviceId":"ESP32_GREENHOUSE_01","event":"Quiet","level":27,"raw":109,"diff":109,"message":"Quiet Level: 27"}}
{"timestamp":1777112245800,"type":"alerts","deviceId":"ESP32_GREENHOUSE_01","data":{"timestamp":1777112245800,"deviceId":"ESP32_GREENHOUSE_01","event":"Quiet","level":30,"raw":121,"diff":121,"message":"Quiet Level: 30"}}
{"timestamp":1777112251849,"type":"alerts","deviceId":"ESP32_GREENHOUSE_01","data":{"timestamp":1777112251849,"deviceId":"ESP32_GREENHOUSE_01","event":"Quiet","level":24,"raw":99,"diff":99,"message":"Quiet Level: 24"}}
{"timestamp":1777112257901,"type":"alerts","deviceId":"ESP32_GREENHOUSE_01","data":{"timestamp":1777112257901,"deviceId":"ESP32_GREENHOUSE_01","event":"Quiet","level":27,"raw":108,"diff":108,"message":"Quiet Level: 27"}}
{"timestamp":1777112259919,"type":"alerts","deviceId":"ESP32_GREENHOUSE_01","data":{"timestamp":1777112259919,"deviceId":"ESP32_GREENHOUSE_01","event":"Light Activity","level":57,"raw":228,"diff":228,"message":"Light Activity Level: 57"}}
{"timestamp":1777112263977,"type":"alerts","deviceId":"ESP32_GREENHOUSE_01","data":{"timestamp":1777112263977,"deviceId":"ESP32_GREENHOUSE_01","event":"Quiet","level":33,"raw":134,"diff":134,"message":"Quiet Level: 33"}}
{"timestamp":1777112270027,"type":"alerts","deviceId":"ESP32_GREENHOUSE_01","data":{"timestamp":1777112270027,"deviceId":"ESP32_GREENHOUSE_01","event":"Light Activity","level":44,"raw":178,"diff":178,"message":"Light Activity Level: 44"}}
{"timestamp":1777112274057,"type":"alerts","deviceId":"ESP32_GREENHOUSE_01","data":{"timestamp":1777112274057,"deviceId":"ESP32_GREENHOUSE_01","event":"Quiet","level":26,"raw":104,"diff":104,"message":"Quiet Level: 26"}}
{"timestamp":1777112280104,"type":"alerts","deviceId":"ESP32_GREENHOUSE_01","data":{"timestamp":1777112280104,"deviceId":"ESP32_GREENHOUSE_01","event":"Quiet","level":33,"raw":135,"diff":135,"message":"Quiet Level: 33"}}
{"timestamp":1777112282121,"type":"alerts","deviceId":"ESP32_GREENHOUSE_01","data":{"timestamp":1777112282121,"deviceId":"ESP32_GREENHOUSE_01","event":"Light Activity","level":48,"raw":195,"diff":195,"message":"Light Activity Level: 48"}}
{"timestamp":1777112288171,"type":"alerts","deviceId":"ESP32_GREENHOUSE_01","data":{"timestamp":1777112288171,"deviceId":"ESP32_GREENHOUSE_01","event":"Quiet","level":41,"raw":167,"diff":167,"message":"Quiet Level: 41"}}
{"timestamp":1777112290189,"type":"alerts","deviceId":"ESP32_GREENHOUSE_01","data":{"timestamp":1777112290189,"deviceId":"ESP32_GREENHOUSE_01","event":"Light Activity","level":53,"raw":214,"diff":214,"message":"Light Activity Level: 53"}}
{"timestamp":1777112294225,"type":"alerts","deviceId":"ESP32_GREENHOUSE_01","data":{"timestamp":1777112294225,"deviceId":"ESP32_GREENHOUSE_01","event":"Restless","level":66,"raw":264,"diff":264,"message":"Restless Level: 66"}}
{"timestamp":1777112296265,"type":"alerts","deviceId":"ESP32_GREENHOUSE_01","data":{"timestamp":1777112296264,"deviceId":"ESP32_GREENHOUSE_01","event":"Quiet","level":36,"raw":146,"diff":146,"message":"Quiet Level: 36"}}
{"timestamp":1777112298281,"type":"alerts","deviceId":"ESP32_GREENHOUSE_01","data":{"timestamp":1777112298281,"deviceId":"ESP32_GREENHOUSE_01","event":"Light Activity","level":45,"raw":180,"diff":180,"message":"Light Activity Level: 45"}}
{"timestamp":1777112302312,"type":"alerts","deviceId":"ESP32_GREENHOUSE_01","data":{"timestamp":1777112302312,"deviceId":"ESP32_GREENHOUSE_01","event":"Quiet","level":25,"raw":102,"diff":102,"message":"Quiet Level: 25"}}
{"timestamp":1777112308360,"type":"alerts","deviceId":"ESP32_GREENHOUSE_01","data":{"timestamp":1777112308360,"deviceId":"ESP32_GREENHOUSE_01","event":"Quiet","level":35,"raw":141,"diff":141,"message":"Quiet Level: 35"}}
{"timestamp":1777112314409,"type":"alerts","deviceId":"ESP32_GREENHOUSE_01","data":{"timestamp":1777112314409,"deviceId":"ESP32_GREENHOUSE_01","event":"Quiet","level":29,"raw":118,"diff":118,"message":"Quiet Level: 29"}}
{"timestamp":1777112320464,"type":"alerts","deviceId":"ESP32_GREENHOUSE_01","data":{"timestamp":1777112320464,"deviceId":"ESP32_GREENHOUSE_01","event":"Quiet","level":29,"raw":119,"diff":119,"message":"Quiet Level: 29"}}
{"timestamp":1777112326515,"type":"alerts","deviceId":"ESP32_GREENHOUSE_01","data":{"timestamp":1777112326515,"deviceId":"ESP32_GREENHOUSE_01","event":"Quiet","level":27,"raw":108,"diff":108,"message":"Quiet Level: 27"}}
{"timestamp":1777112332584,"type":"alerts","deviceId":"ESP32_GREENHOUSE_01","data":{"timestamp":1777112332584,"deviceId":"ESP32_GREENHOUSE_01","event":"Light Activity","level":46,"raw":185,"diff":185,"message":"Light Activity Level: 46"}}
{"timestamp":1777112334603,"type":"alerts","deviceId":"ESP32_GREENHOUSE_01","data":{"timestamp":1777112334602,"deviceId":"ESP32_GREENHOUSE_01","event":"Quiet","level":27,"raw":111,"diff":111,"message":"Quiet Level: 27"}}
{"timestamp":1777112340648,"type":"alerts","deviceId":"ESP32_GREENHOUSE_01","data":{"timestamp":1777112340648,"deviceId":"ESP32_GREENHOUSE_01","event":"Quiet","level":29,"raw":117,"diff":117,"message":"Quiet Level: 29"}}
{"timestamp":1777112346696,"type":"alerts","deviceId":"ESP32_GREENHOUSE_01","data":{"timestamp":1777112346696,"deviceId":"ESP32_GREENHOUSE_01","event":"Quiet","level":33,"raw":132,"diff":132,"message":"Quiet Level: 33"}}
{"timestamp":1777112352746,"type":"alerts","deviceId":"ESP32_GREENHOUSE_01","data":{"timestamp":1777112352746,"deviceId":"ESP32_GREENHOUSE_01","event":"Quiet","level":29,"raw":116,"diff":116,"message":"Quiet Level: 29"}}
{"timestamp":1777112358799,"type":"alerts","deviceId":"ESP32_GREENHOUSE_01","data":{"timestamp":1777112358799,"deviceId":"ESP32_GREENHOUSE_01","event":"Quiet","level":29,"raw":116,"diff":116,"message":"Quiet Level: 29"}}
{"timestamp":1777112364872,"type":"alerts","deviceId":"ESP32_GREENHOUSE_01","data":{"timestamp":1777112364872,"deviceId":"ESP32_GREENHOUSE_01","event":"Quiet","level":26,"raw":106,"diff":106,"message":"Quiet Level: 26"}}
{"timestamp":1777112370921,"type":"alerts","deviceId":"ESP32_GREENHOUSE_01","data":{"timestamp":1777112370921,"deviceId":"ESP32_GREENHOUSE_01","event":"Quiet","level":41,"raw":165,"diff":165,"message":"Quiet Level: 41"}}
{"timestamp":1777112376969,"type":"alerts","deviceId":"ESP32_GREENHOUSE_01","data":{"timestamp":1777112376969,"deviceId":"ESP32_GREENHOUSE_01","event":"Light Activity","level":52,"raw":208,"diff":208,"message":"Light Activity Level: 52"}}
{"timestamp":1777112378985,"type":"alerts","deviceId":"ESP32_GREENHOUSE_01","data":{"timestamp":1777112378985,"deviceId":"ESP32_GREENHOUSE_01","event":"Quiet","level":34,"raw":136,"diff":136,"message":"Quiet Level: 34"}}
{"timestamp":1777112385034,"type":"alerts","deviceId":"ESP32_GREENHOUSE_01","data":{"timestamp":1777112385033,"deviceId":"ESP32_GREENHOUSE_01","event":"Quiet","level":33,"raw":133,"diff":133,"message":"Quiet Level: 33"}}
{"timestamp":1777112391088,"type":"alerts","deviceId":"ESP32_GREENHOUSE_01","data":{"timestamp":1777112391088,"deviceId":"ESP32_GREENHOUSE_01","event":"Quiet","level":27,"raw":110,"diff":110,"message":"Quiet Level: 27"}}
{"timestamp":1777112397161,"type":"alerts","deviceId":"ESP32_GREENHOUSE_01","data":{"timestamp":1777112397161,"deviceId":"ESP32_GREENHOUSE_01","event":"Quiet","level":39,"raw":158,"diff":158,"message":"Quiet Level: 39"}}
{"timestamp":1777112403211,"type":"alerts","deviceId":"ESP32_GREENHOUSE_01","data":{"timestamp":1777112403211,"deviceId":"ESP32_GREENHOUSE_01","event":"Light Activity","level":56,"raw":224,"diff":224,"message":"Light Activity Level: 56"}}
{"timestamp":1777112405225,"type":"alerts","deviceId":"ESP32_GREENHOUSE_01","data":{"timestamp":1777112405225,"deviceId":"ESP32_GREENHOUSE_01","event":"Quiet","level":40,"raw":161,"diff":161,"message":"Quiet Level: 40"}}
{"timestamp":1777112411274,"type":"alerts","deviceId":"ESP32_GREENHOUSE_01","data":{"timestamp":1777112411274,"deviceId":"ESP32_GREENHOUSE_01","event":"Light Activity","level":55,"raw":220,"diff":220,"message":"Light Activity Level: 55"}}
{"timestamp":1777112413290,"type":"alerts","deviceId":"ESP32_GREENHOUSE_01","data":{"timestamp":1777112413289,"deviceId":"ESP32_GREENHOUSE_01","event":"Quiet","level":34,"raw":136,"diff":136,"message":"Quiet Level: 34"}}
{"timestamp":1777112419339,"type":"alerts","deviceId":"ESP32_GREENHOUSE_01","data":{"timestamp":1777112419339,"deviceId":"ESP32_GREENHOUSE_01","event":"Quiet","level":41,"raw":165,"diff":165,"message":"Quiet Level: 41"}}
{"timestamp":1777112423375,"type":"alerts","deviceId":"ESP32_GREENHOUSE_01","data":{"timestamp":1777112423375,"deviceId":"ESP32_GREENHOUSE_01","event":"Light Activity","level":53,"raw":214,"diff":214,"message":"Light Activity Level: 53"}}
{"timestamp":1777112427433,"type":"alerts","deviceId":"ESP32_GREENHOUSE_01","data":{"timestamp":1777112427433,"deviceId":"ESP32_GREENHOUSE_01","event":"Quiet","level":28,"raw":112,"diff":112,"message":"Quiet Level: 28"}}
{"timestamp":1777112429450,"type":"alerts","deviceId":"ESP32_GREENHOUSE_01","data":{"timestamp":1777112429449,"deviceId":"ESP32_GREENHOUSE_01","event":"Light Activity","level":49,"raw":197,"diff":197,"message":"Light Activity Level: 49"}}
{"timestamp":1777112433482,"type":"alerts","deviceId":"ESP32_GREENHOUSE_01","data":{"timestamp":1777112433482,"deviceId":"ESP32_GREENHOUSE_01","event":"Quiet","level":29,"raw":117,"diff":117,"message":"Quiet Level: 29"}}
{"timestamp":1777112439529,"type":"alerts","deviceId":"ESP32_GREENHOUSE_01","data":{"timestamp":1777112439529,"deviceId":"ESP32_GREENHOUSE_01","event":"Light Activity","level":45,"raw":180,"diff":180,"message":"Light Activity Level: 45"}}
{"timestamp":1777112441546,"type":"alerts","deviceId":"ESP32_GREENHOUSE_01","data":{"timestamp":1777112441545,"deviceId":"ESP32_GREENHOUSE_01","event":"Quiet","level":24,"raw":99,"diff":99,"message":"Quiet Level: 24"}}
{"timestamp":1777112447594,"type":"alerts","deviceId":"ESP32_GREENHOUSE_01","data":{"timestamp":1777112447594,"deviceId":"ESP32_GREENHOUSE_01","event":"Light Activity","level":53,"raw":213,"diff":213,"message":"Light Activity Level: 53"}}
{"timestamp":1777112449610,"type":"alerts","deviceId":"ESP32_GREENHOUSE_01","data":{"timestamp":1777112449610,"deviceId":"ESP32_GREENHOUSE_01","event":"Quiet","level":35,"raw":143,"diff":143,"message":"Quiet Level: 35"}}
{"timestamp":1777112455662,"type":"alerts","deviceId":"ESP32_GREENHOUSE_01","data":{"timestamp":1777112455662,"deviceId":"ESP32_GREENHOUSE_01","event":"Quiet","level":27,"raw":110,"diff":110,"message":"Quiet Level: 27"}}
{"timestamp":1777112459698,"type":"alerts","deviceId":"ESP32_GREENHOUSE_01","data":{"timestamp":1777112459698,"deviceId":"ESP32_GREENHOUSE_01","event":"Light Activity","level":44,"raw":178,"diff":178,"message":"Light Activity Level: 44"}}
{"timestamp":1777112463754,"type":"alerts","deviceId":"ESP32_GREENHOUSE_01","data":{"timestamp":1777112463754,"deviceId":"ESP32_GREENHOUSE_01","event":"Quiet","level":32,"raw":128,"diff":128,"message":"Quiet Level: 32"}}
{"timestamp":1777112465770,"type":"alerts","deviceId":"ESP32_GREENHOUSE_01","data":{"timestamp":1777112465770,"deviceId":"ESP32_GREENHOUSE_01","event":"Light Activity","level":45,"raw":182,"diff":182,"message":"Light Activity Level: 45"}}
{"timestamp":1777112469802,"type":"alerts","deviceId":"ESP32_GREENHOUSE_01","data":{"timestamp":1777112469802,"deviceId":"ESP32_GREENHOUSE_01","event":"Quiet","level":31,"raw":125,"diff":125,"message":"Quiet Level: 31"}}
{"timestamp":1777112471818,"type":"alerts","deviceId":"ESP32_GREENHOUSE_01","data":{"timestamp":1777112471818,"deviceId":"ESP32_GREENHOUSE_01","event":"Light Activity","level":48,"raw":194,"diff":194,"message":"Light Activity Level: 48"}}
{"timestamp":1777112475852,"type":"alerts","deviceId":"ESP32_GREENHOUSE_01","data":{"timestamp":1777112475851,"deviceId":"ESP32_GREENHOUSE_01","event":"Quiet","level":35,"raw":143,"diff":143,"message":"Quiet Level: 35"}}
{"timestamp":1777112479882,"type":"alerts","deviceId":"ESP32_GREENHOUSE_01","data":{"timestamp":1777112479882,"deviceId":"ESP32_GREENHOUSE_01","event":"CRYING","level":81,"raw":324,"diff":324,"message":"CRYING DETECTED! ⚠️ Level: 81"}}
{"timestamp":1777112489968,"type":"alerts","deviceId":"ESP32_GREENHOUSE_01","data":{"timestamp":1777112489968,"deviceId":"ESP32_GREENHOUSE_01","event":"Quiet","level":39,"raw":156,"diff":156,"message":"Quiet Level: 39"}}
{"timestamp":1777112491986,"type":"alerts","deviceId":"ESP32_GREENHOUSE_01","data":{"timestamp":1777112491986,"deviceId":"ESP32_GREENHOUSE_01","event":"Restless","level":59,"raw":239,"diff":239,"message":"Restless Level: 59"}}
{"timestamp":1777112496042,"type":"alerts","deviceId":"ESP32_GREENHOUSE_01","data":{"timestamp":1777112496042,"deviceId":"ESP32_GREENHOUSE_01","event":"CRYING","level":64,"raw":259,"diff":259,"message":"CRYING DETECTED! ⚠️ Level: 64"}}
{"timestamp":1777112498058,"type":"alerts","deviceId":"ESP32_GREENHOUSE_01","data":{"timestamp":1777112498058,"deviceId":"ESP32_GREENHOUSE_01","event":"Quiet","level":43,"raw":175,"diff":175,"message":"Quiet Level: 43"}}
{"timestamp":1777112502090,"type":"alerts","deviceId":"ESP32_GREENHOUSE_01","data":{"timestamp":1777112502090,"deviceId":"ESP32_GREENHOUSE_01","event":"Light Activity","level":46,"raw":185,"diff":185,"message":"Light Activity Level: 46"}}
{"timestamp":1777112504106,"type":"alerts","deviceId":"ESP32_GREENHOUSE_01","data":{"timestamp":1777112504106,"deviceId":"ESP32_GREENHOUSE_01","event":"Quiet","level":41,"raw":164,"diff":164,"message":"Quiet Level: 41"}}
{"timestamp":1777112508138,"type":"alerts","deviceId":"ESP32_GREENHOUSE_01","data":{"timestamp":1777112508138,"deviceId":"ESP32_GREENHOUSE_01","event":"Light Activity","level":45,"raw":181,"diff":181,"message":"Light Activity Level: 45"}}
{"timestamp":1777112510154,"type":"alerts","deviceId":"ESP32_GREENHOUSE_01","data":{"timestamp":1777112510154,"deviceId":"ESP32_GREENHOUSE_01","event":"Quiet","level":34,"raw":137,"diff":137,"message":"Quiet Level: 34"}}
{"timestamp":1777112516202,"type":"alerts","deviceId":"ESP32_GREENHOUSE_01","data":{"timestamp":1777112516202,"deviceId":"ESP32_GREENHOUSE_01","event":"Quiet","level":34,"raw":139,"diff":139,"message":"Quiet Level: 34"}}
{"timestamp":1777112522258,"type":"alerts","deviceId":"ESP32_GREENHOUSE_01","data":{"timestamp":1777112522258,"deviceId":"ESP32_GREENHOUSE_01","event":"Quiet","level":26,"raw":107,"diff":107,"message":"Quiet Level: 26"}}
{"timestamp":1777112526315,"type":"alerts","deviceId":"ESP32_GREENHOUSE_01","data":{"timestamp":1777112526315,"deviceId":"ESP32_GREENHOUSE_01","event":"Restless","level":60,"raw":241,"diff":241,"message":"Restless Level: 60"}}
{"timestamp":1777112528333,"type":"alerts","deviceId":"ESP32_GREENHOUSE_01","data":{"timestamp":1777112528333,"deviceId":"ESP32_GREENHOUSE_01","event":"Quiet","level":36,"raw":146,"diff":146,"message":"Quiet Level: 36"}}
{"timestamp":1777112530347,"type":"alerts","deviceId":"ESP32_GREENHOUSE_01","data":{"timestamp":1777112530347,"deviceId":"ESP32_GREENHOUSE_01","event":"Light Activity","level":46,"raw":186,"diff":186,"message":"Light Activity Level: 46"}}
{"timestamp":1777112534378,"type":"alerts","deviceId":"ESP32_GREENHOUSE_01","data":{"timestamp":1777112534378,"deviceId":"ESP32_GREENHOUSE_01","event":"Quiet","level":33,"raw":134,"diff":134,"message":"Quiet Level: 33"}}
{"timestamp":1777112540426,"type":"alerts","deviceId":"ESP32_GREENHOUSE_01","data":{"timestamp":1777112540426,"deviceId":"ESP32_GREENHOUSE_01","event":"Quiet","level":25,"raw":101,"diff":101,"message":"Quiet Level: 25"}}
{"timestamp":1777112546475,"type":"alerts","deviceId":"ESP32_GREENHOUSE_01","data":{"timestamp":1777112546474,"deviceId":"ESP32_GREENHOUSE_01","event":"Quiet","level":35,"raw":142,"diff":142,"message":"Quiet Level: 35"}}
{"timestamp":1777112552525,"type":"alerts","deviceId":"ESP32_GREENHOUSE_01","data":{"timestamp":1777112552525,"deviceId":"ESP32_GREENHOUSE_01","event":"Quiet","level":38,"raw":155,"diff":155,"message":"Quiet Level: 38"}}
{"timestamp":1777112554543,"type":"alerts","deviceId":"ESP32_GREENHOUSE_01","data":{"timestamp":1777112554543,"deviceId":"ESP32_GREENHOUSE_01","event":"Light Activity","level":46,"raw":185,"diff":185,"message":"Light Activity Level: 46"}}
{"timestamp":1777112558603,"type":"alerts","deviceId":"ESP32_GREENHOUSE_01","data":{"timestamp":1777112558603,"deviceId":"ESP32_GREENHOUSE_01","event":"Quiet","level":42,"raw":170,"diff":170,"message":"Quiet Level: 42"}}
{"timestamp":1777112564651,"type":"alerts","deviceId":"ESP32_GREENHOUSE_01","data":{"timestamp":1777112564651,"deviceId":"ESP32_GREENHOUSE_01","event":"Quiet","level":35,"raw":142,"diff":142,"message":"Quiet Level: 35"}}
{"timestamp":1777112570698,"type":"alerts","deviceId":"ESP32_GREENHOUSE_01","data":{"timestamp":1777112570698,"deviceId":"ESP32_GREENHOUSE_01","event":"Quiet","level":43,"raw":174,"diff":174,"message":"Quiet Level: 43"}}
{"timestamp":1777112576746,"type":"alerts","deviceId":"ESP32_GREENHOUSE_01","data":{"timestamp":1777112576746,"deviceId":"ESP32_GREENHOUSE_01","event":"Quiet","level":36,"raw":146,"diff":146,"message":"Quiet Level: 36"}}
{"timestamp":1777112580785,"type":"alerts","deviceId":"ESP32_GREENHOUSE_01","data":{"timestamp":1777112580785,"deviceId":"ESP32_GREENHOUSE_01","event":"Light Activity","level":48,"raw":195,"diff":195,"message":"Light Activity Level: 48"}}
{"timestamp":1777112584812,"type":"alerts","deviceId":"ESP32_GREENHOUSE_01","data":{"timestamp":1777112584812,"deviceId":"ESP32_GREENHOUSE_01","event":"Quiet","level":28,"raw":114,"diff":114,"message":"Quiet Level: 28"}}
{"timestamp":1777112586831,"type":"alerts","deviceId":"ESP32_GREENHOUSE_01","data":{"timestamp":1777112586831,"deviceId":"ESP32_GREENHOUSE_01","event":"Light Activity","level":54,"raw":216,"diff":216,"message":"Light Activity Level: 54"}}
{"timestamp":1777112590866,"type":"alerts","deviceId":"ESP32_GREENHOUSE_01","data":{"timestamp":1777112590866,"deviceId":"ESP32_GREENHOUSE_01","event":"Quiet","level":33,"raw":135,"diff":135,"message":"Quiet Level: 33"}}
{"timestamp":1777112594922,"type":"alerts","deviceId":"ESP32_GREENHOUSE_01","data":{"timestamp":1777112594922,"deviceId":"ESP32_GREENHOUSE_01","event":"Light Activity","level":51,"raw":206,"diff":206,"message":"Light Activity Level: 51"}}
{"timestamp":1777112596940,"type":"alerts","deviceId":"ESP32_GREENHOUSE_01","data":{"timestamp":1777112596940,"deviceId":"ESP32_GREENHOUSE_01","event":"Restless","level":65,"raw":263,"diff":263,"message":"Restless Level: 65"}}
{"timestamp":1777112598955,"type":"alerts","deviceId":"ESP32_GREENHOUSE_01","data":{"timestamp":1777112598955,"deviceId":"ESP32_GREENHOUSE_01","event":"Quiet","level":38,"raw":153,"diff":153,"message":"Quiet Level: 38"}}
{"timestamp":1777112602986,"type":"alerts","deviceId":"ESP32_GREENHOUSE_01","data":{"timestamp":1777112602986,"deviceId":"ESP32_GREENHOUSE_01","event":"Light Activity","level":48,"raw":192,"diff":192,"message":"Light Activity Level: 48"}}
{"timestamp":1777112607018,"type":"alerts","deviceId":"ESP32_GREENHOUSE_01","data":{"timestamp":1777112607018,"deviceId":"ESP32_GREENHOUSE_01","event":"Quiet","level":30,"raw":120,"diff":120,"message":"Quiet Level: 30"}}
{"timestamp":1777112611051,"type":"alerts","deviceId":"ESP32_GREENHOUSE_01","data":{"timestamp":1777112611051,"deviceId":"ESP32_GREENHOUSE_01","event":"Light Activity","level":50,"raw":203,"diff":203,"message":"Light Activity Level: 50"}}
{"timestamp":1777112615083,"type":"alerts","deviceId":"ESP32_GREENHOUSE_01","data":{"timestamp":1777112615083,"deviceId":"ESP32_GREENHOUSE_01","event":"Quiet","level":37,"raw":151,"diff":151,"message":"Quiet Level: 37"}}
{"timestamp":1777112621135,"type":"alerts","deviceId":"ESP32_GREENHOUSE_01","data":{"timestamp":1777112621135,"deviceId":"ESP32_GREENHOUSE_01","event":"Quiet","level":42,"raw":168,"diff":168,"message":"Quiet Level: 42"}}
{"timestamp":1777112623155,"type":"alerts","deviceId":"ESP32_GREENHOUSE_01","data":{"timestamp":1777112623155,"deviceId":"ESP32_GREENHOUSE_01","event":"Light Activity","level":48,"raw":192,"diff":192,"message":"Light Activity Level: 48"}}
{"timestamp":1777112627210,"type":"alerts","deviceId":"ESP32_GREENHOUSE_01","data":{"timestamp":1777112627210,"deviceId":"ESP32_GREENHOUSE_01","event":"Quiet","level":31,"raw":126,"diff":126,"message":"Quiet Level: 31"}}
{"timestamp":1777112631245,"type":"alerts","deviceId":"ESP32_GREENHOUSE_01","data":{"timestamp":1777112631245,"deviceId":"ESP32_GREENHOUSE_01","event":"Restless","level":68,"raw":275,"diff":275,"message":"Restless Level: 68"}}
{"timestamp":1777112633261,"type":"alerts","deviceId":"ESP32_GREENHOUSE_01","data":{"timestamp":1777112633261,"deviceId":"ESP32_GREENHOUSE_01","event":"Quiet","level":33,"raw":132,"diff":132,"message":"Quiet Level: 33"}}
{"timestamp":1777112635275,"type":"alerts","deviceId":"ESP32_GREENHOUSE_01","data":{"timestamp":1777112635275,"deviceId":"ESP32_GREENHOUSE_01","event":"Light Activity","level":54,"raw":216,"diff":216,"message":"Light Activity Level: 54"}}
{"timestamp":1777112639307,"type":"alerts","deviceId":"ESP32_GREENHOUSE_01","data":{"timestamp":1777112639307,"deviceId":"ESP32_GREENHOUSE_01","event":"Restless","level":84,"raw":337,"diff":337,"message":"Restless Level: 84"}}
{"timestamp":1777112641323,"type":"alerts","deviceId":"ESP32_GREENHOUSE_01","data":{"timestamp":1777112641323,"deviceId":"ESP32_GREENHOUSE_01","event":"Light Activity","level":53,"raw":213,"diff":213,"message":"Light Activity Level: 53"}}
{"timestamp":1777112645355,"type":"alerts","deviceId":"ESP32_GREENHOUSE_01","data":{"timestamp":1777112645355,"deviceId":"ESP32_GREENHOUSE_01","event":"Quiet","level":39,"raw":158,"diff":158,"message":"Quiet Level: 39"}}
{"timestamp":1777112647371,"type":"alerts","deviceId":"ESP32_GREENHOUSE_01","data":{"timestamp":1777112647371,"deviceId":"ESP32_GREENHOUSE_01","event":"Light Activity","level":46,"raw":184,"diff":184,"message":"Light Activity Level: 46"}}
{"timestamp":1777112653424,"type":"alerts","deviceId":"ESP32_GREENHOUSE_01","data":{"timestamp":1777112653424,"deviceId":"ESP32_GREENHOUSE_01","event":"Quiet","level":36,"raw":144,"diff":144,"message":"Quiet Level: 36"}}
{"timestamp":1777112659499,"type":"alerts","deviceId":"ESP32_GREENHOUSE_01","data":{"timestamp":1777112659499,"deviceId":"ESP32_GREENHOUSE_01","event":"Light Activity","level":57,"raw":230,"diff":230,"message":"Light Activity Level: 57"}}
{"timestamp":1777112663532,"type":"alerts","deviceId":"ESP32_GREENHOUSE_01","data":{"timestamp":1777112663532,"deviceId":"ESP32_GREENHOUSE_01","event":"Quiet","level":29,"raw":117,"diff":117,"message":"Quiet Level: 29"}}
{"timestamp":1777112665549,"type":"alerts","deviceId":"ESP32_GREENHOUSE_01","data":{"timestamp":1777112665549,"deviceId":"ESP32_GREENHOUSE_01","event":"Light Activity","level":48,"raw":192,"diff":192,"message":"Light Activity Level: 48"}}
{"timestamp":1777112669579,"type":"alerts","deviceId":"ESP32_GREENHOUSE_01","data":{"timestamp":1777112669579,"deviceId":"ESP32_GREENHOUSE_01","event":"Quiet","level":35,"raw":141,"diff":141,"message":"Quiet Level: 35"}}
{"timestamp":1777112673611,"type":"alerts","deviceId":"ESP32_GREENHOUSE_01","data":{"timestamp":1777112673611,"deviceId":"ESP32_GREENHOUSE_01","event":"Light Activity","level":48,"raw":195,"diff":195,"message":"Light Activity Level: 48"}}
{"timestamp":1777112677644,"type":"alerts","deviceId":"ESP32_GREENHOUSE_01","data":{"timestamp":1777112677644,"deviceId":"ESP32_GREENHOUSE_01","event":"Quiet","level":40,"raw":162,"diff":162,"message":"Quiet Level: 40"}}
{"timestamp":1777112683694,"type":"alerts","deviceId":"ESP32_GREENHOUSE_01","data":{"timestamp":1777112683694,"deviceId":"ESP32_GREENHOUSE_01","event":"Quiet","level":30,"raw":121,"diff":121,"message":"Quiet Level: 30"}}
{"timestamp":1777112689747,"type":"alerts","deviceId":"ESP32_GREENHOUSE_01","data":{"timestamp":1777112689746,"deviceId":"ESP32_GREENHOUSE_01","event":"Quiet","level":31,"raw":127,"diff":127,"message":"Quiet Level: 31"}}
{"timestamp":1777112691787,"type":"alerts","deviceId":"ESP32_GREENHOUSE_01","data":{"timestamp":1777112691787,"deviceId":"ESP32_GREENHOUSE_01","event":"Light Activity","level":54,"raw":216,"diff":216,"message":"Light Activity Level: 54"}}
{"timestamp":1777112695819,"type":"alerts","deviceId":"ESP32_GREENHOUSE_01","data":{"timestamp":1777112695819,"deviceId":"ESP32_GREENHOUSE_01","event":"Quiet","level":41,"raw":164,"diff":164,"message":"Quiet Level: 41"}}
{"timestamp":1777112697835,"type":"alerts","deviceId":"ESP32_GREENHOUSE_01","data":{"timestamp":1777112697835,"deviceId":"ESP32_GREENHOUSE_01","event":"Light Activity","level":46,"raw":187,"diff":187,"message":"Light Activity Level: 46"}}
{"timestamp":1777112701867,"type":"alerts","deviceId":"ESP32_GREENHOUSE_01","data":{"timestamp":1777112701867,"deviceId":"ESP32_GREENHOUSE_01","event":"Restless","level":61,"raw":247,"diff":247,"message":"Restless Level: 61"}}
{"timestamp":1777112703883,"type":"alerts","deviceId":"ESP32_GREENHOUSE_01","data":{"timestamp":1777112703883,"deviceId":"ESP32_GREENHOUSE_01","event":"Light Activity","level":45,"raw":181,"diff":181,"message":"Light Activity Level: 45"}}
{"timestamp":1777112707916,"type":"alerts","deviceId":"ESP32_GREENHOUSE_01","data":{"timestamp":1777112707915,"deviceId":"ESP32_GREENHOUSE_01","event":"Quiet","level":31,"raw":124,"diff":124,"message":"Quiet Level: 31"}}
{"timestamp":1777112711947,"type":"alerts","deviceId":"ESP32_GREENHOUSE_01","data":{"timestamp":1777112711947,"deviceId":"ESP32_GREENHOUSE_01","event":"Light Activity","level":50,"raw":200,"diff":200,"message":"Light Activity Level: 50"}}
{"timestamp":1777112713964,"type":"alerts","deviceId":"ESP32_GREENHOUSE_01","data":{"timestamp":1777112713964,"deviceId":"ESP32_GREENHOUSE_01","event":"Quiet","level":38,"raw":153,"diff":153,"message":"Quiet Level: 38"}}
{"timestamp":1777112720016,"type":"alerts","deviceId":"ESP32_GREENHOUSE_01","data":{"timestamp":1777112720016,"deviceId":"ESP32_GREENHOUSE_01","event":"Light Activity","level":55,"raw":221,"diff":221,"message":"Light Activity Level: 55"}}
{"timestamp":1777112722035,"type":"alerts","deviceId":"ESP32_GREENHOUSE_01","data":{"timestamp":1777112722035,"deviceId":"ESP32_GREENHOUSE_01","event":"Quiet","level":39,"raw":158,"diff":158,"message":"Quiet Level: 39"}}
{"timestamp":1777112728108,"type":"alerts","deviceId":"ESP32_GREENHOUSE_01","data":{"timestamp":1777112728108,"deviceId":"ESP32_GREENHOUSE_01","event":"Restless","level":60,"raw":240,"diff":240,"message":"Restless Level: 60"}}
{"timestamp":1777112730124,"type":"alerts","deviceId":"ESP32_GREENHOUSE_01","data":{"timestamp":1777112730124,"deviceId":"ESP32_GREENHOUSE_01","event":"Light Activity","level":48,"raw":194,"diff":194,"message":"Light Activity Level: 48"}}
{"timestamp":1777112732141,"type":"alerts","deviceId":"ESP32_GREENHOUSE_01","data":{"timestamp":1777112732141,"deviceId":"ESP32_GREENHOUSE_01","event":"Quiet","level":42,"raw":170,"diff":170,"message":"Quiet Level: 42"}}
{"timestamp":1777112738187,"type":"alerts","deviceId":"ESP32_GREENHOUSE_01","data":{"timestamp":1777112738187,"deviceId":"ESP32_GREENHOUSE_01","event":"Quiet","level":38,"raw":155,"diff":155,"message":"Quiet Level: 38"}}
{"timestamp":1777112742220,"type":"alerts","deviceId":"ESP32_GREENHOUSE_01","data":{"timestamp":1777112742220,"deviceId":"ESP32_GREENHOUSE_01","event":"Restless","level":62,"raw":249,"diff":249,"message":"Restless Level: 62"}}
{"timestamp":1777112744236,"type":"alerts","deviceId":"ESP32_GREENHOUSE_01","data":{"timestamp":1777112744235,"deviceId":"ESP32_GREENHOUSE_01","event":"Quiet","level":41,"raw":167,"diff":167,"message":"Quiet Level: 41"}}
{"timestamp":1777112746252,"type":"alerts","deviceId":"ESP32_GREENHOUSE_01","data":{"timestamp":1777112746252,"deviceId":"ESP32_GREENHOUSE_01","event":"Light Activity","level":52,"raw":208,"diff":208,"message":"Light Activity Level: 52"}}
{"timestamp":1777112750288,"type":"alerts","deviceId":"ESP32_GREENHOUSE_01","data":{"timestamp":1777112750288,"deviceId":"ESP32_GREENHOUSE_01","event":"Quiet","level":38,"raw":154,"diff":154,"message":"Quiet Level: 38"}}
{"timestamp":1777112754322,"type":"alerts","deviceId":"ESP32_GREENHOUSE_01","data":{"timestamp":1777112754322,"deviceId":"ESP32_GREENHOUSE_01","event":"Light Activity","level":51,"raw":205,"diff":205,"message":"Light Activity Level: 51"}}
{"timestamp":1777112756340,"type":"alerts","deviceId":"ESP32_GREENHOUSE_01","data":{"timestamp":1777112756340,"deviceId":"ESP32_GREENHOUSE_01","event":"Quiet","level":29,"raw":117,"diff":117,"message":"Quiet Level: 29"}}
{"timestamp":1777112758380,"type":"alerts","deviceId":"ESP32_GREENHOUSE_01","data":{"timestamp":1777112758380,"deviceId":"ESP32_GREENHOUSE_01","event":"Restless","level":61,"raw":245,"diff":245,"message":"Restless Level: 61"}}
{"timestamp":1777112762412,"type":"alerts","deviceId":"ESP32_GREENHOUSE_01","data":{"timestamp":1777112762412,"deviceId":"ESP32_GREENHOUSE_01","event":"Light Activity","level":48,"raw":194,"diff":194,"message":"Light Activity Level: 48"}}
{"timestamp":1777112768460,"type":"alerts","deviceId":"ESP32_GREENHOUSE_01","data":{"timestamp":1777112768460,"deviceId":"ESP32_GREENHOUSE_01","event":"Light Activity","level":49,"raw":198,"diff":198,"message":"Light Activity Level: 49"}}
{"timestamp":1777112770478,"type":"alerts","deviceId":"ESP32_GREENHOUSE_01","data":{"timestamp":1777112770478,"deviceId":"ESP32_GREENHOUSE_01","event":"Restless","level":69,"raw":277,"diff":277,"message":"Restless Level: 69"}}
{"timestamp":1777112774509,"type":"alerts","deviceId":"ESP32_GREENHOUSE_01","data":{"timestamp":1777112774508,"deviceId":"ESP32_GREENHOUSE_01","event":"Light Activity","level":50,"raw":202,"diff":202,"message":"Light Activity Level: 50"}}
{"timestamp":1777112780556,"type":"alerts","deviceId":"ESP32_GREENHOUSE_01","data":{"timestamp":1777112780556,"deviceId":"ESP32_GREENHOUSE_01","event":"Quiet","level":40,"raw":163,"diff":163,"message":"Quiet Level: 40"}}
{"timestamp":1777112786610,"type":"alerts","deviceId":"ESP32_GREENHOUSE_01","data":{"timestamp":1777112786610,"deviceId":"ESP32_GREENHOUSE_01","event":"Light Activity","level":53,"raw":212,"diff":212,"message":"Light Activity Level: 53"}}
{"timestamp":1777112790674,"type":"alerts","deviceId":"ESP32_GREENHOUSE_01","data":{"timestamp":1777112790674,"deviceId":"ESP32_GREENHOUSE_01","event":"Quiet","level":43,"raw":172,"diff":172,"message":"Quiet Level: 43"}}
{"timestamp":1777112792688,"type":"alerts","deviceId":"ESP32_GREENHOUSE_01","data":{"timestamp":1777112792688,"deviceId":"ESP32_GREENHOUSE_01","event":"Light Activity","level":49,"raw":196,"diff":196,"message":"Light Activity Level: 49"}}
{"timestamp":1777112796716,"type":"alerts","deviceId":"ESP32_GREENHOUSE_01","data":{"timestamp":1777112796716,"deviceId":"ESP32_GREENHOUSE_01","event":"Quiet","level":40,"raw":160,"diff":160,"message":"Quiet Level: 40"}}
{"timestamp":1777112800748,"type":"alerts","deviceId":"ESP32_GREENHOUSE_01","data":{"timestamp":1777112800748,"deviceId":"ESP32_GREENHOUSE_01","event":"Light Activity","level":56,"raw":225,"diff":225,"message":"Light Activity Level: 56"}}
{"timestamp":1777112802764,"type":"alerts","deviceId":"ESP32_GREENHOUSE_01","data":{"timestamp":1777112802764,"deviceId":"ESP32_GREENHOUSE_01","event":"Quiet","level":34,"raw":137,"diff":137,"message":"Quiet Level: 34"}}
{"timestamp":1777112806796,"type":"alerts","deviceId":"ESP32_GREENHOUSE_01","data":{"timestamp":1777112806796,"deviceId":"ESP32_GREENHOUSE_01","event":"Light Activity","level":47,"raw":191,"diff":191,"message":"Light Activity Level: 47"}}
{"timestamp":1777112808812,"type":"alerts","deviceId":"ESP32_GREENHOUSE_01","data":{"timestamp":1777112808812,"deviceId":"ESP32_GREENHOUSE_01","event":"Quiet","level":43,"raw":172,"diff":172,"message":"Quiet Level: 43"}}
{"timestamp":1777112810830,"type":"alerts","deviceId":"ESP32_GREENHOUSE_01","data":{"timestamp":1777112810830,"deviceId":"ESP32_GREENHOUSE_01","event":"Restless","level":59,"raw":237,"diff":237,"message":"Restless Level: 59"}}
{"timestamp":1777112812844,"type":"alerts","deviceId":"ESP32_GREENHOUSE_01","data":{"timestamp":1777112812844,"deviceId":"ESP32_GREENHOUSE_01","event":"Light Activity","level":51,"raw":205,"diff":205,"message":"Light Activity Level: 51"}}
{"timestamp":1777112816881,"type":"alerts","deviceId":"ESP32_GREENHOUSE_01","data":{"timestamp":1777112816881,"deviceId":"ESP32_GREENHOUSE_01","event":"Quiet","level":39,"raw":159,"diff":159,"message":"Quiet Level: 39"}}
{"timestamp":1777112820916,"type":"alerts","deviceId":"ESP32_GREENHOUSE_01","data":{"timestamp":1777112820916,"deviceId":"ESP32_GREENHOUSE_01","event":"Light Activity","level":49,"raw":198,"diff":198,"message":"Light Activity Level: 49"}}
{"timestamp":1777112822956,"type":"alerts","deviceId":"ESP32_GREENHOUSE_01","data":{"timestamp":1777112822956,"deviceId":"ESP32_GREENHOUSE_01","event":"Quiet","level":37,"raw":149,"diff":149,"message":"Quiet Level: 37"}}
{"timestamp":1777112829004,"type":"alerts","deviceId":"ESP32_GREENHOUSE_01","data":{"timestamp":1777112829004,"deviceId":"ESP32_GREENHOUSE_01","event":"Quiet","level":40,"raw":160,"diff":160,"message":"Quiet Level: 40"}}
{"timestamp":1777112835052,"type":"alerts","deviceId":"ESP32_GREENHOUSE_01","data":{"timestamp":1777112835052,"deviceId":"ESP32_GREENHOUSE_01","event":"Light Activity","level":58,"raw":232,"diff":232,"message":"Light Activity Level: 58"}}
{"timestamp":1777112839084,"type":"alerts","deviceId":"ESP32_GREENHOUSE_01","data":{"timestamp":1777112839084,"deviceId":"ESP32_GREENHOUSE_01","event":"Quiet","level":33,"raw":135,"diff":135,"message":"Quiet Level: 33"}}
{"timestamp":1777112845132,"type":"alerts","deviceId":"ESP32_GREENHOUSE_01","data":{"timestamp":1777112845132,"deviceId":"ESP32_GREENHOUSE_01","event":"Quiet","level":41,"raw":166,"diff":166,"message":"Quiet Level: 41"}}
{"timestamp":1777112849169,"type":"alerts","deviceId":"ESP32_GREENHOUSE_01","data":{"timestamp":1777112849169,"deviceId":"ESP32_GREENHOUSE_01","event":"Light Activity","level":49,"raw":197,"diff":197,"message":"Light Activity Level: 49"}}
{"timestamp":1777112851185,"type":"alerts","deviceId":"ESP32_GREENHOUSE_01","data":{"timestamp":1777112851185,"deviceId":"ESP32_GREENHOUSE_01","event":"Quiet","level":35,"raw":141,"diff":141,"message":"Quiet Level: 35"}}
{"timestamp":1777112857260,"type":"alerts","deviceId":"ESP32_GREENHOUSE_01","data":{"timestamp":1777112857260,"deviceId":"ESP32_GREENHOUSE_01","event":"Quiet","level":34,"raw":137,"diff":137,"message":"Quiet Level: 34"}}
{"timestamp":1777112859277,"type":"alerts","deviceId":"ESP32_GREENHOUSE_01","data":{"timestamp":1777112859277,"deviceId":"ESP32_GREENHOUSE_01","event":"Light Activity","level":45,"raw":181,"diff":181,"message":"Light Activity Level: 45"}}
{"timestamp":1777112863308,"type":"alerts","deviceId":"ESP32_GREENHOUSE_01","data":{"timestamp":1777112863308,"deviceId":"ESP32_GREENHOUSE_01","event":"Quiet","level":43,"raw":172,"diff":172,"message":"Quiet Level: 43"}}
{"timestamp":1777112869356,"type":"alerts","deviceId":"ESP32_GREENHOUSE_01","data":{"timestamp":1777112869356,"deviceId":"ESP32_GREENHOUSE_01","event":"Quiet","level":42,"raw":171,"diff":171,"message":"Quiet Level: 42"}}
{"timestamp":1777112875405,"type":"alerts","deviceId":"ESP32_GREENHOUSE_01","data":{"timestamp":1777112875405,"deviceId":"ESP32_GREENHOUSE_01","event":"Quiet","level":35,"raw":141,"diff":141,"message":"Quiet Level: 35"}}
{"timestamp":1777112881456,"type":"alerts","deviceId":"ESP32_GREENHOUSE_01","data":{"timestamp":1777112881455,"deviceId":"ESP32_GREENHOUSE_01","event":"Light Activity","level":50,"raw":202,"diff":202,"message":"Light Activity Level: 50"}}
{"timestamp":1777112883476,"type":"alerts","deviceId":"ESP32_GREENHOUSE_01","data":{"timestamp":1777112883476,"deviceId":"ESP32_GREENHOUSE_01","event":"Quiet","level":40,"raw":161,"diff":161,"message":"Quiet Level: 40"}}
{"timestamp":1777112887509,"type":"alerts","deviceId":"ESP32_GREENHOUSE_01","data":{"timestamp":1777112887509,"deviceId":"ESP32_GREENHOUSE_01","event":"Light Activity","level":52,"raw":211,"diff":211,"message":"Light Activity Level: 52"}}
{"timestamp":1777112889549,"type":"alerts","deviceId":"ESP32_GREENHOUSE_01","data":{"timestamp":1777112889549,"deviceId":"ESP32_GREENHOUSE_01","event":"Quiet","level":38,"raw":154,"diff":154,"message":"Quiet Level: 38"}}
{"timestamp":1777112893582,"type":"alerts","deviceId":"ESP32_GREENHOUSE_01","data":{"timestamp":1777112893582,"deviceId":"ESP32_GREENHOUSE_01","event":"Light Activity","level":44,"raw":177,"diff":177,"message":"Light Activity Level: 44"}}
{"timestamp":1777112895597,"type":"alerts","deviceId":"ESP32_GREENHOUSE_01","data":{"timestamp":1777112895597,"deviceId":"ESP32_GREENHOUSE_01","event":"Quiet","level":34,"raw":136,"diff":136,"message":"Quiet Level: 34"}}
{"timestamp":1777112901645,"type":"alerts","deviceId":"ESP32_GREENHOUSE_01","data":{"timestamp":1777112901645,"deviceId":"ESP32_GREENHOUSE_01","event":"Light Activity","level":45,"raw":181,"diff":181,"message":"Light Activity Level: 45"}}
{"timestamp":1777112903661,"type":"alerts","deviceId":"ESP32_GREENHOUSE_01","data":{"timestamp":1777112903661,"deviceId":"ESP32_GREENHOUSE_01","event":"Quiet","level":43,"raw":173,"diff":173,"message":"Quiet Level: 43"}}
{"timestamp":1777112907776,"type":"alerts","deviceId":"ESP32_GREENHOUSE_01","data":{"timestamp":1777112907776,"deviceId":"ESP32_GREENHOUSE_01","event":"Light Activity","level":48,"raw":194,"diff":194,"message":"Light Activity Level: 48"}}
{"timestamp":1777112909984,"type":"alerts","deviceId":"ESP32_GREENHOUSE_01","data":{"timestamp":1777112909983,"deviceId":"ESP32_GREENHOUSE_01","event":"Quiet","level":37,"raw":150,"diff":150,"message":"Quiet Level: 37"}}
{"timestamp":1777112911725,"type":"alerts","deviceId":"ESP32_GREENHOUSE_01","data":{"timestamp":1777112911725,"deviceId":"ESP32_GREENHOUSE_01","event":"Restless","level":62,"raw":250,"diff":250,"message":"Restless Level: 62"}}
{"timestamp":1777112915760,"type":"alerts","deviceId":"ESP32_GREENHOUSE_01","data":{"timestamp":1777112915760,"deviceId":"ESP32_GREENHOUSE_01","event":"Quiet","level":39,"raw":159,"diff":159,"message":"Quiet Level: 39"}}
{"timestamp":1777112917780,"type":"alerts","deviceId":"ESP32_GREENHOUSE_01","data":{"timestamp":1777112917780,"deviceId":"ESP32_GREENHOUSE_01","event":"Light Activity","level":57,"raw":230,"diff":230,"message":"Light Activity Level: 57"}}
{"timestamp":1777112923853,"type":"alerts","deviceId":"ESP32_GREENHOUSE_01","data":{"timestamp":1777112923853,"deviceId":"ESP32_GREENHOUSE_01","event":"Light Activity","level":45,"raw":182,"diff":182,"message":"Light Activity Level: 45"}}
{"timestamp":1777112927885,"type":"alerts","deviceId":"ESP32_GREENHOUSE_01","data":{"timestamp":1777112927885,"deviceId":"ESP32_GREENHOUSE_01","event":"Quiet","level":36,"raw":147,"diff":147,"message":"Quiet Level: 36"}}
{"timestamp":1777112933933,"type":"alerts","deviceId":"ESP32_GREENHOUSE_01","data":{"timestamp":1777112933933,"deviceId":"ESP32_GREENHOUSE_01","event":"Quiet","level":33,"raw":132,"diff":132,"message":"Quiet Level: 33"}}
{"timestamp":1777112939981,"type":"alerts","deviceId":"ESP32_GREENHOUSE_01","data":{"timestamp":1777112939981,"deviceId":"ESP32_GREENHOUSE_01","event":"Quiet","level":36,"raw":147,"diff":147,"message":"Quiet Level: 36"}}
{"timestamp":1777112944013,"type":"alerts","deviceId":"ESP32_GREENHOUSE_01","data":{"timestamp":1777112944013,"deviceId":"ESP32_GREENHOUSE_01","event":"Light Activity","level":51,"raw":205,"diff":205,"message":"Light Activity Level: 51"}}
{"timestamp":1777112948048,"type":"alerts","deviceId":"ESP32_GREENHOUSE_01","data":{"timestamp":1777112948048,"deviceId":"ESP32_GREENHOUSE_01","event":"Quiet","level":30,"raw":121,"diff":121,"message":"Quiet Level: 30"}}
{"timestamp":1777112952093,"type":"alerts","deviceId":"ESP32_GREENHOUSE_01","data":{"timestamp":1777112952093,"deviceId":"ESP32_GREENHOUSE_01","event":"Light Activity","level":46,"raw":186,"diff":186,"message":"Light Activity Level: 46"}}
{"timestamp":1777112954127,"type":"alerts","deviceId":"ESP32_GREENHOUSE_01","data":{"timestamp":1777112954127,"deviceId":"ESP32_GREENHOUSE_01","event":"Quiet","level":34,"raw":139,"diff":139,"message":"Quiet Level: 34"}}
{"timestamp":1777112960173,"type":"alerts","deviceId":"ESP32_GREENHOUSE_01","data":{"timestamp":1777112960173,"deviceId":"ESP32_GREENHOUSE_01","event":"Quiet","level":32,"raw":131,"diff":131,"message":"Quiet Level: 32"}}
{"timestamp":1777112966221,"type":"alerts","deviceId":"ESP32_GREENHOUSE_01","data":{"timestamp":1777112966221,"deviceId":"ESP32_GREENHOUSE_01","event":"Light Activity","level":44,"raw":178,"diff":178,"message":"Light Activity Level: 44"}}
{"timestamp":1777112968237,"type":"alerts","deviceId":"ESP32_GREENHOUSE_01","data":{"timestamp":1777112968237,"deviceId":"ESP32_GREENHOUSE_01","event":"Quiet","level":38,"raw":154,"diff":154,"message":"Quiet Level: 38"}}
{"timestamp":1777112972270,"type":"alerts","deviceId":"ESP32_GREENHOUSE_01","data":{"timestamp":1777112972270,"deviceId":"ESP32_GREENHOUSE_01","event":"Light Activity","level":46,"raw":184,"diff":184,"message":"Light Activity Level: 46"}}
{"timestamp":1777112974289,"type":"alerts","deviceId":"ESP32_GREENHOUSE_01","data":{"timestamp":1777112974289,"deviceId":"ESP32_GREENHOUSE_01","event":"Quiet","level":42,"raw":169,"diff":169,"message":"Quiet Level: 42"}}
{"timestamp":1777112980336,"type":"alerts","deviceId":"ESP32_GREENHOUSE_01","data":{"timestamp":1777112980336,"deviceId":"ESP32_GREENHOUSE_01","event":"Quiet","level":37,"raw":149,"diff":149,"message":"Quiet Level: 37"}}
{"timestamp":1777112986390,"type":"alerts","deviceId":"ESP32_GREENHOUSE_01","data":{"timestamp":1777112986390,"deviceId":"ESP32_GREENHOUSE_01","event":"Quiet","level":37,"raw":148,"diff":148,"message":"Quiet Level: 37"}}
{"timestamp":1777112990445,"type":"alerts","deviceId":"ESP32_GREENHOUSE_01","data":{"timestamp":1777112990445,"deviceId":"ESP32_GREENHOUSE_01","event":"Light Activity","level":49,"raw":197,"diff":197,"message":"Light Activity Level: 49"}}
{"timestamp":1777112992461,"type":"alerts","deviceId":"ESP32_GREENHOUSE_01","data":{"timestamp":1777112992461,"deviceId":"ESP32_GREENHOUSE_01","event":"Quiet","level":30,"raw":121,"diff":121,"message":"Quiet Level: 30"}}
{"timestamp":1777112994478,"type":"alerts","deviceId":"ESP32_GREENHOUSE_01","data":{"timestamp":1777112994478,"deviceId":"ESP32_GREENHOUSE_01","event":"Restless","level":70,"raw":282,"diff":282,"message":"Restless Level: 70"}}
{"timestamp":1777112996494,"type":"alerts","deviceId":"ESP32_GREENHOUSE_01","data":{"timestamp":1777112996493,"deviceId":"ESP32_GREENHOUSE_01","event":"Light Activity","level":47,"raw":191,"diff":191,"message":"Light Activity Level: 47"}}
{"timestamp":1777112998510,"type":"alerts","deviceId":"ESP32_GREENHOUSE_01","data":{"timestamp":1777112998509,"deviceId":"ESP32_GREENHOUSE_01","event":"Quiet","level":42,"raw":171,"diff":171,"message":"Quiet Level: 42"}}
{"timestamp":1777113002542,"type":"alerts","deviceId":"ESP32_GREENHOUSE_01","data":{"timestamp":1777113002541,"deviceId":"ESP32_GREENHOUSE_01","event":"CRYING","level":62,"raw":251,"diff":251,"message":"CRYING DETECTED! ⚠️ Level: 62"}}
{"timestamp":1777113004558,"type":"alerts","deviceId":"ESP32_GREENHOUSE_01","data":{"timestamp":1777113004557,"deviceId":"ESP32_GREENHOUSE_01","event":"Restless","level":63,"raw":253,"diff":253,"message":"Restless Level: 63"}}
{"timestamp":1777113006574,"type":"alerts","deviceId":"ESP32_GREENHOUSE_01","data":{"timestamp":1777113006574,"deviceId":"ESP32_GREENHOUSE_01","event":"Light Activity","level":50,"raw":202,"diff":202,"message":"Light Activity Level: 50"}}
{"timestamp":1777113012624,"type":"alerts","deviceId":"ESP32_GREENHOUSE_01","data":{"timestamp":1777113012624,"deviceId":"ESP32_GREENHOUSE_01","event":"Quiet","level":32,"raw":130,"diff":130,"message":"Quiet Level: 32"}}
{"timestamp":1777113014646,"type":"alerts","deviceId":"ESP32_GREENHOUSE_01","data":{"timestamp":1777113014646,"deviceId":"ESP32_GREENHOUSE_01","event":"Light Activity","level":56,"raw":227,"diff":227,"message":"Light Activity Level: 56"}}
{"timestamp":1777113018677,"type":"alerts","deviceId":"ESP32_GREENHOUSE_01","data":{"timestamp":1777113018677,"deviceId":"ESP32_GREENHOUSE_01","event":"Quiet","level":37,"raw":151,"diff":151,"message":"Quiet Level: 37"}}
{"timestamp":1777113024750,"type":"alerts","deviceId":"ESP32_GREENHOUSE_01","data":{"timestamp":1777113024750,"deviceId":"ESP32_GREENHOUSE_01","event":"Light Activity","level":54,"raw":219,"diff":219,"message":"Light Activity Level: 54"}}
{"timestamp":1777113026766,"type":"alerts","deviceId":"ESP32_GREENHOUSE_01","data":{"timestamp":1777113026766,"deviceId":"ESP32_GREENHOUSE_01","event":"Quiet","level":31,"raw":127,"diff":127,"message":"Quiet Level: 31"}}
{"timestamp":1777113032814,"type":"alerts","deviceId":"ESP32_GREENHOUSE_01","data":{"timestamp":1777113032813,"deviceId":"ESP32_GREENHOUSE_01","event":"Quiet","level":39,"raw":156,"diff":156,"message":"Quiet Level: 39"}}
{"timestamp":1777113036846,"type":"alerts","deviceId":"ESP32_GREENHOUSE_01","data":{"timestamp":1777113036846,"deviceId":"ESP32_GREENHOUSE_01","event":"Restless","level":60,"raw":240,"diff":240,"message":"Restless Level: 60"}}
{"timestamp":1777113038862,"type":"alerts","deviceId":"ESP32_GREENHOUSE_01","data":{"timestamp":1777113038862,"deviceId":"ESP32_GREENHOUSE_01","event":"Quiet","level":35,"raw":140,"diff":140,"message":"Quiet Level: 35"}}
{"timestamp":1777113044912,"type":"alerts","deviceId":"ESP32_GREENHOUSE_01","data":{"timestamp":1777113044911,"deviceId":"ESP32_GREENHOUSE_01","event":"Quiet","level":34,"raw":138,"diff":138,"message":"Quiet Level: 34"}}
{"timestamp":1777113046929,"type":"alerts","deviceId":"ESP32_GREENHOUSE_01","data":{"timestamp":1777113046929,"deviceId":"ESP32_GREENHOUSE_01","event":"Light Activity","level":56,"raw":226,"diff":226,"message":"Light Activity Level: 56"}}
{"timestamp":1777113050965,"type":"alerts","deviceId":"ESP32_GREENHOUSE_01","data":{"timestamp":1777113050965,"deviceId":"ESP32_GREENHOUSE_01","event":"Quiet","level":32,"raw":129,"diff":129,"message":"Quiet Level: 32"}}
{"timestamp":1777113057038,"type":"alerts","deviceId":"ESP32_GREENHOUSE_01","data":{"timestamp":1777113057038,"deviceId":"ESP32_GREENHOUSE_01","event":"Quiet","level":33,"raw":132,"diff":132,"message":"Quiet Level: 33"}}
{"timestamp":1777113059054,"type":"alerts","deviceId":"ESP32_GREENHOUSE_01","data":{"timestamp":1777113059054,"deviceId":"ESP32_GREENHOUSE_01","event":"Restless","level":61,"raw":244,"diff":244,"message":"Restless Level: 61"}}
{"timestamp":1777113063088,"type":"alerts","deviceId":"ESP32_GREENHOUSE_01","data":{"timestamp":1777113063088,"deviceId":"ESP32_GREENHOUSE_01","event":"Quiet","level":43,"raw":172,"diff":172,"message":"Quiet Level: 43"}}
{"timestamp":1777113069134,"type":"alerts","deviceId":"ESP32_GREENHOUSE_01","data":{"timestamp":1777113069134,"deviceId":"ESP32_GREENHOUSE_01","event":"Quiet","level":37,"raw":151,"diff":151,"message":"Quiet Level: 37"}}
{"timestamp":1777113071151,"type":"alerts","deviceId":"ESP32_GREENHOUSE_01","data":{"timestamp":1777113071150,"deviceId":"ESP32_GREENHOUSE_01","event":"Light Activity","level":57,"raw":228,"diff":228,"message":"Light Activity Level: 57"}}
{"timestamp":1777113075182,"type":"alerts","deviceId":"ESP32_GREENHOUSE_01","data":{"timestamp":1777113075182,"deviceId":"ESP32_GREENHOUSE_01","event":"Quiet","level":37,"raw":149,"diff":149,"message":"Quiet Level: 37"}}
{"timestamp":1777113077199,"type":"alerts","deviceId":"ESP32_GREENHOUSE_01","data":{"timestamp":1777113077199,"deviceId":"ESP32_GREENHOUSE_01","event":"Light Activity","level":57,"raw":230,"diff":230,"message":"Light Activity Level: 57"}}
{"timestamp":1777113081235,"type":"alerts","deviceId":"ESP32_GREENHOUSE_01","data":{"timestamp":1777113081235,"deviceId":"ESP32_GREENHOUSE_01","event":"Quiet","level":37,"raw":148,"diff":148,"message":"Quiet Level: 37"}}
{"timestamp":1777113087310,"type":"alerts","deviceId":"ESP32_GREENHOUSE_01","data":{"timestamp":1777113087310,"deviceId":"ESP32_GREENHOUSE_01","event":"Quiet","level":37,"raw":149,"diff":149,"message":"Quiet Level: 37"}}
{"timestamp":1777113093358,"type":"alerts","deviceId":"ESP32_GREENHOUSE_01","data":{"timestamp":1777113093358,"deviceId":"ESP32_GREENHOUSE_01","event":"Quiet","level":35,"raw":142,"diff":142,"message":"Quiet Level: 35"}}
{"timestamp":1777113099406,"type":"alerts","deviceId":"ESP32_GREENHOUSE_01","data":{"timestamp":1777113099406,"deviceId":"ESP32_GREENHOUSE_01","event":"Quiet","level":43,"raw":174,"diff":174,"message":"Quiet Level: 43"}}
{"timestamp":1777113103439,"type":"alerts","deviceId":"ESP32_GREENHOUSE_01","data":{"timestamp":1777113103438,"deviceId":"ESP32_GREENHOUSE_01","event":"Light Activity","level":51,"raw":205,"diff":205,"message":"Light Activity Level: 51"}}
{"timestamp":1777113105455,"type":"alerts","deviceId":"ESP32_GREENHOUSE_01","data":{"timestamp":1777113105455,"deviceId":"ESP32_GREENHOUSE_01","event":"Quiet","level":25,"raw":101,"diff":101,"message":"Quiet Level: 25"}}
{"timestamp":1777113111506,"type":"alerts","deviceId":"ESP32_GREENHOUSE_01","data":{"timestamp":1777113111506,"deviceId":"ESP32_GREENHOUSE_01","event":"Quiet","level":35,"raw":143,"diff":143,"message":"Quiet Level: 35"}}
{"timestamp":1777113113524,"type":"alerts","deviceId":"ESP32_GREENHOUSE_01","data":{"timestamp":1777113113524,"deviceId":"ESP32_GREENHOUSE_01","event":"Light Activity","level":49,"raw":198,"diff":198,"message":"Light Activity Level: 49"}}
{"timestamp":1777113117559,"type":"alerts","deviceId":"ESP32_GREENHOUSE_01","data":{"timestamp":1777113117559,"deviceId":"ESP32_GREENHOUSE_01","event":"Quiet","level":28,"raw":115,"diff":115,"message":"Quiet Level: 28"}}
{"timestamp":1777113123631,"type":"alerts","deviceId":"ESP32_GREENHOUSE_01","data":{"timestamp":1777113123631,"deviceId":"ESP32_GREENHOUSE_01","event":"Quiet","level":38,"raw":152,"diff":152,"message":"Quiet Level: 38"}}
{"timestamp":1777113125646,"type":"alerts","deviceId":"ESP32_GREENHOUSE_01","data":{"timestamp":1777113125646,"deviceId":"ESP32_GREENHOUSE_01","event":"Restless","level":65,"raw":261,"diff":261,"message":"Restless Level: 65"}}
{"timestamp":1777113127662,"type":"alerts","deviceId":"ESP32_GREENHOUSE_01","data":{"timestamp":1777113127662,"deviceId":"ESP32_GREENHOUSE_01","event":"Light Activity","level":57,"raw":228,"diff":228,"message":"Light Activity Level: 57"}}
{"timestamp":1777113133710,"type":"alerts","deviceId":"ESP32_GREENHOUSE_01","data":{"timestamp":1777113133710,"deviceId":"ESP32_GREENHOUSE_01","event":"Light Activity","level":50,"raw":200,"diff":200,"message":"Light Activity Level: 50"}}
{"timestamp":1777113137743,"type":"alerts","deviceId":"ESP32_GREENHOUSE_01","data":{"timestamp":1777113137743,"deviceId":"ESP32_GREENHOUSE_01","event":"CRYING","level":57,"raw":230,"diff":230,"message":"CRYING DETECTED! ⚠️ Level: 57"}}
{"timestamp":1777113139759,"type":"alerts","deviceId":"ESP32_GREENHOUSE_01","data":{"timestamp":1777113139758,"deviceId":"ESP32_GREENHOUSE_01","event":"Light Activity","level":57,"raw":229,"diff":229,"message":"Light Activity Level: 57"}}
{"timestamp":1777113141775,"type":"alerts","deviceId":"ESP32_GREENHOUSE_01","data":{"timestamp":1777113141775,"deviceId":"ESP32_GREENHOUSE_01","event":"Restless","level":70,"raw":283,"diff":283,"message":"Restless Level: 70"}}
{"timestamp":1777113145812,"type":"alerts","deviceId":"ESP32_GREENHOUSE_01","data":{"timestamp":1777113145812,"deviceId":"ESP32_GREENHOUSE_01","event":"Light Activity","level":48,"raw":192,"diff":192,"message":"Light Activity Level: 48"}}
{"timestamp":1777113147828,"type":"alerts","deviceId":"ESP32_GREENHOUSE_01","data":{"timestamp":1777113147828,"deviceId":"ESP32_GREENHOUSE_01","event":"Quiet","level":42,"raw":171,"diff":171,"message":"Quiet Level: 42"}}
{"timestamp":1777113149848,"type":"alerts","deviceId":"ESP32_GREENHOUSE_01","data":{"timestamp":1777113149848,"deviceId":"ESP32_GREENHOUSE_01","event":"Restless","level":59,"raw":239,"diff":239,"message":"Restless Level: 59"}}
{"timestamp":1777113151887,"type":"alerts","deviceId":"ESP32_GREENHOUSE_01","data":{"timestamp":1777113151887,"deviceId":"ESP32_GREENHOUSE_01","event":"CRYING","level":81,"raw":326,"diff":326,"message":"CRYING DETECTED! ⚠️ Level: 81"}}
{"timestamp":1777113155920,"type":"alerts","deviceId":"ESP32_GREENHOUSE_01","data":{"timestamp":1777113155920,"deviceId":"ESP32_GREENHOUSE_01","event":"Quiet","level":28,"raw":115,"diff":115,"message":"Quiet Level: 28"}}
{"timestamp":1777113161967,"type":"alerts","deviceId":"ESP32_GREENHOUSE_01","data":{"timestamp":1777113161967,"deviceId":"ESP32_GREENHOUSE_01","event":"Restless","level":61,"raw":247,"diff":247,"message":"Restless Level: 61"}}
{"timestamp":1777113163984,"type":"alerts","deviceId":"ESP32_GREENHOUSE_01","data":{"timestamp":1777113163984,"deviceId":"ESP32_GREENHOUSE_01","event":"Quiet","level":35,"raw":141,"diff":141,"message":"Quiet Level: 35"}}
{"timestamp":1777113168015,"type":"alerts","deviceId":"ESP32_GREENHOUSE_01","data":{"timestamp":1777113168015,"deviceId":"ESP32_GREENHOUSE_01","event":"Light Activity","level":44,"raw":179,"diff":179,"message":"Light Activity Level: 44"}}
{"timestamp":1777113170030,"type":"alerts","deviceId":"ESP32_GREENHOUSE_01","data":{"timestamp":1777113170030,"deviceId":"ESP32_GREENHOUSE_01","event":"Quiet","level":39,"raw":156,"diff":156,"message":"Quiet Level: 39"}}
{"timestamp":1777113176083,"type":"alerts","deviceId":"ESP32_GREENHOUSE_01","data":{"timestamp":1777113176082,"deviceId":"ESP32_GREENHOUSE_01","event":"Light Activity","level":55,"raw":220,"diff":220,"message":"Light Activity Level: 55"}}
{"timestamp":1777113182134,"type":"alerts","deviceId":"ESP32_GREENHOUSE_01","data":{"timestamp":1777113182134,"deviceId":"ESP32_GREENHOUSE_01","event":"Light Activity","level":51,"raw":204,"diff":204,"message":"Light Activity Level: 51"}}
{"timestamp":1777113184175,"type":"alerts","deviceId":"ESP32_GREENHOUSE_01","data":{"timestamp":1777113184174,"deviceId":"ESP32_GREENHOUSE_01","event":"Restless","level":69,"raw":277,"diff":277,"message":"Restless Level: 69"}}
{"timestamp":1777113186191,"type":"alerts","deviceId":"ESP32_GREENHOUSE_01","data":{"timestamp":1777113186190,"deviceId":"ESP32_GREENHOUSE_01","event":"Quiet","level":33,"raw":133,"diff":133,"message":"Quiet Level: 33"}}
{"timestamp":1777113188207,"type":"alerts","deviceId":"ESP32_GREENHOUSE_01","data":{"timestamp":1777113188207,"deviceId":"ESP32_GREENHOUSE_01","event":"Light Activity","level":45,"raw":183,"diff":183,"message":"Light Activity Level: 45"}}
{"timestamp":1777113194255,"type":"alerts","deviceId":"ESP32_GREENHOUSE_01","data":{"timestamp":1777113194255,"deviceId":"ESP32_GREENHOUSE_01","event":"Light Activity","level":49,"raw":197,"diff":197,"message":"Light Activity Level: 49"}}
{"timestamp":1777113196270,"type":"alerts","deviceId":"ESP32_GREENHOUSE_01","data":{"timestamp":1777113196270,"deviceId":"ESP32_GREENHOUSE_01","event":"Quiet","level":32,"raw":130,"diff":130,"message":"Quiet Level: 32"}}
{"timestamp":1777113200303,"type":"alerts","deviceId":"ESP32_GREENHOUSE_01","data":{"timestamp":1777113200303,"deviceId":"ESP32_GREENHOUSE_01","event":"Light Activity","level":44,"raw":176,"diff":176,"message":"Light Activity Level: 44"}}
{"timestamp":1777113202319,"type":"alerts","deviceId":"ESP32_GREENHOUSE_01","data":{"timestamp":1777113202319,"deviceId":"ESP32_GREENHOUSE_01","event":"Quiet","level":43,"raw":172,"diff":172,"message":"Quiet Level: 43"}}
{"timestamp":1777113208367,"type":"alerts","deviceId":"ESP32_GREENHOUSE_01","data":{"timestamp":1777113208367,"deviceId":"ESP32_GREENHOUSE_01","event":"Quiet","level":31,"raw":125,"diff":125,"message":"Quiet Level: 31"}}
{"timestamp":1777113214421,"type":"alerts","deviceId":"ESP32_GREENHOUSE_01","data":{"timestamp":1777113214421,"deviceId":"ESP32_GREENHOUSE_01","event":"Light Activity","level":49,"raw":198,"diff":198,"message":"Light Activity Level: 49"}}
{"timestamp":1777113216463,"type":"alerts","deviceId":"ESP32_GREENHOUSE_01","data":{"timestamp":1777113216463,"deviceId":"ESP32_GREENHOUSE_01","event":"Quiet","level":30,"raw":121,"diff":121,"message":"Quiet Level: 30"}}
{"timestamp":1777113222511,"type":"alerts","deviceId":"ESP32_GREENHOUSE_01","data":{"timestamp":1777113222511,"deviceId":"ESP32_GREENHOUSE_01","event":"Light Activity","level":50,"raw":203,"diff":203,"message":"Light Activity Level: 50"}}
{"timestamp":1777113226543,"type":"alerts","deviceId":"ESP32_GREENHOUSE_01","data":{"timestamp":1777113226543,"deviceId":"ESP32_GREENHOUSE_01","event":"CRYING","level":77,"raw":310,"diff":310,"message":"CRYING DETECTED! ⚠️ Level: 77"}}
{"timestamp":1777113234609,"type":"alerts","deviceId":"ESP32_GREENHOUSE_01","data":{"timestamp":1777113234609,"deviceId":"ESP32_GREENHOUSE_01","event":"Light Activity","level":56,"raw":225,"diff":225,"message":"Light Activity Level: 56"}}
{"timestamp":1777113238639,"type":"alerts","deviceId":"ESP32_GREENHOUSE_01","data":{"timestamp":1777113238639,"deviceId":"ESP32_GREENHOUSE_01","event":"Quiet","level":38,"raw":155,"diff":155,"message":"Quiet Level: 38"}}
{"timestamp":1777113240656,"type":"alerts","deviceId":"ESP32_GREENHOUSE_01","data":{"timestamp":1777113240656,"deviceId":"ESP32_GREENHOUSE_01","event":"Light Activity","level":48,"raw":195,"diff":195,"message":"Light Activity Level: 48"}}
{"timestamp":1777113244692,"type":"alerts","deviceId":"ESP32_GREENHOUSE_01","data":{"timestamp":1777113244692,"deviceId":"ESP32_GREENHOUSE_01","event":"Quiet","level":37,"raw":151,"diff":151,"message":"Quiet Level: 37"}}
{"timestamp":1777113248728,"type":"alerts","deviceId":"ESP32_GREENHOUSE_01","data":{"timestamp":1777113248728,"deviceId":"ESP32_GREENHOUSE_01","event":"Light Activity","level":45,"raw":182,"diff":182,"message":"Light Activity Level: 45"}}
{"timestamp":1777113254799,"type":"alerts","deviceId":"ESP32_GREENHOUSE_01","data":{"timestamp":1777113254799,"deviceId":"ESP32_GREENHOUSE_01","event":"Light Activity","level":52,"raw":210,"diff":210,"message":"Light Activity Level: 52"}}
{"timestamp":1777113258831,"type":"alerts","deviceId":"ESP32_GREENHOUSE_01","data":{"timestamp":1777113258831,"deviceId":"ESP32_GREENHOUSE_01","event":"CRYING","level":51,"raw":207,"diff":207,"message":"CRYING DETECTED! ⚠️ Level: 51"}}
{"timestamp":1777113260847,"type":"alerts","deviceId":"ESP32_GREENHOUSE_01","data":{"timestamp":1777113260847,"deviceId":"ESP32_GREENHOUSE_01","event":"Light Activity","level":50,"raw":202,"diff":202,"message":"Light Activity Level: 50"}}
{"timestamp":1777113268913,"type":"alerts","deviceId":"ESP32_GREENHOUSE_01","data":{"timestamp":1777113268913,"deviceId":"ESP32_GREENHOUSE_01","event":"CRYING","level":59,"raw":238,"diff":238,"message":"CRYING DETECTED! ⚠️ Level: 59"}}
{"timestamp":1777113272944,"type":"alerts","deviceId":"ESP32_GREENHOUSE_01","data":{"timestamp":1777113272944,"deviceId":"ESP32_GREENHOUSE_01","event":"Light Activity","level":45,"raw":180,"diff":180,"message":"Light Activity Level: 45"}}
{"timestamp":1777113274962,"type":"alerts","deviceId":"ESP32_GREENHOUSE_01","data":{"timestamp":1777113274962,"deviceId":"ESP32_GREENHOUSE_01","event":"Restless","level":60,"raw":241,"diff":241,"message":"Restless Level: 60"}}
{"timestamp":1777113276980,"type":"alerts","deviceId":"ESP32_GREENHOUSE_01","data":{"timestamp":1777113276980,"deviceId":"ESP32_GREENHOUSE_01","event":"Quiet","level":27,"raw":111,"diff":111,"message":"Quiet Level: 27"}}
{"timestamp":1777113283057,"type":"alerts","deviceId":"ESP32_GREENHOUSE_01","data":{"timestamp":1777113283057,"deviceId":"ESP32_GREENHOUSE_01","event":"CRYING","level":148,"raw":594,"diff":594,"message":"CRYING DETECTED! ⚠️ Level: 148"}}
{"timestamp":1777113293135,"type":"alerts","deviceId":"ESP32_GREENHOUSE_01","data":{"timestamp":1777113293135,"deviceId":"ESP32_GREENHOUSE_01","event":"CRYING","level":48,"raw":193,"diff":193,"message":"CRYING DETECTED! ⚠️ Level: 48"}}
{"timestamp":1777113297168,"type":"alerts","deviceId":"ESP32_GREENHOUSE_01","data":{"timestamp":1777113297167,"deviceId":"ESP32_GREENHOUSE_01","event":"Light Activity","level":44,"raw":177,"diff":177,"message":"Light Activity Level: 44"}}
{"timestamp":1777113303218,"type":"alerts","deviceId":"ESP32_GREENHOUSE_01","data":{"timestamp":1777113303218,"deviceId":"ESP32_GREENHOUSE_01","event":"Light Activity","level":47,"raw":190,"diff":190,"message":"Light Activity Level: 47"}}
{"timestamp":1777113307250,"type":"alerts","deviceId":"ESP32_GREENHOUSE_01","data":{"timestamp":1777113307250,"deviceId":"ESP32_GREENHOUSE_01","event":"Quiet","level":43,"raw":174,"diff":174,"message":"Quiet Level: 43"}}
{"timestamp":1777113309267,"type":"alerts","deviceId":"ESP32_GREENHOUSE_01","data":{"timestamp":1777113309267,"deviceId":"ESP32_GREENHOUSE_01","event":"Light Activity","level":48,"raw":195,"diff":195,"message":"Light Activity Level: 48"}}
{"timestamp":1777113315344,"type":"alerts","deviceId":"ESP32_GREENHOUSE_01","data":{"timestamp":1777113315344,"deviceId":"ESP32_GREENHOUSE_01","event":"Light Activity","level":50,"raw":200,"diff":200,"message":"Light Activity Level: 50"}}
{"timestamp":1777113317360,"type":"alerts","deviceId":"ESP32_GREENHOUSE_01","data":{"timestamp":1777113317360,"deviceId":"ESP32_GREENHOUSE_01","event":"Quiet","level":39,"raw":156,"diff":156,"message":"Quiet Level: 39"}}
{"timestamp":1777113323409,"type":"alerts","deviceId":"ESP32_GREENHOUSE_01","data":{"timestamp":1777113323408,"deviceId":"ESP32_GREENHOUSE_01","event":"Restless","level":74,"raw":299,"diff":299,"message":"Restless Level: 74"}}
{"timestamp":1777113325424,"type":"alerts","deviceId":"ESP32_GREENHOUSE_01","data":{"timestamp":1777113325424,"deviceId":"ESP32_GREENHOUSE_01","event":"Quiet","level":29,"raw":116,"diff":116,"message":"Quiet Level: 29"}}
{"timestamp":1777113329456,"type":"alerts","deviceId":"ESP32_GREENHOUSE_01","data":{"timestamp":1777113329456,"deviceId":"ESP32_GREENHOUSE_01","event":"Light Activity","level":54,"raw":218,"diff":218,"message":"Light Activity Level: 54"}}
{"timestamp":1777113331472,"type":"alerts","deviceId":"ESP32_GREENHOUSE_01","data":{"timestamp":1777113331472,"deviceId":"ESP32_GREENHOUSE_01","event":"Quiet","level":32,"raw":128,"diff":128,"message":"Quiet Level: 32"}}
{"timestamp":1777113337521,"type":"alerts","deviceId":"ESP32_GREENHOUSE_01","data":{"timestamp":1777113337520,"deviceId":"ESP32_GREENHOUSE_01","event":"Light Activity","level":50,"raw":203,"diff":203,"message":"Light Activity Level: 50"}}
{"timestamp":1777113339538,"type":"alerts","deviceId":"ESP32_GREENHOUSE_01","data":{"timestamp":1777113339538,"deviceId":"ESP32_GREENHOUSE_01","event":"Quiet","level":41,"raw":167,"diff":167,"message":"Quiet Level: 41"}}
{"timestamp":1777113345591,"type":"alerts","deviceId":"ESP32_GREENHOUSE_01","data":{"timestamp":1777113345591,"deviceId":"ESP32_GREENHOUSE_01","event":"Quiet","level":34,"raw":136,"diff":136,"message":"Quiet Level: 34"}}
{"timestamp":1777113347632,"type":"alerts","deviceId":"ESP32_GREENHOUSE_01","data":{"timestamp":1777113347632,"deviceId":"ESP32_GREENHOUSE_01","event":"Light Activity","level":47,"raw":191,"diff":191,"message":"Light Activity Level: 47"}}
{"timestamp":1777113351664,"type":"alerts","deviceId":"ESP32_GREENHOUSE_01","data":{"timestamp":1777113351664,"deviceId":"ESP32_GREENHOUSE_01","event":"Quiet","level":33,"raw":132,"diff":132,"message":"Quiet Level: 33"}}
{"timestamp":1777113353680,"type":"alerts","deviceId":"ESP32_GREENHOUSE_01","data":{"timestamp":1777113353680,"deviceId":"ESP32_GREENHOUSE_01","event":"Light Activity","level":54,"raw":218,"diff":218,"message":"Light Activity Level: 54"}}
{"timestamp":1777113359729,"type":"alerts","deviceId":"ESP32_GREENHOUSE_01","data":{"timestamp":1777113359729,"deviceId":"ESP32_GREENHOUSE_01","event":"Quiet","level":42,"raw":168,"diff":168,"message":"Quiet Level: 42"}}
{"timestamp":1777113365796,"type":"alerts","deviceId":"ESP32_GREENHOUSE_01","data":{"timestamp":1777113365796,"deviceId":"ESP32_GREENHOUSE_01","event":"Quiet","level":29,"raw":118,"diff":118,"message":"Quiet Level: 29"}}
{"timestamp":1777113371827,"type":"alerts","deviceId":"ESP32_GREENHOUSE_01","data":{"timestamp":1777113371827,"deviceId":"ESP32_GREENHOUSE_01","event":"Light Activity","level":45,"raw":180,"diff":180,"message":"Light Activity Level: 45"}}
{"timestamp":1777113373843,"type":"alerts","deviceId":"ESP32_GREENHOUSE_01","data":{"timestamp":1777113373843,"deviceId":"ESP32_GREENHOUSE_01","event":"Quiet","level":37,"raw":151,"diff":151,"message":"Quiet Level: 37"}}
{"timestamp":1777113379920,"type":"alerts","deviceId":"ESP32_GREENHOUSE_01","data":{"timestamp":1777113379920,"deviceId":"ESP32_GREENHOUSE_01","event":"Quiet","level":40,"raw":161,"diff":161,"message":"Quiet Level: 40"}}
{"timestamp":1777113381936,"type":"alerts","deviceId":"ESP32_GREENHOUSE_01","data":{"timestamp":1777113381936,"deviceId":"ESP32_GREENHOUSE_01","event":"Light Activity","level":50,"raw":202,"diff":202,"message":"Light Activity Level: 50"}}
{"timestamp":1777113387985,"type":"alerts","deviceId":"ESP32_GREENHOUSE_01","data":{"timestamp":1777113387985,"deviceId":"ESP32_GREENHOUSE_01","event":"Quiet","level":30,"raw":122,"diff":122,"message":"Quiet Level: 30"}}
{"timestamp":1777113394032,"type":"alerts","deviceId":"ESP32_GREENHOUSE_01","data":{"timestamp":1777113394032,"deviceId":"ESP32_GREENHOUSE_01","event":"Quiet","level":30,"raw":121,"diff":121,"message":"Quiet Level: 30"}}
{"timestamp":1777113400081,"type":"alerts","deviceId":"ESP32_GREENHOUSE_01","data":{"timestamp":1777113400081,"deviceId":"ESP32_GREENHOUSE_01","event":"Light Activity","level":47,"raw":188,"diff":188,"message":"Light Activity Level: 47"}}
{"timestamp":1777113404113,"type":"alerts","deviceId":"ESP32_GREENHOUSE_01","data":{"timestamp":1777113404113,"deviceId":"ESP32_GREENHOUSE_01","event":"Quiet","level":37,"raw":151,"diff":151,"message":"Quiet Level: 37"}}
{"timestamp":1777113406131,"type":"alerts","deviceId":"ESP32_GREENHOUSE_01","data":{"timestamp":1777113406131,"deviceId":"ESP32_GREENHOUSE_01","event":"Restless","level":66,"raw":265,"diff":265,"message":"Restless Level: 66"}}
{"timestamp":1777113410168,"type":"alerts","deviceId":"ESP32_GREENHOUSE_01","data":{"timestamp":1777113410168,"deviceId":"ESP32_GREENHOUSE_01","event":"Quiet","level":39,"raw":157,"diff":157,"message":"Quiet Level: 39"}}
{"timestamp":1777113412216,"type":"alerts","deviceId":"ESP32_GREENHOUSE_01","data":{"timestamp":1777113412216,"deviceId":"ESP32_GREENHOUSE_01","event":"Light Activity","level":48,"raw":194,"diff":194,"message":"Light Activity Level: 48"}}
{"timestamp":1777113416249,"type":"alerts","deviceId":"ESP32_GREENHOUSE_01","data":{"timestamp":1777113416249,"deviceId":"ESP32_GREENHOUSE_01","event":"Restless","level":66,"raw":267,"diff":267,"message":"Restless Level: 66"}}
{"timestamp":1777113418257,"type":"alerts","deviceId":"ESP32_GREENHOUSE_01","data":{"timestamp":1777113418257,"deviceId":"ESP32_GREENHOUSE_01","event":"Light Activity","level":53,"raw":214,"diff":214,"message":"Light Activity Level: 53"}}
{"timestamp":1777113422289,"type":"alerts","deviceId":"ESP32_GREENHOUSE_01","data":{"timestamp":1777113422288,"deviceId":"ESP32_GREENHOUSE_01","event":"Restless","level":62,"raw":249,"diff":249,"message":"Restless Level: 62"}}
{"timestamp":1777113424305,"type":"alerts","deviceId":"ESP32_GREENHOUSE_01","data":{"timestamp":1777113424305,"deviceId":"ESP32_GREENHOUSE_01","event":"Light Activity","level":50,"raw":203,"diff":203,"message":"Light Activity Level: 50"}}
{"timestamp":1777113426321,"type":"alerts","deviceId":"ESP32_GREENHOUSE_01","data":{"timestamp":1777113426321,"deviceId":"ESP32_GREENHOUSE_01","event":"Quiet","level":41,"raw":166,"diff":166,"message":"Quiet Level: 41"}}
{"timestamp":1777113430353,"type":"alerts","deviceId":"ESP32_GREENHOUSE_01","data":{"timestamp":1777113430353,"deviceId":"ESP32_GREENHOUSE_01","event":"Light Activity","level":57,"raw":230,"diff":230,"message":"Light Activity Level: 57"}}
{"timestamp":1777113434385,"type":"alerts","deviceId":"ESP32_GREENHOUSE_01","data":{"timestamp":1777113434385,"deviceId":"ESP32_GREENHOUSE_01","event":"Restless","level":78,"raw":315,"diff":315,"message":"Restless Level: 78"}}
{"timestamp":1777113438418,"type":"alerts","deviceId":"ESP32_GREENHOUSE_01","data":{"timestamp":1777113438418,"deviceId":"ESP32_GREENHOUSE_01","event":"Quiet","level":41,"raw":165,"diff":165,"message":"Quiet Level: 41"}}
{"timestamp":1777113440437,"type":"alerts","deviceId":"ESP32_GREENHOUSE_01","data":{"timestamp":1777113440437,"deviceId":"ESP32_GREENHOUSE_01","event":"Light Activity","level":52,"raw":210,"diff":210,"message":"Light Activity Level: 52"}}
{"timestamp":1777113444473,"type":"alerts","deviceId":"ESP32_GREENHOUSE_01","data":{"timestamp":1777113444472,"deviceId":"ESP32_GREENHOUSE_01","event":"Quiet","level":41,"raw":167,"diff":167,"message":"Quiet Level: 41"}}
{"timestamp":1777113446515,"type":"alerts","deviceId":"ESP32_GREENHOUSE_01","data":{"timestamp":1777113446515,"deviceId":"ESP32_GREENHOUSE_01","event":"Restless","level":65,"raw":261,"diff":261,"message":"Restless Level: 65"}}
{"timestamp":1777113448529,"type":"alerts","deviceId":"ESP32_GREENHOUSE_01","data":{"timestamp":1777113448529,"deviceId":"ESP32_GREENHOUSE_01","event":"CRYING","level":63,"raw":255,"diff":255,"message":"CRYING DETECTED! ⚠️ Level: 63"}}
{"timestamp":1777113450545,"type":"alerts","deviceId":"ESP32_GREENHOUSE_01","data":{"timestamp":1777113450545,"deviceId":"ESP32_GREENHOUSE_01","event":"Light Activity","level":44,"raw":178,"diff":178,"message":"Light Activity Level: 44"}}
{"timestamp":1777113452561,"type":"alerts","deviceId":"ESP32_GREENHOUSE_01","data":{"timestamp":1777113452561,"deviceId":"ESP32_GREENHOUSE_01","event":"Restless","level":73,"raw":293,"diff":293,"message":"Restless Level: 73"}}
{"timestamp":1777113454577,"type":"alerts","deviceId":"ESP32_GREENHOUSE_01","data":{"timestamp":1777113454577,"deviceId":"ESP32_GREENHOUSE_01","event":"Quiet","level":39,"raw":158,"diff":158,"message":"Quiet Level: 39"}}
{"timestamp":1777113456593,"type":"alerts","deviceId":"ESP32_GREENHOUSE_01","data":{"timestamp":1777113456593,"deviceId":"ESP32_GREENHOUSE_01","event":"Light Activity","level":50,"raw":203,"diff":203,"message":"Light Activity Level: 50"}}
{"timestamp":1777113460625,"type":"alerts","deviceId":"ESP32_GREENHOUSE_01","data":{"timestamp":1777113460625,"deviceId":"ESP32_GREENHOUSE_01","event":"Restless","level":63,"raw":252,"diff":252,"message":"Restless Level: 63"}}
{"timestamp":1777113464658,"type":"alerts","deviceId":"ESP32_GREENHOUSE_01","data":{"timestamp":1777113464658,"deviceId":"ESP32_GREENHOUSE_01","event":"Light Activity","level":58,"raw":232,"diff":232,"message":"Light Activity Level: 58"}}
{"timestamp":1777113466673,"type":"alerts","deviceId":"ESP32_GREENHOUSE_01","data":{"timestamp":1777113466673,"deviceId":"ESP32_GREENHOUSE_01","event":"CRYING","level":82,"raw":328,"diff":328,"message":"CRYING DETECTED! ⚠️ Level: 82"}}
{"timestamp":1777113468689,"type":"alerts","deviceId":"ESP32_GREENHOUSE_01","data":{"timestamp":1777113468689,"deviceId":"ESP32_GREENHOUSE_01","event":"Restless","level":68,"raw":273,"diff":273,"message":"Restless Level: 68"}}
{"timestamp":1777113476760,"type":"alerts","deviceId":"ESP32_GREENHOUSE_01","data":{"timestamp":1777113476760,"deviceId":"ESP32_GREENHOUSE_01","event":"Quiet","level":39,"raw":158,"diff":158,"message":"Quiet Level: 39"}}
{"timestamp":1777113478801,"type":"alerts","deviceId":"ESP32_GREENHOUSE_01","data":{"timestamp":1777113478801,"deviceId":"ESP32_GREENHOUSE_01","event":"Restless","level":64,"raw":257,"diff":257,"message":"Restless Level: 64"}}
{"timestamp":1777113480819,"type":"alerts","deviceId":"ESP32_GREENHOUSE_01","data":{"timestamp":1777113480818,"deviceId":"ESP32_GREENHOUSE_01","event":"CRYING","level":77,"raw":309,"diff":309,"message":"CRYING DETECTED! ⚠️ Level: 77"}}
{"timestamp":1777113482833,"type":"alerts","deviceId":"ESP32_GREENHOUSE_01","data":{"timestamp":1777113482833,"deviceId":"ESP32_GREENHOUSE_01","event":"Light Activity","level":56,"raw":225,"diff":225,"message":"Light Activity Level: 56"}}
{"timestamp":1777113486882,"type":"alerts","deviceId":"ESP32_GREENHOUSE_01","data":{"timestamp":1777113486882,"deviceId":"ESP32_GREENHOUSE_01","event":"Restless","level":59,"raw":237,"diff":237,"message":"Restless Level: 59"}}
{"timestamp":1777113488884,"type":"alerts","deviceId":"ESP32_GREENHOUSE_01","data":{"timestamp":1777113488884,"deviceId":"ESP32_GREENHOUSE_01","event":"Light Activity","level":50,"raw":201,"diff":201,"message":"Light Activity Level: 50"}}
{"timestamp":1777113492917,"type":"alerts","deviceId":"ESP32_GREENHOUSE_01","data":{"timestamp":1777113492917,"deviceId":"ESP32_GREENHOUSE_01","event":"Restless","level":69,"raw":279,"diff":279,"message":"Restless Level: 69"}}
{"timestamp":1777113498967,"type":"alerts","deviceId":"ESP32_GREENHOUSE_01","data":{"timestamp":1777113498967,"deviceId":"ESP32_GREENHOUSE_01","event":"Light Activity","level":50,"raw":202,"diff":202,"message":"Light Activity Level: 50"}}
{"timestamp":1777113500978,"type":"alerts","deviceId":"ESP32_GREENHOUSE_01","data":{"timestamp":1777113500978,"deviceId":"ESP32_GREENHOUSE_01","event":"Quiet","level":42,"raw":171,"diff":171,"message":"Quiet Level: 42"}}
{"timestamp":1777113507036,"type":"alerts","deviceId":"ESP32_GREENHOUSE_01","data":{"timestamp":1777113507036,"deviceId":"ESP32_GREENHOUSE_01","event":"Quiet","level":36,"raw":145,"diff":145,"message":"Quiet Level: 36"}}
{"timestamp":1777113513108,"type":"alerts","deviceId":"ESP32_GREENHOUSE_01","data":{"timestamp":1777113513108,"deviceId":"ESP32_GREENHOUSE_01","event":"Quiet","level":39,"raw":159,"diff":159,"message":"Quiet Level: 39"}}
{"timestamp":1777113517139,"type":"alerts","deviceId":"ESP32_GREENHOUSE_01","data":{"timestamp":1777113517139,"deviceId":"ESP32_GREENHOUSE_01","event":"Light Activity","level":44,"raw":179,"diff":179,"message":"Light Activity Level: 44"}}
{"timestamp":1777113523185,"type":"alerts","deviceId":"ESP32_GREENHOUSE_01","data":{"timestamp":1777113523185,"deviceId":"ESP32_GREENHOUSE_01","event":"Light Activity","level":44,"raw":179,"diff":179,"message":"Light Activity Level: 44"}}
{"timestamp":1777113525201,"type":"alerts","deviceId":"ESP32_GREENHOUSE_01","data":{"timestamp":1777113525201,"deviceId":"ESP32_GREENHOUSE_01","event":"Quiet","level":33,"raw":135,"diff":135,"message":"Quiet Level: 33"}}
{"timestamp":1777113531250,"type":"alerts","deviceId":"ESP32_GREENHOUSE_01","data":{"timestamp":1777113531250,"deviceId":"ESP32_GREENHOUSE_01","event":"Quiet","level":35,"raw":142,"diff":142,"message":"Quiet Level: 35"}}
{"timestamp":1777113537302,"type":"alerts","deviceId":"ESP32_GREENHOUSE_01","data":{"timestamp":1777113537302,"deviceId":"ESP32_GREENHOUSE_01","event":"Quiet","level":40,"raw":163,"diff":163,"message":"Quiet Level: 40"}}
{"timestamp":1777113543377,"type":"alerts","deviceId":"ESP32_GREENHOUSE_01","data":{"timestamp":1777113543377,"deviceId":"ESP32_GREENHOUSE_01","event":"Quiet","level":32,"raw":131,"diff":131,"message":"Quiet Level: 32"}}
{"timestamp":1777113549429,"type":"alerts","deviceId":"ESP32_GREENHOUSE_01","data":{"timestamp":1777113549429,"deviceId":"ESP32_GREENHOUSE_01","event":"Light Activity","level":44,"raw":177,"diff":177,"message":"Light Activity Level: 44"}}
{"timestamp":1777113551442,"type":"alerts","deviceId":"ESP32_GREENHOUSE_01","data":{"timestamp":1777113551441,"deviceId":"ESP32_GREENHOUSE_01","event":"Restless","level":63,"raw":255,"diff":255,"message":"Restless Level: 63"}}
{"timestamp":1777113553457,"type":"alerts","deviceId":"ESP32_GREENHOUSE_01","data":{"timestamp":1777113553457,"deviceId":"ESP32_GREENHOUSE_01","event":"Quiet","level":30,"raw":123,"diff":123,"message":"Quiet Level: 30"}}
{"timestamp":1777113559506,"type":"alerts","deviceId":"ESP32_GREENHOUSE_01","data":{"timestamp":1777113559506,"deviceId":"ESP32_GREENHOUSE_01","event":"Quiet","level":33,"raw":132,"diff":132,"message":"Quiet Level: 33"}}
{"timestamp":1777113565557,"type":"alerts","deviceId":"ESP32_GREENHOUSE_01","data":{"timestamp":1777113565556,"deviceId":"ESP32_GREENHOUSE_01","event":"Quiet","level":36,"raw":145,"diff":145,"message":"Quiet Level: 36"}}
{"timestamp":1777113569588,"type":"alerts","deviceId":"ESP32_GREENHOUSE_01","data":{"timestamp":1777113569588,"deviceId":"ESP32_GREENHOUSE_01","event":"Light Activity","level":45,"raw":182,"diff":182,"message":"Light Activity Level: 45"}}
{"timestamp":1777113571613,"type":"alerts","deviceId":"ESP32_GREENHOUSE_01","data":{"timestamp":1777113571613,"deviceId":"ESP32_GREENHOUSE_01","event":"Quiet","level":35,"raw":141,"diff":141,"message":"Quiet Level: 35"}}
{"timestamp":1777113575642,"type":"alerts","deviceId":"ESP32_GREENHOUSE_01","data":{"timestamp":1777113575642,"deviceId":"ESP32_GREENHOUSE_01","event":"Light Activity","level":47,"raw":188,"diff":188,"message":"Light Activity Level: 47"}}
{"timestamp":1777113577682,"type":"alerts","deviceId":"ESP32_GREENHOUSE_01","data":{"timestamp":1777113577681,"deviceId":"ESP32_GREENHOUSE_01","event":"Quiet","level":39,"raw":159,"diff":159,"message":"Quiet Level: 39"}}
{"timestamp":1777113583731,"type":"alerts","deviceId":"ESP32_GREENHOUSE_01","data":{"timestamp":1777113583731,"deviceId":"ESP32_GREENHOUSE_01","event":"Light Activity","level":49,"raw":198,"diff":198,"message":"Light Activity Level: 49"}}
{"timestamp":1777113589781,"type":"alerts","deviceId":"ESP32_GREENHOUSE_01","data":{"timestamp":1777113589781,"deviceId":"ESP32_GREENHOUSE_01","event":"Light Activity","level":51,"raw":204,"diff":204,"message":"Light Activity Level: 51"}}
{"timestamp":1777113593810,"type":"alerts","deviceId":"ESP32_GREENHOUSE_01","data":{"timestamp":1777113593810,"deviceId":"ESP32_GREENHOUSE_01","event":"Quiet","level":27,"raw":108,"diff":108,"message":"Quiet Level: 27"}}
{"timestamp":1777113599859,"type":"alerts","deviceId":"ESP32_GREENHOUSE_01","data":{"timestamp":1777113599859,"deviceId":"ESP32_GREENHOUSE_01","event":"Quiet","level":39,"raw":158,"diff":158,"message":"Quiet Level: 39"}}
{"timestamp":1777113601884,"type":"alerts","deviceId":"ESP32_GREENHOUSE_01","data":{"timestamp":1777113601884,"deviceId":"ESP32_GREENHOUSE_01","event":"Light Activity","level":45,"raw":180,"diff":180,"message":"Light Activity Level: 45"}}
{"timestamp":1777113607932,"type":"alerts","deviceId":"ESP32_GREENHOUSE_01","data":{"timestamp":1777113607932,"deviceId":"ESP32_GREENHOUSE_01","event":"Quiet","level":32,"raw":130,"diff":130,"message":"Quiet Level: 32"}}
{"timestamp":1777113611986,"type":"alerts","deviceId":"ESP32_GREENHOUSE_01","data":{"timestamp":1777113611986,"deviceId":"ESP32_GREENHOUSE_01","event":"Light Activity","level":44,"raw":178,"diff":178,"message":"Light Activity Level: 44"}}
{"timestamp":1777113616021,"type":"alerts","deviceId":"ESP32_GREENHOUSE_01","data":{"timestamp":1777113616021,"deviceId":"ESP32_GREENHOUSE_01","event":"Quiet","level":36,"raw":146,"diff":146,"message":"Quiet Level: 36"}}
{"timestamp":1777113618038,"type":"alerts","deviceId":"ESP32_GREENHOUSE_01","data":{"timestamp":1777113618037,"deviceId":"ESP32_GREENHOUSE_01","event":"Light Activity","level":45,"raw":180,"diff":180,"message":"Light Activity Level: 45"}}
{"timestamp":1777113622066,"type":"alerts","deviceId":"ESP32_GREENHOUSE_01","data":{"timestamp":1777113622066,"deviceId":"ESP32_GREENHOUSE_01","event":"Quiet","level":35,"raw":141,"diff":141,"message":"Quiet Level: 35"}}
{"timestamp":1777113628114,"type":"alerts","deviceId":"ESP32_GREENHOUSE_01","data":{"timestamp":1777113628114,"deviceId":"ESP32_GREENHOUSE_01","event":"Restless","level":66,"raw":266,"diff":266,"message":"Restless Level: 66"}}
{"timestamp":1777113630131,"type":"alerts","deviceId":"ESP32_GREENHOUSE_01","data":{"timestamp":1777113630130,"deviceId":"ESP32_GREENHOUSE_01","event":"Quiet","level":41,"raw":167,"diff":167,"message":"Quiet Level: 41"}}
{"timestamp":1777113634164,"type":"alerts","deviceId":"ESP32_GREENHOUSE_01","data":{"timestamp":1777113634164,"deviceId":"ESP32_GREENHOUSE_01","event":"Light Activity","level":48,"raw":192,"diff":192,"message":"Light Activity Level: 48"}}
{"timestamp":1777113640220,"type":"alerts","deviceId":"ESP32_GREENHOUSE_01","data":{"timestamp":1777113640220,"deviceId":"ESP32_GREENHOUSE_01","event":"Quiet","level":30,"raw":120,"diff":120,"message":"Quiet Level: 30"}}
{"timestamp":1777113646290,"type":"alerts","deviceId":"ESP32_GREENHOUSE_01","data":{"timestamp":1777113646290,"deviceId":"ESP32_GREENHOUSE_01","event":"Quiet","level":29,"raw":116,"diff":116,"message":"Quiet Level: 29"}}
{"timestamp":1777113652340,"type":"alerts","deviceId":"ESP32_GREENHOUSE_01","data":{"timestamp":1777113652340,"deviceId":"ESP32_GREENHOUSE_01","event":"Quiet","level":33,"raw":134,"diff":134,"message":"Quiet Level: 33"}}
{"timestamp":1777113658386,"type":"alerts","deviceId":"ESP32_GREENHOUSE_01","data":{"timestamp":1777113658386,"deviceId":"ESP32_GREENHOUSE_01","event":"Quiet","level":32,"raw":129,"diff":129,"message":"Quiet Level: 32"}}
{"timestamp":1777113660402,"type":"alerts","deviceId":"ESP32_GREENHOUSE_01","data":{"timestamp":1777113660402,"deviceId":"ESP32_GREENHOUSE_01","event":"Light Activity","level":56,"raw":224,"diff":224,"message":"Light Activity Level: 56"}}
{"timestamp":1777113664434,"type":"alerts","deviceId":"ESP32_GREENHOUSE_01","data":{"timestamp":1777113664434,"deviceId":"ESP32_GREENHOUSE_01","event":"Quiet","level":35,"raw":140,"diff":140,"message":"Quiet Level: 35"}}
{"timestamp":1777113668468,"type":"alerts","deviceId":"ESP32_GREENHOUSE_01","data":{"timestamp":1777113668468,"deviceId":"ESP32_GREENHOUSE_01","event":"Restless","level":67,"raw":269,"diff":269,"message":"Restless Level: 67"}}
{"timestamp":1777113672506,"type":"alerts","deviceId":"ESP32_GREENHOUSE_01","data":{"timestamp":1777113672506,"deviceId":"ESP32_GREENHOUSE_01","event":"Quiet","level":33,"raw":133,"diff":133,"message":"Quiet Level: 33"}}
{"timestamp":1777113674524,"type":"alerts","deviceId":"ESP32_GREENHOUSE_01","data":{"timestamp":1777113674524,"deviceId":"ESP32_GREENHOUSE_01","event":"Restless","level":61,"raw":246,"diff":246,"message":"Restless Level: 61"}}
{"timestamp":1777113678578,"type":"alerts","deviceId":"ESP32_GREENHOUSE_01","data":{"timestamp":1777113678578,"deviceId":"ESP32_GREENHOUSE_01","event":"CRYING","level":91,"raw":365,"diff":365,"message":"CRYING DETECTED! ⚠️ Level: 91"}}
{"timestamp":1777113680596,"type":"alerts","deviceId":"ESP32_GREENHOUSE_01","data":{"timestamp":1777113680595,"deviceId":"ESP32_GREENHOUSE_01","event":"Quiet","level":37,"raw":151,"diff":151,"message":"Quiet Level: 37"}}
{"timestamp":1777113682614,"type":"alerts","deviceId":"ESP32_GREENHOUSE_01","data":{"timestamp":1777113682614,"deviceId":"ESP32_GREENHOUSE_01","event":"Light Activity","level":44,"raw":178,"diff":178,"message":"Light Activity Level: 44"}}
{"timestamp":1777113686645,"type":"alerts","deviceId":"ESP32_GREENHOUSE_01","data":{"timestamp":1777113686645,"deviceId":"ESP32_GREENHOUSE_01","event":"Quiet","level":31,"raw":125,"diff":125,"message":"Quiet Level: 31"}}
{"timestamp":1777113692691,"type":"alerts","deviceId":"ESP32_GREENHOUSE_01","data":{"timestamp":1777113692691,"deviceId":"ESP32_GREENHOUSE_01","event":"Quiet","level":28,"raw":114,"diff":114,"message":"Quiet Level: 28"}}
{"timestamp":1777113694707,"type":"alerts","deviceId":"ESP32_GREENHOUSE_01","data":{"timestamp":1777113694707,"deviceId":"ESP32_GREENHOUSE_01","event":"Light Activity","level":45,"raw":182,"diff":182,"message":"Light Activity Level: 45"}}
{"timestamp":1777113698738,"type":"alerts","deviceId":"ESP32_GREENHOUSE_01","data":{"timestamp":1777113698738,"deviceId":"ESP32_GREENHOUSE_01","event":"Quiet","level":42,"raw":169,"diff":169,"message":"Quiet Level: 42"}}
{"timestamp":1777113700755,"type":"alerts","deviceId":"ESP32_GREENHOUSE_01","data":{"timestamp":1777113700755,"deviceId":"ESP32_GREENHOUSE_01","event":"Light Activity","level":46,"raw":187,"diff":187,"message":"Light Activity Level: 46"}}
{"timestamp":1777113706809,"type":"alerts","deviceId":"ESP32_GREENHOUSE_01","data":{"timestamp":1777113706809,"deviceId":"ESP32_GREENHOUSE_01","event":"Quiet","level":42,"raw":169,"diff":169,"message":"Quiet Level: 42"}}
{"timestamp":1777113712882,"type":"alerts","deviceId":"ESP32_GREENHOUSE_01","data":{"timestamp":1777113712882,"deviceId":"ESP32_GREENHOUSE_01","event":"Quiet","level":40,"raw":163,"diff":163,"message":"Quiet Level: 40"}}
{"timestamp":1777113714899,"type":"alerts","deviceId":"ESP32_GREENHOUSE_01","data":{"timestamp":1777113714899,"deviceId":"ESP32_GREENHOUSE_01","event":"Light Activity","level":47,"raw":191,"diff":191,"message":"Light Activity Level: 47"}}
{"timestamp":1777113718931,"type":"alerts","deviceId":"ESP32_GREENHOUSE_01","data":{"timestamp":1777113718931,"deviceId":"ESP32_GREENHOUSE_01","event":"Quiet","level":25,"raw":102,"diff":102,"message":"Quiet Level: 25"}}
{"timestamp":1777113724981,"type":"alerts","deviceId":"ESP32_GREENHOUSE_01","data":{"timestamp":1777113724981,"deviceId":"ESP32_GREENHOUSE_01","event":"Quiet","level":43,"raw":173,"diff":173,"message":"Quiet Level: 43"}}
{"timestamp":1777113731026,"type":"alerts","deviceId":"ESP32_GREENHOUSE_01","data":{"timestamp":1777113731026,"deviceId":"ESP32_GREENHOUSE_01","event":"Quiet","level":36,"raw":145,"diff":145,"message":"Quiet Level: 36"}}
{"timestamp":1777113733043,"type":"alerts","deviceId":"ESP32_GREENHOUSE_01","data":{"timestamp":1777113733043,"deviceId":"ESP32_GREENHOUSE_01","event":"Light Activity","level":49,"raw":199,"diff":199,"message":"Light Activity Level: 49"}}
{"timestamp":1777113739097,"type":"alerts","deviceId":"ESP32_GREENHOUSE_01","data":{"timestamp":1777113739097,"deviceId":"ESP32_GREENHOUSE_01","event":"Quiet","level":41,"raw":167,"diff":167,"message":"Quiet Level: 41"}}
{"timestamp":1777113741117,"type":"alerts","deviceId":"ESP32_GREENHOUSE_01","data":{"timestamp":1777113741117,"deviceId":"ESP32_GREENHOUSE_01","event":"Light Activity","level":49,"raw":198,"diff":198,"message":"Light Activity Level: 49"}}
{"timestamp":1777113745173,"type":"alerts","deviceId":"ESP32_GREENHOUSE_01","data":{"timestamp":1777113745173,"deviceId":"ESP32_GREENHOUSE_01","event":"Quiet","level":29,"raw":118,"diff":118,"message":"Quiet Level: 29"}}
{"timestamp":1777113747188,"type":"alerts","deviceId":"ESP32_GREENHOUSE_01","data":{"timestamp":1777113747188,"deviceId":"ESP32_GREENHOUSE_01","event":"Light Activity","level":44,"raw":177,"diff":177,"message":"Light Activity Level: 44"}}
{"timestamp":1777113751231,"type":"alerts","deviceId":"ESP32_GREENHOUSE_01","data":{"timestamp":1777113751231,"deviceId":"ESP32_GREENHOUSE_01","event":"Quiet","level":43,"raw":172,"diff":172,"message":"Quiet Level: 43"}}
{"timestamp":1777113753235,"type":"alerts","deviceId":"ESP32_GREENHOUSE_01","data":{"timestamp":1777113753235,"deviceId":"ESP32_GREENHOUSE_01","event":"Light Activity","level":45,"raw":180,"diff":180,"message":"Light Activity Level: 45"}}
{"timestamp":1777113757267,"type":"alerts","deviceId":"ESP32_GREENHOUSE_01","data":{"timestamp":1777113757267,"deviceId":"ESP32_GREENHOUSE_01","event":"CRYING","level":78,"raw":315,"diff":315,"message":"CRYING DETECTED! ⚠️ Level: 78"}}
{"timestamp":1777113759283,"type":"alerts","deviceId":"ESP32_GREENHOUSE_01","data":{"timestamp":1777113759283,"deviceId":"ESP32_GREENHOUSE_01","event":"Quiet","level":37,"raw":149,"diff":149,"message":"Quiet Level: 37"}}
{"timestamp":1777113761300,"type":"alerts","deviceId":"ESP32_GREENHOUSE_01","data":{"timestamp":1777113761300,"deviceId":"ESP32_GREENHOUSE_01","event":"Restless","level":72,"raw":288,"diff":288,"message":"Restless Level: 72"}}
{"timestamp":1777113765344,"type":"alerts","deviceId":"ESP32_GREENHOUSE_01","data":{"timestamp":1777113765344,"deviceId":"ESP32_GREENHOUSE_01","event":"Quiet","level":31,"raw":124,"diff":124,"message":"Quiet Level: 31"}}
{"timestamp":1777113767350,"type":"alerts","deviceId":"ESP32_GREENHOUSE_01","data":{"timestamp":1777113767350,"deviceId":"ESP32_GREENHOUSE_01","event":"Light Activity","level":50,"raw":200,"diff":200,"message":"Light Activity Level: 50"}}
{"timestamp":1777113773403,"type":"alerts","deviceId":"ESP32_GREENHOUSE_01","data":{"timestamp":1777113773402,"deviceId":"ESP32_GREENHOUSE_01","event":"Light Activity","level":53,"raw":212,"diff":212,"message":"Light Activity Level: 53"}}
{"timestamp":1777113775443,"type":"alerts","deviceId":"ESP32_GREENHOUSE_01","data":{"timestamp":1777113775443,"deviceId":"ESP32_GREENHOUSE_01","event":"Restless","level":68,"raw":275,"diff":275,"message":"Restless Level: 68"}}
{"timestamp":1777113777459,"type":"alerts","deviceId":"ESP32_GREENHOUSE_01","data":{"timestamp":1777113777459,"deviceId":"ESP32_GREENHOUSE_01","event":"Quiet","level":42,"raw":170,"diff":170,"message":"Quiet Level: 42"}}
{"timestamp":1777113779475,"type":"alerts","deviceId":"ESP32_GREENHOUSE_01","data":{"timestamp":1777113779475,"deviceId":"ESP32_GREENHOUSE_01","event":"Light Activity","level":53,"raw":215,"diff":215,"message":"Light Activity Level: 53"}}
{"timestamp":1777113783507,"type":"alerts","deviceId":"ESP32_GREENHOUSE_01","data":{"timestamp":1777113783507,"deviceId":"ESP32_GREENHOUSE_01","event":"Restless","level":61,"raw":244,"diff":244,"message":"Restless Level: 61"}}
{"timestamp":1777113785525,"type":"alerts","deviceId":"ESP32_GREENHOUSE_01","data":{"timestamp":1777113785525,"deviceId":"ESP32_GREENHOUSE_01","event":"Quiet","level":31,"raw":125,"diff":125,"message":"Quiet Level: 31"}}
{"timestamp":1777113791571,"type":"alerts","deviceId":"ESP32_GREENHOUSE_01","data":{"timestamp":1777113791571,"deviceId":"ESP32_GREENHOUSE_01","event":"Quiet","level":38,"raw":155,"diff":155,"message":"Quiet Level: 38"}}
{"timestamp":1777113793587,"type":"alerts","deviceId":"ESP32_GREENHOUSE_01","data":{"timestamp":1777113793587,"deviceId":"ESP32_GREENHOUSE_01","event":"Light Activity","level":52,"raw":210,"diff":210,"message":"Light Activity Level: 52"}}
{"timestamp":1777113797624,"type":"alerts","deviceId":"ESP32_GREENHOUSE_01","data":{"timestamp":1777113797624,"deviceId":"ESP32_GREENHOUSE_01","event":"Quiet","level":33,"raw":133,"diff":133,"message":"Quiet Level: 33"}}
{"timestamp":1777113803672,"type":"alerts","deviceId":"ESP32_GREENHOUSE_01","data":{"timestamp":1777113803672,"deviceId":"ESP32_GREENHOUSE_01","event":"Quiet","level":33,"raw":133,"diff":133,"message":"Quiet Level: 33"}}
{"timestamp":1777113809747,"type":"alerts","deviceId":"ESP32_GREENHOUSE_01","data":{"timestamp":1777113809747,"deviceId":"ESP32_GREENHOUSE_01","event":"Quiet","level":40,"raw":162,"diff":162,"message":"Quiet Level: 40"}}
{"timestamp":1777113811764,"type":"alerts","deviceId":"ESP32_GREENHOUSE_01","data":{"timestamp":1777113811763,"deviceId":"ESP32_GREENHOUSE_01","event":"Restless","level":58,"raw":235,"diff":235,"message":"Restless Level: 58"}}
{"timestamp":1777113813779,"type":"alerts","deviceId":"ESP32_GREENHOUSE_01","data":{"timestamp":1777113813779,"deviceId":"ESP32_GREENHOUSE_01","event":"Light Activity","level":55,"raw":223,"diff":223,"message":"Light Activity Level: 55"}}
{"timestamp":1777113815795,"type":"alerts","deviceId":"ESP32_GREENHOUSE_01","data":{"timestamp":1777113815795,"deviceId":"ESP32_GREENHOUSE_01","event":"Quiet","level":29,"raw":116,"diff":116,"message":"Quiet Level: 29"}}
{"timestamp":1777113821843,"type":"alerts","deviceId":"ESP32_GREENHOUSE_01","data":{"timestamp":1777113821843,"deviceId":"ESP32_GREENHOUSE_01","event":"Quiet","level":25,"raw":102,"diff":102,"message":"Quiet Level: 25"}}
{"timestamp":1777113827893,"type":"alerts","deviceId":"ESP32_GREENHOUSE_01","data":{"timestamp":1777113827893,"deviceId":"ESP32_GREENHOUSE_01","event":"Quiet","level":36,"raw":147,"diff":147,"message":"Quiet Level: 36"}}
{"timestamp":1777113829908,"type":"alerts","deviceId":"ESP32_GREENHOUSE_01","data":{"timestamp":1777113829907,"deviceId":"ESP32_GREENHOUSE_01","event":"Light Activity","level":49,"raw":196,"diff":196,"message":"Light Activity Level: 49"}}
{"timestamp":1777113833941,"type":"alerts","deviceId":"ESP32_GREENHOUSE_01","data":{"timestamp":1777113833941,"deviceId":"ESP32_GREENHOUSE_01","event":"Quiet","level":35,"raw":141,"diff":141,"message":"Quiet Level: 35"}}
{"timestamp":1777113839995,"type":"alerts","deviceId":"ESP32_GREENHOUSE_01","data":{"timestamp":1777113839995,"deviceId":"ESP32_GREENHOUSE_01","event":"Light Activity","level":45,"raw":180,"diff":180,"message":"Light Activity Level: 45"}}
{"timestamp":1777113844052,"type":"alerts","deviceId":"ESP32_GREENHOUSE_01","data":{"timestamp":1777113844052,"deviceId":"ESP32_GREENHOUSE_01","event":"Quiet","level":34,"raw":138,"diff":138,"message":"Quiet Level: 34"}}
{"timestamp":1777113850099,"type":"alerts","deviceId":"ESP32_GREENHOUSE_01","data":{"timestamp":1777113850099,"deviceId":"ESP32_GREENHOUSE_01","event":"Quiet","level":31,"raw":127,"diff":127,"message":"Quiet Level: 31"}}
{"timestamp":1777113852116,"type":"alerts","deviceId":"ESP32_GREENHOUSE_01","data":{"timestamp":1777113852116,"deviceId":"ESP32_GREENHOUSE_01","event":"Light Activity","level":50,"raw":203,"diff":203,"message":"Light Activity Level: 50"}}
{"timestamp":1777113856148,"type":"alerts","deviceId":"ESP32_GREENHOUSE_01","data":{"timestamp":1777113856148,"deviceId":"ESP32_GREENHOUSE_01","event":"Quiet","level":38,"raw":152,"diff":152,"message":"Quiet Level: 38"}}
{"timestamp":1777113858166,"type":"alerts","deviceId":"ESP32_GREENHOUSE_01","data":{"timestamp":1777113858166,"deviceId":"ESP32_GREENHOUSE_01","event":"Light Activity","level":54,"raw":219,"diff":219,"message":"Light Activity Level: 54"}}
{"timestamp":1777113862196,"type":"alerts","deviceId":"ESP32_GREENHOUSE_01","data":{"timestamp":1777113862196,"deviceId":"ESP32_GREENHOUSE_01","event":"Quiet","level":37,"raw":151,"diff":151,"message":"Quiet Level: 37"}}
{"timestamp":1777113866230,"type":"alerts","deviceId":"ESP32_GREENHOUSE_01","data":{"timestamp":1777113866230,"deviceId":"ESP32_GREENHOUSE_01","event":"Light Activity","level":46,"raw":187,"diff":187,"message":"Light Activity Level: 46"}}
{"timestamp":1777113868248,"type":"alerts","deviceId":"ESP32_GREENHOUSE_01","data":{"timestamp":1777113868248,"deviceId":"ESP32_GREENHOUSE_01","event":"Quiet","level":37,"raw":149,"diff":149,"message":"Quiet Level: 37"}}
{"timestamp":1777113874324,"type":"alerts","deviceId":"ESP32_GREENHOUSE_01","data":{"timestamp":1777113874323,"deviceId":"ESP32_GREENHOUSE_01","event":"Quiet","level":43,"raw":173,"diff":173,"message":"Quiet Level: 43"}}
{"timestamp":1777113876343,"type":"alerts","deviceId":"ESP32_GREENHOUSE_01","data":{"timestamp":1777113876343,"deviceId":"ESP32_GREENHOUSE_01","event":"Light Activity","level":50,"raw":202,"diff":202,"message":"Light Activity Level: 50"}}
{"timestamp":1777113878356,"type":"alerts","deviceId":"ESP32_GREENHOUSE_01","data":{"timestamp":1777113878356,"deviceId":"ESP32_GREENHOUSE_01","event":"Restless","level":72,"raw":289,"diff":289,"message":"Restless Level: 72"}}
{"timestamp":1777113882388,"type":"alerts","deviceId":"ESP32_GREENHOUSE_01","data":{"timestamp":1777113882388,"deviceId":"ESP32_GREENHOUSE_01","event":"CRYING","level":64,"raw":256,"diff":256,"message":"CRYING DETECTED! ⚠️ Level: 64"}}
{"timestamp":1777113884404,"type":"alerts","deviceId":"ESP32_GREENHOUSE_01","data":{"timestamp":1777113884404,"deviceId":"ESP32_GREENHOUSE_01","event":"Light Activity","level":45,"raw":180,"diff":180,"message":"Light Activity Level: 45"}}
{"timestamp":1777113886420,"type":"alerts","deviceId":"ESP32_GREENHOUSE_01","data":{"timestamp":1777113886420,"deviceId":"ESP32_GREENHOUSE_01","event":"Quiet","level":37,"raw":149,"diff":149,"message":"Quiet Level: 37"}}
{"timestamp":1777113892470,"type":"alerts","deviceId":"ESP32_GREENHOUSE_01","data":{"timestamp":1777113892470,"deviceId":"ESP32_GREENHOUSE_01","event":"Quiet","level":39,"raw":158,"diff":158,"message":"Quiet Level: 39"}}
{"timestamp":1777113898518,"type":"alerts","deviceId":"ESP32_GREENHOUSE_01","data":{"timestamp":1777113898518,"deviceId":"ESP32_GREENHOUSE_01","event":"Quiet","level":35,"raw":142,"diff":142,"message":"Quiet Level: 35"}}
{"timestamp":1777113900534,"type":"alerts","deviceId":"ESP32_GREENHOUSE_01","data":{"timestamp":1777113900534,"deviceId":"ESP32_GREENHOUSE_01","event":"Light Activity","level":45,"raw":180,"diff":180,"message":"Light Activity Level: 45"}}
{"timestamp":1777113904570,"type":"alerts","deviceId":"ESP32_GREENHOUSE_01","data":{"timestamp":1777113904570,"deviceId":"ESP32_GREENHOUSE_01","event":"Quiet","level":37,"raw":150,"diff":150,"message":"Quiet Level: 37"}}
{"timestamp":1777113906612,"type":"alerts","deviceId":"ESP32_GREENHOUSE_01","data":{"timestamp":1777113906612,"deviceId":"ESP32_GREENHOUSE_01","event":"Light Activity","level":54,"raw":216,"diff":216,"message":"Light Activity Level: 54"}}
{"timestamp":1777113910646,"type":"alerts","deviceId":"ESP32_GREENHOUSE_01","data":{"timestamp":1777113910646,"deviceId":"ESP32_GREENHOUSE_01","event":"Restless","level":80,"raw":320,"diff":320,"message":"Restless Level: 80"}}
{"timestamp":1777113912660,"type":"alerts","deviceId":"ESP32_GREENHOUSE_01","data":{"timestamp":1777113912660,"deviceId":"ESP32_GREENHOUSE_01","event":"Quiet","level":42,"raw":168,"diff":168,"message":"Quiet Level: 42"}}
{"timestamp":1777113918708,"type":"alerts","deviceId":"ESP32_GREENHOUSE_01","data":{"timestamp":1777113918708,"deviceId":"ESP32_GREENHOUSE_01","event":"Quiet","level":30,"raw":122,"diff":122,"message":"Quiet Level: 30"}}
{"timestamp":1777113920724,"type":"alerts","deviceId":"ESP32_GREENHOUSE_01","data":{"timestamp":1777113920724,"deviceId":"ESP32_GREENHOUSE_01","event":"Light Activity","level":57,"raw":228,"diff":228,"message":"Light Activity Level: 57"}}
{"timestamp":1777113924756,"type":"alerts","deviceId":"ESP32_GREENHOUSE_01","data":{"timestamp":1777113924756,"deviceId":"ESP32_GREENHOUSE_01","event":"Quiet","level":42,"raw":169,"diff":169,"message":"Quiet Level: 42"}}
{"timestamp":1777113928788,"type":"alerts","deviceId":"ESP32_GREENHOUSE_01","data":{"timestamp":1777113928788,"deviceId":"ESP32_GREENHOUSE_01","event":"Light Activity","level":45,"raw":180,"diff":180,"message":"Light Activity Level: 45"}}
{"timestamp":1777113930804,"type":"alerts","deviceId":"ESP32_GREENHOUSE_01","data":{"timestamp":1777113930804,"deviceId":"ESP32_GREENHOUSE_01","event":"Quiet","level":40,"raw":162,"diff":162,"message":"Quiet Level: 40"}}
{"timestamp":1777113932823,"type":"alerts","deviceId":"ESP32_GREENHOUSE_01","data":{"timestamp":1777113932823,"deviceId":"ESP32_GREENHOUSE_01","event":"Restless","level":71,"raw":286,"diff":286,"message":"Restless Level: 71"}}
{"timestamp":1777113934842,"type":"alerts","deviceId":"ESP32_GREENHOUSE_01","data":{"timestamp":1777113934842,"deviceId":"ESP32_GREENHOUSE_01","event":"Light Activity","level":49,"raw":196,"diff":196,"message":"Light Activity Level: 49"}}
{"timestamp":1777113940916,"type":"alerts","deviceId":"ESP32_GREENHOUSE_01","data":{"timestamp":1777113940916,"deviceId":"ESP32_GREENHOUSE_01","event":"Quiet","level":37,"raw":150,"diff":150,"message":"Quiet Level: 37"}}
{"timestamp":1777113946964,"type":"alerts","deviceId":"ESP32_GREENHOUSE_01","data":{"timestamp":1777113946964,"deviceId":"ESP32_GREENHOUSE_01","event":"Quiet","level":38,"raw":155,"diff":155,"message":"Quiet Level: 38"}}
{"timestamp":1777113953012,"type":"alerts","deviceId":"ESP32_GREENHOUSE_01","data":{"timestamp":1777113953012,"deviceId":"ESP32_GREENHOUSE_01","event":"Light Activity","level":44,"raw":178,"diff":178,"message":"Light Activity Level: 44"}}
{"timestamp":1777113955028,"type":"alerts","deviceId":"ESP32_GREENHOUSE_01","data":{"timestamp":1777113955028,"deviceId":"ESP32_GREENHOUSE_01","event":"Quiet","level":40,"raw":162,"diff":162,"message":"Quiet Level: 40"}}
{"timestamp":1777113961076,"type":"alerts","deviceId":"ESP32_GREENHOUSE_01","data":{"timestamp":1777113961076,"deviceId":"ESP32_GREENHOUSE_01","event":"Quiet","level":36,"raw":146,"diff":146,"message":"Quiet Level: 36"}}
{"timestamp":1777113967128,"type":"alerts","deviceId":"ESP32_GREENHOUSE_01","data":{"timestamp":1777113967128,"deviceId":"ESP32_GREENHOUSE_01","event":"Quiet","level":43,"raw":173,"diff":173,"message":"Quiet Level: 43"}}
{"timestamp":1777113969146,"type":"alerts","deviceId":"ESP32_GREENHOUSE_01","data":{"timestamp":1777113969146,"deviceId":"ESP32_GREENHOUSE_01","event":"Light Activity","level":44,"raw":179,"diff":179,"message":"Light Activity Level: 44"}}
{"timestamp":1777113973204,"type":"alerts","deviceId":"ESP32_GREENHOUSE_01","data":{"timestamp":1777113973204,"deviceId":"ESP32_GREENHOUSE_01","event":"Quiet","level":26,"raw":106,"diff":106,"message":"Quiet Level: 26"}}
{"timestamp":1777113979254,"type":"alerts","deviceId":"ESP32_GREENHOUSE_01","data":{"timestamp":1777113979254,"deviceId":"ESP32_GREENHOUSE_01","event":"Quiet","level":26,"raw":107,"diff":107,"message":"Quiet Level: 26"}}
{"timestamp":1777113985300,"type":"alerts","deviceId":"ESP32_GREENHOUSE_01","data":{"timestamp":1777113985300,"deviceId":"ESP32_GREENHOUSE_01","event":"Quiet","level":32,"raw":131,"diff":131,"message":"Quiet Level: 32"}}
{"timestamp":1777113991348,"type":"alerts","deviceId":"ESP32_GREENHOUSE_01","data":{"timestamp":1777113991348,"deviceId":"ESP32_GREENHOUSE_01","event":"Quiet","level":30,"raw":121,"diff":121,"message":"Quiet Level: 30"}}
{"timestamp":1777113997397,"type":"alerts","deviceId":"ESP32_GREENHOUSE_01","data":{"timestamp":1777113997396,"deviceId":"ESP32_GREENHOUSE_01","event":"Quiet","level":33,"raw":132,"diff":132,"message":"Quiet Level: 33"}}
{"timestamp":1777114003451,"type":"alerts","deviceId":"ESP32_GREENHOUSE_01","data":{"timestamp":1777114003451,"deviceId":"ESP32_GREENHOUSE_01","event":"Quiet","level":32,"raw":130,"diff":130,"message":"Quiet Level: 32"}}
{"timestamp":1777114005493,"type":"alerts","deviceId":"ESP32_GREENHOUSE_01","data":{"timestamp":1777114005492,"deviceId":"ESP32_GREENHOUSE_01","event":"Light Activity","level":48,"raw":194,"diff":194,"message":"Light Activity Level: 48"}}
{"timestamp":1777114007508,"type":"alerts","deviceId":"ESP32_GREENHOUSE_01","data":{"timestamp":1777114007508,"deviceId":"ESP32_GREENHOUSE_01","event":"Restless","level":68,"raw":275,"diff":275,"message":"Restless Level: 68"}}
{"timestamp":1777114009525,"type":"alerts","deviceId":"ESP32_GREENHOUSE_01","data":{"timestamp":1777114009525,"deviceId":"ESP32_GREENHOUSE_01","event":"Quiet","level":41,"raw":166,"diff":166,"message":"Quiet Level: 41"}}
{"timestamp":1777114015573,"type":"alerts","deviceId":"ESP32_GREENHOUSE_01","data":{"timestamp":1777114015573,"deviceId":"ESP32_GREENHOUSE_01","event":"Light Activity","level":57,"raw":229,"diff":229,"message":"Light Activity Level: 57"}}
{"timestamp":1777114017589,"type":"alerts","deviceId":"ESP32_GREENHOUSE_01","data":{"timestamp":1777114017589,"deviceId":"ESP32_GREENHOUSE_01","event":"Quiet","level":41,"raw":166,"diff":166,"message":"Quiet Level: 41"}}
{"timestamp":1777114021621,"type":"alerts","deviceId":"ESP32_GREENHOUSE_01","data":{"timestamp":1777114021621,"deviceId":"ESP32_GREENHOUSE_01","event":"Light Activity","level":47,"raw":190,"diff":190,"message":"Light Activity Level: 47"}}
{"timestamp":1777114023637,"type":"alerts","deviceId":"ESP32_GREENHOUSE_01","data":{"timestamp":1777114023637,"deviceId":"ESP32_GREENHOUSE_01","event":"Quiet","level":29,"raw":117,"diff":117,"message":"Quiet Level: 29"}}
{"timestamp":1777114027669,"type":"alerts","deviceId":"ESP32_GREENHOUSE_01","data":{"timestamp":1777114027669,"deviceId":"ESP32_GREENHOUSE_01","event":"Light Activity","level":47,"raw":189,"diff":189,"message":"Light Activity Level: 47"}}
{"timestamp":1777114031704,"type":"alerts","deviceId":"ESP32_GREENHOUSE_01","data":{"timestamp":1777114031703,"deviceId":"ESP32_GREENHOUSE_01","event":"Quiet","level":26,"raw":106,"diff":106,"message":"Quiet Level: 26"}}
{"timestamp":1777114035740,"type":"alerts","deviceId":"ESP32_GREENHOUSE_01","data":{"timestamp":1777114035739,"deviceId":"ESP32_GREENHOUSE_01","event":"Light Activity","level":50,"raw":200,"diff":200,"message":"Light Activity Level: 50"}}
{"timestamp":1777114037759,"type":"alerts","deviceId":"ESP32_GREENHOUSE_01","data":{"timestamp":1777114037759,"deviceId":"ESP32_GREENHOUSE_01","event":"Quiet","level":25,"raw":100,"diff":100,"message":"Quiet Level: 25"}}
{"timestamp":1777114043829,"type":"alerts","deviceId":"ESP32_GREENHOUSE_01","data":{"timestamp":1777114043829,"deviceId":"ESP32_GREENHOUSE_01","event":"Quiet","level":33,"raw":132,"diff":132,"message":"Quiet Level: 33"}}
{"timestamp":1777114049877,"type":"alerts","deviceId":"ESP32_GREENHOUSE_01","data":{"timestamp":1777114049877,"deviceId":"ESP32_GREENHOUSE_01","event":"Light Activity","level":45,"raw":183,"diff":183,"message":"Light Activity Level: 45"}}
{"timestamp":1777114051893,"type":"alerts","deviceId":"ESP32_GREENHOUSE_01","data":{"timestamp":1777114051893,"deviceId":"ESP32_GREENHOUSE_01","event":"Quiet","level":36,"raw":147,"diff":147,"message":"Quiet Level: 36"}}
{"timestamp":1777114053911,"type":"alerts","deviceId":"ESP32_GREENHOUSE_01","data":{"timestamp":1777114053911,"deviceId":"ESP32_GREENHOUSE_01","event":"Restless","level":61,"raw":245,"diff":245,"message":"Restless Level: 61"}}
{"timestamp":1777114057942,"type":"alerts","deviceId":"ESP32_GREENHOUSE_01","data":{"timestamp":1777114057941,"deviceId":"ESP32_GREENHOUSE_01","event":"Light Activity","level":48,"raw":195,"diff":195,"message":"Light Activity Level: 48"}}
{"timestamp":1777114059964,"type":"alerts","deviceId":"ESP32_GREENHOUSE_01","data":{"timestamp":1777114059964,"deviceId":"ESP32_GREENHOUSE_01","event":"Quiet","level":41,"raw":165,"diff":165,"message":"Quiet Level: 41"}}
{"timestamp":1777114063993,"type":"alerts","deviceId":"ESP32_GREENHOUSE_01","data":{"timestamp":1777114063992,"deviceId":"ESP32_GREENHOUSE_01","event":"Light Activity","level":45,"raw":183,"diff":183,"message":"Light Activity Level: 45"}}
{"timestamp":1777114066010,"type":"alerts","deviceId":"ESP32_GREENHOUSE_01","data":{"timestamp":1777114066010,"deviceId":"ESP32_GREENHOUSE_01","event":"Quiet","level":31,"raw":125,"diff":125,"message":"Quiet Level: 31"}}
{"timestamp":1777114072086,"type":"alerts","deviceId":"ESP32_GREENHOUSE_01","data":{"timestamp":1777114072086,"deviceId":"ESP32_GREENHOUSE_01","event":"Quiet","level":39,"raw":158,"diff":158,"message":"Quiet Level: 39"}}
{"timestamp":1777114074101,"type":"alerts","deviceId":"ESP32_GREENHOUSE_01","data":{"timestamp":1777114074101,"deviceId":"ESP32_GREENHOUSE_01","event":"Light Activity","level":54,"raw":218,"diff":218,"message":"Light Activity Level: 54"}}
{"timestamp":1777114078134,"type":"alerts","deviceId":"ESP32_GREENHOUSE_01","data":{"timestamp":1777114078134,"deviceId":"ESP32_GREENHOUSE_01","event":"Restless","level":70,"raw":283,"diff":283,"message":"Restless Level: 70"}}
{"timestamp":1777114080150,"type":"alerts","deviceId":"ESP32_GREENHOUSE_01","data":{"timestamp":1777114080149,"deviceId":"ESP32_GREENHOUSE_01","event":"Quiet","level":39,"raw":158,"diff":158,"message":"Quiet Level: 39"}}
{"timestamp":1777114082165,"type":"alerts","deviceId":"ESP32_GREENHOUSE_01","data":{"timestamp":1777114082165,"deviceId":"ESP32_GREENHOUSE_01","event":"CRYING","level":79,"raw":318,"diff":318,"message":"CRYING DETECTED! ⚠️ Level: 79"}}
{"timestamp":1777114086197,"type":"alerts","deviceId":"ESP32_GREENHOUSE_01","data":{"timestamp":1777114086197,"deviceId":"ESP32_GREENHOUSE_01","event":"Restless","level":72,"raw":291,"diff":291,"message":"Restless Level: 72"}}
{"timestamp":1777114088214,"type":"alerts","deviceId":"ESP32_GREENHOUSE_01","data":{"timestamp":1777114088213,"deviceId":"ESP32_GREENHOUSE_01","event":"Quiet","level":41,"raw":166,"diff":166,"message":"Quiet Level: 41"}}
{"timestamp":1777114094261,"type":"alerts","deviceId":"ESP32_GREENHOUSE_01","data":{"timestamp":1777114094261,"deviceId":"ESP32_GREENHOUSE_01","event":"Quiet","level":34,"raw":137,"diff":137,"message":"Quiet Level: 34"}}
{"timestamp":1777114096283,"type":"alerts","deviceId":"ESP32_GREENHOUSE_01","data":{"timestamp":1777114096283,"deviceId":"ESP32_GREENHOUSE_01","event":"Restless","level":60,"raw":242,"diff":242,"message":"Restless Level: 60"}}
{"timestamp":1777114100314,"type":"alerts","deviceId":"ESP32_GREENHOUSE_01","data":{"timestamp":1777114100314,"deviceId":"ESP32_GREENHOUSE_01","event":"Light Activity","level":54,"raw":216,"diff":216,"message":"Light Activity Level: 54"}}
{"timestamp":1777114104374,"type":"alerts","deviceId":"ESP32_GREENHOUSE_01","data":{"timestamp":1777114104373,"deviceId":"ESP32_GREENHOUSE_01","event":"Quiet","level":39,"raw":158,"diff":158,"message":"Quiet Level: 39"}}
{"timestamp":1777114106389,"type":"alerts","deviceId":"ESP32_GREENHOUSE_01","data":{"timestamp":1777114106389,"deviceId":"ESP32_GREENHOUSE_01","event":"Light Activity","level":54,"raw":217,"diff":217,"message":"Light Activity Level: 54"}}
{"timestamp":1777114112437,"type":"alerts","deviceId":"ESP32_GREENHOUSE_01","data":{"timestamp":1777114112437,"deviceId":"ESP32_GREENHOUSE_01","event":"Light Activity","level":56,"raw":225,"diff":225,"message":"Light Activity Level: 56"}}
{"timestamp":1777114116470,"type":"alerts","deviceId":"ESP32_GREENHOUSE_01","data":{"timestamp":1777114116470,"deviceId":"ESP32_GREENHOUSE_01","event":"Restless","level":64,"raw":257,"diff":257,"message":"Restless Level: 64"}}
{"timestamp":1777114118485,"type":"alerts","deviceId":"ESP32_GREENHOUSE_01","data":{"timestamp":1777114118485,"deviceId":"ESP32_GREENHOUSE_01","event":"Quiet","level":27,"raw":108,"diff":108,"message":"Quiet Level: 27"}}
{"timestamp":1777114122517,"type":"alerts","deviceId":"ESP32_GREENHOUSE_01","data":{"timestamp":1777114122517,"deviceId":"ESP32_GREENHOUSE_01","event":"Light Activity","level":45,"raw":180,"diff":180,"message":"Light Activity Level: 45"}}
{"timestamp":1777114124534,"type":"alerts","deviceId":"ESP32_GREENHOUSE_01","data":{"timestamp":1777114124534,"deviceId":"ESP32_GREENHOUSE_01","event":"Quiet","level":38,"raw":155,"diff":155,"message":"Quiet Level: 38"}}
{"timestamp":1777114128566,"type":"alerts","deviceId":"ESP32_GREENHOUSE_01","data":{"timestamp":1777114128566,"deviceId":"ESP32_GREENHOUSE_01","event":"Restless","level":63,"raw":253,"diff":253,"message":"Restless Level: 63"}}
{"timestamp":1777114130584,"type":"alerts","deviceId":"ESP32_GREENHOUSE_01","data":{"timestamp":1777114130584,"deviceId":"ESP32_GREENHOUSE_01","event":"Quiet","level":28,"raw":114,"diff":114,"message":"Quiet Level: 28"}}
{"timestamp":1777114136637,"type":"alerts","deviceId":"ESP32_GREENHOUSE_01","data":{"timestamp":1777114136637,"deviceId":"ESP32_GREENHOUSE_01","event":"Quiet","level":30,"raw":120,"diff":120,"message":"Quiet Level: 30"}}
{"timestamp":1777114142710,"type":"alerts","deviceId":"ESP32_GREENHOUSE_01","data":{"timestamp":1777114142710,"deviceId":"ESP32_GREENHOUSE_01","event":"Light Activity","level":50,"raw":200,"diff":200,"message":"Light Activity Level: 50"}}
{"timestamp":1777114144726,"type":"alerts","deviceId":"ESP32_GREENHOUSE_01","data":{"timestamp":1777114144726,"deviceId":"ESP32_GREENHOUSE_01","event":"Quiet","level":39,"raw":156,"diff":156,"message":"Quiet Level: 39"}}
{"timestamp":1777114150773,"type":"alerts","deviceId":"ESP32_GREENHOUSE_01","data":{"timestamp":1777114150773,"deviceId":"ESP32_GREENHOUSE_01","event":"Quiet","level":30,"raw":122,"diff":122,"message":"Quiet Level: 30"}}
{"timestamp":1777114156822,"type":"alerts","deviceId":"ESP32_GREENHOUSE_01","data":{"timestamp":1777114156822,"deviceId":"ESP32_GREENHOUSE_01","event":"Quiet","level":42,"raw":169,"diff":169,"message":"Quiet Level: 42"}}
{"timestamp":1777114162873,"type":"alerts","deviceId":"ESP32_GREENHOUSE_01","data":{"timestamp":1777114162873,"deviceId":"ESP32_GREENHOUSE_01","event":"Quiet","level":35,"raw":141,"diff":141,"message":"Quiet Level: 35"}}
{"timestamp":1777114168925,"type":"alerts","deviceId":"ESP32_GREENHOUSE_01","data":{"timestamp":1777114168925,"deviceId":"ESP32_GREENHOUSE_01","event":"Quiet","level":34,"raw":137,"diff":137,"message":"Quiet Level: 34"}}
{"timestamp":1777114170966,"type":"alerts","deviceId":"ESP32_GREENHOUSE_01","data":{"timestamp":1777114170966,"deviceId":"ESP32_GREENHOUSE_01","event":"Light Activity","level":47,"raw":189,"diff":189,"message":"Light Activity Level: 47"}}
{"timestamp":1777114174998,"type":"alerts","deviceId":"ESP32_GREENHOUSE_01","data":{"timestamp":1777114174998,"deviceId":"ESP32_GREENHOUSE_01","event":"Quiet","level":40,"raw":163,"diff":163,"message":"Quiet Level: 40"}}
{"timestamp":1777114181046,"type":"alerts","deviceId":"ESP32_GREENHOUSE_01","data":{"timestamp":1777114181046,"deviceId":"ESP32_GREENHOUSE_01","event":"Quiet","level":32,"raw":129,"diff":129,"message":"Quiet Level: 32"}}
{"timestamp":1777114187094,"type":"alerts","deviceId":"ESP32_GREENHOUSE_01","data":{"timestamp":1777114187094,"deviceId":"ESP32_GREENHOUSE_01","event":"Quiet","level":34,"raw":138,"diff":138,"message":"Quiet Level: 34"}}
{"timestamp":1777114189110,"type":"alerts","deviceId":"ESP32_GREENHOUSE_01","data":{"timestamp":1777114189110,"deviceId":"ESP32_GREENHOUSE_01","event":"Light Activity","level":47,"raw":190,"diff":190,"message":"Light Activity Level: 47"}}
{"timestamp":1777114193142,"type":"alerts","deviceId":"ESP32_GREENHOUSE_01","data":{"timestamp":1777114193142,"deviceId":"ESP32_GREENHOUSE_01","event":"Quiet","level":32,"raw":131,"diff":131,"message":"Quiet Level: 32"}}
{"timestamp":1777114199196,"type":"alerts","deviceId":"ESP32_GREENHOUSE_01","data":{"timestamp":1777114199195,"deviceId":"ESP32_GREENHOUSE_01","event":"Quiet","level":37,"raw":148,"diff":148,"message":"Quiet Level: 37"}}
{"timestamp":1777114201214,"type":"alerts","deviceId":"ESP32_GREENHOUSE_01","data":{"timestamp":1777114201214,"deviceId":"ESP32_GREENHOUSE_01","event":"Restless","level":68,"raw":272,"diff":272,"message":"Restless Level: 68"}}
{"timestamp":1777114203254,"type":"alerts","deviceId":"ESP32_GREENHOUSE_01","data":{"timestamp":1777114203254,"deviceId":"ESP32_GREENHOUSE_01","event":"Light Activity","level":45,"raw":180,"diff":180,"message":"Light Activity Level: 45"}}
{"timestamp":1777114205270,"type":"alerts","deviceId":"ESP32_GREENHOUSE_01","data":{"timestamp":1777114205270,"deviceId":"ESP32_GREENHOUSE_01","event":"Quiet","level":38,"raw":155,"diff":155,"message":"Quiet Level: 38"}}
{"timestamp":1777114209302,"type":"alerts","deviceId":"ESP32_GREENHOUSE_01","data":{"timestamp":1777114209302,"deviceId":"ESP32_GREENHOUSE_01","event":"Light Activity","level":54,"raw":219,"diff":219,"message":"Light Activity Level: 54"}}
{"timestamp":1777114211319,"type":"alerts","deviceId":"ESP32_GREENHOUSE_01","data":{"timestamp":1777114211319,"deviceId":"ESP32_GREENHOUSE_01","event":"CRYING","level":64,"raw":259,"diff":259,"message":"CRYING DETECTED! ⚠️ Level: 64"}}
{"timestamp":1777114221398,"type":"alerts","deviceId":"ESP32_GREENHOUSE_01","data":{"timestamp":1777114221398,"deviceId":"ESP32_GREENHOUSE_01","event":"Light Activity","level":44,"raw":179,"diff":179,"message":"Light Activity Level: 44"}}
{"timestamp":1777114223415,"type":"alerts","deviceId":"ESP32_GREENHOUSE_01","data":{"timestamp":1777114223415,"deviceId":"ESP32_GREENHOUSE_01","event":"Quiet","level":43,"raw":172,"diff":172,"message":"Quiet Level: 43"}}
{"timestamp":1777114229466,"type":"alerts","deviceId":"ESP32_GREENHOUSE_01","data":{"timestamp":1777114229466,"deviceId":"ESP32_GREENHOUSE_01","event":"Restless","level":69,"raw":278,"diff":278,"message":"Restless Level: 69"}}
{"timestamp":1777114231485,"type":"alerts","deviceId":"ESP32_GREENHOUSE_01","data":{"timestamp":1777114231485,"deviceId":"ESP32_GREENHOUSE_01","event":"Light Activity","level":50,"raw":202,"diff":202,"message":"Light Activity Level: 50"}}
{"timestamp":1777114233502,"type":"alerts","deviceId":"ESP32_GREENHOUSE_01","data":{"timestamp":1777114233502,"deviceId":"ESP32_GREENHOUSE_01","event":"Quiet","level":34,"raw":136,"diff":136,"message":"Quiet Level: 34"}}
{"timestamp":1777114237559,"type":"alerts","deviceId":"ESP32_GREENHOUSE_01","data":{"timestamp":1777114237559,"deviceId":"ESP32_GREENHOUSE_01","event":"Light Activity","level":48,"raw":194,"diff":194,"message":"Light Activity Level: 48"}}
{"timestamp":1777114239575,"type":"alerts","deviceId":"ESP32_GREENHOUSE_01","data":{"timestamp":1777114239575,"deviceId":"ESP32_GREENHOUSE_01","event":"Quiet","level":32,"raw":128,"diff":128,"message":"Quiet Level: 32"}}
{"timestamp":1777114243607,"type":"alerts","deviceId":"ESP32_GREENHOUSE_01","data":{"timestamp":1777114243606,"deviceId":"ESP32_GREENHOUSE_01","event":"CRYING","level":76,"raw":307,"diff":307,"message":"CRYING DETECTED! ⚠️ Level: 76"}}
{"timestamp":1777114245623,"type":"alerts","deviceId":"ESP32_GREENHOUSE_01","data":{"timestamp":1777114245623,"deviceId":"ESP32_GREENHOUSE_01","event":"Light Activity","level":53,"raw":212,"diff":212,"message":"Light Activity Level: 53"}}
{"timestamp":1777114247638,"type":"alerts","deviceId":"ESP32_GREENHOUSE_01","data":{"timestamp":1777114247638,"deviceId":"ESP32_GREENHOUSE_01","event":"Quiet","level":36,"raw":144,"diff":144,"message":"Quiet Level: 36"}}
{"timestamp":1777114251671,"type":"alerts","deviceId":"ESP32_GREENHOUSE_01","data":{"timestamp":1777114251671,"deviceId":"ESP32_GREENHOUSE_01","event":"Light Activity","level":46,"raw":185,"diff":185,"message":"Light Activity Level: 46"}}
{"timestamp":1777114253686,"type":"alerts","deviceId":"ESP32_GREENHOUSE_01","data":{"timestamp":1777114253686,"deviceId":"ESP32_GREENHOUSE_01","event":"Quiet","level":28,"raw":112,"diff":112,"message":"Quiet Level: 28"}}
{"timestamp":1777114257719,"type":"alerts","deviceId":"ESP32_GREENHOUSE_01","data":{"timestamp":1777114257719,"deviceId":"ESP32_GREENHOUSE_01","event":"Light Activity","level":48,"raw":194,"diff":194,"message":"Light Activity Level: 48"}}
{"timestamp":1777114259736,"type":"alerts","deviceId":"ESP32_GREENHOUSE_01","data":{"timestamp":1777114259736,"deviceId":"ESP32_GREENHOUSE_01","event":"Quiet","level":36,"raw":144,"diff":144,"message":"Quiet Level: 36"}}
{"timestamp":1777114261755,"type":"alerts","deviceId":"ESP32_GREENHOUSE_01","data":{"timestamp":1777114261754,"deviceId":"ESP32_GREENHOUSE_01","event":"Restless","level":65,"raw":262,"diff":262,"message":"Restless Level: 65"}}
{"timestamp":1777114265792,"type":"alerts","deviceId":"ESP32_GREENHOUSE_01","data":{"timestamp":1777114265792,"deviceId":"ESP32_GREENHOUSE_01","event":"Quiet","level":35,"raw":143,"diff":143,"message":"Quiet Level: 35"}}
{"timestamp":1777114267831,"type":"alerts","deviceId":"ESP32_GREENHOUSE_01","data":{"timestamp":1777114267831,"deviceId":"ESP32_GREENHOUSE_01","event":"Light Activity","level":49,"raw":199,"diff":199,"message":"Light Activity Level: 49"}}
{"timestamp":1777114271863,"type":"alerts","deviceId":"ESP32_GREENHOUSE_01","data":{"timestamp":1777114271863,"deviceId":"ESP32_GREENHOUSE_01","event":"Quiet","level":38,"raw":152,"diff":152,"message":"Quiet Level: 38"}}
{"timestamp":1777114277910,"type":"alerts","deviceId":"ESP32_GREENHOUSE_01","data":{"timestamp":1777114277910,"deviceId":"ESP32_GREENHOUSE_01","event":"Quiet","level":31,"raw":124,"diff":124,"message":"Quiet Level: 31"}}
{"timestamp":1777114283958,"type":"alerts","deviceId":"ESP32_GREENHOUSE_01","data":{"timestamp":1777114283958,"deviceId":"ESP32_GREENHOUSE_01","event":"Quiet","level":35,"raw":142,"diff":142,"message":"Quiet Level: 35"}}
{"timestamp":1777114285975,"type":"alerts","deviceId":"ESP32_GREENHOUSE_01","data":{"timestamp":1777114285975,"deviceId":"ESP32_GREENHOUSE_01","event":"Light Activity","level":50,"raw":201,"diff":201,"message":"Light Activity Level: 50"}}
{"timestamp":1777114290007,"type":"alerts","deviceId":"ESP32_GREENHOUSE_01","data":{"timestamp":1777114290007,"deviceId":"ESP32_GREENHOUSE_01","event":"Restless","level":70,"raw":281,"diff":281,"message":"Restless Level: 70"}}
{"timestamp":1777114292023,"type":"alerts","deviceId":"ESP32_GREENHOUSE_01","data":{"timestamp":1777114292023,"deviceId":"ESP32_GREENHOUSE_01","event":"Quiet","level":34,"raw":136,"diff":136,"message":"Quiet Level: 34"}}
{"timestamp":1777114296059,"type":"alerts","deviceId":"ESP32_GREENHOUSE_01","data":{"timestamp":1777114296059,"deviceId":"ESP32_GREENHOUSE_01","event":"Light Activity","level":49,"raw":197,"diff":197,"message":"Light Activity Level: 49"}}
{"timestamp":1777114302135,"type":"alerts","deviceId":"ESP32_GREENHOUSE_01","data":{"timestamp":1777114302135,"deviceId":"ESP32_GREENHOUSE_01","event":"Quiet","level":38,"raw":154,"diff":154,"message":"Quiet Level: 38"}}
{"timestamp":1777114304151,"type":"alerts","deviceId":"ESP32_GREENHOUSE_01","data":{"timestamp":1777114304151,"deviceId":"ESP32_GREENHOUSE_01","event":"Light Activity","level":44,"raw":179,"diff":179,"message":"Light Activity Level: 44"}}
{"timestamp":1777114308183,"type":"alerts","deviceId":"ESP32_GREENHOUSE_01","data":{"timestamp":1777114308183,"deviceId":"ESP32_GREENHOUSE_01","event":"Quiet","level":29,"raw":117,"diff":117,"message":"Quiet Level: 29"}}
{"timestamp":1777114314231,"type":"alerts","deviceId":"ESP32_GREENHOUSE_01","data":{"timestamp":1777114314231,"deviceId":"ESP32_GREENHOUSE_01","event":"Quiet","level":30,"raw":120,"diff":120,"message":"Quiet Level: 30"}}
{"timestamp":1777114318263,"type":"alerts","deviceId":"ESP32_GREENHOUSE_01","data":{"timestamp":1777114318263,"deviceId":"ESP32_GREENHOUSE_01","event":"Light Activity","level":50,"raw":200,"diff":200,"message":"Light Activity Level: 50"}}
{"timestamp":1777114320279,"type":"alerts","deviceId":"ESP32_GREENHOUSE_01","data":{"timestamp":1777114320279,"deviceId":"ESP32_GREENHOUSE_01","event":"Quiet","level":29,"raw":119,"diff":119,"message":"Quiet Level: 29"}}
{"timestamp":1777114326332,"type":"alerts","deviceId":"ESP32_GREENHOUSE_01","data":{"timestamp":1777114326332,"deviceId":"ESP32_GREENHOUSE_01","event":"Light Activity","level":49,"raw":196,"diff":196,"message":"Light Activity Level: 49"}}
{"timestamp":1777114328350,"type":"alerts","deviceId":"ESP32_GREENHOUSE_01","data":{"timestamp":1777114328349,"deviceId":"ESP32_GREENHOUSE_01","event":"Quiet","level":41,"raw":166,"diff":166,"message":"Quiet Level: 41"}}
{"timestamp":1777114332384,"type":"alerts","deviceId":"ESP32_GREENHOUSE_01","data":{"timestamp":1777114332383,"deviceId":"ESP32_GREENHOUSE_01","event":"Light Activity","level":47,"raw":191,"diff":191,"message":"Light Activity Level: 47"}}
{"timestamp":1777114334423,"type":"alerts","deviceId":"ESP32_GREENHOUSE_01","data":{"timestamp":1777114334423,"deviceId":"ESP32_GREENHOUSE_01","event":"Restless","level":70,"raw":282,"diff":282,"message":"Restless Level: 70"}}
{"timestamp":1777114338455,"type":"alerts","deviceId":"ESP32_GREENHOUSE_01","data":{"timestamp":1777114338455,"deviceId":"ESP32_GREENHOUSE_01","event":"Quiet","level":40,"raw":162,"diff":162,"message":"Quiet Level: 40"}}
{"timestamp":1777114342489,"type":"alerts","deviceId":"ESP32_GREENHOUSE_01","data":{"timestamp":1777114342489,"deviceId":"ESP32_GREENHOUSE_01","event":"Light Activity","level":50,"raw":200,"diff":200,"message":"Light Activity Level: 50"}}
{"timestamp":1777114346520,"type":"alerts","deviceId":"ESP32_GREENHOUSE_01","data":{"timestamp":1777114346519,"deviceId":"ESP32_GREENHOUSE_01","event":"Quiet","level":40,"raw":161,"diff":161,"message":"Quiet Level: 40"}}
{"timestamp":1777114348535,"type":"alerts","deviceId":"ESP32_GREENHOUSE_01","data":{"timestamp":1777114348535,"deviceId":"ESP32_GREENHOUSE_01","event":"Light Activity","level":49,"raw":198,"diff":198,"message":"Light Activity Level: 49"}}
{"timestamp":1777114352568,"type":"alerts","deviceId":"ESP32_GREENHOUSE_01","data":{"timestamp":1777114352567,"deviceId":"ESP32_GREENHOUSE_01","event":"Quiet","level":31,"raw":126,"diff":126,"message":"Quiet Level: 31"}}
{"timestamp":1777114358617,"type":"alerts","deviceId":"ESP32_GREENHOUSE_01","data":{"timestamp":1777114358617,"deviceId":"ESP32_GREENHOUSE_01","event":"Quiet","level":39,"raw":159,"diff":159,"message":"Quiet Level: 39"}}
{"timestamp":1777114362653,"type":"alerts","deviceId":"ESP32_GREENHOUSE_01","data":{"timestamp":1777114362653,"deviceId":"ESP32_GREENHOUSE_01","event":"Light Activity","level":53,"raw":215,"diff":215,"message":"Light Activity Level: 53"}}
{"timestamp":1777114368727,"type":"alerts","deviceId":"ESP32_GREENHOUSE_01","data":{"timestamp":1777114368727,"deviceId":"ESP32_GREENHOUSE_01","event":"Light Activity","level":52,"raw":210,"diff":210,"message":"Light Activity Level: 52"}}
{"timestamp":1777114370745,"type":"alerts","deviceId":"ESP32_GREENHOUSE_01","data":{"timestamp":1777114370745,"deviceId":"ESP32_GREENHOUSE_01","event":"Restless","level":84,"raw":336,"diff":336,"message":"Restless Level: 84"}}
{"timestamp":1777114372759,"type":"alerts","deviceId":"ESP32_GREENHOUSE_01","data":{"timestamp":1777114372759,"deviceId":"ESP32_GREENHOUSE_01","event":"Quiet","level":40,"raw":162,"diff":162,"message":"Quiet Level: 40"}}
{"timestamp":1777114374776,"type":"alerts","deviceId":"ESP32_GREENHOUSE_01","data":{"timestamp":1777114374776,"deviceId":"ESP32_GREENHOUSE_01","event":"Light Activity","level":48,"raw":195,"diff":195,"message":"Light Activity Level: 48"}}
{"timestamp":1777114378807,"type":"alerts","deviceId":"ESP32_GREENHOUSE_01","data":{"timestamp":1777114378807,"deviceId":"ESP32_GREENHOUSE_01","event":"Restless","level":62,"raw":248,"diff":248,"message":"Restless Level: 62"}}
{"timestamp":1777114380823,"type":"alerts","deviceId":"ESP32_GREENHOUSE_01","data":{"timestamp":1777114380823,"deviceId":"ESP32_GREENHOUSE_01","event":"Quiet","level":38,"raw":152,"diff":152,"message":"Quiet Level: 38"}}
{"timestamp":1777114382839,"type":"alerts","deviceId":"ESP32_GREENHOUSE_01","data":{"timestamp":1777114382839,"deviceId":"ESP32_GREENHOUSE_01","event":"Light Activity","level":53,"raw":213,"diff":213,"message":"Light Activity Level: 53"}}
{"timestamp":1777114386872,"type":"alerts","deviceId":"ESP32_GREENHOUSE_01","data":{"timestamp":1777114386871,"deviceId":"ESP32_GREENHOUSE_01","event":"Restless","level":62,"raw":248,"diff":248,"message":"Restless Level: 62"}}
{"timestamp":1777114388888,"type":"alerts","deviceId":"ESP32_GREENHOUSE_01","data":{"timestamp":1777114388888,"deviceId":"ESP32_GREENHOUSE_01","event":"Quiet","level":32,"raw":131,"diff":131,"message":"Quiet Level: 32"}}
{"timestamp":1777114394941,"type":"alerts","deviceId":"ESP32_GREENHOUSE_01","data":{"timestamp":1777114394941,"deviceId":"ESP32_GREENHOUSE_01","event":"Light Activity","level":52,"raw":208,"diff":208,"message":"Light Activity Level: 52"}}
{"timestamp":1777114396960,"type":"alerts","deviceId":"ESP32_GREENHOUSE_01","data":{"timestamp":1777114396960,"deviceId":"ESP32_GREENHOUSE_01","event":"Quiet","level":29,"raw":118,"diff":118,"message":"Quiet Level: 29"}}
{"timestamp":1777114401018,"type":"alerts","deviceId":"ESP32_GREENHOUSE_01","data":{"timestamp":1777114401018,"deviceId":"ESP32_GREENHOUSE_01","event":"Light Activity","level":45,"raw":180,"diff":180,"message":"Light Activity Level: 45"}}
{"timestamp":1777114403032,"type":"alerts","deviceId":"ESP32_GREENHOUSE_01","data":{"timestamp":1777114403032,"deviceId":"ESP32_GREENHOUSE_01","event":"Quiet","level":32,"raw":130,"diff":130,"message":"Quiet Level: 32"}}
{"timestamp":1777114407063,"type":"alerts","deviceId":"ESP32_GREENHOUSE_01","data":{"timestamp":1777114407063,"deviceId":"ESP32_GREENHOUSE_01","event":"Restless","level":66,"raw":266,"diff":266,"message":"Restless Level: 66"}}
{"timestamp":1777114411096,"type":"alerts","deviceId":"ESP32_GREENHOUSE_01","data":{"timestamp":1777114411096,"deviceId":"ESP32_GREENHOUSE_01","event":"Quiet","level":29,"raw":119,"diff":119,"message":"Quiet Level: 29"}}
{"timestamp":1777114415128,"type":"alerts","deviceId":"ESP32_GREENHOUSE_01","data":{"timestamp":1777114415128,"deviceId":"ESP32_GREENHOUSE_01","event":"Restless","level":59,"raw":239,"diff":239,"message":"Restless Level: 59"}}
{"timestamp":1777114417144,"type":"alerts","deviceId":"ESP32_GREENHOUSE_01","data":{"timestamp":1777114417143,"deviceId":"ESP32_GREENHOUSE_01","event":"Quiet","level":37,"raw":150,"diff":150,"message":"Quiet Level: 37"}}
{"timestamp":1777114419160,"type":"alerts","deviceId":"ESP32_GREENHOUSE_01","data":{"timestamp":1777114419160,"deviceId":"ESP32_GREENHOUSE_01","event":"Light Activity","level":48,"raw":194,"diff":194,"message":"Light Activity Level: 48"}}
{"timestamp":1777114423192,"type":"alerts","deviceId":"ESP32_GREENHOUSE_01","data":{"timestamp":1777114423192,"deviceId":"ESP32_GREENHOUSE_01","event":"Quiet","level":41,"raw":166,"diff":166,"message":"Quiet Level: 41"}}
{"timestamp":1777114427232,"type":"alerts","deviceId":"ESP32_GREENHOUSE_01","data":{"timestamp":1777114427231,"deviceId":"ESP32_GREENHOUSE_01","event":"Light Activity","level":56,"raw":225,"diff":225,"message":"Light Activity Level: 56"}}
{"timestamp":1777114429246,"type":"alerts","deviceId":"ESP32_GREENHOUSE_01","data":{"timestamp":1777114429246,"deviceId":"ESP32_GREENHOUSE_01","event":"Quiet","level":43,"raw":174,"diff":174,"message":"Quiet Level: 43"}}
{"timestamp":1777114435321,"type":"alerts","deviceId":"ESP32_GREENHOUSE_01","data":{"timestamp":1777114435321,"deviceId":"ESP32_GREENHOUSE_01","event":"Light Activity","level":47,"raw":190,"diff":190,"message":"Light Activity Level: 47"}}
{"timestamp":1777114441368,"type":"alerts","deviceId":"ESP32_GREENHOUSE_01","data":{"timestamp":1777114441368,"deviceId":"ESP32_GREENHOUSE_01","event":"Restless","level":134,"raw":539,"diff":539,"message":"Restless Level: 134"}}
{"timestamp":1777114445400,"type":"alerts","deviceId":"ESP32_GREENHOUSE_01","data":{"timestamp":1777114445400,"deviceId":"ESP32_GREENHOUSE_01","event":"Light Activity","level":52,"raw":209,"diff":209,"message":"Light Activity Level: 52"}}
{"timestamp":1777114449432,"type":"alerts","deviceId":"ESP32_GREENHOUSE_01","data":{"timestamp":1777114449432,"deviceId":"ESP32_GREENHOUSE_01","event":"Quiet","level":41,"raw":166,"diff":166,"message":"Quiet Level: 41"}}
{"timestamp":1777114453464,"type":"alerts","deviceId":"ESP32_GREENHOUSE_01","data":{"timestamp":1777114453464,"deviceId":"ESP32_GREENHOUSE_01","event":"Light Activity","level":48,"raw":192,"diff":192,"message":"Light Activity Level: 48"}}
{"timestamp":1777114457500,"type":"alerts","deviceId":"ESP32_GREENHOUSE_01","data":{"timestamp":1777114457500,"deviceId":"ESP32_GREENHOUSE_01","event":"CRYING","level":32,"raw":130,"diff":130,"message":"CRYING DETECTED! ⚠️ Level: 32"}}
{"timestamp":1777114465592,"type":"alerts","deviceId":"ESP32_GREENHOUSE_01","data":{"timestamp":1777114465592,"deviceId":"ESP32_GREENHOUSE_01","event":"Quiet","level":38,"raw":153,"diff":153,"message":"Quiet Level: 38"}}
{"timestamp":1777114469624,"type":"alerts","deviceId":"ESP32_GREENHOUSE_01","data":{"timestamp":1777114469624,"deviceId":"ESP32_GREENHOUSE_01","event":"Restless","level":65,"raw":262,"diff":262,"message":"Restless Level: 65"}}
{"timestamp":1777114471640,"type":"alerts","deviceId":"ESP32_GREENHOUSE_01","data":{"timestamp":1777114471640,"deviceId":"ESP32_GREENHOUSE_01","event":"Light Activity","level":44,"raw":178,"diff":178,"message":"Light Activity Level: 44"}}
{"timestamp":1777114473658,"type":"alerts","deviceId":"ESP32_GREENHOUSE_01","data":{"timestamp":1777114473658,"deviceId":"ESP32_GREENHOUSE_01","event":"Quiet","level":43,"raw":172,"diff":172,"message":"Quiet Level: 43"}}
{"timestamp":1777114479705,"type":"alerts","deviceId":"ESP32_GREENHOUSE_01","data":{"timestamp":1777114479705,"deviceId":"ESP32_GREENHOUSE_01","event":"Light Activity","level":53,"raw":212,"diff":212,"message":"Light Activity Level: 53"}}
{"timestamp":1777114481721,"type":"alerts","deviceId":"ESP32_GREENHOUSE_01","data":{"timestamp":1777114481720,"deviceId":"ESP32_GREENHOUSE_01","event":"Restless","level":59,"raw":239,"diff":239,"message":"Restless Level: 59"}}
{"timestamp":1777114483736,"type":"alerts","deviceId":"ESP32_GREENHOUSE_01","data":{"timestamp":1777114483736,"deviceId":"ESP32_GREENHOUSE_01","event":"Quiet","level":36,"raw":146,"diff":146,"message":"Quiet Level: 36"}}
{"timestamp":1777114485752,"type":"alerts","deviceId":"ESP32_GREENHOUSE_01","data":{"timestamp":1777114485752,"deviceId":"ESP32_GREENHOUSE_01","event":"Light Activity","level":54,"raw":216,"diff":216,"message":"Light Activity Level: 54"}}
{"timestamp":1777114487768,"type":"alerts","deviceId":"ESP32_GREENHOUSE_01","data":{"timestamp":1777114487768,"deviceId":"ESP32_GREENHOUSE_01","event":"Restless","level":65,"raw":260,"diff":260,"message":"Restless Level: 65"}}
{"timestamp":1777114489786,"type":"alerts","deviceId":"ESP32_GREENHOUSE_01","data":{"timestamp":1777114489786,"deviceId":"ESP32_GREENHOUSE_01","event":"Quiet","level":33,"raw":135,"diff":135,"message":"Quiet Level: 33"}}
{"timestamp":1777114493822,"type":"alerts","deviceId":"ESP32_GREENHOUSE_01","data":{"timestamp":1777114493822,"deviceId":"ESP32_GREENHOUSE_01","event":"Light Activity","level":52,"raw":208,"diff":208,"message":"Light Activity Level: 52"}}
{"timestamp":1777114495841,"type":"alerts","deviceId":"ESP32_GREENHOUSE_01","data":{"timestamp":1777114495841,"deviceId":"ESP32_GREENHOUSE_01","event":"Restless","level":68,"raw":273,"diff":273,"message":"Restless Level: 68"}}
{"timestamp":1777114497880,"type":"alerts","deviceId":"ESP32_GREENHOUSE_01","data":{"timestamp":1777114497880,"deviceId":"ESP32_GREENHOUSE_01","event":"CRYING","level":55,"raw":221,"diff":221,"message":"CRYING DETECTED! ⚠️ Level: 55"}}
{"timestamp":1777114499896,"type":"alerts","deviceId":"ESP32_GREENHOUSE_01","data":{"timestamp":1777114499896,"deviceId":"ESP32_GREENHOUSE_01","event":"Light Activity","level":54,"raw":216,"diff":216,"message":"Light Activity Level: 54"}}
{"timestamp":1777114501912,"type":"alerts","deviceId":"ESP32_GREENHOUSE_01","data":{"timestamp":1777114501912,"deviceId":"ESP32_GREENHOUSE_01","event":"Quiet","level":43,"raw":175,"diff":175,"message":"Quiet Level: 43"}}
{"timestamp":1777114507962,"type":"alerts","deviceId":"ESP32_GREENHOUSE_01","data":{"timestamp":1777114507962,"deviceId":"ESP32_GREENHOUSE_01","event":"Quiet","level":26,"raw":107,"diff":107,"message":"Quiet Level: 26"}}
{"timestamp":1777114509976,"type":"alerts","deviceId":"ESP32_GREENHOUSE_01","data":{"timestamp":1777114509976,"deviceId":"ESP32_GREENHOUSE_01","event":"Light Activity","level":44,"raw":178,"diff":178,"message":"Light Activity Level: 44"}}
{"timestamp":1777114514008,"type":"alerts","deviceId":"ESP32_GREENHOUSE_01","data":{"timestamp":1777114514008,"deviceId":"ESP32_GREENHOUSE_01","event":"Quiet","level":32,"raw":130,"diff":130,"message":"Quiet Level: 32"}}
{"timestamp":1777114520056,"type":"alerts","deviceId":"ESP32_GREENHOUSE_01","data":{"timestamp":1777114520056,"deviceId":"ESP32_GREENHOUSE_01","event":"Quiet","level":33,"raw":134,"diff":134,"message":"Quiet Level: 33"}}
{"timestamp":1777114526112,"type":"alerts","deviceId":"ESP32_GREENHOUSE_01","data":{"timestamp":1777114526111,"deviceId":"ESP32_GREENHOUSE_01","event":"Light Activity","level":45,"raw":182,"diff":182,"message":"Light Activity Level: 45"}}
{"timestamp":1777114528128,"type":"alerts","deviceId":"ESP32_GREENHOUSE_01","data":{"timestamp":1777114528128,"deviceId":"ESP32_GREENHOUSE_01","event":"Quiet","level":39,"raw":156,"diff":156,"message":"Quiet Level: 39"}}
{"timestamp":1777114534201,"type":"alerts","deviceId":"ESP32_GREENHOUSE_01","data":{"timestamp":1777114534201,"deviceId":"ESP32_GREENHOUSE_01","event":"Light Activity","level":49,"raw":199,"diff":199,"message":"Light Activity Level: 49"}}
{"timestamp":1777114536216,"type":"alerts","deviceId":"ESP32_GREENHOUSE_01","data":{"timestamp":1777114536216,"deviceId":"ESP32_GREENHOUSE_01","event":"Quiet","level":33,"raw":134,"diff":134,"message":"Quiet Level: 33"}}
{"timestamp":1777114538233,"type":"alerts","deviceId":"ESP32_GREENHOUSE_01","data":{"timestamp":1777114538233,"deviceId":"ESP32_GREENHOUSE_01","event":"Restless","level":60,"raw":243,"diff":243,"message":"Restless Level: 60"}}
{"timestamp":1777114542265,"type":"alerts","deviceId":"ESP32_GREENHOUSE_01","data":{"timestamp":1777114542264,"deviceId":"ESP32_GREENHOUSE_01","event":"CRYING","level":39,"raw":158,"diff":158,"message":"CRYING DETECTED! ⚠️ Level: 39"}}
{"timestamp":1777114546297,"type":"alerts","deviceId":"ESP32_GREENHOUSE_01","data":{"timestamp":1777114546297,"deviceId":"ESP32_GREENHOUSE_01","event":"Quiet","level":42,"raw":171,"diff":171,"message":"Quiet Level: 42"}}
{"timestamp":1777114552344,"type":"alerts","deviceId":"ESP32_GREENHOUSE_01","data":{"timestamp":1777114552344,"deviceId":"ESP32_GREENHOUSE_01","event":"Quiet","level":35,"raw":142,"diff":142,"message":"Quiet Level: 35"}}
{"timestamp":1777114556379,"type":"alerts","deviceId":"ESP32_GREENHOUSE_01","data":{"timestamp":1777114556379,"deviceId":"ESP32_GREENHOUSE_01","event":"Restless","level":68,"raw":273,"diff":273,"message":"Restless Level: 68"}}
{"timestamp":1777114558396,"type":"alerts","deviceId":"ESP32_GREENHOUSE_01","data":{"timestamp":1777114558396,"deviceId":"ESP32_GREENHOUSE_01","event":"CRYING","level":78,"raw":315,"diff":315,"message":"CRYING DETECTED! ⚠️ Level: 78"}}
{"timestamp":1777114560415,"type":"alerts","deviceId":"ESP32_GREENHOUSE_01","data":{"timestamp":1777114560415,"deviceId":"ESP32_GREENHOUSE_01","event":"Quiet","level":42,"raw":171,"diff":171,"message":"Quiet Level: 42"}}
{"timestamp":1777114562456,"type":"alerts","deviceId":"ESP32_GREENHOUSE_01","data":{"timestamp":1777114562456,"deviceId":"ESP32_GREENHOUSE_01","event":"Restless","level":63,"raw":255,"diff":255,"message":"Restless Level: 63"}}
{"timestamp":1777114566490,"type":"alerts","deviceId":"ESP32_GREENHOUSE_01","data":{"timestamp":1777114566489,"deviceId":"ESP32_GREENHOUSE_01","event":"Quiet","level":35,"raw":142,"diff":142,"message":"Quiet Level: 35"}}
{"timestamp":1777114568505,"type":"alerts","deviceId":"ESP32_GREENHOUSE_01","data":{"timestamp":1777114568504,"deviceId":"ESP32_GREENHOUSE_01","event":"Light Activity","level":45,"raw":181,"diff":181,"message":"Light Activity Level: 45"}}
{"timestamp":1777114572539,"type":"alerts","deviceId":"ESP32_GREENHOUSE_01","data":{"timestamp":1777114572539,"deviceId":"ESP32_GREENHOUSE_01","event":"Restless","level":71,"raw":286,"diff":286,"message":"Restless Level: 71"}}
{"timestamp":1777114574554,"type":"alerts","deviceId":"ESP32_GREENHOUSE_01","data":{"timestamp":1777114574554,"deviceId":"ESP32_GREENHOUSE_01","event":"Light Activity","level":57,"raw":231,"diff":231,"message":"Light Activity Level: 57"}}
{"timestamp":1777114578584,"type":"alerts","deviceId":"ESP32_GREENHOUSE_01","data":{"timestamp":1777114578584,"deviceId":"ESP32_GREENHOUSE_01","event":"Restless","level":80,"raw":323,"diff":323,"message":"Restless Level: 80"}}
{"timestamp":1777114580601,"type":"alerts","deviceId":"ESP32_GREENHOUSE_01","data":{"timestamp":1777114580600,"deviceId":"ESP32_GREENHOUSE_01","event":"Quiet","level":40,"raw":160,"diff":160,"message":"Quiet Level: 40"}}
{"timestamp":1777114586649,"type":"alerts","deviceId":"ESP32_GREENHOUSE_01","data":{"timestamp":1777114586649,"deviceId":"ESP32_GREENHOUSE_01","event":"Quiet","level":34,"raw":137,"diff":137,"message":"Quiet Level: 34"}}
{"timestamp":1777114592703,"type":"alerts","deviceId":"ESP32_GREENHOUSE_01","data":{"timestamp":1777114592703,"deviceId":"ESP32_GREENHOUSE_01","event":"Light Activity","level":49,"raw":199,"diff":199,"message":"Light Activity Level: 49"}}
{"timestamp":1777114594744,"type":"alerts","deviceId":"ESP32_GREENHOUSE_01","data":{"timestamp":1777114594744,"deviceId":"ESP32_GREENHOUSE_01","event":"Restless","level":62,"raw":251,"diff":251,"message":"Restless Level: 62"}}
{"timestamp":1777114598777,"type":"alerts","deviceId":"ESP32_GREENHOUSE_01","data":{"timestamp":1777114598776,"deviceId":"ESP32_GREENHOUSE_01","event":"Quiet","level":34,"raw":136,"diff":136,"message":"Quiet Level: 34"}}
{"timestamp":1777114600792,"type":"alerts","deviceId":"ESP32_GREENHOUSE_01","data":{"timestamp":1777114600792,"deviceId":"ESP32_GREENHOUSE_01","event":"Light Activity","level":53,"raw":213,"diff":213,"message":"Light Activity Level: 53"}}
{"timestamp":1777114604824,"type":"alerts","deviceId":"ESP32_GREENHOUSE_01","data":{"timestamp":1777114604824,"deviceId":"ESP32_GREENHOUSE_01","event":"Quiet","level":41,"raw":166,"diff":166,"message":"Quiet Level: 41"}}
{"timestamp":1777114610874,"type":"alerts","deviceId":"ESP32_GREENHOUSE_01","data":{"timestamp":1777114610874,"deviceId":"ESP32_GREENHOUSE_01","event":"Light Activity","level":45,"raw":182,"diff":182,"message":"Light Activity Level: 45"}}
{"timestamp":1777114616923,"type":"alerts","deviceId":"ESP32_GREENHOUSE_01","data":{"timestamp":1777114616923,"deviceId":"ESP32_GREENHOUSE_01","event":"Light Activity","level":48,"raw":192,"diff":192,"message":"Light Activity Level: 48"}}
{"timestamp":1777114620955,"type":"alerts","deviceId":"ESP32_GREENHOUSE_01","data":{"timestamp":1777114620955,"deviceId":"ESP32_GREENHOUSE_01","event":"Restless","level":68,"raw":273,"diff":273,"message":"Restless Level: 68"}}
{"timestamp":1777114624992,"type":"alerts","deviceId":"ESP32_GREENHOUSE_01","data":{"timestamp":1777114624992,"deviceId":"ESP32_GREENHOUSE_01","event":"Quiet","level":43,"raw":172,"diff":172,"message":"Quiet Level: 43"}}
{"timestamp":1777114627033,"type":"alerts","deviceId":"ESP32_GREENHOUSE_01","data":{"timestamp":1777114627033,"deviceId":"ESP32_GREENHOUSE_01","event":"Light Activity","level":53,"raw":213,"diff":213,"message":"Light Activity Level: 53"}}
{"timestamp":1777114629050,"type":"alerts","deviceId":"ESP32_GREENHOUSE_01","data":{"timestamp":1777114629050,"deviceId":"ESP32_GREENHOUSE_01","event":"CRYING","level":95,"raw":382,"diff":382,"message":"CRYING DETECTED! ⚠️ Level: 95"}}
{"timestamp":1777114633081,"type":"alerts","deviceId":"ESP32_GREENHOUSE_01","data":{"timestamp":1777114633081,"deviceId":"ESP32_GREENHOUSE_01","event":"Quiet","level":40,"raw":163,"diff":163,"message":"Quiet Level: 40"}}
{"timestamp":1777114635097,"type":"alerts","deviceId":"ESP32_GREENHOUSE_01","data":{"timestamp":1777114635097,"deviceId":"ESP32_GREENHOUSE_01","event":"Restless","level":70,"raw":281,"diff":281,"message":"Restless Level: 70"}}
{"timestamp":1777114637116,"type":"alerts","deviceId":"ESP32_GREENHOUSE_01","data":{"timestamp":1777114637115,"deviceId":"ESP32_GREENHOUSE_01","event":"Light Activity","level":57,"raw":230,"diff":230,"message":"Light Activity Level: 57"}}
{"timestamp":1777114643161,"type":"alerts","deviceId":"ESP32_GREENHOUSE_01","data":{"timestamp":1777114643161,"deviceId":"ESP32_GREENHOUSE_01","event":"Restless","level":66,"raw":266,"diff":266,"message":"Restless Level: 66"}}
{"timestamp":1777114647193,"type":"alerts","deviceId":"ESP32_GREENHOUSE_01","data":{"timestamp":1777114647193,"deviceId":"ESP32_GREENHOUSE_01","event":"Light Activity","level":52,"raw":211,"diff":211,"message":"Light Activity Level: 52"}}
{"timestamp":1777114649209,"type":"alerts","deviceId":"ESP32_GREENHOUSE_01","data":{"timestamp":1777114649209,"deviceId":"ESP32_GREENHOUSE_01","event":"Restless","level":72,"raw":290,"diff":290,"message":"Restless Level: 72"}}
{"timestamp":1777114653244,"type":"alerts","deviceId":"ESP32_GREENHOUSE_01","data":{"timestamp":1777114653244,"deviceId":"ESP32_GREENHOUSE_01","event":"CRYING","level":55,"raw":222,"diff":222,"message":"CRYING DETECTED! ⚠️ Level: 55"}}
{"timestamp":1777114663353,"type":"alerts","deviceId":"ESP32_GREENHOUSE_01","data":{"timestamp":1777114663353,"deviceId":"ESP32_GREENHOUSE_01","event":"CRYING","level":53,"raw":212,"diff":212,"message":"CRYING DETECTED! ⚠️ Level: 53"}}
{"timestamp":1777114667386,"type":"alerts","deviceId":"ESP32_GREENHOUSE_01","data":{"timestamp":1777114667386,"deviceId":"ESP32_GREENHOUSE_01","event":"Restless","level":71,"raw":287,"diff":287,"message":"Restless Level: 71"}}
{"timestamp":1777114673435,"type":"alerts","deviceId":"ESP32_GREENHOUSE_01","data":{"timestamp":1777114673435,"deviceId":"ESP32_GREENHOUSE_01","event":"CRYING","level":88,"raw":352,"diff":352,"message":"CRYING DETECTED! ⚠️ Level: 88"}}
{"timestamp":1777114683514,"type":"alerts","deviceId":"ESP32_GREENHOUSE_01","data":{"timestamp":1777114683514,"deviceId":"ESP32_GREENHOUSE_01","event":"CRYING","level":68,"raw":273,"diff":273,"message":"CRYING DETECTED! ⚠️ Level: 68"}}
{"timestamp":1777114693625,"type":"alerts","deviceId":"ESP32_GREENHOUSE_01","data":{"timestamp":1777114693625,"deviceId":"ESP32_GREENHOUSE_01","event":"CRYING","level":84,"raw":339,"diff":339,"message":"CRYING DETECTED! ⚠️ Level: 84"}}
{"timestamp":1777114703706,"type":"alerts","deviceId":"ESP32_GREENHOUSE_01","data":{"timestamp":1777114703705,"deviceId":"ESP32_GREENHOUSE_01","event":"CRYING","level":85,"raw":343,"diff":343,"message":"CRYING DETECTED! ⚠️ Level: 85"}}
{"timestamp":1777114713785,"type":"alerts","deviceId":"ESP32_GREENHOUSE_01","data":{"timestamp":1777114713785,"deviceId":"ESP32_GREENHOUSE_01","event":"CRYING","level":85,"raw":343,"diff":343,"message":"CRYING DETECTED! ⚠️ Level: 85"}}
{"timestamp":1777114723875,"type":"alerts","deviceId":"ESP32_GREENHOUSE_01","data":{"timestamp":1777114723875,"deviceId":"ESP32_GREENHOUSE_01","event":"CRYING","level":88,"raw":355,"diff":355,"message":"CRYING DETECTED! ⚠️ Level: 88"}}
{"timestamp":1777114733978,"type":"alerts","deviceId":"ESP32_GREENHOUSE_01","data":{"timestamp":1777114733978,"deviceId":"ESP32_GREENHOUSE_01","event":"CRYING","level":68,"raw":274,"diff":274,"message":"CRYING DETECTED! ⚠️ Level: 68"}}
{"timestamp":1777114744058,"type":"alerts","deviceId":"ESP32_GREENHOUSE_01","data":{"timestamp":1777114744058,"deviceId":"ESP32_GREENHOUSE_01","event":"CRYING","level":91,"raw":365,"diff":365,"message":"CRYING DETECTED! ⚠️ Level: 91"}}
{"timestamp":1777114754149,"type":"alerts","deviceId":"ESP32_GREENHOUSE_01","data":{"timestamp":1777114754148,"deviceId":"ESP32_GREENHOUSE_01","event":"CRYING","level":63,"raw":253,"diff":253,"message":"CRYING DETECTED! ⚠️ Level: 63"}}
{"timestamp":1777114764250,"type":"alerts","deviceId":"ESP32_GREENHOUSE_01","data":{"timestamp":1777114764250,"deviceId":"ESP32_GREENHOUSE_01","event":"CRYING","level":67,"raw":270,"diff":270,"message":"CRYING DETECTED! ⚠️ Level: 67"}}
{"timestamp":1777114774331,"type":"alerts","deviceId":"ESP32_GREENHOUSE_01","data":{"timestamp":1777114774331,"deviceId":"ESP32_GREENHOUSE_01","event":"CRYING","level":61,"raw":244,"diff":244,"message":"CRYING DETECTED! ⚠️ Level: 61"}}
{"timestamp":1777114784415,"type":"alerts","deviceId":"ESP32_GREENHOUSE_01","data":{"timestamp":1777114784415,"deviceId":"ESP32_GREENHOUSE_01","event":"CRYING","level":61,"raw":247,"diff":247,"message":"CRYING DETECTED! ⚠️ Level: 61"}}
{"timestamp":1777114794524,"type":"alerts","deviceId":"ESP32_GREENHOUSE_01","data":{"timestamp":1777114794524,"deviceId":"ESP32_GREENHOUSE_01","event":"CRYING","level":84,"raw":337,"diff":337,"message":"CRYING DETECTED! ⚠️ Level: 84"}}
{"timestamp":1777114804602,"type":"alerts","deviceId":"ESP32_GREENHOUSE_01","data":{"timestamp":1777114804602,"deviceId":"ESP32_GREENHOUSE_01","event":"CRYING","level":72,"raw":290,"diff":290,"message":"CRYING DETECTED! ⚠️ Level: 72"}}
{"timestamp":1777114814686,"type":"alerts","deviceId":"ESP32_GREENHOUSE_01","data":{"timestamp":1777114814685,"deviceId":"ESP32_GREENHOUSE_01","event":"CRYING","level":89,"raw":359,"diff":359,"message":"CRYING DETECTED! ⚠️ Level: 89"}}
{"timestamp":1777114824797,"type":"alerts","deviceId":"ESP32_GREENHOUSE_01","data":{"timestamp":1777114824797,"deviceId":"ESP32_GREENHOUSE_01","event":"CRYING","level":89,"raw":359,"diff":359,"message":"CRYING DETECTED! ⚠️ Level: 89"}}
{"timestamp":1777114834875,"type":"alerts","deviceId":"ESP32_GREENHOUSE_01","data":{"timestamp":1777114834874,"deviceId":"ESP32_GREENHOUSE_01","event":"CRYING","level":75,"raw":301,"diff":301,"message":"CRYING DETECTED! ⚠️ Level: 75"}}
{"timestamp":1777114844955,"type":"alerts","deviceId":"ESP32_GREENHOUSE_01","data":{"timestamp":1777114844955,"deviceId":"ESP32_GREENHOUSE_01","event":"CRYING","level":68,"raw":272,"diff":272,"message":"CRYING DETECTED! ⚠️ Level: 68"}}
{"timestamp":1777114855067,"type":"alerts","deviceId":"ESP32_GREENHOUSE_01","data":{"timestamp":1777114855066,"deviceId":"ESP32_GREENHOUSE_01","event":"CRYING","level":79,"raw":319,"diff":319,"message":"CRYING DETECTED! ⚠️ Level: 79"}}
{"timestamp":1777114865147,"type":"alerts","deviceId":"ESP32_GREENHOUSE_01","data":{"timestamp":1777114865147,"deviceId":"ESP32_GREENHOUSE_01","event":"CRYING","level":66,"raw":267,"diff":267,"message":"CRYING DETECTED! ⚠️ Level: 66"}}
{"timestamp":1777114875227,"type":"alerts","deviceId":"ESP32_GREENHOUSE_01","data":{"timestamp":1777114875227,"deviceId":"ESP32_GREENHOUSE_01","event":"CRYING","level":87,"raw":349,"diff":349,"message":"CRYING DETECTED! ⚠️ Level: 87"}}
{"timestamp":1777114885318,"type":"alerts","deviceId":"ESP32_GREENHOUSE_01","data":{"timestamp":1777114885318,"deviceId":"ESP32_GREENHOUSE_01","event":"CRYING","level":70,"raw":282,"diff":282,"message":"CRYING DETECTED! ⚠️ Level: 70"}}
{"timestamp":1777114895419,"type":"alerts","deviceId":"ESP32_GREENHOUSE_01","data":{"timestamp":1777114895419,"deviceId":"ESP32_GREENHOUSE_01","event":"CRYING","level":75,"raw":300,"diff":300,"message":"CRYING DETECTED! ⚠️ Level: 75"}}
{"timestamp":1777114905499,"type":"alerts","deviceId":"ESP32_GREENHOUSE_01","data":{"timestamp":1777114905499,"deviceId":"ESP32_GREENHOUSE_01","event":"CRYING","level":100,"raw":401,"diff":401,"message":"CRYING DETECTED! ⚠️ Level: 100"}}
{"timestamp":1777114915584,"type":"alerts","deviceId":"ESP32_GREENHOUSE_01","data":{"timestamp":1777114915584,"deviceId":"ESP32_GREENHOUSE_01","event":"CRYING","level":56,"raw":226,"diff":226,"message":"CRYING DETECTED! ⚠️ Level: 56"}}
{"timestamp":1777114925691,"type":"alerts","deviceId":"ESP32_GREENHOUSE_01","data":{"timestamp":1777114925691,"deviceId":"ESP32_GREENHOUSE_01","event":"CRYING","level":96,"raw":386,"diff":386,"message":"CRYING DETECTED! ⚠️ Level: 96"}}
{"timestamp":1777114935771,"type":"alerts","deviceId":"ESP32_GREENHOUSE_01","data":{"timestamp":1777114935771,"deviceId":"ESP32_GREENHOUSE_01","event":"CRYING","level":73,"raw":293,"diff":293,"message":"CRYING DETECTED! ⚠️ Level: 73"}}
{"timestamp":1777114945853,"type":"alerts","deviceId":"ESP32_GREENHOUSE_01","data":{"timestamp":1777114945853,"deviceId":"ESP32_GREENHOUSE_01","event":"CRYING","level":98,"raw":394,"diff":394,"message":"CRYING DETECTED! ⚠️ Level: 98"}}
{"timestamp":1777114955964,"type":"alerts","deviceId":"ESP32_GREENHOUSE_01","data":{"timestamp":1777114955963,"deviceId":"ESP32_GREENHOUSE_01","event":"CRYING","level":83,"raw":335,"diff":335,"message":"CRYING DETECTED! ⚠️ Level: 83"}}
{"timestamp":1777114966047,"type":"alerts","deviceId":"ESP32_GREENHOUSE_01","data":{"timestamp":1777114966046,"deviceId":"ESP32_GREENHOUSE_01","event":"CRYING","level":72,"raw":290,"diff":290,"message":"CRYING DETECTED! ⚠️ Level: 72"}}
{"timestamp":1777114976124,"type":"alerts","deviceId":"ESP32_GREENHOUSE_01","data":{"timestamp":1777114976124,"deviceId":"ESP32_GREENHOUSE_01","event":"CRYING","level":74,"raw":298,"diff":298,"message":"CRYING DETECTED! ⚠️ Level: 74"}}
{"timestamp":1777114986215,"type":"alerts","deviceId":"ESP32_GREENHOUSE_01","data":{"timestamp":1777114986214,"deviceId":"ESP32_GREENHOUSE_01","event":"CRYING","level":83,"raw":334,"diff":334,"message":"CRYING DETECTED! ⚠️ Level: 83"}}
{"timestamp":1777114996327,"type":"alerts","deviceId":"ESP32_GREENHOUSE_01","data":{"timestamp":1777114996326,"deviceId":"ESP32_GREENHOUSE_01","event":"CRYING","level":68,"raw":275,"diff":275,"message":"CRYING DETECTED! ⚠️ Level: 68"}}
{"timestamp":1777115006396,"type":"alerts","deviceId":"ESP32_GREENHOUSE_01","data":{"timestamp":1777115006396,"deviceId":"ESP32_GREENHOUSE_01","event":"CRYING","level":84,"raw":337,"diff":337,"message":"CRYING DETECTED! ⚠️ Level: 84"}}
{"timestamp":1777115016484,"type":"alerts","deviceId":"ESP32_GREENHOUSE_01","data":{"timestamp":1777115016484,"deviceId":"ESP32_GREENHOUSE_01","event":"CRYING","level":65,"raw":262,"diff":262,"message":"CRYING DETECTED! ⚠️ Level: 65"}}
{"timestamp":1777115026589,"type":"alerts","deviceId":"ESP32_GREENHOUSE_01","data":{"timestamp":1777115026589,"deviceId":"ESP32_GREENHOUSE_01","event":"CRYING","level":82,"raw":329,"diff":329,"message":"CRYING DETECTED! ⚠️ Level: 82"}}
{"timestamp":1777115036668,"type":"alerts","deviceId":"ESP32_GREENHOUSE_01","data":{"timestamp":1777115036668,"deviceId":"ESP32_GREENHOUSE_01","event":"CRYING","level":78,"raw":315,"diff":315,"message":"CRYING DETECTED! ⚠️ Level: 78"}}
{"timestamp":1777115046752,"type":"alerts","deviceId":"ESP32_GREENHOUSE_01","data":{"timestamp":1777115046751,"deviceId":"ESP32_GREENHOUSE_01","event":"CRYING","level":75,"raw":300,"diff":300,"message":"CRYING DETECTED! ⚠️ Level: 75"}}
{"timestamp":1777115056860,"type":"alerts","deviceId":"ESP32_GREENHOUSE_01","data":{"timestamp":1777115056860,"deviceId":"ESP32_GREENHOUSE_01","event":"CRYING","level":72,"raw":288,"diff":288,"message":"CRYING DETECTED! ⚠️ Level: 72"}}
{"timestamp":1777115066940,"type":"alerts","deviceId":"ESP32_GREENHOUSE_01","data":{"timestamp":1777115066940,"deviceId":"ESP32_GREENHOUSE_01","event":"CRYING","level":69,"raw":278,"diff":278,"message":"CRYING DETECTED! ⚠️ Level: 69"}}
{"timestamp":1777115077022,"type":"alerts","deviceId":"ESP32_GREENHOUSE_01","data":{"timestamp":1777115077022,"deviceId":"ESP32_GREENHOUSE_01","event":"CRYING","level":66,"raw":264,"diff":264,"message":"CRYING DETECTED! ⚠️ Level: 66"}}
{"timestamp":1777115087134,"type":"alerts","deviceId":"ESP32_GREENHOUSE_01","data":{"timestamp":1777115087134,"deviceId":"ESP32_GREENHOUSE_01","event":"CRYING","level":73,"raw":295,"diff":295,"message":"CRYING DETECTED! ⚠️ Level: 73"}}
{"timestamp":1777115097212,"type":"alerts","deviceId":"ESP32_GREENHOUSE_01","data":{"timestamp":1777115097212,"deviceId":"ESP32_GREENHOUSE_01","event":"CRYING","level":91,"raw":364,"diff":364,"message":"CRYING DETECTED! ⚠️ Level: 91"}}
{"timestamp":1777115107293,"type":"alerts","deviceId":"ESP32_GREENHOUSE_01","data":{"timestamp":1777115107293,"deviceId":"ESP32_GREENHOUSE_01","event":"CRYING","level":61,"raw":246,"diff":246,"message":"CRYING DETECTED! ⚠️ Level: 61"}}
{"timestamp":1777115117381,"type":"alerts","deviceId":"ESP32_GREENHOUSE_01","data":{"timestamp":1777115117381,"deviceId":"ESP32_GREENHOUSE_01","event":"CRYING","level":80,"raw":321,"diff":321,"message":"CRYING DETECTED! ⚠️ Level: 80"}}
{"timestamp":1777115127485,"type":"alerts","deviceId":"ESP32_GREENHOUSE_01","data":{"timestamp":1777115127485,"deviceId":"ESP32_GREENHOUSE_01","event":"CRYING","level":74,"raw":299,"diff":299,"message":"CRYING DETECTED! ⚠️ Level: 74"}}
{"timestamp":1777115137565,"type":"alerts","deviceId":"ESP32_GREENHOUSE_01","data":{"timestamp":1777115137565,"deviceId":"ESP32_GREENHOUSE_01","event":"CRYING","level":87,"raw":349,"diff":349,"message":"CRYING DETECTED! ⚠️ Level: 87"}}
{"timestamp":1777115147652,"type":"alerts","deviceId":"ESP32_GREENHOUSE_01","data":{"timestamp":1777115147652,"deviceId":"ESP32_GREENHOUSE_01","event":"CRYING","level":62,"raw":250,"diff":250,"message":"CRYING DETECTED! ⚠️ Level: 62"}}
{"timestamp":1777115157757,"type":"alerts","deviceId":"ESP32_GREENHOUSE_01","data":{"timestamp":1777115157757,"deviceId":"ESP32_GREENHOUSE_01","event":"CRYING","level":68,"raw":274,"diff":274,"message":"CRYING DETECTED! ⚠️ Level: 68"}}
{"timestamp":1777115167839,"type":"alerts","deviceId":"ESP32_GREENHOUSE_01","data":{"timestamp":1777115167839,"deviceId":"ESP32_GREENHOUSE_01","event":"CRYING","level":109,"raw":439,"diff":439,"message":"CRYING DETECTED! ⚠️ Level: 109"}}
{"timestamp":1777115177922,"type":"alerts","deviceId":"ESP32_GREENHOUSE_01","data":{"timestamp":1777115177922,"deviceId":"ESP32_GREENHOUSE_01","event":"CRYING","level":112,"raw":451,"diff":451,"message":"CRYING DETECTED! ⚠️ Level: 112"}}
{"timestamp":1777115188029,"type":"alerts","deviceId":"ESP32_GREENHOUSE_01","data":{"timestamp":1777115188029,"deviceId":"ESP32_GREENHOUSE_01","event":"CRYING","level":93,"raw":372,"diff":372,"message":"CRYING DETECTED! ⚠️ Level: 93"}}
{"timestamp":1777115198111,"type":"alerts","deviceId":"ESP32_GREENHOUSE_01","data":{"timestamp":1777115198111,"deviceId":"ESP32_GREENHOUSE_01","event":"CRYING","level":57,"raw":231,"diff":231,"message":"CRYING DETECTED! ⚠️ Level: 57"}}
{"timestamp":1777115208193,"type":"alerts","deviceId":"ESP32_GREENHOUSE_01","data":{"timestamp":1777115208193,"deviceId":"ESP32_GREENHOUSE_01","event":"CRYING","level":61,"raw":246,"diff":246,"message":"CRYING DETECTED! ⚠️ Level: 61"}}
{"timestamp":1777115218302,"type":"alerts","deviceId":"ESP32_GREENHOUSE_01","data":{"timestamp":1777115218301,"deviceId":"ESP32_GREENHOUSE_01","event":"CRYING","level":69,"raw":278,"diff":278,"message":"CRYING DETECTED! ⚠️ Level: 69"}}
{"timestamp":1777115228381,"type":"alerts","deviceId":"ESP32_GREENHOUSE_01","data":{"timestamp":1777115228381,"deviceId":"ESP32_GREENHOUSE_01","event":"CRYING","level":69,"raw":276,"diff":276,"message":"CRYING DETECTED! ⚠️ Level: 69"}}
{"timestamp":1777115238462,"type":"alerts","deviceId":"ESP32_GREENHOUSE_01","data":{"timestamp":1777115238462,"deviceId":"ESP32_GREENHOUSE_01","event":"CRYING","level":77,"raw":310,"diff":310,"message":"CRYING DETECTED! ⚠️ Level: 77"}}
{"timestamp":1777115248549,"type":"alerts","deviceId":"ESP32_GREENHOUSE_01","data":{"timestamp":1777115248549,"deviceId":"ESP32_GREENHOUSE_01","event":"CRYING","level":68,"raw":274,"diff":274,"message":"CRYING DETECTED! ⚠️ Level: 68"}}
{"timestamp":1777115258655,"type":"alerts","deviceId":"ESP32_GREENHOUSE_01","data":{"timestamp":1777115258655,"deviceId":"ESP32_GREENHOUSE_01","event":"CRYING","level":66,"raw":264,"diff":264,"message":"CRYING DETECTED! ⚠️ Level: 66"}}
{"timestamp":1777115268734,"type":"alerts","deviceId":"ESP32_GREENHOUSE_01","data":{"timestamp":1777115268734,"deviceId":"ESP32_GREENHOUSE_01","event":"CRYING","level":90,"raw":360,"diff":360,"message":"CRYING DETECTED! ⚠️ Level: 90"}}
{"timestamp":1777115278818,"type":"alerts","deviceId":"ESP32_GREENHOUSE_01","data":{"timestamp":1777115278818,"deviceId":"ESP32_GREENHOUSE_01","event":"CRYING","level":62,"raw":249,"diff":249,"message":"CRYING DETECTED! ⚠️ Level: 62"}}
{"timestamp":1777115288926,"type":"alerts","deviceId":"ESP32_GREENHOUSE_01","data":{"timestamp":1777115288926,"deviceId":"ESP32_GREENHOUSE_01","event":"CRYING","level":81,"raw":324,"diff":324,"message":"CRYING DETECTED! ⚠️ Level: 81"}}
{"timestamp":1777115299006,"type":"alerts","deviceId":"ESP32_GREENHOUSE_01","data":{"timestamp":1777115299006,"deviceId":"ESP32_GREENHOUSE_01","event":"CRYING","level":72,"raw":291,"diff":291,"message":"CRYING DETECTED! ⚠️ Level: 72"}}
{"timestamp":1777115309090,"type":"alerts","deviceId":"ESP32_GREENHOUSE_01","data":{"timestamp":1777115309090,"deviceId":"ESP32_GREENHOUSE_01","event":"CRYING","level":122,"raw":491,"diff":491,"message":"CRYING DETECTED! ⚠️ Level: 122"}}
{"timestamp":1777115319198,"type":"alerts","deviceId":"ESP32_GREENHOUSE_01","data":{"timestamp":1777115319198,"deviceId":"ESP32_GREENHOUSE_01","event":"CRYING","level":76,"raw":307,"diff":307,"message":"CRYING DETECTED! ⚠️ Level: 76"}}
{"timestamp":1777115329278,"type":"alerts","deviceId":"ESP32_GREENHOUSE_01","data":{"timestamp":1777115329278,"deviceId":"ESP32_GREENHOUSE_01","event":"CRYING","level":73,"raw":295,"diff":295,"message":"CRYING DETECTED! ⚠️ Level: 73"}}
{"timestamp":1777115339360,"type":"alerts","deviceId":"ESP32_GREENHOUSE_01","data":{"timestamp":1777115339360,"deviceId":"ESP32_GREENHOUSE_01","event":"CRYING","level":61,"raw":245,"diff":245,"message":"CRYING DETECTED! ⚠️ Level: 61"}}
{"timestamp":1777115349447,"type":"alerts","deviceId":"ESP32_GREENHOUSE_01","data":{"timestamp":1777115349447,"deviceId":"ESP32_GREENHOUSE_01","event":"CRYING","level":70,"raw":280,"diff":280,"message":"CRYING DETECTED! ⚠️ Level: 70"}}
{"timestamp":1777115359563,"type":"alerts","deviceId":"ESP32_GREENHOUSE_01","data":{"timestamp":1777115359563,"deviceId":"ESP32_GREENHOUSE_01","event":"CRYING","level":70,"raw":281,"diff":281,"message":"CRYING DETECTED! ⚠️ Level: 70"}}
{"timestamp":1777115369631,"type":"alerts","deviceId":"ESP32_GREENHOUSE_01","data":{"timestamp":1777115369630,"deviceId":"ESP32_GREENHOUSE_01","event":"CRYING","level":80,"raw":321,"diff":321,"message":"CRYING DETECTED! ⚠️ Level: 80"}}
{"timestamp":1777115379716,"type":"alerts","deviceId":"ESP32_GREENHOUSE_01","data":{"timestamp":1777115379716,"deviceId":"ESP32_GREENHOUSE_01","event":"CRYING","level":63,"raw":253,"diff":253,"message":"CRYING DETECTED! ⚠️ Level: 63"}}
{"timestamp":1777115389823,"type":"alerts","deviceId":"ESP32_GREENHOUSE_01","data":{"timestamp":1777115389822,"deviceId":"ESP32_GREENHOUSE_01","event":"CRYING","level":51,"raw":207,"diff":207,"message":"CRYING DETECTED! ⚠️ Level: 51"}}
{"timestamp":1777115399902,"type":"alerts","deviceId":"ESP32_GREENHOUSE_01","data":{"timestamp":1777115399902,"deviceId":"ESP32_GREENHOUSE_01","event":"CRYING","level":63,"raw":255,"diff":255,"message":"CRYING DETECTED! ⚠️ Level: 63"}}
{"timestamp":1777115409985,"type":"alerts","deviceId":"ESP32_GREENHOUSE_01","data":{"timestamp":1777115409985,"deviceId":"ESP32_GREENHOUSE_01","event":"CRYING","level":62,"raw":251,"diff":251,"message":"CRYING DETECTED! ⚠️ Level: 62"}}
{"timestamp":1777115420095,"type":"alerts","deviceId":"ESP32_GREENHOUSE_01","data":{"timestamp":1777115420095,"deviceId":"ESP32_GREENHOUSE_01","event":"CRYING","level":68,"raw":274,"diff":274,"message":"CRYING DETECTED! ⚠️ Level: 68"}}
{"timestamp":1777115430175,"type":"alerts","deviceId":"ESP32_GREENHOUSE_01","data":{"timestamp":1777115430175,"deviceId":"ESP32_GREENHOUSE_01","event":"CRYING","level":67,"raw":271,"diff":271,"message":"CRYING DETECTED! ⚠️ Level: 67"}}
{"timestamp":1777115440255,"type":"alerts","deviceId":"ESP32_GREENHOUSE_01","data":{"timestamp":1777115440255,"deviceId":"ESP32_GREENHOUSE_01","event":"CRYING","level":65,"raw":260,"diff":260,"message":"CRYING DETECTED! ⚠️ Level: 65"}}
{"timestamp":1777115450367,"type":"alerts","deviceId":"ESP32_GREENHOUSE_01","data":{"timestamp":1777115450367,"deviceId":"ESP32_GREENHOUSE_01","event":"CRYING","level":72,"raw":289,"diff":289,"message":"CRYING DETECTED! ⚠️ Level: 72"}}
{"timestamp":1777115460447,"type":"alerts","deviceId":"ESP32_GREENHOUSE_01","data":{"timestamp":1777115460447,"deviceId":"ESP32_GREENHOUSE_01","event":"CRYING","level":58,"raw":232,"diff":232,"message":"CRYING DETECTED! ⚠️ Level: 58"}}
{"timestamp":1777115470527,"type":"alerts","deviceId":"ESP32_GREENHOUSE_01","data":{"timestamp":1777115470527,"deviceId":"ESP32_GREENHOUSE_01","event":"CRYING","level":76,"raw":305,"diff":305,"message":"CRYING DETECTED! ⚠️ Level: 76"}}
{"timestamp":1777115480615,"type":"alerts","deviceId":"ESP32_GREENHOUSE_01","data":{"timestamp":1777115480615,"deviceId":"ESP32_GREENHOUSE_01","event":"CRYING","level":66,"raw":264,"diff":264,"message":"CRYING DETECTED! ⚠️ Level: 66"}}
{"timestamp":1777115490719,"type":"alerts","deviceId":"ESP32_GREENHOUSE_01","data":{"timestamp":1777115490719,"deviceId":"ESP32_GREENHOUSE_01","event":"CRYING","level":61,"raw":247,"diff":247,"message":"CRYING DETECTED! ⚠️ Level: 61"}}
{"timestamp":1777115500799,"type":"alerts","deviceId":"ESP32_GREENHOUSE_01","data":{"timestamp":1777115500799,"deviceId":"ESP32_GREENHOUSE_01","event":"CRYING","level":78,"raw":313,"diff":313,"message":"CRYING DETECTED! ⚠️ Level: 78"}}
{"timestamp":1777115510884,"type":"alerts","deviceId":"ESP32_GREENHOUSE_01","data":{"timestamp":1777115510884,"deviceId":"ESP32_GREENHOUSE_01","event":"CRYING","level":63,"raw":254,"diff":254,"message":"CRYING DETECTED! ⚠️ Level: 63"}}
{"timestamp":1777115520992,"type":"alerts","deviceId":"ESP32_GREENHOUSE_01","data":{"timestamp":1777115520992,"deviceId":"ESP32_GREENHOUSE_01","event":"CRYING","level":67,"raw":270,"diff":270,"message":"CRYING DETECTED! ⚠️ Level: 67"}}
{"timestamp":1777115531071,"type":"alerts","deviceId":"ESP32_GREENHOUSE_01","data":{"timestamp":1777115531071,"deviceId":"ESP32_GREENHOUSE_01","event":"CRYING","level":67,"raw":270,"diff":270,"message":"CRYING DETECTED! ⚠️ Level: 67"}}
{"timestamp":1777115541158,"type":"alerts","deviceId":"ESP32_GREENHOUSE_01","data":{"timestamp":1777115541158,"deviceId":"ESP32_GREENHOUSE_01","event":"CRYING","level":55,"raw":220,"diff":220,"message":"CRYING DETECTED! ⚠️ Level: 55"}}
{"timestamp":1777115551263,"type":"alerts","deviceId":"ESP32_GREENHOUSE_01","data":{"timestamp":1777115551263,"deviceId":"ESP32_GREENHOUSE_01","event":"CRYING","level":65,"raw":261,"diff":261,"message":"CRYING DETECTED! ⚠️ Level: 65"}}
{"timestamp":1777115561344,"type":"alerts","deviceId":"ESP32_GREENHOUSE_01","data":{"timestamp":1777115561344,"deviceId":"ESP32_GREENHOUSE_01","event":"CRYING","level":59,"raw":236,"diff":236,"message":"CRYING DETECTED! ⚠️ Level: 59"}}
{"timestamp":1777115571424,"type":"alerts","deviceId":"ESP32_GREENHOUSE_01","data":{"timestamp":1777115571424,"deviceId":"ESP32_GREENHOUSE_01","event":"CRYING","level":116,"raw":466,"diff":466,"message":"CRYING DETECTED! ⚠️ Level: 116"}}
{"timestamp":1777115581535,"type":"alerts","deviceId":"ESP32_GREENHOUSE_01","data":{"timestamp":1777115581535,"deviceId":"ESP32_GREENHOUSE_01","event":"CRYING","level":58,"raw":234,"diff":234,"message":"CRYING DETECTED! ⚠️ Level: 58"}}
{"timestamp":1777115591616,"type":"alerts","deviceId":"ESP32_GREENHOUSE_01","data":{"timestamp":1777115591616,"deviceId":"ESP32_GREENHOUSE_01","event":"CRYING","level":58,"raw":234,"diff":234,"message":"CRYING DETECTED! ⚠️ Level: 58"}}
{"timestamp":1777115601696,"type":"alerts","deviceId":"ESP32_GREENHOUSE_01","data":{"timestamp":1777115601696,"deviceId":"ESP32_GREENHOUSE_01","event":"CRYING","level":70,"raw":283,"diff":283,"message":"CRYING DETECTED! ⚠️ Level: 70"}}
{"timestamp":1777115611783,"type":"alerts","deviceId":"ESP32_GREENHOUSE_01","data":{"timestamp":1777115611783,"deviceId":"ESP32_GREENHOUSE_01","event":"CRYING","level":80,"raw":320,"diff":320,"message":"CRYING DETECTED! ⚠️ Level: 80"}}
{"timestamp":1777115621888,"type":"alerts","deviceId":"ESP32_GREENHOUSE_01","data":{"timestamp":1777115621888,"deviceId":"ESP32_GREENHOUSE_01","event":"CRYING","level":59,"raw":237,"diff":237,"message":"CRYING DETECTED! ⚠️ Level: 59"}}
{"timestamp":1777115631968,"type":"alerts","deviceId":"ESP32_GREENHOUSE_01","data":{"timestamp":1777115631968,"deviceId":"ESP32_GREENHOUSE_01","event":"CRYING","level":54,"raw":219,"diff":219,"message":"CRYING DETECTED! ⚠️ Level: 54"}}
{"timestamp":1777115642053,"type":"alerts","deviceId":"ESP32_GREENHOUSE_01","data":{"timestamp":1777115642053,"deviceId":"ESP32_GREENHOUSE_01","event":"CRYING","level":59,"raw":237,"diff":237,"message":"CRYING DETECTED! ⚠️ Level: 59"}}
{"timestamp":1777115652160,"type":"alerts","deviceId":"ESP32_GREENHOUSE_01","data":{"timestamp":1777115652160,"deviceId":"ESP32_GREENHOUSE_01","event":"CRYING","level":68,"raw":273,"diff":273,"message":"CRYING DETECTED! ⚠️ Level: 68"}}
{"timestamp":1777115662242,"type":"alerts","deviceId":"ESP32_GREENHOUSE_01","data":{"timestamp":1777115662242,"deviceId":"ESP32_GREENHOUSE_01","event":"CRYING","level":56,"raw":226,"diff":226,"message":"CRYING DETECTED! ⚠️ Level: 56"}}
{"timestamp":1777115672322,"type":"alerts","deviceId":"ESP32_GREENHOUSE_01","data":{"timestamp":1777115672322,"deviceId":"ESP32_GREENHOUSE_01","event":"CRYING","level":72,"raw":291,"diff":291,"message":"CRYING DETECTED! ⚠️ Level: 72"}}
{"timestamp":1777115682432,"type":"alerts","deviceId":"ESP32_GREENHOUSE_01","data":{"timestamp":1777115682432,"deviceId":"ESP32_GREENHOUSE_01","event":"CRYING","level":72,"raw":290,"diff":290,"message":"CRYING DETECTED! ⚠️ Level: 72"}}
{"timestamp":1777115692513,"type":"alerts","deviceId":"ESP32_GREENHOUSE_01","data":{"timestamp":1777115692513,"deviceId":"ESP32_GREENHOUSE_01","event":"CRYING","level":69,"raw":277,"diff":277,"message":"CRYING DETECTED! ⚠️ Level: 69"}}
{"timestamp":1777115702593,"type":"alerts","deviceId":"ESP32_GREENHOUSE_01","data":{"timestamp":1777115702593,"deviceId":"ESP32_GREENHOUSE_01","event":"CRYING","level":61,"raw":244,"diff":244,"message":"CRYING DETECTED! ⚠️ Level: 61"}}
{"timestamp":1777115712705,"type":"alerts","deviceId":"ESP32_GREENHOUSE_01","data":{"timestamp":1777115712705,"deviceId":"ESP32_GREENHOUSE_01","event":"CRYING","level":70,"raw":280,"diff":280,"message":"CRYING DETECTED! ⚠️ Level: 70"}}
{"timestamp":1777115720770,"type":"alerts","deviceId":"ESP32_GREENHOUSE_01","data":{"timestamp":1777115720770,"deviceId":"ESP32_GREENHOUSE_01","event":"Restless","level":76,"raw":304,"diff":304,"message":"Restless Level: 76"}}
{"timestamp":1777115724801,"type":"alerts","deviceId":"ESP32_GREENHOUSE_01","data":{"timestamp":1777115724801,"deviceId":"ESP32_GREENHOUSE_01","event":"Light Activity","level":56,"raw":226,"diff":226,"message":"Light Activity Level: 56"}}
{"timestamp":1777115728833,"type":"alerts","deviceId":"ESP32_GREENHOUSE_01","data":{"timestamp":1777115728833,"deviceId":"ESP32_GREENHOUSE_01","event":"CRYING","level":76,"raw":305,"diff":305,"message":"CRYING DETECTED! ⚠️ Level: 76"}}
{"timestamp":1777115730849,"type":"alerts","deviceId":"ESP32_GREENHOUSE_01","data":{"timestamp":1777115730849,"deviceId":"ESP32_GREENHOUSE_01","event":"Restless","level":70,"raw":280,"diff":280,"message":"Restless Level: 70"}}
{"timestamp":1777115732865,"type":"alerts","deviceId":"ESP32_GREENHOUSE_01","data":{"timestamp":1777115732865,"deviceId":"ESP32_GREENHOUSE_01","event":"Light Activity","level":55,"raw":220,"diff":220,"message":"Light Activity Level: 55"}}
{"timestamp":1777115736899,"type":"alerts","deviceId":"ESP32_GREENHOUSE_01","data":{"timestamp":1777115736899,"deviceId":"ESP32_GREENHOUSE_01","event":"Restless","level":79,"raw":317,"diff":317,"message":"Restless Level: 79"}}
{"timestamp":1777115742952,"type":"alerts","deviceId":"ESP32_GREENHOUSE_01","data":{"timestamp":1777115742952,"deviceId":"ESP32_GREENHOUSE_01","event":"Restless","level":69,"raw":278,"diff":278,"message":"Restless Level: 69"}}
{"timestamp":1777115744974,"type":"alerts","deviceId":"ESP32_GREENHOUSE_01","data":{"timestamp":1777115744974,"deviceId":"ESP32_GREENHOUSE_01","event":"Light Activity","level":55,"raw":221,"diff":221,"message":"Light Activity Level: 55"}}
{"timestamp":1777115747009,"type":"alerts","deviceId":"ESP32_GREENHOUSE_01","data":{"timestamp":1777115747009,"deviceId":"ESP32_GREENHOUSE_01","event":"CRYING","level":84,"raw":338,"diff":338,"message":"CRYING DETECTED! ⚠️ Level: 84"}}
{"timestamp":1777115753057,"type":"alerts","deviceId":"ESP32_GREENHOUSE_01","data":{"timestamp":1777115753057,"deviceId":"ESP32_GREENHOUSE_01","event":"Light Activity","level":55,"raw":220,"diff":220,"message":"Light Activity Level: 55"}}
{"timestamp":1777115757089,"type":"alerts","deviceId":"ESP32_GREENHOUSE_01","data":{"timestamp":1777115757089,"deviceId":"ESP32_GREENHOUSE_01","event":"Restless","level":88,"raw":353,"diff":353,"message":"Restless Level: 88"}}
{"timestamp":1777115761122,"type":"alerts","deviceId":"ESP32_GREENHOUSE_01","data":{"timestamp":1777115761122,"deviceId":"ESP32_GREENHOUSE_01","event":"Light Activity","level":54,"raw":216,"diff":216,"message":"Light Activity Level: 54"}}
{"timestamp":1777115763138,"type":"alerts","deviceId":"ESP32_GREENHOUSE_01","data":{"timestamp":1777115763137,"deviceId":"ESP32_GREENHOUSE_01","event":"CRYING","level":58,"raw":233,"diff":233,"message":"CRYING DETECTED! ⚠️ Level: 58"}}
{"timestamp":1777115767169,"type":"alerts","deviceId":"ESP32_GREENHOUSE_01","data":{"timestamp":1777115767169,"deviceId":"ESP32_GREENHOUSE_01","event":"Light Activity","level":57,"raw":229,"diff":229,"message":"Light Activity Level: 57"}}
{"timestamp":1777115769186,"type":"alerts","deviceId":"ESP32_GREENHOUSE_01","data":{"timestamp":1777115769186,"deviceId":"ESP32_GREENHOUSE_01","event":"Restless","level":70,"raw":281,"diff":281,"message":"Restless Level: 70"}}
{"timestamp":1777115775239,"type":"alerts","deviceId":"ESP32_GREENHOUSE_01","data":{"timestamp":1777115775239,"deviceId":"ESP32_GREENHOUSE_01","event":"Restless","level":65,"raw":261,"diff":261,"message":"Restless Level: 65"}}
{"timestamp":1777115777257,"type":"alerts","deviceId":"ESP32_GREENHOUSE_01","data":{"timestamp":1777115777257,"deviceId":"ESP32_GREENHOUSE_01","event":"CRYING","level":95,"raw":382,"diff":382,"message":"CRYING DETECTED! ⚠️ Level: 95"}}
{"timestamp":1777115783330,"type":"alerts","deviceId":"ESP32_GREENHOUSE_01","data":{"timestamp":1777115783330,"deviceId":"ESP32_GREENHOUSE_01","event":"Restless","level":62,"raw":249,"diff":249,"message":"Restless Level: 62"}}
{"timestamp":1777115787362,"type":"alerts","deviceId":"ESP32_GREENHOUSE_01","data":{"timestamp":1777115787362,"deviceId":"ESP32_GREENHOUSE_01","event":"CRYING","level":82,"raw":330,"diff":330,"message":"CRYING DETECTED! ⚠️ Level: 82"}}
{"timestamp":1777115797442,"type":"alerts","deviceId":"ESP32_GREENHOUSE_01","data":{"timestamp":1777115797441,"deviceId":"ESP32_GREENHOUSE_01","event":"Restless","level":73,"raw":294,"diff":294,"message":"Restless Level: 73"}}
{"timestamp":1777115799458,"type":"alerts","deviceId":"ESP32_GREENHOUSE_01","data":{"timestamp":1777115799457,"deviceId":"ESP32_GREENHOUSE_01","event":"CRYING","level":78,"raw":312,"diff":312,"message":"CRYING DETECTED! ⚠️ Level: 78"}}
{"timestamp":1777115805509,"type":"alerts","deviceId":"ESP32_GREENHOUSE_01","data":{"timestamp":1777115805509,"deviceId":"ESP32_GREENHOUSE_01","event":"Light Activity","level":57,"raw":228,"diff":228,"message":"Light Activity Level: 57"}}
{"timestamp":1777115807527,"type":"alerts","deviceId":"ESP32_GREENHOUSE_01","data":{"timestamp":1777115807527,"deviceId":"ESP32_GREENHOUSE_01","event":"Restless","level":80,"raw":321,"diff":321,"message":"Restless Level: 80"}}
{"timestamp":1777115811586,"type":"alerts","deviceId":"ESP32_GREENHOUSE_01","data":{"timestamp":1777115811586,"deviceId":"ESP32_GREENHOUSE_01","event":"Light Activity","level":58,"raw":233,"diff":233,"message":"Light Activity Level: 58"}}
{"timestamp":1777115813603,"type":"alerts","deviceId":"ESP32_GREENHOUSE_01","data":{"timestamp":1777115813602,"deviceId":"ESP32_GREENHOUSE_01","event":"CRYING","level":79,"raw":316,"diff":316,"message":"CRYING DETECTED! ⚠️ Level: 79"}}
{"timestamp":1777115815625,"type":"alerts","deviceId":"ESP32_GREENHOUSE_01","data":{"timestamp":1777115815625,"deviceId":"ESP32_GREENHOUSE_01","event":"Restless","level":80,"raw":321,"diff":321,"message":"Restless Level: 80"}}
{"timestamp":1777115821666,"type":"alerts","deviceId":"ESP32_GREENHOUSE_01","data":{"timestamp":1777115821665,"deviceId":"ESP32_GREENHOUSE_01","event":"Restless","level":68,"raw":273,"diff":273,"message":"Restless Level: 68"}}
{"timestamp":1777115825698,"type":"alerts","deviceId":"ESP32_GREENHOUSE_01","data":{"timestamp":1777115825698,"deviceId":"ESP32_GREENHOUSE_01","event":"CRYING","level":75,"raw":301,"diff":301,"message":"CRYING DETECTED! ⚠️ Level: 75"}}
{"timestamp":1777115829730,"type":"alerts","deviceId":"ESP32_GREENHOUSE_01","data":{"timestamp":1777115829730,"deviceId":"ESP32_GREENHOUSE_01","event":"Light Activity","level":53,"raw":214,"diff":214,"message":"Light Activity Level: 53"}}
{"timestamp":1777115835778,"type":"alerts","deviceId":"ESP32_GREENHOUSE_01","data":{"timestamp":1777115835778,"deviceId":"ESP32_GREENHOUSE_01","event":"CRYING","level":62,"raw":248,"diff":248,"message":"CRYING DETECTED! ⚠️ Level: 62"}}
{"timestamp":1777115845890,"type":"alerts","deviceId":"ESP32_GREENHOUSE_01","data":{"timestamp":1777115845890,"deviceId":"ESP32_GREENHOUSE_01","event":"CRYING","level":81,"raw":325,"diff":325,"message":"CRYING DETECTED! ⚠️ Level: 81"}}
{"timestamp":1777115855970,"type":"alerts","deviceId":"ESP32_GREENHOUSE_01","data":{"timestamp":1777115855970,"deviceId":"ESP32_GREENHOUSE_01","event":"CRYING","level":65,"raw":260,"diff":260,"message":"CRYING DETECTED! ⚠️ Level: 65"}}
{"timestamp":1777115866051,"type":"alerts","deviceId":"ESP32_GREENHOUSE_01","data":{"timestamp":1777115866051,"deviceId":"ESP32_GREENHOUSE_01","event":"CRYING","level":102,"raw":411,"diff":411,"message":"CRYING DETECTED! ⚠️ Level: 102"}}
{"timestamp":1777115876138,"type":"alerts","deviceId":"ESP32_GREENHOUSE_01","data":{"timestamp":1777115876138,"deviceId":"ESP32_GREENHOUSE_01","event":"CRYING","level":58,"raw":232,"diff":232,"message":"CRYING DETECTED! ⚠️ Level: 58"}}
{"timestamp":1777115886243,"type":"alerts","deviceId":"ESP32_GREENHOUSE_01","data":{"timestamp":1777115886242,"deviceId":"ESP32_GREENHOUSE_01","event":"CRYING","level":74,"raw":297,"diff":297,"message":"CRYING DETECTED! ⚠️ Level: 74"}}
{"timestamp":1777115894306,"type":"alerts","deviceId":"ESP32_GREENHOUSE_01","data":{"timestamp":1777115894306,"deviceId":"ESP32_GREENHOUSE_01","event":"Restless","level":65,"raw":261,"diff":261,"message":"Restless Level: 65"}}
{"timestamp":1777115900354,"type":"alerts","deviceId":"ESP32_GREENHOUSE_01","data":{"timestamp":1777115900354,"deviceId":"ESP32_GREENHOUSE_01","event":"Restless","level":60,"raw":240,"diff":240,"message":"Restless Level: 60"}}
{"timestamp":1777115902371,"type":"alerts","deviceId":"ESP32_GREENHOUSE_01","data":{"timestamp":1777115902371,"deviceId":"ESP32_GREENHOUSE_01","event":"Light Activity","level":56,"raw":224,"diff":224,"message":"Light Activity Level: 56"}}
{"timestamp":1777115908425,"type":"alerts","deviceId":"ESP32_GREENHOUSE_01","data":{"timestamp":1777115908425,"deviceId":"ESP32_GREENHOUSE_01","event":"Restless","level":65,"raw":263,"diff":263,"message":"Restless Level: 65"}}
{"timestamp":1777115912483,"type":"alerts","deviceId":"ESP32_GREENHOUSE_01","data":{"timestamp":1777115912483,"deviceId":"ESP32_GREENHOUSE_01","event":"Light Activity","level":57,"raw":229,"diff":229,"message":"Light Activity Level: 57"}}
{"timestamp":1777115914500,"type":"alerts","deviceId":"ESP32_GREENHOUSE_01","data":{"timestamp":1777115914500,"deviceId":"ESP32_GREENHOUSE_01","event":"Restless","level":137,"raw":549,"diff":549,"message":"Restless Level: 137"}}
{"timestamp":1777115916518,"type":"alerts","deviceId":"ESP32_GREENHOUSE_01","data":{"timestamp":1777115916517,"deviceId":"ESP32_GREENHOUSE_01","event":"CRYING","level":71,"raw":285,"diff":285,"message":"CRYING DETECTED! ⚠️ Level: 71"}}
{"timestamp":1777115924585,"type":"alerts","deviceId":"ESP32_GREENHOUSE_01","data":{"timestamp":1777115924585,"deviceId":"ESP32_GREENHOUSE_01","event":"Light Activity","level":57,"raw":230,"diff":230,"message":"Light Activity Level: 57"}}
{"timestamp":1777115926595,"type":"alerts","deviceId":"ESP32_GREENHOUSE_01","data":{"timestamp":1777115926595,"deviceId":"ESP32_GREENHOUSE_01","event":"Restless","level":67,"raw":268,"diff":268,"message":"Restless Level: 67"}}
{"timestamp":1777115930627,"type":"alerts","deviceId":"ESP32_GREENHOUSE_01","data":{"timestamp":1777115930627,"deviceId":"ESP32_GREENHOUSE_01","event":"CRYING","level":67,"raw":271,"diff":271,"message":"CRYING DETECTED! ⚠️ Level: 67"}}
{"timestamp":1777115932643,"type":"alerts","deviceId":"ESP32_GREENHOUSE_01","data":{"timestamp":1777115932643,"deviceId":"ESP32_GREENHOUSE_01","event":"Restless","level":61,"raw":247,"diff":247,"message":"Restless Level: 61"}}
{"timestamp":1777115934659,"type":"alerts","deviceId":"ESP32_GREENHOUSE_01","data":{"timestamp":1777115934659,"deviceId":"ESP32_GREENHOUSE_01","event":"Light Activity","level":47,"raw":191,"diff":191,"message":"Light Activity Level: 47"}}
{"timestamp":1777115938694,"type":"alerts","deviceId":"ESP32_GREENHOUSE_01","data":{"timestamp":1777115938694,"deviceId":"ESP32_GREENHOUSE_01","event":"Restless","level":78,"raw":312,"diff":312,"message":"Restless Level: 78"}}
{"timestamp":1777115940712,"type":"alerts","deviceId":"ESP32_GREENHOUSE_01","data":{"timestamp":1777115940712,"deviceId":"ESP32_GREENHOUSE_01","event":"Light Activity","level":51,"raw":205,"diff":205,"message":"Light Activity Level: 51"}}
{"timestamp":1777115944771,"type":"alerts","deviceId":"ESP32_GREENHOUSE_01","data":{"timestamp":1777115944771,"deviceId":"ESP32_GREENHOUSE_01","event":"CRYING","level":80,"raw":320,"diff":320,"message":"CRYING DETECTED! ⚠️ Level: 80"}}
{"timestamp":1777115948803,"type":"alerts","deviceId":"ESP32_GREENHOUSE_01","data":{"timestamp":1777115948803,"deviceId":"ESP32_GREENHOUSE_01","event":"Restless","level":66,"raw":267,"diff":267,"message":"Restless Level: 66"}}
{"timestamp":1777115954852,"type":"alerts","deviceId":"ESP32_GREENHOUSE_01","data":{"timestamp":1777115954852,"deviceId":"ESP32_GREENHOUSE_01","event":"CRYING","level":95,"raw":382,"diff":382,"message":"CRYING DETECTED! ⚠️ Level: 95"}}
{"timestamp":1777115958884,"type":"alerts","deviceId":"ESP32_GREENHOUSE_01","data":{"timestamp":1777115958884,"deviceId":"ESP32_GREENHOUSE_01","event":"Restless","level":64,"raw":257,"diff":257,"message":"Restless Level: 64"}}
{"timestamp":1777115964931,"type":"alerts","deviceId":"ESP32_GREENHOUSE_01","data":{"timestamp":1777115964931,"deviceId":"ESP32_GREENHOUSE_01","event":"Light Activity","level":57,"raw":228,"diff":228,"message":"Light Activity Level: 57"}}
{"timestamp":1777115966947,"type":"alerts","deviceId":"ESP32_GREENHOUSE_01","data":{"timestamp":1777115966947,"deviceId":"ESP32_GREENHOUSE_01","event":"Restless","level":84,"raw":337,"diff":337,"message":"Restless Level: 84"}}
{"timestamp":1777115968965,"type":"alerts","deviceId":"ESP32_GREENHOUSE_01","data":{"timestamp":1777115968965,"deviceId":"ESP32_GREENHOUSE_01","event":"CRYING","level":69,"raw":276,"diff":276,"message":"CRYING DETECTED! ⚠️ Level: 69"}}
{"timestamp":1777115973001,"type":"alerts","deviceId":"ESP32_GREENHOUSE_01","data":{"timestamp":1777115973001,"deviceId":"ESP32_GREENHOUSE_01","event":"Light Activity","level":56,"raw":227,"diff":227,"message":"Light Activity Level: 56"}}
{"timestamp":1777115977063,"type":"alerts","deviceId":"ESP32_GREENHOUSE_01","data":{"timestamp":1777115977063,"deviceId":"ESP32_GREENHOUSE_01","event":"Restless","level":70,"raw":283,"diff":283,"message":"Restless Level: 70"}}
{"timestamp":1777115979075,"type":"alerts","deviceId":"ESP32_GREENHOUSE_01","data":{"timestamp":1777115979075,"deviceId":"ESP32_GREENHOUSE_01","event":"Light Activity","level":53,"raw":214,"diff":214,"message":"Light Activity Level: 53"}}
{"timestamp":1777115983107,"type":"alerts","deviceId":"ESP32_GREENHOUSE_01","data":{"timestamp":1777115983107,"deviceId":"ESP32_GREENHOUSE_01","event":"Restless","level":88,"raw":352,"diff":352,"message":"Restless Level: 88"}}
{"timestamp":1777115985123,"type":"alerts","deviceId":"ESP32_GREENHOUSE_01","data":{"timestamp":1777115985123,"deviceId":"ESP32_GREENHOUSE_01","event":"CRYING","level":56,"raw":226,"diff":226,"message":"CRYING DETECTED! ⚠️ Level: 56"}}
{"timestamp":1777115989156,"type":"alerts","deviceId":"ESP32_GREENHOUSE_01","data":{"timestamp":1777115989155,"deviceId":"ESP32_GREENHOUSE_01","event":"Light Activity","level":52,"raw":211,"diff":211,"message":"Light Activity Level: 52"}}
{"timestamp":1777115991172,"type":"alerts","deviceId":"ESP32_GREENHOUSE_01","data":{"timestamp":1777115991171,"deviceId":"ESP32_GREENHOUSE_01","event":"Restless","level":62,"raw":249,"diff":249,"message":"Restless Level: 62"}}
{"timestamp":1777115995204,"type":"alerts","deviceId":"ESP32_GREENHOUSE_01","data":{"timestamp":1777115995204,"deviceId":"ESP32_GREENHOUSE_01","event":"CRYING","level":80,"raw":323,"diff":323,"message":"CRYING DETECTED! ⚠️ Level: 80"}}
{"timestamp":1777115997220,"type":"alerts","deviceId":"ESP32_GREENHOUSE_01","data":{"timestamp":1777115997220,"deviceId":"ESP32_GREENHOUSE_01","event":"Light Activity","level":58,"raw":234,"diff":234,"message":"Light Activity Level: 58"}}
{"timestamp":1777115999236,"type":"alerts","deviceId":"ESP32_GREENHOUSE_01","data":{"timestamp":1777115999236,"deviceId":"ESP32_GREENHOUSE_01","event":"Restless","level":71,"raw":287,"diff":287,"message":"Restless Level: 71"}}
{"timestamp":1777116005304,"type":"alerts","deviceId":"ESP32_GREENHOUSE_01","data":{"timestamp":1777116005304,"deviceId":"ESP32_GREENHOUSE_01","event":"Restless","level":61,"raw":247,"diff":247,"message":"Restless Level: 61"}}
{"timestamp":1777116009347,"type":"alerts","deviceId":"ESP32_GREENHOUSE_01","data":{"timestamp":1777116009347,"deviceId":"ESP32_GREENHOUSE_01","event":"CRYING","level":73,"raw":294,"diff":294,"message":"CRYING DETECTED! ⚠️ Level: 73"}}
{"timestamp":1777116019427,"type":"alerts","deviceId":"ESP32_GREENHOUSE_01","data":{"timestamp":1777116019427,"deviceId":"ESP32_GREENHOUSE_01","event":"CRYING","level":75,"raw":301,"diff":301,"message":"CRYING DETECTED! ⚠️ Level: 75"}}
{"timestamp":1777116029509,"type":"alerts","deviceId":"ESP32_GREENHOUSE_01","data":{"timestamp":1777116029509,"deviceId":"ESP32_GREENHOUSE_01","event":"CRYING","level":83,"raw":334,"diff":334,"message":"CRYING DETECTED! ⚠️ Level: 83"}}
{"timestamp":1777116039593,"type":"alerts","deviceId":"ESP32_GREENHOUSE_01","data":{"timestamp":1777116039593,"deviceId":"ESP32_GREENHOUSE_01","event":"CRYING","level":69,"raw":279,"diff":279,"message":"CRYING DETECTED! ⚠️ Level: 69"}}
{"timestamp":1777116049701,"type":"alerts","deviceId":"ESP32_GREENHOUSE_01","data":{"timestamp":1777116049701,"deviceId":"ESP32_GREENHOUSE_01","event":"CRYING","level":109,"raw":436,"diff":436,"message":"CRYING DETECTED! ⚠️ Level: 109"}}
{"timestamp":1777116059783,"type":"alerts","deviceId":"ESP32_GREENHOUSE_01","data":{"timestamp":1777116059783,"deviceId":"ESP32_GREENHOUSE_01","event":"CRYING","level":54,"raw":217,"diff":217,"message":"CRYING DETECTED! ⚠️ Level: 54"}}
{"timestamp":1777116061796,"type":"alerts","deviceId":"ESP32_GREENHOUSE_01","data":{"timestamp":1777116061796,"deviceId":"ESP32_GREENHOUSE_01","event":"Restless","level":71,"raw":284,"diff":284,"message":"Restless Level: 71"}}
{"timestamp":1777116069862,"type":"alerts","deviceId":"ESP32_GREENHOUSE_01","data":{"timestamp":1777116069862,"deviceId":"ESP32_GREENHOUSE_01","event":"CRYING","level":89,"raw":357,"diff":357,"message":"CRYING DETECTED! ⚠️ Level: 89"}}
{"timestamp":1777116079971,"type":"alerts","deviceId":"ESP32_GREENHOUSE_01","data":{"timestamp":1777116079971,"deviceId":"ESP32_GREENHOUSE_01","event":"CRYING","level":69,"raw":279,"diff":279,"message":"CRYING DETECTED! ⚠️ Level: 69"}}
{"timestamp":1777116090052,"type":"alerts","deviceId":"ESP32_GREENHOUSE_01","data":{"timestamp":1777116090052,"deviceId":"ESP32_GREENHOUSE_01","event":"CRYING","level":87,"raw":348,"diff":348,"message":"CRYING DETECTED! ⚠️ Level: 87"}}
{"timestamp":1777116100132,"type":"alerts","deviceId":"ESP32_GREENHOUSE_01","data":{"timestamp":1777116100132,"deviceId":"ESP32_GREENHOUSE_01","event":"CRYING","level":87,"raw":348,"diff":348,"message":"CRYING DETECTED! ⚠️ Level: 87"}}
{"timestamp":1777116110244,"type":"alerts","deviceId":"ESP32_GREENHOUSE_01","data":{"timestamp":1777116110244,"deviceId":"ESP32_GREENHOUSE_01","event":"CRYING","level":102,"raw":410,"diff":410,"message":"CRYING DETECTED! ⚠️ Level: 102"}}
{"timestamp":1777116120325,"type":"alerts","deviceId":"ESP32_GREENHOUSE_01","data":{"timestamp":1777116120324,"deviceId":"ESP32_GREENHOUSE_01","event":"CRYING","level":63,"raw":254,"diff":254,"message":"CRYING DETECTED! ⚠️ Level: 63"}}
{"timestamp":1777116130405,"type":"alerts","deviceId":"ESP32_GREENHOUSE_01","data":{"timestamp":1777116130405,"deviceId":"ESP32_GREENHOUSE_01","event":"CRYING","level":67,"raw":268,"diff":268,"message":"CRYING DETECTED! ⚠️ Level: 67"}}
{"timestamp":1777116140496,"type":"alerts","deviceId":"ESP32_GREENHOUSE_01","data":{"timestamp":1777116140496,"deviceId":"ESP32_GREENHOUSE_01","event":"CRYING","level":59,"raw":237,"diff":237,"message":"CRYING DETECTED! ⚠️ Level: 59"}}
{"timestamp":1777116150596,"type":"alerts","deviceId":"ESP32_GREENHOUSE_01","data":{"timestamp":1777116150596,"deviceId":"ESP32_GREENHOUSE_01","event":"CRYING","level":62,"raw":248,"diff":248,"message":"CRYING DETECTED! ⚠️ Level: 62"}}
{"timestamp":1777116160676,"type":"alerts","deviceId":"ESP32_GREENHOUSE_01","data":{"timestamp":1777116160676,"deviceId":"ESP32_GREENHOUSE_01","event":"CRYING","level":73,"raw":294,"diff":294,"message":"CRYING DETECTED! ⚠️ Level: 73"}}
{"timestamp":1777116170773,"type":"alerts","deviceId":"ESP32_GREENHOUSE_01","data":{"timestamp":1777116170773,"deviceId":"ESP32_GREENHOUSE_01","event":"CRYING","level":80,"raw":322,"diff":322,"message":"CRYING DETECTED! ⚠️ Level: 80"}}
{"timestamp":1777116180869,"type":"alerts","deviceId":"ESP32_GREENHOUSE_01","data":{"timestamp":1777116180868,"deviceId":"ESP32_GREENHOUSE_01","event":"CRYING","level":65,"raw":262,"diff":262,"message":"CRYING DETECTED! ⚠️ Level: 65"}}
{"timestamp":1777116190949,"type":"alerts","deviceId":"ESP32_GREENHOUSE_01","data":{"timestamp":1777116190949,"deviceId":"ESP32_GREENHOUSE_01","event":"CRYING","level":59,"raw":239,"diff":239,"message":"CRYING DETECTED! ⚠️ Level: 59"}}
{"timestamp":1777116201032,"type":"alerts","deviceId":"ESP32_GREENHOUSE_01","data":{"timestamp":1777116201031,"deviceId":"ESP32_GREENHOUSE_01","event":"CRYING","level":100,"raw":402,"diff":402,"message":"CRYING DETECTED! ⚠️ Level: 100"}}
{"timestamp":1777116211145,"type":"alerts","deviceId":"ESP32_GREENHOUSE_01","data":{"timestamp":1777116211145,"deviceId":"ESP32_GREENHOUSE_01","event":"CRYING","level":68,"raw":274,"diff":274,"message":"CRYING DETECTED! ⚠️ Level: 68"}}
{"timestamp":1777116221221,"type":"alerts","deviceId":"ESP32_GREENHOUSE_01","data":{"timestamp":1777116221221,"deviceId":"ESP32_GREENHOUSE_01","event":"CRYING","level":69,"raw":277,"diff":277,"message":"CRYING DETECTED! ⚠️ Level: 69"}}
{"timestamp":1777116231301,"type":"alerts","deviceId":"ESP32_GREENHOUSE_01","data":{"timestamp":1777116231301,"deviceId":"ESP32_GREENHOUSE_01","event":"CRYING","level":57,"raw":229,"diff":229,"message":"CRYING DETECTED! ⚠️ Level: 57"}}
{"timestamp":1777116241413,"type":"alerts","deviceId":"ESP32_GREENHOUSE_01","data":{"timestamp":1777116241413,"deviceId":"ESP32_GREENHOUSE_01","event":"CRYING","level":59,"raw":238,"diff":238,"message":"CRYING DETECTED! ⚠️ Level: 59"}}
{"timestamp":1777116251493,"type":"alerts","deviceId":"ESP32_GREENHOUSE_01","data":{"timestamp":1777116251493,"deviceId":"ESP32_GREENHOUSE_01","event":"CRYING","level":56,"raw":224,"diff":224,"message":"CRYING DETECTED! ⚠️ Level: 56"}}
{"timestamp":1777116261574,"type":"alerts","deviceId":"ESP32_GREENHOUSE_01","data":{"timestamp":1777116261574,"deviceId":"ESP32_GREENHOUSE_01","event":"CRYING","level":57,"raw":228,"diff":228,"message":"CRYING DETECTED! ⚠️ Level: 57"}}
{"timestamp":1777116271662,"type":"alerts","deviceId":"ESP32_GREENHOUSE_01","data":{"timestamp":1777116271662,"deviceId":"ESP32_GREENHOUSE_01","event":"CRYING","level":64,"raw":259,"diff":259,"message":"CRYING DETECTED! ⚠️ Level: 64"}}
{"timestamp":1777116281765,"type":"alerts","deviceId":"ESP32_GREENHOUSE_01","data":{"timestamp":1777116281765,"deviceId":"ESP32_GREENHOUSE_01","event":"CRYING","level":76,"raw":307,"diff":307,"message":"CRYING DETECTED! ⚠️ Level: 76"}}
{"timestamp":1777116289829,"type":"alerts","deviceId":"ESP32_GREENHOUSE_01","data":{"timestamp":1777116289829,"deviceId":"ESP32_GREENHOUSE_01","event":"Restless","level":67,"raw":271,"diff":271,"message":"Restless Level: 67"}}
{"timestamp":1777116293861,"type":"alerts","deviceId":"ESP32_GREENHOUSE_01","data":{"timestamp":1777116293861,"deviceId":"ESP32_GREENHOUSE_01","event":"Light Activity","level":56,"raw":227,"diff":227,"message":"Light Activity Level: 56"}}
{"timestamp":1777116297894,"type":"alerts","deviceId":"ESP32_GREENHOUSE_01","data":{"timestamp":1777116297894,"deviceId":"ESP32_GREENHOUSE_01","event":"CRYING","level":78,"raw":313,"diff":313,"message":"CRYING DETECTED! ⚠️ Level: 78"}}
{"timestamp":1777116303949,"type":"alerts","deviceId":"ESP32_GREENHOUSE_01","data":{"timestamp":1777116303949,"deviceId":"ESP32_GREENHOUSE_01","event":"Restless","level":62,"raw":248,"diff":248,"message":"Restless Level: 62"}}
{"timestamp":1777116310023,"type":"alerts","deviceId":"ESP32_GREENHOUSE_01","data":{"timestamp":1777116310023,"deviceId":"ESP32_GREENHOUSE_01","event":"Restless","level":67,"raw":268,"diff":268,"message":"Restless Level: 67"}}
{"timestamp":1777116314057,"type":"alerts","deviceId":"ESP32_GREENHOUSE_01","data":{"timestamp":1777116314057,"deviceId":"ESP32_GREENHOUSE_01","event":"CRYING","level":65,"raw":261,"diff":261,"message":"CRYING DETECTED! ⚠️ Level: 65"}}
{"timestamp":1777116318086,"type":"alerts","deviceId":"ESP32_GREENHOUSE_01","data":{"timestamp":1777116318086,"deviceId":"ESP32_GREENHOUSE_01","event":"Restless","level":86,"raw":347,"diff":347,"message":"Restless Level: 86"}}
{"timestamp":1777116324133,"type":"alerts","deviceId":"ESP32_GREENHOUSE_01","data":{"timestamp":1777116324133,"deviceId":"ESP32_GREENHOUSE_01","event":"CRYING","level":94,"raw":377,"diff":377,"message":"CRYING DETECTED! ⚠️ Level: 94"}}
{"timestamp":1777116334217,"type":"alerts","deviceId":"ESP32_GREENHOUSE_01","data":{"timestamp":1777116334217,"deviceId":"ESP32_GREENHOUSE_01","event":"CRYING","level":70,"raw":282,"diff":282,"message":"CRYING DETECTED! ⚠️ Level: 70"}}
{"timestamp":1777116344326,"type":"alerts","deviceId":"ESP32_GREENHOUSE_01","data":{"timestamp":1777116344325,"deviceId":"ESP32_GREENHOUSE_01","event":"CRYING","level":60,"raw":243,"diff":243,"message":"CRYING DETECTED! ⚠️ Level: 60"}}
{"timestamp":1777116354406,"type":"alerts","deviceId":"ESP32_GREENHOUSE_01","data":{"timestamp":1777116354406,"deviceId":"ESP32_GREENHOUSE_01","event":"CRYING","level":79,"raw":318,"diff":318,"message":"CRYING DETECTED! ⚠️ Level: 79"}}
{"timestamp":1777116364487,"type":"alerts","deviceId":"ESP32_GREENHOUSE_01","data":{"timestamp":1777116364487,"deviceId":"ESP32_GREENHOUSE_01","event":"CRYING","level":110,"raw":443,"diff":443,"message":"CRYING DETECTED! ⚠️ Level: 110"}}
{"timestamp":1777116374597,"type":"alerts","deviceId":"ESP32_GREENHOUSE_01","data":{"timestamp":1777116374597,"deviceId":"ESP32_GREENHOUSE_01","event":"CRYING","level":64,"raw":256,"diff":256,"message":"CRYING DETECTED! ⚠️ Level: 64"}}
{"timestamp":1777116384678,"type":"alerts","deviceId":"ESP32_GREENHOUSE_01","data":{"timestamp":1777116384678,"deviceId":"ESP32_GREENHOUSE_01","event":"CRYING","level":75,"raw":303,"diff":303,"message":"CRYING DETECTED! ⚠️ Level: 75"}}
{"timestamp":1777116394758,"type":"alerts","deviceId":"ESP32_GREENHOUSE_01","data":{"timestamp":1777116394758,"deviceId":"ESP32_GREENHOUSE_01","event":"CRYING","level":70,"raw":281,"diff":281,"message":"CRYING DETECTED! ⚠️ Level: 70"}}
{"timestamp":1777116404870,"type":"alerts","deviceId":"ESP32_GREENHOUSE_01","data":{"timestamp":1777116404870,"deviceId":"ESP32_GREENHOUSE_01","event":"CRYING","level":89,"raw":359,"diff":359,"message":"CRYING DETECTED! ⚠️ Level: 89"}}
{"timestamp":1777116414950,"type":"alerts","deviceId":"ESP32_GREENHOUSE_01","data":{"timestamp":1777116414950,"deviceId":"ESP32_GREENHOUSE_01","event":"CRYING","level":64,"raw":258,"diff":258,"message":"CRYING DETECTED! ⚠️ Level: 64"}}
{"timestamp":1777116425030,"type":"alerts","deviceId":"ESP32_GREENHOUSE_01","data":{"timestamp":1777116425030,"deviceId":"ESP32_GREENHOUSE_01","event":"CRYING","level":68,"raw":273,"diff":273,"message":"CRYING DETECTED! ⚠️ Level: 68"}}
{"timestamp":1777116435122,"type":"alerts","deviceId":"ESP32_GREENHOUSE_01","data":{"timestamp":1777116435122,"deviceId":"ESP32_GREENHOUSE_01","event":"CRYING","level":65,"raw":261,"diff":261,"message":"CRYING DETECTED! ⚠️ Level: 65"}}
{"timestamp":1777116445222,"type":"alerts","deviceId":"ESP32_GREENHOUSE_01","data":{"timestamp":1777116445222,"deviceId":"ESP32_GREENHOUSE_01","event":"CRYING","level":74,"raw":297,"diff":297,"message":"CRYING DETECTED! ⚠️ Level: 74"}}
{"timestamp":1777116455303,"type":"alerts","deviceId":"ESP32_GREENHOUSE_01","data":{"timestamp":1777116455303,"deviceId":"ESP32_GREENHOUSE_01","event":"CRYING","level":54,"raw":218,"diff":218,"message":"CRYING DETECTED! ⚠️ Level: 54"}}
{"timestamp":1777116465386,"type":"alerts","deviceId":"ESP32_GREENHOUSE_01","data":{"timestamp":1777116465386,"deviceId":"ESP32_GREENHOUSE_01","event":"CRYING","level":71,"raw":284,"diff":284,"message":"CRYING DETECTED! ⚠️ Level: 71"}}
{"timestamp":1777116475495,"type":"alerts","deviceId":"ESP32_GREENHOUSE_01","data":{"timestamp":1777116475494,"deviceId":"ESP32_GREENHOUSE_01","event":"CRYING","level":58,"raw":232,"diff":232,"message":"CRYING DETECTED! ⚠️ Level: 58"}}
{"timestamp":1777116485575,"type":"alerts","deviceId":"ESP32_GREENHOUSE_01","data":{"timestamp":1777116485575,"deviceId":"ESP32_GREENHOUSE_01","event":"CRYING","level":72,"raw":289,"diff":289,"message":"CRYING DETECTED! ⚠️ Level: 72"}}
{"timestamp":1777116495656,"type":"alerts","deviceId":"ESP32_GREENHOUSE_01","data":{"timestamp":1777116495656,"deviceId":"ESP32_GREENHOUSE_01","event":"Light Activity","level":57,"raw":231,"diff":231,"message":"Light Activity Level: 57"}}
{"timestamp":1777116497675,"type":"alerts","deviceId":"ESP32_GREENHOUSE_01","data":{"timestamp":1777116497675,"deviceId":"ESP32_GREENHOUSE_01","event":"Restless","level":72,"raw":290,"diff":290,"message":"Restless Level: 72"}}
{"timestamp":1777116499693,"type":"alerts","deviceId":"ESP32_GREENHOUSE_01","data":{"timestamp":1777116499693,"deviceId":"ESP32_GREENHOUSE_01","event":"CRYING","level":78,"raw":314,"diff":314,"message":"CRYING DETECTED! ⚠️ Level: 78"}}
{"timestamp":1777116509798,"type":"alerts","deviceId":"ESP32_GREENHOUSE_01","data":{"timestamp":1777116509798,"deviceId":"ESP32_GREENHOUSE_01","event":"CRYING","level":68,"raw":273,"diff":273,"message":"CRYING DETECTED! ⚠️ Level: 68"}}
{"timestamp":1777116519879,"type":"alerts","deviceId":"ESP32_GREENHOUSE_01","data":{"timestamp":1777116519879,"deviceId":"ESP32_GREENHOUSE_01","event":"CRYING","level":63,"raw":252,"diff":252,"message":"CRYING DETECTED! ⚠️ Level: 63"}}
{"timestamp":1777116529963,"type":"alerts","deviceId":"ESP32_GREENHOUSE_01","data":{"timestamp":1777116529963,"deviceId":"ESP32_GREENHOUSE_01","event":"CRYING","level":67,"raw":271,"diff":271,"message":"CRYING DETECTED! ⚠️ Level: 67"}}
{"timestamp":1777116540071,"type":"alerts","deviceId":"ESP32_GREENHOUSE_01","data":{"timestamp":1777116540071,"deviceId":"ESP32_GREENHOUSE_01","event":"CRYING","level":70,"raw":280,"diff":280,"message":"CRYING DETECTED! ⚠️ Level: 70"}}
{"timestamp":1777116548136,"type":"alerts","deviceId":"ESP32_GREENHOUSE_01","data":{"timestamp":1777116548136,"deviceId":"ESP32_GREENHOUSE_01","event":"Light Activity","level":58,"raw":232,"diff":232,"message":"Light Activity Level: 58"}}
{"timestamp":1777116550154,"type":"alerts","deviceId":"ESP32_GREENHOUSE_01","data":{"timestamp":1777116550154,"deviceId":"ESP32_GREENHOUSE_01","event":"CRYING","level":62,"raw":250,"diff":250,"message":"CRYING DETECTED! ⚠️ Level: 62"}}
{"timestamp":1777116552173,"type":"alerts","deviceId":"ESP32_GREENHOUSE_01","data":{"timestamp":1777116552173,"deviceId":"ESP32_GREENHOUSE_01","event":"Restless","level":73,"raw":292,"diff":292,"message":"Restless Level: 73"}}
{"timestamp":1777116558215,"type":"alerts","deviceId":"ESP32_GREENHOUSE_01","data":{"timestamp":1777116558215,"deviceId":"ESP32_GREENHOUSE_01","event":"Restless","level":63,"raw":254,"diff":254,"message":"Restless Level: 63"}}
{"timestamp":1777116560232,"type":"alerts","deviceId":"ESP32_GREENHOUSE_01","data":{"timestamp":1777116560232,"deviceId":"ESP32_GREENHOUSE_01","event":"CRYING","level":77,"raw":309,"diff":309,"message":"CRYING DETECTED! ⚠️ Level: 77"}}
{"timestamp":1777116562254,"type":"alerts","deviceId":"ESP32_GREENHOUSE_01","data":{"timestamp":1777116562254,"deviceId":"ESP32_GREENHOUSE_01","event":"Light Activity","level":58,"raw":234,"diff":234,"message":"Light Activity Level: 58"}}
{"timestamp":1777116564268,"type":"alerts","deviceId":"ESP32_GREENHOUSE_01","data":{"timestamp":1777116564268,"deviceId":"ESP32_GREENHOUSE_01","event":"Restless","level":70,"raw":283,"diff":283,"message":"Restless Level: 70"}}
{"timestamp":1777116570344,"type":"alerts","deviceId":"ESP32_GREENHOUSE_01","data":{"timestamp":1777116570343,"deviceId":"ESP32_GREENHOUSE_01","event":"Restless","level":68,"raw":274,"diff":274,"message":"Restless Level: 68"}}
{"timestamp":1777116574375,"type":"alerts","deviceId":"ESP32_GREENHOUSE_01","data":{"timestamp":1777116574375,"deviceId":"ESP32_GREENHOUSE_01","event":"Light Activity","level":56,"raw":226,"diff":226,"message":"Light Activity Level: 56"}}
{"timestamp":1777116576391,"type":"alerts","deviceId":"ESP32_GREENHOUSE_01","data":{"timestamp":1777116576391,"deviceId":"ESP32_GREENHOUSE_01","event":"Restless","level":71,"raw":286,"diff":286,"message":"Restless Level: 71"}}
{"timestamp":1777116582440,"type":"alerts","deviceId":"ESP32_GREENHOUSE_01","data":{"timestamp":1777116582439,"deviceId":"ESP32_GREENHOUSE_01","event":"CRYING","level":74,"raw":299,"diff":299,"message":"CRYING DETECTED! ⚠️ Level: 74"}}
{"timestamp":1777116586472,"type":"alerts","deviceId":"ESP32_GREENHOUSE_01","data":{"timestamp":1777116586471,"deviceId":"ESP32_GREENHOUSE_01","event":"Restless","level":74,"raw":297,"diff":297,"message":"Restless Level: 74"}}
{"timestamp":1777116592519,"type":"alerts","deviceId":"ESP32_GREENHOUSE_01","data":{"timestamp":1777116592519,"deviceId":"ESP32_GREENHOUSE_01","event":"Restless","level":70,"raw":283,"diff":283,"message":"Restless Level: 70"}}
{"timestamp":1777116596555,"type":"alerts","deviceId":"ESP32_GREENHOUSE_01","data":{"timestamp":1777116596555,"deviceId":"ESP32_GREENHOUSE_01","event":"CRYING","level":81,"raw":324,"diff":324,"message":"CRYING DETECTED! ⚠️ Level: 81"}}
{"timestamp":1777116598573,"type":"alerts","deviceId":"ESP32_GREENHOUSE_01","data":{"timestamp":1777116598573,"deviceId":"ESP32_GREENHOUSE_01","event":"Restless","level":61,"raw":246,"diff":246,"message":"Restless Level: 61"}}
{"timestamp":1777116600591,"type":"alerts","deviceId":"ESP32_GREENHOUSE_01","data":{"timestamp":1777116600591,"deviceId":"ESP32_GREENHOUSE_01","event":"Light Activity","level":56,"raw":227,"diff":227,"message":"Light Activity Level: 56"}}
{"timestamp":1777116604649,"type":"alerts","deviceId":"ESP32_GREENHOUSE_01","data":{"timestamp":1777116604649,"deviceId":"ESP32_GREENHOUSE_01","event":"Restless","level":66,"raw":267,"diff":267,"message":"Restless Level: 66"}}
{"timestamp":1777116608680,"type":"alerts","deviceId":"ESP32_GREENHOUSE_01","data":{"timestamp":1777116608680,"deviceId":"ESP32_GREENHOUSE_01","event":"Light Activity","level":58,"raw":234,"diff":234,"message":"Light Activity Level: 58"}}
{"timestamp":1777116610695,"type":"alerts","deviceId":"ESP32_GREENHOUSE_01","data":{"timestamp":1777116610695,"deviceId":"ESP32_GREENHOUSE_01","event":"CRYING","level":93,"raw":375,"diff":375,"message":"CRYING DETECTED! ⚠️ Level: 93"}}
{"timestamp":1777116612711,"type":"alerts","deviceId":"ESP32_GREENHOUSE_01","data":{"timestamp":1777116612711,"deviceId":"ESP32_GREENHOUSE_01","event":"Restless","level":66,"raw":266,"diff":266,"message":"Restless Level: 66"}}
{"timestamp":1777116620776,"type":"alerts","deviceId":"ESP32_GREENHOUSE_01","data":{"timestamp":1777116620776,"deviceId":"ESP32_GREENHOUSE_01","event":"CRYING","level":67,"raw":271,"diff":271,"message":"CRYING DETECTED! ⚠️ Level: 67"}}
{"timestamp":1777116630860,"type":"alerts","deviceId":"ESP32_GREENHOUSE_01","data":{"timestamp":1777116630860,"deviceId":"ESP32_GREENHOUSE_01","event":"CRYING","level":74,"raw":299,"diff":299,"message":"CRYING DETECTED! ⚠️ Level: 74"}}
{"timestamp":1777116640972,"type":"alerts","deviceId":"ESP32_GREENHOUSE_01","data":{"timestamp":1777116640972,"deviceId":"ESP32_GREENHOUSE_01","event":"CRYING","level":101,"raw":407,"diff":407,"message":"CRYING DETECTED! ⚠️ Level: 101"}}
{"timestamp":1777116651048,"type":"alerts","deviceId":"ESP32_GREENHOUSE_01","data":{"timestamp":1777116651048,"deviceId":"ESP32_GREENHOUSE_01","event":"CRYING","level":82,"raw":328,"diff":328,"message":"CRYING DETECTED! ⚠️ Level: 82"}}
{"timestamp":1777116661130,"type":"alerts","deviceId":"ESP32_GREENHOUSE_01","data":{"timestamp":1777116661130,"deviceId":"ESP32_GREENHOUSE_01","event":"CRYING","level":68,"raw":275,"diff":275,"message":"CRYING DETECTED! ⚠️ Level: 68"}}
{"timestamp":1777116671240,"type":"alerts","deviceId":"ESP32_GREENHOUSE_01","data":{"timestamp":1777116671240,"deviceId":"ESP32_GREENHOUSE_01","event":"CRYING","level":62,"raw":250,"diff":250,"message":"CRYING DETECTED! ⚠️ Level: 62"}}
{"timestamp":1777116681320,"type":"alerts","deviceId":"ESP32_GREENHOUSE_01","data":{"timestamp":1777116681320,"deviceId":"ESP32_GREENHOUSE_01","event":"CRYING","level":79,"raw":319,"diff":319,"message":"CRYING DETECTED! ⚠️ Level: 79"}}
{"timestamp":1777116691401,"type":"alerts","deviceId":"ESP32_GREENHOUSE_01","data":{"timestamp":1777116691401,"deviceId":"ESP32_GREENHOUSE_01","event":"CRYING","level":106,"raw":426,"diff":426,"message":"CRYING DETECTED! ⚠️ Level: 106"}}
{"timestamp":1777116701512,"type":"alerts","deviceId":"ESP32_GREENHOUSE_01","data":{"timestamp":1777116701512,"deviceId":"ESP32_GREENHOUSE_01","event":"CRYING","level":70,"raw":283,"diff":283,"message":"CRYING DETECTED! ⚠️ Level: 70"}}
{"timestamp":1777116711592,"type":"alerts","deviceId":"ESP32_GREENHOUSE_01","data":{"timestamp":1777116711592,"deviceId":"ESP32_GREENHOUSE_01","event":"CRYING","level":60,"raw":243,"diff":243,"message":"CRYING DETECTED! ⚠️ Level: 60"}}
{"timestamp":1777116721675,"type":"alerts","deviceId":"ESP32_GREENHOUSE_01","data":{"timestamp":1777116721675,"deviceId":"ESP32_GREENHOUSE_01","event":"CRYING","level":63,"raw":255,"diff":255,"message":"CRYING DETECTED! ⚠️ Level: 63"}}
{"timestamp":1777116731760,"type":"alerts","deviceId":"ESP32_GREENHOUSE_01","data":{"timestamp":1777116731760,"deviceId":"ESP32_GREENHOUSE_01","event":"CRYING","level":92,"raw":370,"diff":370,"message":"CRYING DETECTED! ⚠️ Level: 92"}}
{"timestamp":1777116741865,"type":"alerts","deviceId":"ESP32_GREENHOUSE_01","data":{"timestamp":1777116741865,"deviceId":"ESP32_GREENHOUSE_01","event":"CRYING","level":89,"raw":356,"diff":356,"message":"CRYING DETECTED! ⚠️ Level: 89"}}
{"timestamp":1777116751945,"type":"alerts","deviceId":"ESP32_GREENHOUSE_01","data":{"timestamp":1777116751944,"deviceId":"ESP32_GREENHOUSE_01","event":"CRYING","level":67,"raw":270,"diff":270,"message":"CRYING DETECTED! ⚠️ Level: 67"}}
{"timestamp":1777116762030,"type":"alerts","deviceId":"ESP32_GREENHOUSE_01","data":{"timestamp":1777116762030,"deviceId":"ESP32_GREENHOUSE_01","event":"CRYING","level":50,"raw":203,"diff":203,"message":"CRYING DETECTED! ⚠️ Level: 50"}}
{"timestamp":1777116772137,"type":"alerts","deviceId":"ESP32_GREENHOUSE_01","data":{"timestamp":1777116772137,"deviceId":"ESP32_GREENHOUSE_01","event":"CRYING","level":57,"raw":230,"diff":230,"message":"CRYING DETECTED! ⚠️ Level: 57"}}
{"timestamp":1777116782217,"type":"alerts","deviceId":"ESP32_GREENHOUSE_01","data":{"timestamp":1777116782217,"deviceId":"ESP32_GREENHOUSE_01","event":"CRYING","level":67,"raw":270,"diff":270,"message":"CRYING DETECTED! ⚠️ Level: 67"}}
{"timestamp":1777116792300,"type":"alerts","deviceId":"ESP32_GREENHOUSE_01","data":{"timestamp":1777116792300,"deviceId":"ESP32_GREENHOUSE_01","event":"CRYING","level":97,"raw":389,"diff":389,"message":"CRYING DETECTED! ⚠️ Level: 97"}}
{"timestamp":1777116802409,"type":"alerts","deviceId":"ESP32_GREENHOUSE_01","data":{"timestamp":1777116802408,"deviceId":"ESP32_GREENHOUSE_01","event":"CRYING","level":60,"raw":241,"diff":241,"message":"CRYING DETECTED! ⚠️ Level: 60"}}
{"timestamp":1777116812489,"type":"alerts","deviceId":"ESP32_GREENHOUSE_01","data":{"timestamp":1777116812489,"deviceId":"ESP32_GREENHOUSE_01","event":"CRYING","level":86,"raw":346,"diff":346,"message":"CRYING DETECTED! ⚠️ Level: 86"}}
{"timestamp":1777116822571,"type":"alerts","deviceId":"ESP32_GREENHOUSE_01","data":{"timestamp":1777116822571,"deviceId":"ESP32_GREENHOUSE_01","event":"CRYING","level":98,"raw":395,"diff":395,"message":"CRYING DETECTED! ⚠️ Level: 98"}}
{"timestamp":1777116832681,"type":"alerts","deviceId":"ESP32_GREENHOUSE_01","data":{"timestamp":1777116832681,"deviceId":"ESP32_GREENHOUSE_01","event":"CRYING","level":73,"raw":293,"diff":293,"message":"CRYING DETECTED! ⚠️ Level: 73"}}
{"timestamp":1777116842761,"type":"alerts","deviceId":"ESP32_GREENHOUSE_01","data":{"timestamp":1777116842761,"deviceId":"ESP32_GREENHOUSE_01","event":"CRYING","level":117,"raw":470,"diff":470,"message":"CRYING DETECTED! ⚠️ Level: 117"}}
{"timestamp":1777116852841,"type":"alerts","deviceId":"ESP32_GREENHOUSE_01","data":{"timestamp":1777116852841,"deviceId":"ESP32_GREENHOUSE_01","event":"CRYING","level":59,"raw":239,"diff":239,"message":"CRYING DETECTED! ⚠️ Level: 59"}}
{"timestamp":1777116862930,"type":"alerts","deviceId":"ESP32_GREENHOUSE_01","data":{"timestamp":1777116862930,"deviceId":"ESP32_GREENHOUSE_01","event":"CRYING","level":74,"raw":299,"diff":299,"message":"CRYING DETECTED! ⚠️ Level: 74"}}
{"timestamp":1777116873034,"type":"alerts","deviceId":"ESP32_GREENHOUSE_01","data":{"timestamp":1777116873033,"deviceId":"ESP32_GREENHOUSE_01","event":"CRYING","level":92,"raw":371,"diff":371,"message":"CRYING DETECTED! ⚠️ Level: 92"}}
{"timestamp":1777116883114,"type":"alerts","deviceId":"ESP32_GREENHOUSE_01","data":{"timestamp":1777116883114,"deviceId":"ESP32_GREENHOUSE_01","event":"CRYING","level":65,"raw":260,"diff":260,"message":"CRYING DETECTED! ⚠️ Level: 65"}}
{"timestamp":1777116893198,"type":"alerts","deviceId":"ESP32_GREENHOUSE_01","data":{"timestamp":1777116893198,"deviceId":"ESP32_GREENHOUSE_01","event":"CRYING","level":72,"raw":288,"diff":288,"message":"CRYING DETECTED! ⚠️ Level: 72"}}
{"timestamp":1777116903306,"type":"alerts","deviceId":"ESP32_GREENHOUSE_01","data":{"timestamp":1777116903305,"deviceId":"ESP32_GREENHOUSE_01","event":"CRYING","level":68,"raw":272,"diff":272,"message":"CRYING DETECTED! ⚠️ Level: 68"}}
{"timestamp":1777116913386,"type":"alerts","deviceId":"ESP32_GREENHOUSE_01","data":{"timestamp":1777116913386,"deviceId":"ESP32_GREENHOUSE_01","event":"CRYING","level":71,"raw":287,"diff":287,"message":"CRYING DETECTED! ⚠️ Level: 71"}}
{"timestamp":1777116923468,"type":"alerts","deviceId":"ESP32_GREENHOUSE_01","data":{"timestamp":1777116923468,"deviceId":"ESP32_GREENHOUSE_01","event":"CRYING","level":56,"raw":225,"diff":225,"message":"CRYING DETECTED! ⚠️ Level: 56"}}
{"timestamp":1777116933578,"type":"alerts","deviceId":"ESP32_GREENHOUSE_01","data":{"timestamp":1777116933578,"deviceId":"ESP32_GREENHOUSE_01","event":"CRYING","level":85,"raw":342,"diff":342,"message":"CRYING DETECTED! ⚠️ Level: 85"}}
{"timestamp":1777116943658,"type":"alerts","deviceId":"ESP32_GREENHOUSE_01","data":{"timestamp":1777116943658,"deviceId":"ESP32_GREENHOUSE_01","event":"CRYING","level":118,"raw":473,"diff":473,"message":"CRYING DETECTED! ⚠️ Level: 118"}}
{"timestamp":1777116953738,"type":"alerts","deviceId":"ESP32_GREENHOUSE_01","data":{"timestamp":1777116953738,"deviceId":"ESP32_GREENHOUSE_01","event":"CRYING","level":93,"raw":372,"diff":372,"message":"CRYING DETECTED! ⚠️ Level: 93"}}
{"timestamp":1777116963851,"type":"alerts","deviceId":"ESP32_GREENHOUSE_01","data":{"timestamp":1777116963851,"deviceId":"ESP32_GREENHOUSE_01","event":"CRYING","level":68,"raw":274,"diff":274,"message":"CRYING DETECTED! ⚠️ Level: 68"}}
{"timestamp":1777116973930,"type":"alerts","deviceId":"ESP32_GREENHOUSE_01","data":{"timestamp":1777116973930,"deviceId":"ESP32_GREENHOUSE_01","event":"CRYING","level":97,"raw":388,"diff":388,"message":"CRYING DETECTED! ⚠️ Level: 97"}}
{"timestamp":1777116984010,"type":"alerts","deviceId":"ESP32_GREENHOUSE_01","data":{"timestamp":1777116984010,"deviceId":"ESP32_GREENHOUSE_01","event":"CRYING","level":92,"raw":370,"diff":370,"message":"CRYING DETECTED! ⚠️ Level: 92"}}
{"timestamp":1777116994098,"type":"alerts","deviceId":"ESP32_GREENHOUSE_01","data":{"timestamp":1777116994098,"deviceId":"ESP32_GREENHOUSE_01","event":"CRYING","level":60,"raw":242,"diff":242,"message":"CRYING DETECTED! ⚠️ Level: 60"}}
{"timestamp":1777117004203,"type":"alerts","deviceId":"ESP32_GREENHOUSE_01","data":{"timestamp":1777117004203,"deviceId":"ESP32_GREENHOUSE_01","event":"CRYING","level":79,"raw":319,"diff":319,"message":"CRYING DETECTED! ⚠️ Level: 79"}}
{"timestamp":1777117014283,"type":"alerts","deviceId":"ESP32_GREENHOUSE_01","data":{"timestamp":1777117014283,"deviceId":"ESP32_GREENHOUSE_01","event":"CRYING","level":104,"raw":417,"diff":417,"message":"CRYING DETECTED! ⚠️ Level: 104"}}
{"timestamp":1777117024370,"type":"alerts","deviceId":"ESP32_GREENHOUSE_01","data":{"timestamp":1777117024370,"deviceId":"ESP32_GREENHOUSE_01","event":"CRYING","level":67,"raw":269,"diff":269,"message":"CRYING DETECTED! ⚠️ Level: 67"}}
{"timestamp":1777117034477,"type":"alerts","deviceId":"ESP32_GREENHOUSE_01","data":{"timestamp":1777117034477,"deviceId":"ESP32_GREENHOUSE_01","event":"CRYING","level":78,"raw":314,"diff":314,"message":"CRYING DETECTED! ⚠️ Level: 78"}}
{"timestamp":1777117044555,"type":"alerts","deviceId":"ESP32_GREENHOUSE_01","data":{"timestamp":1777117044554,"deviceId":"ESP32_GREENHOUSE_01","event":"CRYING","level":87,"raw":350,"diff":350,"message":"CRYING DETECTED! ⚠️ Level: 87"}}
{"timestamp":1777117054637,"type":"alerts","deviceId":"ESP32_GREENHOUSE_01","data":{"timestamp":1777117054637,"deviceId":"ESP32_GREENHOUSE_01","event":"CRYING","level":78,"raw":312,"diff":312,"message":"CRYING DETECTED! ⚠️ Level: 78"}}
{"timestamp":1777117064747,"type":"alerts","deviceId":"ESP32_GREENHOUSE_01","data":{"timestamp":1777117064747,"deviceId":"ESP32_GREENHOUSE_01","event":"CRYING","level":75,"raw":300,"diff":300,"message":"CRYING DETECTED! ⚠️ Level: 75"}}
{"timestamp":1777117074827,"type":"alerts","deviceId":"ESP32_GREENHOUSE_01","data":{"timestamp":1777117074827,"deviceId":"ESP32_GREENHOUSE_01","event":"CRYING","level":64,"raw":259,"diff":259,"message":"CRYING DETECTED! ⚠️ Level: 64"}}
{"timestamp":1777117084907,"type":"alerts","deviceId":"ESP32_GREENHOUSE_01","data":{"timestamp":1777117084907,"deviceId":"ESP32_GREENHOUSE_01","event":"CRYING","level":94,"raw":379,"diff":379,"message":"CRYING DETECTED! ⚠️ Level: 94"}}
{"timestamp":1777117095019,"type":"alerts","deviceId":"ESP32_GREENHOUSE_01","data":{"timestamp":1777117095019,"deviceId":"ESP32_GREENHOUSE_01","event":"CRYING","level":97,"raw":390,"diff":390,"message":"CRYING DETECTED! ⚠️ Level: 97"}}
{"timestamp":1777117105099,"type":"alerts","deviceId":"ESP32_GREENHOUSE_01","data":{"timestamp":1777117105099,"deviceId":"ESP32_GREENHOUSE_01","event":"CRYING","level":79,"raw":319,"diff":319,"message":"CRYING DETECTED! ⚠️ Level: 79"}}
{"timestamp":1777117115221,"type":"alerts","deviceId":"ESP32_GREENHOUSE_01","data":{"timestamp":1777117115221,"deviceId":"ESP32_GREENHOUSE_01","event":"CRYING","level":57,"raw":229,"diff":229,"message":"CRYING DETECTED! ⚠️ Level: 57"}}
{"timestamp":1777117125266,"type":"alerts","deviceId":"ESP32_GREENHOUSE_01","data":{"timestamp":1777117125266,"deviceId":"ESP32_GREENHOUSE_01","event":"CRYING","level":70,"raw":282,"diff":282,"message":"CRYING DETECTED! ⚠️ Level: 70"}}
{"timestamp":1777117135371,"type":"alerts","deviceId":"ESP32_GREENHOUSE_01","data":{"timestamp":1777117135371,"deviceId":"ESP32_GREENHOUSE_01","event":"CRYING","level":65,"raw":263,"diff":263,"message":"CRYING DETECTED! ⚠️ Level: 65"}}
{"timestamp":1777117145451,"type":"alerts","deviceId":"ESP32_GREENHOUSE_01","data":{"timestamp":1777117145451,"deviceId":"ESP32_GREENHOUSE_01","event":"CRYING","level":63,"raw":253,"diff":253,"message":"CRYING DETECTED! ⚠️ Level: 63"}}
{"timestamp":1777117155538,"type":"alerts","deviceId":"ESP32_GREENHOUSE_01","data":{"timestamp":1777117155538,"deviceId":"ESP32_GREENHOUSE_01","event":"CRYING","level":73,"raw":293,"diff":293,"message":"CRYING DETECTED! ⚠️ Level: 73"}}
{"timestamp":1777117165644,"type":"alerts","deviceId":"ESP32_GREENHOUSE_01","data":{"timestamp":1777117165644,"deviceId":"ESP32_GREENHOUSE_01","event":"CRYING","level":85,"raw":340,"diff":340,"message":"CRYING DETECTED! ⚠️ Level: 85"}}
{"timestamp":1777117175724,"type":"alerts","deviceId":"ESP32_GREENHOUSE_01","data":{"timestamp":1777117175724,"deviceId":"ESP32_GREENHOUSE_01","event":"CRYING","level":47,"raw":188,"diff":188,"message":"CRYING DETECTED! ⚠️ Level: 47"}}
{"timestamp":1777117185806,"type":"alerts","deviceId":"ESP32_GREENHOUSE_01","data":{"timestamp":1777117185806,"deviceId":"ESP32_GREENHOUSE_01","event":"CRYING","level":76,"raw":305,"diff":305,"message":"CRYING DETECTED! ⚠️ Level: 76"}}
{"timestamp":1777117195916,"type":"alerts","deviceId":"ESP32_GREENHOUSE_01","data":{"timestamp":1777117195916,"deviceId":"ESP32_GREENHOUSE_01","event":"CRYING","level":78,"raw":313,"diff":313,"message":"CRYING DETECTED! ⚠️ Level: 78"}}
{"timestamp":1777117205996,"type":"alerts","deviceId":"ESP32_GREENHOUSE_01","data":{"timestamp":1777117205996,"deviceId":"ESP32_GREENHOUSE_01","event":"CRYING","level":67,"raw":268,"diff":268,"message":"CRYING DETECTED! ⚠️ Level: 67"}}
{"timestamp":1777117216077,"type":"alerts","deviceId":"ESP32_GREENHOUSE_01","data":{"timestamp":1777117216077,"deviceId":"ESP32_GREENHOUSE_01","event":"CRYING","level":87,"raw":348,"diff":348,"message":"CRYING DETECTED! ⚠️ Level: 87"}}
{"timestamp":1777117226188,"type":"alerts","deviceId":"ESP32_GREENHOUSE_01","data":{"timestamp":1777117226188,"deviceId":"ESP32_GREENHOUSE_01","event":"CRYING","level":90,"raw":363,"diff":363,"message":"CRYING DETECTED! ⚠️ Level: 90"}}
{"timestamp":1777117236269,"type":"alerts","deviceId":"ESP32_GREENHOUSE_01","data":{"timestamp":1777117236269,"deviceId":"ESP32_GREENHOUSE_01","event":"CRYING","level":83,"raw":335,"diff":335,"message":"CRYING DETECTED! ⚠️ Level: 83"}}
{"timestamp":1777117246350,"type":"alerts","deviceId":"ESP32_GREENHOUSE_01","data":{"timestamp":1777117246350,"deviceId":"ESP32_GREENHOUSE_01","event":"CRYING","level":84,"raw":336,"diff":336,"message":"CRYING DETECTED! ⚠️ Level: 84"}}
{"timestamp":1777117256436,"type":"alerts","deviceId":"ESP32_GREENHOUSE_01","data":{"timestamp":1777117256436,"deviceId":"ESP32_GREENHOUSE_01","event":"CRYING","level":60,"raw":242,"diff":242,"message":"CRYING DETECTED! ⚠️ Level: 60"}}
{"timestamp":1777117266540,"type":"alerts","deviceId":"ESP32_GREENHOUSE_01","data":{"timestamp":1777117266540,"deviceId":"ESP32_GREENHOUSE_01","event":"CRYING","level":62,"raw":250,"diff":250,"message":"CRYING DETECTED! ⚠️ Level: 62"}}
{"timestamp":1777117276620,"type":"alerts","deviceId":"ESP32_GREENHOUSE_01","data":{"timestamp":1777117276620,"deviceId":"ESP32_GREENHOUSE_01","event":"CRYING","level":64,"raw":258,"diff":258,"message":"CRYING DETECTED! ⚠️ Level: 64"}}
{"timestamp":1777117286706,"type":"alerts","deviceId":"ESP32_GREENHOUSE_01","data":{"timestamp":1777117286706,"deviceId":"ESP32_GREENHOUSE_01","event":"CRYING","level":78,"raw":312,"diff":312,"message":"CRYING DETECTED! ⚠️ Level: 78"}}
{"timestamp":1777117296812,"type":"alerts","deviceId":"ESP32_GREENHOUSE_01","data":{"timestamp":1777117296812,"deviceId":"ESP32_GREENHOUSE_01","event":"CRYING","level":91,"raw":366,"diff":366,"message":"CRYING DETECTED! ⚠️ Level: 91"}}
{"timestamp":1777117306892,"type":"alerts","deviceId":"ESP32_GREENHOUSE_01","data":{"timestamp":1777117306892,"deviceId":"ESP32_GREENHOUSE_01","event":"CRYING","level":63,"raw":254,"diff":254,"message":"CRYING DETECTED! ⚠️ Level: 63"}}
{"timestamp":1777117316975,"type":"alerts","deviceId":"ESP32_GREENHOUSE_01","data":{"timestamp":1777117316975,"deviceId":"ESP32_GREENHOUSE_01","event":"CRYING","level":53,"raw":212,"diff":212,"message":"CRYING DETECTED! ⚠️ Level: 53"}}
{"timestamp":1777117327084,"type":"alerts","deviceId":"ESP32_GREENHOUSE_01","data":{"timestamp":1777117327084,"deviceId":"ESP32_GREENHOUSE_01","event":"CRYING","level":91,"raw":364,"diff":364,"message":"CRYING DETECTED! ⚠️ Level: 91"}}
{"timestamp":1777117337171,"type":"alerts","deviceId":"ESP32_GREENHOUSE_01","data":{"timestamp":1777117337171,"deviceId":"ESP32_GREENHOUSE_01","event":"CRYING","level":98,"raw":393,"diff":393,"message":"CRYING DETECTED! ⚠️ Level: 98"}}
{"timestamp":1777117347245,"type":"alerts","deviceId":"ESP32_GREENHOUSE_01","data":{"timestamp":1777117347245,"deviceId":"ESP32_GREENHOUSE_01","event":"CRYING","level":68,"raw":274,"diff":274,"message":"CRYING DETECTED! ⚠️ Level: 68"}}
{"timestamp":1777117357357,"type":"alerts","deviceId":"ESP32_GREENHOUSE_01","data":{"timestamp":1777117357357,"deviceId":"ESP32_GREENHOUSE_01","event":"CRYING","level":76,"raw":304,"diff":304,"message":"CRYING DETECTED! ⚠️ Level: 76"}}
{"timestamp":1777117367437,"type":"alerts","deviceId":"ESP32_GREENHOUSE_01","data":{"timestamp":1777117367437,"deviceId":"ESP32_GREENHOUSE_01","event":"CRYING","level":84,"raw":338,"diff":338,"message":"CRYING DETECTED! ⚠️ Level: 84"}}
{"timestamp":1777117377517,"type":"alerts","deviceId":"ESP32_GREENHOUSE_01","data":{"timestamp":1777117377517,"deviceId":"ESP32_GREENHOUSE_01","event":"CRYING","level":107,"raw":430,"diff":430,"message":"CRYING DETECTED! ⚠️ Level: 107"}}
{"timestamp":1777117387607,"type":"alerts","deviceId":"ESP32_GREENHOUSE_01","data":{"timestamp":1777117387607,"deviceId":"ESP32_GREENHOUSE_01","event":"CRYING","level":93,"raw":372,"diff":372,"message":"CRYING DETECTED! ⚠️ Level: 93"}}
{"timestamp":1777117397709,"type":"alerts","deviceId":"ESP32_GREENHOUSE_01","data":{"timestamp":1777117397709,"deviceId":"ESP32_GREENHOUSE_01","event":"CRYING","level":65,"raw":262,"diff":262,"message":"CRYING DETECTED! ⚠️ Level: 65"}}
{"timestamp":1777117407789,"type":"alerts","deviceId":"ESP32_GREENHOUSE_01","data":{"timestamp":1777117407789,"deviceId":"ESP32_GREENHOUSE_01","event":"CRYING","level":522,"raw":2091,"diff":2091,"message":"CRYING DETECTED! ⚠️ Level: 522"}}
{"timestamp":1777117417876,"type":"alerts","deviceId":"ESP32_GREENHOUSE_01","data":{"timestamp":1777117417876,"deviceId":"ESP32_GREENHOUSE_01","event":"CRYING","level":462,"raw":1851,"diff":1851,"message":"CRYING DETECTED! ⚠️ Level: 462"}}
{"timestamp":1777117427981,"type":"alerts","deviceId":"ESP32_GREENHOUSE_01","data":{"timestamp":1777117427981,"deviceId":"ESP32_GREENHOUSE_01","event":"CRYING","level":304,"raw":1218,"diff":1218,"message":"CRYING DETECTED! ⚠️ Level: 304"}}
{"timestamp":1777117438061,"type":"alerts","deviceId":"ESP32_GREENHOUSE_01","data":{"timestamp":1777117438061,"deviceId":"ESP32_GREENHOUSE_01","event":"CRYING","level":81,"raw":326,"diff":326,"message":"CRYING DETECTED! ⚠️ Level: 81"}}
{"timestamp":1777117448144,"type":"alerts","deviceId":"ESP32_GREENHOUSE_01","data":{"timestamp":1777117448144,"deviceId":"ESP32_GREENHOUSE_01","event":"CRYING","level":70,"raw":282,"diff":282,"message":"CRYING DETECTED! ⚠️ Level: 70"}}
{"timestamp":1777117458253,"type":"alerts","deviceId":"ESP32_GREENHOUSE_01","data":{"timestamp":1777117458253,"deviceId":"ESP32_GREENHOUSE_01","event":"CRYING","level":65,"raw":262,"diff":262,"message":"CRYING DETECTED! ⚠️ Level: 65"}}
{"timestamp":1777117468333,"type":"alerts","deviceId":"ESP32_GREENHOUSE_01","data":{"timestamp":1777117468333,"deviceId":"ESP32_GREENHOUSE_01","event":"CRYING","level":62,"raw":248,"diff":248,"message":"CRYING DETECTED! ⚠️ Level: 62"}}
{"timestamp":1777117478413,"type":"alerts","deviceId":"ESP32_GREENHOUSE_01","data":{"timestamp":1777117478413,"deviceId":"ESP32_GREENHOUSE_01","event":"CRYING","level":71,"raw":284,"diff":284,"message":"CRYING DETECTED! ⚠️ Level: 71"}}
{"timestamp":1777117488525,"type":"alerts","deviceId":"ESP32_GREENHOUSE_01","data":{"timestamp":1777117488525,"deviceId":"ESP32_GREENHOUSE_01","event":"CRYING","level":73,"raw":295,"diff":295,"message":"CRYING DETECTED! ⚠️ Level: 73"}}
{"timestamp":1777117498629,"type":"alerts","deviceId":"ESP32_GREENHOUSE_01","data":{"timestamp":1777117498629,"deviceId":"ESP32_GREENHOUSE_01","event":"CRYING","level":56,"raw":227,"diff":227,"message":"CRYING DETECTED! ⚠️ Level: 56"}}
{"timestamp":1777117508686,"type":"alerts","deviceId":"ESP32_GREENHOUSE_01","data":{"timestamp":1777117508686,"deviceId":"ESP32_GREENHOUSE_01","event":"CRYING","level":75,"raw":302,"diff":302,"message":"CRYING DETECTED! ⚠️ Level: 75"}}
{"timestamp":1777117518776,"type":"alerts","deviceId":"ESP32_GREENHOUSE_01","data":{"timestamp":1777117518776,"deviceId":"ESP32_GREENHOUSE_01","event":"CRYING","level":85,"raw":343,"diff":343,"message":"CRYING DETECTED! ⚠️ Level: 85"}}
{"timestamp":1777117528878,"type":"alerts","deviceId":"ESP32_GREENHOUSE_01","data":{"timestamp":1777117528878,"deviceId":"ESP32_GREENHOUSE_01","event":"CRYING","level":67,"raw":270,"diff":270,"message":"CRYING DETECTED! ⚠️ Level: 67"}}
{"timestamp":1777117538958,"type":"alerts","deviceId":"ESP32_GREENHOUSE_01","data":{"timestamp":1777117538958,"deviceId":"ESP32_GREENHOUSE_01","event":"CRYING","level":69,"raw":278,"diff":278,"message":"CRYING DETECTED! ⚠️ Level: 69"}}
{"timestamp":1777117549051,"type":"alerts","deviceId":"ESP32_GREENHOUSE_01","data":{"timestamp":1777117549051,"deviceId":"ESP32_GREENHOUSE_01","event":"CRYING","level":78,"raw":313,"diff":313,"message":"CRYING DETECTED! ⚠️ Level: 78"}}
{"timestamp":1777117559153,"type":"alerts","deviceId":"ESP32_GREENHOUSE_01","data":{"timestamp":1777117559153,"deviceId":"ESP32_GREENHOUSE_01","event":"CRYING","level":73,"raw":294,"diff":294,"message":"CRYING DETECTED! ⚠️ Level: 73"}}
{"timestamp":1777117569230,"type":"alerts","deviceId":"ESP32_GREENHOUSE_01","data":{"timestamp":1777117569230,"deviceId":"ESP32_GREENHOUSE_01","event":"CRYING","level":75,"raw":300,"diff":300,"message":"CRYING DETECTED! ⚠️ Level: 75"}}
{"timestamp":1777117579322,"type":"alerts","deviceId":"ESP32_GREENHOUSE_01","data":{"timestamp":1777117579322,"deviceId":"ESP32_GREENHOUSE_01","event":"CRYING","level":71,"raw":284,"diff":284,"message":"CRYING DETECTED! ⚠️ Level: 71"}}
{"timestamp":1777117589423,"type":"alerts","deviceId":"ESP32_GREENHOUSE_01","data":{"timestamp":1777117589422,"deviceId":"ESP32_GREENHOUSE_01","event":"CRYING","level":111,"raw":447,"diff":447,"message":"CRYING DETECTED! ⚠️ Level: 111"}}
{"timestamp":1777117599503,"type":"alerts","deviceId":"ESP32_GREENHOUSE_01","data":{"timestamp":1777117599503,"deviceId":"ESP32_GREENHOUSE_01","event":"CRYING","level":76,"raw":304,"diff":304,"message":"CRYING DETECTED! ⚠️ Level: 76"}}
{"timestamp":1777117609585,"type":"alerts","deviceId":"ESP32_GREENHOUSE_01","data":{"timestamp":1777117609585,"deviceId":"ESP32_GREENHOUSE_01","event":"CRYING","level":82,"raw":328,"diff":328,"message":"CRYING DETECTED! ⚠️ Level: 82"}}
{"timestamp":1777117619695,"type":"alerts","deviceId":"ESP32_GREENHOUSE_01","data":{"timestamp":1777117619695,"deviceId":"ESP32_GREENHOUSE_01","event":"CRYING","level":196,"raw":786,"diff":786,"message":"CRYING DETECTED! ⚠️ Level: 196"}}
{"timestamp":1777117629775,"type":"alerts","deviceId":"ESP32_GREENHOUSE_01","data":{"timestamp":1777117629775,"deviceId":"ESP32_GREENHOUSE_01","event":"CRYING","level":509,"raw":2039,"diff":2039,"message":"CRYING DETECTED! ⚠️ Level: 509"}}
{"timestamp":1777117639871,"type":"alerts","deviceId":"ESP32_GREENHOUSE_01","data":{"timestamp":1777117639871,"deviceId":"ESP32_GREENHOUSE_01","event":"CRYING","level":243,"raw":972,"diff":972,"message":"CRYING DETECTED! ⚠️ Level: 243"}}
{"timestamp":1777117649943,"type":"alerts","deviceId":"ESP32_GREENHOUSE_01","data":{"timestamp":1777117649943,"deviceId":"ESP32_GREENHOUSE_01","event":"CRYING","level":52,"raw":210,"diff":210,"message":"CRYING DETECTED! ⚠️ Level: 52"}}
{"timestamp":1777117660048,"type":"alerts","deviceId":"ESP32_GREENHOUSE_01","data":{"timestamp":1777117660048,"deviceId":"ESP32_GREENHOUSE_01","event":"CRYING","level":102,"raw":411,"diff":411,"message":"CRYING DETECTED! ⚠️ Level: 102"}}
{"timestamp":1777117670152,"type":"alerts","deviceId":"ESP32_GREENHOUSE_01","data":{"timestamp":1777117670152,"deviceId":"ESP32_GREENHOUSE_01","event":"CRYING","level":164,"raw":658,"diff":658,"message":"CRYING DETECTED! ⚠️ Level: 164"}}
{"timestamp":1777117680211,"type":"alerts","deviceId":"ESP32_GREENHOUSE_01","data":{"timestamp":1777117680211,"deviceId":"ESP32_GREENHOUSE_01","event":"CRYING","level":378,"raw":1514,"diff":1514,"message":"CRYING DETECTED! ⚠️ Level: 378"}}
{"timestamp":1777117690321,"type":"alerts","deviceId":"ESP32_GREENHOUSE_01","data":{"timestamp":1777117690321,"deviceId":"ESP32_GREENHOUSE_01","event":"CRYING","level":67,"raw":269,"diff":269,"message":"CRYING DETECTED! ⚠️ Level: 67"}}
{"timestamp":1777117700399,"type":"alerts","deviceId":"ESP32_GREENHOUSE_01","data":{"timestamp":1777117700399,"deviceId":"ESP32_GREENHOUSE_01","event":"CRYING","level":78,"raw":314,"diff":314,"message":"CRYING DETECTED! ⚠️ Level: 78"}}
{"timestamp":1777117710481,"type":"alerts","deviceId":"ESP32_GREENHOUSE_01","data":{"timestamp":1777117710481,"deviceId":"ESP32_GREENHOUSE_01","event":"CRYING","level":70,"raw":281,"diff":281,"message":"CRYING DETECTED! ⚠️ Level: 70"}}
{"timestamp":1777117720593,"type":"alerts","deviceId":"ESP32_GREENHOUSE_01","data":{"timestamp":1777117720593,"deviceId":"ESP32_GREENHOUSE_01","event":"CRYING","level":73,"raw":293,"diff":293,"message":"CRYING DETECTED! ⚠️ Level: 73"}}
{"timestamp":1777117730672,"type":"alerts","deviceId":"ESP32_GREENHOUSE_01","data":{"timestamp":1777117730672,"deviceId":"ESP32_GREENHOUSE_01","event":"CRYING","level":55,"raw":223,"diff":223,"message":"CRYING DETECTED! ⚠️ Level: 55"}}
{"timestamp":1777117740751,"type":"alerts","deviceId":"ESP32_GREENHOUSE_01","data":{"timestamp":1777117740751,"deviceId":"ESP32_GREENHOUSE_01","event":"CRYING","level":65,"raw":261,"diff":261,"message":"CRYING DETECTED! ⚠️ Level: 65"}}
{"timestamp":1777117750864,"type":"alerts","deviceId":"ESP32_GREENHOUSE_01","data":{"timestamp":1777117750864,"deviceId":"ESP32_GREENHOUSE_01","event":"CRYING","level":56,"raw":225,"diff":225,"message":"CRYING DETECTED! ⚠️ Level: 56"}}
{"timestamp":1777117760944,"type":"alerts","deviceId":"ESP32_GREENHOUSE_01","data":{"timestamp":1777117760944,"deviceId":"ESP32_GREENHOUSE_01","event":"CRYING","level":58,"raw":235,"diff":235,"message":"CRYING DETECTED! ⚠️ Level: 58"}}
{"timestamp":1777117771024,"type":"alerts","deviceId":"ESP32_GREENHOUSE_01","data":{"timestamp":1777117771024,"deviceId":"ESP32_GREENHOUSE_01","event":"CRYING","level":33,"raw":132,"diff":132,"message":"CRYING DETECTED! ⚠️ Level: 33"}}
{"timestamp":1777117781112,"type":"alerts","deviceId":"ESP32_GREENHOUSE_01","data":{"timestamp":1777117781111,"deviceId":"ESP32_GREENHOUSE_01","event":"CRYING","level":29,"raw":119,"diff":119,"message":"CRYING DETECTED! ⚠️ Level: 29"}}
{"timestamp":1777117791216,"type":"alerts","deviceId":"ESP32_GREENHOUSE_01","data":{"timestamp":1777117791216,"deviceId":"ESP32_GREENHOUSE_01","event":"CRYING","level":34,"raw":137,"diff":137,"message":"CRYING DETECTED! ⚠️ Level: 34"}}
{"timestamp":1777117801296,"type":"alerts","deviceId":"ESP32_GREENHOUSE_01","data":{"timestamp":1777117801296,"deviceId":"ESP32_GREENHOUSE_01","event":"CRYING","level":21,"raw":84,"diff":84,"message":"CRYING DETECTED! ⚠️ Level: 21"}}
{"timestamp":1777117811382,"type":"alerts","deviceId":"ESP32_GREENHOUSE_01","data":{"timestamp":1777117811382,"deviceId":"ESP32_GREENHOUSE_01","event":"CRYING","level":29,"raw":119,"diff":119,"message":"CRYING DETECTED! ⚠️ Level: 29"}}
{"timestamp":1777117821488,"type":"alerts","deviceId":"ESP32_GREENHOUSE_01","data":{"timestamp":1777117821488,"deviceId":"ESP32_GREENHOUSE_01","event":"CRYING","level":26,"raw":106,"diff":106,"message":"CRYING DETECTED! ⚠️ Level: 26"}}
{"timestamp":1777117831570,"type":"alerts","deviceId":"ESP32_GREENHOUSE_01","data":{"timestamp":1777117831570,"deviceId":"ESP32_GREENHOUSE_01","event":"CRYING","level":23,"raw":92,"diff":92,"message":"CRYING DETECTED! ⚠️ Level: 23"}}
{"timestamp":1777117841653,"type":"alerts","deviceId":"ESP32_GREENHOUSE_01","data":{"timestamp":1777117841652,"deviceId":"ESP32_GREENHOUSE_01","event":"CRYING","level":37,"raw":149,"diff":149,"message":"CRYING DETECTED! ⚠️ Level: 37"}}
{"timestamp":1777117851765,"type":"alerts","deviceId":"ESP32_GREENHOUSE_01","data":{"timestamp":1777117851765,"deviceId":"ESP32_GREENHOUSE_01","event":"CRYING","level":60,"raw":241,"diff":241,"message":"CRYING DETECTED! ⚠️ Level: 60"}}
{"timestamp":1777117861841,"type":"alerts","deviceId":"ESP32_GREENHOUSE_01","data":{"timestamp":1777117861840,"deviceId":"ESP32_GREENHOUSE_01","event":"CRYING","level":94,"raw":379,"diff":379,"message":"CRYING DETECTED! ⚠️ Level: 94"}}
{"timestamp":1777117871921,"type":"alerts","deviceId":"ESP32_GREENHOUSE_01","data":{"timestamp":1777117871921,"deviceId":"ESP32_GREENHOUSE_01","event":"CRYING","level":53,"raw":215,"diff":215,"message":"CRYING DETECTED! ⚠️ Level: 53"}}
{"timestamp":1777117882033,"type":"alerts","deviceId":"ESP32_GREENHOUSE_01","data":{"timestamp":1777117882033,"deviceId":"ESP32_GREENHOUSE_01","event":"CRYING","level":77,"raw":310,"diff":310,"message":"CRYING DETECTED! ⚠️ Level: 77"}}
{"timestamp":1777117892113,"type":"alerts","deviceId":"ESP32_GREENHOUSE_01","data":{"timestamp":1777117892113,"deviceId":"ESP32_GREENHOUSE_01","event":"CRYING","level":49,"raw":196,"diff":196,"message":"CRYING DETECTED! ⚠️ Level: 49"}}
{"timestamp":1777117902193,"type":"alerts","deviceId":"ESP32_GREENHOUSE_01","data":{"timestamp":1777117902193,"deviceId":"ESP32_GREENHOUSE_01","event":"CRYING","level":95,"raw":380,"diff":380,"message":"CRYING DETECTED! ⚠️ Level: 95"}}
{"timestamp":1777117912283,"type":"alerts","deviceId":"ESP32_GREENHOUSE_01","data":{"timestamp":1777117912283,"deviceId":"ESP32_GREENHOUSE_01","event":"CRYING","level":24,"raw":97,"diff":97,"message":"CRYING DETECTED! ⚠️ Level: 24"}}
{"timestamp":1777117922385,"type":"alerts","deviceId":"ESP32_GREENHOUSE_01","data":{"timestamp":1777117922385,"deviceId":"ESP32_GREENHOUSE_01","event":"CRYING","level":26,"raw":105,"diff":105,"message":"CRYING DETECTED! ⚠️ Level: 26"}}
{"timestamp":1777117932467,"type":"alerts","deviceId":"ESP32_GREENHOUSE_01","data":{"timestamp":1777117932467,"deviceId":"ESP32_GREENHOUSE_01","event":"CRYING","level":26,"raw":105,"diff":105,"message":"CRYING DETECTED! ⚠️ Level: 26"}}
{"timestamp":1777117942550,"type":"alerts","deviceId":"ESP32_GREENHOUSE_01","data":{"timestamp":1777117942549,"deviceId":"ESP32_GREENHOUSE_01","event":"CRYING","level":55,"raw":220,"diff":220,"message":"CRYING DETECTED! ⚠️ Level: 55"}}
{"timestamp":1777117952657,"type":"alerts","deviceId":"ESP32_GREENHOUSE_01","data":{"timestamp":1777117952657,"deviceId":"ESP32_GREENHOUSE_01","event":"CRYING","level":35,"raw":143,"diff":143,"message":"CRYING DETECTED! ⚠️ Level: 35"}}
{"timestamp":1777117962737,"type":"alerts","deviceId":"ESP32_GREENHOUSE_01","data":{"timestamp":1777117962737,"deviceId":"ESP32_GREENHOUSE_01","event":"CRYING","level":66,"raw":266,"diff":266,"message":"CRYING DETECTED! ⚠️ Level: 66"}}
{"timestamp":1777117972819,"type":"alerts","deviceId":"ESP32_GREENHOUSE_01","data":{"timestamp":1777117972819,"deviceId":"ESP32_GREENHOUSE_01","event":"CRYING","level":230,"raw":921,"diff":921,"message":"CRYING DETECTED! ⚠️ Level: 230"}}
{"timestamp":1777117982935,"type":"alerts","deviceId":"ESP32_GREENHOUSE_01","data":{"timestamp":1777117982935,"deviceId":"ESP32_GREENHOUSE_01","event":"CRYING","level":47,"raw":189,"diff":189,"message":"CRYING DETECTED! ⚠️ Level: 47"}}
{"timestamp":1777117993009,"type":"alerts","deviceId":"ESP32_GREENHOUSE_01","data":{"timestamp":1777117993009,"deviceId":"ESP32_GREENHOUSE_01","event":"CRYING","level":59,"raw":239,"diff":239,"message":"CRYING DETECTED! ⚠️ Level: 59"}}
{"timestamp":1777118003090,"type":"alerts","deviceId":"ESP32_GREENHOUSE_01","data":{"timestamp":1777118003090,"deviceId":"ESP32_GREENHOUSE_01","event":"CRYING","level":40,"raw":161,"diff":161,"message":"CRYING DETECTED! ⚠️ Level: 40"}}
{"timestamp":1777118013202,"type":"alerts","deviceId":"ESP32_GREENHOUSE_01","data":{"timestamp":1777118013201,"deviceId":"ESP32_GREENHOUSE_01","event":"CRYING","level":40,"raw":160,"diff":160,"message":"CRYING DETECTED! ⚠️ Level: 40"}}
{"timestamp":1777118023284,"type":"alerts","deviceId":"ESP32_GREENHOUSE_01","data":{"timestamp":1777118023284,"deviceId":"ESP32_GREENHOUSE_01","event":"CRYING","level":34,"raw":138,"diff":138,"message":"CRYING DETECTED! ⚠️ Level: 34"}}
{"timestamp":1777118031346,"type":"alerts","deviceId":"ESP32_GREENHOUSE_01","data":{"timestamp":1777118031346,"deviceId":"ESP32_GREENHOUSE_01","event":"Quiet","level":31,"raw":124,"diff":124,"message":"Quiet Level: 31"}}
{"timestamp":1777118037394,"type":"alerts","deviceId":"ESP32_GREENHOUSE_01","data":{"timestamp":1777118037394,"deviceId":"ESP32_GREENHOUSE_01","event":"Quiet","level":38,"raw":153,"diff":153,"message":"Quiet Level: 38"}}
{"timestamp":1777118043448,"type":"alerts","deviceId":"ESP32_GREENHOUSE_01","data":{"timestamp":1777118043448,"deviceId":"ESP32_GREENHOUSE_01","event":"Quiet","level":37,"raw":148,"diff":148,"message":"Quiet Level: 37"}}
{"timestamp":1777118049522,"type":"alerts","deviceId":"ESP32_GREENHOUSE_01","data":{"timestamp":1777118049522,"deviceId":"ESP32_GREENHOUSE_01","event":"Quiet","level":32,"raw":129,"diff":129,"message":"Quiet Level: 32"}}
{"timestamp":1777118055570,"type":"alerts","deviceId":"ESP32_GREENHOUSE_01","data":{"timestamp":1777118055570,"deviceId":"ESP32_GREENHOUSE_01","event":"Quiet","level":18,"raw":72,"diff":72,"message":"Quiet Level: 18"}}
{"timestamp":1777118061618,"type":"alerts","deviceId":"ESP32_GREENHOUSE_01","data":{"timestamp":1777118061618,"deviceId":"ESP32_GREENHOUSE_01","event":"Quiet","level":21,"raw":85,"diff":85,"message":"Quiet Level: 21"}}
{"timestamp":1777118067666,"type":"alerts","deviceId":"ESP32_GREENHOUSE_01","data":{"timestamp":1777118067666,"deviceId":"ESP32_GREENHOUSE_01","event":"Quiet","level":23,"raw":95,"diff":95,"message":"Quiet Level: 23"}}
{"timestamp":1777118073719,"type":"alerts","deviceId":"ESP32_GREENHOUSE_01","data":{"timestamp":1777118073719,"deviceId":"ESP32_GREENHOUSE_01","event":"Light Activity","level":45,"raw":181,"diff":181,"message":"Light Activity Level: 45"}}
{"timestamp":1777118075737,"type":"alerts","deviceId":"ESP32_GREENHOUSE_01","data":{"timestamp":1777118075736,"deviceId":"ESP32_GREENHOUSE_01","event":"Restless","level":62,"raw":250,"diff":250,"message":"Restless Level: 62"}}
{"timestamp":1777118079795,"type":"alerts","deviceId":"ESP32_GREENHOUSE_01","data":{"timestamp":1777118079794,"deviceId":"ESP32_GREENHOUSE_01","event":"Light Activity","level":56,"raw":226,"diff":226,"message":"Light Activity Level: 56"}}
{"timestamp":1777118081812,"type":"alerts","deviceId":"ESP32_GREENHOUSE_01","data":{"timestamp":1777118081812,"deviceId":"ESP32_GREENHOUSE_01","event":"Quiet","level":36,"raw":146,"diff":146,"message":"Quiet Level: 36"}}
{"timestamp":1777118083826,"type":"alerts","deviceId":"ESP32_GREENHOUSE_01","data":{"timestamp":1777118083826,"deviceId":"ESP32_GREENHOUSE_01","event":"CRYING","level":79,"raw":318,"diff":318,"message":"CRYING DETECTED! ⚠️ Level: 79"}}
{"timestamp":1777118091894,"type":"alerts","deviceId":"ESP32_GREENHOUSE_01","data":{"timestamp":1777118091894,"deviceId":"ESP32_GREENHOUSE_01","event":"Quiet","level":26,"raw":105,"diff":105,"message":"Quiet Level: 26"}}
{"timestamp":1777118093906,"type":"alerts","deviceId":"ESP32_GREENHOUSE_01","data":{"timestamp":1777118093906,"deviceId":"ESP32_GREENHOUSE_01","event":"Light Activity","level":47,"raw":188,"diff":188,"message":"Light Activity Level: 47"}}
{"timestamp":1777118099954,"type":"alerts","deviceId":"ESP32_GREENHOUSE_01","data":{"timestamp":1777118099954,"deviceId":"ESP32_GREENHOUSE_01","event":"Restless","level":82,"raw":331,"diff":331,"message":"Restless Level: 82"}}
{"timestamp":1777118101971,"type":"alerts","deviceId":"ESP32_GREENHOUSE_01","data":{"timestamp":1777118101971,"deviceId":"ESP32_GREENHOUSE_01","event":"CRYING","level":116,"raw":464,"diff":464,"message":"CRYING DETECTED! ⚠️ Level: 116"}}
{"timestamp":1777118106007,"type":"alerts","deviceId":"ESP32_GREENHOUSE_01","data":{"timestamp":1777118106007,"deviceId":"ESP32_GREENHOUSE_01","event":"Light Activity","level":51,"raw":205,"diff":205,"message":"Light Activity Level: 51"}}
{"timestamp":1777118108025,"type":"alerts","deviceId":"ESP32_GREENHOUSE_01","data":{"timestamp":1777118108025,"deviceId":"ESP32_GREENHOUSE_01","event":"Quiet","level":40,"raw":163,"diff":163,"message":"Quiet Level: 40"}}
{"timestamp":1777118112082,"type":"alerts","deviceId":"ESP32_GREENHOUSE_01","data":{"timestamp":1777118112082,"deviceId":"ESP32_GREENHOUSE_01","event":"Light Activity","level":51,"raw":205,"diff":205,"message":"Light Activity Level: 51"}}
{"timestamp":1777118114098,"type":"alerts","deviceId":"ESP32_GREENHOUSE_01","data":{"timestamp":1777118114098,"deviceId":"ESP32_GREENHOUSE_01","event":"Quiet","level":29,"raw":118,"diff":118,"message":"Quiet Level: 29"}}
{"timestamp":1777118118130,"type":"alerts","deviceId":"ESP32_GREENHOUSE_01","data":{"timestamp":1777118118130,"deviceId":"ESP32_GREENHOUSE_01","event":"Light Activity","level":56,"raw":224,"diff":224,"message":"Light Activity Level: 56"}}
{"timestamp":1777118122162,"type":"alerts","deviceId":"ESP32_GREENHOUSE_01","data":{"timestamp":1777118122162,"deviceId":"ESP32_GREENHOUSE_01","event":"Quiet","level":40,"raw":161,"diff":161,"message":"Quiet Level: 40"}}
{"timestamp":1777118126197,"type":"alerts","deviceId":"ESP32_GREENHOUSE_01","data":{"timestamp":1777118126197,"deviceId":"ESP32_GREENHOUSE_01","event":"Light Activity","level":51,"raw":205,"diff":205,"message":"Light Activity Level: 51"}}
{"timestamp":1777118128211,"type":"alerts","deviceId":"ESP32_GREENHOUSE_01","data":{"timestamp":1777118128211,"deviceId":"ESP32_GREENHOUSE_01","event":"Restless","level":74,"raw":298,"diff":298,"message":"Restless Level: 74"}}
{"timestamp":1777118134259,"type":"alerts","deviceId":"ESP32_GREENHOUSE_01","data":{"timestamp":1777118134259,"deviceId":"ESP32_GREENHOUSE_01","event":"CRYING","level":142,"raw":570,"diff":570,"message":"CRYING DETECTED! ⚠️ Level: 142"}}
{"timestamp":1777118144370,"type":"alerts","deviceId":"ESP32_GREENHOUSE_01","data":{"timestamp":1777118144370,"deviceId":"ESP32_GREENHOUSE_01","event":"CRYING","level":304,"raw":1219,"diff":1219,"message":"CRYING DETECTED! ⚠️ Level: 304"}}
{"timestamp":1777118154451,"type":"alerts","deviceId":"ESP32_GREENHOUSE_01","data":{"timestamp":1777118154451,"deviceId":"ESP32_GREENHOUSE_01","event":"CRYING","level":56,"raw":225,"diff":225,"message":"CRYING DETECTED! ⚠️ Level: 56"}}
{"timestamp":1777118164530,"type":"alerts","deviceId":"ESP32_GREENHOUSE_01","data":{"timestamp":1777118164530,"deviceId":"ESP32_GREENHOUSE_01","event":"CRYING","level":42,"raw":170,"diff":170,"message":"CRYING DETECTED! ⚠️ Level: 42"}}
{"timestamp":1777118170583,"type":"alerts","deviceId":"ESP32_GREENHOUSE_01","data":{"timestamp":1777118170583,"deviceId":"ESP32_GREENHOUSE_01","event":"Quiet","level":33,"raw":134,"diff":134,"message":"Quiet Level: 33"}}
{"timestamp":1777118174646,"type":"alerts","deviceId":"ESP32_GREENHOUSE_01","data":{"timestamp":1777118174645,"deviceId":"ESP32_GREENHOUSE_01","event":"Light Activity","level":50,"raw":203,"diff":203,"message":"Light Activity Level: 50"}}
{"timestamp":1777118178675,"type":"alerts","deviceId":"ESP32_GREENHOUSE_01","data":{"timestamp":1777118178675,"deviceId":"ESP32_GREENHOUSE_01","event":"Quiet","level":24,"raw":96,"diff":96,"message":"Quiet Level: 24"}}
{"timestamp":1777118180691,"type":"alerts","deviceId":"ESP32_GREENHOUSE_01","data":{"timestamp":1777118180691,"deviceId":"ESP32_GREENHOUSE_01","event":"Restless","level":61,"raw":245,"diff":245,"message":"Restless Level: 61"}}
{"timestamp":1777118184723,"type":"alerts","deviceId":"ESP32_GREENHOUSE_01","data":{"timestamp":1777118184722,"deviceId":"ESP32_GREENHOUSE_01","event":"Quiet","level":41,"raw":164,"diff":164,"message":"Quiet Level: 41"}}
{"timestamp":1777118186739,"type":"alerts","deviceId":"ESP32_GREENHOUSE_01","data":{"timestamp":1777118186739,"deviceId":"ESP32_GREENHOUSE_01","event":"Light Activity","level":56,"raw":227,"diff":227,"message":"Light Activity Level: 56"}}
{"timestamp":1777118190771,"type":"alerts","deviceId":"ESP32_GREENHOUSE_01","data":{"timestamp":1777118190771,"deviceId":"ESP32_GREENHOUSE_01","event":"Restless","level":78,"raw":312,"diff":312,"message":"Restless Level: 78"}}
{"timestamp":1777118192787,"type":"alerts","deviceId":"ESP32_GREENHOUSE_01","data":{"timestamp":1777118192787,"deviceId":"ESP32_GREENHOUSE_01","event":"Quiet","level":35,"raw":142,"diff":142,"message":"Quiet Level: 35"}}
{"timestamp":1777118198836,"type":"alerts","deviceId":"ESP32_GREENHOUSE_01","data":{"timestamp":1777118198836,"deviceId":"ESP32_GREENHOUSE_01","event":"Quiet","level":36,"raw":144,"diff":144,"message":"Quiet Level: 36"}}
{"timestamp":1777118204890,"type":"alerts","deviceId":"ESP32_GREENHOUSE_01","data":{"timestamp":1777118204890,"deviceId":"ESP32_GREENHOUSE_01","event":"Quiet","level":31,"raw":127,"diff":127,"message":"Quiet Level: 31"}}
{"timestamp":1777118208950,"type":"alerts","deviceId":"ESP32_GREENHOUSE_01","data":{"timestamp":1777118208950,"deviceId":"ESP32_GREENHOUSE_01","event":"Light Activity","level":47,"raw":191,"diff":191,"message":"Light Activity Level: 47"}}
{"timestamp":1777118212979,"type":"alerts","deviceId":"ESP32_GREENHOUSE_01","data":{"timestamp":1777118212979,"deviceId":"ESP32_GREENHOUSE_01","event":"Quiet","level":29,"raw":116,"diff":116,"message":"Quiet Level: 29"}}
{"timestamp":1777118219027,"type":"alerts","deviceId":"ESP32_GREENHOUSE_01","data":{"timestamp":1777118219027,"deviceId":"ESP32_GREENHOUSE_01","event":"Light Activity","level":44,"raw":178,"diff":178,"message":"Light Activity Level: 44"}}
{"timestamp":1777118223059,"type":"alerts","deviceId":"ESP32_GREENHOUSE_01","data":{"timestamp":1777118223059,"deviceId":"ESP32_GREENHOUSE_01","event":"Quiet","level":37,"raw":151,"diff":151,"message":"Quiet Level: 37"}}
{"timestamp":1777118225075,"type":"alerts","deviceId":"ESP32_GREENHOUSE_01","data":{"timestamp":1777118225075,"deviceId":"ESP32_GREENHOUSE_01","event":"Light Activity","level":53,"raw":214,"diff":214,"message":"Light Activity Level: 53"}}
{"timestamp":1777118229111,"type":"alerts","deviceId":"ESP32_GREENHOUSE_01","data":{"timestamp":1777118229111,"deviceId":"ESP32_GREENHOUSE_01","event":"Restless","level":77,"raw":310,"diff":310,"message":"Restless Level: 77"}}
{"timestamp":1777118231125,"type":"alerts","deviceId":"ESP32_GREENHOUSE_01","data":{"timestamp":1777118231125,"deviceId":"ESP32_GREENHOUSE_01","event":"Light Activity","level":52,"raw":210,"diff":210,"message":"Light Activity Level: 52"}}
{"timestamp":1777118233145,"type":"alerts","deviceId":"ESP32_GREENHOUSE_01","data":{"timestamp":1777118233144,"deviceId":"ESP32_GREENHOUSE_01","event":"Quiet","level":39,"raw":157,"diff":157,"message":"Quiet Level: 39"}}
{"timestamp":1777118239219,"type":"alerts","deviceId":"ESP32_GREENHOUSE_01","data":{"timestamp":1777118239219,"deviceId":"ESP32_GREENHOUSE_01","event":"Quiet","level":25,"raw":101,"diff":101,"message":"Quiet Level: 25"}}
{"timestamp":1777118245267,"type":"alerts","deviceId":"ESP32_GREENHOUSE_01","data":{"timestamp":1777118245267,"deviceId":"ESP32_GREENHOUSE_01","event":"Quiet","level":23,"raw":93,"diff":93,"message":"Quiet Level: 23"}}
{"timestamp":1777118251315,"type":"alerts","deviceId":"ESP32_GREENHOUSE_01","data":{"timestamp":1777118251315,"deviceId":"ESP32_GREENHOUSE_01","event":"Quiet","level":19,"raw":77,"diff":77,"message":"Quiet Level: 19"}}
{"timestamp":1777118257364,"type":"alerts","deviceId":"ESP32_GREENHOUSE_01","data":{"timestamp":1777118257364,"deviceId":"ESP32_GREENHOUSE_01","event":"Quiet","level":23,"raw":95,"diff":95,"message":"Quiet Level: 23"}}
{"timestamp":1777118263416,"type":"alerts","deviceId":"ESP32_GREENHOUSE_01","data":{"timestamp":1777118263416,"deviceId":"ESP32_GREENHOUSE_01","event":"Quiet","level":40,"raw":161,"diff":161,"message":"Quiet Level: 40"}}
{"timestamp":1777118269467,"type":"alerts","deviceId":"ESP32_GREENHOUSE_01","data":{"timestamp":1777118269467,"deviceId":"ESP32_GREENHOUSE_01","event":"Quiet","level":25,"raw":100,"diff":100,"message":"Quiet Level: 25"}}
{"timestamp":1777118275539,"type":"alerts","deviceId":"ESP32_GREENHOUSE_01","data":{"timestamp":1777118275539,"deviceId":"ESP32_GREENHOUSE_01","event":"Quiet","level":15,"raw":60,"diff":60,"message":"Quiet Level: 15"}}
{"timestamp":1777118281588,"type":"alerts","deviceId":"ESP32_GREENHOUSE_01","data":{"timestamp":1777118281588,"deviceId":"ESP32_GREENHOUSE_01","event":"Quiet","level":22,"raw":88,"diff":88,"message":"Quiet Level: 22"}}
{"timestamp":1777118287635,"type":"alerts","deviceId":"ESP32_GREENHOUSE_01","data":{"timestamp":1777118287635,"deviceId":"ESP32_GREENHOUSE_01","event":"Quiet","level":23,"raw":95,"diff":95,"message":"Quiet Level: 23"}}
{"timestamp":1777118293683,"type":"alerts","deviceId":"ESP32_GREENHOUSE_01","data":{"timestamp":1777118293683,"deviceId":"ESP32_GREENHOUSE_01","event":"Quiet","level":26,"raw":106,"diff":106,"message":"Quiet Level: 26"}}
{"timestamp":1777118299737,"type":"alerts","deviceId":"ESP32_GREENHOUSE_01","data":{"timestamp":1777118299737,"deviceId":"ESP32_GREENHOUSE_01","event":"Quiet","level":35,"raw":142,"diff":142,"message":"Quiet Level: 35"}}
{"timestamp":1777118303796,"type":"alerts","deviceId":"ESP32_GREENHOUSE_01","data":{"timestamp":1777118303796,"deviceId":"ESP32_GREENHOUSE_01","event":"Light Activity","level":44,"raw":176,"diff":176,"message":"Light Activity Level: 44"}}
{"timestamp":1777118305812,"type":"alerts","deviceId":"ESP32_GREENHOUSE_01","data":{"timestamp":1777118305812,"deviceId":"ESP32_GREENHOUSE_01","event":"Restless","level":105,"raw":420,"diff":420,"message":"Restless Level: 105"}}
{"timestamp":1777118307828,"type":"alerts","deviceId":"ESP32_GREENHOUSE_01","data":{"timestamp":1777118307827,"deviceId":"ESP32_GREENHOUSE_01","event":"Quiet","level":40,"raw":163,"diff":163,"message":"Quiet Level: 40"}}
{"timestamp":1777118309844,"type":"alerts","deviceId":"ESP32_GREENHOUSE_01","data":{"timestamp":1777118309844,"deviceId":"ESP32_GREENHOUSE_01","event":"CRYING","level":56,"raw":225,"diff":225,"message":"CRYING DETECTED! ⚠️ Level: 56"}}
{"timestamp":1777118313876,"type":"alerts","deviceId":"ESP32_GREENHOUSE_01","data":{"timestamp":1777118313875,"deviceId":"ESP32_GREENHOUSE_01","event":"Quiet","level":29,"raw":119,"diff":119,"message":"Quiet Level: 29"}}
{"timestamp":1777118319924,"type":"alerts","deviceId":"ESP32_GREENHOUSE_01","data":{"timestamp":1777118319924,"deviceId":"ESP32_GREENHOUSE_01","event":"Light Activity","level":47,"raw":190,"diff":190,"message":"Light Activity Level: 47"}}
{"timestamp":1777118321940,"type":"alerts","deviceId":"ESP32_GREENHOUSE_01","data":{"timestamp":1777118321940,"deviceId":"ESP32_GREENHOUSE_01","event":"Restless","level":62,"raw":248,"diff":248,"message":"Restless Level: 62"}}
{"timestamp":1777118323956,"type":"alerts","deviceId":"ESP32_GREENHOUSE_01","data":{"timestamp":1777118323956,"deviceId":"ESP32_GREENHOUSE_01","event":"Quiet","level":42,"raw":171,"diff":171,"message":"Quiet Level: 42"}}
{"timestamp":1777118327990,"type":"alerts","deviceId":"ESP32_GREENHOUSE_01","data":{"timestamp":1777118327989,"deviceId":"ESP32_GREENHOUSE_01","event":"Light Activity","level":47,"raw":188,"diff":188,"message":"Light Activity Level: 47"}}
{"timestamp":1777118334043,"type":"alerts","deviceId":"ESP32_GREENHOUSE_01","data":{"timestamp":1777118334043,"deviceId":"ESP32_GREENHOUSE_01","event":"Light Activity","level":45,"raw":181,"diff":181,"message":"Light Activity Level: 45"}}
{"timestamp":1777118336084,"type":"alerts","deviceId":"ESP32_GREENHOUSE_01","data":{"timestamp":1777118336084,"deviceId":"ESP32_GREENHOUSE_01","event":"Quiet","level":38,"raw":152,"diff":152,"message":"Quiet Level: 38"}}
{"timestamp":1777118342132,"type":"alerts","deviceId":"ESP32_GREENHOUSE_01","data":{"timestamp":1777118342132,"deviceId":"ESP32_GREENHOUSE_01","event":"Quiet","level":40,"raw":160,"diff":160,"message":"Quiet Level: 40"}}
{"timestamp":1777118348179,"type":"alerts","deviceId":"ESP32_GREENHOUSE_01","data":{"timestamp":1777118348179,"deviceId":"ESP32_GREENHOUSE_01","event":"Quiet","level":37,"raw":149,"diff":149,"message":"Quiet Level: 37"}}
{"timestamp":1777118354228,"type":"alerts","deviceId":"ESP32_GREENHOUSE_01","data":{"timestamp":1777118354228,"deviceId":"ESP32_GREENHOUSE_01","event":"Quiet","level":24,"raw":97,"diff":97,"message":"Quiet Level: 24"}}
{"timestamp":1777118360277,"type":"alerts","deviceId":"ESP32_GREENHOUSE_01","data":{"timestamp":1777118360277,"deviceId":"ESP32_GREENHOUSE_01","event":"Quiet","level":22,"raw":89,"diff":89,"message":"Quiet Level: 22"}}
{"timestamp":1777118366331,"type":"alerts","deviceId":"ESP32_GREENHOUSE_01","data":{"timestamp":1777118366331,"deviceId":"ESP32_GREENHOUSE_01","event":"Quiet","level":23,"raw":93,"diff":93,"message":"Quiet Level: 23"}}
{"timestamp":1777118368372,"type":"alerts","deviceId":"ESP32_GREENHOUSE_01","data":{"timestamp":1777118368372,"deviceId":"ESP32_GREENHOUSE_01","event":"Light Activity","level":45,"raw":181,"diff":181,"message":"Light Activity Level: 45"}}
{"timestamp":1777118372404,"type":"alerts","deviceId":"ESP32_GREENHOUSE_01","data":{"timestamp":1777118372404,"deviceId":"ESP32_GREENHOUSE_01","event":"Quiet","level":21,"raw":84,"diff":84,"message":"Quiet Level: 21"}}
{"timestamp":1777118374420,"type":"alerts","deviceId":"ESP32_GREENHOUSE_01","data":{"timestamp":1777118374420,"deviceId":"ESP32_GREENHOUSE_01","event":"Light Activity","level":46,"raw":184,"diff":184,"message":"Light Activity Level: 46"}}
{"timestamp":1777118378452,"type":"alerts","deviceId":"ESP32_GREENHOUSE_01","data":{"timestamp":1777118378452,"deviceId":"ESP32_GREENHOUSE_01","event":"Quiet","level":41,"raw":167,"diff":167,"message":"Quiet Level: 41"}}
{"timestamp":1777118382484,"type":"alerts","deviceId":"ESP32_GREENHOUSE_01","data":{"timestamp":1777118382484,"deviceId":"ESP32_GREENHOUSE_01","event":"Restless","level":58,"raw":235,"diff":235,"message":"Restless Level: 58"}}
{"timestamp":1777118384500,"type":"alerts","deviceId":"ESP32_GREENHOUSE_01","data":{"timestamp":1777118384500,"deviceId":"ESP32_GREENHOUSE_01","event":"Quiet","level":25,"raw":100,"diff":100,"message":"Quiet Level: 25"}}
{"timestamp":1777118386516,"type":"alerts","deviceId":"ESP32_GREENHOUSE_01","data":{"timestamp":1777118386516,"deviceId":"ESP32_GREENHOUSE_01","event":"Light Activity","level":53,"raw":213,"diff":213,"message":"Light Activity Level: 53"}}
{"timestamp":1777118392567,"type":"alerts","deviceId":"ESP32_GREENHOUSE_01","data":{"timestamp":1777118392567,"deviceId":"ESP32_GREENHOUSE_01","event":"Quiet","level":29,"raw":117,"diff":117,"message":"Quiet Level: 29"}}
{"timestamp":1777118398620,"type":"alerts","deviceId":"ESP32_GREENHOUSE_01","data":{"timestamp":1777118398620,"deviceId":"ESP32_GREENHOUSE_01","event":"Quiet","level":28,"raw":112,"diff":112,"message":"Quiet Level: 28"}}
{"timestamp":1777118404692,"type":"alerts","deviceId":"ESP32_GREENHOUSE_01","data":{"timestamp":1777118404692,"deviceId":"ESP32_GREENHOUSE_01","event":"Quiet","level":27,"raw":109,"diff":109,"message":"Quiet Level: 27"}}
{"timestamp":1777118406708,"type":"alerts","deviceId":"ESP32_GREENHOUSE_01","data":{"timestamp":1777118406708,"deviceId":"ESP32_GREENHOUSE_01","event":"Light Activity","level":55,"raw":223,"diff":223,"message":"Light Activity Level: 55"}}
{"timestamp":1777118410741,"type":"alerts","deviceId":"ESP32_GREENHOUSE_01","data":{"timestamp":1777118410741,"deviceId":"ESP32_GREENHOUSE_01","event":"Quiet","level":36,"raw":144,"diff":144,"message":"Quiet Level: 36"}}
{"timestamp":1777118412756,"type":"alerts","deviceId":"ESP32_GREENHOUSE_01","data":{"timestamp":1777118412756,"deviceId":"ESP32_GREENHOUSE_01","event":"Restless","level":79,"raw":319,"diff":319,"message":"Restless Level: 79"}}
{"timestamp":1777118416789,"type":"alerts","deviceId":"ESP32_GREENHOUSE_01","data":{"timestamp":1777118416789,"deviceId":"ESP32_GREENHOUSE_01","event":"Quiet","level":41,"raw":167,"diff":167,"message":"Quiet Level: 41"}}
{"timestamp":1777118422837,"type":"alerts","deviceId":"ESP32_GREENHOUSE_01","data":{"timestamp":1777118422837,"deviceId":"ESP32_GREENHOUSE_01","event":"Quiet","level":38,"raw":152,"diff":152,"message":"Quiet Level: 38"}}
{"timestamp":1777118428891,"type":"alerts","deviceId":"ESP32_GREENHOUSE_01","data":{"timestamp":1777118428891,"deviceId":"ESP32_GREENHOUSE_01","event":"Quiet","level":17,"raw":69,"diff":69,"message":"Quiet Level: 17"}}
{"timestamp":1777118432949,"type":"alerts","deviceId":"ESP32_GREENHOUSE_01","data":{"timestamp":1777118432949,"deviceId":"ESP32_GREENHOUSE_01","event":"Light Activity","level":44,"raw":179,"diff":179,"message":"Light Activity Level: 44"}}
{"timestamp":1777118434965,"type":"alerts","deviceId":"ESP32_GREENHOUSE_01","data":{"timestamp":1777118434964,"deviceId":"ESP32_GREENHOUSE_01","event":"Quiet","level":32,"raw":128,"diff":128,"message":"Quiet Level: 32"}}
{"timestamp":1777118441012,"type":"alerts","deviceId":"ESP32_GREENHOUSE_01","data":{"timestamp":1777118441012,"deviceId":"ESP32_GREENHOUSE_01","event":"Quiet","level":21,"raw":85,"diff":85,"message":"Quiet Level: 21"}}
{"timestamp":1777118447061,"type":"alerts","deviceId":"ESP32_GREENHOUSE_01","data":{"timestamp":1777118447060,"deviceId":"ESP32_GREENHOUSE_01","event":"Quiet","level":22,"raw":91,"diff":91,"message":"Quiet Level: 22"}}
{"timestamp":1777118453109,"type":"alerts","deviceId":"ESP32_GREENHOUSE_01","data":{"timestamp":1777118453109,"deviceId":"ESP32_GREENHOUSE_01","event":"Quiet","level":26,"raw":107,"diff":107,"message":"Quiet Level: 26"}}
{"timestamp":1777118459161,"type":"alerts","deviceId":"ESP32_GREENHOUSE_01","data":{"timestamp":1777118459161,"deviceId":"ESP32_GREENHOUSE_01","event":"Light Activity","level":45,"raw":182,"diff":182,"message":"Light Activity Level: 45"}}
{"timestamp":1777118461179,"type":"alerts","deviceId":"ESP32_GREENHOUSE_01","data":{"timestamp":1777118461179,"deviceId":"ESP32_GREENHOUSE_01","event":"Quiet","level":22,"raw":90,"diff":90,"message":"Quiet Level: 22"}}
{"timestamp":1777118467253,"type":"alerts","deviceId":"ESP32_GREENHOUSE_01","data":{"timestamp":1777118467252,"deviceId":"ESP32_GREENHOUSE_01","event":"Quiet","level":22,"raw":88,"diff":88,"message":"Quiet Level: 22"}}
{"timestamp":1777118473301,"type":"alerts","deviceId":"ESP32_GREENHOUSE_01","data":{"timestamp":1777118473301,"deviceId":"ESP32_GREENHOUSE_01","event":"Quiet","level":24,"raw":98,"diff":98,"message":"Quiet Level: 24"}}
{"timestamp":1777118479349,"type":"alerts","deviceId":"ESP32_GREENHOUSE_01","data":{"timestamp":1777118479349,"deviceId":"ESP32_GREENHOUSE_01","event":"Quiet","level":20,"raw":81,"diff":81,"message":"Quiet Level: 20"}}
{"timestamp":1777118485397,"type":"alerts","deviceId":"ESP32_GREENHOUSE_01","data":{"timestamp":1777118485397,"deviceId":"ESP32_GREENHOUSE_01","event":"Quiet","level":19,"raw":77,"diff":77,"message":"Quiet Level: 19"}}
{"timestamp":1777118491451,"type":"alerts","deviceId":"ESP32_GREENHOUSE_01","data":{"timestamp":1777118491451,"deviceId":"ESP32_GREENHOUSE_01","event":"Quiet","level":25,"raw":102,"diff":102,"message":"Quiet Level: 25"}}
{"timestamp":1777118497525,"type":"alerts","deviceId":"ESP32_GREENHOUSE_01","data":{"timestamp":1777118497525,"deviceId":"ESP32_GREENHOUSE_01","event":"Quiet","level":27,"raw":111,"diff":111,"message":"Quiet Level: 27"}}
{"timestamp":1777118503573,"type":"alerts","deviceId":"ESP32_GREENHOUSE_01","data":{"timestamp":1777118503573,"deviceId":"ESP32_GREENHOUSE_01","event":"Quiet","level":31,"raw":124,"diff":124,"message":"Quiet Level: 31"}}
{"timestamp":1777118505589,"type":"alerts","deviceId":"ESP32_GREENHOUSE_01","data":{"timestamp":1777118505589,"deviceId":"ESP32_GREENHOUSE_01","event":"Light Activity","level":50,"raw":202,"diff":202,"message":"Light Activity Level: 50"}}
{"timestamp":1777118509621,"type":"alerts","deviceId":"ESP32_GREENHOUSE_01","data":{"timestamp":1777118509621,"deviceId":"ESP32_GREENHOUSE_01","event":"Quiet","level":29,"raw":116,"diff":116,"message":"Quiet Level: 29"}}
{"timestamp":1777118515669,"type":"alerts","deviceId":"ESP32_GREENHOUSE_01","data":{"timestamp":1777118515669,"deviceId":"ESP32_GREENHOUSE_01","event":"Quiet","level":25,"raw":102,"diff":102,"message":"Quiet Level: 25"}}
{"timestamp":1777118517687,"type":"alerts","deviceId":"ESP32_GREENHOUSE_01","data":{"timestamp":1777118517687,"deviceId":"ESP32_GREENHOUSE_01","event":"Light Activity","level":51,"raw":206,"diff":206,"message":"Light Activity Level: 51"}}
{"timestamp":1777118521720,"type":"alerts","deviceId":"ESP32_GREENHOUSE_01","data":{"timestamp":1777118521720,"deviceId":"ESP32_GREENHOUSE_01","event":"Quiet","level":18,"raw":73,"diff":73,"message":"Quiet Level: 18"}}
{"timestamp":1777118527799,"type":"alerts","deviceId":"ESP32_GREENHOUSE_01","data":{"timestamp":1777118527799,"deviceId":"ESP32_GREENHOUSE_01","event":"Quiet","level":21,"raw":84,"diff":84,"message":"Quiet Level: 21"}}
{"timestamp":1777118533845,"type":"alerts","deviceId":"ESP32_GREENHOUSE_01","data":{"timestamp":1777118533845,"deviceId":"ESP32_GREENHOUSE_01","event":"Quiet","level":22,"raw":88,"diff":88,"message":"Quiet Level: 22"}}
{"timestamp":1777118539894,"type":"alerts","deviceId":"ESP32_GREENHOUSE_01","data":{"timestamp":1777118539893,"deviceId":"ESP32_GREENHOUSE_01","event":"Quiet","level":14,"raw":56,"diff":56,"message":"Quiet Level: 14"}}
{"timestamp":1777118545942,"type":"alerts","deviceId":"ESP32_GREENHOUSE_01","data":{"timestamp":1777118545941,"deviceId":"ESP32_GREENHOUSE_01","event":"Quiet","level":14,"raw":58,"diff":58,"message":"Quiet Level: 14"}}
{"timestamp":1777118551995,"type":"alerts","deviceId":"ESP32_GREENHOUSE_01","data":{"timestamp":1777118551995,"deviceId":"ESP32_GREENHOUSE_01","event":"Quiet","level":17,"raw":71,"diff":71,"message":"Quiet Level: 17"}}
{"timestamp":1777118558044,"type":"alerts","deviceId":"ESP32_GREENHOUSE_01","data":{"timestamp":1777118558044,"deviceId":"ESP32_GREENHOUSE_01","event":"Quiet","level":20,"raw":80,"diff":80,"message":"Quiet Level: 20"}}
{"timestamp":1777118564119,"type":"alerts","deviceId":"ESP32_GREENHOUSE_01","data":{"timestamp":1777118564119,"deviceId":"ESP32_GREENHOUSE_01","event":"Quiet","level":17,"raw":69,"diff":69,"message":"Quiet Level: 17"}}
{"timestamp":1777118570166,"type":"alerts","deviceId":"ESP32_GREENHOUSE_01","data":{"timestamp":1777118570165,"deviceId":"ESP32_GREENHOUSE_01","event":"Quiet","level":31,"raw":126,"diff":126,"message":"Quiet Level: 31"}}
{"timestamp":1777118576214,"type":"alerts","deviceId":"ESP32_GREENHOUSE_01","data":{"timestamp":1777118576214,"deviceId":"ESP32_GREENHOUSE_01","event":"Quiet","level":21,"raw":85,"diff":85,"message":"Quiet Level: 21"}}
{"timestamp":1777118582261,"type":"alerts","deviceId":"ESP32_GREENHOUSE_01","data":{"timestamp":1777118582261,"deviceId":"ESP32_GREENHOUSE_01","event":"Quiet","level":21,"raw":84,"diff":84,"message":"Quiet Level: 21"}}
{"timestamp":1777118588317,"type":"alerts","deviceId":"ESP32_GREENHOUSE_01","data":{"timestamp":1777118588316,"deviceId":"ESP32_GREENHOUSE_01","event":"Quiet","level":25,"raw":103,"diff":103,"message":"Quiet Level: 25"}}
{"timestamp":1777118590334,"type":"alerts","deviceId":"ESP32_GREENHOUSE_01","data":{"timestamp":1777118590334,"deviceId":"ESP32_GREENHOUSE_01","event":"Light Activity","level":44,"raw":177,"diff":177,"message":"Light Activity Level: 44"}}
{"timestamp":1777118594390,"type":"alerts","deviceId":"ESP32_GREENHOUSE_01","data":{"timestamp":1777118594390,"deviceId":"ESP32_GREENHOUSE_01","event":"Quiet","level":18,"raw":74,"diff":74,"message":"Quiet Level: 18"}}
{"timestamp":1777118600438,"type":"alerts","deviceId":"ESP32_GREENHOUSE_01","data":{"timestamp":1777118600437,"deviceId":"ESP32_GREENHOUSE_01","event":"Quiet","level":19,"raw":78,"diff":78,"message":"Quiet Level: 19"}}
{"timestamp":1777118606486,"type":"alerts","deviceId":"ESP32_GREENHOUSE_01","data":{"timestamp":1777118606485,"deviceId":"ESP32_GREENHOUSE_01","event":"Quiet","level":25,"raw":101,"diff":101,"message":"Quiet Level: 25"}}
{"timestamp":1777118612534,"type":"alerts","deviceId":"ESP32_GREENHOUSE_01","data":{"timestamp":1777118612534,"deviceId":"ESP32_GREENHOUSE_01","event":"Quiet","level":18,"raw":75,"diff":75,"message":"Quiet Level: 18"}}
{"timestamp":1777118618584,"type":"alerts","deviceId":"ESP32_GREENHOUSE_01","data":{"timestamp":1777118618584,"deviceId":"ESP32_GREENHOUSE_01","event":"Quiet","level":20,"raw":82,"diff":82,"message":"Quiet Level: 20"}}
{"timestamp":1777118624662,"type":"alerts","deviceId":"ESP32_GREENHOUSE_01","data":{"timestamp":1777118624662,"deviceId":"ESP32_GREENHOUSE_01","event":"Quiet","level":23,"raw":94,"diff":94,"message":"Quiet Level: 23"}}
{"timestamp":1777118630711,"type":"alerts","deviceId":"ESP32_GREENHOUSE_01","data":{"timestamp":1777118630711,"deviceId":"ESP32_GREENHOUSE_01","event":"Quiet","level":23,"raw":93,"diff":93,"message":"Quiet Level: 23"}}
{"timestamp":1777118636758,"type":"alerts","deviceId":"ESP32_GREENHOUSE_01","data":{"timestamp":1777118636758,"deviceId":"ESP32_GREENHOUSE_01","event":"Quiet","level":28,"raw":114,"diff":114,"message":"Quiet Level: 28"}}
{"timestamp":1777118640791,"type":"alerts","deviceId":"ESP32_GREENHOUSE_01","data":{"timestamp":1777118640790,"deviceId":"ESP32_GREENHOUSE_01","event":"Light Activity","level":52,"raw":211,"diff":211,"message":"Light Activity Level: 52"}}
{"timestamp":1777118642806,"type":"alerts","deviceId":"ESP32_GREENHOUSE_01","data":{"timestamp":1777118642806,"deviceId":"ESP32_GREENHOUSE_01","event":"Quiet","level":22,"raw":90,"diff":90,"message":"Quiet Level: 22"}}
{"timestamp":1777118648855,"type":"alerts","deviceId":"ESP32_GREENHOUSE_01","data":{"timestamp":1777118648854,"deviceId":"ESP32_GREENHOUSE_01","event":"Quiet","level":41,"raw":164,"diff":164,"message":"Quiet Level: 41"}}
{"timestamp":1777118652891,"type":"alerts","deviceId":"ESP32_GREENHOUSE_01","data":{"timestamp":1777118652891,"deviceId":"ESP32_GREENHOUSE_01","event":"Restless","level":63,"raw":255,"diff":255,"message":"Restless Level: 63"}}
{"timestamp":1777118656952,"type":"alerts","deviceId":"ESP32_GREENHOUSE_01","data":{"timestamp":1777118656952,"deviceId":"ESP32_GREENHOUSE_01","event":"Quiet","level":43,"raw":173,"diff":173,"message":"Quiet Level: 43"}}
{"timestamp":1777118662998,"type":"alerts","deviceId":"ESP32_GREENHOUSE_01","data":{"timestamp":1777118662998,"deviceId":"ESP32_GREENHOUSE_01","event":"Light Activity","level":51,"raw":205,"diff":205,"message":"Light Activity Level: 51"}}
{"timestamp":1777118665016,"type":"alerts","deviceId":"ESP32_GREENHOUSE_01","data":{"timestamp":1777118665016,"deviceId":"ESP32_GREENHOUSE_01","event":"CRYING","level":125,"raw":503,"diff":503,"message":"CRYING DETECTED! ⚠️ Level: 125"}}
{"timestamp":1777118667033,"type":"alerts","deviceId":"ESP32_GREENHOUSE_01","data":{"timestamp":1777118667033,"deviceId":"ESP32_GREENHOUSE_01","event":"Restless","level":58,"raw":235,"diff":235,"message":"Restless Level: 58"}}
{"timestamp":1777118669047,"type":"alerts","deviceId":"ESP32_GREENHOUSE_01","data":{"timestamp":1777118669046,"deviceId":"ESP32_GREENHOUSE_01","event":"Quiet","level":31,"raw":126,"diff":126,"message":"Quiet Level: 31"}}
{"timestamp":1777118675094,"type":"alerts","deviceId":"ESP32_GREENHOUSE_01","data":{"timestamp":1777118675094,"deviceId":"ESP32_GREENHOUSE_01","event":"Quiet","level":21,"raw":84,"diff":84,"message":"Quiet Level: 21"}}
{"timestamp":1777118681143,"type":"alerts","deviceId":"ESP32_GREENHOUSE_01","data":{"timestamp":1777118681143,"deviceId":"ESP32_GREENHOUSE_01","event":"Quiet","level":26,"raw":107,"diff":107,"message":"Quiet Level: 26"}}
{"timestamp":1777118687197,"type":"alerts","deviceId":"ESP32_GREENHOUSE_01","data":{"timestamp":1777118687197,"deviceId":"ESP32_GREENHOUSE_01","event":"Quiet","level":17,"raw":70,"diff":70,"message":"Quiet Level: 17"}}
{"timestamp":1777118693270,"type":"alerts","deviceId":"ESP32_GREENHOUSE_01","data":{"timestamp":1777118693270,"deviceId":"ESP32_GREENHOUSE_01","event":"Quiet","level":20,"raw":80,"diff":80,"message":"Quiet Level: 20"}}
{"timestamp":1777118699318,"type":"alerts","deviceId":"ESP32_GREENHOUSE_01","data":{"timestamp":1777118699318,"deviceId":"ESP32_GREENHOUSE_01","event":"Quiet","level":21,"raw":86,"diff":86,"message":"Quiet Level: 21"}}
{"timestamp":1777118705366,"type":"alerts","deviceId":"ESP32_GREENHOUSE_01","data":{"timestamp":1777118705366,"deviceId":"ESP32_GREENHOUSE_01","event":"Quiet","level":33,"raw":133,"diff":133,"message":"Quiet Level: 33"}}
{"timestamp":1777118711414,"type":"alerts","deviceId":"ESP32_GREENHOUSE_01","data":{"timestamp":1777118711414,"deviceId":"ESP32_GREENHOUSE_01","event":"Quiet","level":11,"raw":47,"diff":47,"message":"Quiet Level: 11"}}
{"timestamp":1777118717466,"type":"alerts","deviceId":"ESP32_GREENHOUSE_01","data":{"timestamp":1777118717466,"deviceId":"ESP32_GREENHOUSE_01","event":"Quiet","level":25,"raw":100,"diff":100,"message":"Quiet Level: 25"}}
{"timestamp":1777118723543,"type":"alerts","deviceId":"ESP32_GREENHOUSE_01","data":{"timestamp":1777118723543,"deviceId":"ESP32_GREENHOUSE_01","event":"Quiet","level":24,"raw":99,"diff":99,"message":"Quiet Level: 24"}}
{"timestamp":1777118729591,"type":"alerts","deviceId":"ESP32_GREENHOUSE_01","data":{"timestamp":1777118729590,"deviceId":"ESP32_GREENHOUSE_01","event":"Quiet","level":22,"raw":88,"diff":88,"message":"Quiet Level: 22"}}
{"timestamp":1777118735640,"type":"alerts","deviceId":"ESP32_GREENHOUSE_01","data":{"timestamp":1777118735640,"deviceId":"ESP32_GREENHOUSE_01","event":"Quiet","level":23,"raw":95,"diff":95,"message":"Quiet Level: 23"}}
{"timestamp":1777118741686,"type":"alerts","deviceId":"ESP32_GREENHOUSE_01","data":{"timestamp":1777118741686,"deviceId":"ESP32_GREENHOUSE_01","event":"Quiet","level":21,"raw":85,"diff":85,"message":"Quiet Level: 21"}}
{"timestamp":1777118747736,"type":"alerts","deviceId":"ESP32_GREENHOUSE_01","data":{"timestamp":1777118747736,"deviceId":"ESP32_GREENHOUSE_01","event":"Quiet","level":11,"raw":47,"diff":47,"message":"Quiet Level: 11"}}
{"timestamp":1777118753791,"type":"alerts","deviceId":"ESP32_GREENHOUSE_01","data":{"timestamp":1777118753791,"deviceId":"ESP32_GREENHOUSE_01","event":"Quiet","level":22,"raw":91,"diff":91,"message":"Quiet Level: 22"}}
{"timestamp":1777118759863,"type":"alerts","deviceId":"ESP32_GREENHOUSE_01","data":{"timestamp":1777118759863,"deviceId":"ESP32_GREENHOUSE_01","event":"Quiet","level":27,"raw":111,"diff":111,"message":"Quiet Level: 27"}}
{"timestamp":1777118765911,"type":"alerts","deviceId":"ESP32_GREENHOUSE_01","data":{"timestamp":1777118765911,"deviceId":"ESP32_GREENHOUSE_01","event":"Light Activity","level":57,"raw":231,"diff":231,"message":"Light Activity Level: 57"}}
{"timestamp":1777118767927,"type":"alerts","deviceId":"ESP32_GREENHOUSE_01","data":{"timestamp":1777118767927,"deviceId":"ESP32_GREENHOUSE_01","event":"Quiet","level":31,"raw":125,"diff":125,"message":"Quiet Level: 31"}}
{"timestamp":1777118773975,"type":"alerts","deviceId":"ESP32_GREENHOUSE_01","data":{"timestamp":1777118773975,"deviceId":"ESP32_GREENHOUSE_01","event":"Restless","level":81,"raw":326,"diff":326,"message":"Restless Level: 81"}}
{"timestamp":1777118775991,"type":"alerts","deviceId":"ESP32_GREENHOUSE_01","data":{"timestamp":1777118775991,"deviceId":"ESP32_GREENHOUSE_01","event":"CRYING","level":28,"raw":114,"diff":114,"message":"CRYING DETECTED! ⚠️ Level: 28"}}
{"timestamp":1777118778007,"type":"alerts","deviceId":"ESP32_GREENHOUSE_01","data":{"timestamp":1777118778007,"deviceId":"ESP32_GREENHOUSE_01","event":"Quiet","level":31,"raw":127,"diff":127,"message":"Quiet Level: 31"}}
{"timestamp":1777118784060,"type":"alerts","deviceId":"ESP32_GREENHOUSE_01","data":{"timestamp":1777118784059,"deviceId":"ESP32_GREENHOUSE_01","event":"Quiet","level":30,"raw":121,"diff":121,"message":"Quiet Level: 30"}}
{"timestamp":1777118790135,"type":"alerts","deviceId":"ESP32_GREENHOUSE_01","data":{"timestamp":1777118790135,"deviceId":"ESP32_GREENHOUSE_01","event":"Quiet","level":26,"raw":107,"diff":107,"message":"Quiet Level: 26"}}
{"timestamp":1777118796183,"type":"alerts","deviceId":"ESP32_GREENHOUSE_01","data":{"timestamp":1777118796183,"deviceId":"ESP32_GREENHOUSE_01","event":"Quiet","level":17,"raw":69,"diff":69,"message":"Quiet Level: 17"}}
{"timestamp":1777118802231,"type":"alerts","deviceId":"ESP32_GREENHOUSE_01","data":{"timestamp":1777118802231,"deviceId":"ESP32_GREENHOUSE_01","event":"Quiet","level":13,"raw":54,"diff":54,"message":"Quiet Level: 13"}}
{"timestamp":1777118808279,"type":"alerts","deviceId":"ESP32_GREENHOUSE_01","data":{"timestamp":1777118808279,"deviceId":"ESP32_GREENHOUSE_01","event":"Quiet","level":17,"raw":69,"diff":69,"message":"Quiet Level: 17"}}
{"timestamp":1777118814329,"type":"alerts","deviceId":"ESP32_GREENHOUSE_01","data":{"timestamp":1777118814329,"deviceId":"ESP32_GREENHOUSE_01","event":"Quiet","level":17,"raw":71,"diff":71,"message":"Quiet Level: 17"}}
{"timestamp":1777118820382,"type":"alerts","deviceId":"ESP32_GREENHOUSE_01","data":{"timestamp":1777118820382,"deviceId":"ESP32_GREENHOUSE_01","event":"Quiet","level":17,"raw":69,"diff":69,"message":"Quiet Level: 17"}}
{"timestamp":1777118826456,"type":"alerts","deviceId":"ESP32_GREENHOUSE_01","data":{"timestamp":1777118826456,"deviceId":"ESP32_GREENHOUSE_01","event":"Quiet","level":14,"raw":57,"diff":57,"message":"Quiet Level: 14"}}
{"timestamp":1777118832503,"type":"alerts","deviceId":"ESP32_GREENHOUSE_01","data":{"timestamp":1777118832503,"deviceId":"ESP32_GREENHOUSE_01","event":"Quiet","level":12,"raw":49,"diff":49,"message":"Quiet Level: 12"}}
{"timestamp":1777118838555,"type":"alerts","deviceId":"ESP32_GREENHOUSE_01","data":{"timestamp":1777118838555,"deviceId":"ESP32_GREENHOUSE_01","event":"Quiet","level":35,"raw":140,"diff":140,"message":"Quiet Level: 35"}}
{"timestamp":1777118844600,"type":"alerts","deviceId":"ESP32_GREENHOUSE_01","data":{"timestamp":1777118844599,"deviceId":"ESP32_GREENHOUSE_01","event":"Quiet","level":30,"raw":121,"diff":121,"message":"Quiet Level: 30"}}
{"timestamp":1777118846617,"type":"alerts","deviceId":"ESP32_GREENHOUSE_01","data":{"timestamp":1777118846616,"deviceId":"ESP32_GREENHOUSE_01","event":"Light Activity","level":47,"raw":190,"diff":190,"message":"Light Activity Level: 47"}}
{"timestamp":1777118852670,"type":"alerts","deviceId":"ESP32_GREENHOUSE_01","data":{"timestamp":1777118852670,"deviceId":"ESP32_GREENHOUSE_01","event":"Light Activity","level":46,"raw":186,"diff":186,"message":"Light Activity Level: 46"}}
{"timestamp":1777118856728,"type":"alerts","deviceId":"ESP32_GREENHOUSE_01","data":{"timestamp":1777118856728,"deviceId":"ESP32_GREENHOUSE_01","event":"Quiet","level":29,"raw":119,"diff":119,"message":"Quiet Level: 29"}}
{"timestamp":1777118860760,"type":"alerts","deviceId":"ESP32_GREENHOUSE_01","data":{"timestamp":1777118860760,"deviceId":"ESP32_GREENHOUSE_01","event":"Light Activity","level":55,"raw":221,"diff":221,"message":"Light Activity Level: 55"}}
{"timestamp":1777118862776,"type":"alerts","deviceId":"ESP32_GREENHOUSE_01","data":{"timestamp":1777118862776,"deviceId":"ESP32_GREENHOUSE_01","event":"Quiet","level":26,"raw":104,"diff":104,"message":"Quiet Level: 26"}}
{"timestamp":1777118868825,"type":"alerts","deviceId":"ESP32_GREENHOUSE_01","data":{"timestamp":1777118868825,"deviceId":"ESP32_GREENHOUSE_01","event":"Light Activity","level":50,"raw":202,"diff":202,"message":"Light Activity Level: 50"}}
{"timestamp":1777118870839,"type":"alerts","deviceId":"ESP32_GREENHOUSE_01","data":{"timestamp":1777118870839,"deviceId":"ESP32_GREENHOUSE_01","event":"Quiet","level":28,"raw":112,"diff":112,"message":"Quiet Level: 28"}}
{"timestamp":1777118876888,"type":"alerts","deviceId":"ESP32_GREENHOUSE_01","data":{"timestamp":1777118876888,"deviceId":"ESP32_GREENHOUSE_01","event":"Light Activity","level":57,"raw":230,"diff":230,"message":"Light Activity Level: 57"}}
{"timestamp":1777118878904,"type":"alerts","deviceId":"ESP32_GREENHOUSE_01","data":{"timestamp":1777118878903,"deviceId":"ESP32_GREENHOUSE_01","event":"Quiet","level":32,"raw":131,"diff":131,"message":"Quiet Level: 32"}}
{"timestamp":1777118884957,"type":"alerts","deviceId":"ESP32_GREENHOUSE_01","data":{"timestamp":1777118884957,"deviceId":"ESP32_GREENHOUSE_01","event":"Quiet","level":26,"raw":105,"diff":105,"message":"Quiet Level: 26"}}
{"timestamp":1777118891032,"type":"alerts","deviceId":"ESP32_GREENHOUSE_01","data":{"timestamp":1777118891032,"deviceId":"ESP32_GREENHOUSE_01","event":"Quiet","level":15,"raw":60,"diff":60,"message":"Quiet Level: 15"}}
{"timestamp":1777118897080,"type":"alerts","deviceId":"ESP32_GREENHOUSE_01","data":{"timestamp":1777118897079,"deviceId":"ESP32_GREENHOUSE_01","event":"Quiet","level":17,"raw":69,"diff":69,"message":"Quiet Level: 17"}}
{"timestamp":1777118903128,"type":"alerts","deviceId":"ESP32_GREENHOUSE_01","data":{"timestamp":1777118903128,"deviceId":"ESP32_GREENHOUSE_01","event":"Quiet","level":23,"raw":95,"diff":95,"message":"Quiet Level: 23"}}
{"timestamp":1777118909176,"type":"alerts","deviceId":"ESP32_GREENHOUSE_01","data":{"timestamp":1777118909176,"deviceId":"ESP32_GREENHOUSE_01","event":"Light Activity","level":49,"raw":196,"diff":196,"message":"Light Activity Level: 49"}}
{"timestamp":1777118911192,"type":"alerts","deviceId":"ESP32_GREENHOUSE_01","data":{"timestamp":1777118911192,"deviceId":"ESP32_GREENHOUSE_01","event":"Quiet","level":30,"raw":120,"diff":120,"message":"Quiet Level: 30"}}
{"timestamp":1777118915227,"type":"alerts","deviceId":"ESP32_GREENHOUSE_01","data":{"timestamp":1777118915227,"deviceId":"ESP32_GREENHOUSE_01","event":"Light Activity","level":45,"raw":182,"diff":182,"message":"Light Activity Level: 45"}}
{"timestamp":1777118917247,"type":"alerts","deviceId":"ESP32_GREENHOUSE_01","data":{"timestamp":1777118917247,"deviceId":"ESP32_GREENHOUSE_01","event":"Quiet","level":24,"raw":98,"diff":98,"message":"Quiet Level: 24"}}
{"timestamp":1777118923320,"type":"alerts","deviceId":"ESP32_GREENHOUSE_01","data":{"timestamp":1777118923320,"deviceId":"ESP32_GREENHOUSE_01","event":"Quiet","level":40,"raw":161,"diff":161,"message":"Quiet Level: 40"}}
{"timestamp":1777118927352,"type":"alerts","deviceId":"ESP32_GREENHOUSE_01","data":{"timestamp":1777118927352,"deviceId":"ESP32_GREENHOUSE_01","event":"Light Activity","level":48,"raw":193,"diff":193,"message":"Light Activity Level: 48"}}
{"timestamp":1777118931384,"type":"alerts","deviceId":"ESP32_GREENHOUSE_01","data":{"timestamp":1777118931384,"deviceId":"ESP32_GREENHOUSE_01","event":"Quiet","level":31,"raw":126,"diff":126,"message":"Quiet Level: 31"}}
{"timestamp":1777118937432,"type":"alerts","deviceId":"ESP32_GREENHOUSE_01","data":{"timestamp":1777118937432,"deviceId":"ESP32_GREENHOUSE_01","event":"Quiet","level":30,"raw":123,"diff":123,"message":"Quiet Level: 30"}}
{"timestamp":1777118943480,"type":"alerts","deviceId":"ESP32_GREENHOUSE_01","data":{"timestamp":1777118943480,"deviceId":"ESP32_GREENHOUSE_01","event":"Quiet","level":31,"raw":126,"diff":126,"message":"Quiet Level: 31"}}
{"timestamp":1777118949533,"type":"alerts","deviceId":"ESP32_GREENHOUSE_01","data":{"timestamp":1777118949533,"deviceId":"ESP32_GREENHOUSE_01","event":"Quiet","level":10,"raw":42,"diff":42,"message":"Quiet Level: 10"}}
{"timestamp":1777118955609,"type":"alerts","deviceId":"ESP32_GREENHOUSE_01","data":{"timestamp":1777118955609,"deviceId":"ESP32_GREENHOUSE_01","event":"Quiet","level":14,"raw":58,"diff":58,"message":"Quiet Level: 14"}}
{"timestamp":1777118961656,"type":"alerts","deviceId":"ESP32_GREENHOUSE_01","data":{"timestamp":1777118961656,"deviceId":"ESP32_GREENHOUSE_01","event":"Quiet","level":15,"raw":61,"diff":61,"message":"Quiet Level: 15"}}
{"timestamp":1777118967704,"type":"alerts","deviceId":"ESP32_GREENHOUSE_01","data":{"timestamp":1777118967704,"deviceId":"ESP32_GREENHOUSE_01","event":"Quiet","level":17,"raw":68,"diff":68,"message":"Quiet Level: 17"}}
{"timestamp":1777118973752,"type":"alerts","deviceId":"ESP32_GREENHOUSE_01","data":{"timestamp":1777118973752,"deviceId":"ESP32_GREENHOUSE_01","event":"Quiet","level":21,"raw":85,"diff":85,"message":"Quiet Level: 21"}}
{"timestamp":1777118979802,"type":"alerts","deviceId":"ESP32_GREENHOUSE_01","data":{"timestamp":1777118979802,"deviceId":"ESP32_GREENHOUSE_01","event":"Quiet","level":23,"raw":93,"diff":93,"message":"Quiet Level: 23"}}
{"timestamp":1777118985856,"type":"alerts","deviceId":"ESP32_GREENHOUSE_01","data":{"timestamp":1777118985856,"deviceId":"ESP32_GREENHOUSE_01","event":"Quiet","level":27,"raw":109,"diff":109,"message":"Quiet Level: 27"}}
{"timestamp":1777118989913,"type":"alerts","deviceId":"ESP32_GREENHOUSE_01","data":{"timestamp":1777118989913,"deviceId":"ESP32_GREENHOUSE_01","event":"Light Activity","level":51,"raw":207,"diff":207,"message":"Light Activity Level: 51"}}
{"timestamp":1777118991928,"type":"alerts","deviceId":"ESP32_GREENHOUSE_01","data":{"timestamp":1777118991928,"deviceId":"ESP32_GREENHOUSE_01","event":"Quiet","level":33,"raw":132,"diff":132,"message":"Quiet Level: 33"}}
{"timestamp":1777118995961,"type":"alerts","deviceId":"ESP32_GREENHOUSE_01","data":{"timestamp":1777118995961,"deviceId":"ESP32_GREENHOUSE_01","event":"Light Activity","level":56,"raw":225,"diff":225,"message":"Light Activity Level: 56"}}
{"timestamp":1777118999993,"type":"alerts","deviceId":"ESP32_GREENHOUSE_01","data":{"timestamp":1777118999993,"deviceId":"ESP32_GREENHOUSE_01","event":"Quiet","level":42,"raw":171,"diff":171,"message":"Quiet Level: 42"}}
{"timestamp":1777119002009,"type":"alerts","deviceId":"ESP32_GREENHOUSE_01","data":{"timestamp":1777119002009,"deviceId":"ESP32_GREENHOUSE_01","event":"Light Activity","level":48,"raw":195,"diff":195,"message":"Light Activity Level: 48"}}
{"timestamp":1777119006040,"type":"alerts","deviceId":"ESP32_GREENHOUSE_01","data":{"timestamp":1777119006040,"deviceId":"ESP32_GREENHOUSE_01","event":"Quiet","level":19,"raw":76,"diff":76,"message":"Quiet Level: 19"}}
{"timestamp":1777119012089,"type":"alerts","deviceId":"ESP32_GREENHOUSE_01","data":{"timestamp":1777119012089,"deviceId":"ESP32_GREENHOUSE_01","event":"Quiet","level":29,"raw":118,"diff":118,"message":"Quiet Level: 29"}}
{"timestamp":1777119016125,"type":"alerts","deviceId":"ESP32_GREENHOUSE_01","data":{"timestamp":1777119016125,"deviceId":"ESP32_GREENHOUSE_01","event":"Light Activity","level":49,"raw":198,"diff":198,"message":"Light Activity Level: 49"}}
{"timestamp":1777119018144,"type":"alerts","deviceId":"ESP32_GREENHOUSE_01","data":{"timestamp":1777119018144,"deviceId":"ESP32_GREENHOUSE_01","event":"Quiet","level":25,"raw":103,"diff":103,"message":"Quiet Level: 25"}}
{"timestamp":1777119024217,"type":"alerts","deviceId":"ESP32_GREENHOUSE_01","data":{"timestamp":1777119024216,"deviceId":"ESP32_GREENHOUSE_01","event":"Quiet","level":24,"raw":99,"diff":99,"message":"Quiet Level: 24"}}
{"timestamp":1777119030264,"type":"alerts","deviceId":"ESP32_GREENHOUSE_01","data":{"timestamp":1777119030264,"deviceId":"ESP32_GREENHOUSE_01","event":"Quiet","level":40,"raw":160,"diff":160,"message":"Quiet Level: 40"}}
{"timestamp":1777119034297,"type":"alerts","deviceId":"ESP32_GREENHOUSE_01","data":{"timestamp":1777119034297,"deviceId":"ESP32_GREENHOUSE_01","event":"Light Activity","level":48,"raw":194,"diff":194,"message":"Light Activity Level: 48"}}
{"timestamp":1777119036313,"type":"alerts","deviceId":"ESP32_GREENHOUSE_01","data":{"timestamp":1777119036313,"deviceId":"ESP32_GREENHOUSE_01","event":"Quiet","level":37,"raw":149,"diff":149,"message":"Quiet Level: 37"}}
{"timestamp":1777119042361,"type":"alerts","deviceId":"ESP32_GREENHOUSE_01","data":{"timestamp":1777119042361,"deviceId":"ESP32_GREENHOUSE_01","event":"Quiet","level":31,"raw":124,"diff":124,"message":"Quiet Level: 31"}}
{"timestamp":1777119048412,"type":"alerts","deviceId":"ESP32_GREENHOUSE_01","data":{"timestamp":1777119048412,"deviceId":"ESP32_GREENHOUSE_01","event":"Quiet","level":43,"raw":174,"diff":174,"message":"Quiet Level: 43"}}
{"timestamp":1777119054489,"type":"alerts","deviceId":"ESP32_GREENHOUSE_01","data":{"timestamp":1777119054489,"deviceId":"ESP32_GREENHOUSE_01","event":"Quiet","level":43,"raw":175,"diff":175,"message":"Quiet Level: 43"}}
{"timestamp":1777119056506,"type":"alerts","deviceId":"ESP32_GREENHOUSE_01","data":{"timestamp":1777119056505,"deviceId":"ESP32_GREENHOUSE_01","event":"CRYING","level":45,"raw":182,"diff":182,"message":"CRYING DETECTED! ⚠️ Level: 45"}}
{"timestamp":1777119058521,"type":"alerts","deviceId":"ESP32_GREENHOUSE_01","data":{"timestamp":1777119058521,"deviceId":"ESP32_GREENHOUSE_01","event":"Restless","level":68,"raw":274,"diff":274,"message":"Restless Level: 68"}}
{"timestamp":1777119066585,"type":"alerts","deviceId":"ESP32_GREENHOUSE_01","data":{"timestamp":1777119066585,"deviceId":"ESP32_GREENHOUSE_01","event":"CRYING","level":360,"raw":1443,"diff":1443,"message":"CRYING DETECTED! ⚠️ Level: 360"}}
{"timestamp":1777119074649,"type":"alerts","deviceId":"ESP32_GREENHOUSE_01","data":{"timestamp":1777119074649,"deviceId":"ESP32_GREENHOUSE_01","event":"Quiet","level":25,"raw":102,"diff":102,"message":"Quiet Level: 25"}}
{"timestamp":1777119076666,"type":"alerts","deviceId":"ESP32_GREENHOUSE_01","data":{"timestamp":1777119076666,"deviceId":"ESP32_GREENHOUSE_01","event":"Light Activity","level":55,"raw":223,"diff":223,"message":"Light Activity Level: 55"}}
{"timestamp":1777119080700,"type":"alerts","deviceId":"ESP32_GREENHOUSE_01","data":{"timestamp":1777119080699,"deviceId":"ESP32_GREENHOUSE_01","event":"Quiet","level":23,"raw":93,"diff":93,"message":"Quiet Level: 23"}}
{"timestamp":1777119084736,"type":"alerts","deviceId":"ESP32_GREENHOUSE_01","data":{"timestamp":1777119084736,"deviceId":"ESP32_GREENHOUSE_01","event":"Light Activity","level":44,"raw":179,"diff":179,"message":"Light Activity Level: 44"}}
{"timestamp":1777119086777,"type":"alerts","deviceId":"ESP32_GREENHOUSE_01","data":{"timestamp":1777119086777,"deviceId":"ESP32_GREENHOUSE_01","event":"Quiet","level":42,"raw":170,"diff":170,"message":"Quiet Level: 42"}}
{"timestamp":1777119090812,"type":"alerts","deviceId":"ESP32_GREENHOUSE_01","data":{"timestamp":1777119090812,"deviceId":"ESP32_GREENHOUSE_01","event":"Light Activity","level":52,"raw":210,"diff":210,"message":"Light Activity Level: 52"}}
{"timestamp":1777119092825,"type":"alerts","deviceId":"ESP32_GREENHOUSE_01","data":{"timestamp":1777119092825,"deviceId":"ESP32_GREENHOUSE_01","event":"Quiet","level":24,"raw":99,"diff":99,"message":"Quiet Level: 24"}}
{"timestamp":1777119098873,"type":"alerts","deviceId":"ESP32_GREENHOUSE_01","data":{"timestamp":1777119098873,"deviceId":"ESP32_GREENHOUSE_01","event":"Light Activity","level":48,"raw":192,"diff":192,"message":"Light Activity Level: 48"}}
{"timestamp":1777119102909,"type":"alerts","deviceId":"ESP32_GREENHOUSE_01","data":{"timestamp":1777119102909,"deviceId":"ESP32_GREENHOUSE_01","event":"Quiet","level":31,"raw":127,"diff":127,"message":"Quiet Level: 31"}}
{"timestamp":1777119104922,"type":"alerts","deviceId":"ESP32_GREENHOUSE_01","data":{"timestamp":1777119104921,"deviceId":"ESP32_GREENHOUSE_01","event":"CRYING","level":45,"raw":183,"diff":183,"message":"CRYING DETECTED! ⚠️ Level: 45"}}
{"timestamp":1777119108953,"type":"alerts","deviceId":"ESP32_GREENHOUSE_01","data":{"timestamp":1777119108953,"deviceId":"ESP32_GREENHOUSE_01","event":"Light Activity","level":46,"raw":184,"diff":184,"message":"Light Activity Level: 46"}}
{"timestamp":1777119110970,"type":"alerts","deviceId":"ESP32_GREENHOUSE_01","data":{"timestamp":1777119110969,"deviceId":"ESP32_GREENHOUSE_01","event":"Quiet","level":38,"raw":153,"diff":153,"message":"Quiet Level: 38"}}
{"timestamp":1777119115006,"type":"alerts","deviceId":"ESP32_GREENHOUSE_01","data":{"timestamp":1777119115006,"deviceId":"ESP32_GREENHOUSE_01","event":"Light Activity","level":49,"raw":199,"diff":199,"message":"Light Activity Level: 49"}}
{"timestamp":1777119119041,"type":"alerts","deviceId":"ESP32_GREENHOUSE_01","data":{"timestamp":1777119119041,"deviceId":"ESP32_GREENHOUSE_01","event":"Restless","level":63,"raw":252,"diff":252,"message":"Restless Level: 63"}}
{"timestamp":1777119121081,"type":"alerts","deviceId":"ESP32_GREENHOUSE_01","data":{"timestamp":1777119121081,"deviceId":"ESP32_GREENHOUSE_01","event":"Light Activity","level":54,"raw":216,"diff":216,"message":"Light Activity Level: 54"}}
{"timestamp":1777119123097,"type":"alerts","deviceId":"ESP32_GREENHOUSE_01","data":{"timestamp":1777119123097,"deviceId":"ESP32_GREENHOUSE_01","event":"Quiet","level":27,"raw":108,"diff":108,"message":"Quiet Level: 27"}}
{"timestamp":1777119129146,"type":"alerts","deviceId":"ESP32_GREENHOUSE_01","data":{"timestamp":1777119129146,"deviceId":"ESP32_GREENHOUSE_01","event":"Restless","level":65,"raw":262,"diff":262,"message":"Restless Level: 65"}}
{"timestamp":1777119131163,"type":"alerts","deviceId":"ESP32_GREENHOUSE_01","data":{"timestamp":1777119131163,"deviceId":"ESP32_GREENHOUSE_01","event":"Quiet","level":41,"raw":165,"diff":165,"message":"Quiet Level: 41"}}
{"timestamp":1777119133178,"type":"alerts","deviceId":"ESP32_GREENHOUSE_01","data":{"timestamp":1777119133178,"deviceId":"ESP32_GREENHOUSE_01","event":"Light Activity","level":54,"raw":216,"diff":216,"message":"Light Activity Level: 54"}}
{"timestamp":1777119137211,"type":"alerts","deviceId":"ESP32_GREENHOUSE_01","data":{"timestamp":1777119137211,"deviceId":"ESP32_GREENHOUSE_01","event":"Restless","level":68,"raw":272,"diff":272,"message":"Restless Level: 68"}}
{"timestamp":1777119139226,"type":"alerts","deviceId":"ESP32_GREENHOUSE_01","data":{"timestamp":1777119139225,"deviceId":"ESP32_GREENHOUSE_01","event":"Quiet","level":40,"raw":160,"diff":160,"message":"Quiet Level: 40"}}
{"timestamp":1777119143257,"type":"alerts","deviceId":"ESP32_GREENHOUSE_01","data":{"timestamp":1777119143257,"deviceId":"ESP32_GREENHOUSE_01","event":"CRYING","level":73,"raw":294,"diff":294,"message":"CRYING DETECTED! ⚠️ Level: 73"}}
{"timestamp":1777119151328,"type":"alerts","deviceId":"ESP32_GREENHOUSE_01","data":{"timestamp":1777119151328,"deviceId":"ESP32_GREENHOUSE_01","event":"Restless","level":61,"raw":244,"diff":244,"message":"Restless Level: 61"}}
{"timestamp":1777119153370,"type":"alerts","deviceId":"ESP32_GREENHOUSE_01","data":{"timestamp":1777119153370,"deviceId":"ESP32_GREENHOUSE_01","event":"CRYING","level":124,"raw":496,"diff":496,"message":"CRYING DETECTED! ⚠️ Level: 124"}}
{"timestamp":1777119161434,"type":"alerts","deviceId":"ESP32_GREENHOUSE_01","data":{"timestamp":1777119161434,"deviceId":"ESP32_GREENHOUSE_01","event":"Light Activity","level":49,"raw":196,"diff":196,"message":"Light Activity Level: 49"}}
{"timestamp":1777119163450,"type":"alerts","deviceId":"ESP32_GREENHOUSE_01","data":{"timestamp":1777119163450,"deviceId":"ESP32_GREENHOUSE_01","event":"Quiet","level":34,"raw":136,"diff":136,"message":"Quiet Level: 34"}}
{"timestamp":1777119167482,"type":"alerts","deviceId":"ESP32_GREENHOUSE_01","data":{"timestamp":1777119167481,"deviceId":"ESP32_GREENHOUSE_01","event":"CRYING","level":82,"raw":331,"diff":331,"message":"CRYING DETECTED! ⚠️ Level: 82"}}
{"timestamp":1777119169498,"type":"alerts","deviceId":"ESP32_GREENHOUSE_01","data":{"timestamp":1777119169498,"deviceId":"ESP32_GREENHOUSE_01","event":"Quiet","level":42,"raw":170,"diff":170,"message":"Quiet Level: 42"}}
{"timestamp":1777119173530,"type":"alerts","deviceId":"ESP32_GREENHOUSE_01","data":{"timestamp":1777119173530,"deviceId":"ESP32_GREENHOUSE_01","event":"Light Activity","level":56,"raw":225,"diff":225,"message":"Light Activity Level: 56"}}
{"timestamp":1777119175546,"type":"alerts","deviceId":"ESP32_GREENHOUSE_01","data":{"timestamp":1777119175546,"deviceId":"ESP32_GREENHOUSE_01","event":"Quiet","level":27,"raw":111,"diff":111,"message":"Quiet Level: 27"}}
{"timestamp":1777119181598,"type":"alerts","deviceId":"ESP32_GREENHOUSE_01","data":{"timestamp":1777119181598,"deviceId":"ESP32_GREENHOUSE_01","event":"CRYING","level":52,"raw":210,"diff":210,"message":"CRYING DETECTED! ⚠️ Level: 52"}}
{"timestamp":1777119183617,"type":"alerts","deviceId":"ESP32_GREENHOUSE_01","data":{"timestamp":1777119183616,"deviceId":"ESP32_GREENHOUSE_01","event":"Quiet","level":30,"raw":121,"diff":121,"message":"Quiet Level: 30"}}
{"timestamp":1777119185635,"type":"alerts","deviceId":"ESP32_GREENHOUSE_01","data":{"timestamp":1777119185635,"deviceId":"ESP32_GREENHOUSE_01","event":"Light Activity","level":55,"raw":221,"diff":221,"message":"Light Activity Level: 55"}}
{"timestamp":1777119191706,"type":"alerts","deviceId":"ESP32_GREENHOUSE_01","data":{"timestamp":1777119191706,"deviceId":"ESP32_GREENHOUSE_01","event":"Restless","level":60,"raw":242,"diff":242,"message":"Restless Level: 60"}}
{"timestamp":1777119193722,"type":"alerts","deviceId":"ESP32_GREENHOUSE_01","data":{"timestamp":1777119193722,"deviceId":"ESP32_GREENHOUSE_01","event":"Quiet","level":33,"raw":133,"diff":133,"message":"Quiet Level: 33"}}
{"timestamp":1777119199772,"type":"alerts","deviceId":"ESP32_GREENHOUSE_01","data":{"timestamp":1777119199772,"deviceId":"ESP32_GREENHOUSE_01","event":"Quiet","level":24,"raw":99,"diff":99,"message":"Quiet Level: 24"}}
{"timestamp":1777119205820,"type":"alerts","deviceId":"ESP32_GREENHOUSE_01","data":{"timestamp":1777119205819,"deviceId":"ESP32_GREENHOUSE_01","event":"Quiet","level":40,"raw":162,"diff":162,"message":"Quiet Level: 40"}}
{"timestamp":1777119211868,"type":"alerts","deviceId":"ESP32_GREENHOUSE_01","data":{"timestamp":1777119211868,"deviceId":"ESP32_GREENHOUSE_01","event":"Quiet","level":11,"raw":46,"diff":46,"message":"Quiet Level: 11"}}
{"timestamp":1777119217922,"type":"alerts","deviceId":"ESP32_GREENHOUSE_01","data":{"timestamp":1777119217922,"deviceId":"ESP32_GREENHOUSE_01","event":"Quiet","level":30,"raw":121,"diff":121,"message":"Quiet Level: 30"}}
{"timestamp":1777119223994,"type":"alerts","deviceId":"ESP32_GREENHOUSE_01","data":{"timestamp":1777119223994,"deviceId":"ESP32_GREENHOUSE_01","event":"Quiet","level":14,"raw":59,"diff":59,"message":"Quiet Level: 14"}}
{"timestamp":1777119230042,"type":"alerts","deviceId":"ESP32_GREENHOUSE_01","data":{"timestamp":1777119230042,"deviceId":"ESP32_GREENHOUSE_01","event":"Quiet","level":37,"raw":149,"diff":149,"message":"Quiet Level: 37"}}
{"timestamp":1777119236090,"type":"alerts","deviceId":"ESP32_GREENHOUSE_01","data":{"timestamp":1777119236090,"deviceId":"ESP32_GREENHOUSE_01","event":"Quiet","level":28,"raw":112,"diff":112,"message":"Quiet Level: 28"}}
{"timestamp":1777119242138,"type":"alerts","deviceId":"ESP32_GREENHOUSE_01","data":{"timestamp":1777119242138,"deviceId":"ESP32_GREENHOUSE_01","event":"Quiet","level":29,"raw":119,"diff":119,"message":"Quiet Level: 29"}}
{"timestamp":1777119246173,"type":"alerts","deviceId":"ESP32_GREENHOUSE_01","data":{"timestamp":1777119246173,"deviceId":"ESP32_GREENHOUSE_01","event":"Light Activity","level":44,"raw":176,"diff":176,"message":"Light Activity Level: 44"}}
{"timestamp":1777119248191,"type":"alerts","deviceId":"ESP32_GREENHOUSE_01","data":{"timestamp":1777119248191,"deviceId":"ESP32_GREENHOUSE_01","event":"Quiet","level":35,"raw":140,"diff":140,"message":"Quiet Level: 35"}}
{"timestamp":1777119254266,"type":"alerts","deviceId":"ESP32_GREENHOUSE_01","data":{"timestamp":1777119254266,"deviceId":"ESP32_GREENHOUSE_01","event":"Quiet","level":30,"raw":121,"diff":121,"message":"Quiet Level: 30"}}
{"timestamp":1777119260314,"type":"alerts","deviceId":"ESP32_GREENHOUSE_01","data":{"timestamp":1777119260314,"deviceId":"ESP32_GREENHOUSE_01","event":"Quiet","level":32,"raw":129,"diff":129,"message":"Quiet Level: 32"}}
{"timestamp":1777119266362,"type":"alerts","deviceId":"ESP32_GREENHOUSE_01","data":{"timestamp":1777119266362,"deviceId":"ESP32_GREENHOUSE_01","event":"Quiet","level":31,"raw":126,"diff":126,"message":"Quiet Level: 31"}}
{"timestamp":1777119268380,"type":"alerts","deviceId":"ESP32_GREENHOUSE_01","data":{"timestamp":1777119268380,"deviceId":"ESP32_GREENHOUSE_01","event":"Restless","level":73,"raw":293,"diff":293,"message":"Restless Level: 73"}}
{"timestamp":1777119272410,"type":"alerts","deviceId":"ESP32_GREENHOUSE_01","data":{"timestamp":1777119272410,"deviceId":"ESP32_GREENHOUSE_01","event":"Quiet","level":23,"raw":92,"diff":92,"message":"Quiet Level: 23"}}
{"timestamp":1777119274428,"type":"alerts","deviceId":"ESP32_GREENHOUSE_01","data":{"timestamp":1777119274428,"deviceId":"ESP32_GREENHOUSE_01","event":"CRYING","level":87,"raw":348,"diff":348,"message":"CRYING DETECTED! ⚠️ Level: 87"}}
{"timestamp":1777119276443,"type":"alerts","deviceId":"ESP32_GREENHOUSE_01","data":{"timestamp":1777119276443,"deviceId":"ESP32_GREENHOUSE_01","event":"Restless","level":78,"raw":314,"diff":314,"message":"Restless Level: 78"}}
{"timestamp":1777119278461,"type":"alerts","deviceId":"ESP32_GREENHOUSE_01","data":{"timestamp":1777119278461,"deviceId":"ESP32_GREENHOUSE_01","event":"Quiet","level":43,"raw":175,"diff":175,"message":"Quiet Level: 43"}}
{"timestamp":1777119284539,"type":"alerts","deviceId":"ESP32_GREENHOUSE_01","data":{"timestamp":1777119284539,"deviceId":"ESP32_GREENHOUSE_01","event":"CRYING","level":75,"raw":303,"diff":303,"message":"CRYING DETECTED! ⚠️ Level: 75"}}
{"timestamp":1777119286554,"type":"alerts","deviceId":"ESP32_GREENHOUSE_01","data":{"timestamp":1777119286554,"deviceId":"ESP32_GREENHOUSE_01","event":"Light Activity","level":56,"raw":224,"diff":224,"message":"Light Activity Level: 56"}}
{"timestamp":1777119288571,"type":"alerts","deviceId":"ESP32_GREENHOUSE_01","data":{"timestamp":1777119288570,"deviceId":"ESP32_GREENHOUSE_01","event":"Quiet","level":26,"raw":106,"diff":106,"message":"Quiet Level: 26"}}
{"timestamp":1777119294618,"type":"alerts","deviceId":"ESP32_GREENHOUSE_01","data":{"timestamp":1777119294618,"deviceId":"ESP32_GREENHOUSE_01","event":"Light Activity","level":52,"raw":211,"diff":211,"message":"Light Activity Level: 52"}}
{"timestamp":1777119296635,"type":"alerts","deviceId":"ESP32_GREENHOUSE_01","data":{"timestamp":1777119296634,"deviceId":"ESP32_GREENHOUSE_01","event":"Quiet","level":41,"raw":167,"diff":167,"message":"Quiet Level: 41"}}
{"timestamp":1777119302685,"type":"alerts","deviceId":"ESP32_GREENHOUSE_01","data":{"timestamp":1777119302685,"deviceId":"ESP32_GREENHOUSE_01","event":"Quiet","level":32,"raw":128,"diff":128,"message":"Quiet Level: 32"}}
{"timestamp":1777119308731,"type":"alerts","deviceId":"ESP32_GREENHOUSE_01","data":{"timestamp":1777119308731,"deviceId":"ESP32_GREENHOUSE_01","event":"Light Activity","level":54,"raw":219,"diff":219,"message":"Light Activity Level: 54"}}
{"timestamp":1777119310749,"type":"alerts","deviceId":"ESP32_GREENHOUSE_01","data":{"timestamp":1777119310748,"deviceId":"ESP32_GREENHOUSE_01","event":"Quiet","level":31,"raw":127,"diff":127,"message":"Quiet Level: 31"}}
{"timestamp":1777119314784,"type":"alerts","deviceId":"ESP32_GREENHOUSE_01","data":{"timestamp":1777119314784,"deviceId":"ESP32_GREENHOUSE_01","event":"Light Activity","level":49,"raw":197,"diff":197,"message":"Light Activity Level: 49"}}
{"timestamp":1777119316805,"type":"alerts","deviceId":"ESP32_GREENHOUSE_01","data":{"timestamp":1777119316805,"deviceId":"ESP32_GREENHOUSE_01","event":"Quiet","level":39,"raw":158,"diff":158,"message":"Quiet Level: 39"}}
{"timestamp":1777119320859,"type":"alerts","deviceId":"ESP32_GREENHOUSE_01","data":{"timestamp":1777119320858,"deviceId":"ESP32_GREENHOUSE_01","event":"Light Activity","level":52,"raw":208,"diff":208,"message":"Light Activity Level: 52"}}
{"timestamp":1777119324893,"type":"alerts","deviceId":"ESP32_GREENHOUSE_01","data":{"timestamp":1777119324893,"deviceId":"ESP32_GREENHOUSE_01","event":"Quiet","level":39,"raw":158,"diff":158,"message":"Quiet Level: 39"}}
{"timestamp":1777119326908,"type":"alerts","deviceId":"ESP32_GREENHOUSE_01","data":{"timestamp":1777119326907,"deviceId":"ESP32_GREENHOUSE_01","event":"Light Activity","level":48,"raw":193,"diff":193,"message":"Light Activity Level: 48"}}
{"timestamp":1777119328923,"type":"alerts","deviceId":"ESP32_GREENHOUSE_01","data":{"timestamp":1777119328923,"deviceId":"ESP32_GREENHOUSE_01","event":"Restless","level":59,"raw":238,"diff":238,"message":"Restless Level: 59"}}
{"timestamp":1777119332955,"type":"alerts","deviceId":"ESP32_GREENHOUSE_01","data":{"timestamp":1777119332955,"deviceId":"ESP32_GREENHOUSE_01","event":"Quiet","level":29,"raw":119,"diff":119,"message":"Quiet Level: 29"}}
{"timestamp":1777119339003,"type":"alerts","deviceId":"ESP32_GREENHOUSE_01","data":{"timestamp":1777119339003,"deviceId":"ESP32_GREENHOUSE_01","event":"Quiet","level":25,"raw":101,"diff":101,"message":"Quiet Level: 25"}}
{"timestamp":1777119345054,"type":"alerts","deviceId":"ESP32_GREENHOUSE_01","data":{"timestamp":1777119345054,"deviceId":"ESP32_GREENHOUSE_01","event":"Quiet","level":28,"raw":115,"diff":115,"message":"Quiet Level: 28"}}
{"timestamp":1777119349090,"type":"alerts","deviceId":"ESP32_GREENHOUSE_01","data":{"timestamp":1777119349090,"deviceId":"ESP32_GREENHOUSE_01","event":"Restless","level":62,"raw":250,"diff":250,"message":"Restless Level: 62"}}
{"timestamp":1777119351131,"type":"alerts","deviceId":"ESP32_GREENHOUSE_01","data":{"timestamp":1777119351131,"deviceId":"ESP32_GREENHOUSE_01","event":"Quiet","level":38,"raw":155,"diff":155,"message":"Quiet Level: 38"}}
{"timestamp":1777119357179,"type":"alerts","deviceId":"ESP32_GREENHOUSE_01","data":{"timestamp":1777119357179,"deviceId":"ESP32_GREENHOUSE_01","event":"Quiet","level":28,"raw":112,"diff":112,"message":"Quiet Level: 28"}}
{"timestamp":1777119363227,"type":"alerts","deviceId":"ESP32_GREENHOUSE_01","data":{"timestamp":1777119363227,"deviceId":"ESP32_GREENHOUSE_01","event":"Quiet","level":29,"raw":118,"diff":118,"message":"Quiet Level: 29"}}
{"timestamp":1777119369275,"type":"alerts","deviceId":"ESP32_GREENHOUSE_01","data":{"timestamp":1777119369275,"deviceId":"ESP32_GREENHOUSE_01","event":"Quiet","level":26,"raw":105,"diff":105,"message":"Quiet Level: 26"}}
{"timestamp":1777119375324,"type":"alerts","deviceId":"ESP32_GREENHOUSE_01","data":{"timestamp":1777119375324,"deviceId":"ESP32_GREENHOUSE_01","event":"Quiet","level":19,"raw":76,"diff":76,"message":"Quiet Level: 19"}}
{"timestamp":1777119381377,"type":"alerts","deviceId":"ESP32_GREENHOUSE_01","data":{"timestamp":1777119381377,"deviceId":"ESP32_GREENHOUSE_01","event":"Quiet","level":17,"raw":70,"diff":70,"message":"Quiet Level: 17"}}
{"timestamp":1777119387451,"type":"alerts","deviceId":"ESP32_GREENHOUSE_01","data":{"timestamp":1777119387451,"deviceId":"ESP32_GREENHOUSE_01","event":"Quiet","level":23,"raw":92,"diff":92,"message":"Quiet Level: 23"}}
{"timestamp":1777119393501,"type":"alerts","deviceId":"ESP32_GREENHOUSE_01","data":{"timestamp":1777119393501,"deviceId":"ESP32_GREENHOUSE_01","event":"Quiet","level":21,"raw":87,"diff":87,"message":"Quiet Level: 21"}}
{"timestamp":1777119399547,"type":"alerts","deviceId":"ESP32_GREENHOUSE_01","data":{"timestamp":1777119399547,"deviceId":"ESP32_GREENHOUSE_01","event":"Quiet","level":19,"raw":79,"diff":79,"message":"Quiet Level: 19"}}
{"timestamp":1777119405596,"type":"alerts","deviceId":"ESP32_GREENHOUSE_01","data":{"timestamp":1777119405596,"deviceId":"ESP32_GREENHOUSE_01","event":"Quiet","level":26,"raw":107,"diff":107,"message":"Quiet Level: 26"}}
{"timestamp":1777119411649,"type":"alerts","deviceId":"ESP32_GREENHOUSE_01","data":{"timestamp":1777119411649,"deviceId":"ESP32_GREENHOUSE_01","event":"Quiet","level":37,"raw":149,"diff":149,"message":"Quiet Level: 37"}}
{"timestamp":1777119417723,"type":"alerts","deviceId":"ESP32_GREENHOUSE_01","data":{"timestamp":1777119417723,"deviceId":"ESP32_GREENHOUSE_01","event":"Quiet","level":31,"raw":126,"diff":126,"message":"Quiet Level: 31"}}
{"timestamp":1777119421756,"type":"alerts","deviceId":"ESP32_GREENHOUSE_01","data":{"timestamp":1777119421756,"deviceId":"ESP32_GREENHOUSE_01","event":"Light Activity","level":45,"raw":180,"diff":180,"message":"Light Activity Level: 45"}}
{"timestamp":1777119423772,"type":"alerts","deviceId":"ESP32_GREENHOUSE_01","data":{"timestamp":1777119423772,"deviceId":"ESP32_GREENHOUSE_01","event":"Quiet","level":24,"raw":98,"diff":98,"message":"Quiet Level: 24"}}
{"timestamp":1777119429819,"type":"alerts","deviceId":"ESP32_GREENHOUSE_01","data":{"timestamp":1777119429819,"deviceId":"ESP32_GREENHOUSE_01","event":"Quiet","level":16,"raw":66,"diff":66,"message":"Quiet Level: 16"}}
{"timestamp":1777119435867,"type":"alerts","deviceId":"ESP32_GREENHOUSE_01","data":{"timestamp":1777119435867,"deviceId":"ESP32_GREENHOUSE_01","event":"Quiet","level":25,"raw":101,"diff":101,"message":"Quiet Level: 25"}}
{"timestamp":1777119439902,"type":"alerts","deviceId":"ESP32_GREENHOUSE_01","data":{"timestamp":1777119439902,"deviceId":"ESP32_GREENHOUSE_01","event":"Restless","level":60,"raw":243,"diff":243,"message":"Restless Level: 60"}}
{"timestamp":1777119441918,"type":"alerts","deviceId":"ESP32_GREENHOUSE_01","data":{"timestamp":1777119441918,"deviceId":"ESP32_GREENHOUSE_01","event":"Quiet","level":34,"raw":136,"diff":136,"message":"Quiet Level: 34"}}
{"timestamp":1777119447996,"type":"alerts","deviceId":"ESP32_GREENHOUSE_01","data":{"timestamp":1777119447995,"deviceId":"ESP32_GREENHOUSE_01","event":"Quiet","level":37,"raw":149,"diff":149,"message":"Quiet Level: 37"}}
{"timestamp":1777119454046,"type":"alerts","deviceId":"ESP32_GREENHOUSE_01","data":{"timestamp":1777119454046,"deviceId":"ESP32_GREENHOUSE_01","event":"Quiet","level":23,"raw":94,"diff":94,"message":"Quiet Level: 23"}}
{"timestamp":1777119458076,"type":"alerts","deviceId":"ESP32_GREENHOUSE_01","data":{"timestamp":1777119458076,"deviceId":"ESP32_GREENHOUSE_01","event":"Light Activity","level":47,"raw":188,"diff":188,"message":"Light Activity Level: 47"}}
{"timestamp":1777119460092,"type":"alerts","deviceId":"ESP32_GREENHOUSE_01","data":{"timestamp":1777119460092,"deviceId":"ESP32_GREENHOUSE_01","event":"Quiet","level":21,"raw":87,"diff":87,"message":"Quiet Level: 21"}}
{"timestamp":1777119466140,"type":"alerts","deviceId":"ESP32_GREENHOUSE_01","data":{"timestamp":1777119466140,"deviceId":"ESP32_GREENHOUSE_01","event":"Quiet","level":23,"raw":93,"diff":93,"message":"Quiet Level: 23"}}
{"timestamp":1777119472188,"type":"alerts","deviceId":"ESP32_GREENHOUSE_01","data":{"timestamp":1777119472188,"deviceId":"ESP32_GREENHOUSE_01","event":"Quiet","level":23,"raw":94,"diff":94,"message":"Quiet Level: 23"}}
{"timestamp":1777119478241,"type":"alerts","deviceId":"ESP32_GREENHOUSE_01","data":{"timestamp":1777119478241,"deviceId":"ESP32_GREENHOUSE_01","event":"Quiet","level":36,"raw":145,"diff":145,"message":"Quiet Level: 36"}}
{"timestamp":1777119482300,"type":"alerts","deviceId":"ESP32_GREENHOUSE_01","data":{"timestamp":1777119482300,"deviceId":"ESP32_GREENHOUSE_01","event":"Light Activity","level":56,"raw":225,"diff":225,"message":"Light Activity Level: 56"}}
{"timestamp":1777119484316,"type":"alerts","deviceId":"ESP32_GREENHOUSE_01","data":{"timestamp":1777119484316,"deviceId":"ESP32_GREENHOUSE_01","event":"Quiet","level":38,"raw":153,"diff":153,"message":"Quiet Level: 38"}}
{"timestamp":1777119490364,"type":"alerts","deviceId":"ESP32_GREENHOUSE_01","data":{"timestamp":1777119490364,"deviceId":"ESP32_GREENHOUSE_01","event":"Light Activity","level":57,"raw":228,"diff":228,"message":"Light Activity Level: 57"}}
{"timestamp":1777119492380,"type":"alerts","deviceId":"ESP32_GREENHOUSE_01","data":{"timestamp":1777119492380,"deviceId":"ESP32_GREENHOUSE_01","event":"Quiet","level":32,"raw":130,"diff":130,"message":"Quiet Level: 32"}}
{"timestamp":1777119496414,"type":"alerts","deviceId":"ESP32_GREENHOUSE_01","data":{"timestamp":1777119496414,"deviceId":"ESP32_GREENHOUSE_01","event":"Restless","level":79,"raw":317,"diff":317,"message":"Restless Level: 79"}}
{"timestamp":1777119498430,"type":"alerts","deviceId":"ESP32_GREENHOUSE_01","data":{"timestamp":1777119498430,"deviceId":"ESP32_GREENHOUSE_01","event":"CRYING","level":103,"raw":415,"diff":415,"message":"CRYING DETECTED! ⚠️ Level: 103"}}
{"timestamp":1777119502460,"type":"alerts","deviceId":"ESP32_GREENHOUSE_01","data":{"timestamp":1777119502460,"deviceId":"ESP32_GREENHOUSE_01","event":"Quiet","level":38,"raw":155,"diff":155,"message":"Quiet Level: 38"}}
{"timestamp":1777119508513,"type":"alerts","deviceId":"ESP32_GREENHOUSE_01","data":{"timestamp":1777119508513,"deviceId":"ESP32_GREENHOUSE_01","event":"Quiet","level":25,"raw":103,"diff":103,"message":"Quiet Level: 25"}}
{"timestamp":1777119514588,"type":"alerts","deviceId":"ESP32_GREENHOUSE_01","data":{"timestamp":1777119514588,"deviceId":"ESP32_GREENHOUSE_01","event":"Quiet","level":24,"raw":97,"diff":97,"message":"Quiet Level: 24"}}
{"timestamp":1777119520636,"type":"alerts","deviceId":"ESP32_GREENHOUSE_01","data":{"timestamp":1777119520636,"deviceId":"ESP32_GREENHOUSE_01","event":"Quiet","level":26,"raw":106,"diff":106,"message":"Quiet Level: 26"}}
{"timestamp":1777119526684,"type":"alerts","deviceId":"ESP32_GREENHOUSE_01","data":{"timestamp":1777119526684,"deviceId":"ESP32_GREENHOUSE_01","event":"Quiet","level":24,"raw":98,"diff":98,"message":"Quiet Level: 24"}}
{"timestamp":1777119532732,"type":"alerts","deviceId":"ESP32_GREENHOUSE_01","data":{"timestamp":1777119532732,"deviceId":"ESP32_GREENHOUSE_01","event":"Light Activity","level":48,"raw":192,"diff":192,"message":"Light Activity Level: 48"}}
{"timestamp":1777119534748,"type":"alerts","deviceId":"ESP32_GREENHOUSE_01","data":{"timestamp":1777119534748,"deviceId":"ESP32_GREENHOUSE_01","event":"Quiet","level":33,"raw":134,"diff":134,"message":"Quiet Level: 33"}}
{"timestamp":1777119540800,"type":"alerts","deviceId":"ESP32_GREENHOUSE_01","data":{"timestamp":1777119540800,"deviceId":"ESP32_GREENHOUSE_01","event":"Quiet","level":30,"raw":120,"diff":120,"message":"Quiet Level: 30"}}
{"timestamp":1777119544836,"type":"alerts","deviceId":"ESP32_GREENHOUSE_01","data":{"timestamp":1777119544836,"deviceId":"ESP32_GREENHOUSE_01","event":"Light Activity","level":44,"raw":177,"diff":177,"message":"Light Activity Level: 44"}}
{"timestamp":1777119546876,"type":"alerts","deviceId":"ESP32_GREENHOUSE_01","data":{"timestamp":1777119546876,"deviceId":"ESP32_GREENHOUSE_01","event":"Quiet","level":39,"raw":158,"diff":158,"message":"Quiet Level: 39"}}
{"timestamp":1777119552924,"type":"alerts","deviceId":"ESP32_GREENHOUSE_01","data":{"timestamp":1777119552924,"deviceId":"ESP32_GREENHOUSE_01","event":"Quiet","level":43,"raw":175,"diff":175,"message":"Quiet Level: 43"}}
{"timestamp":1777119558972,"type":"alerts","deviceId":"ESP32_GREENHOUSE_01","data":{"timestamp":1777119558972,"deviceId":"ESP32_GREENHOUSE_01","event":"Quiet","level":29,"raw":116,"diff":116,"message":"Quiet Level: 29"}}
{"timestamp":1777119563005,"type":"alerts","deviceId":"ESP32_GREENHOUSE_01","data":{"timestamp":1777119563004,"deviceId":"ESP32_GREENHOUSE_01","event":"Light Activity","level":46,"raw":185,"diff":185,"message":"Light Activity Level: 46"}}
{"timestamp":1777119565020,"type":"alerts","deviceId":"ESP32_GREENHOUSE_01","data":{"timestamp":1777119565020,"deviceId":"ESP32_GREENHOUSE_01","event":"Quiet","level":42,"raw":169,"diff":169,"message":"Quiet Level: 42"}}
{"timestamp":1777119571070,"type":"alerts","deviceId":"ESP32_GREENHOUSE_01","data":{"timestamp":1777119571070,"deviceId":"ESP32_GREENHOUSE_01","event":"Quiet","level":33,"raw":133,"diff":133,"message":"Quiet Level: 33"}}
{"timestamp":1777119577125,"type":"alerts","deviceId":"ESP32_GREENHOUSE_01","data":{"timestamp":1777119577125,"deviceId":"ESP32_GREENHOUSE_01","event":"Quiet","level":22,"raw":91,"diff":91,"message":"Quiet Level: 22"}}
{"timestamp":1777119583197,"type":"alerts","deviceId":"ESP32_GREENHOUSE_01","data":{"timestamp":1777119583197,"deviceId":"ESP32_GREENHOUSE_01","event":"Quiet","level":23,"raw":94,"diff":94,"message":"Quiet Level: 23"}}
{"timestamp":1777119589244,"type":"alerts","deviceId":"ESP32_GREENHOUSE_01","data":{"timestamp":1777119589244,"deviceId":"ESP32_GREENHOUSE_01","event":"Quiet","level":20,"raw":80,"diff":80,"message":"Quiet Level: 20"}}
{"timestamp":1777119595293,"type":"alerts","deviceId":"ESP32_GREENHOUSE_01","data":{"timestamp":1777119595292,"deviceId":"ESP32_GREENHOUSE_01","event":"Quiet","level":26,"raw":105,"diff":105,"message":"Quiet Level: 26"}}
{"timestamp":1777119601341,"type":"alerts","deviceId":"ESP32_GREENHOUSE_01","data":{"timestamp":1777119601341,"deviceId":"ESP32_GREENHOUSE_01","event":"Quiet","level":20,"raw":82,"diff":82,"message":"Quiet Level: 20"}}
{"timestamp":1777119607395,"type":"alerts","deviceId":"ESP32_GREENHOUSE_01","data":{"timestamp":1777119607394,"deviceId":"ESP32_GREENHOUSE_01","event":"Light Activity","level":55,"raw":222,"diff":222,"message":"Light Activity Level: 55"}}
{"timestamp":1777119609412,"type":"alerts","deviceId":"ESP32_GREENHOUSE_01","data":{"timestamp":1777119609412,"deviceId":"ESP32_GREENHOUSE_01","event":"Quiet","level":17,"raw":71,"diff":71,"message":"Quiet Level: 17"}}
{"timestamp":1777119615485,"type":"alerts","deviceId":"ESP32_GREENHOUSE_01","data":{"timestamp":1777119615485,"deviceId":"ESP32_GREENHOUSE_01","event":"Quiet","level":37,"raw":150,"diff":150,"message":"Quiet Level: 37"}}
{"timestamp":1777119621533,"type":"alerts","deviceId":"ESP32_GREENHOUSE_01","data":{"timestamp":1777119621533,"deviceId":"ESP32_GREENHOUSE_01","event":"Quiet","level":31,"raw":127,"diff":127,"message":"Quiet Level: 31"}}
{"timestamp":1777119627581,"type":"alerts","deviceId":"ESP32_GREENHOUSE_01","data":{"timestamp":1777119627581,"deviceId":"ESP32_GREENHOUSE_01","event":"Quiet","level":25,"raw":103,"diff":103,"message":"Quiet Level: 25"}}
{"timestamp":1777119633629,"type":"alerts","deviceId":"ESP32_GREENHOUSE_01","data":{"timestamp":1777119633629,"deviceId":"ESP32_GREENHOUSE_01","event":"Quiet","level":41,"raw":167,"diff":167,"message":"Quiet Level: 41"}}
{"timestamp":1777119635647,"type":"alerts","deviceId":"ESP32_GREENHOUSE_01","data":{"timestamp":1777119635646,"deviceId":"ESP32_GREENHOUSE_01","event":"Light Activity","level":53,"raw":213,"diff":213,"message":"Light Activity Level: 53"}}
{"timestamp":1777119641701,"type":"alerts","deviceId":"ESP32_GREENHOUSE_01","data":{"timestamp":1777119641701,"deviceId":"ESP32_GREENHOUSE_01","event":"Quiet","level":43,"raw":175,"diff":175,"message":"Quiet Level: 43"}}
{"timestamp":1777119643741,"type":"alerts","deviceId":"ESP32_GREENHOUSE_01","data":{"timestamp":1777119643741,"deviceId":"ESP32_GREENHOUSE_01","event":"Light Activity","level":45,"raw":183,"diff":183,"message":"Light Activity Level: 45"}}
{"timestamp":1777119649789,"type":"alerts","deviceId":"ESP32_GREENHOUSE_01","data":{"timestamp":1777119649789,"deviceId":"ESP32_GREENHOUSE_01","event":"Quiet","level":32,"raw":130,"diff":130,"message":"Quiet Level: 32"}}
{"timestamp":1777119655837,"type":"alerts","deviceId":"ESP32_GREENHOUSE_01","data":{"timestamp":1777119655837,"deviceId":"ESP32_GREENHOUSE_01","event":"Quiet","level":31,"raw":127,"diff":127,"message":"Quiet Level: 31"}}
{"timestamp":1777119661885,"type":"alerts","deviceId":"ESP32_GREENHOUSE_01","data":{"timestamp":1777119661885,"deviceId":"ESP32_GREENHOUSE_01","event":"Light Activity","level":54,"raw":216,"diff":216,"message":"Light Activity Level: 54"}}
{"timestamp":1777119663901,"type":"alerts","deviceId":"ESP32_GREENHOUSE_01","data":{"timestamp":1777119663901,"deviceId":"ESP32_GREENHOUSE_01","event":"Quiet","level":24,"raw":96,"diff":96,"message":"Quiet Level: 24"}}
{"timestamp":1777119669953,"type":"alerts","deviceId":"ESP32_GREENHOUSE_01","data":{"timestamp":1777119669953,"deviceId":"ESP32_GREENHOUSE_01","event":"Restless","level":176,"raw":705,"diff":705,"message":"Restless Level: 176"}}
{"timestamp":1777119671972,"type":"alerts","deviceId":"ESP32_GREENHOUSE_01","data":{"timestamp":1777119671971,"deviceId":"ESP32_GREENHOUSE_01","event":"Quiet","level":39,"raw":156,"diff":156,"message":"Quiet Level: 39"}}
{"timestamp":1777119678046,"type":"alerts","deviceId":"ESP32_GREENHOUSE_01","data":{"timestamp":1777119678045,"deviceId":"ESP32_GREENHOUSE_01","event":"Light Activity","level":51,"raw":205,"diff":205,"message":"Light Activity Level: 51"}}
{"timestamp":1777119680061,"type":"alerts","deviceId":"ESP32_GREENHOUSE_01","data":{"timestamp":1777119680061,"deviceId":"ESP32_GREENHOUSE_01","event":"Quiet","level":39,"raw":159,"diff":159,"message":"Quiet Level: 39"}}
{"timestamp":1777119686109,"type":"alerts","deviceId":"ESP32_GREENHOUSE_01","data":{"timestamp":1777119686109,"deviceId":"ESP32_GREENHOUSE_01","event":"Quiet","level":21,"raw":87,"diff":87,"message":"Quiet Level: 21"}}
{"timestamp":1777119692159,"type":"alerts","deviceId":"ESP32_GREENHOUSE_01","data":{"timestamp":1777119692159,"deviceId":"ESP32_GREENHOUSE_01","event":"Quiet","level":36,"raw":144,"diff":144,"message":"Quiet Level: 36"}}
{"timestamp":1777119694176,"type":"alerts","deviceId":"ESP32_GREENHOUSE_01","data":{"timestamp":1777119694176,"deviceId":"ESP32_GREENHOUSE_01","event":"Restless","level":59,"raw":239,"diff":239,"message":"Restless Level: 59"}}
{"timestamp":1777119700223,"type":"alerts","deviceId":"ESP32_GREENHOUSE_01","data":{"timestamp":1777119700223,"deviceId":"ESP32_GREENHOUSE_01","event":"Restless","level":63,"raw":252,"diff":252,"message":"Restless Level: 63"}}
{"timestamp":1777119702242,"type":"alerts","deviceId":"ESP32_GREENHOUSE_01","data":{"timestamp":1777119702242,"deviceId":"ESP32_GREENHOUSE_01","event":"Quiet","level":27,"raw":111,"diff":111,"message":"Quiet Level: 27"}}
{"timestamp":1777119704258,"type":"alerts","deviceId":"ESP32_GREENHOUSE_01","data":{"timestamp":1777119704258,"deviceId":"ESP32_GREENHOUSE_01","event":"CRYING","level":59,"raw":236,"diff":236,"message":"CRYING DETECTED! ⚠️ Level: 59"}}
{"timestamp":1777119708317,"type":"alerts","deviceId":"ESP32_GREENHOUSE_01","data":{"timestamp":1777119708317,"deviceId":"ESP32_GREENHOUSE_01","event":"Quiet","level":23,"raw":93,"diff":93,"message":"Quiet Level: 23"}}
{"timestamp":1777119712350,"type":"alerts","deviceId":"ESP32_GREENHOUSE_01","data":{"timestamp":1777119712350,"deviceId":"ESP32_GREENHOUSE_01","event":"Restless","level":63,"raw":253,"diff":253,"message":"Restless Level: 63"}}
{"timestamp":1777119714366,"type":"alerts","deviceId":"ESP32_GREENHOUSE_01","data":{"timestamp":1777119714366,"deviceId":"ESP32_GREENHOUSE_01","event":"Quiet","level":24,"raw":98,"diff":98,"message":"Quiet Level: 24"}}
{"timestamp":1777119716381,"type":"alerts","deviceId":"ESP32_GREENHOUSE_01","data":{"timestamp":1777119716381,"deviceId":"ESP32_GREENHOUSE_01","event":"Light Activity","level":45,"raw":181,"diff":181,"message":"Light Activity Level: 45"}}
{"timestamp":1777119722430,"type":"alerts","deviceId":"ESP32_GREENHOUSE_01","data":{"timestamp":1777119722429,"deviceId":"ESP32_GREENHOUSE_01","event":"Quiet","level":42,"raw":170,"diff":170,"message":"Quiet Level: 42"}}
{"timestamp":1777119728480,"type":"alerts","deviceId":"ESP32_GREENHOUSE_01","data":{"timestamp":1777119728480,"deviceId":"ESP32_GREENHOUSE_01","event":"Restless","level":60,"raw":241,"diff":241,"message":"Restless Level: 60"}}
{"timestamp":1777119730494,"type":"alerts","deviceId":"ESP32_GREENHOUSE_01","data":{"timestamp":1777119730493,"deviceId":"ESP32_GREENHOUSE_01","event":"CRYING","level":113,"raw":452,"diff":452,"message":"CRYING DETECTED! ⚠️ Level: 113"}}
{"timestamp":1777119734528,"type":"alerts","deviceId":"ESP32_GREENHOUSE_01","data":{"timestamp":1777119734528,"deviceId":"ESP32_GREENHOUSE_01","event":"Restless","level":61,"raw":246,"diff":246,"message":"Restless Level: 61"}}
{"timestamp":1777119736547,"type":"alerts","deviceId":"ESP32_GREENHOUSE_01","data":{"timestamp":1777119736547,"deviceId":"ESP32_GREENHOUSE_01","event":"Light Activity","level":54,"raw":219,"diff":219,"message":"Light Activity Level: 54"}}
{"timestamp":1777119740606,"type":"alerts","deviceId":"ESP32_GREENHOUSE_01","data":{"timestamp":1777119740606,"deviceId":"ESP32_GREENHOUSE_01","event":"Quiet","level":29,"raw":119,"diff":119,"message":"Quiet Level: 29"}}
{"timestamp":1777119742622,"type":"alerts","deviceId":"ESP32_GREENHOUSE_01","data":{"timestamp":1777119742622,"deviceId":"ESP32_GREENHOUSE_01","event":"Light Activity","level":47,"raw":190,"diff":190,"message":"Light Activity Level: 47"}}
{"timestamp":1777119748670,"type":"alerts","deviceId":"ESP32_GREENHOUSE_01","data":{"timestamp":1777119748669,"deviceId":"ESP32_GREENHOUSE_01","event":"Quiet","level":30,"raw":120,"diff":120,"message":"Quiet Level: 30"}}
{"timestamp":1777119754718,"type":"alerts","deviceId":"ESP32_GREENHOUSE_01","data":{"timestamp":1777119754718,"deviceId":"ESP32_GREENHOUSE_01","event":"Quiet","level":38,"raw":155,"diff":155,"message":"Quiet Level: 38"}}
{"timestamp":1777119760766,"type":"alerts","deviceId":"ESP32_GREENHOUSE_01","data":{"timestamp":1777119760766,"deviceId":"ESP32_GREENHOUSE_01","event":"Quiet","level":31,"raw":125,"diff":125,"message":"Quiet Level: 31"}}
{"timestamp":1777119766817,"type":"alerts","deviceId":"ESP32_GREENHOUSE_01","data":{"timestamp":1777119766816,"deviceId":"ESP32_GREENHOUSE_01","event":"Quiet","level":39,"raw":157,"diff":157,"message":"Quiet Level: 39"}}
{"timestamp":1777119772894,"type":"alerts","deviceId":"ESP32_GREENHOUSE_01","data":{"timestamp":1777119772894,"deviceId":"ESP32_GREENHOUSE_01","event":"Quiet","level":26,"raw":107,"diff":107,"message":"Quiet Level: 26"}}
{"timestamp":1777119778942,"type":"alerts","deviceId":"ESP32_GREENHOUSE_01","data":{"timestamp":1777119778942,"deviceId":"ESP32_GREENHOUSE_01","event":"Quiet","level":26,"raw":105,"diff":105,"message":"Quiet Level: 26"}}
{"timestamp":1777119784990,"type":"alerts","deviceId":"ESP32_GREENHOUSE_01","data":{"timestamp":1777119784990,"deviceId":"ESP32_GREENHOUSE_01","event":"Quiet","level":30,"raw":123,"diff":123,"message":"Quiet Level: 30"}}
{"timestamp":1777119791038,"type":"alerts","deviceId":"ESP32_GREENHOUSE_01","data":{"timestamp":1777119791038,"deviceId":"ESP32_GREENHOUSE_01","event":"Quiet","level":41,"raw":164,"diff":164,"message":"Quiet Level: 41"}}
{"timestamp":1777119797090,"type":"alerts","deviceId":"ESP32_GREENHOUSE_01","data":{"timestamp":1777119797090,"deviceId":"ESP32_GREENHOUSE_01","event":"Quiet","level":35,"raw":140,"diff":140,"message":"Quiet Level: 35"}}
{"timestamp":1777119799106,"type":"alerts","deviceId":"ESP32_GREENHOUSE_01","data":{"timestamp":1777119799106,"deviceId":"ESP32_GREENHOUSE_01","event":"Light Activity","level":50,"raw":200,"diff":200,"message":"Light Activity Level: 50"}}
{"timestamp":1777119805182,"type":"alerts","deviceId":"ESP32_GREENHOUSE_01","data":{"timestamp":1777119805182,"deviceId":"ESP32_GREENHOUSE_01","event":"Quiet","level":41,"raw":167,"diff":167,"message":"Quiet Level: 41"}}
{"timestamp":1777119807199,"type":"alerts","deviceId":"ESP32_GREENHOUSE_01","data":{"timestamp":1777119807199,"deviceId":"ESP32_GREENHOUSE_01","event":"Light Activity","level":58,"raw":233,"diff":233,"message":"Light Activity Level: 58"}}
{"timestamp":1777119811230,"type":"alerts","deviceId":"ESP32_GREENHOUSE_01","data":{"timestamp":1777119811230,"deviceId":"ESP32_GREENHOUSE_01","event":"Restless","level":59,"raw":239,"diff":239,"message":"Restless Level: 59"}}
{"timestamp":1777119813246,"type":"alerts","deviceId":"ESP32_GREENHOUSE_01","data":{"timestamp":1777119813246,"deviceId":"ESP32_GREENHOUSE_01","event":"CRYING","level":59,"raw":238,"diff":238,"message":"CRYING DETECTED! ⚠️ Level: 59"}}
{"timestamp":1777119815262,"type":"alerts","deviceId":"ESP32_GREENHOUSE_01","data":{"timestamp":1777119815262,"deviceId":"ESP32_GREENHOUSE_01","event":"Light Activity","level":44,"raw":179,"diff":179,"message":"Light Activity Level: 44"}}
{"timestamp":1777119821310,"type":"alerts","deviceId":"ESP32_GREENHOUSE_01","data":{"timestamp":1777119821310,"deviceId":"ESP32_GREENHOUSE_01","event":"Quiet","level":33,"raw":132,"diff":132,"message":"Quiet Level: 33"}}
{"timestamp":1777119825343,"type":"alerts","deviceId":"ESP32_GREENHOUSE_01","data":{"timestamp":1777119825343,"deviceId":"ESP32_GREENHOUSE_01","event":"Light Activity","level":44,"raw":178,"diff":178,"message":"Light Activity Level: 44"}}
{"timestamp":1777119827358,"type":"alerts","deviceId":"ESP32_GREENHOUSE_01","data":{"timestamp":1777119827358,"deviceId":"ESP32_GREENHOUSE_01","event":"Quiet","level":33,"raw":133,"diff":133,"message":"Quiet Level: 33"}}
{"timestamp":1777119829376,"type":"alerts","deviceId":"ESP32_GREENHOUSE_01","data":{"timestamp":1777119829376,"deviceId":"ESP32_GREENHOUSE_01","event":"CRYING","level":99,"raw":396,"diff":396,"message":"CRYING DETECTED! ⚠️ Level: 99"}}
{"timestamp":1777119833412,"type":"alerts","deviceId":"ESP32_GREENHOUSE_01","data":{"timestamp":1777119833412,"deviceId":"ESP32_GREENHOUSE_01","event":"Restless","level":63,"raw":255,"diff":255,"message":"Restless Level: 63"}}
{"timestamp":1777119837470,"type":"alerts","deviceId":"ESP32_GREENHOUSE_01","data":{"timestamp":1777119837470,"deviceId":"ESP32_GREENHOUSE_01","event":"Light Activity","level":45,"raw":183,"diff":183,"message":"Light Activity Level: 45"}}
{"timestamp":1777119839486,"type":"alerts","deviceId":"ESP32_GREENHOUSE_01","data":{"timestamp":1777119839486,"deviceId":"ESP32_GREENHOUSE_01","event":"Quiet","level":31,"raw":127,"diff":127,"message":"Quiet Level: 31"}}
{"timestamp":1777119845534,"type":"alerts","deviceId":"ESP32_GREENHOUSE_01","data":{"timestamp":1777119845534,"deviceId":"ESP32_GREENHOUSE_01","event":"Quiet","level":16,"raw":66,"diff":66,"message":"Quiet Level: 16"}}
{"timestamp":1777119849567,"type":"alerts","deviceId":"ESP32_GREENHOUSE_01","data":{"timestamp":1777119849567,"deviceId":"ESP32_GREENHOUSE_01","event":"Light Activity","level":49,"raw":197,"diff":197,"message":"Light Activity Level: 49"}}
{"timestamp":1777119851582,"type":"alerts","deviceId":"ESP32_GREENHOUSE_01","data":{"timestamp":1777119851582,"deviceId":"ESP32_GREENHOUSE_01","event":"Quiet","level":22,"raw":90,"diff":90,"message":"Quiet Level: 22"}}
{"timestamp":1777119857630,"type":"alerts","deviceId":"ESP32_GREENHOUSE_01","data":{"timestamp":1777119857630,"deviceId":"ESP32_GREENHOUSE_01","event":"Quiet","level":32,"raw":128,"diff":128,"message":"Quiet Level: 32"}}
{"timestamp":1777119863682,"type":"alerts","deviceId":"ESP32_GREENHOUSE_01","data":{"timestamp":1777119863682,"deviceId":"ESP32_GREENHOUSE_01","event":"Quiet","level":22,"raw":88,"diff":88,"message":"Quiet Level: 22"}}
{"timestamp":1777119867718,"type":"alerts","deviceId":"ESP32_GREENHOUSE_01","data":{"timestamp":1777119867718,"deviceId":"ESP32_GREENHOUSE_01","event":"Light Activity","level":53,"raw":215,"diff":215,"message":"Light Activity Level: 53"}}
{"timestamp":1777119869758,"type":"alerts","deviceId":"ESP32_GREENHOUSE_01","data":{"timestamp":1777119869758,"deviceId":"ESP32_GREENHOUSE_01","event":"Quiet","level":18,"raw":73,"diff":73,"message":"Quiet Level: 18"}}
{"timestamp":1777119873790,"type":"alerts","deviceId":"ESP32_GREENHOUSE_01","data":{"timestamp":1777119873790,"deviceId":"ESP32_GREENHOUSE_01","event":"Light Activity","level":47,"raw":189,"diff":189,"message":"Light Activity Level: 47"}}
{"timestamp":1777119875808,"type":"alerts","deviceId":"ESP32_GREENHOUSE_01","data":{"timestamp":1777119875808,"deviceId":"ESP32_GREENHOUSE_01","event":"Quiet","level":41,"raw":164,"diff":164,"message":"Quiet Level: 41"}}
{"timestamp":1777119881854,"type":"alerts","deviceId":"ESP32_GREENHOUSE_01","data":{"timestamp":1777119881854,"deviceId":"ESP32_GREENHOUSE_01","event":"Quiet","level":19,"raw":76,"diff":76,"message":"Quiet Level: 19"}}
{"timestamp":1777119887904,"type":"alerts","deviceId":"ESP32_GREENHOUSE_01","data":{"timestamp":1777119887904,"deviceId":"ESP32_GREENHOUSE_01","event":"Quiet","level":42,"raw":169,"diff":169,"message":"Quiet Level: 42"}}
{"timestamp":1777119893954,"type":"alerts","deviceId":"ESP32_GREENHOUSE_01","data":{"timestamp":1777119893954,"deviceId":"ESP32_GREENHOUSE_01","event":"Quiet","level":27,"raw":111,"diff":111,"message":"Quiet Level: 27"}}
{"timestamp":1777119900006,"type":"alerts","deviceId":"ESP32_GREENHOUSE_01","data":{"timestamp":1777119900006,"deviceId":"ESP32_GREENHOUSE_01","event":"Quiet","level":26,"raw":106,"diff":106,"message":"Quiet Level: 26"}}
{"timestamp":1777119906078,"type":"alerts","deviceId":"ESP32_GREENHOUSE_01","data":{"timestamp":1777119906078,"deviceId":"ESP32_GREENHOUSE_01","event":"Quiet","level":25,"raw":100,"diff":100,"message":"Quiet Level: 25"}}
{"timestamp":1777119912128,"type":"alerts","deviceId":"ESP32_GREENHOUSE_01","data":{"timestamp":1777119912128,"deviceId":"ESP32_GREENHOUSE_01","event":"Quiet","level":25,"raw":100,"diff":100,"message":"Quiet Level: 25"}}
{"timestamp":1777119914143,"type":"alerts","deviceId":"ESP32_GREENHOUSE_01","data":{"timestamp":1777119914143,"deviceId":"ESP32_GREENHOUSE_01","event":"Light Activity","level":47,"raw":189,"diff":189,"message":"Light Activity Level: 47"}}
{"timestamp":1777119918175,"type":"alerts","deviceId":"ESP32_GREENHOUSE_01","data":{"timestamp":1777119918175,"deviceId":"ESP32_GREENHOUSE_01","event":"Quiet","level":29,"raw":116,"diff":116,"message":"Quiet Level: 29"}}
{"timestamp":1777119924223,"type":"alerts","deviceId":"ESP32_GREENHOUSE_01","data":{"timestamp":1777119924223,"deviceId":"ESP32_GREENHOUSE_01","event":"Quiet","level":25,"raw":103,"diff":103,"message":"Quiet Level: 25"}}
{"timestamp":1777119928259,"type":"alerts","deviceId":"ESP32_GREENHOUSE_01","data":{"timestamp":1777119928259,"deviceId":"ESP32_GREENHOUSE_01","event":"Light Activity","level":50,"raw":200,"diff":200,"message":"Light Activity Level: 50"}}
{"timestamp":1777119932295,"type":"alerts","deviceId":"ESP32_GREENHOUSE_01","data":{"timestamp":1777119932295,"deviceId":"ESP32_GREENHOUSE_01","event":"Quiet","level":23,"raw":92,"diff":92,"message":"Quiet Level: 23"}}
{"timestamp":1777119938367,"type":"alerts","deviceId":"ESP32_GREENHOUSE_01","data":{"timestamp":1777119938367,"deviceId":"ESP32_GREENHOUSE_01","event":"Quiet","level":19,"raw":78,"diff":78,"message":"Quiet Level: 19"}}
{"timestamp":1777119944415,"type":"alerts","deviceId":"ESP32_GREENHOUSE_01","data":{"timestamp":1777119944415,"deviceId":"ESP32_GREENHOUSE_01","event":"Quiet","level":31,"raw":126,"diff":126,"message":"Quiet Level: 31"}}
{"timestamp":1777119950463,"type":"alerts","deviceId":"ESP32_GREENHOUSE_01","data":{"timestamp":1777119950463,"deviceId":"ESP32_GREENHOUSE_01","event":"Quiet","level":22,"raw":90,"diff":90,"message":"Quiet Level: 22"}}
{"timestamp":1777119956511,"type":"alerts","deviceId":"ESP32_GREENHOUSE_01","data":{"timestamp":1777119956511,"deviceId":"ESP32_GREENHOUSE_01","event":"Quiet","level":40,"raw":162,"diff":162,"message":"Quiet Level: 40"}}
{"timestamp":1777119962569,"type":"alerts","deviceId":"ESP32_GREENHOUSE_01","data":{"timestamp":1777119962569,"deviceId":"ESP32_GREENHOUSE_01","event":"Light Activity","level":50,"raw":201,"diff":201,"message":"Light Activity Level: 50"}}
{"timestamp":1777119964583,"type":"alerts","deviceId":"ESP32_GREENHOUSE_01","data":{"timestamp":1777119964583,"deviceId":"ESP32_GREENHOUSE_01","event":"Quiet","level":29,"raw":119,"diff":119,"message":"Quiet Level: 29"}}
{"timestamp":1777119970657,"type":"alerts","deviceId":"ESP32_GREENHOUSE_01","data":{"timestamp":1777119970657,"deviceId":"ESP32_GREENHOUSE_01","event":"Quiet","level":22,"raw":90,"diff":90,"message":"Quiet Level: 22"}}
{"timestamp":1777119976703,"type":"alerts","deviceId":"ESP32_GREENHOUSE_01","data":{"timestamp":1777119976703,"deviceId":"ESP32_GREENHOUSE_01","event":"Quiet","level":22,"raw":90,"diff":90,"message":"Quiet Level: 22"}}
{"timestamp":1777119980738,"type":"alerts","deviceId":"ESP32_GREENHOUSE_01","data":{"timestamp":1777119980738,"deviceId":"ESP32_GREENHOUSE_01","event":"Light Activity","level":44,"raw":179,"diff":179,"message":"Light Activity Level: 44"}}
{"timestamp":1777119982752,"type":"alerts","deviceId":"ESP32_GREENHOUSE_01","data":{"timestamp":1777119982751,"deviceId":"ESP32_GREENHOUSE_01","event":"Quiet","level":33,"raw":133,"diff":133,"message":"Quiet Level: 33"}}
{"timestamp":1777119988799,"type":"alerts","deviceId":"ESP32_GREENHOUSE_01","data":{"timestamp":1777119988799,"deviceId":"ESP32_GREENHOUSE_01","event":"Quiet","level":28,"raw":112,"diff":112,"message":"Quiet Level: 28"}}
{"timestamp":1777119994854,"type":"alerts","deviceId":"ESP32_GREENHOUSE_01","data":{"timestamp":1777119994854,"deviceId":"ESP32_GREENHOUSE_01","event":"Quiet","level":25,"raw":101,"diff":101,"message":"Quiet Level: 25"}}
{"timestamp":1777120000928,"type":"alerts","deviceId":"ESP32_GREENHOUSE_01","data":{"timestamp":1777120000928,"deviceId":"ESP32_GREENHOUSE_01","event":"Quiet","level":22,"raw":91,"diff":91,"message":"Quiet Level: 22"}}
{"timestamp":1777120006975,"type":"alerts","deviceId":"ESP32_GREENHOUSE_01","data":{"timestamp":1777120006975,"deviceId":"ESP32_GREENHOUSE_01","event":"Quiet","level":25,"raw":103,"diff":103,"message":"Quiet Level: 25"}}
{"timestamp":1777120013023,"type":"alerts","deviceId":"ESP32_GREENHOUSE_01","data":{"timestamp":1777120013023,"deviceId":"ESP32_GREENHOUSE_01","event":"Quiet","level":24,"raw":99,"diff":99,"message":"Quiet Level: 24"}}
{"timestamp":1777120019073,"type":"alerts","deviceId":"ESP32_GREENHOUSE_01","data":{"timestamp":1777120019073,"deviceId":"ESP32_GREENHOUSE_01","event":"Quiet","level":33,"raw":135,"diff":135,"message":"Quiet Level: 33"}}
{"timestamp":1777120023105,"type":"alerts","deviceId":"ESP32_GREENHOUSE_01","data":{"timestamp":1777120023105,"deviceId":"ESP32_GREENHOUSE_01","event":"Light Activity","level":52,"raw":209,"diff":209,"message":"Light Activity Level: 52"}}
{"timestamp":1777120025125,"type":"alerts","deviceId":"ESP32_GREENHOUSE_01","data":{"timestamp":1777120025125,"deviceId":"ESP32_GREENHOUSE_01","event":"Restless","level":59,"raw":239,"diff":239,"message":"Restless Level: 59"}}
{"timestamp":1777120029161,"type":"alerts","deviceId":"ESP32_GREENHOUSE_01","data":{"timestamp":1777120029161,"deviceId":"ESP32_GREENHOUSE_01","event":"Light Activity","level":51,"raw":204,"diff":204,"message":"Light Activity Level: 51"}}
{"timestamp":1777120033216,"type":"alerts","deviceId":"ESP32_GREENHOUSE_01","data":{"timestamp":1777120033216,"deviceId":"ESP32_GREENHOUSE_01","event":"Quiet","level":39,"raw":156,"diff":156,"message":"Quiet Level: 39"}}
{"timestamp":1777120035232,"type":"alerts","deviceId":"ESP32_GREENHOUSE_01","data":{"timestamp":1777120035232,"deviceId":"ESP32_GREENHOUSE_01","event":"Restless","level":61,"raw":247,"diff":247,"message":"Restless Level: 61"}}
{"timestamp":1777120037248,"type":"alerts","deviceId":"ESP32_GREENHOUSE_01","data":{"timestamp":1777120037248,"deviceId":"ESP32_GREENHOUSE_01","event":"CRYING","level":67,"raw":270,"diff":270,"message":"CRYING DETECTED! ⚠️ Level: 67"}}
{"timestamp":1777120041280,"type":"alerts","deviceId":"ESP32_GREENHOUSE_01","data":{"timestamp":1777120041280,"deviceId":"ESP32_GREENHOUSE_01","event":"Restless","level":60,"raw":240,"diff":240,"message":"Restless Level: 60"}}
{"timestamp":1777120043296,"type":"alerts","deviceId":"ESP32_GREENHOUSE_01","data":{"timestamp":1777120043296,"deviceId":"ESP32_GREENHOUSE_01","event":"Quiet","level":41,"raw":166,"diff":166,"message":"Quiet Level: 41"}}
{"timestamp":1777120045312,"type":"alerts","deviceId":"ESP32_GREENHOUSE_01","data":{"timestamp":1777120045312,"deviceId":"ESP32_GREENHOUSE_01","event":"Light Activity","level":53,"raw":215,"diff":215,"message":"Light Activity Level: 53"}}
{"timestamp":1777120047328,"type":"alerts","deviceId":"ESP32_GREENHOUSE_01","data":{"timestamp":1777120047327,"deviceId":"ESP32_GREENHOUSE_01","event":"CRYING","level":84,"raw":339,"diff":339,"message":"CRYING DETECTED! ⚠️ Level: 84"}}
{"timestamp":1777120049345,"type":"alerts","deviceId":"ESP32_GREENHOUSE_01","data":{"timestamp":1777120049345,"deviceId":"ESP32_GREENHOUSE_01","event":"Restless","level":65,"raw":263,"diff":263,"message":"Restless Level: 65"}}
{"timestamp":1777120055393,"type":"alerts","deviceId":"ESP32_GREENHOUSE_01","data":{"timestamp":1777120055393,"deviceId":"ESP32_GREENHOUSE_01","event":"Quiet","level":20,"raw":80,"diff":80,"message":"Quiet Level: 20"}}
{"timestamp":1777120057412,"type":"alerts","deviceId":"ESP32_GREENHOUSE_01","data":{"timestamp":1777120057412,"deviceId":"ESP32_GREENHOUSE_01","event":"Restless","level":62,"raw":249,"diff":249,"message":"Restless Level: 62"}}
{"timestamp":1777120059429,"type":"alerts","deviceId":"ESP32_GREENHOUSE_01","data":{"timestamp":1777120059429,"deviceId":"ESP32_GREENHOUSE_01","event":"Light Activity","level":44,"raw":176,"diff":176,"message":"Light Activity Level: 44"}}
{"timestamp":1777120061448,"type":"alerts","deviceId":"ESP32_GREENHOUSE_01","data":{"timestamp":1777120061447,"deviceId":"ESP32_GREENHOUSE_01","event":"Quiet","level":36,"raw":146,"diff":146,"message":"Quiet Level: 36"}}
{"timestamp":1777120067520,"type":"alerts","deviceId":"ESP32_GREENHOUSE_01","data":{"timestamp":1777120067519,"deviceId":"ESP32_GREENHOUSE_01","event":"Quiet","level":33,"raw":133,"diff":133,"message":"Quiet Level: 33"}}
{"timestamp":1777120069537,"type":"alerts","deviceId":"ESP32_GREENHOUSE_01","data":{"timestamp":1777120069536,"deviceId":"ESP32_GREENHOUSE_01","event":"Light Activity","level":50,"raw":200,"diff":200,"message":"Light Activity Level: 50"}}
{"timestamp":1777120073569,"type":"alerts","deviceId":"ESP32_GREENHOUSE_01","data":{"timestamp":1777120073569,"deviceId":"ESP32_GREENHOUSE_01","event":"Quiet","level":38,"raw":153,"diff":153,"message":"Quiet Level: 38"}}
{"timestamp":1777120079616,"type":"alerts","deviceId":"ESP32_GREENHOUSE_01","data":{"timestamp":1777120079616,"deviceId":"ESP32_GREENHOUSE_01","event":"Quiet","level":33,"raw":134,"diff":134,"message":"Quiet Level: 33"}}
{"timestamp":1777120085664,"type":"alerts","deviceId":"ESP32_GREENHOUSE_01","data":{"timestamp":1777120085664,"deviceId":"ESP32_GREENHOUSE_01","event":"Quiet","level":21,"raw":84,"diff":84,"message":"Quiet Level: 21"}}
{"timestamp":1777120089701,"type":"alerts","deviceId":"ESP32_GREENHOUSE_01","data":{"timestamp":1777120089700,"deviceId":"ESP32_GREENHOUSE_01","event":"Light Activity","level":44,"raw":178,"diff":178,"message":"Light Activity Level: 44"}}
{"timestamp":1777120091718,"type":"alerts","deviceId":"ESP32_GREENHOUSE_01","data":{"timestamp":1777120091718,"deviceId":"ESP32_GREENHOUSE_01","event":"Quiet","level":27,"raw":110,"diff":110,"message":"Quiet Level: 27"}}
{"timestamp":1777120097792,"type":"alerts","deviceId":"ESP32_GREENHOUSE_01","data":{"timestamp":1777120097792,"deviceId":"ESP32_GREENHOUSE_01","event":"Quiet","level":34,"raw":136,"diff":136,"message":"Quiet Level: 34"}}
{"timestamp":1777120103840,"type":"alerts","deviceId":"ESP32_GREENHOUSE_01","data":{"timestamp":1777120103840,"deviceId":"ESP32_GREENHOUSE_01","event":"Quiet","level":35,"raw":140,"diff":140,"message":"Quiet Level: 35"}}
{"timestamp":1777120109888,"type":"alerts","deviceId":"ESP32_GREENHOUSE_01","data":{"timestamp":1777120109888,"deviceId":"ESP32_GREENHOUSE_01","event":"Quiet","level":36,"raw":147,"diff":147,"message":"Quiet Level: 36"}}
{"timestamp":1777120115936,"type":"alerts","deviceId":"ESP32_GREENHOUSE_01","data":{"timestamp":1777120115936,"deviceId":"ESP32_GREENHOUSE_01","event":"Quiet","level":23,"raw":94,"diff":94,"message":"Quiet Level: 23"}}
{"timestamp":1777120121989,"type":"alerts","deviceId":"ESP32_GREENHOUSE_01","data":{"timestamp":1777120121989,"deviceId":"ESP32_GREENHOUSE_01","event":"Quiet","level":24,"raw":98,"diff":98,"message":"Quiet Level: 24"}}
{"timestamp":1777120128067,"type":"alerts","deviceId":"ESP32_GREENHOUSE_01","data":{"timestamp":1777120128067,"deviceId":"ESP32_GREENHOUSE_01","event":"Quiet","level":27,"raw":108,"diff":108,"message":"Quiet Level: 27"}}
{"timestamp":1777120134112,"type":"alerts","deviceId":"ESP32_GREENHOUSE_01","data":{"timestamp":1777120134112,"deviceId":"ESP32_GREENHOUSE_01","event":"Quiet","level":36,"raw":146,"diff":146,"message":"Quiet Level: 36"}}
{"timestamp":1777120136130,"type":"alerts","deviceId":"ESP32_GREENHOUSE_01","data":{"timestamp":1777120136130,"deviceId":"ESP32_GREENHOUSE_01","event":"Restless","level":61,"raw":244,"diff":244,"message":"Restless Level: 61"}}
{"timestamp":1777120138144,"type":"alerts","deviceId":"ESP32_GREENHOUSE_01","data":{"timestamp":1777120138144,"deviceId":"ESP32_GREENHOUSE_01","event":"Light Activity","level":57,"raw":231,"diff":231,"message":"Light Activity Level: 57"}}
{"timestamp":1777120140161,"type":"alerts","deviceId":"ESP32_GREENHOUSE_01","data":{"timestamp":1777120140160,"deviceId":"ESP32_GREENHOUSE_01","event":"Quiet","level":40,"raw":161,"diff":161,"message":"Quiet Level: 40"}}
{"timestamp":1777120146208,"type":"alerts","deviceId":"ESP32_GREENHOUSE_01","data":{"timestamp":1777120146208,"deviceId":"ESP32_GREENHOUSE_01","event":"Quiet","level":17,"raw":69,"diff":69,"message":"Quiet Level: 17"}}
{"timestamp":1777120150241,"type":"alerts","deviceId":"ESP32_GREENHOUSE_01","data":{"timestamp":1777120150241,"deviceId":"ESP32_GREENHOUSE_01","event":"Light Activity","level":45,"raw":183,"diff":183,"message":"Light Activity Level: 45"}}
{"timestamp":1777120152259,"type":"alerts","deviceId":"ESP32_GREENHOUSE_01","data":{"timestamp":1777120152259,"deviceId":"ESP32_GREENHOUSE_01","event":"Quiet","level":26,"raw":104,"diff":104,"message":"Quiet Level: 26"}}
{"timestamp":1777120158313,"type":"alerts","deviceId":"ESP32_GREENHOUSE_01","data":{"timestamp":1777120158313,"deviceId":"ESP32_GREENHOUSE_01","event":"Quiet","level":38,"raw":155,"diff":155,"message":"Quiet Level: 38"}}
{"timestamp":1777120164384,"type":"alerts","deviceId":"ESP32_GREENHOUSE_01","data":{"timestamp":1777120164384,"deviceId":"ESP32_GREENHOUSE_01","event":"Light Activity","level":49,"raw":198,"diff":198,"message":"Light Activity Level: 49"}}
{"timestamp":1777120166401,"type":"alerts","deviceId":"ESP32_GREENHOUSE_01","data":{"timestamp":1777120166401,"deviceId":"ESP32_GREENHOUSE_01","event":"Quiet","level":28,"raw":112,"diff":112,"message":"Quiet Level: 28"}}
{"timestamp":1777120172449,"type":"alerts","deviceId":"ESP32_GREENHOUSE_01","data":{"timestamp":1777120172448,"deviceId":"ESP32_GREENHOUSE_01","event":"Quiet","level":32,"raw":128,"diff":128,"message":"Quiet Level: 32"}}
{"timestamp":1777120174465,"type":"alerts","deviceId":"ESP32_GREENHOUSE_01","data":{"timestamp":1777120174465,"deviceId":"ESP32_GREENHOUSE_01","event":"Light Activity","level":46,"raw":184,"diff":184,"message":"Light Activity Level: 46"}}
{"timestamp":1777120178497,"type":"alerts","deviceId":"ESP32_GREENHOUSE_01","data":{"timestamp":1777120178497,"deviceId":"ESP32_GREENHOUSE_01","event":"Quiet","level":42,"raw":171,"diff":171,"message":"Quiet Level: 42"}}
{"timestamp":1777120182529,"type":"alerts","deviceId":"ESP32_GREENHOUSE_01","data":{"timestamp":1777120182529,"deviceId":"ESP32_GREENHOUSE_01","event":"Light Activity","level":46,"raw":186,"diff":186,"message":"Light Activity Level: 46"}}
{"timestamp":1777120184548,"type":"alerts","deviceId":"ESP32_GREENHOUSE_01","data":{"timestamp":1777120184548,"deviceId":"ESP32_GREENHOUSE_01","event":"Quiet","level":21,"raw":85,"diff":85,"message":"Quiet Level: 21"}}
{"timestamp":1777120188583,"type":"alerts","deviceId":"ESP32_GREENHOUSE_01","data":{"timestamp":1777120188583,"deviceId":"ESP32_GREENHOUSE_01","event":"Light Activity","level":44,"raw":176,"diff":176,"message":"Light Activity Level: 44"}}
{"timestamp":1777120190602,"type":"alerts","deviceId":"ESP32_GREENHOUSE_01","data":{"timestamp":1777120190601,"deviceId":"ESP32_GREENHOUSE_01","event":"Quiet","level":32,"raw":131,"diff":131,"message":"Quiet Level: 32"}}
{"timestamp":1777120196672,"type":"alerts","deviceId":"ESP32_GREENHOUSE_01","data":{"timestamp":1777120196672,"deviceId":"ESP32_GREENHOUSE_01","event":"Quiet","level":29,"raw":118,"diff":118,"message":"Quiet Level: 29"}}
{"timestamp":1777120202721,"type":"alerts","deviceId":"ESP32_GREENHOUSE_01","data":{"timestamp":1777120202720,"deviceId":"ESP32_GREENHOUSE_01","event":"Quiet","level":18,"raw":73,"diff":73,"message":"Quiet Level: 18"}}
{"timestamp":1777120208769,"type":"alerts","deviceId":"ESP32_GREENHOUSE_01","data":{"timestamp":1777120208769,"deviceId":"ESP32_GREENHOUSE_01","event":"Quiet","level":20,"raw":81,"diff":81,"message":"Quiet Level: 20"}}
{"timestamp":1777120214817,"type":"alerts","deviceId":"ESP32_GREENHOUSE_01","data":{"timestamp":1777120214817,"deviceId":"ESP32_GREENHOUSE_01","event":"Quiet","level":33,"raw":132,"diff":132,"message":"Quiet Level: 33"}}
{"timestamp":1777120220870,"type":"alerts","deviceId":"ESP32_GREENHOUSE_01","data":{"timestamp":1777120220870,"deviceId":"ESP32_GREENHOUSE_01","event":"Quiet","level":16,"raw":67,"diff":67,"message":"Quiet Level: 16"}}
{"timestamp":1777120226946,"type":"alerts","deviceId":"ESP32_GREENHOUSE_01","data":{"timestamp":1777120226946,"deviceId":"ESP32_GREENHOUSE_01","event":"Quiet","level":27,"raw":111,"diff":111,"message":"Quiet Level: 27"}}
{"timestamp":1777120232993,"type":"alerts","deviceId":"ESP32_GREENHOUSE_01","data":{"timestamp":1777120232993,"deviceId":"ESP32_GREENHOUSE_01","event":"Quiet","level":30,"raw":123,"diff":123,"message":"Quiet Level: 30"}}
{"timestamp":1777120239041,"type":"alerts","deviceId":"ESP32_GREENHOUSE_01","data":{"timestamp":1777120239041,"deviceId":"ESP32_GREENHOUSE_01","event":"Quiet","level":30,"raw":121,"diff":121,"message":"Quiet Level: 30"}}
{"timestamp":1777120245091,"type":"alerts","deviceId":"ESP32_GREENHOUSE_01","data":{"timestamp":1777120245091,"deviceId":"ESP32_GREENHOUSE_01","event":"Light Activity","level":47,"raw":190,"diff":190,"message":"Light Activity Level: 47"}}
{"timestamp":1777120247106,"type":"alerts","deviceId":"ESP32_GREENHOUSE_01","data":{"timestamp":1777120247105,"deviceId":"ESP32_GREENHOUSE_01","event":"Quiet","level":31,"raw":125,"diff":125,"message":"Quiet Level: 31"}}
{"timestamp":1777120249124,"type":"alerts","deviceId":"ESP32_GREENHOUSE_01","data":{"timestamp":1777120249124,"deviceId":"ESP32_GREENHOUSE_01","event":"Restless","level":70,"raw":280,"diff":280,"message":"Restless Level: 70"}}
{"timestamp":1777120253162,"type":"alerts","deviceId":"ESP32_GREENHOUSE_01","data":{"timestamp":1777120253162,"deviceId":"ESP32_GREENHOUSE_01","event":"Light Activity","level":44,"raw":179,"diff":179,"message":"Light Activity Level: 44"}}
{"timestamp":1777120255178,"type":"alerts","deviceId":"ESP32_GREENHOUSE_01","data":{"timestamp":1777120255178,"deviceId":"ESP32_GREENHOUSE_01","event":"Quiet","level":38,"raw":153,"diff":153,"message":"Quiet Level: 38"}}
{"timestamp":1777120261250,"type":"alerts","deviceId":"ESP32_GREENHOUSE_01","data":{"timestamp":1777120261250,"deviceId":"ESP32_GREENHOUSE_01","event":"Quiet","level":34,"raw":138,"diff":138,"message":"Quiet Level: 34"}}
{"timestamp":1777120267297,"type":"alerts","deviceId":"ESP32_GREENHOUSE_01","data":{"timestamp":1777120267297,"deviceId":"ESP32_GREENHOUSE_01","event":"Quiet","level":24,"raw":97,"diff":97,"message":"Quiet Level: 24"}}
{"timestamp":1777120273345,"type":"alerts","deviceId":"ESP32_GREENHOUSE_01","data":{"timestamp":1777120273345,"deviceId":"ESP32_GREENHOUSE_01","event":"Quiet","level":19,"raw":78,"diff":78,"message":"Quiet Level: 19"}}
{"timestamp":1777120279395,"type":"alerts","deviceId":"ESP32_GREENHOUSE_01","data":{"timestamp":1777120279395,"deviceId":"ESP32_GREENHOUSE_01","event":"Quiet","level":24,"raw":97,"diff":97,"message":"Quiet Level: 24"}}
{"timestamp":1777120285448,"type":"alerts","deviceId":"ESP32_GREENHOUSE_01","data":{"timestamp":1777120285448,"deviceId":"ESP32_GREENHOUSE_01","event":"Quiet","level":23,"raw":95,"diff":95,"message":"Quiet Level: 23"}}
{"timestamp":1777120291523,"type":"alerts","deviceId":"ESP32_GREENHOUSE_01","data":{"timestamp":1777120291523,"deviceId":"ESP32_GREENHOUSE_01","event":"Quiet","level":38,"raw":154,"diff":154,"message":"Quiet Level: 38"}}
{"timestamp":1777120297570,"type":"alerts","deviceId":"ESP32_GREENHOUSE_01","data":{"timestamp":1777120297570,"deviceId":"ESP32_GREENHOUSE_01","event":"Quiet","level":20,"raw":83,"diff":83,"message":"Quiet Level: 20"}}
{"timestamp":1777120303617,"type":"alerts","deviceId":"ESP32_GREENHOUSE_01","data":{"timestamp":1777120303617,"deviceId":"ESP32_GREENHOUSE_01","event":"Quiet","level":25,"raw":103,"diff":103,"message":"Quiet Level: 25"}}
{"timestamp":1777120309666,"type":"alerts","deviceId":"ESP32_GREENHOUSE_01","data":{"timestamp":1777120309665,"deviceId":"ESP32_GREENHOUSE_01","event":"Quiet","level":23,"raw":95,"diff":95,"message":"Quiet Level: 23"}}
{"timestamp":1777120313703,"type":"alerts","deviceId":"ESP32_GREENHOUSE_01","data":{"timestamp":1777120313703,"deviceId":"ESP32_GREENHOUSE_01","event":"Restless","level":63,"raw":253,"diff":253,"message":"Restless Level: 63"}}
{"timestamp":1777120315719,"type":"alerts","deviceId":"ESP32_GREENHOUSE_01","data":{"timestamp":1777120315718,"deviceId":"ESP32_GREENHOUSE_01","event":"Light Activity","level":46,"raw":184,"diff":184,"message":"Light Activity Level: 46"}}
{"timestamp":1777120319754,"type":"alerts","deviceId":"ESP32_GREENHOUSE_01","data":{"timestamp":1777120319753,"deviceId":"ESP32_GREENHOUSE_01","event":"Quiet","level":25,"raw":102,"diff":102,"message":"Quiet Level: 25"}}
{"timestamp":1777120325826,"type":"alerts","deviceId":"ESP32_GREENHOUSE_01","data":{"timestamp":1777120325825,"deviceId":"ESP32_GREENHOUSE_01","event":"Quiet","level":23,"raw":93,"diff":93,"message":"Quiet Level: 23"}}
{"timestamp":1777120331874,"type":"alerts","deviceId":"ESP32_GREENHOUSE_01","data":{"timestamp":1777120331874,"deviceId":"ESP32_GREENHOUSE_01","event":"Quiet","level":20,"raw":81,"diff":81,"message":"Quiet Level: 20"}}
{"timestamp":1777120337922,"type":"alerts","deviceId":"ESP32_GREENHOUSE_01","data":{"timestamp":1777120337922,"deviceId":"ESP32_GREENHOUSE_01","event":"Quiet","level":27,"raw":109,"diff":109,"message":"Quiet Level: 27"}}
{"timestamp":1777120343971,"type":"alerts","deviceId":"ESP32_GREENHOUSE_01","data":{"timestamp":1777120343970,"deviceId":"ESP32_GREENHOUSE_01","event":"Quiet","level":29,"raw":119,"diff":119,"message":"Quiet Level: 29"}}
{"timestamp":1777120350025,"type":"alerts","deviceId":"ESP32_GREENHOUSE_01","data":{"timestamp":1777120350025,"deviceId":"ESP32_GREENHOUSE_01","event":"Quiet","level":39,"raw":156,"diff":156,"message":"Quiet Level: 39"}}
{"timestamp":1777120356098,"type":"alerts","deviceId":"ESP32_GREENHOUSE_01","data":{"timestamp":1777120356098,"deviceId":"ESP32_GREENHOUSE_01","event":"Quiet","level":28,"raw":112,"diff":112,"message":"Quiet Level: 28"}}
{"timestamp":1777120362146,"type":"alerts","deviceId":"ESP32_GREENHOUSE_01","data":{"timestamp":1777120362146,"deviceId":"ESP32_GREENHOUSE_01","event":"Quiet","level":26,"raw":105,"diff":105,"message":"Quiet Level: 26"}}
{"timestamp":1777120368194,"type":"alerts","deviceId":"ESP32_GREENHOUSE_01","data":{"timestamp":1777120368194,"deviceId":"ESP32_GREENHOUSE_01","event":"Quiet","level":24,"raw":96,"diff":96,"message":"Quiet Level: 24"}}
{"timestamp":1777120374242,"type":"alerts","deviceId":"ESP32_GREENHOUSE_01","data":{"timestamp":1777120374242,"deviceId":"ESP32_GREENHOUSE_01","event":"Light Activity","level":50,"raw":200,"diff":200,"message":"Light Activity Level: 50"}}
{"timestamp":1777120376259,"type":"alerts","deviceId":"ESP32_GREENHOUSE_01","data":{"timestamp":1777120376259,"deviceId":"ESP32_GREENHOUSE_01","event":"Quiet","level":38,"raw":153,"diff":153,"message":"Quiet Level: 38"}}
{"timestamp":1777120382313,"type":"alerts","deviceId":"ESP32_GREENHOUSE_01","data":{"timestamp":1777120382313,"deviceId":"ESP32_GREENHOUSE_01","event":"Quiet","level":38,"raw":154,"diff":154,"message":"Quiet Level: 38"}}
{"timestamp":1777120388386,"type":"alerts","deviceId":"ESP32_GREENHOUSE_01","data":{"timestamp":1777120388386,"deviceId":"ESP32_GREENHOUSE_01","event":"Quiet","level":33,"raw":135,"diff":135,"message":"Quiet Level: 33"}}
{"timestamp":1777120390402,"type":"alerts","deviceId":"ESP32_GREENHOUSE_01","data":{"timestamp":1777120390402,"deviceId":"ESP32_GREENHOUSE_01","event":"Light Activity","level":53,"raw":215,"diff":215,"message":"Light Activity Level: 53"}}
{"timestamp":1777120394434,"type":"alerts","deviceId":"ESP32_GREENHOUSE_01","data":{"timestamp":1777120394434,"deviceId":"ESP32_GREENHOUSE_01","event":"Quiet","level":19,"raw":77,"diff":77,"message":"Quiet Level: 19"}}
{"timestamp":1777120400482,"type":"alerts","deviceId":"ESP32_GREENHOUSE_01","data":{"timestamp":1777120400482,"deviceId":"ESP32_GREENHOUSE_01","event":"Quiet","level":34,"raw":139,"diff":139,"message":"Quiet Level: 34"}}
{"timestamp":1777120404514,"type":"alerts","deviceId":"ESP32_GREENHOUSE_01","data":{"timestamp":1777120404514,"deviceId":"ESP32_GREENHOUSE_01","event":"CRYING","level":101,"raw":404,"diff":404,"message":"CRYING DETECTED! ⚠️ Level: 101"}}
{"timestamp":1777120406531,"type":"alerts","deviceId":"ESP32_GREENHOUSE_01","data":{"timestamp":1777120406531,"deviceId":"ESP32_GREENHOUSE_01","event":"Light Activity","level":45,"raw":181,"diff":181,"message":"Light Activity Level: 45"}}
{"timestamp":1777120408548,"type":"alerts","deviceId":"ESP32_GREENHOUSE_01","data":{"timestamp":1777120408548,"deviceId":"ESP32_GREENHOUSE_01","event":"Quiet","level":37,"raw":150,"diff":150,"message":"Quiet Level: 37"}}
{"timestamp":1777120414601,"type":"alerts","deviceId":"ESP32_GREENHOUSE_01","data":{"timestamp":1777120414601,"deviceId":"ESP32_GREENHOUSE_01","event":"Restless","level":66,"raw":266,"diff":266,"message":"Restless Level: 66"}}
{"timestamp":1777120418658,"type":"alerts","deviceId":"ESP32_GREENHOUSE_01","data":{"timestamp":1777120418658,"deviceId":"ESP32_GREENHOUSE_01","event":"CRYING","level":80,"raw":323,"diff":323,"message":"CRYING DETECTED! ⚠️ Level: 80"}}
{"timestamp":1777120420675,"type":"alerts","deviceId":"ESP32_GREENHOUSE_01","data":{"timestamp":1777120420675,"deviceId":"ESP32_GREENHOUSE_01","event":"Quiet","level":32,"raw":130,"diff":130,"message":"Quiet Level: 32"}}
{"timestamp":1777120424707,"type":"alerts","deviceId":"ESP32_GREENHOUSE_01","data":{"timestamp":1777120424707,"deviceId":"ESP32_GREENHOUSE_01","event":"Light Activity","level":44,"raw":179,"diff":179,"message":"Light Activity Level: 44"}}
{"timestamp":1777120426723,"type":"alerts","deviceId":"ESP32_GREENHOUSE_01","data":{"timestamp":1777120426722,"deviceId":"ESP32_GREENHOUSE_01","event":"Quiet","level":28,"raw":113,"diff":113,"message":"Quiet Level: 28"}}
{"timestamp":1777120432770,"type":"alerts","deviceId":"ESP32_GREENHOUSE_01","data":{"timestamp":1777120432770,"deviceId":"ESP32_GREENHOUSE_01","event":"Quiet","level":33,"raw":134,"diff":134,"message":"Quiet Level: 33"}}
{"timestamp":1777120438819,"type":"alerts","deviceId":"ESP32_GREENHOUSE_01","data":{"timestamp":1777120438818,"deviceId":"ESP32_GREENHOUSE_01","event":"Light Activity","level":51,"raw":204,"diff":204,"message":"Light Activity Level: 51"}}
{"timestamp":1777120440835,"type":"alerts","deviceId":"ESP32_GREENHOUSE_01","data":{"timestamp":1777120440835,"deviceId":"ESP32_GREENHOUSE_01","event":"Quiet","level":27,"raw":110,"diff":110,"message":"Quiet Level: 27"}}
{"timestamp":1777120446889,"type":"alerts","deviceId":"ESP32_GREENHOUSE_01","data":{"timestamp":1777120446889,"deviceId":"ESP32_GREENHOUSE_01","event":"Quiet","level":26,"raw":106,"diff":106,"message":"Quiet Level: 26"}}
{"timestamp":1777120448908,"type":"alerts","deviceId":"ESP32_GREENHOUSE_01","data":{"timestamp":1777120448908,"deviceId":"ESP32_GREENHOUSE_01","event":"Light Activity","level":52,"raw":211,"diff":211,"message":"Light Activity Level: 52"}}
{"timestamp":1777120454979,"type":"alerts","deviceId":"ESP32_GREENHOUSE_01","data":{"timestamp":1777120454979,"deviceId":"ESP32_GREENHOUSE_01","event":"Quiet","level":42,"raw":168,"diff":168,"message":"Quiet Level: 42"}}
{"timestamp":1777120456995,"type":"alerts","deviceId":"ESP32_GREENHOUSE_01","data":{"timestamp":1777120456995,"deviceId":"ESP32_GREENHOUSE_01","event":"Light Activity","level":50,"raw":202,"diff":202,"message":"Light Activity Level: 50"}}
{"timestamp":1777120461027,"type":"alerts","deviceId":"ESP32_GREENHOUSE_01","data":{"timestamp":1777120461027,"deviceId":"ESP32_GREENHOUSE_01","event":"Quiet","level":30,"raw":121,"diff":121,"message":"Quiet Level: 30"}}
{"timestamp":1777120467074,"type":"alerts","deviceId":"ESP32_GREENHOUSE_01","data":{"timestamp":1777120467074,"deviceId":"ESP32_GREENHOUSE_01","event":"Quiet","level":42,"raw":168,"diff":168,"message":"Quiet Level: 42"}}
{"timestamp":1777120473123,"type":"alerts","deviceId":"ESP32_GREENHOUSE_01","data":{"timestamp":1777120473123,"deviceId":"ESP32_GREENHOUSE_01","event":"Quiet","level":38,"raw":152,"diff":152,"message":"Quiet Level: 38"}}
{"timestamp":1777120475140,"type":"alerts","deviceId":"ESP32_GREENHOUSE_01","data":{"timestamp":1777120475140,"deviceId":"ESP32_GREENHOUSE_01","event":"Light Activity","level":44,"raw":177,"diff":177,"message":"Light Activity Level: 44"}}
{"timestamp":1777120479177,"type":"alerts","deviceId":"ESP32_GREENHOUSE_01","data":{"timestamp":1777120479177,"deviceId":"ESP32_GREENHOUSE_01","event":"CRYING","level":45,"raw":182,"diff":182,"message":"CRYING DETECTED! ⚠️ Level: 45"}}
{"timestamp":1777120481195,"type":"alerts","deviceId":"ESP32_GREENHOUSE_01","data":{"timestamp":1777120481195,"deviceId":"ESP32_GREENHOUSE_01","event":"Quiet","level":37,"raw":148,"diff":148,"message":"Quiet Level: 37"}}
{"timestamp":1777120487267,"type":"alerts","deviceId":"ESP32_GREENHOUSE_01","data":{"timestamp":1777120487267,"deviceId":"ESP32_GREENHOUSE_01","event":"Quiet","level":23,"raw":93,"diff":93,"message":"Quiet Level: 23"}}
{"timestamp":1777120493315,"type":"alerts","deviceId":"ESP32_GREENHOUSE_01","data":{"timestamp":1777120493315,"deviceId":"ESP32_GREENHOUSE_01","event":"Quiet","level":37,"raw":150,"diff":150,"message":"Quiet Level: 37"}}
{"timestamp":1777120499363,"type":"alerts","deviceId":"ESP32_GREENHOUSE_01","data":{"timestamp":1777120499363,"deviceId":"ESP32_GREENHOUSE_01","event":"Quiet","level":23,"raw":94,"diff":94,"message":"Quiet Level: 23"}}
{"timestamp":1777120503395,"type":"alerts","deviceId":"ESP32_GREENHOUSE_01","data":{"timestamp":1777120503395,"deviceId":"ESP32_GREENHOUSE_01","event":"Light Activity","level":45,"raw":181,"diff":181,"message":"Light Activity Level: 45"}}
{"timestamp":1777120505412,"type":"alerts","deviceId":"ESP32_GREENHOUSE_01","data":{"timestamp":1777120505411,"deviceId":"ESP32_GREENHOUSE_01","event":"Quiet","level":20,"raw":82,"diff":82,"message":"Quiet Level: 20"}}
{"timestamp":1777120511466,"type":"alerts","deviceId":"ESP32_GREENHOUSE_01","data":{"timestamp":1777120511466,"deviceId":"ESP32_GREENHOUSE_01","event":"Quiet","level":30,"raw":120,"diff":120,"message":"Quiet Level: 30"}}
{"timestamp":1777120517539,"type":"alerts","deviceId":"ESP32_GREENHOUSE_01","data":{"timestamp":1777120517539,"deviceId":"ESP32_GREENHOUSE_01","event":"Quiet","level":27,"raw":109,"diff":109,"message":"Quiet Level: 27"}}
{"timestamp":1777120523587,"type":"alerts","deviceId":"ESP32_GREENHOUSE_01","data":{"timestamp":1777120523587,"deviceId":"ESP32_GREENHOUSE_01","event":"Quiet","level":30,"raw":121,"diff":121,"message":"Quiet Level: 30"}}
{"timestamp":1777120529635,"type":"alerts","deviceId":"ESP32_GREENHOUSE_01","data":{"timestamp":1777120529635,"deviceId":"ESP32_GREENHOUSE_01","event":"Quiet","level":22,"raw":88,"diff":88,"message":"Quiet Level: 22"}}
{"timestamp":1777120535683,"type":"alerts","deviceId":"ESP32_GREENHOUSE_01","data":{"timestamp":1777120535683,"deviceId":"ESP32_GREENHOUSE_01","event":"Quiet","level":33,"raw":135,"diff":135,"message":"Quiet Level: 33"}}
{"timestamp":1777120541736,"type":"alerts","deviceId":"ESP32_GREENHOUSE_01","data":{"timestamp":1777120541736,"deviceId":"ESP32_GREENHOUSE_01","event":"Quiet","level":29,"raw":118,"diff":118,"message":"Quiet Level: 29"}}
{"timestamp":1777120547811,"type":"alerts","deviceId":"ESP32_GREENHOUSE_01","data":{"timestamp":1777120547811,"deviceId":"ESP32_GREENHOUSE_01","event":"Quiet","level":12,"raw":50,"diff":50,"message":"Quiet Level: 12"}}
{"timestamp":1777120553859,"type":"alerts","deviceId":"ESP32_GREENHOUSE_01","data":{"timestamp":1777120553859,"deviceId":"ESP32_GREENHOUSE_01","event":"Quiet","level":29,"raw":119,"diff":119,"message":"Quiet Level: 29"}}
{"timestamp":1777120559908,"type":"alerts","deviceId":"ESP32_GREENHOUSE_01","data":{"timestamp":1777120559908,"deviceId":"ESP32_GREENHOUSE_01","event":"Quiet","level":21,"raw":84,"diff":84,"message":"Quiet Level: 21"}}
{"timestamp":1777120565956,"type":"alerts","deviceId":"ESP32_GREENHOUSE_01","data":{"timestamp":1777120565956,"deviceId":"ESP32_GREENHOUSE_01","event":"Quiet","level":20,"raw":81,"diff":81,"message":"Quiet Level: 20"}}
{"timestamp":1777120572006,"type":"alerts","deviceId":"ESP32_GREENHOUSE_01","data":{"timestamp":1777120572006,"deviceId":"ESP32_GREENHOUSE_01","event":"Quiet","level":19,"raw":77,"diff":77,"message":"Quiet Level: 19"}}
{"timestamp":1777120578084,"type":"alerts","deviceId":"ESP32_GREENHOUSE_01","data":{"timestamp":1777120578083,"deviceId":"ESP32_GREENHOUSE_01","event":"Quiet","level":27,"raw":110,"diff":110,"message":"Quiet Level: 27"}}
{"timestamp":1777120584133,"type":"alerts","deviceId":"ESP32_GREENHOUSE_01","data":{"timestamp":1777120584133,"deviceId":"ESP32_GREENHOUSE_01","event":"Quiet","level":31,"raw":124,"diff":124,"message":"Quiet Level: 31"}}
{"timestamp":1777120586148,"type":"alerts","deviceId":"ESP32_GREENHOUSE_01","data":{"timestamp":1777120586147,"deviceId":"ESP32_GREENHOUSE_01","event":"Light Activity","level":58,"raw":232,"diff":232,"message":"Light Activity Level: 58"}}
{"timestamp":1777120590180,"type":"alerts","deviceId":"ESP32_GREENHOUSE_01","data":{"timestamp":1777120590180,"deviceId":"ESP32_GREENHOUSE_01","event":"Quiet","level":35,"raw":140,"diff":140,"message":"Quiet Level: 35"}}
{"timestamp":1777120594212,"type":"alerts","deviceId":"ESP32_GREENHOUSE_01","data":{"timestamp":1777120594212,"deviceId":"ESP32_GREENHOUSE_01","event":"Light Activity","level":45,"raw":180,"diff":180,"message":"Light Activity Level: 45"}}
{"timestamp":1777120596228,"type":"alerts","deviceId":"ESP32_GREENHOUSE_01","data":{"timestamp":1777120596228,"deviceId":"ESP32_GREENHOUSE_01","event":"Quiet","level":33,"raw":134,"diff":134,"message":"Quiet Level: 33"}}
{"timestamp":1777120602276,"type":"alerts","deviceId":"ESP32_GREENHOUSE_01","data":{"timestamp":1777120602276,"deviceId":"ESP32_GREENHOUSE_01","event":"Restless","level":60,"raw":241,"diff":241,"message":"Restless Level: 60"}}
{"timestamp":1777120604296,"type":"alerts","deviceId":"ESP32_GREENHOUSE_01","data":{"timestamp":1777120604296,"deviceId":"ESP32_GREENHOUSE_01","event":"CRYING","level":61,"raw":247,"diff":247,"message":"CRYING DETECTED! ⚠️ Level: 61"}}
{"timestamp":1777120610372,"type":"alerts","deviceId":"ESP32_GREENHOUSE_01","data":{"timestamp":1777120610372,"deviceId":"ESP32_GREENHOUSE_01","event":"Light Activity","level":47,"raw":189,"diff":189,"message":"Light Activity Level: 47"}}
{"timestamp":1777120616420,"type":"alerts","deviceId":"ESP32_GREENHOUSE_01","data":{"timestamp":1777120616420,"deviceId":"ESP32_GREENHOUSE_01","event":"Restless","level":80,"raw":320,"diff":320,"message":"Restless Level: 80"}}
{"timestamp":1777120620452,"type":"alerts","deviceId":"ESP32_GREENHOUSE_01","data":{"timestamp":1777120620452,"deviceId":"ESP32_GREENHOUSE_01","event":"Quiet","level":31,"raw":125,"diff":125,"message":"Quiet Level: 31"}}
{"timestamp":1777120622468,"type":"alerts","deviceId":"ESP32_GREENHOUSE_01","data":{"timestamp":1777120622468,"deviceId":"ESP32_GREENHOUSE_01","event":"Light Activity","level":48,"raw":195,"diff":195,"message":"Light Activity Level: 48"}}
{"timestamp":1777120628516,"type":"alerts","deviceId":"ESP32_GREENHOUSE_01","data":{"timestamp":1777120628516,"deviceId":"ESP32_GREENHOUSE_01","event":"Quiet","level":32,"raw":128,"diff":128,"message":"Quiet Level: 32"}}
{"timestamp":1777120634565,"type":"alerts","deviceId":"ESP32_GREENHOUSE_01","data":{"timestamp":1777120634564,"deviceId":"ESP32_GREENHOUSE_01","event":"Quiet","level":40,"raw":161,"diff":161,"message":"Quiet Level: 40"}}
{"timestamp":1777120640620,"type":"alerts","deviceId":"ESP32_GREENHOUSE_01","data":{"timestamp":1777120640620,"deviceId":"ESP32_GREENHOUSE_01","event":"Quiet","level":30,"raw":120,"diff":120,"message":"Quiet Level: 30"}}
{"timestamp":1777120646692,"type":"alerts","deviceId":"ESP32_GREENHOUSE_01","data":{"timestamp":1777120646692,"deviceId":"ESP32_GREENHOUSE_01","event":"Quiet","level":38,"raw":154,"diff":154,"message":"Quiet Level: 38"}}
{"timestamp":1777120648709,"type":"alerts","deviceId":"ESP32_GREENHOUSE_01","data":{"timestamp":1777120648709,"deviceId":"ESP32_GREENHOUSE_01","event":"Light Activity","level":54,"raw":216,"diff":216,"message":"Light Activity Level: 54"}}
{"timestamp":1777120652742,"type":"alerts","deviceId":"ESP32_GREENHOUSE_01","data":{"timestamp":1777120652742,"deviceId":"ESP32_GREENHOUSE_01","event":"Quiet","level":17,"raw":69,"diff":69,"message":"Quiet Level: 17"}}
{"timestamp":1777120654756,"type":"alerts","deviceId":"ESP32_GREENHOUSE_01","data":{"timestamp":1777120654756,"deviceId":"ESP32_GREENHOUSE_01","event":"Light Activity","level":45,"raw":183,"diff":183,"message":"Light Activity Level: 45"}}
{"timestamp":1777120658788,"type":"alerts","deviceId":"ESP32_GREENHOUSE_01","data":{"timestamp":1777120658788,"deviceId":"ESP32_GREENHOUSE_01","event":"Quiet","level":29,"raw":119,"diff":119,"message":"Quiet Level: 29"}}
{"timestamp":1777120664836,"type":"alerts","deviceId":"ESP32_GREENHOUSE_01","data":{"timestamp":1777120664836,"deviceId":"ESP32_GREENHOUSE_01","event":"Quiet","level":27,"raw":108,"diff":108,"message":"Quiet Level: 27"}}
{"timestamp":1777120666856,"type":"alerts","deviceId":"ESP32_GREENHOUSE_01","data":{"timestamp":1777120666856,"deviceId":"ESP32_GREENHOUSE_01","event":"Light Activity","level":52,"raw":208,"diff":208,"message":"Light Activity Level: 52"}}
{"timestamp":1777120670891,"type":"alerts","deviceId":"ESP32_GREENHOUSE_01","data":{"timestamp":1777120670891,"deviceId":"ESP32_GREENHOUSE_01","event":"Quiet","level":23,"raw":95,"diff":95,"message":"Quiet Level: 23"}}
{"timestamp":1777120676964,"type":"alerts","deviceId":"ESP32_GREENHOUSE_01","data":{"timestamp":1777120676964,"deviceId":"ESP32_GREENHOUSE_01","event":"Quiet","level":21,"raw":85,"diff":85,"message":"Quiet Level: 21"}}
{"timestamp":1777120683012,"type":"alerts","deviceId":"ESP32_GREENHOUSE_01","data":{"timestamp":1777120683012,"deviceId":"ESP32_GREENHOUSE_01","event":"Quiet","level":35,"raw":142,"diff":142,"message":"Quiet Level: 35"}}
{"timestamp":1777120689060,"type":"alerts","deviceId":"ESP32_GREENHOUSE_01","data":{"timestamp":1777120689060,"deviceId":"ESP32_GREENHOUSE_01","event":"Quiet","level":26,"raw":104,"diff":104,"message":"Quiet Level: 26"}}
{"timestamp":1777120691076,"type":"alerts","deviceId":"ESP32_GREENHOUSE_01","data":{"timestamp":1777120691076,"deviceId":"ESP32_GREENHOUSE_01","event":"Restless","level":60,"raw":243,"diff":243,"message":"Restless Level: 60"}}
{"timestamp":1777120697124,"type":"alerts","deviceId":"ESP32_GREENHOUSE_01","data":{"timestamp":1777120697124,"deviceId":"ESP32_GREENHOUSE_01","event":"Light Activity","level":47,"raw":188,"diff":188,"message":"Light Activity Level: 47"}}
{"timestamp":1777120699142,"type":"alerts","deviceId":"ESP32_GREENHOUSE_01","data":{"timestamp":1777120699142,"deviceId":"ESP32_GREENHOUSE_01","event":"Quiet","level":25,"raw":102,"diff":102,"message":"Quiet Level: 25"}}
{"timestamp":1777120705196,"type":"alerts","deviceId":"ESP32_GREENHOUSE_01","data":{"timestamp":1777120705196,"deviceId":"ESP32_GREENHOUSE_01","event":"Quiet","level":33,"raw":135,"diff":135,"message":"Quiet Level: 33"}}
{"timestamp":1777120711268,"type":"alerts","deviceId":"ESP32_GREENHOUSE_01","data":{"timestamp":1777120711268,"deviceId":"ESP32_GREENHOUSE_01","event":"Quiet","level":30,"raw":122,"diff":122,"message":"Quiet Level: 30"}}
{"timestamp":1777120717424,"type":"alerts","deviceId":"ESP32_GREENHOUSE_01","data":{"timestamp":1777120717424,"deviceId":"ESP32_GREENHOUSE_01","event":"Quiet","level":17,"raw":69,"diff":69,"message":"Quiet Level: 17"}}
{"timestamp":1777120723365,"type":"alerts","deviceId":"ESP32_GREENHOUSE_01","data":{"timestamp":1777120723365,"deviceId":"ESP32_GREENHOUSE_01","event":"Quiet","level":24,"raw":99,"diff":99,"message":"Quiet Level: 24"}}
{"timestamp":1777120729412,"type":"alerts","deviceId":"ESP32_GREENHOUSE_01","data":{"timestamp":1777120729412,"deviceId":"ESP32_GREENHOUSE_01","event":"Quiet","level":22,"raw":89,"diff":89,"message":"Quiet Level: 22"}}
{"timestamp":1777120735466,"type":"alerts","deviceId":"ESP32_GREENHOUSE_01","data":{"timestamp":1777120735466,"deviceId":"ESP32_GREENHOUSE_01","event":"Light Activity","level":45,"raw":183,"diff":183,"message":"Light Activity Level: 45"}}
{"timestamp":1777120737484,"type":"alerts","deviceId":"ESP32_GREENHOUSE_01","data":{"timestamp":1777120737484,"deviceId":"ESP32_GREENHOUSE_01","event":"Quiet","level":33,"raw":135,"diff":135,"message":"Quiet Level: 33"}}
{"timestamp":1777120743557,"type":"alerts","deviceId":"ESP32_GREENHOUSE_01","data":{"timestamp":1777120743556,"deviceId":"ESP32_GREENHOUSE_01","event":"Quiet","level":31,"raw":127,"diff":127,"message":"Quiet Level: 31"}}
{"timestamp":1777120749604,"type":"alerts","deviceId":"ESP32_GREENHOUSE_01","data":{"timestamp":1777120749604,"deviceId":"ESP32_GREENHOUSE_01","event":"Quiet","level":35,"raw":141,"diff":141,"message":"Quiet Level: 35"}}
{"timestamp":1777120755654,"type":"alerts","deviceId":"ESP32_GREENHOUSE_01","data":{"timestamp":1777120755654,"deviceId":"ESP32_GREENHOUSE_01","event":"Quiet","level":24,"raw":96,"diff":96,"message":"Quiet Level: 24"}}
{"timestamp":1777120761702,"type":"alerts","deviceId":"ESP32_GREENHOUSE_01","data":{"timestamp":1777120761702,"deviceId":"ESP32_GREENHOUSE_01","event":"Quiet","level":23,"raw":94,"diff":94,"message":"Quiet Level: 23"}}
{"timestamp":1777120767755,"type":"alerts","deviceId":"ESP32_GREENHOUSE_01","data":{"timestamp":1777120767754,"deviceId":"ESP32_GREENHOUSE_01","event":"Restless","level":64,"raw":258,"diff":258,"message":"Restless Level: 64"}}
{"timestamp":1777120769772,"type":"alerts","deviceId":"ESP32_GREENHOUSE_01","data":{"timestamp":1777120769772,"deviceId":"ESP32_GREENHOUSE_01","event":"Quiet","level":29,"raw":117,"diff":117,"message":"Quiet Level: 29"}}
{"timestamp":1777120771813,"type":"alerts","deviceId":"ESP32_GREENHOUSE_01","data":{"timestamp":1777120771813,"deviceId":"ESP32_GREENHOUSE_01","event":"Light Activity","level":45,"raw":183,"diff":183,"message":"Light Activity Level: 45"}}
{"timestamp":1777120775845,"type":"alerts","deviceId":"ESP32_GREENHOUSE_01","data":{"timestamp":1777120775845,"deviceId":"ESP32_GREENHOUSE_01","event":"Quiet","level":25,"raw":100,"diff":100,"message":"Quiet Level: 25"}}
{"timestamp":1777120777861,"type":"alerts","deviceId":"ESP32_GREENHOUSE_01","data":{"timestamp":1777120777861,"deviceId":"ESP32_GREENHOUSE_01","event":"Restless","level":70,"raw":281,"diff":281,"message":"Restless Level: 70"}}
{"timestamp":1777120781893,"type":"alerts","deviceId":"ESP32_GREENHOUSE_01","data":{"timestamp":1777120781893,"deviceId":"ESP32_GREENHOUSE_01","event":"Quiet","level":40,"raw":160,"diff":160,"message":"Quiet Level: 40"}}
{"timestamp":1777120787940,"type":"alerts","deviceId":"ESP32_GREENHOUSE_01","data":{"timestamp":1777120787940,"deviceId":"ESP32_GREENHOUSE_01","event":"Quiet","level":24,"raw":98,"diff":98,"message":"Quiet Level: 24"}}
{"timestamp":1777120793989,"type":"alerts","deviceId":"ESP32_GREENHOUSE_01","data":{"timestamp":1777120793989,"deviceId":"ESP32_GREENHOUSE_01","event":"Quiet","level":37,"raw":151,"diff":151,"message":"Quiet Level: 37"}}
{"timestamp":1777120800042,"type":"alerts","deviceId":"ESP32_GREENHOUSE_01","data":{"timestamp":1777120800042,"deviceId":"ESP32_GREENHOUSE_01","event":"Quiet","level":26,"raw":105,"diff":105,"message":"Quiet Level: 26"}}
{"timestamp":1777120806117,"type":"alerts","deviceId":"ESP32_GREENHOUSE_01","data":{"timestamp":1777120806117,"deviceId":"ESP32_GREENHOUSE_01","event":"Quiet","level":21,"raw":87,"diff":87,"message":"Quiet Level: 21"}}
{"timestamp":1777120812165,"type":"alerts","deviceId":"ESP32_GREENHOUSE_01","data":{"timestamp":1777120812165,"deviceId":"ESP32_GREENHOUSE_01","event":"Quiet","level":20,"raw":82,"diff":82,"message":"Quiet Level: 20"}}
{"timestamp":1777120818213,"type":"alerts","deviceId":"ESP32_GREENHOUSE_01","data":{"timestamp":1777120818213,"deviceId":"ESP32_GREENHOUSE_01","event":"Quiet","level":23,"raw":94,"diff":94,"message":"Quiet Level: 23"}}
{"timestamp":1777120824263,"type":"alerts","deviceId":"ESP32_GREENHOUSE_01","data":{"timestamp":1777120824263,"deviceId":"ESP32_GREENHOUSE_01","event":"Quiet","level":26,"raw":104,"diff":104,"message":"Quiet Level: 26"}}
{"timestamp":1777120830313,"type":"alerts","deviceId":"ESP32_GREENHOUSE_01","data":{"timestamp":1777120830313,"deviceId":"ESP32_GREENHOUSE_01","event":"Quiet","level":21,"raw":84,"diff":84,"message":"Quiet Level: 21"}}
{"timestamp":1777120836389,"type":"alerts","deviceId":"ESP32_GREENHOUSE_01","data":{"timestamp":1777120836389,"deviceId":"ESP32_GREENHOUSE_01","event":"Quiet","level":19,"raw":77,"diff":77,"message":"Quiet Level: 19"}}
{"timestamp":1777120842437,"type":"alerts","deviceId":"ESP32_GREENHOUSE_01","data":{"timestamp":1777120842437,"deviceId":"ESP32_GREENHOUSE_01","event":"Quiet","level":25,"raw":102,"diff":102,"message":"Quiet Level: 25"}}
{"timestamp":1777120848485,"type":"alerts","deviceId":"ESP32_GREENHOUSE_01","data":{"timestamp":1777120848485,"deviceId":"ESP32_GREENHOUSE_01","event":"Quiet","level":20,"raw":80,"diff":80,"message":"Quiet Level: 20"}}
{"timestamp":1777120850501,"type":"alerts","deviceId":"ESP32_GREENHOUSE_01","data":{"timestamp":1777120850501,"deviceId":"ESP32_GREENHOUSE_01","event":"Light Activity","level":51,"raw":207,"diff":207,"message":"Light Activity Level: 51"}}
{"timestamp":1777120854533,"type":"alerts","deviceId":"ESP32_GREENHOUSE_01","data":{"timestamp":1777120854533,"deviceId":"ESP32_GREENHOUSE_01","event":"Quiet","level":37,"raw":150,"diff":150,"message":"Quiet Level: 37"}}
{"timestamp":1777120856549,"type":"alerts","deviceId":"ESP32_GREENHOUSE_01","data":{"timestamp":1777120856549,"deviceId":"ESP32_GREENHOUSE_01","event":"CRYING","level":72,"raw":288,"diff":288,"message":"CRYING DETECTED! ⚠️ Level: 72"}}
{"timestamp":1777120860582,"type":"alerts","deviceId":"ESP32_GREENHOUSE_01","data":{"timestamp":1777120860582,"deviceId":"ESP32_GREENHOUSE_01","event":"Quiet","level":29,"raw":118,"diff":118,"message":"Quiet Level: 29"}}
{"timestamp":1777120864621,"type":"alerts","deviceId":"ESP32_GREENHOUSE_01","data":{"timestamp":1777120864621,"deviceId":"ESP32_GREENHOUSE_01","event":"Restless","level":69,"raw":277,"diff":277,"message":"Restless Level: 69"}}
{"timestamp":1777120866637,"type":"alerts","deviceId":"ESP32_GREENHOUSE_01","data":{"timestamp":1777120866637,"deviceId":"ESP32_GREENHOUSE_01","event":"CRYING","level":61,"raw":245,"diff":245,"message":"CRYING DETECTED! ⚠️ Level: 61"}}
{"timestamp":1777120868678,"type":"alerts","deviceId":"ESP32_GREENHOUSE_01","data":{"timestamp":1777120868678,"deviceId":"ESP32_GREENHOUSE_01","event":"Quiet","level":28,"raw":115,"diff":115,"message":"Quiet Level: 28"}}
{"timestamp":1777120870694,"type":"alerts","deviceId":"ESP32_GREENHOUSE_01","data":{"timestamp":1777120870693,"deviceId":"ESP32_GREENHOUSE_01","event":"Light Activity","level":53,"raw":214,"diff":214,"message":"Light Activity Level: 53"}}
{"timestamp":1777120874726,"type":"alerts","deviceId":"ESP32_GREENHOUSE_01","data":{"timestamp":1777120874725,"deviceId":"ESP32_GREENHOUSE_01","event":"Quiet","level":31,"raw":125,"diff":125,"message":"Quiet Level: 31"}}
{"timestamp":1777120876742,"type":"alerts","deviceId":"ESP32_GREENHOUSE_01","data":{"timestamp":1777120876741,"deviceId":"ESP32_GREENHOUSE_01","event":"Light Activity","level":45,"raw":181,"diff":181,"message":"Light Activity Level: 45"}}
{"timestamp":1777120880774,"type":"alerts","deviceId":"ESP32_GREENHOUSE_01","data":{"timestamp":1777120880774,"deviceId":"ESP32_GREENHOUSE_01","event":"Quiet","level":22,"raw":90,"diff":90,"message":"Quiet Level: 22"}}
{"timestamp":1777120886822,"type":"alerts","deviceId":"ESP32_GREENHOUSE_01","data":{"timestamp":1777120886822,"deviceId":"ESP32_GREENHOUSE_01","event":"Quiet","level":24,"raw":96,"diff":96,"message":"Quiet Level: 24"}}
{"timestamp":1777120892872,"type":"alerts","deviceId":"ESP32_GREENHOUSE_01","data":{"timestamp":1777120892872,"deviceId":"ESP32_GREENHOUSE_01","event":"Quiet","level":22,"raw":91,"diff":91,"message":"Quiet Level: 22"}}
{"timestamp":1777120898924,"type":"alerts","deviceId":"ESP32_GREENHOUSE_01","data":{"timestamp":1777120898924,"deviceId":"ESP32_GREENHOUSE_01","event":"Quiet","level":26,"raw":104,"diff":104,"message":"Quiet Level: 26"}}
{"timestamp":1777120904998,"type":"alerts","deviceId":"ESP32_GREENHOUSE_01","data":{"timestamp":1777120904998,"deviceId":"ESP32_GREENHOUSE_01","event":"Quiet","level":18,"raw":75,"diff":75,"message":"Quiet Level: 18"}}
{"timestamp":1777120911046,"type":"alerts","deviceId":"ESP32_GREENHOUSE_01","data":{"timestamp":1777120911046,"deviceId":"ESP32_GREENHOUSE_01","event":"Quiet","level":28,"raw":112,"diff":112,"message":"Quiet Level: 28"}}
{"timestamp":1777120913062,"type":"alerts","deviceId":"ESP32_GREENHOUSE_01","data":{"timestamp":1777120913062,"deviceId":"ESP32_GREENHOUSE_01","event":"Light Activity","level":53,"raw":215,"diff":215,"message":"Light Activity Level: 53"}}
{"timestamp":1777120917094,"type":"alerts","deviceId":"ESP32_GREENHOUSE_01","data":{"timestamp":1777120917094,"deviceId":"ESP32_GREENHOUSE_01","event":"Quiet","level":15,"raw":61,"diff":61,"message":"Quiet Level: 15"}}
{"timestamp":1777120923142,"type":"alerts","deviceId":"ESP32_GREENHOUSE_01","data":{"timestamp":1777120923142,"deviceId":"ESP32_GREENHOUSE_01","event":"Quiet","level":18,"raw":73,"diff":73,"message":"Quiet Level: 18"}}
{"timestamp":1777120929194,"type":"alerts","deviceId":"ESP32_GREENHOUSE_01","data":{"timestamp":1777120929194,"deviceId":"ESP32_GREENHOUSE_01","event":"Quiet","level":18,"raw":75,"diff":75,"message":"Quiet Level: 18"}}
{"timestamp":1777120935270,"type":"alerts","deviceId":"ESP32_GREENHOUSE_01","data":{"timestamp":1777120935270,"deviceId":"ESP32_GREENHOUSE_01","event":"Quiet","level":28,"raw":115,"diff":115,"message":"Quiet Level: 28"}}
{"timestamp":1777120941320,"type":"alerts","deviceId":"ESP32_GREENHOUSE_01","data":{"timestamp":1777120941320,"deviceId":"ESP32_GREENHOUSE_01","event":"Quiet","level":41,"raw":164,"diff":164,"message":"Quiet Level: 41"}}
{"timestamp":1777120947366,"type":"alerts","deviceId":"ESP32_GREENHOUSE_01","data":{"timestamp":1777120947366,"deviceId":"ESP32_GREENHOUSE_01","event":"Light Activity","level":49,"raw":199,"diff":199,"message":"Light Activity Level: 49"}}
{"timestamp":1777120949383,"type":"alerts","deviceId":"ESP32_GREENHOUSE_01","data":{"timestamp":1777120949383,"deviceId":"ESP32_GREENHOUSE_01","event":"Quiet","level":20,"raw":82,"diff":82,"message":"Quiet Level: 20"}}
{"timestamp":1777120955431,"type":"alerts","deviceId":"ESP32_GREENHOUSE_01","data":{"timestamp":1777120955431,"deviceId":"ESP32_GREENHOUSE_01","event":"Quiet","level":29,"raw":117,"diff":117,"message":"Quiet Level: 29"}}
{"timestamp":1777120961482,"type":"alerts","deviceId":"ESP32_GREENHOUSE_01","data":{"timestamp":1777120961482,"deviceId":"ESP32_GREENHOUSE_01","event":"Quiet","level":27,"raw":110,"diff":110,"message":"Quiet Level: 27"}}
{"timestamp":1777120967558,"type":"alerts","deviceId":"ESP32_GREENHOUSE_01","data":{"timestamp":1777120967558,"deviceId":"ESP32_GREENHOUSE_01","event":"Quiet","level":21,"raw":84,"diff":84,"message":"Quiet Level: 21"}}
{"timestamp":1777120973606,"type":"alerts","deviceId":"ESP32_GREENHOUSE_01","data":{"timestamp":1777120973606,"deviceId":"ESP32_GREENHOUSE_01","event":"Quiet","level":29,"raw":118,"diff":118,"message":"Quiet Level: 29"}}
{"timestamp":1777120977638,"type":"alerts","deviceId":"ESP32_GREENHOUSE_01","data":{"timestamp":1777120977638,"deviceId":"ESP32_GREENHOUSE_01","event":"Light Activity","level":51,"raw":204,"diff":204,"message":"Light Activity Level: 51"}}
{"timestamp":1777120979655,"type":"alerts","deviceId":"ESP32_GREENHOUSE_01","data":{"timestamp":1777120979655,"deviceId":"ESP32_GREENHOUSE_01","event":"Quiet","level":24,"raw":97,"diff":97,"message":"Quiet Level: 24"}}
{"timestamp":1777120983687,"type":"alerts","deviceId":"ESP32_GREENHOUSE_01","data":{"timestamp":1777120983687,"deviceId":"ESP32_GREENHOUSE_01","event":"Light Activity","level":47,"raw":190,"diff":190,"message":"Light Activity Level: 47"}}
{"timestamp":1777120985703,"type":"alerts","deviceId":"ESP32_GREENHOUSE_01","data":{"timestamp":1777120985703,"deviceId":"ESP32_GREENHOUSE_01","event":"Quiet","level":37,"raw":151,"diff":151,"message":"Quiet Level: 37"}}
{"timestamp":1777120991753,"type":"alerts","deviceId":"ESP32_GREENHOUSE_01","data":{"timestamp":1777120991753,"deviceId":"ESP32_GREENHOUSE_01","event":"Quiet","level":23,"raw":95,"diff":95,"message":"Quiet Level: 23"}}
{"timestamp":1777120997830,"type":"alerts","deviceId":"ESP32_GREENHOUSE_01","data":{"timestamp":1777120997830,"deviceId":"ESP32_GREENHOUSE_01","event":"Light Activity","level":44,"raw":179,"diff":179,"message":"Light Activity Level: 44"}}
{"timestamp":1777120999846,"type":"alerts","deviceId":"ESP32_GREENHOUSE_01","data":{"timestamp":1777120999846,"deviceId":"ESP32_GREENHOUSE_01","event":"Quiet","level":34,"raw":139,"diff":139,"message":"Quiet Level: 34"}}
{"timestamp":1777121005896,"type":"alerts","deviceId":"ESP32_GREENHOUSE_01","data":{"timestamp":1777121005896,"deviceId":"ESP32_GREENHOUSE_01","event":"Quiet","level":29,"raw":118,"diff":118,"message":"Quiet Level: 29"}}
{"timestamp":1777121011942,"type":"alerts","deviceId":"ESP32_GREENHOUSE_01","data":{"timestamp":1777121011942,"deviceId":"ESP32_GREENHOUSE_01","event":"Quiet","level":23,"raw":95,"diff":95,"message":"Quiet Level: 23"}}
{"timestamp":1777121017991,"type":"alerts","deviceId":"ESP32_GREENHOUSE_01","data":{"timestamp":1777121017991,"deviceId":"ESP32_GREENHOUSE_01","event":"Quiet","level":31,"raw":124,"diff":124,"message":"Quiet Level: 31"}}
{"timestamp":1777121024041,"type":"alerts","deviceId":"ESP32_GREENHOUSE_01","data":{"timestamp":1777121024041,"deviceId":"ESP32_GREENHOUSE_01","event":"Quiet","level":23,"raw":93,"diff":93,"message":"Quiet Level: 23"}}
{"timestamp":1777121030118,"type":"alerts","deviceId":"ESP32_GREENHOUSE_01","data":{"timestamp":1777121030118,"deviceId":"ESP32_GREENHOUSE_01","event":"Quiet","level":31,"raw":126,"diff":126,"message":"Quiet Level: 31"}}
{"timestamp":1777121034151,"type":"alerts","deviceId":"ESP32_GREENHOUSE_01","data":{"timestamp":1777121034150,"deviceId":"ESP32_GREENHOUSE_01","event":"Light Activity","level":47,"raw":191,"diff":191,"message":"Light Activity Level: 47"}}
{"timestamp":1777121036167,"type":"alerts","deviceId":"ESP32_GREENHOUSE_01","data":{"timestamp":1777121036167,"deviceId":"ESP32_GREENHOUSE_01","event":"Quiet","level":30,"raw":121,"diff":121,"message":"Quiet Level: 30"}}
{"timestamp":1777121038183,"type":"alerts","deviceId":"ESP32_GREENHOUSE_01","data":{"timestamp":1777121038183,"deviceId":"ESP32_GREENHOUSE_01","event":"Restless","level":70,"raw":280,"diff":280,"message":"Restless Level: 70"}}
{"timestamp":1777121040199,"type":"alerts","deviceId":"ESP32_GREENHOUSE_01","data":{"timestamp":1777121040199,"deviceId":"ESP32_GREENHOUSE_01","event":"Light Activity","level":55,"raw":221,"diff":221,"message":"Light Activity Level: 55"}}
{"timestamp":1777121042214,"type":"alerts","deviceId":"ESP32_GREENHOUSE_01","data":{"timestamp":1777121042214,"deviceId":"ESP32_GREENHOUSE_01","event":"Quiet","level":37,"raw":149,"diff":149,"message":"Quiet Level: 37"}}
{"timestamp":1777121046247,"type":"alerts","deviceId":"ESP32_GREENHOUSE_01","data":{"timestamp":1777121046247,"deviceId":"ESP32_GREENHOUSE_01","event":"Light Activity","level":45,"raw":183,"diff":183,"message":"Light Activity Level: 45"}}
{"timestamp":1777121048263,"type":"alerts","deviceId":"ESP32_GREENHOUSE_01","data":{"timestamp":1777121048263,"deviceId":"ESP32_GREENHOUSE_01","event":"Restless","level":70,"raw":280,"diff":280,"message":"Restless Level: 70"}}
{"timestamp":1777121050279,"type":"alerts","deviceId":"ESP32_GREENHOUSE_01","data":{"timestamp":1777121050279,"deviceId":"ESP32_GREENHOUSE_01","event":"Quiet","level":33,"raw":134,"diff":134,"message":"Quiet Level: 33"}}
{"timestamp":1777121056329,"type":"alerts","deviceId":"ESP32_GREENHOUSE_01","data":{"timestamp":1777121056329,"deviceId":"ESP32_GREENHOUSE_01","event":"Quiet","level":36,"raw":146,"diff":146,"message":"Quiet Level: 36"}}
{"timestamp":1777121058348,"type":"alerts","deviceId":"ESP32_GREENHOUSE_01","data":{"timestamp":1777121058348,"deviceId":"ESP32_GREENHOUSE_01","event":"Light Activity","level":46,"raw":185,"diff":185,"message":"Light Activity Level: 46"}}
{"timestamp":1777121064423,"type":"alerts","deviceId":"ESP32_GREENHOUSE_01","data":{"timestamp":1777121064423,"deviceId":"ESP32_GREENHOUSE_01","event":"Quiet","level":43,"raw":173,"diff":173,"message":"Quiet Level: 43"}}
{"timestamp":1777121070471,"type":"alerts","deviceId":"ESP32_GREENHOUSE_01","data":{"timestamp":1777121070471,"deviceId":"ESP32_GREENHOUSE_01","event":"Quiet","level":26,"raw":105,"diff":105,"message":"Quiet Level: 26"}}
{"timestamp":1777121076519,"type":"alerts","deviceId":"ESP32_GREENHOUSE_01","data":{"timestamp":1777121076519,"deviceId":"ESP32_GREENHOUSE_01","event":"Quiet","level":43,"raw":174,"diff":174,"message":"Quiet Level: 43"}}
{"timestamp":1777121082567,"type":"alerts","deviceId":"ESP32_GREENHOUSE_01","data":{"timestamp":1777121082567,"deviceId":"ESP32_GREENHOUSE_01","event":"Light Activity","level":58,"raw":232,"diff":232,"message":"Light Activity Level: 58"}}
{"timestamp":1777121088616,"type":"alerts","deviceId":"ESP32_GREENHOUSE_01","data":{"timestamp":1777121088616,"deviceId":"ESP32_GREENHOUSE_01","event":"Restless","level":59,"raw":238,"diff":238,"message":"Restless Level: 59"}}
{"timestamp":1777121090634,"type":"alerts","deviceId":"ESP32_GREENHOUSE_01","data":{"timestamp":1777121090634,"deviceId":"ESP32_GREENHOUSE_01","event":"CRYING","level":55,"raw":220,"diff":220,"message":"CRYING DETECTED! ⚠️ Level: 55"}}
{"timestamp":1777121092652,"type":"alerts","deviceId":"ESP32_GREENHOUSE_01","data":{"timestamp":1777121092652,"deviceId":"ESP32_GREENHOUSE_01","event":"Quiet","level":30,"raw":122,"diff":122,"message":"Quiet Level: 30"}}
{"timestamp":1777121098727,"type":"alerts","deviceId":"ESP32_GREENHOUSE_01","data":{"timestamp":1777121098727,"deviceId":"ESP32_GREENHOUSE_01","event":"Quiet","level":24,"raw":96,"diff":96,"message":"Quiet Level: 24"}}
{"timestamp":1777121104776,"type":"alerts","deviceId":"ESP32_GREENHOUSE_01","data":{"timestamp":1777121104775,"deviceId":"ESP32_GREENHOUSE_01","event":"Quiet","level":25,"raw":103,"diff":103,"message":"Quiet Level: 25"}}
{"timestamp":1777121110823,"type":"alerts","deviceId":"ESP32_GREENHOUSE_01","data":{"timestamp":1777121110823,"deviceId":"ESP32_GREENHOUSE_01","event":"Quiet","level":25,"raw":101,"diff":101,"message":"Quiet Level: 25"}}
{"timestamp":1777121116871,"type":"alerts","deviceId":"ESP32_GREENHOUSE_01","data":{"timestamp":1777121116871,"deviceId":"ESP32_GREENHOUSE_01","event":"Quiet","level":25,"raw":100,"diff":100,"message":"Quiet Level: 25"}}
{"timestamp":1777121122921,"type":"alerts","deviceId":"ESP32_GREENHOUSE_01","data":{"timestamp":1777121122921,"deviceId":"ESP32_GREENHOUSE_01","event":"Quiet","level":15,"raw":60,"diff":60,"message":"Quiet Level: 15"}}
{"timestamp":1777121129001,"type":"alerts","deviceId":"ESP32_GREENHOUSE_01","data":{"timestamp":1777121129001,"deviceId":"ESP32_GREENHOUSE_01","event":"Quiet","level":19,"raw":76,"diff":76,"message":"Quiet Level: 19"}}
{"timestamp":1777121135047,"type":"alerts","deviceId":"ESP32_GREENHOUSE_01","data":{"timestamp":1777121135047,"deviceId":"ESP32_GREENHOUSE_01","event":"Quiet","level":21,"raw":85,"diff":85,"message":"Quiet Level: 21"}}
{"timestamp":1777121141095,"type":"alerts","deviceId":"ESP32_GREENHOUSE_01","data":{"timestamp":1777121141095,"deviceId":"ESP32_GREENHOUSE_01","event":"Quiet","level":18,"raw":74,"diff":74,"message":"Quiet Level: 18"}}
{"timestamp":1777121147143,"type":"alerts","deviceId":"ESP32_GREENHOUSE_01","data":{"timestamp":1777121147143,"deviceId":"ESP32_GREENHOUSE_01","event":"Quiet","level":29,"raw":116,"diff":116,"message":"Quiet Level: 29"}}
{"timestamp":1777121153191,"type":"alerts","deviceId":"ESP32_GREENHOUSE_01","data":{"timestamp":1777121153191,"deviceId":"ESP32_GREENHOUSE_01","event":"Quiet","level":29,"raw":117,"diff":117,"message":"Quiet Level: 29"}}
{"timestamp":1777121159245,"type":"alerts","deviceId":"ESP32_GREENHOUSE_01","data":{"timestamp":1777121159245,"deviceId":"ESP32_GREENHOUSE_01","event":"Quiet","level":24,"raw":97,"diff":97,"message":"Quiet Level: 24"}}
{"timestamp":1777121161265,"type":"alerts","deviceId":"ESP32_GREENHOUSE_01","data":{"timestamp":1777121161265,"deviceId":"ESP32_GREENHOUSE_01","event":"Light Activity","level":54,"raw":219,"diff":219,"message":"Light Activity Level: 54"}}
{"timestamp":1777121165320,"type":"alerts","deviceId":"ESP32_GREENHOUSE_01","data":{"timestamp":1777121165319,"deviceId":"ESP32_GREENHOUSE_01","event":"Quiet","level":34,"raw":139,"diff":139,"message":"Quiet Level: 34"}}
{"timestamp":1777121169352,"type":"alerts","deviceId":"ESP32_GREENHOUSE_01","data":{"timestamp":1777121169352,"deviceId":"ESP32_GREENHOUSE_01","event":"Restless","level":71,"raw":286,"diff":286,"message":"Restless Level: 71"}}
{"timestamp":1777121171368,"type":"alerts","deviceId":"ESP32_GREENHOUSE_01","data":{"timestamp":1777121171368,"deviceId":"ESP32_GREENHOUSE_01","event":"CRYING","level":163,"raw":653,"diff":653,"message":"CRYING DETECTED! ⚠️ Level: 163"}}
{"timestamp":1777121173384,"type":"alerts","deviceId":"ESP32_GREENHOUSE_01","data":{"timestamp":1777121173384,"deviceId":"ESP32_GREENHOUSE_01","event":"Light Activity","level":47,"raw":189,"diff":189,"message":"Light Activity Level: 47"}}
{"timestamp":1777121177416,"type":"alerts","deviceId":"ESP32_GREENHOUSE_01","data":{"timestamp":1777121177415,"deviceId":"ESP32_GREENHOUSE_01","event":"Quiet","level":30,"raw":120,"diff":120,"message":"Quiet Level: 30"}}
{"timestamp":1777121181448,"type":"alerts","deviceId":"ESP32_GREENHOUSE_01","data":{"timestamp":1777121181448,"deviceId":"ESP32_GREENHOUSE_01","event":"Light Activity","level":48,"raw":194,"diff":194,"message":"Light Activity Level: 48"}}
{"timestamp":1777121187496,"type":"alerts","deviceId":"ESP32_GREENHOUSE_01","data":{"timestamp":1777121187496,"deviceId":"ESP32_GREENHOUSE_01","event":"Quiet","level":25,"raw":100,"diff":100,"message":"Quiet Level: 25"}}
{"timestamp":1777121191532,"type":"alerts","deviceId":"ESP32_GREENHOUSE_01","data":{"timestamp":1777121191532,"deviceId":"ESP32_GREENHOUSE_01","event":"Light Activity","level":52,"raw":210,"diff":210,"message":"Light Activity Level: 52"}}
{"timestamp":1777121195592,"type":"alerts","deviceId":"ESP32_GREENHOUSE_01","data":{"timestamp":1777121195592,"deviceId":"ESP32_GREENHOUSE_01","event":"CRYING","level":62,"raw":249,"diff":249,"message":"CRYING DETECTED! ⚠️ Level: 62"}}
{"timestamp":1777121197608,"type":"alerts","deviceId":"ESP32_GREENHOUSE_01","data":{"timestamp":1777121197608,"deviceId":"ESP32_GREENHOUSE_01","event":"Quiet","level":27,"raw":109,"diff":109,"message":"Quiet Level: 27"}}
{"timestamp":1777121203656,"type":"alerts","deviceId":"ESP32_GREENHOUSE_01","data":{"timestamp":1777121203656,"deviceId":"ESP32_GREENHOUSE_01","event":"Quiet","level":32,"raw":128,"diff":128,"message":"Quiet Level: 32"}}
{"timestamp":1777121209704,"type":"alerts","deviceId":"ESP32_GREENHOUSE_01","data":{"timestamp":1777121209704,"deviceId":"ESP32_GREENHOUSE_01","event":"Quiet","level":23,"raw":93,"diff":93,"message":"Quiet Level: 23"}}
{"timestamp":1777121215754,"type":"alerts","deviceId":"ESP32_GREENHOUSE_01","data":{"timestamp":1777121215754,"deviceId":"ESP32_GREENHOUSE_01","event":"Quiet","level":28,"raw":112,"diff":112,"message":"Quiet Level: 28"}}
{"timestamp":1777121217768,"type":"alerts","deviceId":"ESP32_GREENHOUSE_01","data":{"timestamp":1777121217768,"deviceId":"ESP32_GREENHOUSE_01","event":"Light Activity","level":52,"raw":208,"diff":208,"message":"Light Activity Level: 52"}}
{"timestamp":1777121221803,"type":"alerts","deviceId":"ESP32_GREENHOUSE_01","data":{"timestamp":1777121221803,"deviceId":"ESP32_GREENHOUSE_01","event":"Quiet","level":36,"raw":144,"diff":144,"message":"Quiet Level: 36"}}
{"timestamp":1777121225839,"type":"alerts","deviceId":"ESP32_GREENHOUSE_01","data":{"timestamp":1777121225839,"deviceId":"ESP32_GREENHOUSE_01","event":"Light Activity","level":51,"raw":205,"diff":205,"message":"Light Activity Level: 51"}}
{"timestamp":1777121227881,"type":"alerts","deviceId":"ESP32_GREENHOUSE_01","data":{"timestamp":1777121227881,"deviceId":"ESP32_GREENHOUSE_01","event":"Quiet","level":22,"raw":88,"diff":88,"message":"Quiet Level: 22"}}
{"timestamp":1777121231912,"type":"alerts","deviceId":"ESP32_GREENHOUSE_01","data":{"timestamp":1777121231912,"deviceId":"ESP32_GREENHOUSE_01","event":"Light Activity","level":45,"raw":183,"diff":183,"message":"Light Activity Level: 45"}}
{"timestamp":1777121233928,"type":"alerts","deviceId":"ESP32_GREENHOUSE_01","data":{"timestamp":1777121233928,"deviceId":"ESP32_GREENHOUSE_01","event":"Quiet","level":19,"raw":79,"diff":79,"message":"Quiet Level: 19"}}
{"timestamp":1777121235944,"type":"alerts","deviceId":"ESP32_GREENHOUSE_01","data":{"timestamp":1777121235944,"deviceId":"ESP32_GREENHOUSE_01","event":"CRYING","level":70,"raw":282,"diff":282,"message":"CRYING DETECTED! ⚠️ Level: 70"}}
{"timestamp":1777121239976,"type":"alerts","deviceId":"ESP32_GREENHOUSE_01","data":{"timestamp":1777121239976,"deviceId":"ESP32_GREENHOUSE_01","event":"Quiet","level":21,"raw":86,"diff":86,"message":"Quiet Level: 21"}}
{"timestamp":1777121241992,"type":"alerts","deviceId":"ESP32_GREENHOUSE_01","data":{"timestamp":1777121241992,"deviceId":"ESP32_GREENHOUSE_01","event":"Light Activity","level":46,"raw":184,"diff":184,"message":"Light Activity Level: 46"}}
{"timestamp":1777121246024,"type":"alerts","deviceId":"ESP32_GREENHOUSE_01","data":{"timestamp":1777121246024,"deviceId":"ESP32_GREENHOUSE_01","event":"Quiet","level":26,"raw":107,"diff":107,"message":"Quiet Level: 26"}}
{"timestamp":1777121248040,"type":"alerts","deviceId":"ESP32_GREENHOUSE_01","data":{"timestamp":1777121248040,"deviceId":"ESP32_GREENHOUSE_01","event":"Light Activity","level":45,"raw":183,"diff":183,"message":"Light Activity Level: 45"}}
{"timestamp":1777121250059,"type":"alerts","deviceId":"ESP32_GREENHOUSE_01","data":{"timestamp":1777121250059,"deviceId":"ESP32_GREENHOUSE_01","event":"Restless","level":58,"raw":235,"diff":235,"message":"Restless Level: 58"}}
{"timestamp":1777121256109,"type":"alerts","deviceId":"ESP32_GREENHOUSE_01","data":{"timestamp":1777121256109,"deviceId":"ESP32_GREENHOUSE_01","event":"Quiet","level":32,"raw":129,"diff":129,"message":"Quiet Level: 32"}}
{"timestamp":1777121262186,"type":"alerts","deviceId":"ESP32_GREENHOUSE_01","data":{"timestamp":1777121262186,"deviceId":"ESP32_GREENHOUSE_01","event":"Quiet","level":32,"raw":130,"diff":130,"message":"Quiet Level: 32"}}
{"timestamp":1777121268233,"type":"alerts","deviceId":"ESP32_GREENHOUSE_01","data":{"timestamp":1777121268233,"deviceId":"ESP32_GREENHOUSE_01","event":"Quiet","level":29,"raw":117,"diff":117,"message":"Quiet Level: 29"}}
{"timestamp":1777121274280,"type":"alerts","deviceId":"ESP32_GREENHOUSE_01","data":{"timestamp":1777121274280,"deviceId":"ESP32_GREENHOUSE_01","event":"Quiet","level":31,"raw":125,"diff":125,"message":"Quiet Level: 31"}}
{"timestamp":1777121280328,"type":"alerts","deviceId":"ESP32_GREENHOUSE_01","data":{"timestamp":1777121280328,"deviceId":"ESP32_GREENHOUSE_01","event":"Quiet","level":39,"raw":159,"diff":159,"message":"Quiet Level: 39"}}
{"timestamp":1777121286378,"type":"alerts","deviceId":"ESP32_GREENHOUSE_01","data":{"timestamp":1777121286378,"deviceId":"ESP32_GREENHOUSE_01","event":"Quiet","level":23,"raw":92,"diff":92,"message":"Quiet Level: 23"}}
{"timestamp":1777121288396,"type":"alerts","deviceId":"ESP32_GREENHOUSE_01","data":{"timestamp":1777121288396,"deviceId":"ESP32_GREENHOUSE_01","event":"Restless","level":62,"raw":249,"diff":249,"message":"Restless Level: 62"}}
{"timestamp":1777121292456,"type":"alerts","deviceId":"ESP32_GREENHOUSE_01","data":{"timestamp":1777121292456,"deviceId":"ESP32_GREENHOUSE_01","event":"Quiet","level":25,"raw":102,"diff":102,"message":"Quiet Level: 25"}}
{"timestamp":1777121298505,"type":"alerts","deviceId":"ESP32_GREENHOUSE_01","data":{"timestamp":1777121298504,"deviceId":"ESP32_GREENHOUSE_01","event":"Quiet","level":30,"raw":120,"diff":120,"message":"Quiet Level: 30"}}
{"timestamp":1777121304553,"type":"alerts","deviceId":"ESP32_GREENHOUSE_01","data":{"timestamp":1777121304552,"deviceId":"ESP32_GREENHOUSE_01","event":"Quiet","level":30,"raw":120,"diff":120,"message":"Quiet Level: 30"}}
{"timestamp":1777121310600,"type":"alerts","deviceId":"ESP32_GREENHOUSE_01","data":{"timestamp":1777121310600,"deviceId":"ESP32_GREENHOUSE_01","event":"Quiet","level":19,"raw":79,"diff":79,"message":"Quiet Level: 19"}}
{"timestamp":1777121316649,"type":"alerts","deviceId":"ESP32_GREENHOUSE_01","data":{"timestamp":1777121316649,"deviceId":"ESP32_GREENHOUSE_01","event":"Quiet","level":27,"raw":109,"diff":109,"message":"Quiet Level: 27"}}
{"timestamp":1777121322706,"type":"alerts","deviceId":"ESP32_GREENHOUSE_01","data":{"timestamp":1777121322706,"deviceId":"ESP32_GREENHOUSE_01","event":"Quiet","level":26,"raw":107,"diff":107,"message":"Quiet Level: 26"}}
{"timestamp":1777121328777,"type":"alerts","deviceId":"ESP32_GREENHOUSE_01","data":{"timestamp":1777121328776,"deviceId":"ESP32_GREENHOUSE_01","event":"Quiet","level":26,"raw":105,"diff":105,"message":"Quiet Level: 26"}}
{"timestamp":1777121334825,"type":"alerts","deviceId":"ESP32_GREENHOUSE_01","data":{"timestamp":1777121334825,"deviceId":"ESP32_GREENHOUSE_01","event":"Quiet","level":30,"raw":121,"diff":121,"message":"Quiet Level: 30"}}
{"timestamp":1777121340873,"type":"alerts","deviceId":"ESP32_GREENHOUSE_01","data":{"timestamp":1777121340873,"deviceId":"ESP32_GREENHOUSE_01","event":"Quiet","level":21,"raw":86,"diff":86,"message":"Quiet Level: 21"}}
{"timestamp":1777121346921,"type":"alerts","deviceId":"ESP32_GREENHOUSE_01","data":{"timestamp":1777121346921,"deviceId":"ESP32_GREENHOUSE_01","event":"Quiet","level":41,"raw":164,"diff":164,"message":"Quiet Level: 41"}}
{"timestamp":1777121348937,"type":"alerts","deviceId":"ESP32_GREENHOUSE_01","data":{"timestamp":1777121348937,"deviceId":"ESP32_GREENHOUSE_01","event":"CRYING","level":94,"raw":377,"diff":377,"message":"CRYING DETECTED! ⚠️ Level: 94"}}
{"timestamp":1777121359049,"type":"alerts","deviceId":"ESP32_GREENHOUSE_01","data":{"timestamp":1777121359049,"deviceId":"ESP32_GREENHOUSE_01","event":"CRYING","level":43,"raw":174,"diff":174,"message":"CRYING DETECTED! ⚠️ Level: 43"}}
{"timestamp":1777121367113,"type":"alerts","deviceId":"ESP32_GREENHOUSE_01","data":{"timestamp":1777121367113,"deviceId":"ESP32_GREENHOUSE_01","event":"Quiet","level":28,"raw":115,"diff":115,"message":"Quiet Level: 28"}}
{"timestamp":1777121373161,"type":"alerts","deviceId":"ESP32_GREENHOUSE_01","data":{"timestamp":1777121373161,"deviceId":"ESP32_GREENHOUSE_01","event":"Light Activity","level":51,"raw":206,"diff":206,"message":"Light Activity Level: 51"}}
{"timestamp":1777121375177,"type":"alerts","deviceId":"ESP32_GREENHOUSE_01","data":{"timestamp":1777121375177,"deviceId":"ESP32_GREENHOUSE_01","event":"Quiet","level":34,"raw":138,"diff":138,"message":"Quiet Level: 34"}}
{"timestamp":1777121379213,"type":"alerts","deviceId":"ESP32_GREENHOUSE_01","data":{"timestamp":1777121379213,"deviceId":"ESP32_GREENHOUSE_01","event":"Light Activity","level":50,"raw":201,"diff":201,"message":"Light Activity Level: 50"}}
{"timestamp":1777121381225,"type":"alerts","deviceId":"ESP32_GREENHOUSE_01","data":{"timestamp":1777121381225,"deviceId":"ESP32_GREENHOUSE_01","event":"Restless","level":60,"raw":242,"diff":242,"message":"Restless Level: 60"}}
{"timestamp":1777121383242,"type":"alerts","deviceId":"ESP32_GREENHOUSE_01","data":{"timestamp":1777121383242,"deviceId":"ESP32_GREENHOUSE_01","event":"Quiet","level":38,"raw":153,"diff":153,"message":"Quiet Level: 38"}}
{"timestamp":1777121389296,"type":"alerts","deviceId":"ESP32_GREENHOUSE_01","data":{"timestamp":1777121389296,"deviceId":"ESP32_GREENHOUSE_01","event":"Light Activity","level":57,"raw":229,"diff":229,"message":"Light Activity Level: 57"}}
{"timestamp":1777121391337,"type":"alerts","deviceId":"ESP32_GREENHOUSE_01","data":{"timestamp":1777121391337,"deviceId":"ESP32_GREENHOUSE_01","event":"Quiet","level":31,"raw":125,"diff":125,"message":"Quiet Level: 31"}}
{"timestamp":1777121397385,"type":"alerts","deviceId":"ESP32_GREENHOUSE_01","data":{"timestamp":1777121397385,"deviceId":"ESP32_GREENHOUSE_01","event":"Quiet","level":42,"raw":171,"diff":171,"message":"Quiet Level: 42"}}
{"timestamp":1777121403433,"type":"alerts","deviceId":"ESP32_GREENHOUSE_01","data":{"timestamp":1777121403433,"deviceId":"ESP32_GREENHOUSE_01","event":"Light Activity","level":55,"raw":222,"diff":222,"message":"Light Activity Level: 55"}}
{"timestamp":1777121405449,"type":"alerts","deviceId":"ESP32_GREENHOUSE_01","data":{"timestamp":1777121405449,"deviceId":"ESP32_GREENHOUSE_01","event":"Quiet","level":40,"raw":162,"diff":162,"message":"Quiet Level: 40"}}
{"timestamp":1777121411497,"type":"alerts","deviceId":"ESP32_GREENHOUSE_01","data":{"timestamp":1777121411497,"deviceId":"ESP32_GREENHOUSE_01","event":"Quiet","level":35,"raw":143,"diff":143,"message":"Quiet Level: 35"}}
{"timestamp":1777121417546,"type":"alerts","deviceId":"ESP32_GREENHOUSE_01","data":{"timestamp":1777121417546,"deviceId":"ESP32_GREENHOUSE_01","event":"Light Activity","level":49,"raw":196,"diff":196,"message":"Light Activity Level: 49"}}
{"timestamp":1777121419567,"type":"alerts","deviceId":"ESP32_GREENHOUSE_01","data":{"timestamp":1777121419567,"deviceId":"ESP32_GREENHOUSE_01","event":"Quiet","level":27,"raw":111,"diff":111,"message":"Quiet Level: 27"}}
{"timestamp":1777121421582,"type":"alerts","deviceId":"ESP32_GREENHOUSE_01","data":{"timestamp":1777121421582,"deviceId":"ESP32_GREENHOUSE_01","event":"Restless","level":59,"raw":237,"diff":237,"message":"Restless Level: 59"}}
{"timestamp":1777121423600,"type":"alerts","deviceId":"ESP32_GREENHOUSE_01","data":{"timestamp":1777121423600,"deviceId":"ESP32_GREENHOUSE_01","event":"Light Activity","level":54,"raw":216,"diff":216,"message":"Light Activity Level: 54"}}
{"timestamp":1777121429673,"type":"alerts","deviceId":"ESP32_GREENHOUSE_01","data":{"timestamp":1777121429673,"deviceId":"ESP32_GREENHOUSE_01","event":"Light Activity","level":47,"raw":188,"diff":188,"message":"Light Activity Level: 47"}}
{"timestamp":1777121433708,"type":"alerts","deviceId":"ESP32_GREENHOUSE_01","data":{"timestamp":1777121433708,"deviceId":"ESP32_GREENHOUSE_01","event":"Restless","level":63,"raw":253,"diff":253,"message":"Restless Level: 63"}}
{"timestamp":1777121435721,"type":"alerts","deviceId":"ESP32_GREENHOUSE_01","data":{"timestamp":1777121435721,"deviceId":"ESP32_GREENHOUSE_01","event":"Light Activity","level":50,"raw":203,"diff":203,"message":"Light Activity Level: 50"}}
{"timestamp":1777121437738,"type":"alerts","deviceId":"ESP32_GREENHOUSE_01","data":{"timestamp":1777121437738,"deviceId":"ESP32_GREENHOUSE_01","event":"Quiet","level":28,"raw":113,"diff":113,"message":"Quiet Level: 28"}}
{"timestamp":1777121443785,"type":"alerts","deviceId":"ESP32_GREENHOUSE_01","data":{"timestamp":1777121443785,"deviceId":"ESP32_GREENHOUSE_01","event":"Quiet","level":24,"raw":99,"diff":99,"message":"Quiet Level: 24"}}
{"timestamp":1777121449834,"type":"alerts","deviceId":"ESP32_GREENHOUSE_01","data":{"timestamp":1777121449834,"deviceId":"ESP32_GREENHOUSE_01","event":"Quiet","level":22,"raw":90,"diff":90,"message":"Quiet Level: 22"}}
{"timestamp":1777121455887,"type":"alerts","deviceId":"ESP32_GREENHOUSE_01","data":{"timestamp":1777121455887,"deviceId":"ESP32_GREENHOUSE_01","event":"Quiet","level":22,"raw":89,"diff":89,"message":"Quiet Level: 22"}}
{"timestamp":1777121461962,"type":"alerts","deviceId":"ESP32_GREENHOUSE_01","data":{"timestamp":1777121461961,"deviceId":"ESP32_GREENHOUSE_01","event":"Quiet","level":30,"raw":122,"diff":122,"message":"Quiet Level: 30"}}
{"timestamp":1777121468011,"type":"alerts","deviceId":"ESP32_GREENHOUSE_01","data":{"timestamp":1777121468011,"deviceId":"ESP32_GREENHOUSE_01","event":"Quiet","level":22,"raw":91,"diff":91,"message":"Quiet Level: 22"}}
{"timestamp":1777121474058,"type":"alerts","deviceId":"ESP32_GREENHOUSE_01","data":{"timestamp":1777121474058,"deviceId":"ESP32_GREENHOUSE_01","event":"Quiet","level":35,"raw":143,"diff":143,"message":"Quiet Level: 35"}}
{"timestamp":1777121480106,"type":"alerts","deviceId":"ESP32_GREENHOUSE_01","data":{"timestamp":1777121480106,"deviceId":"ESP32_GREENHOUSE_01","event":"Light Activity","level":44,"raw":177,"diff":177,"message":"Light Activity Level: 44"}}
{"timestamp":1777121482122,"type":"alerts","deviceId":"ESP32_GREENHOUSE_01","data":{"timestamp":1777121482122,"deviceId":"ESP32_GREENHOUSE_01","event":"Quiet","level":27,"raw":110,"diff":110,"message":"Quiet Level: 27"}}
{"timestamp":1777121488174,"type":"alerts","deviceId":"ESP32_GREENHOUSE_01","data":{"timestamp":1777121488174,"deviceId":"ESP32_GREENHOUSE_01","event":"Quiet","level":31,"raw":127,"diff":127,"message":"Quiet Level: 31"}}
{"timestamp":1777121492239,"type":"alerts","deviceId":"ESP32_GREENHOUSE_01","data":{"timestamp":1777121492239,"deviceId":"ESP32_GREENHOUSE_01","event":"Light Activity","level":46,"raw":184,"diff":184,"message":"Light Activity Level: 46"}}
{"timestamp":1777121494251,"type":"alerts","deviceId":"ESP32_GREENHOUSE_01","data":{"timestamp":1777121494251,"deviceId":"ESP32_GREENHOUSE_01","event":"Quiet","level":26,"raw":104,"diff":104,"message":"Quiet Level: 26"}}
{"timestamp":1777121500298,"type":"alerts","deviceId":"ESP32_GREENHOUSE_01","data":{"timestamp":1777121500297,"deviceId":"ESP32_GREENHOUSE_01","event":"Quiet","level":33,"raw":135,"diff":135,"message":"Quiet Level: 33"}}
{"timestamp":1777121502317,"type":"alerts","deviceId":"ESP32_GREENHOUSE_01","data":{"timestamp":1777121502317,"deviceId":"ESP32_GREENHOUSE_01","event":"Restless","level":73,"raw":292,"diff":292,"message":"Restless Level: 73"}}
{"timestamp":1777121506346,"type":"alerts","deviceId":"ESP32_GREENHOUSE_01","data":{"timestamp":1777121506346,"deviceId":"ESP32_GREENHOUSE_01","event":"Light Activity","level":44,"raw":178,"diff":178,"message":"Light Activity Level: 44"}}
{"timestamp":1777121508362,"type":"alerts","deviceId":"ESP32_GREENHOUSE_01","data":{"timestamp":1777121508362,"deviceId":"ESP32_GREENHOUSE_01","event":"Quiet","level":23,"raw":92,"diff":92,"message":"Quiet Level: 23"}}
{"timestamp":1777121510378,"type":"alerts","deviceId":"ESP32_GREENHOUSE_01","data":{"timestamp":1777121510378,"deviceId":"ESP32_GREENHOUSE_01","event":"CRYING","level":100,"raw":403,"diff":403,"message":"CRYING DETECTED! ⚠️ Level: 100"}}
{"timestamp":1777121516426,"type":"alerts","deviceId":"ESP32_GREENHOUSE_01","data":{"timestamp":1777121516426,"deviceId":"ESP32_GREENHOUSE_01","event":"Light Activity","level":53,"raw":213,"diff":213,"message":"Light Activity Level: 53"}}
{"timestamp":1777121520463,"type":"alerts","deviceId":"ESP32_GREENHOUSE_01","data":{"timestamp":1777121520463,"deviceId":"ESP32_GREENHOUSE_01","event":"Restless","level":58,"raw":235,"diff":235,"message":"Restless Level: 58"}}
{"timestamp":1777121522483,"type":"alerts","deviceId":"ESP32_GREENHOUSE_01","data":{"timestamp":1777121522483,"deviceId":"ESP32_GREENHOUSE_01","event":"CRYING","level":108,"raw":435,"diff":435,"message":"CRYING DETECTED! ⚠️ Level: 108"}}
{"timestamp":1777121524522,"type":"alerts","deviceId":"ESP32_GREENHOUSE_01","data":{"timestamp":1777121524522,"deviceId":"ESP32_GREENHOUSE_01","event":"Quiet","level":37,"raw":151,"diff":151,"message":"Quiet Level: 37"}}
{"timestamp":1777121526542,"type":"alerts","deviceId":"ESP32_GREENHOUSE_01","data":{"timestamp":1777121526542,"deviceId":"ESP32_GREENHOUSE_01","event":"Restless","level":77,"raw":310,"diff":310,"message":"Restless Level: 77"}}
{"timestamp":1777121528554,"type":"alerts","deviceId":"ESP32_GREENHOUSE_01","data":{"timestamp":1777121528554,"deviceId":"ESP32_GREENHOUSE_01","event":"Light Activity","level":49,"raw":199,"diff":199,"message":"Light Activity Level: 49"}}
{"timestamp":1777121530570,"type":"alerts","deviceId":"ESP32_GREENHOUSE_01","data":{"timestamp":1777121530570,"deviceId":"ESP32_GREENHOUSE_01","event":"Quiet","level":37,"raw":148,"diff":148,"message":"Quiet Level: 37"}}
{"timestamp":1777121534603,"type":"alerts","deviceId":"ESP32_GREENHOUSE_01","data":{"timestamp":1777121534603,"deviceId":"ESP32_GREENHOUSE_01","event":"CRYING","level":102,"raw":409,"diff":409,"message":"CRYING DETECTED! ⚠️ Level: 102"}}
{"timestamp":1777121542666,"type":"alerts","deviceId":"ESP32_GREENHOUSE_01","data":{"timestamp":1777121542666,"deviceId":"ESP32_GREENHOUSE_01","event":"Quiet","level":23,"raw":92,"diff":92,"message":"Quiet Level: 23"}}
{"timestamp":1777121544682,"type":"alerts","deviceId":"ESP32_GREENHOUSE_01","data":{"timestamp":1777121544682,"deviceId":"ESP32_GREENHOUSE_01","event":"Restless","level":70,"raw":283,"diff":283,"message":"Restless Level: 70"}}
{"timestamp":1777121546698,"type":"alerts","deviceId":"ESP32_GREENHOUSE_01","data":{"timestamp":1777121546698,"deviceId":"ESP32_GREENHOUSE_01","event":"Light Activity","level":46,"raw":184,"diff":184,"message":"Light Activity Level: 46"}}
{"timestamp":1777121548715,"type":"alerts","deviceId":"ESP32_GREENHOUSE_01","data":{"timestamp":1777121548715,"deviceId":"ESP32_GREENHOUSE_01","event":"CRYING","level":64,"raw":256,"diff":256,"message":"CRYING DETECTED! ⚠️ Level: 64"}}
{"timestamp":1777121552751,"type":"alerts","deviceId":"ESP32_GREENHOUSE_01","data":{"timestamp":1777121552751,"deviceId":"ESP32_GREENHOUSE_01","event":"Quiet","level":22,"raw":88,"diff":88,"message":"Quiet Level: 22"}}
{"timestamp":1777121558826,"type":"alerts","deviceId":"ESP32_GREENHOUSE_01","data":{"timestamp":1777121558826,"deviceId":"ESP32_GREENHOUSE_01","event":"Quiet","level":42,"raw":169,"diff":169,"message":"Quiet Level: 42"}}
{"timestamp":1777121560846,"type":"alerts","deviceId":"ESP32_GREENHOUSE_01","data":{"timestamp":1777121560846,"deviceId":"ESP32_GREENHOUSE_01","event":"Light Activity","level":50,"raw":200,"diff":200,"message":"Light Activity Level: 50"}}
{"timestamp":1777121564875,"type":"alerts","deviceId":"ESP32_GREENHOUSE_01","data":{"timestamp":1777121564875,"deviceId":"ESP32_GREENHOUSE_01","event":"Restless","level":59,"raw":238,"diff":238,"message":"Restless Level: 59"}}
{"timestamp":1777121566891,"type":"alerts","deviceId":"ESP32_GREENHOUSE_01","data":{"timestamp":1777121566890,"deviceId":"ESP32_GREENHOUSE_01","event":"Light Activity","level":55,"raw":221,"diff":221,"message":"Light Activity Level: 55"}}
{"timestamp":1777121570926,"type":"alerts","deviceId":"ESP32_GREENHOUSE_01","data":{"timestamp":1777121570926,"deviceId":"ESP32_GREENHOUSE_01","event":"CRYING","level":70,"raw":283,"diff":283,"message":"CRYING DETECTED! ⚠️ Level: 70"}}
{"timestamp":1777121572938,"type":"alerts","deviceId":"ESP32_GREENHOUSE_01","data":{"timestamp":1777121572938,"deviceId":"ESP32_GREENHOUSE_01","event":"Quiet","level":36,"raw":144,"diff":144,"message":"Quiet Level: 36"}}
{"timestamp":1777121574954,"type":"alerts","deviceId":"ESP32_GREENHOUSE_01","data":{"timestamp":1777121574954,"deviceId":"ESP32_GREENHOUSE_01","event":"Light Activity","level":49,"raw":198,"diff":198,"message":"Light Activity Level: 49"}}
{"timestamp":1777121581002,"type":"alerts","deviceId":"ESP32_GREENHOUSE_01","data":{"timestamp":1777121581002,"deviceId":"ESP32_GREENHOUSE_01","event":"Quiet","level":27,"raw":108,"diff":108,"message":"Quiet Level: 27"}}
{"timestamp":1777121714574,"type":"alerts","deviceId":"ESP32_GREENHOUSE_01","data":{"timestamp":1777121714574,"deviceId":"ESP32_GREENHOUSE_01","event":"Restless","level":67,"raw":271,"diff":271,"message":"Restless Level: 67"}}
{"timestamp":1777121716588,"type":"alerts","deviceId":"ESP32_GREENHOUSE_01","data":{"timestamp":1777121716587,"deviceId":"ESP32_GREENHOUSE_01","event":"CRYING","level":62,"raw":249,"diff":249,"message":"CRYING DETECTED! ⚠️ Level: 62"}}
{"timestamp":1777121720619,"type":"alerts","deviceId":"ESP32_GREENHOUSE_01","data":{"timestamp":1777121720619,"deviceId":"ESP32_GREENHOUSE_01","event":"Restless","level":60,"raw":242,"diff":242,"message":"Restless Level: 60"}}
{"timestamp":1777121726667,"type":"alerts","deviceId":"ESP32_GREENHOUSE_01","data":{"timestamp":1777121726667,"deviceId":"ESP32_GREENHOUSE_01","event":"Restless","level":62,"raw":249,"diff":249,"message":"Restless Level: 62"}}
{"timestamp":1777121732715,"type":"alerts","deviceId":"ESP32_GREENHOUSE_01","data":{"timestamp":1777121732715,"deviceId":"ESP32_GREENHOUSE_01","event":"Restless","level":69,"raw":277,"diff":277,"message":"Restless Level: 69"}}
{"timestamp":1777121734731,"type":"alerts","deviceId":"ESP32_GREENHOUSE_01","data":{"timestamp":1777121734731,"deviceId":"ESP32_GREENHOUSE_01","event":"CRYING","level":56,"raw":224,"diff":224,"message":"CRYING DETECTED! ⚠️ Level: 56"}}
{"timestamp":1777121744813,"type":"alerts","deviceId":"ESP32_GREENHOUSE_01","data":{"timestamp":1777121744813,"deviceId":"ESP32_GREENHOUSE_01","event":"CRYING","level":76,"raw":307,"diff":307,"message":"CRYING DETECTED! ⚠️ Level: 76"}}
{"timestamp":1777121754893,"type":"alerts","deviceId":"ESP32_GREENHOUSE_01","data":{"timestamp":1777121754893,"deviceId":"ESP32_GREENHOUSE_01","event":"CRYING","level":89,"raw":356,"diff":356,"message":"CRYING DETECTED! ⚠️ Level: 89"}}
{"timestamp":1777121764972,"type":"alerts","deviceId":"ESP32_GREENHOUSE_01","data":{"timestamp":1777121764971,"deviceId":"ESP32_GREENHOUSE_01","event":"CRYING","level":61,"raw":247,"diff":247,"message":"CRYING DETECTED! ⚠️ Level: 61"}}
{"timestamp":1777121775053,"type":"alerts","deviceId":"ESP32_GREENHOUSE_01","data":{"timestamp":1777121775053,"deviceId":"ESP32_GREENHOUSE_01","event":"CRYING","level":81,"raw":324,"diff":324,"message":"CRYING DETECTED! ⚠️ Level: 81"}}
{"timestamp":1777121785133,"type":"alerts","deviceId":"ESP32_GREENHOUSE_01","data":{"timestamp":1777121785133,"deviceId":"ESP32_GREENHOUSE_01","event":"CRYING","level":73,"raw":293,"diff":293,"message":"CRYING DETECTED! ⚠️ Level: 73"}}
{"timestamp":1777121795212,"type":"alerts","deviceId":"ESP32_GREENHOUSE_01","data":{"timestamp":1777121795212,"deviceId":"ESP32_GREENHOUSE_01","event":"CRYING","level":54,"raw":217,"diff":217,"message":"CRYING DETECTED! ⚠️ Level: 54"}}
{"timestamp":1777121801260,"type":"alerts","deviceId":"ESP32_GREENHOUSE_01","data":{"timestamp":1777121801260,"deviceId":"ESP32_GREENHOUSE_01","event":"Light Activity","level":58,"raw":234,"diff":234,"message":"Light Activity Level: 58"}}
{"timestamp":1777121803277,"type":"alerts","deviceId":"ESP32_GREENHOUSE_01","data":{"timestamp":1777121803277,"deviceId":"ESP32_GREENHOUSE_01","event":"Restless","level":59,"raw":239,"diff":239,"message":"Restless Level: 59"}}
{"timestamp":1777121809325,"type":"alerts","deviceId":"ESP32_GREENHOUSE_01","data":{"timestamp":1777121809324,"deviceId":"ESP32_GREENHOUSE_01","event":"CRYING","level":51,"raw":204,"diff":204,"message":"CRYING DETECTED! ⚠️ Level: 51"}}
{"timestamp":1777121811342,"type":"alerts","deviceId":"ESP32_GREENHOUSE_01","data":{"timestamp":1777121811342,"deviceId":"ESP32_GREENHOUSE_01","event":"Restless","level":59,"raw":237,"diff":237,"message":"Restless Level: 59"}}
{"timestamp":1777121817388,"type":"alerts","deviceId":"ESP32_GREENHOUSE_01","data":{"timestamp":1777121817388,"deviceId":"ESP32_GREENHOUSE_01","event":"Restless","level":70,"raw":283,"diff":283,"message":"Restless Level: 70"}}
{"timestamp":1777121823436,"type":"alerts","deviceId":"ESP32_GREENHOUSE_01","data":{"timestamp":1777121823436,"deviceId":"ESP32_GREENHOUSE_01","event":"Light Activity","level":57,"raw":229,"diff":229,"message":"Light Activity Level: 57"}}
{"timestamp":1777121825453,"type":"alerts","deviceId":"ESP32_GREENHOUSE_01","data":{"timestamp":1777121825452,"deviceId":"ESP32_GREENHOUSE_01","event":"CRYING","level":75,"raw":300,"diff":300,"message":"CRYING DETECTED! ⚠️ Level: 75"}}
{"timestamp":1777121835533,"type":"alerts","deviceId":"ESP32_GREENHOUSE_01","data":{"timestamp":1777121835532,"deviceId":"ESP32_GREENHOUSE_01","event":"Restless","level":61,"raw":246,"diff":246,"message":"Restless Level: 61"}}
{"timestamp":1777121841580,"type":"alerts","deviceId":"ESP32_GREENHOUSE_01","data":{"timestamp":1777121841580,"deviceId":"ESP32_GREENHOUSE_01","event":"CRYING","level":68,"raw":274,"diff":274,"message":"CRYING DETECTED! ⚠️ Level: 68"}}
{"timestamp":1777121845614,"type":"alerts","deviceId":"ESP32_GREENHOUSE_01","data":{"timestamp":1777121845614,"deviceId":"ESP32_GREENHOUSE_01","event":"Restless","level":64,"raw":258,"diff":258,"message":"Restless Level: 64"}}
{"timestamp":1777121847630,"type":"alerts","deviceId":"ESP32_GREENHOUSE_01","data":{"timestamp":1777121847629,"deviceId":"ESP32_GREENHOUSE_01","event":"Light Activity","level":55,"raw":223,"diff":223,"message":"Light Activity Level: 55"}}
{"timestamp":1777121851662,"type":"alerts","deviceId":"ESP32_GREENHOUSE_01","data":{"timestamp":1777121851662,"deviceId":"ESP32_GREENHOUSE_01","event":"Restless","level":83,"raw":335,"diff":335,"message":"Restless Level: 83"}}
{"timestamp":1777121857708,"type":"alerts","deviceId":"ESP32_GREENHOUSE_01","data":{"timestamp":1777121857708,"deviceId":"ESP32_GREENHOUSE_01","event":"CRYING","level":74,"raw":296,"diff":296,"message":"CRYING DETECTED! ⚠️ Level: 74"}}
{"timestamp":1777121859724,"type":"alerts","deviceId":"ESP32_GREENHOUSE_01","data":{"timestamp":1777121859724,"deviceId":"ESP32_GREENHOUSE_01","event":"Restless","level":70,"raw":283,"diff":283,"message":"Restless Level: 70"}}
{"timestamp":1777121861740,"type":"alerts","deviceId":"ESP32_GREENHOUSE_01","data":{"timestamp":1777121861740,"deviceId":"ESP32_GREENHOUSE_01","event":"Light Activity","level":58,"raw":232,"diff":232,"message":"Light Activity Level: 58"}}
{"timestamp":1777121865773,"type":"alerts","deviceId":"ESP32_GREENHOUSE_01","data":{"timestamp":1777121865773,"deviceId":"ESP32_GREENHOUSE_01","event":"Restless","level":62,"raw":250,"diff":250,"message":"Restless Level: 62"}}
{"timestamp":1777121871822,"type":"alerts","deviceId":"ESP32_GREENHOUSE_01","data":{"timestamp":1777121871822,"deviceId":"ESP32_GREENHOUSE_01","event":"Restless","level":62,"raw":249,"diff":249,"message":"Restless Level: 62"}}
{"timestamp":1777121873837,"type":"alerts","deviceId":"ESP32_GREENHOUSE_01","data":{"timestamp":1777121873836,"deviceId":"ESP32_GREENHOUSE_01","event":"CRYING","level":54,"raw":216,"diff":216,"message":"CRYING DETECTED! ⚠️ Level: 54"}}
{"timestamp":1777121883920,"type":"alerts","deviceId":"ESP32_GREENHOUSE_01","data":{"timestamp":1777121883919,"deviceId":"ESP32_GREENHOUSE_01","event":"CRYING","level":73,"raw":295,"diff":295,"message":"CRYING DETECTED! ⚠️ Level: 73"}}
{"timestamp":1777121893997,"type":"alerts","deviceId":"ESP32_GREENHOUSE_01","data":{"timestamp":1777121893996,"deviceId":"ESP32_GREENHOUSE_01","event":"CRYING","level":94,"raw":376,"diff":376,"message":"CRYING DETECTED! ⚠️ Level: 94"}}
{"timestamp":1777121904078,"type":"alerts","deviceId":"ESP32_GREENHOUSE_01","data":{"timestamp":1777121904078,"deviceId":"ESP32_GREENHOUSE_01","event":"CRYING","level":75,"raw":300,"diff":300,"message":"CRYING DETECTED! ⚠️ Level: 75"}}
{"timestamp":1777121914157,"type":"alerts","deviceId":"ESP32_GREENHOUSE_01","data":{"timestamp":1777121914157,"deviceId":"ESP32_GREENHOUSE_01","event":"CRYING","level":68,"raw":273,"diff":273,"message":"CRYING DETECTED! ⚠️ Level: 68"}}
{"timestamp":1777121924240,"type":"alerts","deviceId":"ESP32_GREENHOUSE_01","data":{"timestamp":1777121924240,"deviceId":"ESP32_GREENHOUSE_01","event":"CRYING","level":72,"raw":291,"diff":291,"message":"CRYING DETECTED! ⚠️ Level: 72"}}
{"timestamp":1777121934319,"type":"alerts","deviceId":"ESP32_GREENHOUSE_01","data":{"timestamp":1777121934319,"deviceId":"ESP32_GREENHOUSE_01","event":"CRYING","level":70,"raw":282,"diff":282,"message":"CRYING DETECTED! ⚠️ Level: 70"}}
{"timestamp":1777121936335,"type":"alerts","deviceId":"ESP32_GREENHOUSE_01","data":{"timestamp":1777121936335,"deviceId":"ESP32_GREENHOUSE_01","event":"Restless","level":72,"raw":288,"diff":288,"message":"Restless Level: 72"}}
{"timestamp":1777121944397,"type":"alerts","deviceId":"ESP32_GREENHOUSE_01","data":{"timestamp":1777121944397,"deviceId":"ESP32_GREENHOUSE_01","event":"Restless","level":72,"raw":291,"diff":291,"message":"Restless Level: 72"}}
{"timestamp":1777121946414,"type":"alerts","deviceId":"ESP32_GREENHOUSE_01","data":{"timestamp":1777121946414,"deviceId":"ESP32_GREENHOUSE_01","event":"CRYING","level":65,"raw":263,"diff":263,"message":"CRYING DETECTED! ⚠️ Level: 65"}}
{"timestamp":1777121956493,"type":"alerts","deviceId":"ESP32_GREENHOUSE_01","data":{"timestamp":1777121956493,"deviceId":"ESP32_GREENHOUSE_01","event":"CRYING","level":84,"raw":336,"diff":336,"message":"CRYING DETECTED! ⚠️ Level: 84"}}
{"timestamp":1777121964558,"type":"alerts","deviceId":"ESP32_GREENHOUSE_01","data":{"timestamp":1777121964558,"deviceId":"ESP32_GREENHOUSE_01","event":"Restless","level":60,"raw":242,"diff":242,"message":"Restless Level: 60"}}
{"timestamp":1777121966573,"type":"alerts","deviceId":"ESP32_GREENHOUSE_01","data":{"timestamp":1777121966573,"deviceId":"ESP32_GREENHOUSE_01","event":"CRYING","level":71,"raw":286,"diff":286,"message":"CRYING DETECTED! ⚠️ Level: 71"}}
{"timestamp":1777121970606,"type":"alerts","deviceId":"ESP32_GREENHOUSE_01","data":{"timestamp":1777121970606,"deviceId":"ESP32_GREENHOUSE_01","event":"Restless","level":65,"raw":263,"diff":263,"message":"Restless Level: 65"}}
{"timestamp":1777121976654,"type":"alerts","deviceId":"ESP32_GREENHOUSE_01","data":{"timestamp":1777121976653,"deviceId":"ESP32_GREENHOUSE_01","event":"CRYING","level":65,"raw":260,"diff":260,"message":"CRYING DETECTED! ⚠️ Level: 65"}}
{"timestamp":1777121986734,"type":"alerts","deviceId":"ESP32_GREENHOUSE_01","data":{"timestamp":1777121986734,"deviceId":"ESP32_GREENHOUSE_01","event":"CRYING","level":79,"raw":318,"diff":318,"message":"CRYING DETECTED! ⚠️ Level: 79"}}
{"timestamp":1777121996813,"type":"alerts","deviceId":"ESP32_GREENHOUSE_01","data":{"timestamp":1777121996813,"deviceId":"ESP32_GREENHOUSE_01","event":"CRYING","level":85,"raw":340,"diff":340,"message":"CRYING DETECTED! ⚠️ Level: 85"}}
{"timestamp":1777122006896,"type":"alerts","deviceId":"ESP32_GREENHOUSE_01","data":{"timestamp":1777122006896,"deviceId":"ESP32_GREENHOUSE_01","event":"CRYING","level":90,"raw":360,"diff":360,"message":"CRYING DETECTED! ⚠️ Level: 90"}}
{"timestamp":1777122016978,"type":"alerts","deviceId":"ESP32_GREENHOUSE_01","data":{"timestamp":1777122016978,"deviceId":"ESP32_GREENHOUSE_01","event":"CRYING","level":109,"raw":437,"diff":437,"message":"CRYING DETECTED! ⚠️ Level: 109"}}
{"timestamp":1777122027083,"type":"alerts","deviceId":"ESP32_GREENHOUSE_01","data":{"timestamp":1777122027083,"deviceId":"ESP32_GREENHOUSE_01","event":"CRYING","level":212,"raw":848,"diff":848,"message":"CRYING DETECTED! ⚠️ Level: 212"}}
{"timestamp":1777122037134,"type":"alerts","deviceId":"ESP32_GREENHOUSE_01","data":{"timestamp":1777122037134,"deviceId":"ESP32_GREENHOUSE_01","event":"CRYING","level":167,"raw":670,"diff":670,"message":"CRYING DETECTED! ⚠️ Level: 167"}}
{"timestamp":1777122047215,"type":"alerts","deviceId":"ESP32_GREENHOUSE_01","data":{"timestamp":1777122047215,"deviceId":"ESP32_GREENHOUSE_01","event":"CRYING","level":150,"raw":602,"diff":602,"message":"CRYING DETECTED! ⚠️ Level: 150"}}
{"timestamp":1777122057294,"type":"alerts","deviceId":"ESP32_GREENHOUSE_01","data":{"timestamp":1777122057294,"deviceId":"ESP32_GREENHOUSE_01","event":"CRYING","level":174,"raw":697,"diff":697,"message":"CRYING DETECTED! ⚠️ Level: 174"}}
{"timestamp":1777122067345,"type":"alerts","deviceId":"ESP32_GREENHOUSE_01","data":{"timestamp":1777122067345,"deviceId":"ESP32_GREENHOUSE_01","event":"CRYING","level":112,"raw":450,"diff":450,"message":"CRYING DETECTED! ⚠️ Level: 112"}}
{"timestamp":1777122077455,"type":"alerts","deviceId":"ESP32_GREENHOUSE_01","data":{"timestamp":1777122077454,"deviceId":"ESP32_GREENHOUSE_01","event":"CRYING","level":120,"raw":480,"diff":480,"message":"CRYING DETECTED! ⚠️ Level: 120"}}
{"timestamp":1777122087534,"type":"alerts","deviceId":"ESP32_GREENHOUSE_01","data":{"timestamp":1777122087533,"deviceId":"ESP32_GREENHOUSE_01","event":"CRYING","level":77,"raw":308,"diff":308,"message":"CRYING DETECTED! ⚠️ Level: 77"}}
{"timestamp":1777122097614,"type":"alerts","deviceId":"ESP32_GREENHOUSE_01","data":{"timestamp":1777122097614,"deviceId":"ESP32_GREENHOUSE_01","event":"CRYING","level":152,"raw":610,"diff":610,"message":"CRYING DETECTED! ⚠️ Level: 152"}}
{"timestamp":1777122107726,"type":"alerts","deviceId":"ESP32_GREENHOUSE_01","data":{"timestamp":1777122107726,"deviceId":"ESP32_GREENHOUSE_01","event":"CRYING","level":72,"raw":289,"diff":289,"message":"CRYING DETECTED! ⚠️ Level: 72"}}
{"timestamp":1777122117808,"type":"alerts","deviceId":"ESP32_GREENHOUSE_01","data":{"timestamp":1777122117808,"deviceId":"ESP32_GREENHOUSE_01","event":"CRYING","level":98,"raw":394,"diff":394,"message":"CRYING DETECTED! ⚠️ Level: 98"}}
{"timestamp":1777122127886,"type":"alerts","deviceId":"ESP32_GREENHOUSE_01","data":{"timestamp":1777122127886,"deviceId":"ESP32_GREENHOUSE_01","event":"CRYING","level":94,"raw":377,"diff":377,"message":"CRYING DETECTED! ⚠️ Level: 94"}}
{"timestamp":1777122137976,"type":"alerts","deviceId":"ESP32_GREENHOUSE_01","data":{"timestamp":1777122137976,"deviceId":"ESP32_GREENHOUSE_01","event":"CRYING","level":91,"raw":365,"diff":365,"message":"CRYING DETECTED! ⚠️ Level: 91"}}
{"timestamp":1777122148078,"type":"alerts","deviceId":"ESP32_GREENHOUSE_01","data":{"timestamp":1777122148078,"deviceId":"ESP32_GREENHOUSE_01","event":"CRYING","level":76,"raw":305,"diff":305,"message":"CRYING DETECTED! ⚠️ Level: 76"}}
{"timestamp":1777122158159,"type":"alerts","deviceId":"ESP32_GREENHOUSE_01","data":{"timestamp":1777122158159,"deviceId":"ESP32_GREENHOUSE_01","event":"CRYING","level":105,"raw":422,"diff":422,"message":"CRYING DETECTED! ⚠️ Level: 105"}}
{"timestamp":1777122168244,"type":"alerts","deviceId":"ESP32_GREENHOUSE_01","data":{"timestamp":1777122168244,"deviceId":"ESP32_GREENHOUSE_01","event":"CRYING","level":196,"raw":786,"diff":786,"message":"CRYING DETECTED! ⚠️ Level: 196"}}
{"timestamp":1777122178351,"type":"alerts","deviceId":"ESP32_GREENHOUSE_01","data":{"timestamp":1777122178351,"deviceId":"ESP32_GREENHOUSE_01","event":"CRYING","level":79,"raw":319,"diff":319,"message":"CRYING DETECTED! ⚠️ Level: 79"}}
{"timestamp":1777122188431,"type":"alerts","deviceId":"ESP32_GREENHOUSE_01","data":{"timestamp":1777122188431,"deviceId":"ESP32_GREENHOUSE_01","event":"CRYING","level":136,"raw":547,"diff":547,"message":"CRYING DETECTED! ⚠️ Level: 136"}}
{"timestamp":1777122198514,"type":"alerts","deviceId":"ESP32_GREENHOUSE_01","data":{"timestamp":1777122198514,"deviceId":"ESP32_GREENHOUSE_01","event":"CRYING","level":181,"raw":725,"diff":725,"message":"CRYING DETECTED! ⚠️ Level: 181"}}
{"timestamp":1777122208625,"type":"alerts","deviceId":"ESP32_GREENHOUSE_01","data":{"timestamp":1777122208624,"deviceId":"ESP32_GREENHOUSE_01","event":"CRYING","level":81,"raw":325,"diff":325,"message":"CRYING DETECTED! ⚠️ Level: 81"}}
{"timestamp":1777122218704,"type":"alerts","deviceId":"ESP32_GREENHOUSE_01","data":{"timestamp":1777122218704,"deviceId":"ESP32_GREENHOUSE_01","event":"CRYING","level":125,"raw":502,"diff":502,"message":"CRYING DETECTED! ⚠️ Level: 125"}}
{"timestamp":1777122228784,"type":"alerts","deviceId":"ESP32_GREENHOUSE_01","data":{"timestamp":1777122228784,"deviceId":"ESP32_GREENHOUSE_01","event":"CRYING","level":80,"raw":323,"diff":323,"message":"CRYING DETECTED! ⚠️ Level: 80"}}
{"timestamp":1777122238896,"type":"alerts","deviceId":"ESP32_GREENHOUSE_01","data":{"timestamp":1777122238895,"deviceId":"ESP32_GREENHOUSE_01","event":"CRYING","level":62,"raw":248,"diff":248,"message":"CRYING DETECTED! ⚠️ Level: 62"}}
{"timestamp":1777122248976,"type":"alerts","deviceId":"ESP32_GREENHOUSE_01","data":{"timestamp":1777122248976,"deviceId":"ESP32_GREENHOUSE_01","event":"CRYING","level":84,"raw":337,"diff":337,"message":"CRYING DETECTED! ⚠️ Level: 84"}}
{"timestamp":1777122259055,"type":"alerts","deviceId":"ESP32_GREENHOUSE_01","data":{"timestamp":1777122259055,"deviceId":"ESP32_GREENHOUSE_01","event":"CRYING","level":125,"raw":503,"diff":503,"message":"CRYING DETECTED! ⚠️ Level: 125"}}
{"timestamp":1777122269147,"type":"alerts","deviceId":"ESP32_GREENHOUSE_01","data":{"timestamp":1777122269147,"deviceId":"ESP32_GREENHOUSE_01","event":"CRYING","level":75,"raw":303,"diff":303,"message":"CRYING DETECTED! ⚠️ Level: 75"}}
{"timestamp":1777122279248,"type":"alerts","deviceId":"ESP32_GREENHOUSE_01","data":{"timestamp":1777122279248,"deviceId":"ESP32_GREENHOUSE_01","event":"CRYING","level":90,"raw":362,"diff":362,"message":"CRYING DETECTED! ⚠️ Level: 90"}}
{"timestamp":1777122289329,"type":"alerts","deviceId":"ESP32_GREENHOUSE_01","data":{"timestamp":1777122289329,"deviceId":"ESP32_GREENHOUSE_01","event":"CRYING","level":96,"raw":386,"diff":386,"message":"CRYING DETECTED! ⚠️ Level: 96"}}
{"timestamp":1777122299415,"type":"alerts","deviceId":"ESP32_GREENHOUSE_01","data":{"timestamp":1777122299415,"deviceId":"ESP32_GREENHOUSE_01","event":"CRYING","level":168,"raw":673,"diff":673,"message":"CRYING DETECTED! ⚠️ Level: 168"}}
{"timestamp":1777122309521,"type":"alerts","deviceId":"ESP32_GREENHOUSE_01","data":{"timestamp":1777122309520,"deviceId":"ESP32_GREENHOUSE_01","event":"CRYING","level":75,"raw":301,"diff":301,"message":"CRYING DETECTED! ⚠️ Level: 75"}}
{"timestamp":1777122319601,"type":"alerts","deviceId":"ESP32_GREENHOUSE_01","data":{"timestamp":1777122319600,"deviceId":"ESP32_GREENHOUSE_01","event":"CRYING","level":122,"raw":491,"diff":491,"message":"CRYING DETECTED! ⚠️ Level: 122"}}
{"timestamp":1777122329684,"type":"alerts","deviceId":"ESP32_GREENHOUSE_01","data":{"timestamp":1777122329684,"deviceId":"ESP32_GREENHOUSE_01","event":"CRYING","level":173,"raw":694,"diff":694,"message":"CRYING DETECTED! ⚠️ Level: 173"}}
{"timestamp":1777122339793,"type":"alerts","deviceId":"ESP32_GREENHOUSE_01","data":{"timestamp":1777122339793,"deviceId":"ESP32_GREENHOUSE_01","event":"CRYING","level":104,"raw":419,"diff":419,"message":"CRYING DETECTED! ⚠️ Level: 104"}}
{"timestamp":1777122349872,"type":"alerts","deviceId":"ESP32_GREENHOUSE_01","data":{"timestamp":1777122349872,"deviceId":"ESP32_GREENHOUSE_01","event":"CRYING","level":60,"raw":243,"diff":243,"message":"CRYING DETECTED! ⚠️ Level: 60"}}
{"timestamp":1777122359954,"type":"alerts","deviceId":"ESP32_GREENHOUSE_01","data":{"timestamp":1777122359954,"deviceId":"ESP32_GREENHOUSE_01","event":"CRYING","level":396,"raw":1586,"diff":1586,"message":"CRYING DETECTED! ⚠️ Level: 396"}}
{"timestamp":1777122370064,"type":"alerts","deviceId":"ESP32_GREENHOUSE_01","data":{"timestamp":1777122370064,"deviceId":"ESP32_GREENHOUSE_01","event":"CRYING","level":307,"raw":1230,"diff":1230,"message":"CRYING DETECTED! ⚠️ Level: 307"}}
{"timestamp":1777122380144,"type":"alerts","deviceId":"ESP32_GREENHOUSE_01","data":{"timestamp":1777122380144,"deviceId":"ESP32_GREENHOUSE_01","event":"CRYING","level":179,"raw":719,"diff":719,"message":"CRYING DETECTED! ⚠️ Level: 179"}}
{"timestamp":1777122390225,"type":"alerts","deviceId":"ESP32_GREENHOUSE_01","data":{"timestamp":1777122390225,"deviceId":"ESP32_GREENHOUSE_01","event":"CRYING","level":146,"raw":585,"diff":585,"message":"CRYING DETECTED! ⚠️ Level: 146"}}
{"timestamp":1777122400337,"type":"alerts","deviceId":"ESP32_GREENHOUSE_01","data":{"timestamp":1777122400337,"deviceId":"ESP32_GREENHOUSE_01","event":"CRYING","level":163,"raw":653,"diff":653,"message":"CRYING DETECTED! ⚠️ Level: 163"}}
{"timestamp":1777122410422,"type":"alerts","deviceId":"ESP32_GREENHOUSE_01","data":{"timestamp":1777122410422,"deviceId":"ESP32_GREENHOUSE_01","event":"CRYING","level":153,"raw":615,"diff":615,"message":"CRYING DETECTED! ⚠️ Level: 153"}}
{"timestamp":1777122420498,"type":"alerts","deviceId":"ESP32_GREENHOUSE_01","data":{"timestamp":1777122420498,"deviceId":"ESP32_GREENHOUSE_01","event":"CRYING","level":104,"raw":416,"diff":416,"message":"CRYING DETECTED! ⚠️ Level: 104"}}
{"timestamp":1777122430583,"type":"alerts","deviceId":"ESP32_GREENHOUSE_01","data":{"timestamp":1777122430583,"deviceId":"ESP32_GREENHOUSE_01","event":"CRYING","level":121,"raw":485,"diff":485,"message":"CRYING DETECTED! ⚠️ Level: 121"}}
{"timestamp":1777122440688,"type":"alerts","deviceId":"ESP32_GREENHOUSE_01","data":{"timestamp":1777122440688,"deviceId":"ESP32_GREENHOUSE_01","event":"CRYING","level":232,"raw":931,"diff":931,"message":"CRYING DETECTED! ⚠️ Level: 232"}}
{"timestamp":1777122450778,"type":"alerts","deviceId":"ESP32_GREENHOUSE_01","data":{"timestamp":1777122450778,"deviceId":"ESP32_GREENHOUSE_01","event":"CRYING","level":72,"raw":290,"diff":290,"message":"CRYING DETECTED! ⚠️ Level: 72"}}
{"timestamp":1777122460870,"type":"alerts","deviceId":"ESP32_GREENHOUSE_01","data":{"timestamp":1777122460870,"deviceId":"ESP32_GREENHOUSE_01","event":"CRYING","level":60,"raw":243,"diff":243,"message":"CRYING DETECTED! ⚠️ Level: 60"}}
{"timestamp":1777122470962,"type":"alerts","deviceId":"ESP32_GREENHOUSE_01","data":{"timestamp":1777122470961,"deviceId":"ESP32_GREENHOUSE_01","event":"CRYING","level":66,"raw":267,"diff":267,"message":"CRYING DETECTED! ⚠️ Level: 66"}}
{"timestamp":1777122481041,"type":"alerts","deviceId":"ESP32_GREENHOUSE_01","data":{"timestamp":1777122481041,"deviceId":"ESP32_GREENHOUSE_01","event":"CRYING","level":81,"raw":325,"diff":325,"message":"CRYING DETECTED! ⚠️ Level: 81"}}
{"timestamp":1777122491124,"type":"alerts","deviceId":"ESP32_GREENHOUSE_01","data":{"timestamp":1777122491124,"deviceId":"ESP32_GREENHOUSE_01","event":"CRYING","level":197,"raw":791,"diff":791,"message":"CRYING DETECTED! ⚠️ Level: 197"}}
{"timestamp":1777122501233,"type":"alerts","deviceId":"ESP32_GREENHOUSE_01","data":{"timestamp":1777122501233,"deviceId":"ESP32_GREENHOUSE_01","event":"CRYING","level":69,"raw":276,"diff":276,"message":"CRYING DETECTED! ⚠️ Level: 69"}}
{"timestamp":1777122511313,"type":"alerts","deviceId":"ESP32_GREENHOUSE_01","data":{"timestamp":1777122511313,"deviceId":"ESP32_GREENHOUSE_01","event":"CRYING","level":179,"raw":719,"diff":719,"message":"CRYING DETECTED! ⚠️ Level: 179"}}
{"timestamp":1777122521393,"type":"alerts","deviceId":"ESP32_GREENHOUSE_01","data":{"timestamp":1777122521393,"deviceId":"ESP32_GREENHOUSE_01","event":"CRYING","level":271,"raw":1087,"diff":1087,"message":"CRYING DETECTED! ⚠️ Level: 271"}}
{"timestamp":1777122531506,"type":"alerts","deviceId":"ESP32_GREENHOUSE_01","data":{"timestamp":1777122531506,"deviceId":"ESP32_GREENHOUSE_01","event":"CRYING","level":198,"raw":792,"diff":792,"message":"CRYING DETECTED! ⚠️ Level: 198"}}
{"timestamp":1777122541587,"type":"alerts","deviceId":"ESP32_GREENHOUSE_01","data":{"timestamp":1777122541587,"deviceId":"ESP32_GREENHOUSE_01","event":"CRYING","level":66,"raw":264,"diff":264,"message":"CRYING DETECTED! ⚠️ Level: 66"}}
{"timestamp":1777122551670,"type":"alerts","deviceId":"ESP32_GREENHOUSE_01","data":{"timestamp":1777122551670,"deviceId":"ESP32_GREENHOUSE_01","event":"CRYING","level":86,"raw":344,"diff":344,"message":"CRYING DETECTED! ⚠️ Level: 86"}}
{"timestamp":1777122561754,"type":"alerts","deviceId":"ESP32_GREENHOUSE_01","data":{"timestamp":1777122561754,"deviceId":"ESP32_GREENHOUSE_01","event":"CRYING","level":219,"raw":879,"diff":879,"message":"CRYING DETECTED! ⚠️ Level: 219"}}
{"timestamp":1777122571858,"type":"alerts","deviceId":"ESP32_GREENHOUSE_01","data":{"timestamp":1777122571858,"deviceId":"ESP32_GREENHOUSE_01","event":"CRYING","level":144,"raw":579,"diff":579,"message":"CRYING DETECTED! ⚠️ Level: 144"}}
{"timestamp":1777122581938,"type":"alerts","deviceId":"ESP32_GREENHOUSE_01","data":{"timestamp":1777122581938,"deviceId":"ESP32_GREENHOUSE_01","event":"CRYING","level":69,"raw":278,"diff":278,"message":"CRYING DETECTED! ⚠️ Level: 69"}}
{"timestamp":1777122592027,"type":"alerts","deviceId":"ESP32_GREENHOUSE_01","data":{"timestamp":1777122592027,"deviceId":"ESP32_GREENHOUSE_01","event":"CRYING","level":99,"raw":397,"diff":397,"message":"CRYING DETECTED! ⚠️ Level: 99"}}
{"timestamp":1777122602130,"type":"alerts","deviceId":"ESP32_GREENHOUSE_01","data":{"timestamp":1777122602130,"deviceId":"ESP32_GREENHOUSE_01","event":"CRYING","level":231,"raw":925,"diff":925,"message":"CRYING DETECTED! ⚠️ Level: 231"}}
{"timestamp":1777122609076,"type":"alerts","deviceId":"ESP32_GREENHOUSE_01","data":{"timestamp":1777122609076,"deviceId":"ESP32_GREENHOUSE_01","event":"CRYING","level":130,"raw":520,"diff":520,"message":"CRYING DETECTED! ⚠️ Level: 130"}}
{"timestamp":1777122619154,"type":"alerts","deviceId":"ESP32_GREENHOUSE_01","data":{"timestamp":1777122619153,"deviceId":"ESP32_GREENHOUSE_01","event":"CRYING","level":167,"raw":668,"diff":668,"message":"CRYING DETECTED! ⚠️ Level: 167"}}
{"timestamp":1777122629238,"type":"alerts","deviceId":"ESP32_GREENHOUSE_01","data":{"timestamp":1777122629238,"deviceId":"ESP32_GREENHOUSE_01","event":"CRYING","level":119,"raw":479,"diff":479,"message":"CRYING DETECTED! ⚠️ Level: 119"}}
{"timestamp":1777122639335,"type":"alerts","deviceId":"ESP32_GREENHOUSE_01","data":{"timestamp":1777122639335,"deviceId":"ESP32_GREENHOUSE_01","event":"CRYING","level":100,"raw":400,"diff":400,"message":"CRYING DETECTED! ⚠️ Level: 100"}}
{"timestamp":1777122649406,"type":"alerts","deviceId":"ESP32_GREENHOUSE_01","data":{"timestamp":1777122649406,"deviceId":"ESP32_GREENHOUSE_01","event":"CRYING","level":189,"raw":759,"diff":759,"message":"CRYING DETECTED! ⚠️ Level: 189"}}
{"timestamp":1777122659474,"type":"alerts","deviceId":"ESP32_GREENHOUSE_01","data":{"timestamp":1777122659474,"deviceId":"ESP32_GREENHOUSE_01","event":"CRYING","level":303,"raw":1213,"diff":1213,"message":"CRYING DETECTED! ⚠️ Level: 303"}}
{"timestamp":1777122669555,"type":"alerts","deviceId":"ESP32_GREENHOUSE_01","data":{"timestamp":1777122669554,"deviceId":"ESP32_GREENHOUSE_01","event":"CRYING","level":144,"raw":576,"diff":576,"message":"CRYING DETECTED! ⚠️ Level: 144"}}
{"timestamp":1777122679635,"type":"alerts","deviceId":"ESP32_GREENHOUSE_01","data":{"timestamp":1777122679635,"deviceId":"ESP32_GREENHOUSE_01","event":"CRYING","level":72,"raw":290,"diff":290,"message":"CRYING DETECTED! ⚠️ Level: 72"}}
{"timestamp":1777122689715,"type":"alerts","deviceId":"ESP32_GREENHOUSE_01","data":{"timestamp":1777122689715,"deviceId":"ESP32_GREENHOUSE_01","event":"CRYING","level":70,"raw":281,"diff":281,"message":"CRYING DETECTED! ⚠️ Level: 70"}}
{"timestamp":1777122699798,"type":"alerts","deviceId":"ESP32_GREENHOUSE_01","data":{"timestamp":1777122699798,"deviceId":"ESP32_GREENHOUSE_01","event":"CRYING","level":139,"raw":556,"diff":556,"message":"CRYING DETECTED! ⚠️ Level: 139"}}
{"timestamp":1777122709876,"type":"alerts","deviceId":"ESP32_GREENHOUSE_01","data":{"timestamp":1777122709876,"deviceId":"ESP32_GREENHOUSE_01","event":"CRYING","level":271,"raw":1085,"diff":1085,"message":"CRYING DETECTED! ⚠️ Level: 271"}}
{"timestamp":1777122719955,"type":"alerts","deviceId":"ESP32_GREENHOUSE_01","data":{"timestamp":1777122719955,"deviceId":"ESP32_GREENHOUSE_01","event":"CRYING","level":220,"raw":883,"diff":883,"message":"CRYING DETECTED! ⚠️ Level: 220"}}
{"timestamp":1777122730036,"type":"alerts","deviceId":"ESP32_GREENHOUSE_01","data":{"timestamp":1777122730036,"deviceId":"ESP32_GREENHOUSE_01","event":"CRYING","level":233,"raw":935,"diff":935,"message":"CRYING DETECTED! ⚠️ Level: 233"}}
{"timestamp":1777122740116,"type":"alerts","deviceId":"ESP32_GREENHOUSE_01","data":{"timestamp":1777122740116,"deviceId":"ESP32_GREENHOUSE_01","event":"CRYING","level":112,"raw":449,"diff":449,"message":"CRYING DETECTED! ⚠️ Level: 112"}}
{"timestamp":1777122750200,"type":"alerts","deviceId":"ESP32_GREENHOUSE_01","data":{"timestamp":1777122750200,"deviceId":"ESP32_GREENHOUSE_01","event":"CRYING","level":216,"raw":865,"diff":865,"message":"CRYING DETECTED! ⚠️ Level: 216"}}
{"timestamp":1777122760276,"type":"alerts","deviceId":"ESP32_GREENHOUSE_01","data":{"timestamp":1777122760276,"deviceId":"ESP32_GREENHOUSE_01","event":"CRYING","level":156,"raw":625,"diff":625,"message":"CRYING DETECTED! ⚠️ Level: 156"}}
{"timestamp":1777122770355,"type":"alerts","deviceId":"ESP32_GREENHOUSE_01","data":{"timestamp":1777122770355,"deviceId":"ESP32_GREENHOUSE_01","event":"CRYING","level":84,"raw":338,"diff":338,"message":"CRYING DETECTED! ⚠️ Level: 84"}}
{"timestamp":1777122780436,"type":"alerts","deviceId":"ESP32_GREENHOUSE_01","data":{"timestamp":1777122780435,"deviceId":"ESP32_GREENHOUSE_01","event":"CRYING","level":298,"raw":1192,"diff":1192,"message":"CRYING DETECTED! ⚠️ Level: 298"}}
{"timestamp":1777122790516,"type":"alerts","deviceId":"ESP32_GREENHOUSE_01","data":{"timestamp":1777122790515,"deviceId":"ESP32_GREENHOUSE_01","event":"CRYING","level":229,"raw":917,"diff":917,"message":"CRYING DETECTED! ⚠️ Level: 229"}}
{"timestamp":1777122800597,"type":"alerts","deviceId":"ESP32_GREENHOUSE_01","data":{"timestamp":1777122800597,"deviceId":"ESP32_GREENHOUSE_01","event":"CRYING","level":333,"raw":1334,"diff":1334,"message":"CRYING DETECTED! ⚠️ Level: 333"}}
{"timestamp":1777122810676,"type":"alerts","deviceId":"ESP32_GREENHOUSE_01","data":{"timestamp":1777122810675,"deviceId":"ESP32_GREENHOUSE_01","event":"CRYING","level":58,"raw":235,"diff":235,"message":"CRYING DETECTED! ⚠️ Level: 58"}}
{"timestamp":1777122820756,"type":"alerts","deviceId":"ESP32_GREENHOUSE_01","data":{"timestamp":1777122820755,"deviceId":"ESP32_GREENHOUSE_01","event":"CRYING","level":61,"raw":246,"diff":246,"message":"CRYING DETECTED! ⚠️ Level: 61"}}
{"timestamp":1777122830844,"type":"alerts","deviceId":"ESP32_GREENHOUSE_01","data":{"timestamp":1777122830844,"deviceId":"ESP32_GREENHOUSE_01","event":"CRYING","level":227,"raw":909,"diff":909,"message":"CRYING DETECTED! ⚠️ Level: 227"}}
{"timestamp":1777122840919,"type":"alerts","deviceId":"ESP32_GREENHOUSE_01","data":{"timestamp":1777122840919,"deviceId":"ESP32_GREENHOUSE_01","event":"CRYING","level":192,"raw":770,"diff":770,"message":"CRYING DETECTED! ⚠️ Level: 192"}}
{"timestamp":1777122851005,"type":"alerts","deviceId":"ESP32_GREENHOUSE_01","data":{"timestamp":1777122851005,"deviceId":"ESP32_GREENHOUSE_01","event":"CRYING","level":158,"raw":633,"diff":633,"message":"CRYING DETECTED! ⚠️ Level: 158"}}
{"timestamp":1777122861078,"type":"alerts","deviceId":"ESP32_GREENHOUSE_01","data":{"timestamp":1777122861078,"deviceId":"ESP32_GREENHOUSE_01","event":"CRYING","level":141,"raw":564,"diff":564,"message":"CRYING DETECTED! ⚠️ Level: 141"}}
{"timestamp":1777122866807,"type":"alerts","deviceId":"ESP32_GREENHOUSE_01","data":{"timestamp":1777122866807,"deviceId":"ESP32_GREENHOUSE_01","event":"CRYING","level":80,"raw":322,"diff":322,"message":"CRYING DETECTED! ⚠️ Level: 80"}}
{"timestamp":1777122876886,"type":"alerts","deviceId":"ESP32_GREENHOUSE_01","data":{"timestamp":1777122876886,"deviceId":"ESP32_GREENHOUSE_01","event":"CRYING","level":75,"raw":301,"diff":301,"message":"CRYING DETECTED! ⚠️ Level: 75"}}
{"timestamp":1777122886963,"type":"alerts","deviceId":"ESP32_GREENHOUSE_01","data":{"timestamp":1777122886963,"deviceId":"ESP32_GREENHOUSE_01","event":"CRYING","level":157,"raw":630,"diff":630,"message":"CRYING DETECTED! ⚠️ Level: 157"}}
{"timestamp":1777122897043,"type":"alerts","deviceId":"ESP32_GREENHOUSE_01","data":{"timestamp":1777122897043,"deviceId":"ESP32_GREENHOUSE_01","event":"CRYING","level":183,"raw":735,"diff":735,"message":"CRYING DETECTED! ⚠️ Level: 183"}}
{"timestamp":1777122908311,"type":"alerts","deviceId":"ESP32_GREENHOUSE_01","data":{"timestamp":1777122908311,"deviceId":"ESP32_GREENHOUSE_01","event":"CRYING","level":349,"raw":1396,"diff":1396,"message":"CRYING DETECTED! ⚠️ Level: 349"}}
{"timestamp":1777122916791,"type":"alerts","deviceId":"ESP32_GREENHOUSE_01","data":{"timestamp":1777122916791,"deviceId":"ESP32_GREENHOUSE_01","event":"CRYING","level":381,"raw":1526,"diff":1526,"message":"CRYING DETECTED! ⚠️ Level: 381"}}
{"timestamp":1777123090841,"type":"alerts","deviceId":"ESP32_GREENHOUSE_01","data":{"timestamp":1777123090840,"deviceId":"ESP32_GREENHOUSE_01","event":"CRYING","level":114,"raw":456,"diff":456,"message":"CRYING DETECTED! ⚠️ Level: 114"}}
{"timestamp":1777123100919,"type":"alerts","deviceId":"ESP32_GREENHOUSE_01","data":{"timestamp":1777123100919,"deviceId":"ESP32_GREENHOUSE_01","event":"CRYING","level":75,"raw":302,"diff":302,"message":"CRYING DETECTED! ⚠️ Level: 75"}}
{"timestamp":1777123110999,"type":"alerts","deviceId":"ESP32_GREENHOUSE_01","data":{"timestamp":1777123110999,"deviceId":"ESP32_GREENHOUSE_01","event":"CRYING","level":63,"raw":252,"diff":252,"message":"CRYING DETECTED! ⚠️ Level: 63"}}
{"timestamp":1777123121139,"type":"alerts","deviceId":"ESP32_GREENHOUSE_01","data":{"timestamp":1777123121139,"deviceId":"ESP32_GREENHOUSE_01","event":"CRYING","level":52,"raw":210,"diff":210,"message":"CRYING DETECTED! ⚠️ Level: 52"}}
{"timestamp":1777123131162,"type":"alerts","deviceId":"ESP32_GREENHOUSE_01","data":{"timestamp":1777123131162,"deviceId":"ESP32_GREENHOUSE_01","event":"CRYING","level":61,"raw":245,"diff":245,"message":"CRYING DETECTED! ⚠️ Level: 61"}}
{"timestamp":1777123141238,"type":"alerts","deviceId":"ESP32_GREENHOUSE_01","data":{"timestamp":1777123141238,"deviceId":"ESP32_GREENHOUSE_01","event":"CRYING","level":64,"raw":256,"diff":256,"message":"CRYING DETECTED! ⚠️ Level: 64"}}
{"timestamp":1777123151318,"type":"alerts","deviceId":"ESP32_GREENHOUSE_01","data":{"timestamp":1777123151318,"deviceId":"ESP32_GREENHOUSE_01","event":"CRYING","level":54,"raw":217,"diff":217,"message":"CRYING DETECTED! ⚠️ Level: 54"}}
{"timestamp":1777123161398,"type":"alerts","deviceId":"ESP32_GREENHOUSE_01","data":{"timestamp":1777123161398,"deviceId":"ESP32_GREENHOUSE_01","event":"CRYING","level":1023,"raw":4877,"diff":4877,"message":"CRYING DETECTED! ⚠️ Level: 1023"}}
{"timestamp":1777123171479,"type":"alerts","deviceId":"ESP32_GREENHOUSE_01","data":{"timestamp":1777123171479,"deviceId":"ESP32_GREENHOUSE_01","event":"CRYING","level":68,"raw":273,"diff":273,"message":"CRYING DETECTED! ⚠️ Level: 68"}}
{"timestamp":1777123181559,"type":"alerts","deviceId":"ESP32_GREENHOUSE_01","data":{"timestamp":1777123181559,"deviceId":"ESP32_GREENHOUSE_01","event":"CRYING","level":63,"raw":255,"diff":255,"message":"CRYING DETECTED! ⚠️ Level: 63"}}
{"timestamp":1777123191639,"type":"alerts","deviceId":"ESP32_GREENHOUSE_01","data":{"timestamp":1777123191638,"deviceId":"ESP32_GREENHOUSE_01","event":"CRYING","level":50,"raw":200,"diff":200,"message":"CRYING DETECTED! ⚠️ Level: 50"}}
{"timestamp":1777123201720,"type":"alerts","deviceId":"ESP32_GREENHOUSE_01","data":{"timestamp":1777123201720,"deviceId":"ESP32_GREENHOUSE_01","event":"CRYING","level":70,"raw":280,"diff":280,"message":"CRYING DETECTED! ⚠️ Level: 70"}}
{"timestamp":1777123211799,"type":"alerts","deviceId":"ESP32_GREENHOUSE_01","data":{"timestamp":1777123211799,"deviceId":"ESP32_GREENHOUSE_01","event":"CRYING","level":69,"raw":278,"diff":278,"message":"CRYING DETECTED! ⚠️ Level: 69"}}
{"timestamp":1777123221881,"type":"alerts","deviceId":"ESP32_GREENHOUSE_01","data":{"timestamp":1777123221881,"deviceId":"ESP32_GREENHOUSE_01","event":"CRYING","level":55,"raw":220,"diff":220,"message":"CRYING DETECTED! ⚠️ Level: 55"}}
{"timestamp":1777123231959,"type":"alerts","deviceId":"ESP32_GREENHOUSE_01","data":{"timestamp":1777123231959,"deviceId":"ESP32_GREENHOUSE_01","event":"CRYING","level":77,"raw":308,"diff":308,"message":"CRYING DETECTED! ⚠️ Level: 77"}}
{"timestamp":1777123242040,"type":"alerts","deviceId":"ESP32_GREENHOUSE_01","data":{"timestamp":1777123242039,"deviceId":"ESP32_GREENHOUSE_01","event":"CRYING","level":82,"raw":329,"diff":329,"message":"CRYING DETECTED! ⚠️ Level: 82"}}
{"timestamp":1777123252120,"type":"alerts","deviceId":"ESP32_GREENHOUSE_01","data":{"timestamp":1777123252120,"deviceId":"ESP32_GREENHOUSE_01","event":"CRYING","level":76,"raw":306,"diff":306,"message":"CRYING DETECTED! ⚠️ Level: 76"}}
{"timestamp":1777123262203,"type":"alerts","deviceId":"ESP32_GREENHOUSE_01","data":{"timestamp":1777123262203,"deviceId":"ESP32_GREENHOUSE_01","event":"CRYING","level":58,"raw":235,"diff":235,"message":"CRYING DETECTED! ⚠️ Level: 58"}}
{"timestamp":1777123272280,"type":"alerts","deviceId":"ESP32_GREENHOUSE_01","data":{"timestamp":1777123272280,"deviceId":"ESP32_GREENHOUSE_01","event":"CRYING","level":60,"raw":242,"diff":242,"message":"CRYING DETECTED! ⚠️ Level: 60"}}
{"timestamp":1777123282377,"type":"alerts","deviceId":"ESP32_GREENHOUSE_01","data":{"timestamp":1777123282377,"deviceId":"ESP32_GREENHOUSE_01","event":"CRYING","level":65,"raw":263,"diff":263,"message":"CRYING DETECTED! ⚠️ Level: 65"}}
{"timestamp":1777123292443,"type":"alerts","deviceId":"ESP32_GREENHOUSE_01","data":{"timestamp":1777123292442,"deviceId":"ESP32_GREENHOUSE_01","event":"CRYING","level":62,"raw":248,"diff":248,"message":"CRYING DETECTED! ⚠️ Level: 62"}}
{"timestamp":1777123302520,"type":"alerts","deviceId":"ESP32_GREENHOUSE_01","data":{"timestamp":1777123302520,"deviceId":"ESP32_GREENHOUSE_01","event":"CRYING","level":95,"raw":380,"diff":380,"message":"CRYING DETECTED! ⚠️ Level: 95"}}
{"timestamp":1777123312600,"type":"alerts","deviceId":"ESP32_GREENHOUSE_01","data":{"timestamp":1777123312600,"deviceId":"ESP32_GREENHOUSE_01","event":"CRYING","level":75,"raw":302,"diff":302,"message":"CRYING DETECTED! ⚠️ Level: 75"}}
{"timestamp":1777123322687,"type":"alerts","deviceId":"ESP32_GREENHOUSE_01","data":{"timestamp":1777123322685,"deviceId":"ESP32_GREENHOUSE_01","event":"CRYING","level":84,"raw":337,"diff":337,"message":"CRYING DETECTED! ⚠️ Level: 84"}}
{"timestamp":1777123332760,"type":"alerts","deviceId":"ESP32_GREENHOUSE_01","data":{"timestamp":1777123332760,"deviceId":"ESP32_GREENHOUSE_01","event":"CRYING","level":132,"raw":529,"diff":529,"message":"CRYING DETECTED! ⚠️ Level: 132"}}
{"timestamp":1777123342840,"type":"alerts","deviceId":"ESP32_GREENHOUSE_01","data":{"timestamp":1777123342840,"deviceId":"ESP32_GREENHOUSE_01","event":"CRYING","level":73,"raw":295,"diff":295,"message":"CRYING DETECTED! ⚠️ Level: 73"}}
{"timestamp":1777123352921,"type":"alerts","deviceId":"ESP32_GREENHOUSE_01","data":{"timestamp":1777123352920,"deviceId":"ESP32_GREENHOUSE_01","event":"CRYING","level":62,"raw":250,"diff":250,"message":"CRYING DETECTED! ⚠️ Level: 62"}}
{"timestamp":1777123363006,"type":"alerts","deviceId":"ESP32_GREENHOUSE_01","data":{"timestamp":1777123363006,"deviceId":"ESP32_GREENHOUSE_01","event":"CRYING","level":53,"raw":213,"diff":213,"message":"CRYING DETECTED! ⚠️ Level: 53"}}
{"timestamp":1777123373081,"type":"alerts","deviceId":"ESP32_GREENHOUSE_01","data":{"timestamp":1777123373081,"deviceId":"ESP32_GREENHOUSE_01","event":"CRYING","level":87,"raw":350,"diff":350,"message":"CRYING DETECTED! ⚠️ Level: 87"}}
{"timestamp":1777123383160,"type":"alerts","deviceId":"ESP32_GREENHOUSE_01","data":{"timestamp":1777123383160,"deviceId":"ESP32_GREENHOUSE_01","event":"CRYING","level":73,"raw":295,"diff":295,"message":"CRYING DETECTED! ⚠️ Level: 73"}}
{"timestamp":1777123391868,"type":"alerts","deviceId":"ESP32_GREENHOUSE_01","data":{"timestamp":1777123391867,"deviceId":"ESP32_GREENHOUSE_01","event":"CRYING","level":70,"raw":280,"diff":280,"message":"CRYING DETECTED! ⚠️ Level: 70"}}
{"timestamp":1777123401945,"type":"alerts","deviceId":"ESP32_GREENHOUSE_01","data":{"timestamp":1777123401945,"deviceId":"ESP32_GREENHOUSE_01","event":"CRYING","level":88,"raw":352,"diff":352,"message":"CRYING DETECTED! ⚠️ Level: 88"}}
{"timestamp":1777123412028,"type":"alerts","deviceId":"ESP32_GREENHOUSE_01","data":{"timestamp":1777123412028,"deviceId":"ESP32_GREENHOUSE_01","event":"CRYING","level":53,"raw":213,"diff":213,"message":"CRYING DETECTED! ⚠️ Level: 53"}}
{"timestamp":1777123422105,"type":"alerts","deviceId":"ESP32_GREENHOUSE_01","data":{"timestamp":1777123422105,"deviceId":"ESP32_GREENHOUSE_01","event":"CRYING","level":75,"raw":303,"diff":303,"message":"CRYING DETECTED! ⚠️ Level: 75"}}
{"timestamp":1777123432205,"type":"alerts","deviceId":"ESP32_GREENHOUSE_01","data":{"timestamp":1777123432205,"deviceId":"ESP32_GREENHOUSE_01","event":"CRYING","level":104,"raw":419,"diff":419,"message":"CRYING DETECTED! ⚠️ Level: 104"}}
{"timestamp":1777123442265,"type":"alerts","deviceId":"ESP32_GREENHOUSE_01","data":{"timestamp":1777123442264,"deviceId":"ESP32_GREENHOUSE_01","event":"CRYING","level":75,"raw":301,"diff":301,"message":"CRYING DETECTED! ⚠️ Level: 75"}}
{"timestamp":1777123452345,"type":"alerts","deviceId":"ESP32_GREENHOUSE_01","data":{"timestamp":1777123452345,"deviceId":"ESP32_GREENHOUSE_01","event":"CRYING","level":93,"raw":374,"diff":374,"message":"CRYING DETECTED! ⚠️ Level: 93"}}
{"timestamp":1777123462588,"type":"alerts","deviceId":"ESP32_GREENHOUSE_01","data":{"timestamp":1777123462588,"deviceId":"ESP32_GREENHOUSE_01","event":"CRYING","level":68,"raw":275,"diff":275,"message":"CRYING DETECTED! ⚠️ Level: 68"}}
{"timestamp":1777123472669,"type":"alerts","deviceId":"ESP32_GREENHOUSE_01","data":{"timestamp":1777123472669,"deviceId":"ESP32_GREENHOUSE_01","event":"CRYING","level":108,"raw":432,"diff":432,"message":"CRYING DETECTED! ⚠️ Level: 108"}}
{"timestamp":1777123482745,"type":"alerts","deviceId":"ESP32_GREENHOUSE_01","data":{"timestamp":1777123482745,"deviceId":"ESP32_GREENHOUSE_01","event":"CRYING","level":140,"raw":560,"diff":560,"message":"CRYING DETECTED! ⚠️ Level: 140"}}
{"timestamp":1777123492826,"type":"alerts","deviceId":"ESP32_GREENHOUSE_01","data":{"timestamp":1777123492826,"deviceId":"ESP32_GREENHOUSE_01","event":"CRYING","level":88,"raw":355,"diff":355,"message":"CRYING DETECTED! ⚠️ Level: 88"}}
{"timestamp":1777123502905,"type":"alerts","deviceId":"ESP32_GREENHOUSE_01","data":{"timestamp":1777123502905,"deviceId":"ESP32_GREENHOUSE_01","event":"CRYING","level":70,"raw":280,"diff":280,"message":"CRYING DETECTED! ⚠️ Level: 70"}}
{"timestamp":1777123512985,"type":"alerts","deviceId":"ESP32_GREENHOUSE_01","data":{"timestamp":1777123512985,"deviceId":"ESP32_GREENHOUSE_01","event":"CRYING","level":82,"raw":328,"diff":328,"message":"CRYING DETECTED! ⚠️ Level: 82"}}
{"timestamp":1777123523066,"type":"alerts","deviceId":"ESP32_GREENHOUSE_01","data":{"timestamp":1777123523066,"deviceId":"ESP32_GREENHOUSE_01","event":"CRYING","level":62,"raw":248,"diff":248,"message":"CRYING DETECTED! ⚠️ Level: 62"}}
{"timestamp":1777123533145,"type":"alerts","deviceId":"ESP32_GREENHOUSE_01","data":{"timestamp":1777123533145,"deviceId":"ESP32_GREENHOUSE_01","event":"CRYING","level":88,"raw":353,"diff":353,"message":"CRYING DETECTED! ⚠️ Level: 88"}}
{"timestamp":1777123543228,"type":"alerts","deviceId":"ESP32_GREENHOUSE_01","data":{"timestamp":1777123543227,"deviceId":"ESP32_GREENHOUSE_01","event":"CRYING","level":102,"raw":411,"diff":411,"message":"CRYING DETECTED! ⚠️ Level: 102"}}
{"timestamp":1777123553306,"type":"alerts","deviceId":"ESP32_GREENHOUSE_01","data":{"timestamp":1777123553305,"deviceId":"ESP32_GREENHOUSE_01","event":"CRYING","level":291,"raw":1166,"diff":1166,"message":"CRYING DETECTED! ⚠️ Level: 291"}}
{"timestamp":1777123563387,"type":"alerts","deviceId":"ESP32_GREENHOUSE_01","data":{"timestamp":1777123563387,"deviceId":"ESP32_GREENHOUSE_01","event":"CRYING","level":75,"raw":302,"diff":302,"message":"CRYING DETECTED! ⚠️ Level: 75"}}
{"timestamp":1777123573465,"type":"alerts","deviceId":"ESP32_GREENHOUSE_01","data":{"timestamp":1777123573465,"deviceId":"ESP32_GREENHOUSE_01","event":"CRYING","level":75,"raw":300,"diff":300,"message":"CRYING DETECTED! ⚠️ Level: 75"}}
{"timestamp":1777123583547,"type":"alerts","deviceId":"ESP32_GREENHOUSE_01","data":{"timestamp":1777123583546,"deviceId":"ESP32_GREENHOUSE_01","event":"CRYING","level":64,"raw":256,"diff":256,"message":"CRYING DETECTED! ⚠️ Level: 64"}}
{"timestamp":1777123593626,"type":"alerts","deviceId":"ESP32_GREENHOUSE_01","data":{"timestamp":1777123593626,"deviceId":"ESP32_GREENHOUSE_01","event":"CRYING","level":75,"raw":301,"diff":301,"message":"CRYING DETECTED! ⚠️ Level: 75"}}
{"timestamp":1777123603706,"type":"alerts","deviceId":"ESP32_GREENHOUSE_01","data":{"timestamp":1777123603706,"deviceId":"ESP32_GREENHOUSE_01","event":"CRYING","level":55,"raw":220,"diff":220,"message":"CRYING DETECTED! ⚠️ Level: 55"}}
{"timestamp":1777123613787,"type":"alerts","deviceId":"ESP32_GREENHOUSE_01","data":{"timestamp":1777123613787,"deviceId":"ESP32_GREENHOUSE_01","event":"CRYING","level":123,"raw":492,"diff":492,"message":"CRYING DETECTED! ⚠️ Level: 123"}}
{"timestamp":1777123623868,"type":"alerts","deviceId":"ESP32_GREENHOUSE_01","data":{"timestamp":1777123623867,"deviceId":"ESP32_GREENHOUSE_01","event":"CRYING","level":61,"raw":246,"diff":246,"message":"CRYING DETECTED! ⚠️ Level: 61"}}
{"timestamp":1777123633949,"type":"alerts","deviceId":"ESP32_GREENHOUSE_01","data":{"timestamp":1777123633949,"deviceId":"ESP32_GREENHOUSE_01","event":"CRYING","level":68,"raw":273,"diff":273,"message":"CRYING DETECTED! ⚠️ Level: 68"}}
{"timestamp":1777123644027,"type":"alerts","deviceId":"ESP32_GREENHOUSE_01","data":{"timestamp":1777123644027,"deviceId":"ESP32_GREENHOUSE_01","event":"CRYING","level":62,"raw":251,"diff":251,"message":"CRYING DETECTED! ⚠️ Level: 62"}}
{"timestamp":1777123654117,"type":"alerts","deviceId":"ESP32_GREENHOUSE_01","data":{"timestamp":1777123654111,"deviceId":"ESP32_GREENHOUSE_01","event":"CRYING","level":62,"raw":248,"diff":248,"message":"CRYING DETECTED! ⚠️ Level: 62"}}
{"timestamp":1777123664187,"type":"alerts","deviceId":"ESP32_GREENHOUSE_01","data":{"timestamp":1777123664187,"deviceId":"ESP32_GREENHOUSE_01","event":"CRYING","level":102,"raw":411,"diff":411,"message":"CRYING DETECTED! ⚠️ Level: 102"}}
